timestamp,kind,gross_spend_usd,fee_slippage_usd,execution_price,reference_open,eth_bought,cash_after,eth_after,strategy,entry_time,exit_time,eth_entry_open,btc_entry_open,eth_exit_open,btc_exit_open,ethbtc_entry_ratio,ethbtc_exit_ratio,return_pct
2021-01-01 09:00:00+00:00,daily_eth_dca_buy,4.9164208456243852,0.0073746312684365781,731.16510500000004,730.07000000000005,0.0067240911963712836,0,0.0067240911963712836,daily_eth_dca,,,,,,,,,
2021-01-02 09:00:00+00:00,daily_eth_dca_buy,4.9164208456243852,0.0073746312684365781,734.94076000000007,733.84000000000003,0.0066895471216270336,0,0.013413638317998317,daily_eth_dca,,,,,,,,,
2021-01-03 09:00:00+00:00,daily_eth_dca_buy,4.9164208456243852,0.0073746312684365781,818.53596500000003,817.30999999999995,0.0060063589821913142,0,0.019419997300189631,daily_eth_dca,,,,,,,,,
2021-01-04 09:00:00+00:00,daily_eth_dca_buy,4.9164208456243852,0.0073746312684365781,1024.1739600000001,1022.64,0.004800376730555017,0,0.024220374030744649,daily_eth_dca,,,,,,,,,
2021-01-05 09:00:00+00:00,daily_eth_dca_buy,4.9164208456243852,0.0073746312684365781,1028.5104550000001,1026.97,0.0047801369657680193,0,0.029000510996512668,daily_eth_dca,,,,,,,,,
2021-01-06 09:00:00+00:00,daily_eth_dca_buy,4.9164208456243852,0.0073746312684365781,1112.516275,1110.8499999999999,0.0044191900434215094,0,0.033419701039934177,daily_eth_dca,,,,,,,,,
2021-01-07 09:00:00+00:00,daily_eth_dca_buy,4.9164208456243852,0.0073746312684365781,1197.5636550000002,1195.77,0.0041053524170490832,0,0.037525053456983259,daily_eth_dca,,,,,,,,,
2021-01-08 09:00:00+00:00,daily_eth_dca_buy,4.9164208456243852,0.0073746312684365781,1201.7899850000001,1199.99,0.0040909151407384917,0,0.04161596859772175,daily_eth_dca,,,,,,,,,
2021-01-09 09:00:00+00:00,daily_eth_dca_buy,4.9164208456243852,0.0073746312684365781,1209.83203,1208.02,0.0040637218421340562,0,0.045679690439855807,daily_eth_dca,,,,,,,,,
2021-01-10 09:00:00+00:00,daily_eth_dca_buy,4.9164208456243852,0.0073746312684365781,1331.1236950000002,1329.1300000000001,0.0036934365033779856,0,0.049373126943233793,daily_eth_dca,,,,,,,,,
2021-01-11 09:00:00+00:00,daily_eth_dca_buy,4.9164208456243852,0.0073746312684365781,1110.3530350000001,1108.6900000000001,0.0044277997093279302,0,0.053800926652561726,daily_eth_dca,,,,,,,,,
2021-01-12 09:00:00+00:00,daily_eth_dca_buy,4.9164208456243852,0.0073746312684365781,1118.4752000000001,1116.8,0.0043956458271264169,0,0.058196572479688145,daily_eth_dca,,,,,,,,,
2021-01-13 09:00:00+00:00,daily_eth_dca_buy,4.9164208456243852,0.0073746312684365781,1061.1393250000001,1059.55,0.004633152998664322,0,0.062829725478352472,daily_eth_dca,,,,,,,,,
2021-01-14 09:00:00+00:00,daily_eth_dca_buy,4.9164208456243852,0.0073746312684365781,1158.7455150000001,1157.01,0.0042428823084802924,0,0.067072607786832758,daily_eth_dca,,,,,,,,,
2021-01-15 09:00:00+00:00,daily_eth_dca_buy,4.9164208456243852,0.0073746312684365781,1219.416385,1217.5899999999999,0.0040317818475305994,0,0.071104389634363357,daily_eth_dca,,,,,,,,,
2021-01-16 09:00:00+00:00,daily_eth_dca_buy,4.9164208456243852,0.0073746312684365781,1217.44343,1215.6199999999999,0.0040383156411829216,0,0.075142705275546284,daily_eth_dca,,,,,,,,,
2021-01-17 09:00:00+00:00,daily_eth_dca_buy,4.9164208456243852,0.0073746312684365781,1198.1845850000002,1196.3900000000001,0.0041032249180741921,0,0.079245930193620473,daily_eth_dca,,,,,,,,,
2021-01-18 09:00:00+00:00,daily_eth_dca_buy,4.9164208456243852,0.0073746312684365781,1224.9646950000001,1223.1300000000001,0.0040135204432356188,0,0.083259450636856094,daily_eth_dca,,,,,,,,,
2021-01-19 09:00:00+00:00,daily_eth_dca_buy,4.9164208456243852,0.0073746312684365781,1377.613325,1375.55,0.0035687959432479975,0,0.086828246580104088,daily_eth_dca,,,,,,,,,
2021-01-20 09:00:00+00:00,daily_eth_dca_buy,4.9164208456243852,0.0073746312684365781,1351.9949550000001,1349.97,0.0036364195202373256,0,0.090464666100341415,daily_eth_dca,,,,,,,,,
2021-01-21 09:00:00+00:00,daily_eth_dca_buy,4.9164208456243852,0.0073746312684365781,1262.7713200000003,1260.8800000000001,0.0038933580195853546,0,0.094358024119926776,daily_eth_dca,,,,,,,,,
2021-01-22 09:00:00+00:00,daily_eth_dca_buy,4.9164208456243852,0.0073746312684365781,1165.8161050000001,1164.0699999999999,0.0042171495354530074,0,0.09857517365537978,daily_eth_dca,,,,,,,,,
2021-01-23 09:00:00+00:00,daily_eth_dca_buy,4.9164208456243852,0.0073746312684365781,1268.3396600000001,1266.4400000000001,0.0038762651682944177,0,0.1024514388236742,daily_eth_dca,,,,,,,,,
2021-01-24 09:00:00+00:00,daily_eth_dca_buy,4.9164208456243852,0.0073746312684365781,1326.9875000000002,1325,0.0037049488752715336,0,0.10615638769894574,daily_eth_dca,,,,,,,,,
2021-01-25 09:00:00+00:00,daily_eth_dca_buy,4.9164208456243852,0.0073746312684365781,1425.1144700000002,1422.98,0.0034498427664020454,0,0.10960623046534779,daily_eth_dca,,,,,,,,,
2021-01-26 09:00:00+00:00,daily_eth_dca_buy,4.9164208456243852,0.0073746312684365781,1330.823245,1328.8299999999999,0.0036942703428841784,0,0.11330050080823197,daily_eth_dca,,,,,,,,,
2021-01-27 09:00:00+00:00,daily_eth_dca_buy,4.9164208456243852,0.0073746312684365781,1263.4222950000001,1261.53,0.0038913519771505891,0,0.11719185278538255,daily_eth_dca,,,,,,,,,
2021-01-28 09:00:00+00:00,daily_eth_dca_buy,4.9164208456243852,0.0073746312684365781,1279.185905,1277.27,0.0038433982319594001,0,0.12103525101734194,daily_eth_dca,,,,,,,,,
2021-01-29 09:00:00+00:00,daily_eth_dca_buy,4.9164208456243852,0.0073746312684365781,1377.88373,1375.8199999999999,0.0035680955791708093,0,0.12460334659651276,daily_eth_dca,,,,,,,,,
2021-01-30 09:00:00+00:00,daily_eth_dca_buy,4.9164208456243852,0.0073746312684365781,1344.2133000000001,1342.2,0.0036574707642190304,0,0.12826081736073178,daily_eth_dca,,,,,,,,,
2021-01-31 09:00:00+00:00,daily_eth_dca_buy,4.9164208456243852,0.0073746312684365781,1350.5327650000002,1348.51,0.0036403565859613814,0,0.13190117394669315,daily_eth_dca,,,,,,,,,
2021-02-01 09:00:00+00:00,daily_eth_dca_buy,4.9164208456243852,0.0073746312684365781,1333.987985,1331.99,0.0036855060921889677,0,0.13558668003888211,daily_eth_dca,,,,,,,,,
2021-02-02 09:00:00+00:00,daily_eth_dca_buy,4.9164208456243852,0.0073746312684365781,1453.4368900000002,1451.26,0.0033826173530137828,0,0.1389692973918959,daily_eth_dca,,,,,,,,,
2021-02-03 09:00:00+00:00,daily_eth_dca_buy,4.9164208456243852,0.0073746312684365781,1532.55539,1530.26,0.0032079890082304858,0,0.14217728640012639,daily_eth_dca,,,,,,,,,
2021-02-04 09:00:00+00:00,daily_eth_dca_buy,4.9164208456243852,0.0073746312684365781,1640.95775,1638.5,0.0029960679034084729,0,0.14517335430353487,daily_eth_dca,,,,,,,,,
2021-02-05 09:00:00+00:00,daily_eth_dca_buy,4.9164208456243852,0.0073746312684365781,1670.071355,1667.5699999999999,0.0029438387952138638,0,0.14811719309874874,daily_eth_dca,,,,,,,,,
2021-02-06 09:00:00+00:00,daily_eth_dca_buy,4.9164208456243852,0.0073746312684365781,1702.5399850000001,1699.99,0.0028876977274776808,0,0.15100489082622642,daily_eth_dca,,,,,,,,,
2021-02-07 09:00:00+00:00,daily_eth_dca_buy,4.9164208456243852,0.0073746312684365781,1643.311275,1640.8499999999999,0.0029917769812809109,0,0.15399666780750734,daily_eth_dca,,,,,,,,,
2021-02-08 09:00:00+00:00,daily_eth_dca_buy,4.9164208456243852,0.0073746312684365781,1635.28926,1632.8399999999999,0.0030064533326809627,0,0.1570031211401883,daily_eth_dca,,,,,,,,,
2021-02-09 09:00:00+00:00,daily_eth_dca_buy,4.9164208456243852,0.0073746312684365781,1805.7045000000001,1803,0.0027227161728978276,0,0.15972583731308612,daily_eth_dca,,,,,,,,,
2021-02-10 09:00:00+00:00,daily_eth_dca_buy,4.9164208456243852,0.0073746312684365781,1806.6058500000001,1803.9000000000001,0.0027213577580435626,0,0.16244719507112967,daily_eth_dca,,,,,,,,,
2021-02-11 09:00:00+00:00,daily_eth_dca_buy,4.9164208456243852,0.0073746312684365781,1755.6295,1753,0.0028003749342468813,0,0.16524757000537654,daily_eth_dca,,,,,,,,,
2021-02-12 09:00:00+00:00,daily_eth_dca_buy,4.9164208456243852,0.0073746312684365781,1768.5188049999999,1765.8699999999999,0.0027799652634309339,0,0.16802753526880748,daily_eth_dca,,,,,,,,,
2021-02-13 09:00:00+00:00,daily_eth_dca_buy,4.9164208456243852,0.0073746312684365781,1830.0409500000001,1827.3,0.0026865086519645286,0,0.17071404392077202,daily_eth_dca,,,,,,,,,
2021-02-14 09:00:00+00:00,daily_eth_dca_buy,4.9164208456243852,0.0073746312684365781,1832.1340850000001,1829.3900000000001,0.0026834394304849061,0,0.17339748335125693,daily_eth_dca,,,,,,,,,
2021-02-15 09:00:00+00:00,daily_eth_dca_buy,4.9164208456243852,0.0073746312684365781,1765.8948750000002,1763.25,0.0027840959930439712,0,0.1761815793443009,daily_eth_dca,,,,,,,,,
2021-02-16 09:00:00+00:00,daily_eth_dca_buy,4.9164208456243852,0.0073746312684365781,1811.73353,1809.02,0.0027136556034398642,0,0.17889523494774076,daily_eth_dca,,,,,,,,,
2021-02-17 09:00:00+00:00,daily_eth_dca_buy,4.9164208456243852,0.0073746312684365781,1802.9403600000001,1800.24,0.0027268904477929516,0,0.18162212539553371,daily_eth_dca,,,,,,,,,
2021-02-18 09:00:00+00:00,daily_eth_dca_buy,4.9164208456243852,0.0073746312684365781,1892.9852250000001,1890.1500000000001,0.0025971786682193387,0,0.18421930406375306,daily_eth_dca,,,,,,,,,
2021-02-19 09:00:00+00:00,daily_eth_dca_buy,4.9164208456243852,0.0073746312684365781,1924.372235,1921.49,0.002554818010884669,0,0.18677412207463773,daily_eth_dca,,,,,,,,,
2021-02-20 09:00:00+00:00,daily_eth_dca_buy,4.9164208456243852,0.0073746312684365781,1994.1968150000002,1991.21,0.0024653639042264666,0,0.1892394859788642,daily_eth_dca,,,,,,,,,
2021-02-21 09:00:00+00:00,daily_eth_dca_buy,4.9164208456243852,0.0073746312684365781,1939.8454100000001,1936.9400000000001,0.0025344395075401318,0,0.19177392548640432,daily_eth_dca,,,,,,,,,
2021-02-22 09:00:00+00:00,daily_eth_dca_buy,4.9164208456243852,0.0073746312684365781,1857.9928150000001,1855.21,0.002646092496124311,0,0.19442001798252861,daily_eth_dca,,,,,,,,,
2021-02-23 09:00:00+00:00,daily_eth_dca_buy,4.9164208456243852,0.0073746312684365781,1447.5180250000001,1445.3499999999999,0.0033964487907667922,0,0.1978164667732954,daily_eth_dca,,,,,,,,,
2021-02-24 09:00:00+00:00,daily_eth_dca_buy,4.9164208456243852,0.0073746312684365781,1679.1449450000002,1676.6300000000001,0.0029279311832275351,0,0.20074439795652294,daily_eth_dca,,,,,,,,,
2021-02-25 09:00:00+00:00,daily_eth_dca_buy,4.9164208456243852,0.0073746312684365781,1600.6573900000001,1598.26,0.0030715010447203727,0,0.20381589900124331,daily_eth_dca,,,,,,,,,
2021-02-26 09:00:00+00:00,daily_eth_dca_buy,4.9164208456243852,0.0073746312684365781,1458.26412,1456.0799999999999,0.0033714200179487271,0,0.20718731901919205,daily_eth_dca,,,,,,,,,
2021-02-27 09:00:00+00:00,daily_eth_dca_buy,4.9164208456243852,0.0073746312684365781,1475.6501600000001,1473.4400000000001,0.0033316981076492985,0,0.21051901712684135,daily_eth_dca,,,,,,,,,
2021-02-28 09:00:00+00:00,daily_eth_dca_buy,4.9164208456243852,0.0073746312684365781,1361.7295350000002,1359.6900000000001,0.0036104238905447436,0,0.2141294410173861,daily_eth_dca,,,,,,,,,
2021-03-01 09:00:00+00:00,daily_eth_dca_buy,4.9164208456243852,0.0073746312684365781,1466.6767200000002,1464.48,0.0033520821450171955,0,0.2174815231624033,daily_eth_dca,,,,,,,,,
2021-03-02 09:00:00+00:00,daily_eth_dca_buy,4.9164208456243852,0.0073746312684365781,1560.8677950000001,1558.53,0.0031497996571992729,0,0.22063132281960257,daily_eth_dca,,,,,,,,,
2021-03-03 09:00:00+00:00,daily_eth_dca_buy,4.9164208456243852,0.0073746312684365781,1594.5782850000001,1592.1900000000001,0.0030832107096105256,0,0.22371453352921308,daily_eth_dca,,,,,,,,,
2021-03-04 09:00:00+00:00,daily_eth_dca_buy,4.9164208456243852,0.0073746312684365781,1573.4566500000001,1571.0999999999999,0.0031245988541370906,0,0.22683913238335018,daily_eth_dca,,,,,,,,,
2021-03-05 09:00:00+00:00,daily_eth_dca_buy,4.9164208456243852,0.0073746312684365781,1458.2440899999999,1456.0599999999999,0.00337146632675493,0,0.2302105987101051,daily_eth_dca,,,,,,,,,
2021-03-06 09:00:00+00:00,daily_eth_dca_buy,4.9164208456243852,0.0073746312684365781,1577.3625000000002,1575,0.0031168617522125603,0,0.23332746046231767,daily_eth_dca,,,,,,,,,
2021-03-07 09:00:00+00:00,daily_eth_dca_buy,4.9164208456243852,0.0073746312684365781,1670.9526750000002,1668.45,0.0029422861097034869,0,0.23626974657202116,daily_eth_dca,,,,,,,,,
2021-03-08 09:00:00+00:00,daily_eth_dca_buy,4.9164208456243852,0.0073746312684365781,1687.98819,1685.46,0.0029125919688006733,0,0.23918233854082183,daily_eth_dca,,,,,,,,,
2021-03-09 09:00:00+00:00,daily_eth_dca_buy,4.9164208456243852,0.0073746312684365781,1836.4906100000001,1833.74,0.0026770737725821453,0,0.24185941231340397,daily_eth_dca,,,,,,,,,
2021-03-10 09:00:00+00:00,daily_eth_dca_buy,4.9164208456243852,0.0073746312684365781,1825.9147700000001,1823.1800000000001,0.0026925795915569407,0,0.24455199190496091,daily_eth_dca,,,,,,,,,
2021-03-11 09:00:00+00:00,daily_eth_dca_buy,4.9164208456243852,0.0073746312684365781,1748.8793900000001,1746.26,0.0028111834776807479,0,0.24736317538264166,daily_eth_dca,,,,,,,,,
2021-03-12 09:00:00+00:00,daily_eth_dca_buy,4.9164208456243852,0.0073746312684365781,1796.9513900000002,1794.26,0.002735978765471438,0,0.25009915414811312,daily_eth_dca,,,,,,,,,
2021-03-13 09:00:00+00:00,daily_eth_dca_buy,4.9164208456243852,0.0073746312684365781,1788.5588200000002,1785.8800000000001,0.0027488169752361764,0,0.25284797112334928,daily_eth_dca,,,,,,,,,
2021-03-14 09:00:00+00:00,daily_eth_dca_buy,4.9164208456243852,0.0073746312684365781,1899.895575,1897.05,0.0025877321418701577,0,0.25543570326521942,daily_eth_dca,,,,,,,,,
2021-03-15 09:00:00+00:00,daily_eth_dca_buy,4.9164208456243852,0.0073746312684365781,1791.7235600000001,1789.04,0.0027439617111606127,0,0.25817966497638001,daily_eth_dca,,,,,,,,,
2021-03-16 09:00:00+00:00,daily_eth_dca_buy,4.9164208456243852,0.0073746312684365781,1806.9163150000002,1804.21,0.0027208901733915577,0,0.26090055514977156,daily_eth_dca,,,,,,,,,
2021-03-17 09:00:00+00:00,daily_eth_dca_buy,4.9164208456243852,0.0073746312684365781,1783.65147,1780.98,0.0027563797795229499,0,0.26365693492929454,daily_eth_dca,,,,,,,,,
2021-03-18 09:00:00+00:00,daily_eth_dca_buy,4.9164208456243852,0.0073746312684365781,1808.52873,1805.8199999999999,0.0027184643318463541,0,0.2663753992611409,daily_eth_dca,,,,,,,,,
2021-03-19 09:00:00+00:00,daily_eth_dca_buy,4.9164208456243852,0.0073746312684365781,1810.712,1808,0.0027151865374639285,0,0.26909058579860484,daily_eth_dca,,,,,,,,,
2021-03-20 09:00:00+00:00,daily_eth_dca_buy,4.9164208456243852,0.0073746312684365781,1832.4745950000001,1829.73,0.0026829407943985083,0,0.27177352659300336,daily_eth_dca,,,,,,,,,
2021-03-21 09:00:00+00:00,daily_eth_dca_buy,4.9164208456243852,0.0073746312684365781,1787.3970800000002,1784.72,0.0027506036015368138,0,0.27452413019454019,daily_eth_dca,,,,,,,,,
2021-03-22 09:00:00+00:00,daily_eth_dca_buy,4.9164208456243852,0.0073746312684365781,1782.960435,1780.29,0.0027574480897689609,0,0.27728157828430916,daily_eth_dca,,,,,,,,,
2021-03-23 09:00:00+00:00,daily_eth_dca_buy,4.9164208456243852,0.0073746312684365781,1683.851995,1681.3299999999999,0.0029197464267780764,0,0.28020132471108722,daily_eth_dca,,,,,,,,,
2021-03-24 09:00:00+00:00,daily_eth_dca_buy,4.9164208456243852,0.0073746312684365781,1714.5880300000001,1712.02,0.0028674064904234665,0,0.28306873120151066,daily_eth_dca,,,,,,,,,
2021-03-25 09:00:00+00:00,daily_eth_dca_buy,4.9164208456243852,0.0073746312684365781,1599.445575,1597.05,0.003073828158000553,0,0.28614255935951122,daily_eth_dca,,,,,,,,,
2021-03-26 09:00:00+00:00,daily_eth_dca_buy,4.9164208456243852,0.0073746312684365781,1629.0599299999999,1626.6199999999999,0.003017949650031835,0,0.28916050900954304,daily_eth_dca,,,,,,,,,
2021-03-27 09:00:00+00:00,daily_eth_dca_buy,4.9164208456243852,0.0073746312684365781,1695.289125,1692.75,0.0029000485953240484,0,0.2920605576048671,daily_eth_dca,,,,,,,,,
2021-03-28 09:00:00+00:00,daily_eth_dca_buy,4.9164208456243852,0.0073746312684365781,1721.2880650000002,1718.71,0.0028562452419167764,0,0.2949168028467839,daily_eth_dca,,,,,,,,,
2021-03-29 09:00:00+00:00,daily_eth_dca_buy,4.9164208456243852,0.0073746312684365781,1737.6325450000002,1735.03,0.0028293788924311294,0,0.29774618173921502,daily_eth_dca,,,,,,,,,
2021-03-30 09:00:00+00:00,daily_eth_dca_buy,4.9164208456243852,0.0073746312684365781,1817.02145,1814.3,0.0027057582867964411,0,0.30045194002601144,daily_eth_dca,,,,,,,,,
2021-03-31 09:00:00+00:00,daily_eth_dca_buy,4.9164208456243852,0.0073746312684365781,1810.3114,1807.5999999999999,0.0027157873753788355,0,0.30316772740139025,daily_eth_dca,,,,,,,,,
2021-04-01 09:00:00+00:00,daily_eth_dca_buy,4.9164208456243852,0.0073746312684365781,1946.27504,1943.3599999999999,0.0025260668428571048,0,0.30569379424424736,daily_eth_dca,,,,,,,,,
2021-04-02 09:00:00+00:00,daily_eth_dca_buy,4.9164208456243852,0.0073746312684365781,1994.296965,1991.3099999999999,0.0024652400980936084,0,0.30815903434234099,daily_eth_dca,,,,,,,,,
2021-04-03 09:00:00+00:00,daily_eth_dca_buy,4.9164208456243852,0.0073746312684365781,2098.4930250000002,2095.3499999999999,0.0023428340180565456,0,0.31050186836039756,daily_eth_dca,,,,,,,,,
2021-04-04 09:00:00+00:00,daily_eth_dca_buy,4.9164208456243852,0.0073746312684365781,2039.8351700000001,2036.78,0.0024102049606411998,0,0.31291207332103876,daily_eth_dca,,,,,,,,,
2021-04-05 09:00:00+00:00,daily_eth_dca_buy,4.9164208456243852,0.0073746312684365781,2031.9233200000003,2028.8800000000001,0.0024195897538221984,0,0.31533166307486094,daily_eth_dca,,,,,,,,,
2021-04-06 09:00:00+00:00,daily_eth_dca_buy,4.9164208456243852,0.0073746312684365781,2089.9001550000003,2086.77,0.0023524668553481132,0,0.31768412993020906,daily_eth_dca,,,,,,,,,
2021-04-07 09:00:00+00:00,daily_eth_dca_buy,4.9164208456243852,0.0073746312684365781,2066.0945000000002,2063,0.0023795721084511794,0,0.32006370203866025,daily_eth_dca,,,,,,,,,
2021-04-08 09:00:00+00:00,daily_eth_dca_buy,4.9164208456243852,0.0073746312684365781,2018.0425300000002,2015.02,0.0024362325236150424,0,0.32249993456227527,daily_eth_dca,,,,,,,,,
2021-04-09 09:00:00+00:00,daily_eth_dca_buy,4.9164208456243852,0.0073746312684365781,2071.5827200000003,2068.48,0.0023732679357474002,0,0.32487320249802265,daily_eth_dca,,,,,,,,,
2021-04-10 09:00:00+00:00,daily_eth_dca_buy,4.9164208456243852,0.0073746312684365781,2165.2429999999999,2162,0.0022706092783232115,0,0.32714381177634588,daily_eth_dca,,,,,,,,,
2021-04-11 09:00:00+00:00,daily_eth_dca_buy,4.9164208456243852,0.0073746312684365781,2146.4148,2143.1999999999998,0.0022905269035716604,0,0.32943433867991756,daily_eth_dca,,,,,,,,,
2021-04-12 09:00:00+00:00,daily_eth_dca_buy,4.9164208456243852,0.0073746312684365781,2186.8553700000002,2183.5799999999999,0.0022481691807649741,0,0.33168250786068254,daily_eth_dca,,,,,,,,,
2021-04-13 09:00:00+00:00,daily_eth_dca_buy,4.9164208456243852,0.0073746312684365781,2223.6304500000001,2220.3000000000002,0.0022109882717357035,0,0.33389349613241825,daily_eth_dca,,,,,,,,,
2021-04-14 09:00:00+00:00,daily_eth_dca_buy,4.9164208456243852,0.0073746312684365781,2350.5205000000001,2347,0.0020916307029121358,0,0.33598512683533038,daily_eth_dca,,,,,,,,,
2021-04-15 09:00:00+00:00,daily_eth_dca_buy,4.9164208456243852,0.0073746312684365781,2440.2548999999999,2436.5999999999999,0.0020147161042989342,0,0.33799984293962931,daily_eth_dca,,,,,,,,,
2021-04-16 09:00:00+00:00,daily_eth_dca_buy,4.9164208456243852,0.0073746312684365781,2422.7186350000002,2419.0900000000001,0.0020292991413030448,0,0.34002914208093238,daily_eth_dca,,,,,,,,,
2021-04-17 09:00:00+00:00,daily_eth_dca_buy,4.9164208456243852,0.0073746312684365781,2471.9924350000001,2468.29,0.001988849470578734,0,0.34201799155151114,daily_eth_dca,,,,,,,,,
2021-04-18 09:00:00+00:00,daily_eth_dca_buy,4.9164208456243852,0.0073746312684365781,2139.3041499999999,2136.0999999999999,0.0022981401899418489,0,0.34431613174145298,daily_eth_dca,,,,,,,,,
2021-04-19 09:00:00+00:00,daily_eth_dca_buy,4.9164208456243852,0.0073746312684365781,2244.2913949999997,2240.9299999999998,0.0021906339152649944,0,0.34650676565671795,daily_eth_dca,,,,,,,,,
2021-04-20 09:00:00+00:00,daily_eth_dca_buy,4.9164208456243852,0.0073746312684365781,2146.2545600000003,2143.04,0.0022906979149874863,0,0.34879746357170544,daily_eth_dca,,,,,,,,,
2021-04-21 09:00:00+00:00,daily_eth_dca_buy,4.9164208456243852,0.0073746312684365781,2299.86463,2296.4200000000001,0.0021377000982985618,0,0.35093516367000399,daily_eth_dca,,,,,,,,,
2021-04-22 09:00:00+00:00,daily_eth_dca_buy,4.9164208456243852,0.0073746312684365781,2457.1001300000003,2453.4200000000001,0.0020009037424227332,0,0.35293606741242672,daily_eth_dca,,,,,,,,,
2021-04-23 09:00:00+00:00,daily_eth_dca_buy,4.9164208456243852,0.0073746312684365781,2221.4371650000003,2218.1100000000001,0.0022131712402607548,0,0.35514923865268749,daily_eth_dca,,,,,,,,,
2021-04-24 09:00:00+00:00,daily_eth_dca_buy,4.9164208456243852,0.0073746312684365781,2277.4911200000001,2274.0799999999999,0.0021587003358434103,0,0.35730793898853092,daily_eth_dca,,,,,,,,,
2021-04-25 09:00:00+00:00,daily_eth_dca_buy,4.9164208456243852,0.0073746312684365781,2233.4050900000002,2230.0599999999999,0.002201311740372359,0,0.35950925072890327,daily_eth_dca,,,,,,,,,
2021-04-26 09:00:00+00:00,daily_eth_dca_buy,4.9164208456243852,0.0073746312684365781,2441.466715,2437.8099999999999,0.0020137161057403093,0,0.36152296683464358,daily_eth_dca,,,,,,,,,
2021-04-27 09:00:00+00:00,daily_eth_dca_buy,4.9164208456243852,0.0073746312684365781,2538.8025000000002,2535,0.0019365117395403481,0,0.36345947857418393,daily_eth_dca,,,,,,,,,
2021-04-28 09:00:00+00:00,daily_eth_dca_buy,4.9164208456243852,0.0073746312684365781,2592.5329750000001,2588.6500000000001,0.0018963773626155653,0,0.36535585593679948,daily_eth_dca,,,,,,,,,
2021-04-29 09:00:00+00:00,daily_eth_dca_buy,4.9164208456243852,0.0073746312684365781,2720.4345400000002,2716.3600000000001,0.0018072189473172858,0,0.36716307488411676,daily_eth_dca,,,,,,,,,
2021-04-30 09:00:00+00:00,daily_eth_dca_buy,4.9164208456243852,0.0073746312684365781,2784.91111,2780.7399999999998,0.0017653780143899764,0,0.36892845289850673,daily_eth_dca,,,,,,,,,
2021-05-01 09:00:00+00:00,daily_eth_dca_buy,4.9164208456243852,0.0073746312684365781,2834.3050900000003,2830.0599999999999,0.0017346124321515383,0,0.37066306533065829,daily_eth_dca,,,,,,,,,
2021-05-02 09:00:00+00:00,daily_eth_dca_buy,4.9164208456243852,0.0073746312684365781,2882.8778400000001,2878.5599999999999,0.0017053864639732306,0,0.37236845179463152,daily_eth_dca,,,,,,,,,
2021-05-03 09:00:00+00:00,daily_eth_dca_buy,4.9164208456243852,0.0073746312684365781,3188.8360900000002,3184.0599999999999,0.0015417602870972226,0,0.37391021208172875,daily_eth_dca,,,,,,,,,
2021-05-04 09:00:00+00:00,daily_eth_dca_buy,4.9164208456243852,0.0073746312684365781,3309.0261050000004,3304.0700000000002,0.0014857606708498254,0,0.37539597275257858,daily_eth_dca,,,,,,,,,
2021-05-05 09:00:00+00:00,daily_eth_dca_buy,4.9164208456243852,0.0073746312684365781,3357.3184350000001,3352.29,0.0014643891965596004,0,0.37686036194913819,daily_eth_dca,,,,,,,,,
2021-05-06 09:00:00+00:00,daily_eth_dca_buy,4.9164208456243852,0.0073746312684365781,3438.600175,3433.4499999999998,0.0014297739182847523,0,0.37829013586742294,daily_eth_dca,,,,,,,,,
2021-05-07 09:00:00+00:00,daily_eth_dca_buy,4.9164208456243852,0.0073746312684365781,3439.7418850000004,3434.5900000000001,0.0014292993515193321,0,0.37971943521894225,daily_eth_dca,,,,,,,,,
2021-05-08 09:00:00+00:00,daily_eth_dca_buy,4.9164208456243852,0.0073746312684365781,3561.4641950000005,3556.1300000000001,0.0013804493254562635,0,0.38109988454439853,daily_eth_dca,,,,,,,,,
2021-05-09 09:00:00+00:00,daily_eth_dca_buy,4.9164208456243852,0.0073746312684365781,3927.3622200000004,3921.48,0.0012518378927687461,0,0.38235172243716725,daily_eth_dca,,,,,,,,,
2021-05-10 09:00:00+00:00,daily_eth_dca_buy,4.9164208456243852,0.0073746312684365781,4170.876945,4164.6300000000001,0.0011787499152949442,0,0.38353047235246218,daily_eth_dca,,,,,,,,,
2021-05-11 09:00:00+00:00,daily_eth_dca_buy,4.9164208456243852,0.0073746312684365781,3926.2004800000004,3920.3200000000002,0.0012522083043564765,0,0.38478268065681864,daily_eth_dca,,,,,,,,,
2021-05-12 09:00:00+00:00,daily_eth_dca_buy,4.9164208456243852,0.0073746312684365781,4315.0128250000007,4308.5500000000002,0.001139375720308406,0,0.38592205637712707,daily_eth_dca,,,,,,,,,
2021-05-13 09:00:00+00:00,daily_eth_dca_buy,4.9164208456243852,0.0073746312684365781,3834.80359,3829.0599999999999,0.0012820528431873052,0,0.3872041092203144,daily_eth_dca,,,,,,,,,
2021-05-14 09:00:00+00:00,daily_eth_dca_buy,4.9164208456243852,0.0073746312684365781,3940.8223800000005,3934.9200000000001,0.0012475621511326234,0,0.38845167137144704,daily_eth_dca,,,,,,,,,
2021-05-15 09:00:00+00:00,daily_eth_dca_buy,4.9164208456243852,0.0073746312684365781,3918.1684500000006,3912.3000000000002,0.001254775262565443,0,0.38970644663401249,daily_eth_dca,,,,,,,,,
2021-05-16 09:00:00+00:00,daily_eth_dca_buy,4.9164208456243852,0.0073746312684365781,3802.8757700000001,3797.1799999999998,0.0012928165796024372,0,0.39099926321361494,daily_eth_dca,,,,,,,,,
2021-05-17 09:00:00+00:00,daily_eth_dca_buy,4.9164208456243852,0.0073746312684365781,3545.7706900000003,3540.46,0.0013865591645534146,0,0.39238582237816838,daily_eth_dca,,,,,,,,,
2021-05-18 09:00:00+00:00,daily_eth_dca_buy,4.9164208456243852,0.0073746312684365781,3485.8409300000003,3480.6199999999999,0.0014103973601642186,0,0.39379621973833262,daily_eth_dca,,,,,,,,,
2021-05-19 09:00:00+00:00,daily_eth_dca_buy,4.9164208456243852,0.0073746312684365781,2982.7374050000003,2978.27,0.0016482915450025627,0,0.39544451128333519,daily_eth_dca,,,,,,,,,
2021-05-20 09:00:00+00:00,daily_eth_dca_buy,4.9164208456243852,0.0073746312684365781,2698.5818100000001,2694.54,0.0018218535481881073,0,0.39726636483152328,daily_eth_dca,,,,,,,,,
2021-05-21 09:00:00+00:00,daily_eth_dca_buy,4.9164208456243852,0.0073746312684365781,2707.2748299999998,2703.2199999999998,0.0018160036030122533,0,0.39908236843453554,daily_eth_dca,,,,,,,,,
2021-05-22 09:00:00+00:00,daily_eth_dca_buy,4.9164208456243852,0.0073746312684365781,2350.2100350000001,2346.6900000000001,0.0020919070093343315,0,0.40117427544386985,daily_eth_dca,,,,,,,,,
2021-05-23 09:00:00+00:00,daily_eth_dca_buy,4.9164208456243852,0.0073746312684365781,2035.4686300000001,2032.4200000000001,0.0024153753947189966,0,0.40358965083858883,daily_eth_dca,,,,,,,,,
2021-05-24 09:00:00+00:00,daily_eth_dca_buy,4.9164208456243852,0.0073746312684365781,2294.6367999999998,2291.1999999999998,0.002142570382216648,0,0.40573222122080549,daily_eth_dca,,,,,,,,,
2021-05-25 09:00:00+00:00,daily_eth_dca_buy,4.9164208456243852,0.0073746312684365781,2586.5239750000001,2582.6500000000001,0.0019007830173406318,0,0.40763300423814613,daily_eth_dca,,,,,,,,,
2021-05-26 09:00:00+00:00,daily_eth_dca_buy,4.9164208456243852,0.0073746312684365781,2844.2099250000001,2839.9499999999998,0.0017285717212397341,0,0.40936157595938588,daily_eth_dca,,,,,,,,,
2021-05-27 09:00:00+00:00,daily_eth_dca_buy,4.9164208456243852,0.0073746312684365781,2763.7393999999999,2759.5999999999999,0.0017789017465338394,0,0.41114047770591972,daily_eth_dca,,,,,,,,,
2021-05-28 09:00:00+00:00,daily_eth_dca_buy,4.9164208456243852,0.0073746312684365781,2510.2096750000001,2506.4499999999998,0.0019585697938258426,0,0.41309904749974558,daily_eth_dca,,,,,,,,,
2021-05-29 09:00:00+00:00,daily_eth_dca_buy,4.9164208456243852,0.0073746312684365781,2454.4361400000003,2450.7600000000002,0.0020030754785188196,0,0.41510212297826438,daily_eth_dca,,,,,,,,,
2021-05-30 09:00:00+00:00,daily_eth_dca_buy,4.9164208456243852,0.0073746312684365781,2422.418185,2418.79,0.0020295508331582249,0,0.41713167381142258,daily_eth_dca,,,,,,,,,
2021-05-31 09:00:00+00:00,daily_eth_dca_buy,4.9164208456243852,0.0073746312684365781,2496.7395000000001,2493,0.0019691364860548667,0,0.41910081029747742,daily_eth_dca,,,,,,,,,
2021-06-01 09:00:00+00:00,daily_eth_dca_buy,4.9164208456243852,0.0073746312684365781,2578.6822300000003,2574.8200000000002,0.0019065632781067347,0,0.42100737357558415,daily_eth_dca,,,,,,,,,
2021-06-02 09:00:00+00:00,daily_eth_dca_buy,4.9164208456243852,0.0073746312684365781,2717.299845,2713.23,0.0018093037669990317,0,0.42281667734258316,daily_eth_dca,,,,,,,,,
2021-06-03 09:00:00+00:00,daily_eth_dca_buy,4.9164208456243852,0.0073746312684365781,2840.2339700000002,2835.98,0.001730991494909972,0,0.42454766883749312,daily_eth_dca,,,,,,,,,
2021-06-04 09:00:00+00:00,daily_eth_dca_buy,4.9164208456243852,0.0073746312684365781,2626.4838250000003,2622.5500000000002,0.0018718641245104126,0,0.42641953296200352,daily_eth_dca,,,,,,,,,
2021-06-05 09:00:00+00:00,daily_eth_dca_buy,4.9164208456243852,0.0073746312684365781,2813.4939200000003,2809.2800000000002,0.001747443209553616,0,0.42816697617155713,daily_eth_dca,,,,,,,,,
2021-06-06 09:00:00+00:00,daily_eth_dca_buy,4.9164208456243852,0.0073746312684365781,2735.83761,2731.7399999999998,0.001797044103660957,0,0.42996402027521807,daily_eth_dca,,,,,,,,,
2021-06-07 09:00:00+00:00,daily_eth_dca_buy,4.9164208456243852,0.0073746312684365781,2761.4459649999999,2757.3099999999999,0.0017803791593019223,0,0.43174439943451998,daily_eth_dca,,,,,,,,,
2021-06-08 09:00:00+00:00,daily_eth_dca_buy,4.9164208456243852,0.0073746312684365781,2525.2922650000005,2521.5100000000002,0.0019468720170591361,0,0.4336912714515791,daily_eth_dca,,,,,,,,,
2021-06-09 09:00:00+00:00,daily_eth_dca_buy,4.9164208456243852,0.0073746312684365781,2486.6143350000002,2482.8899999999999,0.0019771545496315916,0,0.4356684260012107,daily_eth_dca,,,,,,,,,
2021-06-10 09:00:00+00:00,daily_eth_dca_buy,4.9164208456243852,0.0073746312684365781,2515.9482699999999,2512.1799999999998,0.0019541025164338476,0,0.43762252851764455,daily_eth_dca,,,,,,,,,
2021-06-11 09:00:00+00:00,daily_eth_dca_buy,4.9164208456243852,0.0073746312684365781,2447.22534,2443.5599999999999,0.0020089775817801825,0,0.43963150609942475,daily_eth_dca,,,,,,,,,
2021-06-12 09:00:00+00:00,daily_eth_dca_buy,4.9164208456243852,0.0073746312684365781,2311.462,2308,0.0021269745492785022,0,0.44175848064870327,daily_eth_dca,,,,,,,,,
2021-06-13 09:00:00+00:00,daily_eth_dca_buy,4.9164208456243852,0.0073746312684365781,2359.8644950000003,2356.3299999999999,0.0020833487922891879,0,0.44384182944099243,daily_eth_dca,,,,,,,,,
2021-06-14 09:00:00+00:00,daily_eth_dca_buy,4.9164208456243852,0.0073746312684365781,2480.8356800000001,2477.1199999999999,0.0019817599711498767,0,0.44582358941214228,daily_eth_dca,,,,,,,,,
2021-06-15 09:00:00+00:00,daily_eth_dca_buy,4.9164208456243852,0.0073746312684365781,2584.6912300000004,2580.8200000000002,0.0019021308187842556,0,0.44772572023092655,daily_eth_dca,,,,,,,,,
2021-06-16 09:00:00+00:00,daily_eth_dca_buy,4.9164208456243852,0.0073746312684365781,2526.00333,2522.2199999999998,0.0019463239763917433,0,0.44967204420731827,daily_eth_dca,,,,,,,,,
2021-06-17 09:00:00+00:00,daily_eth_dca_buy,4.9164208456243852,0.0073746312684365781,2443.7000600000001,2440.04,0.0020118757314366905,0,0.45168391993875495,daily_eth_dca,,,,,,,,,
2021-06-18 09:00:00+00:00,daily_eth_dca_buy,4.9164208456243852,0.0073746312684365781,2349.6091350000002,2346.0900000000001,0.0020924420033906553,0,0.4537763619421456,daily_eth_dca,,,,,,,,,
2021-06-19 09:00:00+00:00,daily_eth_dca_buy,4.9164208456243852,0.0073746312684365781,2252.4636350000001,2249.0900000000001,0.0021826860017761774,0,0.45595904794392178,daily_eth_dca,,,,,,,,,
2021-06-20 09:00:00+00:00,daily_eth_dca_buy,4.9164208456243852,0.0073746312684365781,2183.5103599999998,2180.2399999999998,0.0022516132442918137,0,0.45821066118821357,daily_eth_dca,,,,,,,,,
2021-06-21 09:00:00+00:00,daily_eth_dca_buy,4.9164208456243852,0.0073746312684365781,2017.371525,2014.3499999999999,0.0024370428474370306,0,0.46064770403565058,daily_eth_dca,,,,,,,,,
2021-06-22 09:00:00+00:00,daily_eth_dca_buy,4.9164208456243852,0.0073746312684365781,1886.2952050000001,1883.47,0.0026063899397042599,0,0.46325409397535483,daily_eth_dca,,,,,,,,,
2021-06-23 09:00:00+00:00,daily_eth_dca_buy,4.9164208456243852,0.0073746312684365781,1971.7632149999999,1968.8099999999999,0.0024934134120279676,0,0.4657475073873828,daily_eth_dca,,,,,,,,,
2021-06-24 09:00:00+00:00,daily_eth_dca_buy,4.9164208456243852,0.0073746312684365781,1954.50737,1951.5799999999999,0.0025154271204535727,0,0.46826293450783635,daily_eth_dca,,,,,,,,,
2021-06-25 09:00:00+00:00,daily_eth_dca_buy,4.9164208456243852,0.0073746312684365781,1936.8709550000001,1933.97,0.0025383316492679736,0,0.47080126615710433,daily_eth_dca,,,,,,,,,
2021-06-26 09:00:00+00:00,daily_eth_dca_buy,4.9164208456243852,0.0073746312684365781,1735.17887,1732.5799999999999,0.0028333798495508333,0,0.47363464600665517,daily_eth_dca,,,,,,,,,
2021-06-27 09:00:00+00:00,daily_eth_dca_buy,4.9164208456243852,0.0073746312684365781,1851.983815,1849.21,0.0026546780840114334,0,0.4762893240906666,daily_eth_dca,,,,,,,,,
2021-06-28 09:00:00+00:00,daily_eth_dca_buy,4.9164208456243852,0.0073746312684365781,2068.8987000000002,2065.8000000000002,0.0023763468195056553,0,0.47866567091017226,daily_eth_dca,,,,,,,,,
2021-06-29 09:00:00+00:00,daily_eth_dca_buy,4.9164208456243852,0.0073746312684365781,2150.64113,2147.4200000000001,0.0022860256772009122,0,0.48095169658737319,daily_eth_dca,,,,,,,,,
2021-06-30 09:00:00+00:00,daily_eth_dca_buy,4.9164208456243852,0.0073746312684365781,2120.2155600000001,2117.04,0.0023188306596638622,0,0.48327052724703706,daily_eth_dca,,,,,,,,,
2021-07-01 09:00:00+00:00,daily_eth_dca_buy,4.9164208456243852,0.0073746312684365781,2126.0543050000001,2122.8699999999999,0.0023124624964009962,0,0.48558298974343805,daily_eth_dca,,,,,,,,,
2021-07-02 09:00:00+00:00,daily_eth_dca_buy,4.9164208456243852,0.0073746312684365781,2063.580735,2060.4899999999998,0.0023824708005060848,0,0.48796546054394413,daily_eth_dca,,,,,,,,,
2021-07-03 09:00:00+00:00,daily_eth_dca_buy,4.9164208456243852,0.0073746312684365781,2199.2539400000001,2195.96,0.0022354948449583704,0,0.49020095538890252,daily_eth_dca,,,,,,,,,
2021-07-04 09:00:00+00:00,daily_eth_dca_buy,4.9164208456243852,0.0073746312684365781,2333.4749700000002,2329.98,0.002106909612844223,0,0.49230786500174673,daily_eth_dca,,,,,,,,,
2021-07-05 09:00:00+00:00,daily_eth_dca_buy,4.9164208456243852,0.0073746312684365781,2277.4310300000002,2274.02,0.0021587572931349693,0,0.4944666222948817,daily_eth_dca,,,,,,,,,
2021-07-06 09:00:00+00:00,daily_eth_dca_buy,4.9164208456243852,0.0073746312684365781,2344.4714400000003,2340.96,0.0020970273989024939,0,0.49656364969378419,daily_eth_dca,,,,,,,,,
2021-07-07 09:00:00+00:00,daily_eth_dca_buy,4.9164208456243852,0.0073746312684365781,2386.0837650000003,2382.5100000000002,0.0020604560987088332,0,0.498624105792493,daily_eth_dca,,,,,,,,,
2021-07-08 09:00:00+00:00,daily_eth_dca_buy,4.9164208456243852,0.0073746312684365781,2190.2805000000003,2187,0.0022446535252559591,0,0.50086875931774899,daily_eth_dca,,,,,,,,,
2021-07-09 09:00:00+00:00,daily_eth_dca_buy,4.9164208456243852,0.0073746312684365781,2097.20109,2094.0599999999999,0.0023442772698656117,0,0.50321303658761463,daily_eth_dca,,,,,,,,,
2021-07-10 09:00:00+00:00,daily_eth_dca_buy,4.9164208456243852,0.0073746312684365781,2125.5735850000001,2122.3899999999999,0.0023129854832216429,0,0.5055260220708363,daily_eth_dca,,,,,,,,,
2021-07-11 09:00:00+00:00,daily_eth_dca_buy,4.9164208456243852,0.0073746312684365781,2115.3082100000001,2112.1399999999999,0.0023242101658672164,0,0.50785023223670356,daily_eth_dca,,,,,,,,,
2021-07-12 09:00:00+00:00,daily_eth_dca_buy,4.9164208456243852,0.0073746312684365781,2147.2260150000002,2144.0100000000002,0.0022896615499623523,0,0.51013989378666591,daily_eth_dca,,,,,,,,,
2021-07-13 09:00:00+00:00,daily_eth_dca_buy,4.9164208456243852,0.0073746312684365781,2031.4626300000002,2028.4200000000001,0.0024201384623178546,0,0.51256003224898372,daily_eth_dca,,,,,,,,,
2021-07-14 09:00:00+00:00,daily_eth_dca_buy,4.9164208456243852,0.0073746312684365781,1881.1675250000001,1878.3499999999999,0.0026134944284796672,0,0.51517352667746341,daily_eth_dca,,,,,,,,,
2021-07-15 09:00:00+00:00,daily_eth_dca_buy,4.9164208456243852,0.0073746312684365781,1960.3661450000002,1957.4300000000001,0.0025079094832176794,0,0.51768143616068107,daily_eth_dca,,,,,,,,,
2021-07-16 09:00:00+00:00,daily_eth_dca_buy,4.9164208456243852,0.0073746312684365781,1875.118465,1872.3099999999999,0.0026219254609198173,0,0.52030336162160085,daily_eth_dca,,,,,,,,,
2021-07-17 09:00:00+00:00,daily_eth_dca_buy,4.9164208456243852,0.0073746312684365781,1898.7839100000001,1895.9400000000001,0.0025892471595803574,0,0.52289260878118116,daily_eth_dca,,,,,,,,,
2021-07-18 09:00:00+00:00,daily_eth_dca_buy,4.9164208456243852,0.0073746312684365781,1971.8833950000001,1968.9300000000001,0.0024932614464378026,0,0.52538587022761896,daily_eth_dca,,,,,,,,,
2021-07-19 09:00:00+00:00,daily_eth_dca_buy,4.9164208456243852,0.0073746312684365781,1878.93418,1876.1199999999999,0.002616600888927565,0,0.52800247111654652,daily_eth_dca,,,,,,,,,
2021-07-20 09:00:00+00:00,daily_eth_dca_buy,4.9164208456243852,0.0073746312684365781,1739.7757550000001,1737.1700000000001,0.0028258934126969629,0,0.53082836452924353,daily_eth_dca,,,,,,,,,
2021-07-21 09:00:00+00:00,daily_eth_dca_buy,4.9164208456243852,0.0073746312684365781,1873.9366950000003,1871.1300000000001,0.0026235789387882092,0,0.53345194346803171,daily_eth_dca,,,,,,,,,
2021-07-22 09:00:00+00:00,daily_eth_dca_buy,4.9164208456243852,0.0073746312684365781,2010.99197,2007.98,0.0024447739816804864,0,0.53589671744971223,daily_eth_dca,,,,,,,,,
2021-07-23 09:00:00+00:00,daily_eth_dca_buy,4.9164208456243852,0.0073746312684365781,2047.64687,2044.5799999999999,0.0024010101144170356,0,0.5382977275641293,daily_eth_dca,,,,,,,,,
2021-07-24 09:00:00+00:00,daily_eth_dca_buy,4.9164208456243852,0.0073746312684365781,2123.6406900000002,2120.46,0.0023150907160402849,0,0.5406128182801696,daily_eth_dca,,,,,,,,,
2021-07-25 09:00:00+00:00,daily_eth_dca_buy,4.9164208456243852,0.0073746312684365781,2171.3221050000002,2168.0700000000002,0.0022642521965318381,0,0.54287707047670142,daily_eth_dca,,,,,,,,,
2021-07-26 09:00:00+00:00,daily_eth_dca_buy,4.9164208456243852,0.0073746312684365781,2337.8815700000005,2334.3800000000001,0.0021029383646770372,0,0.54498000884137843,daily_eth_dca,,,,,,,,,
2021-07-27 09:00:00+00:00,daily_eth_dca_buy,4.9164208456243852,0.0073746312684365781,2218.9935050000004,2215.6700000000001,0.002215608488509021,0,0.54719561732988742,daily_eth_dca,,,,,,,,,
2021-07-28 09:00:00+00:00,daily_eth_dca_buy,4.9164208456243852,0.0073746312684365781,2288.1170350000002,2284.6900000000001,0.0021486754263093824,0,0.54934429275619678,daily_eth_dca,,,,,,,,,
2021-07-29 09:00:00+00:00,daily_eth_dca_buy,4.9164208456243852,0.0073746312684365781,2297.8115550000002,2294.3699999999999,0.0021396101150794261,0,0.55148390287127624,daily_eth_dca,,,,,,,,,
2021-07-30 09:00:00+00:00,daily_eth_dca_buy,4.9164208456243852,0.0073746312684365781,2354.2360650000001,2350.71,0.0020883295939247218,0,0.55357223246520093,daily_eth_dca,,,,,,,,,
2021-07-31 09:00:00+00:00,daily_eth_dca_buy,4.9164208456243852,0.0073746312684365781,2466.2237950000003,2462.5300000000002,0.0019935015044424973,0,0.55556573396964348,daily_eth_dca,,,,,,,,,
2021-08-01 09:00:00+00:00,daily_eth_dca_buy,4.9164208456243852,0.0073746312684365781,2597.0897999999997,2593.1999999999998,0.0018930499998977262,0,0.55745878396954118,daily_eth_dca,,,,,,,,,
2021-08-02 09:00:00+00:00,daily_eth_dca_buy,4.9164208456243852,0.0073746312684365781,2576.9396200000001,2573.0799999999999,0.0019078525579207732,0,0.55936663652746199,daily_eth_dca,,,,,,,,,
2021-08-03 09:00:00+00:00,daily_eth_dca_buy,4.9164208456243852,0.0073746312684365781,2488.0064200000002,2484.2800000000002,0.001976048295576498,0,0.56134268482303851,daily_eth_dca,,,,,,,,,
2021-08-04 09:00:00+00:00,daily_eth_dca_buy,4.9164208456243852,0.0073746312684365781,2480.8657250000001,2477.1500000000001,0.0019817359706657987,0,0.56332442079370426,daily_eth_dca,,,,,,,,,
2021-08-05 09:00:00+00:00,daily_eth_dca_buy,4.9164208456243852,0.0073746312684365781,2636.7992749999999,2632.8499999999999,0.0018645411853067146,0,0.56518896197901103,daily_eth_dca,,,,,,,,,
2021-08-06 09:00:00+00:00,daily_eth_dca_buy,4.9164208456243852,0.0073746312684365781,2782.38733,2778.2199999999998,0.0017669793103983066,0,0.56695594128940929,daily_eth_dca,,,,,,,,,
2021-08-07 09:00:00+00:00,daily_eth_dca_buy,4.9164208456243852,0.0073746312684365781,2981.8861300000003,2977.4200000000001,0.0016487621026710314,0,0.56860470339208036,daily_eth_dca,,,,,,,,,
2021-08-08 09:00:00+00:00,daily_eth_dca_buy,4.9164208456243852,0.0073746312684365781,3128.8161950000003,3124.1300000000001,0.0015713357829971169,0,0.57017603917507742,daily_eth_dca,,,,,,,,,
2021-08-09 09:00:00+00:00,daily_eth_dca_buy,4.9164208456243852,0.0073746312684365781,2962.4370000000004,2958,0.0016595866327703795,0,0.57183562580784775,daily_eth_dca,,,,,,,,,
2021-08-10 09:00:00+00:00,daily_eth_dca_buy,4.9164208456243852,0.0073746312684365781,3168.3954750000003,3163.6500000000001,0.0015517068132488683,0,0.57338733262109665,daily_eth_dca,,,,,,,,,
2021-08-11 09:00:00+00:00,daily_eth_dca_buy,4.9164208456243852,0.0073746312684365781,3220.7839400000003,3215.96,0.0015264671388122934,0,0.57491379975990897,daily_eth_dca,,,,,,,,,
2021-08-12 09:00:00+00:00,daily_eth_dca_buy,4.9164208456243852,0.0073746312684365781,3134.33446,3129.6399999999999,0.0015685693114015616,0,0.57648236907131056,daily_eth_dca,,,,,,,,,
2021-08-13 09:00:00+00:00,daily_eth_dca_buy,4.9164208456243852,0.0073746312684365781,3239.8124400000002,3234.96,0.0015175016877286838,0,0.57799987075903925,daily_eth_dca,,,,,,,,,
2021-08-14 09:00:00+00:00,daily_eth_dca_buy,4.9164208456243852,0.0073746312684365781,3304.8698800000002,3299.9200000000001,0.0014876291727480614,0,0.57948749993178728,daily_eth_dca,,,,,,,,,
2021-08-15 09:00:00+00:00,daily_eth_dca_buy,4.9164208456243852,0.0073746312684365781,3155.2758250000002,3150.5500000000002,0.0015581588166303606,0,0.58104565874841763,daily_eth_dca,,,,,,,,,
2021-08-16 09:00:00+00:00,daily_eth_dca_buy,4.9164208456243852,0.0073746312684365781,3274.2039500000005,3269.3000000000002,0.0015015621875431383,0,0.58254722093596079,daily_eth_dca,,,,,,,,,
2021-08-17 09:00:00+00:00,daily_eth_dca_buy,4.9164208456243852,0.0073746312684365781,3187.2437049999999,3182.4699999999998,0.0015425305689400948,0,0.58408975150490083,daily_eth_dca,,,,,,,,,
2021-08-18 09:00:00+00:00,daily_eth_dca_buy,4.9164208456243852,0.0073746312684365781,3048.4758649999999,3043.9099999999999,0.0016127471770633112,0,0.58570249868196411,daily_eth_dca,,,,,,,,,
2021-08-19 09:00:00+00:00,daily_eth_dca_buy,4.9164208456243852,0.0073746312684365781,3007.4644400000002,3002.96,0.0016347394769609927,0,0.58733723815892513,daily_eth_dca,,,,,,,,,
2021-08-20 09:00:00+00:00,daily_eth_dca_buy,4.9164208456243852,0.0073746312684365781,3204.8600900000001,3200.0599999999999,0.0015340516301990533,0,0.58887128978912417,daily_eth_dca,,,,,,,,,
2021-08-21 09:00:00+00:00,daily_eth_dca_buy,4.9164208456243852,0.0073746312684365781,3291.840365,3286.9099999999999,0.0014935173946760889,0,0.59036480718380024,daily_eth_dca,,,,,,,,,
2021-08-22 09:00:00+00:00,daily_eth_dca_buy,4.9164208456243852,0.0073746312684365781,3255.4758999999999,3250.5999999999999,0.0015102003506228953,0,0.59187500753442313,daily_eth_dca,,,,,,,,,
2021-08-23 09:00:00+00:00,daily_eth_dca_buy,4.9164208456243852,0.0073746312684365781,3338.7806700000006,3333.7800000000002,0.00147251986025916,0,0.59334752739468233,daily_eth_dca,,,,,,,,,
2021-08-24 09:00:00+00:00,daily_eth_dca_buy,4.9164208456243852,0.0073746312684365781,3338.70055,3333.6999999999998,0.0014725551968487816,0,0.59482008259153107,daily_eth_dca,,,,,,,,,
2021-08-25 09:00:00+00:00,daily_eth_dca_buy,4.9164208456243852,0.0073746312684365781,3108.5057750000001,3103.8499999999999,0.0015816026095767459,0,0.59640168520110781,daily_eth_dca,,,,,,,,,
2021-08-26 09:00:00+00:00,daily_eth_dca_buy,4.9164208456243852,0.0073746312684365781,3105.6414850000001,3100.9899999999998,0.0015830612996929313,0,0.59798474650080069,daily_eth_dca,,,,,,,,,
2021-08-27 09:00:00+00:00,daily_eth_dca_buy,4.9164208456243852,0.0073746312684365781,3117.1086600000003,3112.4400000000001,0.001577237556301417,0,0.59956198405710215,daily_eth_dca,,,,,,,,,
2021-08-28 09:00:00+00:00,daily_eth_dca_buy,4.9164208456243852,0.0073746312684365781,3243.5680650000004,3238.71,0.0015157446204614746,0,0.60107772867756359,daily_eth_dca,,,,,,,,,
2021-08-29 09:00:00+00:00,daily_eth_dca_buy,4.9164208456243852,0.0073746312684365781,3211.3998850000003,3206.5900000000001,0.0015309276395594018,0,0.60260865631712301,daily_eth_dca,,,,,,,,,
2021-08-30 09:00:00+00:00,daily_eth_dca_buy,4.9164208456243852,0.0073746312684365781,3198.8811350000005,3194.0900000000001,0.0015369188907434612,0,0.60414557520786649,daily_eth_dca,,,,,,,,,
2021-08-31 09:00:00+00:00,daily_eth_dca_buy,4.9164208456243852,0.0073746312684365781,3351.0089849999999,3345.9899999999998,0.0014671464229524844,0,0.60561272163081903,daily_eth_dca,,,,,,,,,
2021-09-01 09:00:00+00:00,daily_eth_dca_buy,4.9164208456243852,0.0073746312684365781,3537.2879849999999,3531.9899999999998,0.0013898842464827995,0,0.60700260587730182,daily_eth_dca,,,,,,,,,
2021-09-02 09:00:00+00:00,daily_eth_dca_buy,4.9164208456243852,0.0073746312684365781,3751.568925,3745.9499999999998,0.0013104972729840983,0,0.60831310315028586,daily_eth_dca,,,,,,,,,
2021-09-03 09:00:00+00:00,daily_eth_dca_buy,4.9164208456243852,0.0073746312684365781,3896.0152699999999,3890.1799999999998,0.0012619100555076586,0,0.60957501320579355,daily_eth_dca,,,,,,,,,
2021-09-04 09:00:00+00:00,daily_eth_dca_buy,4.9164208456243852,0.0073746312684365781,3939.4603400000001,3933.5599999999999,0.0012479934867485898,0,0.61082300669254219,daily_eth_dca,,,,,,,,,
2021-09-05 09:00:00+00:00,daily_eth_dca_buy,4.9164208456243852,0.0073746312684365781,3923.8870150000002,3918.0100000000002,0.0012529465876132992,0,0.61207595328015552,daily_eth_dca,,,,,,,,,
2021-09-06 09:00:00+00:00,daily_eth_dca_buy,4.9164208456243852,0.0073746312684365781,3964.9485150000005,3959.0100000000002,0.0012399709169046763,0,0.61331592419706016,daily_eth_dca,,,,,,,,,
2021-09-07 09:00:00+00:00,daily_eth_dca_buy,4.9164208456243852,0.0073746312684365781,3761.3635950000003,3755.73,0.0013070847104916441,0,0.61462300890755184,daily_eth_dca,,,,,,,,,
2021-09-08 09:00:00+00:00,daily_eth_dca_buy,4.9164208456243852,0.0073746312684365781,3366.3018900000002,3361.2600000000002,0.0014604812658749347,0,0.61608349017342678,daily_eth_dca,,,,,,,,,
2021-09-09 09:00:00+00:00,daily_eth_dca_buy,4.9164208456243852,0.0073746312684365781,3534.1432749999999,3528.8499999999999,0.0013911209770136965,0,0.61747461115044044,daily_eth_dca,,,,,,,,,
2021-09-10 09:00:00+00:00,daily_eth_dca_buy,4.9164208456243852,0.0073746312684365781,3380.5932950000006,3375.5300000000002,0.0014543071042872622,0,0.61892891825472773,daily_eth_dca,,,,,,,,,
2021-09-11 09:00:00+00:00,daily_eth_dca_buy,4.9164208456243852,0.0073746312684365781,3258.0697850000001,3253.1900000000001,0.0015089980172491562,0,0.62043791627197686,daily_eth_dca,,,,,,,,,
2021-09-12 09:00:00+00:00,daily_eth_dca_buy,4.9164208456243852,0.0073746312684365781,3444.9196400000005,3439.7600000000002,0.0014271510976739024,0,0.62186506736965075,daily_eth_dca,,,,,,,,,
2021-09-13 09:00:00+00:00,daily_eth_dca_buy,4.9164208456243852,0.0073746312684365781,3206.993285,3202.1900000000001,0.0015330312254222213,0,0.623398098595073,daily_eth_dca,,,,,,,,,
2021-09-14 09:00:00+00:00,daily_eth_dca_buy,4.9164208456243852,0.0073746312684365781,3348.7155499999999,3343.6999999999998,0.0014681512276025909,0,0.62486624982267558,daily_eth_dca,,,,,,,,,
2021-09-15 09:00:00+00:00,daily_eth_dca_buy,4.9164208456243852,0.0073746312684365781,3400.4330100000002,3395.3400000000001,0.0014458219971298259,0,0.62631207181980542,daily_eth_dca,,,,,,,,,
2021-09-16 09:00:00+00:00,daily_eth_dca_buy,4.9164208456243852,0.0073746312684365781,3631.5591800000002,3626.1199999999999,0.0013538044134597815,0,0.6276658762332652,daily_eth_dca,,,,,,,,,
2021-09-17 09:00:00+00:00,daily_eth_dca_buy,4.9164208456243852,0.0073746312684365781,3536.2464249999998,3530.9499999999998,0.0013902936206218676,0,0.62905616985388702,daily_eth_dca,,,,,,,,,
2021-09-18 09:00:00+00:00,daily_eth_dca_buy,4.9164208456243852,0.0073746312684365781,3519.0506700000005,3513.7800000000002,0.001397087256383377,0,0.63045325711027034,daily_eth_dca,,,,,,,,,
2021-09-19 09:00:00+00:00,daily_eth_dca_buy,4.9164208456243852,0.0073746312684365781,3447.1229400000002,3441.96,0.0014262389045005702,0,0.63187949601477089,daily_eth_dca,,,,,,,,,
2021-09-20 09:00:00+00:00,daily_eth_dca_buy,4.9164208456243852,0.0073746312684365781,3162.3063550000002,3157.5700000000002,0.0015546946733515908,0,0.63343419068812246,daily_eth_dca,,,,,,,,,
2021-09-21 09:00:00+00:00,daily_eth_dca_buy,4.9164208456243852,0.0073746312684365781,3081.2449450000004,3076.6300000000001,0.0015955955898937417,0,0.63502978627801621,daily_eth_dca,,,,,,,,,
2021-09-22 09:00:00+00:00,daily_eth_dca_buy,4.9164208456243852,0.0073746312684365781,2931.53071,2927.1399999999999,0.0016770831800784326,0,0.63670686945809463,daily_eth_dca,,,,,,,,,
2021-09-23 09:00:00+00:00,daily_eth_dca_buy,4.9164208456243852,0.0073746312684365781,3123.0575700000004,3118.3800000000001,0.0015742331786808479,0,0.63828110263677551,daily_eth_dca,,,,,,,,,
2021-09-24 09:00:00+00:00,daily_eth_dca_buy,4.9164208456243852,0.0073746312684365781,3062.1463400000002,3057.5599999999999,0.0016055473186903225,0,0.63988664995546585,daily_eth_dca,,,,,,,,,
2021-09-25 09:00:00+00:00,daily_eth_dca_buy,4.9164208456243852,0.0073746312684365781,2910.8297050000001,2906.4699999999998,0.0016890101255938588,0,0.64157566008105971,daily_eth_dca,,,,,,,,,
2021-09-26 09:00:00+00:00,daily_eth_dca_buy,4.9164208456243852,0.0073746312684365781,2790.3292250000004,2786.1500000000001,0.0017619500959154325,0,0.64333761017697511,daily_eth_dca,,,,,,,,,
2021-09-27 09:00:00+00:00,daily_eth_dca_buy,4.9164208456243852,0.0073746312684365781,3114.6549850000001,3109.9899999999998,0.0015784800786288005,0,0.64491609025560392,daily_eth_dca,,,,,,,,,
2021-09-28 09:00:00+00:00,daily_eth_dca_buy,4.9164208456243852,0.0073746312684365781,2912.3620000000001,2908,0.0016881214785883021,0,0.64660421173419225,daily_eth_dca,,,,,,,,,
2021-09-29 09:00:00+00:00,daily_eth_dca_buy,4.9164208456243852,0.0073746312684365781,2931.4505899999999,2927.0599999999999,0.0016771290167385646,0,0.6482813407509308,daily_eth_dca,,,,,,,,,
2021-09-30 09:00:00+00:00,daily_eth_dca_buy,4.9164208456243852,0.0073746312684365781,2980.774465,2976.3099999999999,0.0016493770002905554,0,0.64993071775122135,daily_eth_dca,,,,,,,,,
2021-10-01 09:00:00+00:00,daily_eth_dca_buy,4.9164208456243852,0.0073746312684365781,3125.5012300000003,3120.8200000000002,0.0015730023710866959,0,0.65150372012230806,daily_eth_dca,,,,,,,,,
2021-10-02 09:00:00+00:00,daily_eth_dca_buy,4.9164208456243852,0.0073746312684365781,3289.7272000000003,3284.8000000000002,0.0014944767595393275,0,0.65299819688184735,daily_eth_dca,,,,,,,,,
2021-10-03 09:00:00+00:00,daily_eth_dca_buy,4.9164208456243852,0.0073746312684365781,3397.298315,3392.21,0.0014471560604251456,0,0.65444535294227246,daily_eth_dca,,,,,,,,,
2021-10-04 09:00:00+00:00,daily_eth_dca_buy,4.9164208456243852,0.0073746312684365781,3355.0350150000004,3350.0100000000002,0.0014653858525003755,0,0.6559107387947728,daily_eth_dca,,,,,,,,,
2021-10-05 09:00:00+00:00,daily_eth_dca_buy,4.9164208456243852,0.0073746312684365781,3423.3473300000001,3418.2199999999998,0.0014361443265017415,0,0.65734688312127454,daily_eth_dca,,,,,,,,,
2021-10-06 09:00:00+00:00,daily_eth_dca_buy,4.9164208456243852,0.0073746312684365781,3384.22874,3379.1599999999999,0.0014527448418348889,0,0.65879962796310942,daily_eth_dca,,,,,,,,,
2021-10-07 09:00:00+00:00,daily_eth_dca_buy,4.9164208456243852,0.0073746312684365781,3594.2032300000005,3588.8200000000002,0.0013678750284870187,0,0.66016750299159643,daily_eth_dca,,,,,,,,,
2021-10-08 09:00:00+00:00,daily_eth_dca_buy,4.9164208456243852,0.0073746312684365781,3667.71333,3662.2199999999998,0.001340459409793727,0,0.6615079624013902,daily_eth_dca,,,,,,,,,
2021-10-09 09:00:00+00:00,daily_eth_dca_buy,4.9164208456243852,0.0073746312684365781,3587.9238250000003,3582.5500000000002,0.0013702690150129886,0,0.66287823141640323,daily_eth_dca,,,,,,,,,
2021-10-10 09:00:00+00:00,daily_eth_dca_buy,4.9164208456243852,0.0073746312684365781,3595.4150450000002,3590.0300000000002,0.0013674139936810507,0,0.66424564541008424,daily_eth_dca,,,,,,,,,
2021-10-11 09:00:00+00:00,daily_eth_dca_buy,4.9164208456243852,0.0073746312684365781,3607.1225800000002,3601.7199999999998,0.0013629758170359669,0,0.66560862122712017,daily_eth_dca,,,,,,,,,
2021-10-12 09:00:00+00:00,daily_eth_dca_buy,4.9164208456243852,0.0073746312684365781,3502.8564150000002,3497.6100000000001,0.0014035462100505153,0,0.66701216743717073,daily_eth_dca,,,,,,,,,
2021-10-13 09:00:00+00:00,daily_eth_dca_buy,4.9164208456243852,0.0073746312684365781,3432.2106050000002,3427.0700000000002,0.0014324356548698401,0,0.66844460309204057,daily_eth_dca,,,,,,,,,
2021-10-14 09:00:00+00:00,daily_eth_dca_buy,4.9164208456243852,0.0073746312684365781,3651.0884300000002,3645.6199999999999,0.0013465630701320441,0,0.6697911661621726,daily_eth_dca,,,,,,,,,
2021-10-15 09:00:00+00:00,daily_eth_dca_buy,4.9164208456243852,0.0073746312684365781,3770.4271700000004,3764.7800000000002,0.001303942663245869,0,0.67109510882541845,daily_eth_dca,,,,,,,,,
2021-10-16 09:00:00+00:00,daily_eth_dca_buy,4.9164208456243852,0.0073746312684365781,3946.5409450000002,3940.6300000000001,0.0012457544249865587,0,0.67234086325040499,daily_eth_dca,,,,,,,,,
2021-10-17 09:00:00+00:00,daily_eth_dca_buy,4.9164208456243852,0.0073746312684365781,3894.0723600000001,3888.2399999999998,0.0012625396734087357,0,0.67360340292381371,daily_eth_dca,,,,,,,,,
2021-10-18 09:00:00+00:00,daily_eth_dca_buy,4.9164208456243852,0.0073746312684365781,3828.5141700000004,3822.7800000000002,0.001284158978475032,0,0.67488756190228871,daily_eth_dca,,,,,,,,,
2021-10-19 09:00:00+00:00,daily_eth_dca_buy,4.9164208456243852,0.0073746312684365781,3815.7150000000001,3810,0.0012884664723713342,0,0.67617602837466007,daily_eth_dca,,,,,,,,,
2021-10-20 09:00:00+00:00,daily_eth_dca_buy,4.9164208456243852,0.0073746312684365781,3856.4059450000004,3850.6300000000001,0.001274871192437285,0,0.67745089956709736,daily_eth_dca,,,,,,,,,
2021-10-21 09:00:00+00:00,daily_eth_dca_buy,4.9164208456243852,0.0073746312684365781,4201.7131300000001,4195.4200000000001,0.0011700991223130897,0,0.6786209986894105,daily_eth_dca,,,,,,,,,
2021-10-22 09:00:00+00:00,daily_eth_dca_buy,4.9164208456243852,0.0073746312684365781,4151.7382800000005,4145.5200000000004,0.0011841837115089983,0,0.67980518240091947,daily_eth_dca,,,,,,,,,
2021-10-23 09:00:00+00:00,daily_eth_dca_buy,4.9164208456243852,0.0073746312684365781,4028.6138700000001,4022.5799999999999,0.0012203752963855991,0,0.68102555769730511,daily_eth_dca,,,,,,,,,
2021-10-24 09:00:00+00:00,daily_eth_dca_buy,4.9164208456243852,0.0073746312684365781,4077.2967850000005,4071.1900000000001,0.001205804017924681,0,0.6822313617152298,daily_eth_dca,,,,,,,,,
2021-10-25 09:00:00+00:00,daily_eth_dca_buy,4.9164208456243852,0.0073746312684365781,4129.7854000000007,4123.6000000000004,0.0011904785284059516,0,0.68342184024363573,daily_eth_dca,,,,,,,,,
2021-10-26 09:00:00+00:00,daily_eth_dca_buy,4.9164208456243852,0.0073746312684365781,4219.629965000001,4213.3100000000004,0.0011651308020854819,0,0.68458697104572119,daily_eth_dca,,,,,,,,,
2021-10-27 09:00:00+00:00,daily_eth_dca_buy,4.9164208456243852,0.0073746312684365781,4052.1991950000001,4046.1300000000001,0.0012132722526796674,0,0.68580024329840084,daily_eth_dca,,,,,,,,,
2021-10-28 09:00:00+00:00,daily_eth_dca_buy,4.9164208456243852,0.0073746312684365781,4142.5645400000003,4136.3599999999997,0.0011868060951500312,0,0.68698704939355082,daily_eth_dca,,,,,,,,,
2021-10-29 09:00:00+00:00,daily_eth_dca_buy,4.9164208456243852,0.0073746312684365781,4347.882055,4341.3699999999999,0.001130762238587078,0,0.68811781163213792,daily_eth_dca,,,,,,,,,
2021-10-30 09:00:00+00:00,daily_eth_dca_buy,4.9164208456243852,0.0073746312684365781,4325.7689350000001,4319.29,0.00113654264004843,0,0.6892543542721864,daily_eth_dca,,,,,,,,,
2021-10-31 09:00:00+00:00,daily_eth_dca_buy,4.9164208456243852,0.0073746312684365781,4278.8686900000002,4272.46,0.0011490001684591039,0,0.69040335444064549,daily_eth_dca,,,,,,,,,
2021-11-01 09:00:00+00:00,daily_eth_dca_buy,4.9164208456243852,0.0073746312684365781,4317.5766649999996,4311.1099999999997,0.0011386991423867133,0,0.69154205358303222,daily_eth_dca,,,,,,,,,
2021-11-02 09:00:00+00:00,daily_eth_dca_buy,4.9164208456243852,0.0073746312684365781,4356.615135,4350.0900000000001,0.0011284955620998148,0,0.69267054914513204,daily_eth_dca,,,,,,,,,
2021-11-03 09:00:00+00:00,daily_eth_dca_buy,4.9164208456243852,0.0073746312684365781,4588.2620850000003,4581.3900000000003,0.0010715213635457323,0,0.69374207050867776,daily_eth_dca,,,,,,,,,
2021-11-04 09:00:00+00:00,daily_eth_dca_buy,4.9164208456243852,0.0073746312684365781,4508.3524000000007,4501.6000000000004,0.0010905138750077266,0,0.69483258438368545,daily_eth_dca,,,,,,,,,
2021-11-05 09:00:00+00:00,daily_eth_dca_buy,4.9164208456243852,0.0073746312684365781,4547.4910200000004,4540.6800000000003,0.0010811282142178665,0,0.69591371259790336,daily_eth_dca,,,,,,,,,
2021-11-06 09:00:00+00:00,daily_eth_dca_buy,4.9164208456243852,0.0073746312684365781,4477.8467100000007,4471.1400000000003,0.0010979430882805687,0,0.69701165568618395,daily_eth_dca,,,,,,,,,
2021-11-07 09:00:00+00:00,daily_eth_dca_buy,4.9164208456243852,0.0073746312684365781,4551.4369299999998,4544.6199999999999,0.0010801909201946,0,0.69809184660637857,daily_eth_dca,,,,,,,,,
2021-11-08 09:00:00+00:00,daily_eth_dca_buy,4.9164208456243852,0.0073746312684365781,4745.9382450000003,4738.8299999999999,0.0010359217907658183,0,0.69912776839714441,daily_eth_dca,,,,,,,,,
2021-11-09 09:00:00+00:00,daily_eth_dca_buy,4.9164208456243852,0.0073746312684365781,4816.1634249999997,4808.9499999999998,0.0010208168643331254,0,0.7001485852614775,daily_eth_dca,,,,,,,,,
2021-11-10 09:00:00+00:00,daily_eth_dca_buy,4.9164208456243852,0.0073746312684365781,4716.073515,4709.0100000000002,0.0010424818082218519,0,0.70119106706969936,daily_eth_dca,,,,,,,,,
2021-11-11 09:00:00+00:00,daily_eth_dca_buy,4.9164208456243852,0.0073746312684365781,4727.6007800000007,4720.5200000000004,0.001039939934527294,0,0.70223100700422669,daily_eth_dca,,,,,,,,,
2021-11-12 09:00:00+00:00,daily_eth_dca_buy,4.9164208456243852,0.0073746312684365781,4739.6788700000006,4732.5799999999999,0.0010372898629784984,0,0.70326829686720516,daily_eth_dca,,,,,,,,,
2021-11-13 09:00:00+00:00,daily_eth_dca_buy,4.9164208456243852,0.0073746312684365781,4631.8673950000002,4624.9300000000003,0.0010614338508333711,0,0.7043297307180385,daily_eth_dca,,,,,,,,,
2021-11-14 09:00:00+00:00,daily_eth_dca_buy,4.9164208456243852,0.0073746312684365781,4590.9761500000004,4584.1000000000004,0.0010708879081465898,0,0.70540061862618508,daily_eth_dca,,,,,,,,,
2021-11-15 09:00:00+00:00,daily_eth_dca_buy,4.9164208456243852,0.0073746312684365781,4726.7795500000002,4719.6999999999998,0.0010401206135421282,0,0.70644073923972717,daily_eth_dca,,,,,,,,,
2021-11-16 09:00:00+00:00,daily_eth_dca_buy,4.9164208456243852,0.0073746312684365781,4331.3472899999997,4324.8599999999997,0.0011350788834169853,0,0.70757581812314418,daily_eth_dca,,,,,,,,,
2021-11-17 09:00:00+00:00,daily_eth_dca_buy,4.9164208456243852,0.0073746312684365781,4201.3826349999999,4195.0900000000001,0.0011701911662764764,0,0.70874600928942066,daily_eth_dca,,,,,,,,,
2021-11-18 09:00:00+00:00,daily_eth_dca_buy,4.9164208456243852,0.0073746312684365781,4249.0039600000009,4242.6400000000003,0.0011570760799254195,0,0.7099030853693461,daily_eth_dca,,,,,,,,,
2021-11-19 09:00:00+00:00,daily_eth_dca_buy,4.9164208456243852,0.0073746312684365781,4147.2515600000006,4141.04,0.0011854648251972408,0,0.71108855019454331,daily_eth_dca,,,,,,,,,
2021-11-20 09:00:00+00:00,daily_eth_dca_buy,4.9164208456243852,0.0073746312684365781,4295.3033050000004,4288.8699999999999,0.0011446038839449046,0,0.7122331540784882,daily_eth_dca,,,,,,,,,
2021-11-21 09:00:00+00:00,daily_eth_dca_buy,4.9164208456243852,0.0073746312684365781,4345.7288300000009,4339.2200000000003,0.0011313225095143326,0,0.71336447658800251,daily_eth_dca,,,,,,,,,
2021-11-22 09:00:00+00:00,daily_eth_dca_buy,4.9164208456243852,0.0073746312684365781,4202.8848850000004,4196.5900000000001,0.0011697729012685972,0,0.71453424948927113,daily_eth_dca,,,,,,,,,
2021-11-23 09:00:00+00:00,daily_eth_dca_buy,4.9164208456243852,0.0073746312684365781,4138.1980000000003,4132,0.0011880583881255524,0,0.71572230787739666,daily_eth_dca,,,,,,,,,
2021-11-24 09:00:00+00:00,daily_eth_dca_buy,4.9164208456243852,0.0073746312684365781,4306.4800450000002,4300.0299999999997,0.0011416332583109379,0,0.71686394113570762,daily_eth_dca,,,,,,,,,
2021-11-25 09:00:00+00:00,daily_eth_dca_buy,4.9164208456243852,0.0073746312684365781,4290.9267500000005,4284.5,0.0011457713291480411,0,0.71800971246485568,daily_eth_dca,,,,,,,,,
2021-11-26 09:00:00+00:00,daily_eth_dca_buy,4.9164208456243852,0.0073746312684365781,4106.0198049999999,4099.8699999999999,0.0011973690043183768,0,0.719207081469174,daily_eth_dca,,,,,,,,,
2021-11-27 09:00:00+00:00,daily_eth_dca_buy,4.9164208456243852,0.0073746312684365781,4167.4217700000008,4161.1800000000003,0.0011797272071226868,0,0.72038680867629667,daily_eth_dca,,,,,,,,,
2021-11-28 09:00:00+00:00,daily_eth_dca_buy,4.9164208456243852,0.0073746312684365781,4064.1170450000004,4058.0300000000002,0.001209714383514854,0,0.72159652305981148,daily_eth_dca,,,,,,,,,
2021-11-29 09:00:00+00:00,daily_eth_dca_buy,4.9164208456243852,0.0073746312684365781,4323.8360400000001,4317.3599999999997,0.0011370507114845144,0,0.72273357377129599,daily_eth_dca,,,,,,,,,
2021-11-30 09:00:00+00:00,daily_eth_dca_buy,4.9164208456243852,0.0073746312684365781,4427.9019050000006,4421.2700000000004,0.0011103274081281584,0,0.7238439011794241,daily_eth_dca,,,,,,,,,
2021-12-01 09:00:00+00:00,daily_eth_dca_buy,4.9164208456243852,0.0073746312684365781,4713.129105,4706.0699999999997,0.0010431330727623651,0,0.72488703425218648,daily_eth_dca,,,,,,,,,
2021-12-02 09:00:00+00:00,daily_eth_dca_buy,4.9164208456243852,0.0073746312684365781,4592.0277249999999,4585.1499999999996,0.0010706426746638132,0,0.72595767692685031,daily_eth_dca,,,,,,,,,
2021-12-03 09:00:00+00:00,daily_eth_dca_buy,4.9164208456243852,0.0073746312684365781,4566.4794600000005,4559.6400000000003,0.001076632641992522,0,0.72703430956884285,daily_eth_dca,,,,,,,,,
2021-12-04 09:00:00+00:00,daily_eth_dca_buy,4.9164208456243852,0.0073746312684365781,3944.1073000000001,3938.1999999999998,0.0012465230967789302,0,0.72828083266562182,daily_eth_dca,,,,,,,,,
2021-12-05 09:00:00+00:00,daily_eth_dca_buy,4.9164208456243852,0.0073746312684365781,4219.7801900000004,4213.46,0.0011650893232010705,0,0.72944592198882285,daily_eth_dca,,,,,,,,,
2021-12-06 09:00:00+00:00,daily_eth_dca_buy,4.9164208456243852,0.0073746312684365781,4051.4580850000002,4045.3899999999999,0.0012134941896170166,0,0.73065941617843988,daily_eth_dca,,,,,,,,,
2021-12-07 09:00:00+00:00,daily_eth_dca_buy,4.9164208456243852,0.0073746312684365781,4414.3215650000002,4407.71,0.0011137432498360333,0,0.73177315942827592,daily_eth_dca,,,,,,,,,
2021-12-08 09:00:00+00:00,daily_eth_dca_buy,4.9164208456243852,0.0073746312684365781,4371.5475000000006,4365,0.0011246408384272125,0,0.73289780026670315,daily_eth_dca,,,,,,,,,
2021-12-09 09:00:00+00:00,daily_eth_dca_buy,4.9164208456243852,0.0073746312684365781,4350.1955200000002,4343.6800000000003,0.0011301608911648147,0,0.73402796115786795,daily_eth_dca,,,,,,,,,
2021-12-10 09:00:00+00:00,daily_eth_dca_buy,4.9164208456243852,0.0073746312684365781,4079.8405950000001,4073.73,0.0012050521904335297,0,0.73523301334830149,daily_eth_dca,,,,,,,,,
2021-12-11 09:00:00+00:00,daily_eth_dca_buy,4.9164208456243852,0.0073746312684365781,4027.6223850000006,4021.5900000000001,0.0012206757177471554,0,0.73645368906604869,daily_eth_dca,,,,,,,,,
2021-12-12 09:00:00+00:00,daily_eth_dca_buy,4.9164208456243852,0.0073746312684365781,4017.2368299999998,4011.2199999999998,0.0012238314676668901,0,0.7376775205337156,daily_eth_dca,,,,,,,,,
2021-12-13 09:00:00+00:00,daily_eth_dca_buy,4.9164208456243852,0.0073746312684365781,4025.1887400000001,4019.1599999999999,0.0012214137431042266,0,0.73889893427681985,daily_eth_dca,,,,,,,,,
2021-12-14 09:00:00+00:00,daily_eth_dca_buy,4.9164208456243852,0.0073746312684365781,3823.3464300000001,3817.6199999999999,0.0012858946830053234,0,0.74018482895982518,daily_eth_dca,,,,,,,,,
2021-12-15 09:00:00+00:00,daily_eth_dca_buy,4.9164208456243852,0.0073746312684365781,3894.7633949999999,3888.9299999999998,0.0012623156651661981,0,0.74144714462499139,daily_eth_dca,,,,,,,,,
2021-12-16 09:00:00+00:00,daily_eth_dca_buy,4.9164208456243852,0.0073746312684365781,4035.0034400000004,4028.96,0.0012184427891403196,0,0.74266558741413169,daily_eth_dca,,,,,,,,,
2021-12-17 09:00:00+00:00,daily_eth_dca_buy,4.9164208456243852,0.0073746312684365781,3894.4929900000002,3888.6599999999999,0.0012624033110981117,0,0.74392799072522975,daily_eth_dca,,,,,,,,,
2021-12-18 09:00:00+00:00,daily_eth_dca_buy,4.9164208456243852,0.0073746312684365781,3899.7108050000002,3893.8699999999999,0.0012607142148389091,0,0.74518870494006861,daily_eth_dca,,,,,,,,,
2021-12-19 09:00:00+00:00,daily_eth_dca_buy,4.9164208456243852,0.0073746312684365781,3974.9735300000002,3969.02,0.0012368436691512722,0,0.74642554860921984,daily_eth_dca,,,,,,,,,
2021-12-20 09:00:00+00:00,daily_eth_dca_buy,4.9164208456243852,0.0073746312684365781,3820.3118850000005,3814.5900000000001,0.0012869160931410144,0,0.74771246470236086,daily_eth_dca,,,,,,,,,
2021-12-21 09:00:00+00:00,daily_eth_dca_buy,4.9164208456243852,0.0073746312684365781,4024.878275,4018.8499999999999,0.0012215079586784237,0,0.74893397266103923,daily_eth_dca,,,,,,,,,
2021-12-22 09:00:00+00:00,daily_eth_dca_buy,4.9164208456243852,0.0073746312684365781,4039.1296200000002,4033.0799999999999,0.0012171980867562218,0,0.75015117074779547,daily_eth_dca,,,,,,,,,
2021-12-23 09:00:00+00:00,daily_eth_dca_buy,4.9164208456243852,0.0073746312684365781,3936.4257950000006,3930.5300000000002,0.0012489555504562443,0,0.7514001262982517,daily_eth_dca,,,,,,,,,
2021-12-24 09:00:00+00:00,daily_eth_dca_buy,4.9164208456243852,0.0073746312684365781,4100.7919750000001,4094.6500000000001,0.0011988954513169094,0,0.75259902174956861,daily_eth_dca,,,,,,,,,
2021-12-25 09:00:00+00:00,daily_eth_dca_buy,4.9164208456243852,0.0073746312684365781,4063.6162950000003,4057.5300000000002,0.0012098634538092836,0,0.75380888520337785,daily_eth_dca,,,,,,,,,
2021-12-26 09:00:00+00:00,daily_eth_dca_buy,4.9164208456243852,0.0073746312684365781,4038.1581650000003,4032.1100000000001,0.0012174909066803195,0,0.75502637611005818,daily_eth_dca,,,,,,,,,
2021-12-27 09:00:00+00:00,daily_eth_dca_buy,4.9164208456243852,0.0073746312684365781,4043.4961600000001,4037.4400000000001,0.0012158836440256159,0,0.75624225975408377,daily_eth_dca,,,,,,,,,
2021-12-28 09:00:00+00:00,daily_eth_dca_buy,4.9164208456243852,0.0073746312684365781,3923.1459050000003,3917.27,0.0012531832780826398,0,0.75749544303216643,daily_eth_dca,,,,,,,,,
2021-12-29 09:00:00+00:00,daily_eth_dca_buy,4.9164208456243852,0.0073746312684365781,3802.3049150000002,3796.6100000000001,0.0012930106752431204,0,0.75878845370740955,daily_eth_dca,,,,,,,,,
2021-12-30 09:00:00+00:00,daily_eth_dca_buy,4.9164208456243852,0.0073746312684365781,3697.3276850000002,3691.79,0.0013297227793928645,0,0.76011817648680247,daily_eth_dca,,,,,,,,,
2021-12-31 09:00:00+00:00,daily_eth_dca_buy,4.9164208456243852,0.0073746312684365781,3805.4596400000005,3799.7600000000002,0.0012919387697472426,0,0.76141011525654967,daily_eth_dca,,,,,,,,,
2022-01-01 09:00:00+00:00,daily_eth_dca_buy,4.9164208456243852,0.0073746312684365781,3726.7217100000003,3721.1399999999999,0.0013192347666937504,0,0.76272935002324338,daily_eth_dca,,,,,,,,,
2022-01-02 09:00:00+00:00,daily_eth_dca_buy,4.9164208456243852,0.0073746312684365781,3749.616,3744,0.0013111798236471108,0,0.76404052984689053,daily_eth_dca,,,,,,,,,
2022-01-03 09:00:00+00:00,daily_eth_dca_buy,4.9164208456243852,0.0073746312684365781,3813.1010850000002,3807.3899999999999,0.0012893497276966065,0,0.76532987957458709,daily_eth_dca,,,,,,,,,
2022-01-04 09:00:00+00:00,daily_eth_dca_buy,4.9164208456243852,0.0073746312684365781,3775.7751800000001,3770.1199999999999,0.0013020957581548552,0,0.76663197533274197,daily_eth_dca,,,,,,,,,
2022-01-05 09:00:00+00:00,daily_eth_dca_buy,4.9164208456243852,0.0073746312684365781,3826.5612450000003,3820.8299999999999,0.0012848143622550029,0,0.76791678969499699,daily_eth_dca,,,,,,,,,
2022-01-06 09:00:00+00:00,daily_eth_dca_buy,4.9164208456243852,0.0073746312684365781,3410.6683400000002,3405.5599999999999,0.0014414831216407237,0,0.76935827281663771,daily_eth_dca,,,,,,,,,
2022-01-07 09:00:00+00:00,daily_eth_dca_buy,4.9164208456243852,0.0073746312684365781,3235.8465000000001,3231,0.0015193615783765963,0,0.77087763439501433,daily_eth_dca,,,,,,,,,
2022-01-08 09:00:00+00:00,daily_eth_dca_buy,4.9164208456243852,0.0073746312684365781,3220.5035200000002,3215.6799999999998,0.001526600053405433,0,0.77240423444841977,daily_eth_dca,,,,,,,,,
2022-01-09 09:00:00+00:00,daily_eth_dca_buy,4.9164208456243852,0.0073746312684365781,3112.4817300000004,3107.8200000000002,0.0015795822344070063,0,0.77398381668282679,daily_eth_dca,,,,,,,,,
2022-01-10 09:00:00+00:00,daily_eth_dca_buy,4.9164208456243852,0.0073746312684365781,3149.987905,3145.27,0.0015607745152990946,0,0.77554459119812591,daily_eth_dca,,,,,,,,,
2022-01-11 09:00:00+00:00,daily_eth_dca_buy,4.9164208456243852,0.0073746312684365781,3112.1011600000002,3107.4400000000001,0.0015797753970260996,0,0.77712436659515205,daily_eth_dca,,,,,,,,,
2022-01-12 09:00:00+00:00,daily_eth_dca_buy,4.9164208456243852,0.0073746312684365781,3236.8379850000001,3231.9899999999998,0.0015188961784333439,0,0.77864326277358542,daily_eth_dca,,,,,,,,,
2022-01-13 09:00:00+00:00,daily_eth_dca_buy,4.9164208456243852,0.0073746312684365781,3362.5963400000001,3357.5599999999999,0.0014620907026932602,0,0.78010535347627863,daily_eth_dca,,,,,,,,,
2022-01-14 09:00:00+00:00,daily_eth_dca_buy,4.9164208456243852,0.0073746312684365781,3261.6651700000002,3256.7800000000002,0.0015073346249162617,0,0.78161268810119489,daily_eth_dca,,,,,,,,,
2022-01-15 09:00:00+00:00,daily_eth_dca_buy,4.9164208456243852,0.0073746312684365781,3316.6174750000005,3311.6500000000001,0.0014823599292602728,0,0.78309504803045515,daily_eth_dca,,,,,,,,,
2022-01-16 09:00:00+00:00,daily_eth_dca_buy,4.9164208456243852,0.0073746312684365781,3316.4872800000003,3311.52,0.0014824181221115326,0,0.78457746615256674,daily_eth_dca,,,,,,,,,
2022-01-17 09:00:00+00:00,daily_eth_dca_buy,4.9164208456243852,0.0073746312684365781,3276.4573250000003,3271.5500000000002,0.001500529492055687,0,0.78607799564462244,daily_eth_dca,,,,,,,,,
2022-01-18 09:00:00+00:00,daily_eth_dca_buy,4.9164208456243852,0.0073746312684365781,3161.8156200000003,3157.0799999999999,0.001554935972396893,0,0.78763293161701931,daily_eth_dca,,,,,,,,,
2022-01-19 09:00:00+00:00,daily_eth_dca_buy,4.9164208456243852,0.0073746312684365781,3068.8664050000002,3064.27,0.0016020315637116777,0,0.78923496318073094,daily_eth_dca,,,,,,,,,
2022-01-20 09:00:00+00:00,daily_eth_dca_buy,4.9164208456243852,0.0073746312684365781,3134.9253450000001,3130.23,0.0015682736603172237,0,0.79080323684104814,daily_eth_dca,,,,,,,,,
2022-01-21 09:00:00+00:00,daily_eth_dca_buy,4.9164208456243852,0.0073746312684365781,2896.4681950000004,2892.1300000000001,0.0016973847163629513,0,0.79250062155741108,daily_eth_dca,,,,,,,,,
2022-01-22 09:00:00+00:00,daily_eth_dca_buy,4.9164208456243852,0.0073746312684365781,2473.074055,2469.3699999999999,0.0019879796303246509,0,0.79448860118773568,daily_eth_dca,,,,,,,,,
2022-01-23 09:00:00+00:00,daily_eth_dca_buy,4.9164208456243852,0.0073746312684365781,2523.9803000000002,2520.1999999999998,0.0019478840011645038,0,0.7964364851889002,daily_eth_dca,,,,,,,,,
2022-01-24 09:00:00+00:00,daily_eth_dca_buy,4.9164208456243852,0.0073746312684365781,2387.886465,2384.3099999999999,0.0020589005874801442,0,0.79849538577638035,daily_eth_dca,,,,,,,,,
2022-01-25 09:00:00+00:00,daily_eth_dca_buy,4.9164208456243852,0.0073746312684365781,2388.9981300000004,2385.4200000000001,0.0020579425257333224,0,0.80055332830211368,daily_eth_dca,,,,,,,,,
2022-01-26 09:00:00+00:00,daily_eth_dca_buy,4.9164208456243852,0.0073746312684365781,2491.3714599999998,2487.6399999999999,0.0019733792911091571,0,0.80252670759322287,daily_eth_dca,,,,,,,,,
2022-01-27 09:00:00+00:00,daily_eth_dca_buy,4.9164208456243852,0.0073746312684365781,2443.7401199999999,2440.0799999999999,0.0020118427509486507,0,0.80453855034417154,daily_eth_dca,,,,,,,,,
2022-01-28 09:00:00+00:00,daily_eth_dca_buy,4.9164208456243852,0.0073746312684365781,2407.1252800000002,2403.52,0.0020424449389789901,0,0.80658099528315053,daily_eth_dca,,,,,,,,,
2022-01-29 09:00:00+00:00,daily_eth_dca_buy,4.9164208456243852,0.0073746312684365781,2560.6151700000005,2556.7800000000002,0.0019200155115945768,0,0.80850101079474512,daily_eth_dca,,,,,,,,,
2022-01-30 09:00:00+00:00,daily_eth_dca_buy,4.9164208456243852,0.0073746312684365781,2610.7803050000002,2606.8699999999999,0.0018831231552531513,0,0.81038413394999831,daily_eth_dca,,,,,,,,,
2022-01-31 09:00:00+00:00,daily_eth_dca_buy,4.9164208456243852,0.0073746312684365781,2535.7078649999999,2531.9099999999999,0.0019388751020908261,0,0.8123230090520891,daily_eth_dca,,,,,,,,,
2022-02-01 09:00:00+00:00,daily_eth_dca_buy,4.9164208456243852,0.0073746312684365781,2769.4279200000005,2765.2800000000002,0.001775247808444274,0,0.81409825686053339,daily_eth_dca,,,,,,,,,
2022-02-02 09:00:00+00:00,daily_eth_dca_buy,4.9164208456243852,0.0073746312684365781,2767.0643800000003,2762.9200000000001,0.0017767641696953885,0,0.8158750210302288,daily_eth_dca,,,,,,,,,
2022-02-03 09:00:00+00:00,daily_eth_dca_buy,4.9164208456243852,0.0073746312684365781,2676.6790050000004,2672.6700000000001,0.0018367614631566119,0,0.81771178249338539,daily_eth_dca,,,,,,,,,
2022-02-04 09:00:00+00:00,daily_eth_dca_buy,4.9164208456243852,0.0073746312684365781,2839.0121400000003,2834.7600000000002,0.001731736464369041,0,0.81944351895775447,daily_eth_dca,,,,,,,,,
2022-02-05 09:00:00+00:00,daily_eth_dca_buy,4.9164208456243852,0.0073746312684365781,3012.4519100000002,3007.9400000000001,0.0016320329726439964,0,0.8210755519303985,daily_eth_dca,,,,,,,,,
2022-02-06 09:00:00+00:00,daily_eth_dca_buy,4.9164208456243852,0.0073746312684365781,3016.2776400000002,3011.7600000000002,0.0016299629650884475,0,0.82270551489548693,daily_eth_dca,,,,,,,,,
2022-02-07 09:00:00+00:00,daily_eth_dca_buy,4.9164208456243852,0.0073746312684365781,3076.7081499999999,3072.0999999999999,0.0015979483935206482,0,0.82430346328900761,daily_eth_dca,,,,,,,,,
2022-02-08 09:00:00+00:00,daily_eth_dca_buy,4.9164208456243852,0.0073746312684365781,3108.485745,3103.8299999999999,0.0015816128008733672,0,0.82588507608988093,daily_eth_dca,,,,,,,,,
2022-02-09 09:00:00+00:00,daily_eth_dca_buy,4.9164208456243852,0.0073746312684365781,3098.7311350000004,3094.0900000000001,0.0015865916181283617,0,0.82747166770800928,daily_eth_dca,,,,,,,,,
2022-02-10 09:00:00+00:00,daily_eth_dca_buy,4.9164208456243852,0.0073746312684365781,3203.5481250000003,3198.75,0.0015346798779944612,0,0.82900634758600378,daily_eth_dca,,,,,,,,,
2022-02-11 09:00:00+00:00,daily_eth_dca_buy,4.9164208456243852,0.0073746312684365781,3074.6450600000003,3070.04,0.0015990206185374726,0,0.83060536820454123,daily_eth_dca,,,,,,,,,
2022-02-12 09:00:00+00:00,daily_eth_dca_buy,4.9164208456243852,0.0073746312684365781,2939.0119150000005,2934.6100000000001,0.0016728141932777379,0,0.83227818239781892,daily_eth_dca,,,,,,,,,
2022-02-13 09:00:00+00:00,daily_eth_dca_buy,4.9164208456243852,0.0073746312684365781,2932.7024650000003,2928.3099999999999,0.001676413105079306,0,0.83395459550289819,daily_eth_dca,,,,,,,,,
2022-02-14 09:00:00+00:00,daily_eth_dca_buy,4.9164208456243852,0.0073746312684365781,2862.8879000000002,2858.5999999999999,0.0017172942208545381,0,0.83567188972375273,daily_eth_dca,,,,,,,,,
2022-02-15 09:00:00+00:00,daily_eth_dca_buy,4.9164208456243852,0.0073746312684365781,3082.79727,3078.1799999999998,0.0015947921368259111,0,0.83726668186057862,daily_eth_dca,,,,,,,,,
2022-02-16 09:00:00+00:00,daily_eth_dca_buy,4.9164208456243852,0.0073746312684365781,3142.8772550000003,3138.1700000000001,0.0015643057131177669,0,0.83883098757369634,daily_eth_dca,,,,,,,,,
2022-02-17 09:00:00+00:00,daily_eth_dca_buy,4.9164208456243852,0.0073746312684365781,3069.7076650000004,3065.1100000000001,0.0016015925235096889,0,0.84043258009720601,daily_eth_dca,,,,,,,,,
2022-02-18 09:00:00+00:00,daily_eth_dca_buy,4.9164208456243852,0.0073746312684365781,2943.7389950000002,2939.3299999999999,0.0016701279746523128,0,0.84210270807185827,daily_eth_dca,,,,,,,,,
2022-02-19 09:00:00+00:00,daily_eth_dca_buy,4.9164208456243852,0.0073746312684365781,2786.0728500000005,2781.9000000000001,0.00176464188494726,0,0.84386734995680557,daily_eth_dca,,,,,,,,,
2022-02-20 09:00:00+00:00,daily_eth_dca_buy,4.9164208456243852,0.0073746312684365781,2610.3897200000001,2606.48,0.001883404921478309,0,0.84575075487828388,daily_eth_dca,,,,,,,,,
2022-02-21 09:00:00+00:00,daily_eth_dca_buy,4.9164208456243852,0.0073746312684365781,2726.1931650000001,2722.1100000000001,0.0018034015009440409,0,0.84755415637922793,daily_eth_dca,,,,,,,,,
2022-02-22 09:00:00+00:00,daily_eth_dca_buy,4.9164208456243852,0.0073746312684365781,2553.6247000000003,2549.8000000000002,0.0019252714956995774,0,0.84947942787492747,daily_eth_dca,,,,,,,,,
2022-02-23 09:00:00+00:00,daily_eth_dca_buy,4.9164208456243852,0.0073746312684365781,2706.6539000000002,2702.5999999999999,0.0018164202100698522,0,0.85129584808499736,daily_eth_dca,,,,,,,,,
2022-02-24 09:00:00+00:00,daily_eth_dca_buy,4.9164208456243852,0.0073746312684365781,2384.7718,2381.1999999999998,0.0020615896437656571,0,0.85335743772876305,daily_eth_dca,,,,,,,,,
2022-02-25 09:00:00+00:00,daily_eth_dca_buy,4.9164208456243852,0.0073746312684365781,2611.9420450000002,2608.0300000000002,0.0018822855794353526,0,0.85523972330819842,daily_eth_dca,,,,,,,,,
2022-02-26 09:00:00+00:00,daily_eth_dca_buy,4.9164208456243852,0.0073746312684365781,2760.1239849999997,2755.9899999999998,0.0017812318839091519,0,0.85702095519210753,daily_eth_dca,,,,,,,,,
2022-02-27 09:00:00+00:00,daily_eth_dca_buy,4.9164208456243852,0.0073746312684365781,2746.8741400000004,2742.7600000000002,0.0017898238488729538,0,0.85881077904098047,daily_eth_dca,,,,,,,,,
2022-02-28 09:00:00+00:00,daily_eth_dca_buy,4.9164208456243852,0.0073746312684365781,2629.2780100000004,2625.3400000000001,0.0018698748580125936,0,0.86068065389899306,daily_eth_dca,,,,,,,,,
2022-03-01 09:00:00+00:00,daily_eth_dca_buy,4.9164208456243852,0.0073746312684365781,2928.04549,2923.6599999999999,0.0016790793935460289,0,0.86235973329253912,daily_eth_dca,,,,,,,,,
2022-03-02 09:00:00+00:00,daily_eth_dca_buy,4.9164208456243852,0.0073746312684365781,2981.8360550000002,2977.3699999999999,0.001648789790900957,0,0.86400852308344012,daily_eth_dca,,,,,,,,,
2022-03-03 09:00:00+00:00,daily_eth_dca_buy,4.9164208456243852,0.0073746312684365781,2910.6594500000006,2906.3000000000002,0.0016891089219057847,0,0.86569763200534589,daily_eth_dca,,,,,,,,,
2022-03-04 09:00:00+00:00,daily_eth_dca_buy,4.9164208456243852,0.0073746312684365781,2748.1059850000001,2743.9899999999998,0.0017890215561043527,0,0.86748665356145027,daily_eth_dca,,,,,,,,,
2022-03-05 09:00:00+00:00,daily_eth_dca_buy,4.9164208456243852,0.0073746312684365781,2654.6059450000002,2650.6300000000001,0.0018520341427263642,0,0.86933868770417666,daily_eth_dca,,,,,,,,,
2022-03-06 09:00:00+00:00,daily_eth_dca_buy,4.9164208456243852,0.0073746312684365781,2639.4332200000003,2635.48,0.0018626805210947464,0,0.87120136822527139,daily_eth_dca,,,,,,,,,
2022-03-07 09:00:00+00:00,daily_eth_dca_buy,4.9164208456243852,0.0073746312684365781,2536.9497250000004,2533.1500000000001,0.001937926005066728,0,0.87313929423033809,daily_eth_dca,,,,,,,,,
2022-03-08 09:00:00+00:00,daily_eth_dca_buy,4.9164208456243852,0.0073746312684365781,2573.2440849999998,2569.3899999999999,0.0019105924985053976,0,0.87504988672884354,daily_eth_dca,,,,,,,,,
2022-03-09 09:00:00+00:00,daily_eth_dca_buy,4.9164208456243852,0.0073746312684365781,2759.4429650000002,2755.3099999999999,0.0017816714851449683,0,0.8768315582139885,daily_eth_dca,,,,,,,,,
2022-03-10 09:00:00+00:00,daily_eth_dca_buy,4.9164208456243852,0.0073746312684365781,2601.7868349999999,2597.8899999999999,0.0018896324554676231,0,0.87872119066945609,daily_eth_dca,,,,,,,,,
2022-03-11 09:00:00+00:00,daily_eth_dca_buy,4.9164208456243852,0.0073746312684365781,2601.3361600000003,2597.4400000000001,0.0018899598295763454,0,0.88061115049903238,daily_eth_dca,,,,,,,,,
2022-03-12 09:00:00+00:00,daily_eth_dca_buy,4.9164208456243852,0.0073746312684365781,2585.6827149999999,2581.8099999999999,0.0019014014430708624,0,0.88251255194210321,daily_eth_dca,,,,,,,,,
2022-03-13 09:00:00+00:00,daily_eth_dca_buy,4.9164208456243852,0.0073746312684365781,2584.5009450000002,2580.6300000000001,0.0019022708639885543,0,0.88441482280609174,daily_eth_dca,,,,,,,,,
2022-03-14 09:00:00+00:00,daily_eth_dca_buy,4.9164208456243852,0.0073746312684365781,2597.5004150000004,2593.6100000000001,0.0018927507449982002,0,0.88630757355108991,daily_eth_dca,,,,,,,,,
2022-03-15 09:00:00+00:00,daily_eth_dca_buy,4.9164208456243852,0.0073746312684365781,2520.4049450000002,2516.6300000000001,0.0019506471987279746,0,0.88825822074981786,daily_eth_dca,,,,,,,,,
2022-03-16 09:00:00+00:00,daily_eth_dca_buy,4.9164208456243852,0.0073746312684365781,2679.1927700000001,2675.1799999999998,0.0018350381132240757,0,0.89009325886304191,daily_eth_dca,,,,,,,,,
2022-03-17 09:00:00+00:00,daily_eth_dca_buy,4.9164208456243852,0.0073746312684365781,2773.3237550000003,2769.1700000000001,0.0017727540236730799,0,0.89186601288671497,daily_eth_dca,,,,,,,,,
2022-03-18 09:00:00+00:00,daily_eth_dca_buy,4.9164208456243852,0.0073746312684365781,2805.0312450000001,2800.8299999999999,0.0017527151807624106,0,0.89361872806747733,daily_eth_dca,,,,,,,,,
2022-03-19 09:00:00+00:00,daily_eth_dca_buy,4.9164208456243852,0.0073746312684365781,2939.6228299999998,2935.2199999999998,0.0016724665475619487,0,0.89529119461503925,daily_eth_dca,,,,,,,,,
2022-03-20 09:00:00+00:00,daily_eth_dca_buy,4.9164208456243852,0.0073746312684365781,2930.0985650000002,2925.71,0.0016779028884389713,0,0.8969690975034782,daily_eth_dca,,,,,,,,,
2022-03-21 09:00:00+00:00,daily_eth_dca_buy,4.9164208456243852,0.0073746312684365781,2885.4416799999999,2881.1199999999999,0.0017038711541812847,0,0.89867296865765944,daily_eth_dca,,,,,,,,,
2022-03-22 09:00:00+00:00,daily_eth_dca_buy,4.9164208456243852,0.0073746312684365781,3018.1404299999999,3013.6199999999999,0.0016289569553343763,0,0.90030192561299383,daily_eth_dca,,,,,,,,,
2022-03-23 09:00:00+00:00,daily_eth_dca_buy,4.9164208456243852,0.0073746312684365781,2960.13355,2955.6999999999998,0.0016608780524866472,0,0.90196280366548043,daily_eth_dca,,,,,,,,,
2022-03-24 09:00:00+00:00,daily_eth_dca_buy,4.9164208456243852,0.0073746312684365781,3052.6320900000001,3048.0599999999999,0.0016105513866967131,0,0.90357335505217717,daily_eth_dca,,,,,,,,,
2022-03-25 09:00:00+00:00,daily_eth_dca_buy,4.9164208456243852,0.0073746312684365781,3130.4486400000005,3125.7600000000002,0.0015705163735330872,0,0.90514387142571029,daily_eth_dca,,,,,,,,,
2022-03-26 09:00:00+00:00,daily_eth_dca_buy,4.9164208456243852,0.0073746312684365781,3135.8467250000003,3131.1500000000001,0.0015678128673921028,0,0.90671168429310234,daily_eth_dca,,,,,,,,,
2022-03-27 09:00:00+00:00,daily_eth_dca_buy,4.9164208456243852,0.0073746312684365781,3148.2953700000003,3143.5799999999999,0.0015616135933346003,0,0.90827329788643696,daily_eth_dca,,,,,,,,,
2022-03-28 09:00:00+00:00,daily_eth_dca_buy,4.9164208456243852,0.0073746312684365781,3326.9930150000005,3322.0100000000002,0.0014777370506816,0,0.90975103493711851,daily_eth_dca,,,,,,,,,
2022-03-29 09:00:00+00:00,daily_eth_dca_buy,4.9164208456243852,0.0073746312684365781,3418.2296650000003,3413.1100000000001,0.0014382944762210367,0,0.91118932941333952,daily_eth_dca,,,,,,,,,
2022-03-30 09:00:00+00:00,daily_eth_dca_buy,4.9164208456243852,0.0073746312684365781,3408.3148150000002,3403.21,0.001442478501101837,0,0.91263180791444132,daily_eth_dca,,,,,,,,,
2022-03-31 09:00:00+00:00,daily_eth_dca_buy,4.9164208456243852,0.0073746312684365781,3412.4510100000002,3407.3400000000001,0.0014407300884956543,0,0.91407253800293697,daily_eth_dca,,,,,,,,,
2022-04-01 09:00:00+00:00,daily_eth_dca_buy,4.9164208456243852,0.0073746312684365781,3284.5294150000004,3279.6100000000001,0.0014968417768377283,0,0.91556937977977471,daily_eth_dca,,,,,,,,,
2022-04-02 09:00:00+00:00,daily_eth_dca_buy,4.9164208456243852,0.0073746312684365781,3482.5560100000002,3477.3400000000001,0.0014117277170868487,0,0.91698110749686157,daily_eth_dca,,,,,,,,,
2022-04-03 09:00:00+00:00,daily_eth_dca_buy,4.9164208456243852,0.0073746312684365781,3481.1038349999999,3475.8899999999999,0.0014123166324983769,0,0.91839342412935998,daily_eth_dca,,,,,,,,,
2022-04-04 09:00:00+00:00,daily_eth_dca_buy,4.9164208456243852,0.0073746312684365781,3500.1623800000002,3494.9200000000001,0.0014046265035350689,0,0.9197980506328951,daily_eth_dca,,,,,,,,,
2022-04-05 09:00:00+00:00,daily_eth_dca_buy,4.9164208456243852,0.0073746312684365781,3530.0671700000003,3524.7800000000002,0.0013927272793577989,0,0.9211907779122529,daily_eth_dca,,,,,,,,,
2022-04-06 09:00:00+00:00,daily_eth_dca_buy,4.9164208456243852,0.0073746312684365781,3361.6549300000001,3356.6199999999999,0.0014625001518595441,0,0.92265327806411246,daily_eth_dca,,,,,,,,,
2022-04-07 09:00:00+00:00,daily_eth_dca_buy,4.9164208456243852,0.0073746312684365781,3229.306705,3224.4699999999998,0.0015224384967870016,0,0.92417571656089947,daily_eth_dca,,,,,,,,,
2022-04-08 09:00:00+00:00,daily_eth_dca_buy,4.9164208456243852,0.0073746312684365781,3296.8979400000003,3291.96,0.0014912262784890406,0,0.92566694283938855,daily_eth_dca,,,,,,,,,
2022-04-09 09:00:00+00:00,daily_eth_dca_buy,4.9164208456243852,0.0073746312684365781,3214.2942200000002,3209.48,0.0015295491044452006,0,0.9271964919438338,daily_eth_dca,,,,,,,,,
2022-04-10 09:00:00+00:00,daily_eth_dca_buy,4.9164208456243852,0.0073746312684365781,3247.9946950000003,3243.1300000000001,0.0015136788410377575,0,0.9287101707848715,daily_eth_dca,,,,,,,,,
2022-04-11 09:00:00+00:00,daily_eth_dca_buy,4.9164208456243852,0.0073746312684365781,3165.86168,3161.1199999999999,0.0015529487206226854,0,0.93026311950549423,daily_eth_dca,,,,,,,,,
2022-04-12 09:00:00+00:00,daily_eth_dca_buy,4.9164208456243852,0.0073746312684365781,3030.5189700000001,3025.98,0.0016223032735625427,0,0.93188542277905673,daily_eth_dca,,,,,,,,,
2022-04-13 09:00:00+00:00,daily_eth_dca_buy,4.9164208456243852,0.0073746312684365781,3060.1733850000005,3055.5900000000001,0.0016065824471656151,0,0.93349200522622233,daily_eth_dca,,,,,,,,,
2022-04-14 09:00:00+00:00,daily_eth_dca_buy,4.9164208456243852,0.0073746312684365781,3112.1912950000005,3107.5300000000002,0.0015797296437153566,0,0.93507173486993767,daily_eth_dca,,,,,,,,,
2022-04-15 09:00:00+00:00,daily_eth_dca_buy,4.9164208456243852,0.0073746312684365781,3029.5375000000004,3025,0.0016228288461933166,0,0.93669456371613102,daily_eth_dca,,,,,,,,,
2022-04-16 09:00:00+00:00,daily_eth_dca_buy,4.9164208456243852,0.0073746312684365781,3039.5124400000004,3034.96,0.0016175031169223919,0,0.93831206683305346,daily_eth_dca,,,,,,,,,
2022-04-17 09:00:00+00:00,daily_eth_dca_buy,4.9164208456243852,0.0073746312684365781,3045.5014100000003,3040.9400000000001,0.001614322301569509,0,0.93992638913462301,daily_eth_dca,,,,,,,,,
2022-04-18 09:00:00+00:00,daily_eth_dca_buy,4.9164208456243852,0.0073746312684365781,2897.6599800000004,2893.3200000000002,0.0016966865952382669,0,0.94162307572986126,daily_eth_dca,,,,,,,,,
2022-04-19 09:00:00+00:00,daily_eth_dca_buy,4.9164208456243852,0.0073746312684365781,3045.9020100000002,3041.3400000000001,0.0016141099843275605,0,0.9432371857141888,daily_eth_dca,,,,,,,,,
2022-04-20 09:00:00+00:00,daily_eth_dca_buy,4.9164208456243852,0.0073746312684365781,3105.7416350000003,3101.0900000000001,0.0015830102511487196,0,0.94482019596533751,daily_eth_dca,,,,,,,,,
2022-04-21 09:00:00+00:00,daily_eth_dca_buy,4.9164208456243852,0.0073746312684365781,3105.8918600000002,3101.2399999999998,0.0015829336845051601,0,0.94640312964984263,daily_eth_dca,,,,,,,,,
2022-04-22 09:00:00+00:00,daily_eth_dca_buy,4.9164208456243852,0.0073746312684365781,3004.9006000000004,3000.4000000000001,0.0016361342686757707,0,0.94803926391851845,daily_eth_dca,,,,,,,,,
2022-04-23 09:00:00+00:00,daily_eth_dca_buy,4.9164208456243852,0.0073746312684365781,2968.2757449999999,2963.8299999999999,0.0016563221438931327,0,0.94969558606241156,daily_eth_dca,,,,,,,,,
2022-04-24 09:00:00+00:00,daily_eth_dca_buy,4.9164208456243852,0.0073746312684365781,2950.3889549999999,2945.9699999999998,0.0016663636288674981,0,0.95136194969127907,daily_eth_dca,,,,,,,,,
2022-04-25 09:00:00+00:00,daily_eth_dca_buy,4.9164208456243852,0.0073746312684365781,2812.8429450000003,2808.6300000000001,0.0017478476195635533,0,0.95310979731084267,daily_eth_dca,,,,,,,,,
2022-04-26 09:00:00+00:00,daily_eth_dca_buy,4.9164208456243852,0.0073746312684365781,3004.2796700000004,2999.7800000000002,0.0016364724278896394,0,0.95474626973873233,daily_eth_dca,,,,,,,,,
2022-04-27 09:00:00+00:00,daily_eth_dca_buy,4.9164208456243852,0.0073746312684365781,2889.9684600000001,2885.6399999999999,0.0017012022496689756,0,0.9564474719884013,daily_eth_dca,,,,,,,,,
2022-04-28 09:00:00+00:00,daily_eth_dca_buy,4.9164208456243852,0.0073746312684365781,2935.5367099999999,2931.1399999999999,0.0016747945371885285,0,0.95812226652558985,daily_eth_dca,,,,,,,,,
2022-04-29 09:00:00+00:00,daily_eth_dca_buy,4.9164208456243852,0.0073746312684365781,2910.6594500000006,2906.3000000000002,0.0016891089219057847,0,0.95981137544749562,daily_eth_dca,,,,,,,,,
2022-04-30 09:00:00+00:00,daily_eth_dca_buy,4.9164208456243852,0.0073746312684365781,2826.5234350000001,2822.29,0.0017393879649982046,0,0.96155076341249379,daily_eth_dca,,,,,,,,,
2022-05-01 09:00:00+00:00,daily_eth_dca_buy,4.9164208456243852,0.0073746312684365781,2782.4774649999999,2778.3099999999999,0.0017669220712356732,0,0.96331768548372942,daily_eth_dca,,,,,,,,,
2022-05-02 09:00:00+00:00,daily_eth_dca_buy,4.9164208456243852,0.0073746312684365781,2843.0882449999999,2838.8299999999999,0.0017292536924489255,0,0.96504693917617834,daily_eth_dca,,,,,,,,,
2022-05-03 09:00:00+00:00,daily_eth_dca_buy,4.9164208456243852,0.0073746312684365781,2849.037155,2844.77,0.0017256429376486615,0,0.96677258211382699,daily_eth_dca,,,,,,,,,
2022-05-04 09:00:00+00:00,daily_eth_dca_buy,4.9164208456243852,0.0073746312684365781,2847.735205,2843.4699999999998,0.0017264318806721305,0,0.96849901399449911,daily_eth_dca,,,,,,,,,
2022-05-05 09:00:00+00:00,daily_eth_dca_buy,4.9164208456243852,0.0073746312684365781,2929.4375750000004,2925.0500000000002,0.0016782814856958967,0,0.97017729548019505,daily_eth_dca,,,,,,,,,
2022-05-06 09:00:00+00:00,daily_eth_dca_buy,4.9164208456243852,0.0073746312684365781,2723.5892650000005,2719.5100000000002,0.0018051256512146608,0,0.97198242113140976,daily_eth_dca,,,,,,,,,
2022-05-07 09:00:00+00:00,daily_eth_dca_buy,4.9164208456243852,0.0073746312684365781,2689.4581450000001,2685.4299999999998,0.0018280339683904563,0,0.97381045509980024,daily_eth_dca,,,,,,,,,
2022-05-08 09:00:00+00:00,daily_eth_dca_buy,4.9164208456243852,0.0073746312684365781,2566.794425,2562.9499999999998,0.0019153933005851783,0,0.97572584840038545,daily_eth_dca,,,,,,,,,
2022-05-09 09:00:00+00:00,daily_eth_dca_buy,4.9164208456243852,0.0073746312684365781,2467.6559400000001,2463.96,0.001992344542823253,0,0.97771819294320872,daily_eth_dca,,,,,,,,,
2022-05-10 09:00:00+00:00,daily_eth_dca_buy,4.9164208456243852,0.0073746312684365781,2389.2885650000003,2385.71,0.0020576923681984746,0,0.97977588531140725,daily_eth_dca,,,,,,,,,
2022-05-11 09:00:00+00:00,daily_eth_dca_buy,4.9164208456243852,0.0073746312684365781,2381.536955,2377.9699999999998,0.0020643899038822115,0,0.98184027521528949,daily_eth_dca,,,,,,,,,
2022-05-12 09:00:00+00:00,daily_eth_dca_buy,4.9164208456243852,0.0073746312684365781,1917.5620350000002,1914.6900000000001,0.0025638914183156451,0,0.98440416663360519,daily_eth_dca,,,,,,,,,
2022-05-13 09:00:00+00:00,daily_eth_dca_buy,4.9164208456243852,0.0073746312684365781,2071.973305,2068.8699999999999,0.0023728205540873922,0,0.98677698718769258,daily_eth_dca,,,,,,,,,
2022-05-14 09:00:00+00:00,daily_eth_dca_buy,4.9164208456243852,0.0073746312684365781,2045.12309,2042.0599999999999,0.0024039730760774822,0,0.98918096026377011,daily_eth_dca,,,,,,,,,
2022-05-15 09:00:00+00:00,daily_eth_dca_buy,4.9164208456243852,0.0073746312684365781,2025.563795,2022.53,0.0024271863753490839,0,0.99160814663911923,daily_eth_dca,,,,,,,,,
2022-05-16 09:00:00+00:00,daily_eth_dca_buy,4.9164208456243852,0.0073746312684365781,2031.12212,2028.0799999999999,0.0024205441894475481,0,0.99402869082856682,daily_eth_dca,,,,,,,,,
2022-05-17 09:00:00+00:00,daily_eth_dca_buy,4.9164208456243852,0.0073746312684365781,2087.50657,2084.3800000000001,0.0023551642501534187,0,0.99638385507872029,daily_eth_dca,,,,,,,,,
2022-05-18 09:00:00+00:00,daily_eth_dca_buy,4.9164208456243852,0.0073746312684365781,2038.4631150000002,2035.4100000000001,0.0024118272287818091,0,0.99879568230750215,daily_eth_dca,,,,,,,,,
2022-05-19 09:00:00+00:00,daily_eth_dca_buy,4.9164208456243852,0.0073746312684365781,1935.8995000000002,1933,0.0025396054111406015,0,1.0013352877186428,daily_eth_dca,,,,,,,,,
2022-05-20 09:00:00+00:00,daily_eth_dca_buy,4.9164208456243852,0.0073746312684365781,2030.9718950000001,2027.9300000000001,0.0024207232299609861,0,1.0037560109486037,daily_eth_dca,,,,,,,,,
2022-05-21 09:00:00+00:00,daily_eth_dca_buy,4.9164208456243852,0.0073746312684365781,1981.7481700000001,1978.78,0.0024808504531755845,0,1.0062368614017791,daily_eth_dca,,,,,,,,,
2022-05-22 09:00:00+00:00,daily_eth_dca_buy,4.9164208456243852,0.0073746312684365781,1987.0861649999999,1984.1099999999999,0.0024741860379388155,0,1.0087110474397181,daily_eth_dca,,,,,,,,,
2022-05-23 09:00:00+00:00,daily_eth_dca_buy,4.9164208456243852,0.0073746312684365781,2058.1025300000001,2055.02,0.0023888124007234884,0,1.0110998598404415,daily_eth_dca,,,,,,,,,
2022-05-24 09:00:00+00:00,daily_eth_dca_buy,4.9164208456243852,0.0073746312684365781,1966.1247700000001,1963.1800000000001,0.0025005640133532242,0,1.0136004238537948,daily_eth_dca,,,,,,,,,
2022-05-25 09:00:00+00:00,daily_eth_dca_buy,4.9164208456243852,0.0073746312684365781,1979.6450200000002,1976.6800000000001,0.0024834860775314075,0,1.0160839099313261,daily_eth_dca,,,,,,,,,
2022-05-26 09:00:00+00:00,daily_eth_dca_buy,4.9164208456243852,0.0073746312684365781,1836.9112400000001,1834.1600000000001,0.002676460755732751,0,1.0187603706870589,daily_eth_dca,,,,,,,,,
2022-05-27 09:00:00+00:00,daily_eth_dca_buy,4.9164208456243852,0.0073746312684365781,1768.96948,1766.3199999999999,0.0027792570200953297,0,1.0215396277071542,daily_eth_dca,,,,,,,,,
2022-05-28 09:00:00+00:00,daily_eth_dca_buy,4.9164208456243852,0.0073746312684365781,1763.0406000000003,1760.4000000000001,0.0027886033059161455,0,1.0243282310130704,daily_eth_dca,,,,,,,,,
2022-05-29 09:00:00+00:00,daily_eth_dca_buy,4.9164208456243852,0.0073746312684365781,1788.3785500000001,1785.7,0.0027490940582039439,0,1.0270773250712744,daily_eth_dca,,,,,,,,,
2022-05-30 09:00:00+00:00,daily_eth_dca_buy,4.9164208456243852,0.0073746312684365781,1911.0522850000002,1908.1900000000001,0.0025726249795538086,0,1.0296499500508283,daily_eth_dca,,,,,,,,,
2022-05-31 09:00:00+00:00,daily_eth_dca_buy,4.9164208456243852,0.0073746312684365781,1974.43722,1971.48,0.0024900365510858759,0,1.0321399866019141,daily_eth_dca,,,,,,,,,
2022-06-01 09:00:00+00:00,daily_eth_dca_buy,4.9164208456243852,0.0073746312684365781,1938.1628900000001,1935.26,0.0025366396555164591,0,1.0346766262574305,daily_eth_dca,,,,,,,,,
2022-06-02 09:00:00+00:00,daily_eth_dca_buy,4.9164208456243852,0.0073746312684365781,1824.71297,1821.98,0.0026943529894591506,0,1.0373709792468897,daily_eth_dca,,,,,,,,,
2022-06-03 09:00:00+00:00,daily_eth_dca_buy,4.9164208456243852,0.0073746312684365781,1813.0454950000001,1810.3299999999999,0.002711691934473153,0,1.0400826711813629,daily_eth_dca,,,,,,,,,
2022-06-04 09:00:00+00:00,daily_eth_dca_buy,4.9164208456243852,0.0073746312684365781,1777.5723650000002,1774.9100000000001,0.0027658062998883225,0,1.0428484774812512,daily_eth_dca,,,,,,,,,
2022-06-05 09:00:00+00:00,daily_eth_dca_buy,4.9164208456243852,0.0073746312684365781,1791.5733350000003,1788.8900000000001,0.0027441917947636702,0,1.0455926692760149,daily_eth_dca,,,,,,,,,
2022-06-06 09:00:00+00:00,daily_eth_dca_buy,4.9164208456243852,0.0073746312684365781,1908.1279050000001,1905.27,0.0025765677619102715,0,1.0481692370379252,daily_eth_dca,,,,,,,,,
2022-06-07 09:00:00+00:00,daily_eth_dca_buy,4.9164208456243852,0.0073746312684365781,1773.1056750000002,1770.45,0.0027727737353411743,0,1.0509420107732663,daily_eth_dca,,,,,,,,,
2022-06-08 09:00:00+00:00,daily_eth_dca_buy,4.9164208456243852,0.0073746312684365781,1810.6318800000001,1807.9200000000001,0.00271530668377737,0,1.0536573174570436,daily_eth_dca,,,,,,,,,
2022-06-09 09:00:00+00:00,daily_eth_dca_buy,4.9164208456243852,0.0073746312684365781,1818.7540450000001,1816.03,0.0027031807072211266,0,1.0563604981642647,daily_eth_dca,,,,,,,,,
2022-06-10 09:00:00+00:00,daily_eth_dca_buy,4.9164208456243852,0.0073746312684365781,1788.5988800000002,1785.9200000000001,0.0027487554088283812,0,1.059109253573093,daily_eth_dca,,,,,,,,,
2022-06-11 09:00:00+00:00,daily_eth_dca_buy,4.9164208456243852,0.0073746312684365781,1580.5572850000001,1578.1900000000001,0.0031105616305608214,0,1.0622198152036539,daily_eth_dca,,,,,,,,,
2022-06-12 09:00:00+00:00,daily_eth_dca_buy,4.9164208456243852,0.0073746312684365781,1472.82593,1470.6199999999999,0.0033380868339440393,0,1.065557902037598,daily_eth_dca,,,,,,,,,
2022-06-13 09:00:00+00:00,daily_eth_dca_buy,4.9164208456243852,0.0073746312684365781,1208.740395,1206.9300000000001,0.0040673918617772226,0,1.0696252938993753,daily_eth_dca,,,,,,,,,
2022-06-14 09:00:00+00:00,daily_eth_dca_buy,4.9164208456243852,0.0073746312684365781,1221.2291000000002,1219.4000000000001,0.004025797326336544,0,1.0736510912257118,daily_eth_dca,,,,,,,,,
2022-06-15 09:00:00+00:00,daily_eth_dca_buy,4.9164208456243852,0.0073746312684365781,1031.1343850000001,1029.5899999999999,0.0047679729404275324,0,1.0784190641661393,daily_eth_dca,,,,,,,,,
2022-06-16 09:00:00+00:00,daily_eth_dca_buy,4.9164208456243852,0.0073746312684365781,1175.2101750000002,1173.45,0.0041834396520812837,0,1.0826025038182205,daily_eth_dca,,,,,,,,,
2022-06-17 09:00:00+00:00,daily_eth_dca_buy,4.9164208456243852,0.0073746312684365781,1097.3836100000001,1095.74,0.0044801296473020811,0,1.0870826334655226,daily_eth_dca,,,,,,,,,
2022-06-18 09:00:00+00:00,daily_eth_dca_buy,4.9164208456243852,0.0073746312684365781,992.33627500000011,990.85000000000002,0.0049543899275720669,0,1.0920370233930947,daily_eth_dca,,,,,,,,,
2022-06-19 09:00:00+00:00,daily_eth_dca_buy,4.9164208456243852,0.0073746312684365781,969.622255,968.16999999999996,0.0050704496728206649,0,1.0971074730659154,daily_eth_dca,,,,,,,,,
2022-06-20 09:00:00+00:00,daily_eth_dca_buy,4.9164208456243852,0.0073746312684365781,1128.1697200000001,1126.48,0.0043578734284983158,0,1.1014653464944137,daily_eth_dca,,,,,,,,,
2022-06-21 09:00:00+00:00,daily_eth_dca_buy,4.9164208456243852,0.0073746312684365781,1168.5502000000001,1166.8,0.0042072825331974477,0,1.1056726290276111,daily_eth_dca,,,,,,,,,
2022-06-22 09:00:00+00:00,daily_eth_dca_buy,4.9164208456243852,0.0073746312684365781,1083.072175,1081.45,0.0045393289192609768,0,1.1102119579468721,daily_eth_dca,,,,,,,,,
2022-06-23 09:00:00+00:00,daily_eth_dca_buy,4.9164208456243852,0.0073746312684365781,1099.6169550000002,1097.97,0.0044710304104254054,0,1.1146829883572975,daily_eth_dca,,,,,,,,,
2022-06-24 09:00:00+00:00,daily_eth_dca_buy,4.9164208456243852,0.0073746312684365781,1161.1090549999999,1159.3699999999999,0.0042342455469218483,0,1.1189172339042193,daily_eth_dca,,,,,,,,,
2022-06-25 09:00:00+00:00,daily_eth_dca_buy,4.9164208456243852,0.0073746312684365781,1228.8605300000002,1227.02,0.0040007964497194683,0,1.1229180303539388,daily_eth_dca,,,,,,,,,
2022-06-26 09:00:00+00:00,daily_eth_dca_buy,4.9164208456243852,0.0073746312684365781,1246.1163750000001,1244.25,0.0039453946230538738,0,1.1268634249769927,daily_eth_dca,,,,,,,,,
2022-06-27 09:00:00+00:00,daily_eth_dca_buy,4.9164208456243852,0.0073746312684365781,1234.6291699999999,1232.78,0.0039821032623296804,0,1.1308455282393224,daily_eth_dca,,,,,,,,,
2022-06-28 09:00:00+00:00,daily_eth_dca_buy,4.9164208456243852,0.0073746312684365781,1226.8475150000002,1225.01,0.0040073609682653877,0,1.1348528892075878,daily_eth_dca,,,,,,,,,
2022-06-29 09:00:00+00:00,daily_eth_dca_buy,4.9164208456243852,0.0073746312684365781,1126.8377250000001,1125.1500000000001,0.0043630247164687221,0,1.1392159139240565,daily_eth_dca,,,,,,,,,
2022-06-30 09:00:00+00:00,daily_eth_dca_buy,4.9164208456243852,0.0073746312684365781,1050.8739499999999,1049.3,0.004678411569365085,0,1.1438943254934215,daily_eth_dca,,,,,,,,,
2022-07-01 09:00:00+00:00,daily_eth_dca_buy,4.9164208456243852,0.0073746312684365781,1071.7351950000002,1070.1300000000001,0.0045873466398799979,0,1.1484816721333015,daily_eth_dca,,,,,,,,,
2022-07-02 09:00:00+00:00,daily_eth_dca_buy,4.9164208456243852,0.0073746312684365781,1040.9390700000001,1039.3800000000001,0.0047230630373249266,0,1.1532047351706265,daily_eth_dca,,,,,,,,,
2022-07-03 09:00:00+00:00,daily_eth_dca_buy,4.9164208456243852,0.0073746312684365781,1059.3266100000001,1057.74,0.0046410812295410806,0,1.1578458164001675,daily_eth_dca,,,,,,,,,
2022-07-04 09:00:00+00:00,daily_eth_dca_buy,4.9164208456243852,0.0073746312684365781,1052.666635,1051.0899999999999,0.0046704442623702854,0,1.1625162606625377,daily_eth_dca,,,,,,,,,
2022-07-05 09:00:00+00:00,daily_eth_dca_buy,4.9164208456243852,0.0073746312684365781,1139.52673,1137.8199999999999,0.0043144410009797532,0,1.1668307016635173,daily_eth_dca,,,,,,,,,
2022-07-06 09:00:00+00:00,daily_eth_dca_buy,4.9164208456243852,0.0073746312684365781,1142.461125,1140.75,0.0043033594212007736,0,1.1711340610847181,daily_eth_dca,,,,,,,,,
2022-07-07 09:00:00+00:00,daily_eth_dca_buy,4.9164208456243852,0.0073746312684365781,1187.648805,1185.8699999999999,0.004139625135752471,0,1.1752736862204705,daily_eth_dca,,,,,,,,,
2022-07-08 09:00:00+00:00,daily_eth_dca_buy,4.9164208456243852,0.0073746312684365781,1219.2461300000002,1217.4200000000001,0.0040323448437965389,0,1.1793060310642669,daily_eth_dca,,,,,,,,,
2022-07-09 09:00:00+00:00,daily_eth_dca_buy,4.9164208456243852,0.0073746312684365781,1229.0408000000002,1227.2,0.004000209631465761,0,1.1833062406957326,daily_eth_dca,,,,,,,,,
2022-07-10 09:00:00+00:00,daily_eth_dca_buy,4.9164208456243852,0.0073746312684365781,1189.7820000000002,1188,0.004132203080584834,0,1.1874384437763175,daily_eth_dca,,,,,,,,,
2022-07-11 09:00:00+00:00,daily_eth_dca_buy,4.9164208456243852,0.0073746312684365781,1144.3539600000001,1142.6400000000001,0.0042962413881316797,0,1.1917346851644492,daily_eth_dca,,,,,,,,,
2022-07-12 09:00:00+00:00,daily_eth_dca_buy,4.9164208456243852,0.0073746312684365781,1068.6105150000001,1067.01,0.0046007603112761669,0,1.1963354454757253,daily_eth_dca,,,,,,,,,
2022-07-13 09:00:00+00:00,daily_eth_dca_buy,4.9164208456243852,0.0073746312684365781,1078.1648250000001,1076.55,0.0045599900234404188,0,1.2008954354991657,daily_eth_dca,,,,,,,,,
2022-07-14 09:00:00+00:00,daily_eth_dca_buy,4.9164208456243852,0.0073746312684365781,1086.236915,1084.6099999999999,0.0045261036314756305,0,1.2054215391306413,daily_eth_dca,,,,,,,,,
2022-07-15 09:00:00+00:00,daily_eth_dca_buy,4.9164208456243852,0.0073746312684365781,1207.4284299999999,1205.6199999999999,0.0040718113997236134,0,1.2094933505303649,daily_eth_dca,,,,,,,,,
2022-07-16 09:00:00+00:00,daily_eth_dca_buy,4.9164208456243852,0.0073746312684365781,1200.067405,1198.27,0.0040967872513997536,0,1.2135901377817646,daily_eth_dca,,,,,,,,,
2022-07-17 09:00:00+00:00,daily_eth_dca_buy,4.9164208456243852,0.0073746312684365781,1369.2608150000001,1367.21,0.0035905656480970608,0,1.2171807034298616,daily_eth_dca,,,,,,,,,
2022-07-18 09:00:00+00:00,daily_eth_dca_buy,4.9164208456243852,0.0073746312684365781,1480.6176000000003,1478.4000000000001,0.0033205203326128127,0,1.2205012237624744,daily_eth_dca,,,,,,,,,
2022-07-19 09:00:00+00:00,daily_eth_dca_buy,4.9164208456243852,0.0073746312684365781,1537.272455,1534.97,0.0031981454098352299,0,1.2236993691723097,daily_eth_dca,,,,,,,,,
2022-07-20 09:00:00+00:00,daily_eth_dca_buy,4.9164208456243852,0.0073746312684365781,1534.6885850000001,1532.3900000000001,0.0032035299497743933,0,1.2269028991220841,daily_eth_dca,,,,,,,,,
2022-07-21 09:00:00+00:00,daily_eth_dca_buy,4.9164208456243852,0.0073746312684365781,1492.6356000000001,1490.4000000000001,0.0032937850642342881,0,1.2301966841863183,daily_eth_dca,,,,,,,,,
2022-07-22 09:00:00+00:00,daily_eth_dca_buy,4.9164208456243852,0.0073746312684365781,1622.2397149999999,1619.8099999999999,0.0030306377042583904,0,1.2332273218905767,daily_eth_dca,,,,,,,,,
2022-07-23 09:00:00+00:00,daily_eth_dca_buy,4.9164208456243852,0.0073746312684365781,1552.7256000000002,1550.4000000000001,0.0031663166019961185,0,1.2363936384925729,daily_eth_dca,,,,,,,,,
2022-07-24 09:00:00+00:00,daily_eth_dca_buy,4.9164208456243852,0.0073746312684365781,1605.90525,1603.5,0.003061463835194751,0,1.2394551023277676,daily_eth_dca,,,,,,,,,
2022-07-25 09:00:00+00:00,daily_eth_dca_buy,4.9164208456243852,0.0073746312684365781,1539.0651400000002,1536.76,0.0031944202476214779,0,1.2426495225753891,daily_eth_dca,,,,,,,,,
2022-07-26 09:00:00+00:00,daily_eth_dca_buy,4.9164208456243852,0.0073746312684365781,1414.6888550000001,1412.5699999999999,0.0034752665423552691,0,1.2461247891177443,daily_eth_dca,,,,,,,,,
2022-07-27 09:00:00+00:00,daily_eth_dca_buy,4.9164208456243852,0.0073746312684365781,1462.8810350000001,1460.6900000000001,0.003360779672438904,0,1.2494855687901831,daily_eth_dca,,,,,,,,,
2022-07-28 09:00:00+00:00,daily_eth_dca_buy,4.9164208456243852,0.0073746312684365781,1627.47756,1625.04,0.0030208839534625505,0,1.2525064527436456,daily_eth_dca,,,,,,,,,
2022-07-29 09:00:00+00:00,daily_eth_dca_buy,4.9164208456243852,0.0073746312684365781,1722.389715,1719.8099999999999,0.0028544183716426716,0,1.2553608711152882,daily_eth_dca,,,,,,,,,
2022-07-30 09:00:00+00:00,daily_eth_dca_buy,4.9164208456243852,0.0073746312684365781,1715.0987950000001,1712.53,0.0028665525624279767,0,1.2582274236777162,daily_eth_dca,,,,,,,,,
2022-07-31 09:00:00+00:00,daily_eth_dca_buy,4.9164208456243852,0.0073746312684365781,1695.3291850000001,1692.79,0.0028999800682511017,0,1.2611274037459674,daily_eth_dca,,,,,,,,,
2022-08-01 09:00:00+00:00,daily_eth_dca_buy,4.9164208456243852,0.0073746312684365781,1685.834965,1683.3099999999999,0.0029163120635740196,0,1.2640437158095414,daily_eth_dca,,,,,,,,,
2022-08-02 09:00:00+00:00,daily_eth_dca_buy,4.9164208456243852,0.0073746312684365781,1582.8407050000001,1580.47,0.003106074306842131,0,1.2671497901163835,daily_eth_dca,,,,,,,,,
2022-08-03 09:00:00+00:00,daily_eth_dca_buy,4.9164208456243852,0.0073746312684365781,1653.4664850000001,1650.99,0.0029734021767150514,0,1.2701231922930987,daily_eth_dca,,,,,,,,,
2022-08-04 09:00:00+00:00,daily_eth_dca_buy,4.9164208456243852,0.0073746312684365781,1617.8130850000002,1615.3900000000001,0.0030389300786403174,0,1.2731621223717391,daily_eth_dca,,,,,,,,,
2022-08-05 09:00:00+00:00,daily_eth_dca_buy,4.9164208456243852,0.0073746312684365781,1659.7759350000001,1657.29,0.0029620991255210512,0,1.2761242214972601,daily_eth_dca,,,,,,,,,
2022-08-06 09:00:00+00:00,daily_eth_dca_buy,4.9164208456243852,0.0073746312684365781,1711.0527350000002,1708.49,0.0028733309880273122,0,1.2789975524852875,daily_eth_dca,,,,,,,,,
2022-08-07 09:00:00+00:00,daily_eth_dca_buy,4.9164208456243852,0.0073746312684365781,1681.869025,1679.3499999999999,0.0029231888884001449,0,1.2819207413736875,daily_eth_dca,,,,,,,,,
2022-08-08 09:00:00+00:00,daily_eth_dca_buy,4.9164208456243852,0.0073746312684365781,1775.9499350000001,1773.29,0.0027683330192663259,0,1.2846890743929538,daily_eth_dca,,,,,,,,,
2022-08-09 09:00:00+00:00,daily_eth_dca_buy,4.9164208456243852,0.0073746312684365781,1774.1772800000001,1771.52,0.0027710989769998548,0,1.2874601733699536,daily_eth_dca,,,,,,,,,
2022-08-10 09:00:00+00:00,daily_eth_dca_buy,4.9164208456243852,0.0073746312684365781,1705.1539,1702.5999999999999,0.0028832710323826987,0,1.2903434444023363,daily_eth_dca,,,,,,,,,
2022-08-11 09:00:00+00:00,daily_eth_dca_buy,4.9164208456243852,0.0073746312684365781,1893.3357500000002,1890.5,0.0025966978364108874,0,1.2929401422387472,daily_eth_dca,,,,,,,,,
2022-08-12 09:00:00+00:00,daily_eth_dca_buy,4.9164208456243852,0.0073746312684365781,1890.2210850000001,1887.3900000000001,0.0026009766183643988,0,1.2955411188571115,daily_eth_dca,,,,,,,,,
2022-08-13 09:00:00+00:00,daily_eth_dca_buy,4.9164208456243852,0.0073746312684365781,1990.48125,1987.5,0.0024699659168476895,0,1.2980110847739592,daily_eth_dca,,,,,,,,,
2022-08-14 09:00:00+00:00,daily_eth_dca_buy,4.9164208456243852,0.0073746312684365781,2002.6895350000002,1999.6900000000001,0.0024549091407842128,0,1.3004659939147434,daily_eth_dca,,,,,,,,,
2022-08-15 09:00:00+00:00,daily_eth_dca_buy,4.9164208456243852,0.0073746312684365781,1907.7673650000002,1904.9100000000001,0.0025770546953581969,0,1.3030430486101017,daily_eth_dca,,,,,,,,,
2022-08-16 09:00:00+00:00,daily_eth_dca_buy,4.9164208456243852,0.0073746312684365781,1882.629715,1879.8099999999999,0.0026114645946849857,0,1.3056545132047868,daily_eth_dca,,,,,,,,,
2022-08-17 09:00:00+00:00,daily_eth_dca_buy,4.9164208456243852,0.0073746312684365781,1887.2065700000003,1884.3800000000001,0.0026051312684993379,0,1.3082596444732861,daily_eth_dca,,,,,,,,,
2022-08-18 09:00:00+00:00,daily_eth_dca_buy,4.9164208456243852,0.0073746312684365781,1851.3729000000001,1848.5999999999999,0.0026555540732093384,0,1.3109151985464955,daily_eth_dca,,,,,,,,,
2022-08-19 09:00:00+00:00,daily_eth_dca_buy,4.9164208456243852,0.0073746312684365781,1739.0346450000002,1736.4300000000001,0.0028270977003016433,0,1.3137422962467971,daily_eth_dca,,,,,,,,,
2022-08-20 09:00:00+00:00,daily_eth_dca_buy,4.9164208456243852,0.0073746312684365781,1639.6257550000003,1637.1700000000001,0.0029985018414305066,0,1.3167407980882275,daily_eth_dca,,,,,,,,,
2022-08-21 09:00:00+00:00,daily_eth_dca_buy,4.9164208456243852,0.0073746312684365781,1604.0524750000002,1601.6500000000001,0.003065000006077971,0,1.3198057980943054,daily_eth_dca,,,,,,,,,
2022-08-22 09:00:00+00:00,daily_eth_dca_buy,4.9164208456243852,0.0073746312684365781,1566.1657299999999,1563.8199999999999,0.0031391446967904127,0,1.3229449427910958,daily_eth_dca,,,,,,,,,
2022-08-23 09:00:00+00:00,daily_eth_dca_buy,4.9164208456243852,0.0073746312684365781,1611.6839050000001,1609.27,0.0030504870281150972,0,1.3259954298192109,daily_eth_dca,,,,,,,,,
2022-08-24 09:00:00+00:00,daily_eth_dca_buy,4.9164208456243852,0.0073746312684365781,1636.521105,1634.0699999999999,0.0030041903099223308,0,1.3289996201291332,daily_eth_dca,,,,,,,,,
2022-08-25 09:00:00+00:00,daily_eth_dca_buy,4.9164208456243852,0.0073746312684365781,1711.573515,1709.01,0.0028724567204023283,0,1.3318720768495356,daily_eth_dca,,,,,,,,,
2022-08-26 09:00:00+00:00,daily_eth_dca_buy,4.9164208456243852,0.0073746312684365781,1661.8690700000002,1659.3800000000001,0.0029583683422331128,0,1.3348304451917687,daily_eth_dca,,,,,,,,,
2022-08-27 09:00:00+00:00,daily_eth_dca_buy,4.9164208456243852,0.0073746312684365781,1504.4432850000001,1502.1900000000001,0.0032679336566844293,0,1.3380983788484531,daily_eth_dca,,,,,,,,,
2022-08-28 09:00:00+00:00,daily_eth_dca_buy,4.9164208456243852,0.0073746312684365781,1495.8504149999999,1493.6099999999999,0.0032867062082704208,0,1.3413850850567235,daily_eth_dca,,,,,,,,,
2022-08-29 09:00:00+00:00,daily_eth_dca_buy,4.9164208456243852,0.0073746312684365781,1446.957185,1444.79,0.0033977652528981951,0,1.3447828503096217,daily_eth_dca,,,,,,,,,
2022-08-30 09:00:00+00:00,daily_eth_dca_buy,4.9164208456243852,0.0073746312684365781,1589.3704850000001,1586.99,0.0030933132910319428,0,1.3478761636006538,daily_eth_dca,,,,,,,,,
2022-08-31 09:00:00+00:00,daily_eth_dca_buy,4.9164208456243852,0.0073746312684365781,1578.874765,1576.51,0.003113876385011692,0,1.3509900399856654,daily_eth_dca,,,,,,,,,
2022-09-01 09:00:00+00:00,daily_eth_dca_buy,4.9164208456243852,0.0073746312684365781,1550.0115350000001,1547.6900000000001,0.0031718608117483364,0,1.3541619007974137,daily_eth_dca,,,,,,,,,
2022-09-02 09:00:00+00:00,daily_eth_dca_buy,4.9164208456243852,0.0073746312684365781,1592.3950150000001,1590.01,0.0030874379782106923,0,1.3572493387756244,daily_eth_dca,,,,,,,,,
2022-09-03 09:00:00+00:00,daily_eth_dca_buy,4.9164208456243852,0.0073746312684365781,1546.7266150000003,1544.4100000000001,0.0031785971728587499,0,1.3604279359484832,daily_eth_dca,,,,,,,,,
2022-09-04 09:00:00+00:00,daily_eth_dca_buy,4.9164208456243852,0.0073746312684365781,1555.940415,1553.6099999999999,0.0031597744992210288,0,1.3635877104477043,daily_eth_dca,,,,,,,,,
2022-09-05 09:00:00+00:00,daily_eth_dca_buy,4.9164208456243852,0.0073746312684365781,1567.36753,1565.02,0.0031367377156424729,0,1.3667244481633467,daily_eth_dca,,,,,,,,,
2022-09-06 09:00:00+00:00,daily_eth_dca_buy,4.9164208456243852,0.0073746312684365781,1668.2185800000002,1665.72,0.0029471083133628595,0,1.3696715564767095,daily_eth_dca,,,,,,,,,
2022-09-07 09:00:00+00:00,daily_eth_dca_buy,4.9164208456243852,0.0073746312684365781,1523.2915150000001,1521.01,0.0032274983463190794,0,1.3728990548230284,daily_eth_dca,,,,,,,,,
2022-09-08 09:00:00+00:00,daily_eth_dca_buy,4.9164208456243852,0.0073746312684365781,1626.3258350000001,1623.8900000000001,0.0030230232711173678,0,1.3759220780941459,daily_eth_dca,,,,,,,,,
2022-09-09 09:00:00+00:00,daily_eth_dca_buy,4.9164208456243852,0.0073746312684365781,1709.350185,1706.79,0.0028761928882491596,0,1.3787982709823952,daily_eth_dca,,,,,,,,,
2022-09-10 09:00:00+00:00,daily_eth_dca_buy,4.9164208456243852,0.0073746312684365781,1718.9846150000001,1716.4100000000001,0.0028600726281802031,0,1.3816583436105754,daily_eth_dca,,,,,,,,,
2022-09-11 09:00:00+00:00,daily_eth_dca_buy,4.9164208456243852,0.0073746312684365781,1767.2068400000001,1764.5599999999999,0.0027820290949215573,0,1.384440372705497,daily_eth_dca,,,,,,,,,
2022-09-12 09:00:00+00:00,daily_eth_dca_buy,4.9164208456243852,0.0073746312684365781,1756.6710600000001,1754.04,0.0027987145445570127,0,1.387239087250054,daily_eth_dca,,,,,,,,,
2022-09-13 09:00:00+00:00,daily_eth_dca_buy,4.9164208456243852,0.0073746312684365781,1717.51241,1714.9400000000001,0.0028625242047738012,0,1.3901016114548277,daily_eth_dca,,,,,,,,,
2022-09-14 09:00:00+00:00,daily_eth_dca_buy,4.9164208456243852,0.0073746312684365781,1605.4746050000001,1603.0699999999999,0.0030622850279368851,0,1.3931638964827646,daily_eth_dca,,,,,,,,,
2022-09-15 09:00:00+00:00,daily_eth_dca_buy,4.9164208456243852,0.0073746312684365781,1610.0614750000002,1607.6500000000001,0.0030535609490466098,0,1.3962174574318111,daily_eth_dca,,,,,,,,,
2022-09-16 09:00:00+00:00,daily_eth_dca_buy,4.9164208456243852,0.0073746312684365781,1453.6171600000002,1451.4400000000001,0.0033821978584955507,0,1.3995996552903067,daily_eth_dca,,,,,,,,,
2022-09-17 09:00:00+00:00,daily_eth_dca_buy,4.9164208456243852,0.0073746312684365781,1436.3713300000002,1434.22,0.0034228063056816822,0,1.4030224615959883,daily_eth_dca,,,,,,,,,
2022-09-18 09:00:00+00:00,daily_eth_dca_buy,4.9164208456243852,0.0073746312684365781,1457.6331750000002,1455.45,0.0033728793567177041,0,1.4063953409527059,daily_eth_dca,,,,,,,,,
2022-09-19 09:00:00+00:00,daily_eth_dca_buy,4.9164208456243852,0.0073746312684365781,1295.4803100000001,1293.54,0.0037950564031531938,0,1.4101903973558592,daily_eth_dca,,,,,,,,,
2022-09-20 09:00:00+00:00,daily_eth_dca_buy,4.9164208456243852,0.0073746312684365781,1359.5362500000001,1357.5,0.0036162484417935786,0,1.4138066457976528,daily_eth_dca,,,,,,,,,
2022-09-21 09:00:00+00:00,daily_eth_dca_buy,4.9164208456243852,0.0073746312684365781,1330.8332599999999,1328.8399999999999,0.0036942425421681944,0,1.417500888339821,daily_eth_dca,,,,,,,,,
2022-09-22 09:00:00+00:00,daily_eth_dca_buy,4.9164208456243852,0.0073746312684365781,1291.4542800000002,1289.52,0.0038068872601702821,0,1.4213077755999912,daily_eth_dca,,,,,,,,,
2022-09-23 09:00:00+00:00,daily_eth_dca_buy,4.9164208456243852,0.0073746312684365781,1319.486265,1317.51,0.003726011384911525,0,1.4250337869849028,daily_eth_dca,,,,,,,,,
2022-09-24 09:00:00+00:00,daily_eth_dca_buy,4.9164208456243852,0.0073746312684365781,1331.23386,1329.24,0.0036931308565306361,0,1.4287269178414335,daily_eth_dca,,,,,,,,,
2022-09-25 09:00:00+00:00,daily_eth_dca_buy,4.9164208456243852,0.0073746312684365781,1332.5358100000001,1330.54,0.0036895224944269115,0,1.4324164403358604,daily_eth_dca,,,,,,,,,
2022-09-26 09:00:00+00:00,daily_eth_dca_buy,4.9164208456243852,0.0073746312684365781,1322.6810500000001,1320.7,0.0037170116299952921,0,1.4361334519658557,daily_eth_dca,,,,,,,,,
2022-09-27 09:00:00+00:00,daily_eth_dca_buy,4.9164208456243852,0.0073746312684365781,1380.3974949999999,1378.3299999999999,0.0035615979190286675,0,1.4396950498848844,daily_eth_dca,,,,,,,,,
2022-09-28 09:00:00+00:00,daily_eth_dca_buy,4.9164208456243852,0.0073746312684365781,1284.6040200000002,1282.6800000000001,0.0038271878096912573,0,1.4435222376945755,daily_eth_dca,,,,,,,,,
2022-09-29 09:00:00+00:00,daily_eth_dca_buy,4.9164208456243852,0.0073746312684365781,1326.216345,1324.23,0.0037071031918433977,0,1.447229340886419,daily_eth_dca,,,,,,,,,
2022-09-30 09:00:00+00:00,daily_eth_dca_buy,4.9164208456243852,0.0073746312684365781,1350.6329149999999,1348.6099999999999,0.0036400866519859586,0,1.4508694275384049,daily_eth_dca,,,,,,,,,
2022-10-01 09:00:00+00:00,daily_eth_dca_buy,4.9164208456243852,0.0073746312684365781,1333.6074149999999,1331.6099999999999,0.0036865578207844513,0,1.4545559853591894,daily_eth_dca,,,,,,,,,
2022-10-02 09:00:00+00:00,daily_eth_dca_buy,4.9164208456243852,0.0073746312684365781,1311.9549850000001,1309.99,0.003747400560107163,0,1.4583033859192966,daily_eth_dca,,,,,,,,,
2022-10-03 09:00:00+00:00,daily_eth_dca_buy,4.9164208456243852,0.0073746312684365781,1293.3371000000002,1291.4000000000001,0.0038013452530081945,0,1.4621047311723048,daily_eth_dca,,,,,,,,,
2022-10-04 09:00:00+00:00,daily_eth_dca_buy,4.9164208456243852,0.0073746312684365781,1349.8717750000001,1347.8499999999999,0.0036421391547537059,0,1.4657468703270584,daily_eth_dca,,,,,,,,,
2022-10-05 09:00:00+00:00,daily_eth_dca_buy,4.9164208456243852,0.0073746312684365781,1346.3965700000001,1344.3800000000001,0.0036515399364277826,0,1.4693984102634863,daily_eth_dca,,,,,,,,,
2022-10-06 09:00:00+00:00,daily_eth_dca_buy,4.9164208456243852,0.0073746312684365781,1361.7095050000003,1359.6700000000001,0.0036104769979000656,0,1.4730088872613862,daily_eth_dca,,,,,,,,,
2022-10-07 09:00:00+00:00,daily_eth_dca_buy,4.9164208456243852,0.0073746312684365781,1358.023985,1355.99,0.0036202754148148457,0,1.4766291626762011,daily_eth_dca,,,,,,,,,
2022-10-08 09:00:00+00:00,daily_eth_dca_buy,4.9164208456243852,0.0073746312684365781,1327.2278600000002,1325.24,0.0037042779117252593,0,1.4803334405879265,daily_eth_dca,,,,,,,,,
2022-10-09 09:00:00+00:00,daily_eth_dca_buy,4.9164208456243852,0.0073746312684365781,1317.2929799999999,1315.3199999999999,0.0037322151717717232,0,1.4840656557596983,daily_eth_dca,,,,,,,,,
2022-10-10 09:00:00+00:00,daily_eth_dca_buy,4.9164208456243852,0.0073746312684365781,1308.7601999999999,1306.8,0.0037565482550771224,0,1.4878222040147755,daily_eth_dca,,,,,,,,,
2022-10-11 09:00:00+00:00,daily_eth_dca_buy,4.9164208456243852,0.0073746312684365781,1286.8473800000002,1284.9200000000001,0.0038205158762683921,0,1.4916427198910438,daily_eth_dca,,,,,,,,,
2022-10-12 09:00:00+00:00,daily_eth_dca_buy,4.9164208456243852,0.0073746312684365781,1299.7166549999999,1297.77,0.0037826866545957938,0,1.4954254065456396,daily_eth_dca,,,,,,,,,
2022-10-13 09:00:00+00:00,daily_eth_dca_buy,4.9164208456243852,0.0073746312684365781,1280.1273150000002,1278.21,0.003840571783771667,0,1.4992659783294113,daily_eth_dca,,,,,,,,,
2022-10-14 09:00:00+00:00,daily_eth_dca_buy,4.9164208456243852,0.0073746312684365781,1323.5623700000001,1321.5799999999999,0.0037145365847960645,0,1.5029805149142075,daily_eth_dca,,,,,,,,,
2022-10-15 09:00:00+00:00,daily_eth_dca_buy,4.9164208456243852,0.0073746312684365781,1282.4007200000001,1280.48,0.0038337633229217033,0,1.5068142782371292,daily_eth_dca,,,,,,,,,
2022-10-16 09:00:00+00:00,daily_eth_dca_buy,4.9164208456243852,0.0073746312684365781,1290.8133200000002,1288.8800000000001,0.0038087775896396732,0,1.5106230558267688,daily_eth_dca,,,,,,,,,
2022-10-17 09:00:00+00:00,daily_eth_dca_buy,4.9164208456243852,0.0073746312684365781,1310.9434700000002,1308.98,0.0037502920287053906,0,1.5143733478554742,daily_eth_dca,,,,,,,,,
2022-10-18 09:00:00+00:00,daily_eth_dca_buy,4.9164208456243852,0.0073746312684365781,1324.7541550000001,1322.77,0.0037111948862877013,0,1.518084542741762,daily_eth_dca,,,,,,,,,
2022-10-19 09:00:00+00:00,daily_eth_dca_buy,4.9164208456243852,0.0073746312684365781,1301.4192050000001,1299.47,0.0037777380468458546,0,1.5218622807886077,daily_eth_dca,,,,,,,,,
2022-10-20 09:00:00+00:00,daily_eth_dca_buy,4.9164208456243852,0.0073746312684365781,1293.0967400000002,1291.1600000000001,0.0038020518446472804,0,1.5256643326332551,daily_eth_dca,,,,,,,,,
2022-10-21 09:00:00+00:00,daily_eth_dca_buy,4.9164208456243852,0.0073746312684365781,1280.03718,1278.1199999999999,0.0038408422211801576,0,1.5295051748544353,daily_eth_dca,,,,,,,,,
2022-10-22 09:00:00+00:00,daily_eth_dca_buy,4.9164208456243852,0.0073746312684365781,1302.5809450000002,1300.6300000000001,0.0037743687749281366,0,1.5332795436293634,daily_eth_dca,,,,,,,,,
2022-10-23 09:00:00+00:00,daily_eth_dca_buy,4.9164208456243852,0.0073746312684365781,1313.5974450000001,1311.6300000000001,0.0037427149880185592,0,1.5370222586173818,daily_eth_dca,,,,,,,,,
2022-10-24 09:00:00+00:00,daily_eth_dca_buy,4.9164208456243852,0.0073746312684365781,1339.8067000000001,1337.8,0.0036695001194010932,0,1.540691758736783,daily_eth_dca,,,,,,,,,
2022-10-25 09:00:00+00:00,daily_eth_dca_buy,4.9164208456243852,0.0073746312684365781,1346.2864050000001,1344.27,0.0036518387375562818,0,1.5443435974743394,daily_eth_dca,,,,,,,,,
2022-10-26 09:00:00+00:00,daily_eth_dca_buy,4.9164208456243852,0.0073746312684365781,1538.7146150000001,1536.4100000000001,0.0031951479486170896,0,1.5475387454229566,daily_eth_dca,,,,,,,,,
2022-10-27 09:00:00+00:00,daily_eth_dca_buy,4.9164208456243852,0.0073746312684365781,1556.1306999999999,1553.8,0.0031593881192784035,0,1.550698133542235,daily_eth_dca,,,,,,,,,
2022-10-28 09:00:00+00:00,daily_eth_dca_buy,4.9164208456243852,0.0073746312684365781,1504.843885,1502.5899999999999,0.0032670637098175703,0,1.5539651972520525,daily_eth_dca,,,,,,,,,
2022-10-29 09:00:00+00:00,daily_eth_dca_buy,4.9164208456243852,0.0073746312684365781,1631.2832599999999,1628.8399999999999,0.0030138363864681511,0,1.5569790336385207,daily_eth_dca,,,,,,,,,
2022-10-30 09:00:00+00:00,daily_eth_dca_buy,4.9164208456243852,0.0073746312684365781,1618.6243000000002,1616.2,0.0030374070410436717,0,1.5600164406795645,daily_eth_dca,,,,,,,,,
2022-10-31 09:00:00+00:00,daily_eth_dca_buy,4.9164208456243852,0.0073746312684365781,1584.9939300000001,1582.6199999999999,0.0031018546838374231,0,1.563118295363402,daily_eth_dca,,,,,,,,,
2022-11-01 09:00:00+00:00,daily_eth_dca_buy,4.9164208456243852,0.0073746312684365781,1590.1817000000001,1587.8,0.0030917352687585228,0,1.5662100306321605,daily_eth_dca,,,,,,,,,
2022-11-02 09:00:00+00:00,daily_eth_dca_buy,4.9164208456243852,0.0073746312684365781,1576.3610000000001,1574,0.0031188419693359485,0,1.5693288726014964,daily_eth_dca,,,,,,,,,
2022-11-03 09:00:00+00:00,daily_eth_dca_buy,4.9164208456243852,0.0073746312684365781,1546.105685,1543.79,0.003179873726176995,0,1.5725087463276735,daily_eth_dca,,,,,,,,,
2022-11-04 09:00:00+00:00,daily_eth_dca_buy,4.9164208456243852,0.0073746312684365781,1581.70901,1579.3399999999999,0.0031082966680605712,0,1.5756170429957341,daily_eth_dca,,,,,,,,,
2022-11-05 09:00:00+00:00,daily_eth_dca_buy,4.9164208456243852,0.0073746312684365781,1645.7749650000001,1643.3099999999999,0.0029872983549876666,0,1.5786043413507218,daily_eth_dca,,,,,,,,,
2022-11-06 09:00:00+00:00,daily_eth_dca_buy,4.9164208456243852,0.0073746312684365781,1633.9172050000002,1631.47,0.0030089779522361935,0,1.581613319302958,daily_eth_dca,,,,,,,,,
2022-11-07 09:00:00+00:00,daily_eth_dca_buy,4.9164208456243852,0.0073746312684365781,1570.4321199999999,1568.0799999999999,0.0031306165882702304,0,1.5847439358912283,daily_eth_dca,,,,,,,,,
2022-11-08 09:00:00+00:00,daily_eth_dca_buy,4.9164208456243852,0.0073746312684365781,1488.799855,1486.5699999999999,0.0033022711744046919,0,1.5880462070656329,daily_eth_dca,,,,,,,,,
2022-11-09 09:00:00+00:00,daily_eth_dca_buy,4.9164208456243852,0.0073746312684365781,1265.4954,1263.5999999999999,0.0038849772552506986,0,1.5919311843208837,daily_eth_dca,,,,,,,,,
2022-11-10 09:00:00+00:00,daily_eth_dca_buy,4.9164208456243852,0.0073746312684365781,1217.7138350000002,1215.8900000000001,0.0040374188945832123,0,1.595968603215467,daily_eth_dca,,,,,,,,,
2022-11-11 09:00:00+00:00,daily_eth_dca_buy,4.9164208456243852,0.0073746312684365781,1283.44228,1281.52,0.0038306520848170791,0,1.599799255300284,daily_eth_dca,,,,,,,,,
2022-11-12 09:00:00+00:00,daily_eth_dca_buy,4.9164208456243852,0.0073746312684365781,1263.5524900000003,1261.6600000000001,0.0038909510167040107,0,1.603690206316988,daily_eth_dca,,,,,,,,,
2022-11-13 09:00:00+00:00,daily_eth_dca_buy,4.9164208456243852,0.0073746312684365781,1232.9065900000001,1231.0599999999999,0.0039876669372205928,0,1.6076778732542085,daily_eth_dca,,,,,,,,,
2022-11-14 09:00:00+00:00,daily_eth_dca_buy,4.9164208456243852,0.0073746312684365781,1263.6125800000002,1261.72,0.00389076598590399,0,1.6115686392401125,daily_eth_dca,,,,,,,,,
2022-11-15 09:00:00+00:00,daily_eth_dca_buy,4.9164208456243852,0.0073746312684365781,1276.2214650000001,1274.3099999999999,0.0038523257760943435,0,1.6154209650162068,daily_eth_dca,,,,,,,,,
2022-11-16 09:00:00+00:00,daily_eth_dca_buy,4.9164208456243852,0.0073746312684365781,1239.686745,1237.8299999999999,0.0039658573953893373,0,1.6193868224115961,daily_eth_dca,,,,,,,,,
2022-11-17 09:00:00+00:00,daily_eth_dca_buy,4.9164208456243852,0.0073746312684365781,1205.315265,1203.51,0.0040789501206760087,0,1.6234657725322721,daily_eth_dca,,,,,,,,,
2022-11-18 09:00:00+00:00,daily_eth_dca_buy,4.9164208456243852,0.0073746312684365781,1214.8896050000001,1213.0699999999999,0.0040468046029782144,0,1.6275125771352503,daily_eth_dca,,,,,,,,,
2022-11-19 09:00:00+00:00,daily_eth_dca_buy,4.9164208456243852,0.0073746312684365781,1211.9451950000002,1210.1300000000001,0.0040566362785277466,0,1.631569213413778,daily_eth_dca,,,,,,,,,
2022-11-20 09:00:00+00:00,daily_eth_dca_buy,4.9164208456243852,0.0073746312684365781,1209.9522100000002,1208.1400000000001,0.0040633182079351585,0,1.6356325316217133,daily_eth_dca,,,,,,,,,
2022-11-21 09:00:00+00:00,daily_eth_dca_buy,4.9164208456243852,0.0073746312684365781,1122.2708849999999,1120.5899999999999,0.0043807791071978006,0,1.640013310728911,daily_eth_dca,,,,,,,,,
2022-11-22 09:00:00+00:00,daily_eth_dca_buy,4.9164208456243852,0.0073746312684365781,1089.75218,1088.1199999999999,0.0045115035655394469,0,1.6445248142944504,daily_eth_dca,,,,,,,,,
2022-11-23 09:00:00+00:00,daily_eth_dca_buy,4.9164208456243852,0.0073746312684365781,1165.796075,1164.05,0.0042172219919546262,0,1.6487420362864051,daily_eth_dca,,,,,,,,,
2022-11-24 09:00:00+00:00,daily_eth_dca_buy,4.9164208456243852,0.0073746312684365781,1201.5997,1199.8,0.0040915629769418095,0,1.6528335992633469,daily_eth_dca,,,,,,,,,
2022-11-25 09:00:00+00:00,daily_eth_dca_buy,4.9164208456243852,0.0073746312684365781,1182.6613350000002,1180.8900000000001,0.004157082590025135,0,1.6569906818533722,daily_eth_dca,,,,,,,,,
2022-11-26 09:00:00+00:00,daily_eth_dca_buy,4.9164208456243852,0.0073746312684365781,1218.0944050000001,1216.27,0.0040361574812622057,0,1.6610268393346344,daily_eth_dca,,,,,,,,,
2022-11-27 09:00:00+00:00,daily_eth_dca_buy,4.9164208456243852,0.0073746312684365781,1213.547595,1211.73,0.004051279789833365,0,1.6650781191244677,daily_eth_dca,,,,,,,,,
2022-11-28 09:00:00+00:00,daily_eth_dca_buy,4.9164208456243852,0.0073746312684365781,1176.612275,1174.8499999999999,0.0041784544918370709,0,1.6692565736163048,daily_eth_dca,,,,,,,,,
2022-11-29 09:00:00+00:00,daily_eth_dca_buy,4.9164208456243852,0.0073746312684365781,1216.8825899999999,1215.0599999999999,0.0040401768305555145,0,1.6732967504468603,daily_eth_dca,,,,,,,,,
2022-11-30 09:00:00+00:00,daily_eth_dca_buy,4.9164208456243852,0.0073746312684365781,1270.272555,1268.3699999999999,0.0038703668958858873,0,1.6771671173427463,daily_eth_dca,,,,,,,,,
2022-12-01 09:00:00+00:00,daily_eth_dca_buy,4.9164208456243852,0.0073746312684365781,1285.7156850000001,1283.79,0.0038238787182754055,0,1.6809909960610216,daily_eth_dca,,,,,,,,,
2022-12-02 09:00:00+00:00,daily_eth_dca_buy,4.9164208456243852,0.0073746312684365781,1279.1258150000001,1277.21,0.0038435787848002932,0,1.684834574845822,daily_eth_dca,,,,,,,,,
2022-12-03 09:00:00+00:00,daily_eth_dca_buy,4.9164208456243852,0.0073746312684365781,1271.3041000000001,1269.4000000000001,0.0038672264532336399,0,1.6887018012990556,daily_eth_dca,,,,,,,,,
2022-12-04 09:00:00+00:00,daily_eth_dca_buy,4.9164208456243852,0.0073746312684365781,1260.2976150000002,1258.4100000000001,0.0039009998805912081,0,1.6926028011796468,daily_eth_dca,,,,,,,,,
2022-12-05 09:00:00+00:00,daily_eth_dca_buy,4.9164208456243852,0.0073746312684365781,1303.6024750000001,1301.6500000000001,0.0037714111010907561,0,1.6963742122807375,daily_eth_dca,,,,,,,,,
2022-12-06 09:00:00+00:00,daily_eth_dca_buy,4.9164208456243852,0.0073746312684365781,1264.5940500000002,1262.7,0.0038877463053257166,0,1.7002619585860632,daily_eth_dca,,,,,,,,,
2022-12-07 09:00:00+00:00,daily_eth_dca_buy,4.9164208456243852,0.0073746312684365781,1230.7934250000001,1228.95,0.0039945134136740983,0,1.7042564719997373,daily_eth_dca,,,,,,,,,
2022-12-08 09:00:00+00:00,daily_eth_dca_buy,4.9164208456243852,0.0073746312684365781,1235.5705800000001,1233.72,0.0039790692051152468,0,1.7082355412048524,daily_eth_dca,,,,,,,,,
2022-12-09 09:00:00+00:00,daily_eth_dca_buy,4.9164208456243852,0.0073746312684365781,1282.1102850000002,1280.1900000000001,0.0038346317810128046,0,1.7120701729858652,daily_eth_dca,,,,,,,,,
2022-12-10 09:00:00+00:00,daily_eth_dca_buy,4.9164208456243852,0.0073746312684365781,1265.21498,1263.3199999999999,0.0038858383147063161,0,1.7159560113005714,daily_eth_dca,,,,,,,,,
2022-12-11 09:00:00+00:00,daily_eth_dca_buy,4.9164208456243852,0.0073746312684365781,1276.0612250000001,1274.1500000000001,0.0038528095277124219,0,1.7198088208282838,daily_eth_dca,,,,,,,,,
2022-12-12 09:00:00+00:00,daily_eth_dca_buy,4.9164208456243852,0.0073746312684365781,1249.8519700000002,1247.98,0.0039336025094430863,0,1.723742423337727,daily_eth_dca,,,,,,,,,
2022-12-13 09:00:00+00:00,daily_eth_dca_buy,4.9164208456243852,0.0073746312684365781,1267.0577400000002,1265.1600000000001,0.0038801869010518688,0,1.7276226102387788,daily_eth_dca,,,,,,,,,
2022-12-14 09:00:00+00:00,daily_eth_dca_buy,4.9164208456243852,0.0073746312684365781,1326.1262100000001,1324.1400000000001,0.0037073551586197704,0,1.7313299653973986,daily_eth_dca,,,,,,,,,
2022-12-15 09:00:00+00:00,daily_eth_dca_buy,4.9164208456243852,0.0073746312684365781,1285.7156850000001,1283.79,0.0038238787182754055,0,1.735153844115674,daily_eth_dca,,,,,,,,,
2022-12-16 09:00:00+00:00,daily_eth_dca_buy,4.9164208456243852,0.0073746312684365781,1246.476915,1244.6099999999999,0.0039442534285718282,0,1.7390980975442458,daily_eth_dca,,,,,,,,,
2022-12-17 09:00:00+00:00,daily_eth_dca_buy,4.9164208456243852,0.0073746312684365781,1182.040405,1180.27,0.0041592663201935011,0,1.7432573638644393,daily_eth_dca,,,,,,,,,
2022-12-18 09:00:00+00:00,daily_eth_dca_buy,4.9164208456243852,0.0073746312684365781,1189.2111450000002,1187.4300000000001,0.0041341866549900056,0,1.7473915505194293,daily_eth_dca,,,,,,,,,
2022-12-19 09:00:00+00:00,daily_eth_dca_buy,4.9164208456243852,0.0073746312684365781,1185.5857149999999,1183.8099999999999,0.0041468286800540486,0,1.7515383791994834,daily_eth_dca,,,,,,,,,
2022-12-20 09:00:00+00:00,daily_eth_dca_buy,4.9164208456243852,0.0073746312684365781,1212.9066350000001,1211.0899999999999,0.0040534206869306021,0,1.7555917998864141,daily_eth_dca,,,,,,,,,
2022-12-21 09:00:00+00:00,daily_eth_dca_buy,4.9164208456243852,0.0073746312684365781,1217.1730250000001,1215.3499999999999,0.004039212786221897,0,1.759631012672636,daily_eth_dca,,,,,,,,,
2022-12-22 09:00:00+00:00,daily_eth_dca_buy,4.9164208456243852,0.0073746312684365781,1217.2130850000001,1215.3900000000001,0.0040390798506938367,0,1.7636700925233297,daily_eth_dca,,,,,,,,,
2022-12-23 09:00:00+00:00,daily_eth_dca_buy,4.9164208456243852,0.0073746312684365781,1220.30772,1218.48,0.0040288369605859624,0,1.7676989294839156,daily_eth_dca,,,,,,,,,
2022-12-24 09:00:00+00:00,daily_eth_dca_buy,4.9164208456243852,0.0073746312684365781,1220.097405,1218.27,0.0040295314337008897,0,1.7717284609176165,daily_eth_dca,,,,,,,,,
2022-12-25 09:00:00+00:00,daily_eth_dca_buy,4.9164208456243852,0.0073746312684365781,1221.880075,1220.05,0.0040236525222202228,0,1.7757521134398366,daily_eth_dca,,,,,,,,,
2022-12-26 09:00:00+00:00,daily_eth_dca_buy,4.9164208456243852,0.0073746312684365781,1221.3092200000001,1219.48,0.0040255332270597161,0,1.7797776466668964,daily_eth_dca,,,,,,,,,
2022-12-27 09:00:00+00:00,daily_eth_dca_buy,4.9164208456243852,0.0073746312684365781,1218.7654100000002,1216.9400000000001,0.0040339353293792485,0,1.7838115819962757,daily_eth_dca,,,,,,,,,
2022-12-28 09:00:00+00:00,daily_eth_dca_buy,4.9164208456243852,0.0073746312684365781,1196.5321100000001,1194.74,0.0041088916916942452,0,1.7879204736879699,daily_eth_dca,,,,,,,,,
2022-12-29 09:00:00+00:00,daily_eth_dca_buy,4.9164208456243852,0.0073746312684365781,1193.8681200000001,1192.0799999999999,0.0041180602474119041,0,1.7920385339353819,daily_eth_dca,,,,,,,,,
2022-12-30 09:00:00+00:00,daily_eth_dca_buy,4.9164208456243852,0.0073746312684365781,1192.8566049999999,1191.0699999999999,0.0041215522679059861,0,1.7961600862032878,daily_eth_dca,,,,,,,,,
2022-12-31 09:00:00+00:00,daily_eth_dca_buy,4.9164208456243852,0.0073746312684365781,1197.85409,1196.0599999999999,0.0041043570220012232,0,1.800264443225289,daily_eth_dca,,,,,,,,,
2023-01-01 09:00:00+00:00,daily_eth_dca_buy,4.9164208456243852,0.0073746312684365781,1196.0614050000001,1194.27,0.0041105087289597681,0,1.8043749519542487,daily_eth_dca,,,,,,,,,
2023-01-02 09:00:00+00:00,daily_eth_dca_buy,4.9164208456243852,0.0073746312684365781,1217.7538950000001,1215.9300000000001,0.0040372860771054116,0,1.8084122380313541,daily_eth_dca,,,,,,,,,
2023-01-03 09:00:00+00:00,daily_eth_dca_buy,4.9164208456243852,0.0073746312684365781,1217.4634600000002,1215.6400000000001,0.0040382492018482298,0,1.8124504872332023,daily_eth_dca,,,,,,,,,
2023-01-04 09:00:00+00:00,daily_eth_dca_buy,4.9164208456243852,0.0073746312684365781,1252.626125,1250.75,0.0039248908732638678,0,1.8163753781064662,daily_eth_dca,,,,,,,,,
2023-01-05 09:00:00+00:00,daily_eth_dca_buy,4.9164208456243852,0.0073746312684365781,1252.6060950000001,1250.73,0.0039249536348650652,0,1.8203003317413313,daily_eth_dca,,,,,,,,,
2023-01-06 09:00:00+00:00,daily_eth_dca_buy,4.9164208456243852,0.0073746312684365781,1251.2640850000003,1249.3900000000001,0.0039291632394486764,0,1.82422949498078,daily_eth_dca,,,,,,,,,
2023-01-07 09:00:00+00:00,daily_eth_dca_buy,4.9164208456243852,0.0073746312684365781,1266.5770200000002,1264.6800000000001,0.0038816595974750785,0,1.8281111545782551,daily_eth_dca,,,,,,,,,
2023-01-08 09:00:00+00:00,daily_eth_dca_buy,4.9164208456243852,0.0073746312684365781,1265.1749200000002,1263.28,0.0038859613543591148,0,1.8319971159326143,daily_eth_dca,,,,,,,,,
2023-01-09 09:00:00+00:00,daily_eth_dca_buy,4.9164208456243852,0.0073746312684365781,1312.1252400000001,1310.1600000000001,0.003746914315606325,0,1.8357440302482206,daily_eth_dca,,,,,,,,,
2023-01-10 09:00:00+00:00,daily_eth_dca_buy,4.9164208456243852,0.0073746312684365781,1330.302465,1328.3099999999999,0.0036957165569293186,0,1.83943974680515,daily_eth_dca,,,,,,,,,
2023-01-11 09:00:00+00:00,daily_eth_dca_buy,4.9164208456243852,0.0073746312684365781,1336.6720050000001,1334.6700000000001,0.0036781056438930839,0,1.843117852449043,daily_eth_dca,,,,,,,,,
2023-01-12 09:00:00+00:00,daily_eth_dca_buy,4.9164208456243852,0.0073746312684365781,1402.4405099999999,1400.3399999999999,0.0035056181068417549,0,1.8466234705558848,daily_eth_dca,,,,,,,,,
2023-01-13 09:00:00+00:00,daily_eth_dca_buy,4.9164208456243852,0.0073746312684365781,1410.8430950000002,1408.73,0.0034847396305429587,0,1.8501082101864277,daily_eth_dca,,,,,,,,,
2023-01-14 09:00:00+00:00,daily_eth_dca_buy,4.9164208456243852,0.0073746312684365781,1565.3445000000002,1563,0.0031407915929205265,0,1.8532490017793481,daily_eth_dca,,,,,,,,,
2023-01-15 09:00:00+00:00,daily_eth_dca_buy,4.9164208456243852,0.0073746312684365781,1525.314545,1523.03,0.0032232177040076577,0,1.8564722194833558,daily_eth_dca,,,,,,,,,
2023-01-16 09:00:00+00:00,daily_eth_dca_buy,4.9164208456243852,0.0073746312684365781,1539.7661900000001,1537.46,0.0031929658395891815,0,1.8596651853229451,daily_eth_dca,,,,,,,,,
2023-01-17 09:00:00+00:00,daily_eth_dca_buy,4.9164208456243852,0.0073746312684365781,1571.463665,1569.1099999999999,0.0031285615793250842,0,1.8627937469022702,daily_eth_dca,,,,,,,,,
2023-01-18 09:00:00+00:00,daily_eth_dca_buy,4.9164208456243852,0.0073746312684365781,1579.0249900000001,1576.6600000000001,0.0031135801375913531,0,1.8659073270398616,daily_eth_dca,,,,,,,,,
2023-01-19 09:00:00+00:00,daily_eth_dca_buy,4.9164208456243852,0.0073746312684365781,1529.3305600000001,1527.04,0.0032147535491766966,0,1.8691220805890383,daily_eth_dca,,,,,,,,,
2023-01-20 09:00:00+00:00,daily_eth_dca_buy,4.9164208456243852,0.0073746312684365781,1554.2779250000001,1551.95,0.0031631542638195708,0,1.8722852348528578,daily_eth_dca,,,,,,,,,
2023-01-21 09:00:00+00:00,daily_eth_dca_buy,4.9164208456243852,0.0073746312684365781,1649.760935,1647.29,0.0029800807749302085,0,1.8752653156277881,daily_eth_dca,,,,,,,,,
2023-01-22 09:00:00+00:00,daily_eth_dca_buy,4.9164208456243852,0.0073746312684365781,1633.7970250000001,1631.3499999999999,0.003009199288769904,0,1.8782745149165581,daily_eth_dca,,,,,,,,,
2023-01-23 09:00:00+00:00,daily_eth_dca_buy,4.9164208456243852,0.0073746312684365781,1633.8471000000002,1631.4000000000001,0.0030091070612570689,0,1.8812836219778151,daily_eth_dca,,,,,,,,,
2023-01-24 09:00:00+00:00,daily_eth_dca_buy,4.9164208456243852,0.0073746312684365781,1637.262215,1634.8099999999999,0.0030028304571997864,0,1.8842864524350149,daily_eth_dca,,,,,,,,,
2023-01-25 09:00:00+00:00,daily_eth_dca_buy,4.9164208456243852,0.0073746312684365781,1553.4266500000001,1551.0999999999999,0.0031648876666461111,0,1.887451340101661,daily_eth_dca,,,,,,,,,
2023-01-26 09:00:00+00:00,daily_eth_dca_buy,4.9164208456243852,0.0073746312684365781,1610.412,1608,0.0030528963058052134,0,1.8905042364074662,daily_eth_dca,,,,,,,,,
2023-01-27 09:00:00+00:00,daily_eth_dca_buy,4.9164208456243852,0.0073746312684365781,1581.4085600000001,1579.04,0.0031088872097823884,0,1.8936131236172487,daily_eth_dca,,,,,,,,,
2023-01-28 09:00:00+00:00,daily_eth_dca_buy,4.9164208456243852,0.0073746312684365781,1589.56077,1587.1800000000001,0.0030929429930661822,0,1.8967060666103148,daily_eth_dca,,,,,,,,,
2023-01-29 09:00:00+00:00,daily_eth_dca_buy,4.9164208456243852,0.0073746312684365781,1592.835675,1590.45,0.00308658383459699,0,1.8997926504449119,daily_eth_dca,,,,,,,,,
2023-01-30 09:00:00+00:00,daily_eth_dca_buy,4.9164208456243852,0.0073746312684365781,1622.3498800000002,1619.9200000000001,0.0030304319100540661,0,1.9028230823549659,daily_eth_dca,,,,,,,,,
2023-01-31 09:00:00+00:00,daily_eth_dca_buy,4.9164208456243852,0.0073746312684365781,1574.0475350000002,1571.6900000000001,0.0031234259044307607,0,1.9059465082593967,daily_eth_dca,,,,,,,,,
2023-02-01 09:00:00+00:00,daily_eth_dca_buy,4.9164208456243852,0.0073746312684365781,1572.905825,1570.55,0.003125693075505258,0,1.909072201334902,daily_eth_dca,,,,,,,,,
2023-02-02 09:00:00+00:00,daily_eth_dca_buy,4.9164208456243852,0.0073746312684365781,1672.4248800000003,1669.9200000000001,0.0029396960691139588,0,1.9120118974040159,daily_eth_dca,,,,,,,,,
2023-02-03 09:00:00+00:00,daily_eth_dca_buy,4.9164208456243852,0.0073746312684365781,1643.3813800000003,1640.9200000000001,0.0029916493550781161,0,1.915003546759094,daily_eth_dca,,,,,,,,,
2023-02-04 09:00:00+00:00,daily_eth_dca_buy,4.9164208456243852,0.0073746312684365781,1654.7183600000001,1652.24,0.0029711526532070296,0,1.917974699412301,daily_eth_dca,,,,,,,,,
2023-02-05 09:00:00+00:00,daily_eth_dca_buy,4.9164208456243852,0.0073746312684365781,1672.4649400000001,1669.96,0.0029396256555455119,0,1.9209143250678467,daily_eth_dca,,,,,,,,,
2023-02-06 09:00:00+00:00,daily_eth_dca_buy,4.9164208456243852,0.0073746312684365781,1634.5781950000003,1632.1300000000001,0.0030077611830765824,0,1.9239220862509232,daily_eth_dca,,,,,,,,,
2023-02-07 09:00:00+00:00,daily_eth_dca_buy,4.9164208456243852,0.0073746312684365781,1632.8556150000002,1630.4100000000001,0.0030109342188374597,0,1.9269330204697606,daily_eth_dca,,,,,,,,,
2023-02-08 09:00:00+00:00,daily_eth_dca_buy,4.9164208456243852,0.0073746312684365781,1675.860025,1673.3499999999999,0.0029336703377863468,0,1.9298666908075468,daily_eth_dca,,,,,,,,,
2023-02-09 09:00:00+00:00,daily_eth_dca_buy,4.9164208456243852,0.0073746312684365781,1634.9387350000002,1632.49,0.0030070979054908653,0,1.9328737887130376,daily_eth_dca,,,,,,,,,
2023-02-10 09:00:00+00:00,daily_eth_dca_buy,4.9164208456243852,0.0073746312684365781,1553.1562450000001,1550.8299999999999,0.0031654386746031368,0,1.9360392273876408,daily_eth_dca,,,,,,,,,
2023-02-11 09:00:00+00:00,daily_eth_dca_buy,4.9164208456243852,0.0073746312684365781,1525.0641700000001,1522.78,0.0032237468706804548,0,1.9392629742583212,daily_eth_dca,,,,,,,,,
2023-02-12 09:00:00+00:00,daily_eth_dca_buy,4.9164208456243852,0.0073746312684365781,1533.7772200000002,1531.48,0.003205433475941431,0,1.9424684077342627,daily_eth_dca,,,,,,,,,
2023-02-13 09:00:00+00:00,daily_eth_dca_buy,4.9164208456243852,0.0073746312684365781,1508.4392700000001,1506.1800000000001,0.0032592766201481782,0,1.9457276843544109,daily_eth_dca,,,,,,,,,
2023-02-14 09:00:00+00:00,daily_eth_dca_buy,4.9164208456243852,0.0073746312684365781,1500.6676300000001,1498.4200000000001,0.0032761557238523129,0,1.9490038400782632,daily_eth_dca,,,,,,,,,
2023-02-15 09:00:00+00:00,daily_eth_dca_buy,4.9164208456243852,0.0073746312684365781,1548.5493450000001,1546.23,0.0031748557845435559,0,1.9521786958628067,daily_eth_dca,,,,,,,,,
2023-02-16 09:00:00+00:00,daily_eth_dca_buy,4.9164208456243852,0.0073746312684365781,1684.7633600000001,1682.24,0.0029181670033614601,0,1.9550968628661682,daily_eth_dca,,,,,,,,,
2023-02-17 09:00:00+00:00,daily_eth_dca_buy,4.9164208456243852,0.0073746312684365781,1666.6862850000002,1664.1900000000001,0.0029498177850694825,0,1.9580466806512378,daily_eth_dca,,,,,,,,,
2023-02-18 09:00:00+00:00,daily_eth_dca_buy,4.9164208456243852,0.0073746312684365781,1696.2906250000001,1693.75,0.0028983363895113108,0,1.960945017040749,daily_eth_dca,,,,,,,,,
2023-02-19 09:00:00+00:00,daily_eth_dca_buy,4.9164208456243852,0.0073746312684365781,1695.3692450000001,1692.8299999999999,0.0028999115444166175,0,1.9638449285851656,daily_eth_dca,,,,,,,,,
2023-02-20 09:00:00+00:00,daily_eth_dca_buy,4.9164208456243852,0.0073746312684365781,1694.4979400000002,1691.96,0.0029014026689370802,0,1.9667463312541027,daily_eth_dca,,,,,,,,,
2023-02-21 09:00:00+00:00,daily_eth_dca_buy,4.9164208456243852,0.0073746312684365781,1678.2035350000001,1675.6900000000001,0.0029295736441315415,0,1.9696759048982342,daily_eth_dca,,,,,,,,,
2023-02-22 09:00:00+00:00,daily_eth_dca_buy,4.9164208456243852,0.0073746312684365781,1633.30629,1630.8599999999999,0.0030101034176660065,0,1.9726860083159001,daily_eth_dca,,,,,,,,,
2023-02-23 09:00:00+00:00,daily_eth_dca_buy,4.9164208456243852,0.0073746312684365781,1670.4719550000002,1667.97,0.0029431328259709602,0,1.9756291411418712,daily_eth_dca,,,,,,,,,
2023-02-24 09:00:00+00:00,daily_eth_dca_buy,4.9164208456243852,0.0073746312684365781,1656.3307749999999,1653.8499999999999,0.0029682602773738751,0,1.9785974014192451,daily_eth_dca,,,,,,,,,
2023-02-25 09:00:00+00:00,daily_eth_dca_buy,4.9164208456243852,0.0073746312684365781,1605.975355,1603.5699999999999,0.0030613301943381225,0,1.9816587316135832,daily_eth_dca,,,,,,,,,
2023-02-26 09:00:00+00:00,daily_eth_dca_buy,4.9164208456243852,0.0073746312684365781,1602.7104650000001,1600.3099999999999,0.0030675664463352616,0,1.9847262980599185,daily_eth_dca,,,,,,,,,
2023-02-27 09:00:00+00:00,daily_eth_dca_buy,4.9164208456243852,0.0073746312684365781,1636.6613150000001,1634.21,0.0030039329460318947,0,1.9877302310059504,daily_eth_dca,,,,,,,,,
2023-02-28 09:00:00+00:00,daily_eth_dca_buy,4.9164208456243852,0.0073746312684365781,1623.4315000000001,1621,0.0030284128684360165,0,1.9907586438743863,daily_eth_dca,,,,,,,,,
2023-03-01 09:00:00+00:00,daily_eth_dca_buy,4.9164208456243852,0.0073746312684365781,1661.0778849999999,1658.5899999999999,0.0029597774373020355,0,1.9937184213116883,daily_eth_dca,,,,,,,,,
2023-03-02 09:00:00+00:00,daily_eth_dca_buy,4.9164208456243852,0.0073746312684365781,1649.0699,1646.5999999999999,0.002981329563788888,0,1.9966997508754771,daily_eth_dca,,,,,,,,,
2023-03-03 09:00:00+00:00,daily_eth_dca_buy,4.9164208456243852,0.0073746312684365781,1574.3079250000001,1571.95,0.0031229092908392651,0,1.9998226601663165,daily_eth_dca,,,,,,,,,
2023-03-04 09:00:00+00:00,daily_eth_dca_buy,4.9164208456243852,0.0073746312684365781,1570.31194,1567.96,0.0031308561823865295,0,2.0029535163487031,daily_eth_dca,,,,,,,,,
2023-03-05 09:00:00+00:00,daily_eth_dca_buy,4.9164208456243852,0.0073746312684365781,1568.2388350000001,1565.8900000000001,0.0031349949611625227,0,2.0060885113098657,daily_eth_dca,,,,,,,,,
2023-03-06 09:00:00+00:00,daily_eth_dca_buy,4.9164208456243852,0.0073746312684365781,1566.7866600000002,1564.4400000000001,0.0031379006288095308,0,2.0092264119386751,daily_eth_dca,,,,,,,,,
2023-03-07 09:00:00+00:00,daily_eth_dca_buy,4.9164208456243852,0.0073746312684365781,1573.1261550000002,1570.77,0.003125255295004859,0,2.0123516672336801,daily_eth_dca,,,,,,,,,
2023-03-08 09:00:00+00:00,daily_eth_dca_buy,4.9164208456243852,0.0073746312684365781,1554.90887,1552.5799999999999,0.0031618707311280468,0,2.0155135379648081,daily_eth_dca,,,,,,,,,
2023-03-09 09:00:00+00:00,daily_eth_dca_buy,4.9164208456243852,0.0073746312684365781,1534.63851,1532.3399999999999,0.0032036344804252208,0,2.0187171724452333,daily_eth_dca,,,,,,,,,
2023-03-10 09:00:00+00:00,daily_eth_dca_buy,4.9164208456243852,0.0073746312684365781,1409.5211150000002,1407.4100000000001,0.0034880079434811335,0,2.0222051803887142,daily_eth_dca,,,,,,,,,
2023-03-11 09:00:00+00:00,daily_eth_dca_buy,4.9164208456243852,0.0073746312684365781,1436.41139,1434.26,0.0034227108472207153,0,2.0256278912359349,daily_eth_dca,,,,,,,,,
2023-03-12 09:00:00+00:00,daily_eth_dca_buy,4.9164208456243852,0.0073746312684365781,1465.4048150000001,1463.21,0.0033549916004775682,0,2.0289828828364125,daily_eth_dca,,,,,,,,,
2023-03-13 09:00:00+00:00,daily_eth_dca_buy,4.9164208456243852,0.0073746312684365781,1589.2302749999999,1586.8499999999999,0.0030935861989065025,0,2.032076469035319,daily_eth_dca,,,,,,,,,
2023-03-14 09:00:00+00:00,daily_eth_dca_buy,4.9164208456243852,0.0073746312684365781,1668.048325,1665.55,0.0029474091199512371,0,2.0350238781552701,daily_eth_dca,,,,,,,,,
2023-03-15 09:00:00+00:00,daily_eth_dca_buy,4.9164208456243852,0.0073746312684365781,1700.36673,1697.8199999999999,0.0028913885215952123,0,2.0379152666768654,daily_eth_dca,,,,,,,,,
2023-03-16 09:00:00+00:00,daily_eth_dca_buy,4.9164208456243852,0.0073746312684365781,1656.1605200000001,1653.6800000000001,0.002968565417574611,0,2.04088383209444,daily_eth_dca,,,,,,,,,
2023-03-17 09:00:00+00:00,daily_eth_dca_buy,4.9164208456243852,0.0073746312684365781,1714.5579850000001,1711.99,0.0028674567373260258,0,2.0437512888317659,daily_eth_dca,,,,,,,,,
2023-03-18 09:00:00+00:00,daily_eth_dca_buy,4.9164208456243852,0.0073746312684365781,1811.97389,1809.26,0.0027132956345327832,0,2.0464645844662988,daily_eth_dca,,,,,,,,,
2023-03-19 09:00:00+00:00,daily_eth_dca_buy,4.9164208456243852,0.0073746312684365781,1776.4006100000001,1773.74,0.0027676306898050348,0,2.049232215156104,daily_eth_dca,,,,,,,,,
2023-03-20 09:00:00+00:00,daily_eth_dca_buy,4.9164208456243852,0.0073746312684365781,1791.2828999999999,1788.5999999999999,0.002744636732491772,0,2.0519768518885959,daily_eth_dca,,,,,,,,,
2023-03-21 09:00:00+00:00,daily_eth_dca_buy,4.9164208456243852,0.0073746312684365781,1739.7356950000003,1737.1300000000001,0.0028259584830926769,0,2.0548028103716884,daily_eth_dca,,,,,,,,,
2023-03-22 09:00:00+00:00,daily_eth_dca_buy,4.9164208456243852,0.0073746312684365781,1788.6489550000001,1785.97,0.0027486784546967655,0,2.0575514888263853,daily_eth_dca,,,,,,,,,
2023-03-23 09:00:00+00:00,daily_eth_dca_buy,4.9164208456243852,0.0073746312684365781,1754.0571450000002,1751.4300000000001,0.0028028852193549172,0,2.0603543740457404,daily_eth_dca,,,,,,,,,
2023-03-24 09:00:00+00:00,daily_eth_dca_buy,4.9164208456243852,0.0073746312684365781,1797.5823350000003,1794.8900000000001,0.0027350184466651338,0,2.0630893924924054,daily_eth_dca,,,,,,,,,
2023-03-25 09:00:00+00:00,daily_eth_dca_buy,4.9164208456243852,0.0073746312684365781,1745.9950700000002,1743.3800000000001,0.0028158274499734898,0,2.0659052199423789,daily_eth_dca,,,,,,,,,
2023-03-26 09:00:00+00:00,daily_eth_dca_buy,4.9164208456243852,0.0073746312684365781,1777.4121250000001,1774.75,0.002766055647124825,0,2.0686712755895038,daily_eth_dca,,,,,,,,,
2023-03-27 09:00:00+00:00,daily_eth_dca_buy,4.9164208456243852,0.0073746312684365781,1758.8343000000002,1756.2,0.0027952723264632628,0,2.0714665479159673,daily_eth_dca,,,,,,,,,
2023-03-28 09:00:00+00:00,daily_eth_dca_buy,4.9164208456243852,0.0073746312684365781,1730.65209,1728.0599999999999,0.0028407909793264022,0,2.0743073388952937,daily_eth_dca,,,,,,,,,
2023-03-29 09:00:00+00:00,daily_eth_dca_buy,4.9164208456243852,0.0073746312684365781,1823.3609450000001,1820.6300000000001,0.0026963508564259529,0,2.0770036897517197,daily_eth_dca,,,,,,,,,
2023-03-30 09:00:00+00:00,daily_eth_dca_buy,4.9164208456243852,0.0073746312684365781,1801.8286950000002,1799.1300000000001,0.0027285728433936304,0,2.0797322625951131,daily_eth_dca,,,,,,,,,
2023-03-31 09:00:00+00:00,daily_eth_dca_buy,4.9164208456243852,0.0073746312684365781,1792.6850000000002,1790,0.0027424900892373087,0,2.0824747526843503,daily_eth_dca,,,,,,,,,
2023-04-01 09:00:00+00:00,daily_eth_dca_buy,4.9164208456243852,0.0073746312684365781,1827.9978900000001,1825.26,0.0026895112256526649,0,2.085164263910003,daily_eth_dca,,,,,,,,,
2023-04-02 09:00:00+00:00,daily_eth_dca_buy,4.9164208456243852,0.0073746312684365781,1821.0675100000001,1818.3399999999999,0.0026997466148986344,0,2.0878640105249016,daily_eth_dca,,,,,,,,,
2023-04-03 09:00:00+00:00,daily_eth_dca_buy,4.9164208456243852,0.0073746312684365781,1814.9183,1812.2,0.0027088937533024959,0,2.0905729042782042,daily_eth_dca,,,,,,,,,
2023-04-04 09:00:00+00:00,daily_eth_dca_buy,4.9164208456243852,0.0073746312684365781,1825.8446650000001,1823.1099999999999,0.0026926829756486349,0,2.0932655872538528,daily_eth_dca,,,,,,,,,
2023-04-05 09:00:00+00:00,daily_eth_dca_buy,4.9164208456243852,0.0073746312684365781,1913.8665000000001,1911,0.0025688421034718903,0,2.0958344293573248,daily_eth_dca,,,,,,,,,
2023-04-06 09:00:00+00:00,daily_eth_dca_buy,4.9164208456243852,0.0073746312684365781,1882.4694750000001,1879.6500000000001,0.00261168688837538,0,2.0984461162457002,daily_eth_dca,,,,,,,,,
2023-04-07 09:00:00+00:00,daily_eth_dca_buy,4.9164208456243852,0.0073746312684365781,1853.9667850000001,1851.1900000000001,0.0026518386874036606,0,2.1010979549331039,daily_eth_dca,,,,,,,,,
2023-04-08 09:00:00+00:00,daily_eth_dca_buy,4.9164208456243852,0.0073746312684365781,1870.4915350000001,1867.6900000000001,0.0026284111708767422,0,2.1037263661039804,daily_eth_dca,,,,,,,,,
2023-04-09 09:00:00+00:00,daily_eth_dca_buy,4.9164208456243852,0.0073746312684365781,1840.5667150000002,1837.8099999999999,0.0026711451454365701,0,2.1063975112494169,daily_eth_dca,,,,,,,,,
2023-04-10 09:00:00+00:00,daily_eth_dca_buy,4.9164208456243852,0.0073746312684365781,1860.0158450000001,1857.23,0.0026432144967154219,0,2.1090407257461323,daily_eth_dca,,,,,,,,,
2023-04-11 09:00:00+00:00,daily_eth_dca_buy,4.9164208456243852,0.0073746312684365781,1921.4779000000001,1918.5999999999999,0.002558666350325645,0,2.111599392096458,daily_eth_dca,,,,,,,,,
2023-04-12 09:00:00+00:00,daily_eth_dca_buy,4.9164208456243852,0.0073746312684365781,1868.6487750000001,1865.8499999999999,0.0026310031673150483,0,2.1142303952637729,daily_eth_dca,,,,,,,,,
2023-04-13 09:00:00+00:00,daily_eth_dca_buy,4.9164208456243852,0.0073746312684365781,1966.1347850000002,1963.1900000000001,0.0025005512761040868,0,2.1167309465398771,daily_eth_dca,,,,,,,,,
2023-04-14 09:00:00+00:00,daily_eth_dca_buy,4.9164208456243852,0.0073746312684365781,2111.3823299999999,2108.2199999999998,0.002328531775495339,0,2.1190594783153727,daily_eth_dca,,,,,,,,,
2023-04-15 09:00:00+00:00,daily_eth_dca_buy,4.9164208456243852,0.0073746312684365781,2099.4344350000001,2096.29,0.0023417834649474942,0,2.1214012617803202,daily_eth_dca,,,,,,,,,
2023-04-16 09:00:00+00:00,daily_eth_dca_buy,4.9164208456243852,0.0073746312684365781,2100.9066400000002,2097.7600000000002,0.0023401424661232853,0,2.1237414042464433,daily_eth_dca,,,,,,,,,
2023-04-17 09:00:00+00:00,daily_eth_dca_buy,4.9164208456243852,0.0073746312684365781,2101.3372850000001,2098.1900000000001,0.0023396628807375798,0,2.1260810671271808,daily_eth_dca,,,,,,,,,
2023-04-18 09:00:00+00:00,daily_eth_dca_buy,4.9164208456243852,0.0073746312684365781,2099.7148550000002,2096.5700000000002,0.002341470716329425,0,2.1284225378435102,daily_eth_dca,,,,,,,,,
2023-04-19 09:00:00+00:00,daily_eth_dca_buy,4.9164208456243852,0.0073746312684365781,1990.48125,1987.5,0.0024699659168476895,0,2.1308925037603581,daily_eth_dca,,,,,,,,,
2023-04-20 09:00:00+00:00,daily_eth_dca_buy,4.9164208456243852,0.0073746312684365781,1953.0451800000001,1950.1199999999999,0.0025173103499962989,0,2.1334098141103546,daily_eth_dca,,,,,,,,,
2023-04-21 09:00:00+00:00,daily_eth_dca_buy,4.9164208456243852,0.0073746312684365781,1923.5610200000001,1920.6800000000001,0.0025558954431424198,0,2.135965709553497,daily_eth_dca,,,,,,,,,
2023-04-22 09:00:00+00:00,daily_eth_dca_buy,4.9164208456243852,0.0073746312684365781,1851.9738000000002,1849.2,0.00265469243983062,0,2.1386204019933275,daily_eth_dca,,,,,,,,,
2023-04-23 09:00:00+00:00,daily_eth_dca_buy,4.9164208456243852,0.0073746312684365781,1877.2116000000001,1874.4000000000001,0.0026190019524833454,0,2.1412394039458107,daily_eth_dca,,,,,,,,,
2023-04-24 09:00:00+00:00,daily_eth_dca_buy,4.9164208456243852,0.0073746312684365781,1838.2732800000001,1835.52,0.0026744776737571822,0,2.143913881619568,daily_eth_dca,,,,,,,,,
2023-04-25 09:00:00+00:00,daily_eth_dca_buy,4.9164208456243852,0.0073746312684365781,1827.1065550000001,1824.3699999999999,0.0026908232758348265,0,2.1466047048954029,daily_eth_dca,,,,,,,,,
2023-04-26 09:00:00+00:00,daily_eth_dca_buy,4.9164208456243852,0.0073746312684365781,1880.0258150000002,1877.21,0.0026150815623903465,0,2.1492197864577931,daily_eth_dca,,,,,,,,,
2023-04-27 09:00:00+00:00,daily_eth_dca_buy,4.9164208456243852,0.0073746312684365781,1885.7944550000002,1882.97,0.0026070820351544541,0,2.1518268684929476,daily_eth_dca,,,,,,,,,
2023-04-28 09:00:00+00:00,daily_eth_dca_buy,4.9164208456243852,0.0073746312684365781,1912.3041600000001,1909.4400000000001,0.0025709408306806092,0,2.154397809323628,daily_eth_dca,,,,,,,,,
2023-04-29 09:00:00+00:00,daily_eth_dca_buy,4.9164208456243852,0.0073746312684365781,1902.8600150000002,1900.01,0.0025837007488038392,0,2.1569815100724319,daily_eth_dca,,,,,,,,,
2023-04-30 09:00:00+00:00,daily_eth_dca_buy,4.9164208456243852,0.0073746312684365781,1906.5455350000002,1903.6900000000001,0.0025787062282907314,0,2.1595602163007226,daily_eth_dca,,,,,,,,,
2023-05-01 09:00:00+00:00,daily_eth_dca_buy,4.9164208456243852,0.0073746312684365781,1850.9622850000001,1848.1900000000001,0.002656143177776518,0,2.1622163594784993,daily_eth_dca,,,,,,,,,
2023-05-02 09:00:00+00:00,daily_eth_dca_buy,4.9164208456243852,0.0073746312684365781,1835.04845,1832.3,0.0026791776781830393,0,2.1648955371566823,daily_eth_dca,,,,,,,,,
2023-05-03 09:00:00+00:00,daily_eth_dca_buy,4.9164208456243852,0.0073746312684365781,1871.2727050000001,1868.47,0.0026273139305071974,0,2.1675228510871896,daily_eth_dca,,,,,,,,,
2023-05-04 09:00:00+00:00,daily_eth_dca_buy,4.9164208456243852,0.0073746312684365781,1904.642685,1901.79,0.0025812825073929209,0,2.1701041335945823,daily_eth_dca,,,,,,,,,
2023-05-05 09:00:00+00:00,daily_eth_dca_buy,4.9164208456243852,0.0073746312684365781,1898.7738950000003,1895.9300000000001,0.002589260816451442,0,2.1726933944110338,daily_eth_dca,,,,,,,,,
2023-05-06 09:00:00+00:00,daily_eth_dca_buy,4.9164208456243852,0.0073746312684365781,1946.7157,1943.8,0.0025254950405055989,0,2.1752188894515396,daily_eth_dca,,,,,,,,,
2023-05-07 09:00:00+00:00,daily_eth_dca_buy,4.9164208456243852,0.0073746312684365781,1905.6542000000002,1902.8,0.002579912371102997,0,2.1777988018226426,daily_eth_dca,,,,,,,,,
2023-05-08 09:00:00+00:00,daily_eth_dca_buy,4.9164208456243852,0.0073746312684365781,1845.013375,1842.25,0.0026647074282723751,0,2.1804635092509148,daily_eth_dca,,,,,,,,,
2023-05-09 09:00:00+00:00,daily_eth_dca_buy,4.9164208456243852,0.0073746312684365781,1843.7615000000001,1841,0.0026665167081666393,0,2.1831300259590813,daily_eth_dca,,,,,,,,,
2023-05-10 09:00:00+00:00,daily_eth_dca_buy,4.9164208456243852,0.0073746312684365781,1840.7570000000001,1838,0.0026708690205303498,0,2.1858008949796117,daily_eth_dca,,,,,,,,,
2023-05-11 09:00:00+00:00,daily_eth_dca_buy,4.9164208456243852,0.0073746312684365781,1821.5081700000001,1818.78,0.0026990934910955601,0,2.1884999884707073,daily_eth_dca,,,,,,,,,
2023-05-12 09:00:00+00:00,daily_eth_dca_buy,4.9164208456243852,0.0073746312684365781,1763.3510650000001,1760.71,0.002788112329534553,0,2.1912881008002416,daily_eth_dca,,,,,,,,,
2023-05-13 09:00:00+00:00,daily_eth_dca_buy,4.9164208456243852,0.0073746312684365781,1806.9063000000001,1804.2,0.0027209052542593853,0,2.1940090060545008,daily_eth_dca,,,,,,,,,
2023-05-14 09:00:00+00:00,daily_eth_dca_buy,4.9164208456243852,0.0073746312684365781,1805.494185,1802.79,0.0027230333315221311,0,2.1967320393860228,daily_eth_dca,,,,,,,,,
2023-05-15 09:00:00+00:00,daily_eth_dca_buy,4.9164208456243852,0.0073746312684365781,1834.3474000000001,1831.5999999999999,0.0026802016050091627,0,2.1994122409910322,daily_eth_dca,,,,,,,,,
2023-05-16 09:00:00+00:00,daily_eth_dca_buy,4.9164208456243852,0.0073746312684365781,1822.5297,1819.8,0.0026975806460791201,0,2.2021098216371113,daily_eth_dca,,,,,,,,,
2023-05-17 09:00:00+00:00,daily_eth_dca_buy,4.9164208456243852,0.0073746312684365781,1808.6589250000002,1805.95,0.0027182686451644746,0,2.2048280902822759,daily_eth_dca,,,,,,,,,
2023-05-18 09:00:00+00:00,daily_eth_dca_buy,4.9164208456243852,0.0073746312684365781,1829.1195700000003,1826.3800000000001,0.0026878619234413331,0,2.2075159522057173,daily_eth_dca,,,,,,,,,
2023-05-19 09:00:00+00:00,daily_eth_dca_buy,4.9164208456243852,0.0073746312684365781,1811.05251,1808.3399999999999,0.0027146760342274035,0,2.2102306282399447,daily_eth_dca,,,,,,,,,
2023-05-20 09:00:00+00:00,daily_eth_dca_buy,4.9164208456243852,0.0073746312684365781,1817.26181,1814.54,0.0027054004098751106,0,2.2129360286498199,daily_eth_dca,,,,,,,,,
2023-05-21 09:00:00+00:00,daily_eth_dca_buy,4.9164208456243852,0.0073746312684365781,1818.1831900000002,1815.46,0.0027040294249032104,0,2.2156400580747229,daily_eth_dca,,,,,,,,,
2023-05-22 09:00:00+00:00,daily_eth_dca_buy,4.9164208456243852,0.0073746312684365781,1814.3674750000002,1811.6500000000001,0.0027097161481162381,0,2.2183497742228391,daily_eth_dca,,,,,,,,,
2023-05-23 09:00:00+00:00,daily_eth_dca_buy,4.9164208456243852,0.0073746312684365781,1858.86412,1856.0799999999999,0.0026448521937280632,0,2.2209946264165672,daily_eth_dca,,,,,,,,,
2023-05-24 09:00:00+00:00,daily_eth_dca_buy,4.9164208456243852,0.0073746312684365781,1821.1776750000001,1818.45,0.0026995833043167439,0,2.2236942097208838,daily_eth_dca,,,,,,,,,
2023-05-25 09:00:00+00:00,daily_eth_dca_buy,4.9164208456243852,0.0073746312684365781,1787.6674850000002,1784.99,0.0027501875415183179,0,2.226444397262402,daily_eth_dca,,,,,,,,,
2023-05-26 09:00:00+00:00,daily_eth_dca_buy,4.9164208456243852,0.0073746312684365781,1817.0815399999999,1814.3599999999999,0.002705668808689997,0,2.2291500660710919,daily_eth_dca,,,,,,,,,
2023-05-27 09:00:00+00:00,daily_eth_dca_buy,4.9164208456243852,0.0073746312684365781,1830.9322850000001,1828.1900000000001,0.0026852008050228821,0,2.2318352668761148,daily_eth_dca,,,,,,,,,
2023-05-28 09:00:00+00:00,daily_eth_dca_buy,4.9164208456243852,0.0073746312684365781,1848.1981450000001,1845.4300000000001,0.0026601156693750413,0,2.2344953825454898,daily_eth_dca,,,,,,,,,
2023-05-29 09:00:00+00:00,daily_eth_dca_buy,4.9164208456243852,0.0073746312684365781,1902.459415,1899.6099999999999,0.0025842447974767364,0,2.2370796273429665,daily_eth_dca,,,,,,,,,
2023-05-30 09:00:00+00:00,daily_eth_dca_buy,4.9164208456243852,0.0073746312684365781,1905.1033750000001,1902.25,0.0025806583044998199,0,2.2396602856474663,daily_eth_dca,,,,,,,,,
2023-05-31 09:00:00+00:00,daily_eth_dca_buy,4.9164208456243852,0.0073746312684365781,1871.0623900000001,1868.26,0.0026276092512470335,0,2.2422878948987135,daily_eth_dca,,,,,,,,,
2023-06-01 09:00:00+00:00,daily_eth_dca_buy,4.9164208456243852,0.0073746312684365781,1863.3909000000001,1860.5999999999999,0.0026384269911505875,0,2.2449263218898641,daily_eth_dca,,,,,,,,,
2023-06-02 09:00:00+00:00,daily_eth_dca_buy,4.9164208456243852,0.0073746312684365781,1895.1985400000001,1892.3599999999999,0.0025941455429911767,0,2.2475204674328553,daily_eth_dca,,,,,,,,,
2023-06-03 09:00:00+00:00,daily_eth_dca_buy,4.9164208456243852,0.0073746312684365781,1905.4038250000001,1902.55,0.0025802513782737812,0,2.2501007188111291,daily_eth_dca,,,,,,,,,
2023-06-04 09:00:00+00:00,daily_eth_dca_buy,4.9164208456243852,0.0073746312684365781,1902.1088900000002,1899.26,0.0025847210280502842,0,2.2526854398391793,daily_eth_dca,,,,,,,,,
2023-06-05 09:00:00+00:00,daily_eth_dca_buy,4.9164208456243852,0.0073746312684365781,1872.7248800000002,1869.9200000000001,0.0026252766213179079,0,2.2553107164604973,daily_eth_dca,,,,,,,,,
2023-06-06 09:00:00+00:00,daily_eth_dca_buy,4.9164208456243852,0.0073746312684365781,1818.5537449999999,1815.8299999999999,0.0027034784422191411,0,2.2580141949027164,daily_eth_dca,,,,,,,,,
2023-06-07 09:00:00+00:00,daily_eth_dca_buy,4.9164208456243852,0.0073746312684365781,1877.51205,1874.7,0.0026185828451137693,0,2.2606327777478303,daily_eth_dca,,,,,,,,,
2023-06-08 09:00:00+00:00,daily_eth_dca_buy,4.9164208456243852,0.0073746312684365781,1843.7114250000002,1840.95,0.0026665891304678466,0,2.2632993668782984,daily_eth_dca,,,,,,,,,
2023-06-09 09:00:00+00:00,daily_eth_dca_buy,4.9164208456243852,0.0073746312684365781,1845.1636000000001,1842.4000000000001,0.0026644904796649929,0,2.2659638573579635,daily_eth_dca,,,,,,,,,
2023-06-10 09:00:00+00:00,daily_eth_dca_buy,4.9164208456243852,0.0073746312684365781,1742.8603750000002,1740.25,0.0028208919751385045,0,2.2687847493331019,daily_eth_dca,,,,,,,,,
2023-06-11 09:00:00+00:00,daily_eth_dca_buy,4.9164208456243852,0.0073746312684365781,1751.5233500000002,1748.9000000000001,0.0028069399392388257,0,2.2715916892723409,daily_eth_dca,,,,,,,,,
2023-06-12 09:00:00+00:00,daily_eth_dca_buy,4.9164208456243852,0.0073746312684365781,1747.9680249999999,1745.3499999999999,0.0028126491876900241,0,2.2744043384600308,daily_eth_dca,,,,,,,,,
2023-06-13 09:00:00+00:00,daily_eth_dca_buy,4.9164208456243852,0.0073746312684365781,1756.0100700000003,1753.3800000000001,0.0027997680250343806,0,2.277204106485065,daily_eth_dca,,,,,,,,,
2023-06-14 09:00:00+00:00,daily_eth_dca_buy,4.9164208456243852,0.0073746312684365781,1746.79627,1744.1800000000001,0.0028145359193057959,0,2.2800186424043707,daily_eth_dca,,,,,,,,,
2023-06-15 09:00:00+00:00,daily_eth_dca_buy,4.9164208456243852,0.0073746312684365781,1642.490045,1640.03,0.0029932728424082382,0,2.2830119152467789,daily_eth_dca,,,,,,,,,
2023-06-16 09:00:00+00:00,daily_eth_dca_buy,4.9164208456243852,0.0073746312684365781,1673.0458100000001,1670.54,0.0029386050377331776,0,2.2859505202845121,daily_eth_dca,,,,,,,,,
2023-06-17 09:00:00+00:00,daily_eth_dca_buy,4.9164208456243852,0.0073746312684365781,1746.9064350000001,1744.29,0.0028143584264857234,0,2.2887648787109978,daily_eth_dca,,,,,,,,,
2023-06-18 09:00:00+00:00,daily_eth_dca_buy,4.9164208456243852,0.0073746312684365781,1731.0026150000001,1728.4100000000001,0.0028402157241249372,0,2.2916050944351225,daily_eth_dca,,,,,,,,,
2023-06-19 09:00:00+00:00,daily_eth_dca_buy,4.9164208456243852,0.0073746312684365781,1725.354155,1722.77,0.0028495140150657274,0,2.2944546084501884,daily_eth_dca,,,,,,,,,
2023-06-20 09:00:00+00:00,daily_eth_dca_buy,4.9164208456243852,0.0073746312684365781,1728.158355,1725.5699999999999,0.0028448902448088361,0,2.2972994986949975,daily_eth_dca,,,,,,,,,
2023-06-21 09:00:00+00:00,daily_eth_dca_buy,4.9164208456243852,0.0073746312684365781,1812.01395,1809.3,0.0027132356489994931,0,2.3000127343439969,daily_eth_dca,,,,,,,,,
2023-06-22 09:00:00+00:00,daily_eth_dca_buy,4.9164208456243852,0.0073746312684365781,1910.82194,1907.96,0.0025729351033222827,0,2.302585669447319,daily_eth_dca,,,,,,,,,
2023-06-23 09:00:00+00:00,daily_eth_dca_buy,4.9164208456243852,0.0073746312684365781,1887.16651,1884.3399999999999,0.002605186569162032,0,2.3051908560164809,daily_eth_dca,,,,,,,,,
2023-06-24 09:00:00+00:00,daily_eth_dca_buy,4.9164208456243852,0.0073746312684365781,1890.441415,1887.6099999999999,0.0026006734758423525,0,2.3077915294923232,daily_eth_dca,,,,,,,,,
2023-06-25 09:00:00+00:00,daily_eth_dca_buy,4.9164208456243852,0.0073746312684365781,1919.2746000000002,1916.4000000000001,0.0025616036629799535,0,2.3103531331553033,daily_eth_dca,,,,,,,,,
2023-06-26 09:00:00+00:00,daily_eth_dca_buy,4.9164208456243852,0.0073746312684365781,1894.8380000000002,1892,0.0025946391436230351,0,2.3129477722989265,daily_eth_dca,,,,,,,,,
2023-06-27 09:00:00+00:00,daily_eth_dca_buy,4.9164208456243852,0.0073746312684365781,1878.904135,1876.0899999999999,0.0026166427302180507,0,2.3155644150291446,daily_eth_dca,,,,,,,,,
2023-06-28 09:00:00+00:00,daily_eth_dca_buy,4.9164208456243852,0.0073746312684365781,1860.3864000000001,1857.5999999999999,0.0026426880166530915,0,2.3182071030457978,daily_eth_dca,,,,,,,,,
2023-06-29 09:00:00+00:00,daily_eth_dca_buy,4.9164208456243852,0.0073746312684365781,1851.5732,1848.8,0.0026552667999430891,0,2.3208623698457407,daily_eth_dca,,,,,,,,,
2023-06-30 09:00:00+00:00,daily_eth_dca_buy,4.9164208456243852,0.0073746312684365781,1892.3342500000001,1889.5,0.0025980721141755929,0,2.3234604419599161,daily_eth_dca,,,,,,,,,
2023-07-01 09:00:00+00:00,daily_eth_dca_buy,4.9164208456243852,0.0073746312684365781,1918.2029950000001,1915.3299999999999,0.0025630347040639383,0,2.32602347666398,daily_eth_dca,,,,,,,,,
2023-07-02 09:00:00+00:00,daily_eth_dca_buy,4.9164208456243852,0.0073746312684365781,1914.938105,1912.0699999999999,0.0025674045718696403,0,2.3285908812358498,daily_eth_dca,,,,,,,,,
2023-07-03 09:00:00+00:00,daily_eth_dca_buy,4.9164208456243852,0.0073746312684365781,1962.9500150000001,1960.01,0.002504608272271459,0,2.3310954895081211,daily_eth_dca,,,,,,,,,
2023-07-04 09:00:00+00:00,daily_eth_dca_buy,4.9164208456243852,0.0073746312684365781,1953.44578,1950.52,0.0025167941163047715,0,2.3336122836244257,daily_eth_dca,,,,,,,,,
2023-07-05 09:00:00+00:00,daily_eth_dca_buy,4.9164208456243852,0.0073746312684365781,1932.3742200000002,1929.48,0.0025442384786236614,0,2.3361565221030496,daily_eth_dca,,,,,,,,,
2023-07-06 09:00:00+00:00,daily_eth_dca_buy,4.9164208456243852,0.0073746312684365781,1951.98359,1949.0599999999999,0.0025186793940334229,0,2.3386752014970829,daily_eth_dca,,,,,,,,,
2023-07-07 09:00:00+00:00,daily_eth_dca_buy,4.9164208456243852,0.0073746312684365781,1858.7940150000002,1856.01,0.0026449519451591224,0,2.3413201534422421,daily_eth_dca,,,,,,,,,
2023-07-08 09:00:00+00:00,daily_eth_dca_buy,4.9164208456243852,0.0073746312684365781,1868.5486250000001,1865.75,0.0026311441831621506,0,2.3439512976254044,daily_eth_dca,,,,,,,,,
2023-07-09 09:00:00+00:00,daily_eth_dca_buy,4.9164208456243852,0.0073746312684365781,1871.0423600000001,1868.24,0.0026276373804943599,0,2.346578935005899,daily_eth_dca,,,,,,,,,
2023-07-10 09:00:00+00:00,daily_eth_dca_buy,4.9164208456243852,0.0073746312684365781,1858.5436400000001,1855.76,0.0026453082617012881,0,2.3492242432676003,daily_eth_dca,,,,,,,,,
2023-07-11 09:00:00+00:00,daily_eth_dca_buy,4.9164208456243852,0.0073746312684365781,1881.53808,1878.72,0.0026129797200938848,0,2.3518372229876943,daily_eth_dca,,,,,,,,,
2023-07-12 09:00:00+00:00,daily_eth_dca_buy,4.9164208456243852,0.0073746312684365781,1891.8335000000002,1889,0.0025987597986949617,0,2.3544359827863892,daily_eth_dca,,,,,,,,,
2023-07-13 09:00:00+00:00,daily_eth_dca_buy,4.9164208456243852,0.0073746312684365781,1876.2101000000002,1873.4000000000001,0.0026203999464795465,0,2.3570563827328685,daily_eth_dca,,,,,,,,,
2023-07-14 09:00:00+00:00,daily_eth_dca_buy,4.9164208456243852,0.0073746312684365781,2003.2003000000002,2000.2,0.0024542832015472366,0,2.3595106659344158,daily_eth_dca,,,,,,,,,
2023-07-15 09:00:00+00:00,daily_eth_dca_buy,4.9164208456243852,0.0073746312684365781,1941.5479600000001,1938.6400000000001,0.0025322170489285182,0,2.3620428829833444,daily_eth_dca,,,,,,,,,
2023-07-16 09:00:00+00:00,daily_eth_dca_buy,4.9164208456243852,0.0073746312684365781,1930.982135,1928.0899999999999,0.0025460726728185838,0,2.364588955656163,daily_eth_dca,,,,,,,,,
2023-07-17 09:00:00+00:00,daily_eth_dca_buy,4.9164208456243852,0.0073746312684365781,1927.8875,1925,0.0025501596154466405,0,2.3671391152716095,daily_eth_dca,,,,,,,,,
2023-07-18 09:00:00+00:00,daily_eth_dca_buy,4.9164208456243852,0.0073746312684365781,1904.0417850000001,1901.1900000000001,0.0025820971390207097,0,2.3697212124106302,daily_eth_dca,,,,,,,,,
2023-07-19 09:00:00+00:00,daily_eth_dca_buy,4.9164208456243852,0.0073746312684365781,1907.5169900000001,1904.6600000000001,0.0025773929518836869,0,2.3722986053625137,daily_eth_dca,,,,,,,,,
2023-07-20 09:00:00+00:00,daily_eth_dca_buy,4.9164208456243852,0.0073746312684365781,1918.2330400000001,1915.3599999999999,0.0025629945596309742,0,2.3748615999221445,daily_eth_dca,,,,,,,,,
2023-07-21 09:00:00+00:00,daily_eth_dca_buy,4.9164208456243852,0.0073746312684365781,1894.33725,1891.5,0.0025953250117551059,0,2.3774569249338997,daily_eth_dca,,,,,,,,,
2023-07-22 09:00:00+00:00,daily_eth_dca_buy,4.9164208456243852,0.0073746312684365781,1895.0983900000001,1892.26,0.0025942826354384612,0,2.3800512075693381,daily_eth_dca,,,,,,,,,
2023-07-23 09:00:00+00:00,daily_eth_dca_buy,4.9164208456243852,0.0073746312684365781,1880.87709,1878.0599999999999,0.0026138979903383187,0,2.3826651055596764,daily_eth_dca,,,,,,,,,
2023-07-24 09:00:00+00:00,daily_eth_dca_buy,4.9164208456243852,0.0073746312684365781,1872.6147150000002,1869.8099999999999,0.0026254310650465997,0,2.3852905366247228,daily_eth_dca,,,,,,,,,
2023-07-25 09:00:00+00:00,daily_eth_dca_buy,4.9164208456243852,0.0073746312684365781,1857.5221100000001,1854.74,0.0026467630286373198,0,2.3879372996533603,daily_eth_dca,,,,,,,,,
2023-07-26 09:00:00+00:00,daily_eth_dca_buy,4.9164208456243852,0.0073746312684365781,1857.4620200000002,1854.6800000000001,0.0026468486529939305,0,2.3905841483063544,daily_eth_dca,,,,,,,,,
2023-07-27 09:00:00+00:00,daily_eth_dca_buy,4.9164208456243852,0.0073746312684365781,1882.0188000000001,1879.2,0.0026123122923237458,0,2.393196460598678,daily_eth_dca,,,,,,,,,
2023-07-28 09:00:00+00:00,daily_eth_dca_buy,4.9164208456243852,0.0073746312684365781,1865.4139299999999,1862.6199999999999,0.0026355656332127772,0,2.3958320262318908,daily_eth_dca,,,,,,,,,
2023-07-29 09:00:00+00:00,daily_eth_dca_buy,4.9164208456243852,0.0073746312684365781,1874.677805,1871.8699999999999,0.00262254176825035,0,2.3984545680001412,daily_eth_dca,,,,,,,,,
2023-07-30 09:00:00+00:00,daily_eth_dca_buy,4.9164208456243852,0.0073746312684365781,1878.082905,1875.27,0.0026177869105434327,0,2.4010723549106845,daily_eth_dca,,,,,,,,,
2023-07-31 09:00:00+00:00,daily_eth_dca_buy,4.9164208456243852,0.0073746312684365781,1871.3428100000001,1868.54,0.002627215505011818,0,2.4036995704156965,daily_eth_dca,,,,,,,,,
2023-08-01 09:00:00+00:00,daily_eth_dca_buy,4.9164208456243852,0.0073746312684365781,1839.9357700000003,1837.1800000000001,0.0026720611261470202,0,2.4063716315418433,daily_eth_dca,,,,,,,,,
2023-08-02 09:00:00+00:00,daily_eth_dca_buy,4.9164208456243852,0.0073746312684365781,1860.1760850000003,1857.3900000000001,0.0026429868039209762,0,2.4090146183457644,daily_eth_dca,,,,,,,,,
2023-08-03 09:00:00+00:00,daily_eth_dca_buy,4.9164208456243852,0.0073746312684365781,1835.6293200000002,1832.8800000000001,0.0026783298741514896,0,2.4116929482199159,daily_eth_dca,,,,,,,,,
2023-08-04 09:00:00+00:00,daily_eth_dca_buy,4.9164208456243852,0.0073746312684365781,1837.9027250000001,1835.1500000000001,0.002675016897656749,0,2.4143679651175725,daily_eth_dca,,,,,,,,,
2023-08-05 09:00:00+00:00,daily_eth_dca_buy,4.9164208456243852,0.0073746312684365781,1835.7595150000002,1833.01,0.002678139922714433,0,2.4170461050402867,daily_eth_dca,,,,,,,,,
2023-08-06 09:00:00+00:00,daily_eth_dca_buy,4.9164208456243852,0.0073746312684365781,1838.3734300000001,1835.6199999999999,0.0026743319748830274,0,2.4197204370151697,daily_eth_dca,,,,,,,,,
2023-08-07 09:00:00+00:00,daily_eth_dca_buy,4.9164208456243852,0.0073746312684365781,1836.06998,1833.3199999999999,0.0026776870703067567,0,2.4223981240854764,daily_eth_dca,,,,,,,,,
2023-08-08 09:00:00+00:00,daily_eth_dca_buy,4.9164208456243852,0.0073746312684365781,1833.1155550000001,1830.3699999999999,0.0026820026878362204,0,2.4250801267733126,daily_eth_dca,,,,,,,,,
2023-08-09 09:00:00+00:00,daily_eth_dca_buy,4.9164208456243852,0.0073746312684365781,1864.9933000000001,1862.2,0.0026361600578534974,0,2.4277162868311661,daily_eth_dca,,,,,,,,,
2023-08-10 09:00:00+00:00,daily_eth_dca_buy,4.9164208456243852,0.0073746312684365781,1854.5576700000001,1851.78,0.0026509937788154006,0,2.4303672806099814,daily_eth_dca,,,,,,,,,
2023-08-11 09:00:00+00:00,daily_eth_dca_buy,4.9164208456243852,0.0073746312684365781,1851.4329900000002,1848.6600000000001,0.0026554678847028564,0,2.4330227484946843,daily_eth_dca,,,,,,,,,
2023-08-12 09:00:00+00:00,daily_eth_dca_buy,4.9164208456243852,0.0073746312684365781,1851.563185,1848.79,0.0026552811621302491,0,2.4356780296568146,daily_eth_dca,,,,,,,,,
2023-08-13 09:00:00+00:00,daily_eth_dca_buy,4.9164208456243852,0.0073746312684365781,1853.586215,1850.8099999999999,0.0026523831510175452,0,2.438330412807832,daily_eth_dca,,,,,,,,,
2023-08-14 09:00:00+00:00,daily_eth_dca_buy,4.9164208456243852,0.0073746312684365781,1852.07395,1849.3,0.0026545488886253084,0,2.4409849616964574,daily_eth_dca,,,,,,,,,
2023-08-15 09:00:00+00:00,daily_eth_dca_buy,4.9164208456243852,0.0073746312684365781,1845.874665,1843.1099999999999,0.0026634640687396753,0,2.4436484257651969,daily_eth_dca,,,,,,,,,
2023-08-16 09:00:00+00:00,daily_eth_dca_buy,4.9164208456243852,0.0073746312684365781,1828.1381000000001,1825.4000000000001,0.0026893049521939205,0,2.4463377307173908,daily_eth_dca,,,,,,,,,
2023-08-17 09:00:00+00:00,daily_eth_dca_buy,4.9164208456243852,0.0073746312684365781,1795.72956,1793.04,0.0027378403492029084,0,2.4490755710665937,daily_eth_dca,,,,,,,,,
2023-08-18 09:00:00+00:00,daily_eth_dca_buy,4.9164208456243852,0.0073746312684365781,1698.0132050000002,1695.47,0.002895396120093415,0,2.4519709671866869,daily_eth_dca,,,,,,,,,
2023-08-19 09:00:00+00:00,daily_eth_dca_buy,4.9164208456243852,0.0073746312684365781,1664.503015,1662.01,0.0029536869571992848,0,2.4549246541438863,daily_eth_dca,,,,,,,,,
2023-08-20 09:00:00+00:00,daily_eth_dca_buy,4.9164208456243852,0.0073746312684365781,1671.6637400000002,1669.1600000000001,0.0029410345681269517,0,2.4578656887120132,daily_eth_dca,,,,,,,,,
2023-08-21 09:00:00+00:00,daily_eth_dca_buy,4.9164208456243852,0.0073746312684365781,1674.9787050000002,1672.47,0.0029352139408986601,0,2.4608009026529118,daily_eth_dca,,,,,,,,,
2023-08-22 09:00:00+00:00,daily_eth_dca_buy,4.9164208456243852,0.0073746312684365781,1667.4874850000001,1664.99,0.0029484004466902398,0,2.4637493030996023,daily_eth_dca,,,,,,,,,
2023-08-23 09:00:00+00:00,daily_eth_dca_buy,4.9164208456243852,0.0073746312684365781,1647.056885,1644.5899999999999,0.0029849733123360734,0,2.4667342764119384,daily_eth_dca,,,,,,,,,
2023-08-24 09:00:00+00:00,daily_eth_dca_buy,4.9164208456243852,0.0073746312684365781,1676.61115,1674.0999999999999,0.0029323560478673812,0,2.469666632459806,daily_eth_dca,,,,,,,,,
2023-08-25 09:00:00+00:00,daily_eth_dca_buy,4.9164208456243852,0.0073746312684365781,1656.8114949999999,1654.3299999999999,0.0029673990435613107,0,2.4726340315033672,daily_eth_dca,,,,,,,,,
2023-08-26 09:00:00+00:00,daily_eth_dca_buy,4.9164208456243852,0.0073746312684365781,1652.8856150000001,1650.4100000000001,0.0029744471129808849,0,2.4756084786163481,daily_eth_dca,,,,,,,,,
2023-08-27 09:00:00+00:00,daily_eth_dca_buy,4.9164208456243852,0.0073746312684365781,1653.4364400000002,1650.96,0.002973456207136928,0,2.478581934823485,daily_eth_dca,,,,,,,,,
2023-08-28 09:00:00+00:00,daily_eth_dca_buy,4.9164208456243852,0.0073746312684365781,1644.6733150000002,1642.21,0.0029892993342719764,0,2.4815712341577569,daily_eth_dca,,,,,,,,,
2023-08-29 09:00:00+00:00,daily_eth_dca_buy,4.9164208456243852,0.0073746312684365781,1647.9081600000002,1645.4400000000001,0.0029834313373534025,0,2.4845546654951103,daily_eth_dca,,,,,,,,,
2023-08-30 09:00:00+00:00,daily_eth_dca_buy,4.9164208456243852,0.0073746312684365781,1721.6886649999999,1719.1099999999999,0.0028555806549521458,0,2.4874102461500622,daily_eth_dca,,,,,,,,,
2023-08-31 09:00:00+00:00,daily_eth_dca_buy,4.9164208456243852,0.0073746312684365781,1708.8794800000001,1706.3199999999999,0.002876985125729513,0,2.4902872312757918,daily_eth_dca,,,,,,,,,
2023-09-01 09:00:00+00:00,daily_eth_dca_buy,4.9164208456243852,0.0073746312684365781,1646.4660000000001,1644,0.0029860445618824713,0,2.4932732758376743,daily_eth_dca,,,,,,,,,
2023-09-02 09:00:00+00:00,daily_eth_dca_buy,4.9164208456243852,0.0073746312684365781,1633.4665300000001,1631.02,0.0030098081321717593,0,2.4962830839698462,daily_eth_dca,,,,,,,,,
2023-09-03 09:00:00+00:00,daily_eth_dca_buy,4.9164208456243852,0.0073746312684365781,1634.5581649999999,1632.1099999999999,0.0030077980404107463,0,2.4992908820102571,daily_eth_dca,,,,,,,,,
2023-09-04 09:00:00+00:00,daily_eth_dca_buy,4.9164208456243852,0.0073746312684365781,1641.6788300000001,1639.22,0.0029947519306345598,0,2.5022856339408914,daily_eth_dca,,,,,,,,,
2023-09-05 09:00:00+00:00,daily_eth_dca_buy,4.9164208456243852,0.0073746312684365781,1627.026885,1624.5899999999999,0.0030217207170638643,0,2.5053073546579552,daily_eth_dca,,,,,,,,,
2023-09-06 09:00:00+00:00,daily_eth_dca_buy,4.9164208456243852,0.0073746312684365781,1633.9071900000001,1631.46,0.0030089963957037149,0,2.5083163510536588,daily_eth_dca,,,,,,,,,
2023-09-07 09:00:00+00:00,daily_eth_dca_buy,4.9164208456243852,0.0073746312684365781,1635.8400850000003,1633.3900000000001,0.0030054409906603947,0,2.5113217920443192,daily_eth_dca,,,,,,,,,
2023-09-08 09:00:00+00:00,daily_eth_dca_buy,4.9164208456243852,0.0073746312684365781,1647.8981450000001,1645.4300000000001,0.0029834494689745432,0,2.5143052415132936,daily_eth_dca,,,,,,,,,
2023-09-09 09:00:00+00:00,daily_eth_dca_buy,4.9164208456243852,0.0073746312684365781,1636.7414350000001,1634.29,0.0030037859007488159,0,2.5173090274140426,daily_eth_dca,,,,,,,,,
2023-09-10 09:00:00+00:00,daily_eth_dca_buy,4.9164208456243852,0.0073746312684365781,1627.8981900000001,1625.46,0.0030201033921073311,0,2.5203291308061497,daily_eth_dca,,,,,,,,,
2023-09-11 09:00:00+00:00,daily_eth_dca_buy,4.9164208456243852,0.0073746312684365781,1609.5406950000001,1607.1300000000001,0.0030545489535599379,0,2.5233836797597098,daily_eth_dca,,,,,,,,,
2023-09-12 09:00:00+00:00,daily_eth_dca_buy,4.9164208456243852,0.0073746312684365781,1580.2167750000001,1577.8499999999999,0.0031112319040053128,0,2.5264949116637152,daily_eth_dca,,,,,,,,,
2023-09-13 09:00:00+00:00,daily_eth_dca_buy,4.9164208456243852,0.0073746312684365781,1595.0389750000002,1592.6500000000001,0.0030823201957333895,0,2.5295772318594487,daily_eth_dca,,,,,,,,,
2023-09-14 09:00:00+00:00,daily_eth_dca_buy,4.9164208456243852,0.0073746312684365781,1622.20967,1619.78,0.0030306938348015058,0,2.5326079256942502,daily_eth_dca,,,,,,,,,
2023-09-15 09:00:00+00:00,daily_eth_dca_buy,4.9164208456243852,0.0073746312684365781,1632.1245200000001,1629.6800000000001,0.0030122829388191442,0,2.5356202086330693,daily_eth_dca,,,,,,,,,
2023-09-16 09:00:00+00:00,daily_eth_dca_buy,4.9164208456243852,0.0073746312684365781,1637.1720800000001,1634.72,0.0030029957789314272,0,2.5386232044120005,daily_eth_dca,,,,,,,,,
2023-09-17 09:00:00+00:00,daily_eth_dca_buy,4.9164208456243852,0.0073746312684365781,1634.3979250000002,1631.95,0.003008092931606227,0,2.5416312973436068,daily_eth_dca,,,,,,,,,
2023-09-18 09:00:00+00:00,daily_eth_dca_buy,4.9164208456243852,0.0073746312684365781,1635.66983,1633.22,0.0030057538235723192,0,2.5446370511671792,daily_eth_dca,,,,,,,,,
2023-09-19 09:00:00+00:00,daily_eth_dca_buy,4.9164208456243852,0.0073746312684365781,1646.2657000000002,1643.8,0.0029864078718425495,0,2.5476234590390217,daily_eth_dca,,,,,,,,,
2023-09-20 09:00:00+00:00,daily_eth_dca_buy,4.9164208456243852,0.0073746312684365781,1640.03637,1637.5799999999999,0.0029977511081808418,0,2.5506212101472023,daily_eth_dca,,,,,,,,,
2023-09-21 09:00:00+00:00,daily_eth_dca_buy,4.9164208456243852,0.0073746312684365781,1619.5056199999999,1617.0799999999999,0.003035754112186647,0,2.5536569642593889,daily_eth_dca,,,,,,,,,
2023-09-22 09:00:00+00:00,daily_eth_dca_buy,4.9164208456243852,0.0073746312684365781,1598.7745700000003,1596.3800000000001,0.0030751182423575728,0,2.5567320825017466,daily_eth_dca,,,,,,,,,
2023-09-23 09:00:00+00:00,daily_eth_dca_buy,4.9164208456243852,0.0073746312684365781,1595.359455,1592.97,0.0030817010111519882,0,2.5598137835128987,daily_eth_dca,,,,,,,,,
2023-09-24 09:00:00+00:00,daily_eth_dca_buy,4.9164208456243852,0.0073746312684365781,1596.8216450000002,1594.4300000000001,0.0030788791353240858,0,2.5628926626482227,daily_eth_dca,,,,,,,,,
2023-09-25 09:00:00+00:00,daily_eth_dca_buy,4.9164208456243852,0.0073746312684365781,1580.7575850000003,1578.3900000000001,0.0031101674869549239,0,2.5660028301351776,daily_eth_dca,,,,,,,,,
2023-09-26 09:00:00+00:00,daily_eth_dca_buy,4.9164208456243852,0.0073746312684365781,1592.2247600000001,1589.8399999999999,0.0030877681148636232,0,2.5690905982500412,daily_eth_dca,,,,,,,,,
2023-09-27 09:00:00+00:00,daily_eth_dca_buy,4.9164208456243852,0.0073746312684365781,1594.8887500000001,1592.5,0.0030826105241662685,0,2.5721732087742075,daily_eth_dca,,,,,,,,,
2023-09-28 09:00:00+00:00,daily_eth_dca_buy,4.9164208456243852,0.0073746312684365781,1619.7459799999999,1617.3199999999999,0.0030353036255872574,0,2.575208512399795,daily_eth_dca,,,,,,,,,
2023-09-29 09:00:00+00:00,daily_eth_dca_buy,4.9164208456243852,0.0073746312684365781,1674.097385,1671.5899999999999,0.0029367591692548906,0,2.57814527156905,daily_eth_dca,,,,,,,,,
2023-09-30 09:00:00+00:00,daily_eth_dca_buy,4.9164208456243852,0.0073746312684365781,1676.7814050000002,1674.27,0.0029320583058495839,0,2.5810773298748995,daily_eth_dca,,,,,,,,,
2023-10-01 09:00:00+00:00,daily_eth_dca_buy,4.9164208456243852,0.0073746312684365781,1681.87904,1679.3599999999999,0.0029231714818352128,0,2.5840005013567349,daily_eth_dca,,,,,,,,,
2023-10-02 09:00:00+00:00,daily_eth_dca_buy,4.9164208456243852,0.0073746312684365781,1736.8313450000001,1734.23,0.0028306840844263925,0,2.5868311854411612,daily_eth_dca,,,,,,,,,
2023-10-03 09:00:00+00:00,daily_eth_dca_buy,4.9164208456243852,0.0073746312684365781,1666.8765700000001,1664.3800000000001,0.0029494810438330083,0,2.5897806664849941,daily_eth_dca,,,,,,,,,
2023-10-04 09:00:00+00:00,daily_eth_dca_buy,4.9164208456243852,0.0073746312684365781,1648.9397050000002,1646.47,0.0029815649600264701,0,2.5927622314450205,daily_eth_dca,,,,,,,,,
2023-10-05 09:00:00+00:00,daily_eth_dca_buy,4.9164208456243852,0.0073746312684365781,1640.6673150000001,1638.21,0.0029965982747845407,0,2.5957588297198049,daily_eth_dca,,,,,,,,,
2023-10-06 09:00:00+00:00,daily_eth_dca_buy,4.9164208456243852,0.0073746312684365781,1635.6498000000001,1633.2,0.0030057906317259263,0,2.5987646203515307,daily_eth_dca,,,,,,,,,
2023-10-07 09:00:00+00:00,daily_eth_dca_buy,4.9164208456243852,0.0073746312684365781,1644.8736150000002,1642.4100000000001,0.0029889353204953588,0,2.6017535556720262,daily_eth_dca,,,,,,,,,
2023-10-08 09:00:00+00:00,daily_eth_dca_buy,4.9164208456243852,0.0073746312684365781,1630.8626300000001,1628.4200000000001,0.0030146137112874952,0,2.6047681693833136,daily_eth_dca,,,,,,,,,
2023-10-09 09:00:00+00:00,daily_eth_dca_buy,4.9164208456243852,0.0073746312684365781,1616.931765,1614.51,0.0030405864687953516,0,2.6078087558521088,daily_eth_dca,,,,,,,,,
2023-10-10 09:00:00+00:00,daily_eth_dca_buy,4.9164208456243852,0.0073746312684365781,1592.2648200000001,1589.8800000000001,0.0030876904292995587,0,2.6108964462814082,daily_eth_dca,,,,,,,,,
2023-10-11 09:00:00+00:00,daily_eth_dca_buy,4.9164208456243852,0.0073746312684365781,1566.7666300000001,1564.4200000000001,0.0031379407446432434,0,2.6140343870260514,daily_eth_dca,,,,,,,,,
2023-10-12 09:00:00+00:00,daily_eth_dca_buy,4.9164208456243852,0.0073746312684365781,1560.0165200000001,1557.6800000000001,0.003151518450345888,0,2.6171859054763971,daily_eth_dca,,,,,,,,,
2023-10-13 09:00:00+00:00,daily_eth_dca_buy,4.9164208456243852,0.0073746312684365781,1550.0415800000001,1547.72,0.0031717993304569191,0,2.620357704806854,daily_eth_dca,,,,,,,,,
2023-10-14 09:00:00+00:00,daily_eth_dca_buy,4.9164208456243852,0.0073746312684365781,1549.831265,1547.51,0.0031722297495555976,0,2.6235299345564096,daily_eth_dca,,,,,,,,,
2023-10-15 09:00:00+00:00,daily_eth_dca_buy,4.9164208456243852,0.0073746312684365781,1560.0565800000002,1557.72,0.0031514375239033859,0,2.6266813720803128,daily_eth_dca,,,,,,,,,
2023-10-16 09:00:00+00:00,daily_eth_dca_buy,4.9164208456243852,0.0073746312684365781,1583.1211250000001,1580.75,0.0031055241244566079,0,2.6297868962047692,daily_eth_dca,,,,,,,,,
2023-10-17 09:00:00+00:00,daily_eth_dca_buy,4.9164208456243852,0.0073746312684365781,1591.16317,1588.78,0.003089828207640317,0,2.6328767244124096,daily_eth_dca,,,,,,,,,
2023-10-18 09:00:00+00:00,daily_eth_dca_buy,4.9164208456243852,0.0073746312684365781,1580.1266400000002,1577.76,0.0031114093776840471,0,2.6359881337900934,daily_eth_dca,,,,,,,,,
2023-10-19 09:00:00+00:00,daily_eth_dca_buy,4.9164208456243852,0.0073746312684365781,1550.3320150000002,1548.01,0.0031712051341624293,0,2.639159338924256,daily_eth_dca,,,,,,,,,
2023-10-20 09:00:00+00:00,daily_eth_dca_buy,4.9164208456243852,0.0073746312684365781,1613.6268150000001,1611.21,0.0030468140464214987,0,2.6422061529706777,daily_eth_dca,,,,,,,,,
2023-10-21 09:00:00+00:00,daily_eth_dca_buy,4.9164208456243852,0.0073746312684365781,1608.1185650000002,1605.71,0.0030572502255916587,0,2.6452634031962692,daily_eth_dca,,,,,,,,,
2023-10-22 09:00:00+00:00,daily_eth_dca_buy,4.9164208456243852,0.0073746312684365781,1630.7224200000001,1628.28,0.0030148729086734364,0,2.6482782761049428,daily_eth_dca,,,,,,,,,
2023-10-23 09:00:00+00:00,daily_eth_dca_buy,4.9164208456243852,0.0073746312684365781,1685.4343650000001,1682.9100000000001,0.0029170052229381149,0,2.651195281327881,daily_eth_dca,,,,,,,,,
2023-10-24 09:00:00+00:00,daily_eth_dca_buy,4.9164208456243852,0.0073746312684365781,1821.3178849999999,1818.5899999999999,0.0026993754830581841,0,2.6538946568109392,daily_eth_dca,,,,,,,,,
2023-10-25 09:00:00+00:00,daily_eth_dca_buy,4.9164208456243852,0.0073746312684365781,1775.51929,1772.8599999999999,0.0027690044672082303,0,2.6566636612781473,daily_eth_dca,,,,,,,,,
2023-10-26 09:00:00+00:00,daily_eth_dca_buy,4.9164208456243852,0.0073746312684365781,1847.6873800000001,1844.9200000000001,0.0026608510177865614,0,2.6593245122959339,daily_eth_dca,,,,,,,,,
2023-10-27 09:00:00+00:00,daily_eth_dca_buy,4.9164208456243852,0.0073746312684365781,1788.8091950000003,1786.1300000000001,0.0027484322304282345,0,2.6620729445263622,daily_eth_dca,,,,,,,,,
2023-10-28 09:00:00+00:00,daily_eth_dca_buy,4.9164208456243852,0.0073746312684365781,1791.5833500000001,1788.9000000000001,0.0027441764546563712,0,2.6648171209810187,daily_eth_dca,,,,,,,,,
2023-10-29 09:00:00+00:00,daily_eth_dca_buy,4.9164208456243852,0.0073746312684365781,1791.6234100000001,1788.9400000000001,0.0027441150959421684,0,2.6675612360769607,daily_eth_dca,,,,,,,,,
2023-10-30 09:00:00+00:00,daily_eth_dca_buy,4.9164208456243852,0.0073746312684365781,1821.4180350000001,1818.6900000000001,0.0026992270588911704,0,2.6702604631358517,daily_eth_dca,,,,,,,,,
2023-10-31 09:00:00+00:00,daily_eth_dca_buy,4.9164208456243852,0.0073746312684365781,1804.1021000000003,1801.4000000000001,0.0027251344841427681,0,2.6729855976199945,daily_eth_dca,,,,,,,,,
2023-11-01 09:00:00+00:00,daily_eth_dca_buy,4.9164208456243852,0.0073746312684365781,1807.7375450000002,1805.03,0.0027196541108650729,0,2.6757052517308595,daily_eth_dca,,,,,,,,,
2023-11-02 09:00:00+00:00,daily_eth_dca_buy,4.9164208456243852,0.0073746312684365781,1835.1586150000003,1832.4100000000001,0.002679016846521675,0,2.6783842685773811,daily_eth_dca,,,,,,,,,
2023-11-03 09:00:00+00:00,daily_eth_dca_buy,4.9164208456243852,0.0073746312684365781,1798.8442250000003,1796.1500000000001,0.0027330998300446967,0,2.6811173684074259,daily_eth_dca,,,,,,,,,
2023-11-04 09:00:00+00:00,daily_eth_dca_buy,4.9164208456243852,0.0073746312684365781,1842.7399700000001,1839.98,0.0026679949019743601,0,2.6837853633094002,daily_eth_dca,,,,,,,,,
2023-11-05 09:00:00+00:00,daily_eth_dca_buy,4.9164208456243852,0.0073746312684365781,1882.3092350000002,1879.49,0.002611909219913265,0,2.6863972725293133,daily_eth_dca,,,,,,,,,
2023-11-06 09:00:00+00:00,daily_eth_dca_buy,4.9164208456243852,0.0073746312684365781,1887.7974550000001,1884.97,0.0026043158563450785,0,2.6890015883856582,daily_eth_dca,,,,,,,,,
2023-11-07 09:00:00+00:00,daily_eth_dca_buy,4.9164208456243852,0.0073746312684365781,1891.362795,1888.53,0.0025994065541637057,0,2.6916009949398219,daily_eth_dca,,,,,,,,,
2023-11-08 09:00:00+00:00,daily_eth_dca_buy,4.9164208456243852,0.0073746312684365781,1880.7068350000002,1877.8900000000001,0.0026141346190324153,0,2.6942151295588541,daily_eth_dca,,,,,,,,,
2023-11-09 09:00:00+00:00,daily_eth_dca_buy,4.9164208456243852,0.0073746312684365781,1918.73379,1915.8599999999999,0.0025623256708396142,0,2.6967774552296939,daily_eth_dca,,,,,,,,,
2023-11-10 09:00:00+00:00,daily_eth_dca_buy,4.9164208456243852,0.0073746312684365781,2101.116955,2097.9699999999998,0.0023399082254440162,0,2.6991173634551378,daily_eth_dca,,,,,,,,,
2023-11-11 09:00:00+00:00,daily_eth_dca_buy,4.9164208456243852,0.0073746312684365781,2052.5842650000004,2049.5100000000002,0.0023952345974085423,0,2.7015125980525463,daily_eth_dca,,,,,,,,,
2023-11-12 09:00:00+00:00,daily_eth_dca_buy,4.9164208456243852,0.0073746312684365781,2059.0339249999997,2055.9499999999998,0.0023877318318708059,0,2.7039003298844171,daily_eth_dca,,,,,,,,,
2023-11-13 09:00:00+00:00,daily_eth_dca_buy,4.9164208456243852,0.0073746312684365781,2061.1771350000004,2058.0900000000001,0.0023852490706114805,0,2.7062855789550286,daily_eth_dca,,,,,,,,,
2023-11-14 09:00:00+00:00,daily_eth_dca_buy,4.9164208456243852,0.0073746312684365781,2065.4134800000002,2062.3200000000002,0.0023803567146392329,0,2.7086659356696678,daily_eth_dca,,,,,,,,,
2023-11-15 09:00:00+00:00,daily_eth_dca_buy,4.9164208456243852,0.0073746312684365781,1993.4456900000002,1990.46,0.0024662928467463715,0,2.7111322285164143,daily_eth_dca,,,,,,,,,
2023-11-16 09:00:00+00:00,daily_eth_dca_buy,4.9164208456243852,0.0073746312684365781,2045.0730150000002,2042.01,0.0024040319389889288,0,2.7135362604554034,daily_eth_dca,,,,,,,,,
2023-11-17 09:00:00+00:00,daily_eth_dca_buy,4.9164208456243852,0.0073746312684365781,1981.1072100000001,1978.1400000000001,0.0024816530982310569,0,2.7160179135536344,daily_eth_dca,,,,,,,,,
2023-11-18 09:00:00+00:00,daily_eth_dca_buy,4.9164208456243852,0.0073746312684365781,1941.3276300000002,1938.4200000000001,0.0025325044416250257,0,2.7185504179952593,daily_eth_dca,,,,,,,,,
2023-11-19 09:00:00+00:00,daily_eth_dca_buy,4.9164208456243852,0.0073746312684365781,1961.3976900000002,1958.46,0.0025065905148610552,0,2.7210570085101202,daily_eth_dca,,,,,,,,,
2023-11-20 09:00:00+00:00,daily_eth_dca_buy,4.9164208456243852,0.0073746312684365781,2020.5262500000001,2017.5,0.0024332377991250474,0,2.7234902463092454,daily_eth_dca,,,,,,,,,
2023-11-21 09:00:00+00:00,daily_eth_dca_buy,4.9164208456243852,0.0073746312684365781,2015.1381799999999,2012.1199999999999,0.0024397437825451678,0,2.7259299900917906,daily_eth_dca,,,,,,,,,
2023-11-22 09:00:00+00:00,daily_eth_dca_buy,4.9164208456243852,0.0073746312684365781,2006.0846200000001,2003.0799999999999,0.0024507544679866918,0,2.7283807445597774,daily_eth_dca,,,,,,,,,
2023-11-23 09:00:00+00:00,daily_eth_dca_buy,4.9164208456243852,0.0073746312684365781,2084.812535,2081.6900000000001,0.0023582076388582274,0,2.7307389521986356,daily_eth_dca,,,,,,,,,
2023-11-24 09:00:00+00:00,daily_eth_dca_buy,4.9164208456243852,0.0073746312684365781,2082.008335,2078.8899999999999,0.002361383844135468,0,2.7331003360427713,daily_eth_dca,,,,,,,,,
2023-11-25 09:00:00+00:00,daily_eth_dca_buy,4.9164208456243852,0.0073746312684365781,2087.6668100000002,2084.54,0.002354983478242098,0,2.7354553195210132,daily_eth_dca,,,,,,,,,
2023-11-26 09:00:00+00:00,daily_eth_dca_buy,4.9164208456243852,0.0073746312684365781,2092.584175,2089.4499999999998,0.0023494495009379422,0,2.7378047690219511,daily_eth_dca,,,,,,,,,
2023-11-27 09:00:00+00:00,daily_eth_dca_buy,4.9164208456243852,0.0073746312684365781,2049.4996450000003,2046.4300000000001,0.0023988395692668609,0,2.740203608591218,daily_eth_dca,,,,,,,,,
2023-11-28 09:00:00+00:00,daily_eth_dca_buy,4.9164208456243852,0.0073746312684365781,2009.1892700000001,2006.1800000000001,0.0024469675002914905,0,2.7426505760915094,daily_eth_dca,,,,,,,,,
2023-11-29 09:00:00+00:00,daily_eth_dca_buy,4.9164208456243852,0.0073746312684365781,2074.3769050000001,2071.27,0.0023700711446285531,0,2.7450206472361378,daily_eth_dca,,,,,,,,,
2023-11-30 09:00:00+00:00,daily_eth_dca_buy,4.9164208456243852,0.0073746312684365781,2029.0590300000001,2026.02,0.0024230053305173607,0,2.747443652566655,daily_eth_dca,,,,,,,,,
2023-12-01 09:00:00+00:00,daily_eth_dca_buy,4.9164208456243852,0.0073746312684365781,2097.2411499999998,2094.0999999999999,0.0023442324911583895,0,2.7497878850578132,daily_eth_dca,,,,,,,,,
2023-12-02 09:00:00+00:00,daily_eth_dca_buy,4.9164208456243852,0.0073746312684365781,2102.5390849999999,2099.3899999999999,0.00233832554205497,0,2.7521262105998683,daily_eth_dca,,,,,,,,,
2023-12-03 09:00:00+00:00,daily_eth_dca_buy,4.9164208456243852,0.0073746312684365781,2163.7607800000001,2160.52,0.0022721646917106915,0,2.7543983752915788,daily_eth_dca,,,,,,,,,
2023-12-04 09:00:00+00:00,daily_eth_dca_buy,4.9164208456243852,0.0073746312684365781,2258.2723350000001,2254.8899999999999,0.0021770717240019613,0,2.7565754470155808,daily_eth_dca,,,,,,,,,
2023-12-05 09:00:00+00:00,daily_eth_dca_buy,4.9164208456243852,0.0073746312684365781,2204.8222800000003,2201.52,0.0022298490405423445,0,2.7588052960561229,daily_eth_dca,,,,,,,,,
2023-12-06 09:00:00+00:00,daily_eth_dca_buy,4.9164208456243852,0.0073746312684365781,2282.7890550000002,2279.3699999999999,0.0021536903880172075,0,2.7609589864441402,daily_eth_dca,,,,,,,,,
2023-12-07 09:00:00+00:00,daily_eth_dca_buy,4.9164208456243852,0.0073746312684365781,2248.7080100000003,2245.3400000000001,0.0021863313617246308,0,2.7631453178058649,daily_eth_dca,,,,,,,,,
2023-12-08 09:00:00+00:00,daily_eth_dca_buy,4.9164208456243852,0.0073746312684365781,2354.8069200000004,2351.2800000000002,0.0020878233386643795,0,2.7652331411445292,daily_eth_dca,,,,,,,,,
2023-12-09 09:00:00+00:00,daily_eth_dca_buy,4.9164208456243852,0.0073746312684365781,2365.52297,2361.98,0.0020783652951061327,0,2.7673115064396354,daily_eth_dca,,,,,,,,,
2023-12-10 09:00:00+00:00,daily_eth_dca_buy,4.9164208456243852,0.0073746312684365781,2347.4759400000003,2343.96,0.0020943434443142298,0,2.7694058498839498,daily_eth_dca,,,,,,,,,
2023-12-11 09:00:00+00:00,daily_eth_dca_buy,4.9164208456243852,0.0073746312684365781,2247.2358049999998,2243.8699999999999,0.0021877636671174283,0,2.771593613551067,daily_eth_dca,,,,,,,,,
2023-12-12 09:00:00+00:00,daily_eth_dca_buy,4.9164208456243852,0.0073746312684365781,2239.0134899999998,2235.6599999999999,0.0021957977777187871,0,2.773789411328786,daily_eth_dca,,,,,,,,,
2023-12-13 09:00:00+00:00,daily_eth_dca_buy,4.9164208456243852,0.0073746312684365781,2188.2674849999999,2184.9899999999998,0.0022467184104891938,0,2.7760361297392753,daily_eth_dca,,,,,,,,,
2023-12-14 09:00:00+00:00,daily_eth_dca_buy,4.9164208456243852,0.0073746312684365781,2277.2808049999999,2273.8699999999999,0.0021588996995143888,0,2.7781950294387898,daily_eth_dca,,,,,,,,,
2023-12-15 09:00:00+00:00,daily_eth_dca_buy,4.9164208456243852,0.0073746312684365781,2280.47559,2277.0599999999999,0.0021558752337377069,0,2.7803509046725274,daily_eth_dca,,,,,,,,,
2023-12-16 09:00:00+00:00,daily_eth_dca_buy,4.9164208456243852,0.0073746312684365781,2247.476165,2244.1100000000001,0.0021875296931677963,0,2.7825384343656951,daily_eth_dca,,,,,,,,,
2023-12-17 09:00:00+00:00,daily_eth_dca_buy,4.9164208456243852,0.0073746312684365781,2218.112185,2214.79,0.0022164888137181328,0,2.7847549231794133,daily_eth_dca,,,,,,,,,
2023-12-18 09:00:00+00:00,daily_eth_dca_buy,4.9164208456243852,0.0073746312684365781,2175.4082250000001,2172.1500000000001,0.0022599991988282498,0,2.7870149223782414,daily_eth_dca,,,,,,,,,
2023-12-19 09:00:00+00:00,daily_eth_dca_buy,4.9164208456243852,0.0073746312684365781,2251.0415050000001,2247.6700000000001,0.0021840649471384956,0,2.78919898732538,daily_eth_dca,,,,,,,,,
2023-12-20 09:00:00+00:00,daily_eth_dca_buy,4.9164208456243852,0.0073746312684365781,2211.1717900000003,2207.8600000000001,0.0022234458977176009,0,2.7914224332230977,daily_eth_dca,,,,,,,,,
2023-12-21 09:00:00+00:00,daily_eth_dca_buy,4.9164208456243852,0.0073746312684365781,2213.0846550000001,2209.77,0.0022215240770463818,0,2.7936439573001439,daily_eth_dca,,,,,,,,,
2023-12-22 09:00:00+00:00,daily_eth_dca_buy,4.9164208456243852,0.0073746312684365781,2294.907205,2291.4699999999998,0.0021423179268045328,0,2.7957862752269484,daily_eth_dca,,,,,,,,,
2023-12-23 09:00:00+00:00,daily_eth_dca_buy,4.9164208456243852,0.0073746312684365781,2293.7955400000001,2290.3600000000001,0.0021433561796987298,0,2.7979296314066473,daily_eth_dca,,,,,,,,,
2023-12-24 09:00:00+00:00,daily_eth_dca_buy,4.9164208456243852,0.0073746312684365781,2296.1390499999998,2292.6999999999998,0.0021411686045862011,0,2.8000708000112335,daily_eth_dca,,,,,,,,,
2023-12-25 09:00:00+00:00,daily_eth_dca_buy,4.9164208456243852,0.0073746312684365781,2275.5081500000001,2272.0999999999999,0.0021605815147813841,0,2.8022313815260151,daily_eth_dca,,,,,,,,,
2023-12-26 09:00:00+00:00,daily_eth_dca_buy,4.9164208456243852,0.0073746312684365781,2240.1552000000001,2236.8000000000002,0.002194678674774134,0,2.8044260602007891,daily_eth_dca,,,,,,,,,
2023-12-27 09:00:00+00:00,daily_eth_dca_buy,4.9164208456243852,0.0073746312684365781,2251.842705,2248.4699999999998,0.0021832878622951532,0,2.806609348063084,daily_eth_dca,,,,,,,,,
2023-12-28 09:00:00+00:00,daily_eth_dca_buy,4.9164208456243852,0.0073746312684365781,2382.7687999999998,2379.1999999999998,0.0020633226545623668,0,2.8086726707176464,daily_eth_dca,,,,,,,,,
2023-12-29 09:00:00+00:00,daily_eth_dca_buy,4.9164208456243852,0.0073746312684365781,2349.13843,2345.6199999999999,0.0020928612732389659,0,2.8107655319908855,daily_eth_dca,,,,,,,,,
2023-12-30 09:00:00+00:00,daily_eth_dca_buy,4.9164208456243852,0.0073746312684365781,2276.3794549999998,2272.9699999999998,0.0021597545324992338,0,2.8129252865233849,daily_eth_dca,,,,,,,,,
2023-12-31 09:00:00+00:00,daily_eth_dca_buy,4.9164208456243852,0.0073746312684365781,2298.3223200000002,2294.8800000000001,0.0021391346213025441,0,2.8150644211446876,daily_eth_dca,,,,,,,,,
2024-01-01 09:00:00+00:00,daily_eth_dca_buy,4.9164208456243852,0.0073746312684365781,2290.4405150000002,2287.0100000000002,0.0021464957563520851,0,2.8172109169010398,daily_eth_dca,,,,,,,,,
2024-01-02 09:00:00+00:00,daily_eth_dca_buy,4.9164208456243852,0.0073746312684365781,2430.129735,2426.4899999999998,0.0020231104433707878,0,2.8192340273444105,daily_eth_dca,,,,,,,,,
2024-01-03 09:00:00+00:00,daily_eth_dca_buy,4.9164208456243852,0.0073746312684365781,2374.05575,2370.5,0.0020708952793650212,0,2.8213049226237756,daily_eth_dca,,,,,,,,,
2024-01-04 09:00:00+00:00,daily_eth_dca_buy,4.9164208456243852,0.0073746312684365781,2219.2839400000003,2215.96,0.0022153185345109038,0,2.8235202411582865,daily_eth_dca,,,,,,,,,
2024-01-05 09:00:00+00:00,daily_eth_dca_buy,4.9164208456243852,0.0073746312684365781,2255.6183599999999,2252.2399999999998,0.0021796332805272896,0,2.825699874438814,daily_eth_dca,,,,,,,,,
2024-01-06 09:00:00+00:00,daily_eth_dca_buy,4.9164208456243852,0.0073746312684365781,2240.8963100000001,2237.54,0.0021939528498863855,0,2.8278938272887002,daily_eth_dca,,,,,,,,,
2024-01-07 09:00:00+00:00,daily_eth_dca_buy,4.9164208456243852,0.0073746312684365781,2243.1196400000003,2239.7600000000002,0.0021917782529086967,0,2.8300856055416088,daily_eth_dca,,,,,,,,,
2024-01-08 09:00:00+00:00,daily_eth_dca_buy,4.9164208456243852,0.0073746312684365781,2225.2128200000002,2221.8800000000001,0.0022094160169472622,0,2.8322950215585561,daily_eth_dca,,,,,,,,,
2024-01-09 09:00:00+00:00,daily_eth_dca_buy,4.9164208456243852,0.0073746312684365781,2294.7169200000003,2291.2800000000002,0.0021424955744102784,0,2.8344375171329665,daily_eth_dca,,,,,,,,,
2024-01-10 09:00:00+00:00,daily_eth_dca_buy,4.9164208456243852,0.0073746312684365781,2368.357215,2364.8099999999999,0.0020758780873451916,0,2.8365133952203117,daily_eth_dca,,,,,,,,,
2024-01-11 09:00:00+00:00,daily_eth_dca_buy,4.9164208456243852,0.0073746312684365781,2619.5133850000002,2615.5900000000001,0.0018768450941220843,0,2.8383902403144337,daily_eth_dca,,,,,,,,,
2024-01-12 09:00:00+00:00,daily_eth_dca_buy,4.9164208456243852,0.0073746312684365781,2605.832895,2601.9299999999998,0.0018866984352902587,0,2.840276938749724,daily_eth_dca,,,,,,,,,
2024-01-13 09:00:00+00:00,daily_eth_dca_buy,4.9164208456243852,0.0073746312684365781,2559.4333999999999,2555.5999999999999,0.001920902042469394,0,2.8421978407921933,daily_eth_dca,,,,,,,,,
2024-01-14 09:00:00+00:00,daily_eth_dca_buy,4.9164208456243852,0.0073746312684365781,2556.9596950000005,2553.1300000000001,0.0019227603998757533,0,2.8441206011920692,daily_eth_dca,,,,,,,,,
2024-01-15 09:00:00+00:00,daily_eth_dca_buy,4.9164208456243852,0.0073746312684365781,2516.959785,2513.1900000000001,0.0019533172023343971,0,2.8460739183944037,daily_eth_dca,,,,,,,,,
2024-01-16 09:00:00+00:00,daily_eth_dca_buy,4.9164208456243852,0.0073746312684365781,2547.8360299999999,2544.02,0.0019296457023666414,0,2.8480035640967705,daily_eth_dca,,,,,,,,,
2024-01-17 09:00:00+00:00,daily_eth_dca_buy,4.9164208456243852,0.0073746312684365781,2550.6602600000001,2546.8400000000001,0.0019275090935177643,0,2.8499310731902883,daily_eth_dca,,,,,,,,,
2024-01-18 09:00:00+00:00,daily_eth_dca_buy,4.9164208456243852,0.0073746312684365781,2541.2762050000001,2537.4699999999998,0.0019346267186350116,0,2.8518656999089234,daily_eth_dca,,,,,,,,,
2024-01-19 09:00:00+00:00,daily_eth_dca_buy,4.9164208456243852,0.0073746312684365781,2477.2102500000001,2473.5,0.0019846603031068457,0,2.8538503602120304,daily_eth_dca,,,,,,,,,
2024-01-20 09:00:00+00:00,daily_eth_dca_buy,4.9164208456243852,0.0073746312684365781,2478.3319299999998,2474.6199999999999,0.001983762056289363,0,2.8558341222683197,daily_eth_dca,,,,,,,,,
2024-01-21 09:00:00+00:00,daily_eth_dca_buy,4.9164208456243852,0.0073746312684365781,2477.921315,2474.21,0.0019840907844260523,0,2.8578182130527456,daily_eth_dca,,,,,,,,,
2024-01-22 09:00:00+00:00,daily_eth_dca_buy,4.9164208456243852,0.0073746312684365781,2414.6866050000003,2411.0700000000002,0.0020360492477343181,0,2.8598542623004799,daily_eth_dca,,,,,,,,,
2024-01-23 09:00:00+00:00,daily_eth_dca_buy,4.9164208456243852,0.0073746312684365781,2297.5010900000002,2294.0599999999999,0.0021398992440192421,0,2.8619941615444993,daily_eth_dca,,,,,,,,,
2024-01-24 09:00:00+00:00,daily_eth_dca_buy,4.9164208456243852,0.0073746312684365781,2239.5442850000004,2236.1900000000001,0.0021952773510903736,0,2.8641894388955897,daily_eth_dca,,,,,,,,,
2024-01-25 09:00:00+00:00,daily_eth_dca_buy,4.9164208456243852,0.0073746312684365781,2229.1787600000002,2225.8400000000001,0.0022054852369149548,0,2.8663949241325049,daily_eth_dca,,,,,,,,,
2024-01-26 09:00:00+00:00,daily_eth_dca_buy,4.9164208456243852,0.0073746312684365781,2212.8442950000003,2209.5300000000002,0.0022217653798476517,0,2.8686166895123524,daily_eth_dca,,,,,,,,,
2024-01-27 09:00:00+00:00,daily_eth_dca_buy,4.9164208456243852,0.0073746312684365781,2257.3309249999998,2253.9499999999998,0.0021779796622528377,0,2.8707946691746051,daily_eth_dca,,,,,,,,,
2024-01-28 09:00:00+00:00,daily_eth_dca_buy,4.9164208456243852,0.0073746312684365781,2289.4790750000002,2286.0500000000002,0.0021473971521772414,0,2.8729420663267824,daily_eth_dca,,,,,,,,,
2024-01-29 09:00:00+00:00,daily_eth_dca_buy,4.9164208456243852,0.0073746312684365781,2266.8852349999997,2263.4899999999998,0.0021688000652685824,0,2.8751108663920508,daily_eth_dca,,,,,,,,,
2024-01-30 09:00:00+00:00,daily_eth_dca_buy,4.9164208456243852,0.0073746312684365781,2311.772465,2308.3099999999999,0.0021266889021555957,0,2.8772375552942062,daily_eth_dca,,,,,,,,,
2024-01-31 09:00:00+00:00,daily_eth_dca_buy,4.9164208456243852,0.0073746312684365781,2342.58862,2339.0799999999999,0.0020987128528031462,0,2.8793362681470094,daily_eth_dca,,,,,,,,,
2024-02-01 09:00:00+00:00,daily_eth_dca_buy,4.9164208456243852,0.0073746312684365781,2275.8086000000003,2272.4000000000001,0.0021602962769471847,0,2.8814965644239567,daily_eth_dca,,,,,,,,,
2024-02-02 09:00:00+00:00,daily_eth_dca_buy,4.9164208456243852,0.0073746312684365781,2314.0058100000001,2310.54,0.0021246363446357922,0,2.8836212007685926,daily_eth_dca,,,,,,,,,
2024-02-03 09:00:00+00:00,daily_eth_dca_buy,4.9164208456243852,0.0073746312684365781,2311.7624500000002,2308.3000000000002,0.0021266981153813553,0,2.8857478988839742,daily_eth_dca,,,,,,,,,
2024-02-04 09:00:00+00:00,daily_eth_dca_buy,4.9164208456243852,0.0073746312684365781,2293.6352999999999,2290.1999999999998,0.0021435059207644673,0,2.8878914048047388,daily_eth_dca,,,,,,,,,
2024-02-05 09:00:00+00:00,daily_eth_dca_buy,4.9164208456243852,0.0073746312684365781,2325.893615,2322.4099999999999,0.0021137771796258123,0,2.8900051819843648,daily_eth_dca,,,,,,,,,
2024-02-06 09:00:00+00:00,daily_eth_dca_buy,4.9164208456243852,0.0073746312684365781,2340.1950350000002,2336.6900000000001,0.0021008594463684882,0,2.8921060414307331,daily_eth_dca,,,,,,,,,
2024-02-07 09:00:00+00:00,daily_eth_dca_buy,4.9164208456243852,0.0073746312684365781,2366.8048900000003,2363.2600000000002,0.0020772396011165856,0,2.8941832810318497,daily_eth_dca,,,,,,,,,
2024-02-08 09:00:00+00:00,daily_eth_dca_buy,4.9164208456243852,0.0073746312684365781,2428.0366000000004,2424.4000000000001,0.0020248545040978312,0,2.8962081355359475,daily_eth_dca,,,,,,,,,
2024-02-09 09:00:00+00:00,daily_eth_dca_buy,4.9164208456243852,0.0073746312684365781,2479.7340300000001,2476.02,0.0019826403905197788,0,2.8981907759264671,daily_eth_dca,,,,,,,,,
2024-02-10 09:00:00+00:00,daily_eth_dca_buy,4.9164208456243852,0.0073746312684365781,2489.0179350000003,2485.29,0.0019752452469268306,0,2.9001660211733942,daily_eth_dca,,,,,,,,,
2024-02-11 09:00:00+00:00,daily_eth_dca_buy,4.9164208456243852,0.0073746312684365781,2528.5471400000006,2524.7600000000002,0.001944365903980886,0,2.902110387077375,daily_eth_dca,,,,,,,,,
2024-02-12 09:00:00+00:00,daily_eth_dca_buy,4.9164208456243852,0.0073746312684365781,2493.7450150000004,2490.0100000000002,0.0019715010219777361,0,2.9040818880993529,daily_eth_dca,,,,,,,,,
2024-02-13 09:00:00+00:00,daily_eth_dca_buy,4.9164208456243852,0.0073746312684365781,2667.5052650000002,2663.5100000000002,0.0018430782162390164,0,2.9059249663155917,daily_eth_dca,,,,,,,,,
2024-02-14 09:00:00+00:00,daily_eth_dca_buy,4.9164208456243852,0.0073746312684365781,2711.2708150000003,2707.21,0.0018133271004963716,0,2.907738293416088,daily_eth_dca,,,,,,,,,
2024-02-15 09:00:00+00:00,daily_eth_dca_buy,4.9164208456243852,0.0073746312684365781,2785.3016950000001,2781.1300000000001,0.0017651304540725471,0,2.9095034238701607,daily_eth_dca,,,,,,,,,
2024-02-16 09:00:00+00:00,daily_eth_dca_buy,4.9164208456243852,0.0073746312684365781,2820.3241499999999,2816.0999999999999,0.0017432112708123941,0,2.9112466351409729,daily_eth_dca,,,,,,,,,
2024-02-17 09:00:00+00:00,daily_eth_dca_buy,4.9164208456243852,0.0073746312684365781,2779.1524850000001,2774.9899999999998,0.001769036018052239,0,2.9130156711590254,daily_eth_dca,,,,,,,,,
2024-02-18 09:00:00+00:00,daily_eth_dca_buy,4.9164208456243852,0.0073746312684365781,2809.7182650000004,2805.5100000000002,0.0017497913961221961,0,2.9147654625551476,daily_eth_dca,,,,,,,,,
2024-02-19 09:00:00+00:00,daily_eth_dca_buy,4.9164208456243852,0.0073746312684365781,2911.0500350000002,2906.6900000000001,0.0016888822886977225,0,2.9164543448438454,daily_eth_dca,,,,,,,,,
2024-02-20 09:00:00+00:00,daily_eth_dca_buy,4.9164208456243852,0.0073746312684365781,2920.8847650000002,2916.5100000000002,0.001683195757852633,0,2.9181375406016978,daily_eth_dca,,,,,,,,,
2024-02-21 09:00:00+00:00,daily_eth_dca_buy,4.9164208456243852,0.0073746312684365781,2945.9422950000003,2941.5300000000002,0.0016688788690697638,0,2.9198064194707678,daily_eth_dca,,,,,,,,,
2024-02-22 09:00:00+00:00,daily_eth_dca_buy,4.9164208456243852,0.0073746312684365781,3025.3011550000001,3020.77,0.0016251013018981197,0,2.921431520772666,daily_eth_dca,,,,,,,,,
2024-02-23 09:00:00+00:00,daily_eth_dca_buy,4.9164208456243852,0.0073746312684365781,2928.5362250000003,2924.1500000000001,0.0016787980301061103,0,2.9231103188027721,daily_eth_dca,,,,,,,,,
2024-02-24 09:00:00+00:00,daily_eth_dca_buy,4.9164208456243852,0.0073746312684365781,2955.176125,2950.75,0.0016636642412047049,0,2.924773983043977,daily_eth_dca,,,,,,,,,
2024-02-25 09:00:00+00:00,daily_eth_dca_buy,4.9164208456243852,0.0073746312684365781,3023.1178850000001,3018.5900000000001,0.0016262749362234629,0,2.9264002579802004,daily_eth_dca,,,,,,,,,
2024-02-26 09:00:00+00:00,daily_eth_dca_buy,4.9164208456243852,0.0073746312684365781,3097.2989900000002,3092.6599999999999,0.0015873252345019442,0,2.9279875832147022,daily_eth_dca,,,,,,,,,
2024-02-27 09:00:00+00:00,daily_eth_dca_buy,4.9164208456243852,0.0073746312684365781,3224.8099700000002,3219.98,0.001524561413342562,0,2.9295121446280445,daily_eth_dca,,,,,,,,,
2024-02-28 09:00:00+00:00,daily_eth_dca_buy,4.9164208456243852,0.0073746312684365781,3335.8262450000002,3330.8299999999999,0.001473824019759274,0,2.9309859686478039,daily_eth_dca,,,,,,,,,
2024-02-29 09:00:00+00:00,daily_eth_dca_buy,4.9164208456243852,0.0073746312684365781,3483.106835,3477.8899999999999,0.0014115044638372068,0,2.9323974731116413,daily_eth_dca,,,,,,,,,
2024-03-01 09:00:00+00:00,daily_eth_dca_buy,4.9164208456243852,0.0073746312684365781,3426.0714100000005,3420.9400000000001,0.0014350024436952365,0,2.9338324755553367,daily_eth_dca,,,,,,,,,
2024-03-02 09:00:00+00:00,daily_eth_dca_buy,4.9164208456243852,0.0073746312684365781,3422.6262500000003,3417.5,0.0014364468938507045,0,2.9352689224491875,daily_eth_dca,,,,,,,,,
2024-03-03 09:00:00+00:00,daily_eth_dca_buy,4.9164208456243852,0.0073746312684365781,3400.4730700000005,3395.3800000000001,0.0014458049643146812,0,2.9367147274135021,daily_eth_dca,,,,,,,,,
2024-03-04 09:00:00+00:00,daily_eth_dca_buy,4.9164208456243852,0.0073746312684365781,3539.3110150000002,3534.0100000000002,0.0013890898044246571,0,2.938103817217927,daily_eth_dca,,,,,,,,,
2024-03-05 09:00:00+00:00,daily_eth_dca_buy,4.9164208456243852,0.0073746312684365781,3698.1388999999999,3692.5999999999999,0.0013294310945498519,0,2.939433248312477,daily_eth_dca,,,,,,,,,
2024-03-06 09:00:00+00:00,daily_eth_dca_buy,4.9164208456243852,0.0073746312684365781,3831.1180700000004,3825.3800000000001,0.001283286172807612,0,2.9407165344852846,daily_eth_dca,,,,,,,,,
2024-03-07 09:00:00+00:00,daily_eth_dca_buy,4.9164208456243852,0.0073746312684365781,3797.2172950000004,3791.5300000000002,0.001294743087812778,0,2.9420112775730973,daily_eth_dca,,,,,,,,,
2024-03-08 09:00:00+00:00,daily_eth_dca_buy,4.9164208456243852,0.0073746312684365781,3945.9400450000003,3940.0300000000002,0.0012459441323377698,0,2.9432572217054349,daily_eth_dca,,,,,,,,,
2024-03-09 09:00:00+00:00,daily_eth_dca_buy,4.9164208456243852,0.0073746312684365781,3928.7643200000002,3922.8800000000001,0.0012513911360364791,0,2.9445086128414713,daily_eth_dca,,,,,,,,,
2024-03-10 09:00:00+00:00,daily_eth_dca_buy,4.9164208456243852,0.0073746312684365781,3965.0887250000005,3959.1500000000001,0.0012399270701374746,0,2.9457485399116088,daily_eth_dca,,,,,,,,,
2024-03-11 09:00:00+00:00,daily_eth_dca_buy,4.9164208456243852,0.0073746312684365781,4021.8136850000001,4015.79,0.0012224387380153801,0,2.9469709786496243,daily_eth_dca,,,,,,,,,
2024-03-12 09:00:00+00:00,daily_eth_dca_buy,4.9164208456243852,0.0073746312684365781,3991.3680850000001,3985.3899999999999,0.001231763330498341,0,2.9482027419801224,daily_eth_dca,,,,,,,,,
2024-03-13 09:00:00+00:00,daily_eth_dca_buy,4.9164208456243852,0.0073746312684365781,4069.8556400000007,4063.7600000000002,0.0012080086569420394,0,2.9494107506370644,daily_eth_dca,,,,,,,,,
2024-03-14 09:00:00+00:00,daily_eth_dca_buy,4.9164208456243852,0.0073746312684365781,3984.5679,3978.5999999999999,0.0012338654953337313,0,2.950644616132398,daily_eth_dca,,,,,,,,,
2024-03-15 09:00:00+00:00,daily_eth_dca_buy,4.9164208456243852,0.0073746312684365781,3667.2125799999999,3661.7199999999998,0.0013406424466465986,0,2.9519852585790445,daily_eth_dca,,,,,,,,,
2024-03-16 09:00:00+00:00,daily_eth_dca_buy,4.9164208456243852,0.0073746312684365781,3723.8273750000003,3718.25,0.001320260138434689,0,2.953305518717479,daily_eth_dca,,,,,,,,,
2024-03-17 09:00:00+00:00,daily_eth_dca_buy,4.9164208456243852,0.0073746312684365781,3561.9349000000002,3556.5999999999999,0.0013802669008982687,0,2.9546857856183775,daily_eth_dca,,,,,,,,,
2024-03-18 09:00:00+00:00,daily_eth_dca_buy,4.9164208456243852,0.0073746312684365781,3603.3469249999998,3597.9499999999998,0.0013644039688530366,0,2.9560501895872306,daily_eth_dca,,,,,,,,,
2024-03-19 09:00:00+00:00,daily_eth_dca_buy,4.9164208456243852,0.0073746312684365781,3246.2420700000002,3241.3800000000001,0.0015144960664083764,0,2.9575646856536388,daily_eth_dca,,,,,,,,,
2024-03-20 09:00:00+00:00,daily_eth_dca_buy,4.9164208456243852,0.0073746312684365781,3212.5916700000002,3207.7800000000002,0.0015303597066303745,0,2.9590950453602693,daily_eth_dca,,,,,,,,,
2024-03-21 09:00:00+00:00,daily_eth_dca_buy,4.9164208456243852,0.0073746312684365781,3574.8041750000002,3569.4499999999998,0.0013752979477888142,0,2.9604703433080584,daily_eth_dca,,,,,,,,,
2024-03-22 09:00:00+00:00,daily_eth_dca_buy,4.9164208456243852,0.0073746312684365781,3488.2245000000003,3483,0.0014094336088816487,0,2.9618797769169398,daily_eth_dca,,,,,,,,,
2024-03-23 09:00:00+00:00,daily_eth_dca_buy,4.9164208456243852,0.0073746312684365781,3355.8161850000001,3350.79,0.0014650447386242596,0,2.9633448216555642,daily_eth_dca,,,,,,,,,
2024-03-24 09:00:00+00:00,daily_eth_dca_buy,4.9164208456243852,0.0073746312684365781,3382.6563850000002,3377.5900000000001,0.0014534201190004657,0,2.9647982417745649,daily_eth_dca,,,,,,,,,
2024-03-25 09:00:00+00:00,daily_eth_dca_buy,4.9164208456243852,0.0073746312684365781,3454.163485,3448.9899999999998,0.0014233318333004106,0,2.9662215736078652,daily_eth_dca,,,,,,,,,
2024-03-26 09:00:00+00:00,daily_eth_dca_buy,4.9164208456243852,0.0073746312684365781,3658.8200100000004,3653.3400000000001,0.0013437176008076945,0,2.9675652912086727,daily_eth_dca,,,,,,,,,
2024-03-27 09:00:00+00:00,daily_eth_dca_buy,4.9164208456243852,0.0073746312684365781,3556.5368150000004,3551.21,0.0013823618596857923,0,2.9689476530683585,daily_eth_dca,,,,,,,,,
2024-03-28 09:00:00+00:00,daily_eth_dca_buy,4.9164208456243852,0.0073746312684365781,3581.0535350000005,3575.6900000000001,0.0013728978909622429,0,2.9703205509593209,daily_eth_dca,,,,,,,,,
2024-03-29 09:00:00+00:00,daily_eth_dca_buy,4.9164208456243852,0.0073746312684365781,3542.0951850000001,3536.79,0.0013879979472161998,0,2.9717085489065371,daily_eth_dca,,,,,,,,,
2024-03-30 09:00:00+00:00,daily_eth_dca_buy,4.9164208456243852,0.0073746312684365781,3510.4978599999999,3505.2399999999998,0.0014004910533186837,0,2.9731090399598559,daily_eth_dca,,,,,,,,,
2024-03-31 09:00:00+00:00,daily_eth_dca_buy,4.9164208456243852,0.0073746312684365781,3623.236715,3617.8099999999999,0.0013569140611958015,0,2.9744659540210519,daily_eth_dca,,,,,,,,,
2024-04-01 09:00:00+00:00,daily_eth_dca_buy,4.9164208456243852,0.0073746312684365781,3539.4912850000001,3534.1900000000001,0.0013890190566253605,0,2.9758549730776771,daily_eth_dca,,,,,,,,,
2024-04-02 09:00:00+00:00,daily_eth_dca_buy,4.9164208456243852,0.0073746312684365781,3340.2028,3335.1999999999998,0.0014718929178864186,0,2.9773268659955634,daily_eth_dca,,,,,,,,,
2024-04-03 09:00:00+00:00,daily_eth_dca_buy,4.9164208456243852,0.0073746312684365781,3349.0160000000001,3344,0.001468019515470928,0,2.9787948855110344,daily_eth_dca,,,,,,,,,
2024-04-04 09:00:00+00:00,daily_eth_dca_buy,4.9164208456243852,0.0073746312684365781,3336.407115,3331.4099999999999,0.0014735674263254247,0,2.9802684529373598,daily_eth_dca,,,,,,,,,
2024-04-05 09:00:00+00:00,daily_eth_dca_buy,4.9164208456243852,0.0073746312684365781,3290.137815,3285.21,0.0014942902462048949,0,2.9817627431835647,daily_eth_dca,,,,,,,,,
2024-04-06 09:00:00+00:00,daily_eth_dca_buy,4.9164208456243852,0.0073746312684365781,3345.9113500000003,3340.9000000000001,0.0014693816815034219,0,2.9832321248650682,daily_eth_dca,,,,,,,,,
2024-04-07 09:00:00+00:00,daily_eth_dca_buy,4.9164208456243852,0.0073746312684365781,3397.9092300000002,3392.8200000000002,0.0014468958741503477,0,2.9846790207392186,daily_eth_dca,,,,,,,,,
2024-04-08 09:00:00+00:00,daily_eth_dca_buy,4.9164208456243852,0.0073746312684365781,3601.7144800000005,3596.3200000000002,0.001365022372796298,0,2.986044043112015,daily_eth_dca,,,,,,,,,
2024-04-09 09:00:00+00:00,daily_eth_dca_buy,4.9164208456243852,0.0073746312684365781,3634.2231700000002,3628.7800000000002,0.0013528120359279931,0,2.9873968551479431,daily_eth_dca,,,,,,,,,
2024-04-10 09:00:00+00:00,daily_eth_dca_buy,4.9164208456243852,0.0073746312684365781,3523.0566700000004,3517.7800000000002,0.0013954986553265931,0,2.9887923538032695,daily_eth_dca,,,,,,,,,
2024-04-11 09:00:00+00:00,daily_eth_dca_buy,4.9164208456243852,0.0073746312684365781,3613.5922700000001,3608.1799999999998,0.001360535577419858,0,2.9901528893806892,daily_eth_dca,,,,,,,,,
2024-04-12 09:00:00+00:00,daily_eth_dca_buy,4.9164208456243852,0.0073746312684365781,3531.2990150000005,3526.0100000000002,0.0013922414456382093,0,2.9915451308263274,daily_eth_dca,,,,,,,,,
2024-04-13 09:00:00+00:00,daily_eth_dca_buy,4.9164208456243852,0.0073746312684365781,3256.687715,3251.8099999999999,0.0015096384043762651,0,2.9930547692307039,daily_eth_dca,,,,,,,,,
2024-04-14 09:00:00+00:00,daily_eth_dca_buy,4.9164208456243852,0.0073746312684365781,3073.2129150000005,3068.6100000000001,0.0015997657766007353,0,2.9946545350073048,daily_eth_dca,,,,,,,,,
2024-04-15 09:00:00+00:00,daily_eth_dca_buy,4.9164208456243852,0.0073746312684365781,3254.1939800000005,3249.3200000000002,0.0015107952616962264,0,2.996165330269001,daily_eth_dca,,,,,,,,,
2024-04-16 09:00:00+00:00,daily_eth_dca_buy,4.9164208456243852,0.0073746312684365781,3089.6775750000002,3085.0500000000002,0.0015912407447966103,0,2.9977565710137974,daily_eth_dca,,,,,,,,,
2024-04-17 09:00:00+00:00,daily_eth_dca_buy,4.9164208456243852,0.0073746312684365781,3077.8098,3073.1999999999998,0.0015973764349000335,0,2.9993539474486974,daily_eth_dca,,,,,,,,,
2024-04-18 09:00:00+00:00,daily_eth_dca_buy,4.9164208456243852,0.0073746312684365781,2989.5175600000002,2985.04,0.0016445532588289546,0,3.0009985007075266,daily_eth_dca,,,,,,,,,
2024-04-19 09:00:00+00:00,daily_eth_dca_buy,4.9164208456243852,0.0073746312684365781,3116.1472200000003,3111.48,0.0015777241890466216,0,3.0025762248965733,daily_eth_dca,,,,,,,,,
2024-04-20 09:00:00+00:00,daily_eth_dca_buy,4.9164208456243852,0.0073746312684365781,3054.1643850000005,3049.5900000000001,0.0016097433621354944,0,3.0041859682587089,daily_eth_dca,,,,,,,,,
2024-04-21 09:00:00+00:00,daily_eth_dca_buy,4.9164208456243852,0.0073746312684365781,3174.2041749999999,3169.4499999999998,0.001548867235556574,0,3.0057348354942652,daily_eth_dca,,,,,,,,,
2024-04-22 09:00:00+00:00,daily_eth_dca_buy,4.9164208456243852,0.0073746312684365781,3209.4269300000001,3204.6199999999999,0.0015318687581475441,0,3.0072667042524128,daily_eth_dca,,,,,,,,,
2024-04-23 09:00:00+00:00,daily_eth_dca_buy,4.9164208456243852,0.0073746312684365781,3173.8937099999998,3169.1399999999999,0.0015490187431715808,0,3.0088157229955845,daily_eth_dca,,,,,,,,,
2024-04-24 09:00:00+00:00,daily_eth_dca_buy,4.9164208456243852,0.0073746312684365781,3256.99818,3252.1199999999999,0.001509494501966343,0,3.010325217497551,daily_eth_dca,,,,,,,,,
2024-04-25 09:00:00+00:00,daily_eth_dca_buy,4.9164208456243852,0.0073746312684365781,3143.5382450000002,3138.8299999999999,0.0015639767874446155,0,3.0118891942849957,daily_eth_dca,,,,,,,,,
2024-04-26 09:00:00+00:00,daily_eth_dca_buy,4.9164208456243852,0.0073746312684365781,3147.4741400000003,3142.7600000000002,0.0015620210451115525,0,3.0134512153301074,daily_eth_dca,,,,,,,,,
2024-04-27 09:00:00+00:00,daily_eth_dca_buy,4.9164208456243852,0.0073746312684365781,3119.2318399999999,3114.5599999999999,0.0015761639717118254,0,3.0150273793018192,daily_eth_dca,,,,,,,,,
2024-04-28 09:00:00+00:00,daily_eth_dca_buy,4.9164208456243852,0.0073746312684365781,3316.3570850000001,3311.3899999999999,0.0014824763195319134,0,3.0165098556213512,daily_eth_dca,,,,,,,,,
2024-04-29 09:00:00+00:00,daily_eth_dca_buy,4.9164208456243852,0.0073746312684365781,3176.8681650000003,3172.1100000000001,0.0015475684196748481,0,3.0180574240410261,daily_eth_dca,,,,,,,,,
2024-04-30 09:00:00+00:00,daily_eth_dca_buy,4.9164208456243852,0.0073746312684365781,3071.9410100000005,3067.3400000000001,0.0016004281428647566,0,3.0196578521838906,daily_eth_dca,,,,,,,,,
2024-05-01 09:00:00+00:00,daily_eth_dca_buy,4.9164208456243852,0.0073746312684365781,2866.8838850000002,2862.5900000000001,0.0017149005829457879,0,3.0213727527668364,daily_eth_dca,,,,,,,,,
2024-05-02 09:00:00+00:00,daily_eth_dca_buy,4.9164208456243852,0.0073746312684365781,2946.2127000000005,2941.8000000000002,0.001668725698461752,0,3.0230414784652981,daily_eth_dca,,,,,,,,,
2024-05-03 09:00:00+00:00,daily_eth_dca_buy,4.9164208456243852,0.0073746312684365781,2976.5681650000001,2972.1100000000001,0.0016517077967285138,0,3.0246931862620268,daily_eth_dca,,,,,,,,,
2024-05-04 09:00:00+00:00,daily_eth_dca_buy,4.9164208456243852,0.0073746312684365781,3113.072615,3108.4099999999999,0.0015792824176137585,0,3.0262724686796405,daily_eth_dca,,,,,,,,,
2024-05-05 09:00:00+00:00,daily_eth_dca_buy,4.9164208456243852,0.0073746312684365781,3160.5236850000001,3155.79,0.0015555715873790026,0,3.0278280402670195,daily_eth_dca,,,,,,,,,
2024-05-06 09:00:00+00:00,daily_eth_dca_buy,4.9164208456243852,0.0073746312684365781,3202.4064150000004,3197.6100000000001,0.0015352270163449522,0,3.0293632672833644,daily_eth_dca,,,,,,,,,
2024-05-07 09:00:00+00:00,daily_eth_dca_buy,4.9164208456243852,0.0073746312684365781,3124.0690850000001,3119.3899999999999,0.0015737234714911514,0,3.0309369907548556,daily_eth_dca,,,,,,,,,
2024-05-08 09:00:00+00:00,daily_eth_dca_buy,4.9164208456243852,0.0073746312684365781,3005.7819200000004,3001.2800000000002,0.0016356545406409208,0,3.0325726452954966,daily_eth_dca,,,,,,,,,
2024-05-09 09:00:00+00:00,daily_eth_dca_buy,4.9164208456243852,0.0073746312684365781,2989.2772000000004,2984.8000000000002,0.0016446854930765151,0,3.0342173307885734,daily_eth_dca,,,,,,,,,
2024-05-10 09:00:00+00:00,daily_eth_dca_buy,4.9164208456243852,0.0073746312684365781,3041.5555000000004,3037,0.001616416614993343,0,3.0358337474035668,daily_eth_dca,,,,,,,,,
2024-05-11 09:00:00+00:00,daily_eth_dca_buy,4.9164208456243852,0.0073746312684365781,2914.9258400000003,2910.5599999999999,0.001686636681509669,0,3.0375203840850764,daily_eth_dca,,,,,,,,,
2024-05-12 09:00:00+00:00,daily_eth_dca_buy,4.9164208456243852,0.0073746312684365781,2920.163685,2915.79,0.001683611391675938,0,3.0392039954767522,daily_eth_dca,,,,,,,,,
2024-05-13 09:00:00+00:00,daily_eth_dca_buy,4.9164208456243852,0.0073746312684365781,2977.429455,2972.9699999999998,0.0016512300022317021,0,3.040855225478984,daily_eth_dca,,,,,,,,,
2024-05-14 09:00:00+00:00,daily_eth_dca_buy,4.9164208456243852,0.0073746312684365781,2918.43109,2914.0599999999999,0.0016846109070282639,0,3.0425398363860121,daily_eth_dca,,,,,,,,,
2024-05-15 09:00:00+00:00,daily_eth_dca_buy,4.9164208456243852,0.0073746312684365781,2909.5578,2905.1999999999998,0.0016897484716146161,0,3.0442295848576268,daily_eth_dca,,,,,,,,,
2024-05-16 09:00:00+00:00,daily_eth_dca_buy,4.9164208456243852,0.0073746312684365781,3013.6937699999999,3009.1799999999998,0.0016313604569134393,0,3.0458609453145402,daily_eth_dca,,,,,,,,,
2024-05-17 09:00:00+00:00,daily_eth_dca_buy,4.9164208456243852,0.0073746312684365781,3032.6822099999999,3028.1399999999999,0.0016211460697770853,0,3.0474820913843175,daily_eth_dca,,,,,,,,,
2024-05-18 09:00:00+00:00,daily_eth_dca_buy,4.9164208456243852,0.0073746312684365781,3121.77565,3117.0999999999999,0.0015748796187914354,0,3.0490569710031088,daily_eth_dca,,,,,,,,,
2024-05-19 09:00:00+00:00,daily_eth_dca_buy,4.9164208456243852,0.0073746312684365781,3112.2213400000001,3107.5599999999999,0.0015797143932007049,0,3.0506366853963094,daily_eth_dca,,,,,,,,,
2024-05-20 09:00:00+00:00,daily_eth_dca_buy,4.9164208456243852,0.0073746312684365781,3103.1577650000004,3098.5100000000002,0.0015843283577380038,0,3.0522210137540475,daily_eth_dca,,,,,,,,,
2024-05-21 09:00:00+00:00,daily_eth_dca_buy,4.9164208456243852,0.0073746312684365781,3664.0678700000003,3658.5799999999999,0.0013417930617165082,0,3.0535628068157639,daily_eth_dca,,,,,,,,,
2024-05-22 09:00:00+00:00,daily_eth_dca_buy,4.9164208456243852,0.0073746312684365781,3773.0811450000001,3767.4299999999998,0.0013030254735283159,0,3.0548658322892921,daily_eth_dca,,,,,,,,,
2024-05-23 09:00:00+00:00,daily_eth_dca_buy,4.9164208456243852,0.0073746312684365781,3817.5377300000005,3811.8200000000002,0.0012878512783223717,0,3.0561536835676146,daily_eth_dca,,,,,,,,,
2024-05-24 09:00:00+00:00,daily_eth_dca_buy,4.9164208456243852,0.0073746312684365781,3679.5110000000004,3674,0.0013361614751591679,0,3.0574898450427739,daily_eth_dca,,,,,,,,,
2024-05-25 09:00:00+00:00,daily_eth_dca_buy,4.9164208456243852,0.0073746312684365781,3748.4342300000003,3742.8200000000002,0.0013115931997089848,0,3.0588014382424831,daily_eth_dca,,,,,,,,,
2024-05-26 09:00:00+00:00,daily_eth_dca_buy,4.9164208456243852,0.0073746312684365781,3800.1416749999999,3794.4499999999998,0.0012937467247518832,0,3.0600951849672349,daily_eth_dca,,,,,,,,,
2024-05-27 09:00:00+00:00,daily_eth_dca_buy,4.9164208456243852,0.0073746312684365781,3917.3472200000001,3911.48,0.0012550383127958682,0,3.0613502232800309,daily_eth_dca,,,,,,,,,
2024-05-28 09:00:00+00:00,daily_eth_dca_buy,4.9164208456243852,0.0073746312684365781,3882.4149000000002,3876.5999999999999,0.0012663306143875517,0,3.0626165538944186,daily_eth_dca,,,,,,,,,
2024-05-29 09:00:00+00:00,daily_eth_dca_buy,4.9164208456243852,0.0073746312684365781,3806.7115150000004,3801.0100000000002,0.0012915139028139317,0,3.0639080677972323,daily_eth_dca,,,,,,,,,
2024-05-30 09:00:00+00:00,daily_eth_dca_buy,4.9164208456243852,0.0073746312684365781,3741.4037000000003,3735.8000000000002,0.0013140578349308803,0,3.0652221256321632,daily_eth_dca,,,,,,,,,
2024-05-31 09:00:00+00:00,daily_eth_dca_buy,4.9164208456243852,0.0073746312684365781,3740.8128150000002,3735.21,0.0013142653986615968,0,3.0665363910308248,daily_eth_dca,,,,,,,,,
2024-06-01 09:00:00+00:00,daily_eth_dca_buy,4.9164208456243852,0.0073746312684365781,3804.8086650000005,3799.1100000000001,0.0012921598110438451,0,3.0678285508418686,daily_eth_dca,,,,,,,,,
2024-06-02 09:00:00+00:00,daily_eth_dca_buy,4.9164208456243852,0.0073746312684365781,3799.8913000000002,3794.1999999999998,0.0012938319697788157,0,3.0691223828116474,daily_eth_dca,,,,,,,,,
2024-06-03 09:00:00+00:00,daily_eth_dca_buy,4.9164208456243852,0.0073746312684365781,3830.4871250000001,3824.75,0.0012834975514046101,0,3.0704058803630518,daily_eth_dca,,,,,,,,,
2024-06-04 09:00:00+00:00,daily_eth_dca_buy,4.9164208456243852,0.0073746312684365781,3766.7516650000002,3761.1100000000001,0.0013052150188999478,0,3.0717110953819518,daily_eth_dca,,,,,,,,,
2024-06-05 09:00:00+00:00,daily_eth_dca_buy,4.9164208456243852,0.0073746312684365781,3808.494185,3802.79,0.0012909093743632394,0,3.0730020047563151,daily_eth_dca,,,,,,,,,
2024-06-06 09:00:00+00:00,daily_eth_dca_buy,4.9164208456243852,0.0073746312684365781,3851.9392550000002,3846.1700000000001,0.0012763495268630306,0,3.074278354283178,daily_eth_dca,,,,,,,,,
2024-06-07 09:00:00+00:00,daily_eth_dca_buy,4.9164208456243852,0.0073746312684365781,3816.8767400000002,3811.1599999999999,0.001288074302767342,0,3.0755664285859452,daily_eth_dca,,,,,,,,,
2024-06-08 09:00:00+00:00,daily_eth_dca_buy,4.9164208456243852,0.0073746312684365781,3701.4839100000004,3695.9400000000001,0.0013282296952155019,0,3.0768946582811605,daily_eth_dca,,,,,,,,,
2024-06-09 09:00:00+00:00,daily_eth_dca_buy,4.9164208456243852,0.0073746312684365781,3692.6807250000002,3687.1500000000001,0.0013313961351544643,0,3.0782260544163149,daily_eth_dca,,,,,,,,,
2024-06-10 09:00:00+00:00,daily_eth_dca_buy,4.9164208456243852,0.0073746312684365781,3676.5265300000001,3671.02,0.0013372461222588771,0,3.0795633005385739,daily_eth_dca,,,,,,,,,
2024-06-11 09:00:00+00:00,daily_eth_dca_buy,4.9164208456243852,0.0073746312684365781,3539.7016000000003,3534.4000000000001,0.0013889365266338792,0,3.0809522370652078,daily_eth_dca,,,,,,,,,
2024-06-12 09:00:00+00:00,daily_eth_dca_buy,4.9164208456243852,0.0073746312684365781,3525.4803000000002,3520.1999999999998,0.0013945393045096252,0,3.0823467763697177,daily_eth_dca,,,,,,,,,
2024-06-13 09:00:00+00:00,daily_eth_dca_buy,4.9164208456243852,0.0073746312684365781,3508.9455350000003,3503.6900000000001,0.0014011106175873958,0,3.0837478869873052,daily_eth_dca,,,,,,,,,
2024-06-14 09:00:00+00:00,daily_eth_dca_buy,4.9164208456243852,0.0073746312684365781,3527.7937650000003,3522.5100000000002,0.0013936247902020952,0,3.0851415117775072,daily_eth_dca,,,,,,,,,
2024-06-15 09:00:00+00:00,daily_eth_dca_buy,4.9164208456243852,0.0073746312684365781,3539.8017500000001,3534.5,0.0013888972300848163,0,3.086530409007592,daily_eth_dca,,,,,,,,,
2024-06-16 09:00:00+00:00,daily_eth_dca_buy,4.9164208456243852,0.0073746312684365781,3558.83025,3553.5,0.0013814710172322451,0,3.0879118800248242,daily_eth_dca,,,,,,,,,
2024-06-17 09:00:00+00:00,daily_eth_dca_buy,4.9164208456243852,0.0073746312684365781,3549.7166000000002,3544.4000000000001,0.0013850178477978735,0,3.0892968978726221,daily_eth_dca,,,,,,,,,
2024-06-18 09:00:00+00:00,daily_eth_dca_buy,4.9164208456243852,0.0073746312684365781,3453.5826150000003,3448.4099999999999,0.0014235712284023021,0,3.0907204691010244,daily_eth_dca,,,,,,,,,
2024-06-19 09:00:00+00:00,daily_eth_dca_buy,4.9164208456243852,0.0073746312684365781,3536.5669050000001,3531.27,0.0013901676336657302,0,3.0921106367346902,daily_eth_dca,,,,,,,,,
2024-06-20 09:00:00+00:00,daily_eth_dca_buy,4.9164208456243852,0.0073746312684365781,3592.7210100000002,3587.3400000000001,0.0013684393616815755,0,3.0934790760963717,daily_eth_dca,,,,,,,,,
2024-06-21 09:00:00+00:00,daily_eth_dca_buy,4.9164208456243852,0.0073746312684365781,3464.5189949999999,3459.3299999999999,0.001419077468681734,0,3.0948981535650533,daily_eth_dca,,,,,,,,,
2024-06-22 09:00:00+00:00,daily_eth_dca_buy,4.9164208456243852,0.0073746312684365781,3489.8269,3484.5999999999999,0.0014087864488706832,0,3.0963069400139238,daily_eth_dca,,,,,,,,,
2024-06-23 09:00:00+00:00,daily_eth_dca_buy,4.9164208456243852,0.0073746312684365781,3511.5995100000005,3506.3400000000001,0.0014000516948541163,0,3.0977069917087778,daily_eth_dca,,,,,,,,,
2024-06-24 09:00:00+00:00,daily_eth_dca_buy,4.9164208456243852,0.0073746312684365781,3389.6668850000005,3384.5900000000001,0.0014504141593914719,0,3.0991574058681692,daily_eth_dca,,,,,,,,,
2024-06-25 09:00:00+00:00,daily_eth_dca_buy,4.9164208456243852,0.0073746312684365781,3359.4416150000002,3354.4099999999999,0.0014634636969645281,0,3.1006208695651338,daily_eth_dca,,,,,,,,,
2024-06-26 09:00:00+00:00,daily_eth_dca_buy,4.9164208456243852,0.0073746312684365781,3389.2763,3384.1999999999998,0.0014505813071729753,0,3.1020714508723066,daily_eth_dca,,,,,,,,,
2024-06-27 09:00:00+00:00,daily_eth_dca_buy,4.9164208456243852,0.0073746312684365781,3381.8551850000003,3376.79,0.0014537644507756724,0,3.1035252153230823,daily_eth_dca,,,,,,,,,
2024-06-28 09:00:00+00:00,daily_eth_dca_buy,4.9164208456243852,0.0073746312684365781,3444.1685150000003,3439.0100000000002,0.0014274623393752222,0,3.1049526776624576,daily_eth_dca,,,,,,,,,
2024-06-29 09:00:00+00:00,daily_eth_dca_buy,4.9164208456243852,0.0073746312684365781,3397.5386749999998,3392.4499999999998,0.0014470536808898534,0,3.1063997313433473,daily_eth_dca,,,,,,,,,
2024-06-30 09:00:00+00:00,daily_eth_dca_buy,4.9164208456243852,0.0073746312684365781,3400.1726200000003,3395.0799999999999,0.0014459327202112418,0,3.1078456640635586,daily_eth_dca,,,,,,,,,
2024-07-01 09:00:00+00:00,daily_eth_dca_buy,4.9164208456243852,0.0073746312684365781,3488.8354150000005,3483.6100000000001,0.0014091868090098439,0,3.1092548508725684,daily_eth_dca,,,,,,,,,
2024-07-02 09:00:00+00:00,daily_eth_dca_buy,4.9164208456243852,0.0073746312684365781,3446.8625499999998,3441.6999999999998,0.0014263466483815507,0,3.1106811975209498,daily_eth_dca,,,,,,,,,
2024-07-03 09:00:00+00:00,daily_eth_dca_buy,4.9164208456243852,0.0073746312684365781,3343.8082000000004,3338.8000000000002,0.0014703058762833301,0,3.1121515033972331,daily_eth_dca,,,,,,,,,
2024-07-04 09:00:00+00:00,daily_eth_dca_buy,4.9164208456243852,0.0073746312684365781,3173.5932600000001,3168.8400000000001,0.0015491653916684916,0,3.1137006687889017,daily_eth_dca,,,,,,,,,
2024-07-05 09:00:00+00:00,daily_eth_dca_buy,4.9164208456243852,0.0073746312684365781,2856.2279250000001,2851.9499999999998,0.001721298500932619,0,3.1154219672898344,daily_eth_dca,,,,,,,,,
2024-07-06 09:00:00+00:00,daily_eth_dca_buy,4.9164208456243852,0.0073746312684365781,3007.16399,3002.6599999999999,0.0016349028060901943,0,3.1170568700959245,daily_eth_dca,,,,,,,,,
2024-07-07 09:00:00+00:00,daily_eth_dca_buy,4.9164208456243852,0.0073746312684365781,3017.509485,3012.9899999999998,0.0016292975614704273,0,3.1186861676573949,daily_eth_dca,,,,,,,,,
2024-07-08 09:00:00+00:00,daily_eth_dca_buy,4.9164208456243852,0.0073746312684365781,3061.8358750000002,3057.25,0.0016057101184838605,0,3.1202918777758786,daily_eth_dca,,,,,,,,,
2024-07-09 09:00:00+00:00,daily_eth_dca_buy,4.9164208456243852,0.0073746312684365781,3088.4156849999999,3083.79,0.0015918909068823699,0,3.121883768682761,daily_eth_dca,,,,,,,,,
2024-07-10 09:00:00+00:00,daily_eth_dca_buy,4.9164208456243852,0.0073746312684365781,3092.15128,3087.52,0.0015899677604468256,0,3.1234737364432079,daily_eth_dca,,,,,,,,,
2024-07-11 09:00:00+00:00,daily_eth_dca_buy,4.9164208456243852,0.0073746312684365781,3127.534275,3122.8499999999999,0.0015719798452486617,0,3.1250457162884566,daily_eth_dca,,,,,,,,,
2024-07-12 09:00:00+00:00,daily_eth_dca_buy,4.9164208456243852,0.0073746312684365781,3085.7116350000001,3081.0900000000001,0.0015932859019810466,0,3.1266390021904376,daily_eth_dca,,,,,,,,,
2024-07-13 09:00:00+00:00,daily_eth_dca_buy,4.9164208456243852,0.0073746312684365781,3134.1041150000001,3129.4099999999999,0.0015686845954140821,0,3.1282076867858515,daily_eth_dca,,,,,,,,,
2024-07-14 09:00:00+00:00,daily_eth_dca_buy,4.9164208456243852,0.0073746312684365781,3215.2857049999998,3210.4699999999998,0.0015290774434069726,0,3.1297367642292584,daily_eth_dca,,,,,,,,,
2024-07-15 09:00:00+00:00,daily_eth_dca_buy,4.9164208456243852,0.0073746312684365781,3357.8191850000003,3352.79,0.0014641708128856213,0,3.1312009350421439,daily_eth_dca,,,,,,,,,
2024-07-16 09:00:00+00:00,daily_eth_dca_buy,4.9164208456243852,0.0073746312684365781,3379.892245,3374.8299999999999,0.0014546087535475217,0,3.1326555437956913,daily_eth_dca,,,,,,,,,
2024-07-17 09:00:00+00:00,daily_eth_dca_buy,4.9164208456243852,0.0073746312684365781,3486.031215,3480.8099999999999,0.0014103203736299261,0,3.1340658641693211,daily_eth_dca,,,,,,,,,
2024-07-18 09:00:00+00:00,daily_eth_dca_buy,4.9164208456243852,0.0073746312684365781,3464.0082300000004,3458.8200000000002,0.0014192867104199647,0,3.1354851508797412,daily_eth_dca,,,,,,,,,
2024-07-19 09:00:00+00:00,daily_eth_dca_buy,4.9164208456243852,0.0073746312684365781,3400.0324100000003,3394.9400000000001,0.0014459923473565902,0,3.1369311432270979,daily_eth_dca,,,,,,,,,
2024-07-20 09:00:00+00:00,daily_eth_dca_buy,4.9164208456243852,0.0073746312684365781,3491.0687600000006,3485.8400000000001,0.0014082853084865577,0,3.1383394285355846,daily_eth_dca,,,,,,,,,
2024-07-21 09:00:00+00:00,daily_eth_dca_buy,4.9164208456243852,0.0073746312684365781,3493.8328999999999,3488.5999999999999,0.0014071711459424363,0,3.1397465996815268,daily_eth_dca,,,,,,,,,
2024-07-22 09:00:00+00:00,daily_eth_dca_buy,4.9164208456243852,0.0073746312684365781,3480.4228150000004,3475.21,0.001412592982793783,0,3.1411591926643205,daily_eth_dca,,,,,,,,,
2024-07-23 09:00:00+00:00,daily_eth_dca_buy,4.9164208456243852,0.0073746312684365781,3526.7622200000001,3521.48,0.0013940324124330631,0,3.1425532250767536,daily_eth_dca,,,,,,,,,
2024-07-24 09:00:00+00:00,daily_eth_dca_buy,4.9164208456243852,0.0073746312684365781,3465.3602550000001,3460.1700000000001,0.0014187329696907329,0,3.1439719580464445,daily_eth_dca,,,,,,,,,
2024-07-25 09:00:00+00:00,daily_eth_dca_buy,4.9164208456243852,0.0073746312684365781,3181.5652000000005,3176.8000000000002,0.0015452837004957135,0,3.1455172417469401,daily_eth_dca,,,,,,,,,
2024-07-26 09:00:00+00:00,daily_eth_dca_buy,4.9164208456243852,0.0073746312684365781,3258.5705350000003,3253.6900000000001,0.0015087661269926706,0,3.1470260078739329,daily_eth_dca,,,,,,,,,
2024-07-27 09:00:00+00:00,daily_eth_dca_buy,4.9164208456243852,0.0073746312684365781,3272.902,3268,0.00150215950420281,0,3.1485281673781356,daily_eth_dca,,,,,,,,,
2024-07-28 09:00:00+00:00,daily_eth_dca_buy,4.9164208456243852,0.0073746312684365781,3233.4128550000005,3228.5700000000002,0.0015205051337696821,0,3.1500486725119052,daily_eth_dca,,,,,,,,,
2024-07-29 09:00:00+00:00,daily_eth_dca_buy,4.9164208456243852,0.0073746312684365781,3378.1296050000005,3373.0700000000002,0.0014553677391025927,0,3.1515040402510079,daily_eth_dca,,,,,,,,,
2024-07-30 09:00:00+00:00,daily_eth_dca_buy,4.9164208456243852,0.0073746312684365781,3341.6349450000002,3336.6300000000001,0.0014712620997038277,0,3.1529753023507117,daily_eth_dca,,,,,,,,,
2024-07-31 09:00:00+00:00,daily_eth_dca_buy,4.9164208456243852,0.0073746312684365781,3323.8783500000004,3318.9000000000001,0.0014791217752070814,0,3.1544544241259187,daily_eth_dca,,,,,,,,,
2024-08-01 09:00:00+00:00,daily_eth_dca_buy,4.9164208456243852,0.0073746312684365781,3189.0964800000002,3184.3200000000002,0.0015416344022380862,0,3.1559960585281566,daily_eth_dca,,,,,,,,,
2024-08-02 09:00:00+00:00,daily_eth_dca_buy,4.9164208456243852,0.0073746312684365781,3164.3994900000002,3159.6599999999999,0.0015536662994546193,0,3.1575497248276112,daily_eth_dca,,,,,,,,,
2024-08-03 09:00:00+00:00,daily_eth_dca_buy,4.9164208456243852,0.0073746312684365781,2987.1339899999998,2982.6599999999999,0.0016458655226324098,0,3.1591955903502438,daily_eth_dca,,,,,,,,,
2024-08-04 09:00:00+00:00,daily_eth_dca_buy,4.9164208456243852,0.0073746312684365781,2910.6294050000001,2906.27,0.0016891263577488611,0,3.1608847167079928,daily_eth_dca,,,,,,,,,
2024-08-05 09:00:00+00:00,daily_eth_dca_buy,4.9164208456243852,0.0073746312684365781,2328.9281600000004,2325.4400000000001,0.002111022971882647,0,3.1629957396798756,daily_eth_dca,,,,,,,,,
2024-08-06 09:00:00+00:00,daily_eth_dca_buy,4.9164208456243852,0.0073746312684365781,2464.2808850000001,2460.5900000000001,0.001995073238424436,0,3.1649908129183002,daily_eth_dca,,,,,,,,,
2024-08-07 09:00:00+00:00,daily_eth_dca_buy,4.9164208456243852,0.0073746312684365781,2528.3668700000003,2524.5799999999999,0.0019445045353028156,0,3.166935317453603,daily_eth_dca,,,,,,,,,
2024-08-08 09:00:00+00:00,daily_eth_dca_buy,4.9164208456243852,0.0073746312684365781,2431.0310850000001,2427.3899999999999,0.0020223603375373479,0,3.1689576777911403,daily_eth_dca,,,,,,,,,
2024-08-09 09:00:00+00:00,daily_eth_dca_buy,4.9164208456243852,0.0073746312684365781,2675.1967850000001,2671.1900000000001,0.0018377791395351071,0,3.1707954569306755,daily_eth_dca,,,,,,,,,
2024-08-10 09:00:00+00:00,daily_eth_dca_buy,4.9164208456243852,0.0073746312684365781,2633.7346849999999,2629.79,0.0018667107486661609,0,3.1726621676793418,daily_eth_dca,,,,,,,,,
2024-08-11 09:00:00+00:00,daily_eth_dca_buy,4.9164208456243852,0.0073746312684365781,2689.8086700000003,2685.7800000000002,0.0018277957463883052,0,3.1744899634257302,daily_eth_dca,,,,,,,,,
2024-08-12 09:00:00+00:00,daily_eth_dca_buy,4.9164208456243852,0.0073746312684365781,2567.1149049999999,2563.27,0.0019151541818594152,0,3.1764051176075898,daily_eth_dca,,,,,,,,,
2024-08-13 09:00:00+00:00,daily_eth_dca_buy,4.9164208456243852,0.0073746312684365781,2646.854335,2642.8899999999999,0.0018574580325835669,0,3.1782625756401734,daily_eth_dca,,,,,,,,,
2024-08-14 09:00:00+00:00,daily_eth_dca_buy,4.9164208456243852,0.0073746312684365781,2730.0889999999999,2726,0.0018008280483253055,0,3.1800634036884987,daily_eth_dca,,,,,,,,,
2024-08-15 09:00:00+00:00,daily_eth_dca_buy,4.9164208456243852,0.0073746312684365781,2625.7226850000002,2621.79,0.0018724067372805535,0,3.1819358104257791,daily_eth_dca,,,,,,,,,
2024-08-16 09:00:00+00:00,daily_eth_dca_buy,4.9164208456243852,0.0073746312684365781,2621.9270000000001,2618,0.0018751173642990004,0,3.1838109277900779,daily_eth_dca,,,,,,,,,
2024-08-17 09:00:00+00:00,daily_eth_dca_buy,4.9164208456243852,0.0073746312684365781,2605.3121150000002,2601.4099999999999,0.0018870755704540163,0,3.1856980033605318,daily_eth_dca,,,,,,,,,
2024-08-18 09:00:00+00:00,daily_eth_dca_buy,4.9164208456243852,0.0073746312684365781,2621.4162350000001,2617.4899999999998,0.0018754827180752487,0,3.1875734860786071,daily_eth_dca,,,,,,,,,
2024-08-19 09:00:00+00:00,daily_eth_dca_buy,4.9164208456243852,0.0073746312684365781,2619.1828900000005,2615.2600000000002,0.0018770819190959147,0,3.189450567997703,daily_eth_dca,,,,,,,,,
2024-08-20 09:00:00+00:00,daily_eth_dca_buy,4.9164208456243852,0.0073746312684365781,2665.1918000000001,2661.1999999999998,0.001844678062428522,0,3.1912952460601316,daily_eth_dca,,,,,,,,,
2024-08-21 09:00:00+00:00,daily_eth_dca_buy,4.9164208456243852,0.0073746312684365781,2588.7272750000002,2584.8499999999999,0.0018991652357911611,0,3.1931944112959227,daily_eth_dca,,,,,,,,,
2024-08-22 09:00:00+00:00,daily_eth_dca_buy,4.9164208456243852,0.0073746312684365781,2638.1613150000003,2634.21,0.0018635785528620659,0,3.195057989848785,daily_eth_dca,,,,,,,,,
2024-08-23 09:00:00+00:00,daily_eth_dca_buy,4.9164208456243852,0.0073746312684365781,2678.6118999999999,2674.5999999999999,0.0018354360501513436,0,3.1968934258989363,daily_eth_dca,,,,,,,,,
2024-08-24 09:00:00+00:00,daily_eth_dca_buy,4.9164208456243852,0.0073746312684365781,2780.1740150000005,2776.0100000000002,0.0017683860143640629,0,3.1986618119133006,daily_eth_dca,,,,,,,,,
2024-08-25 09:00:00+00:00,daily_eth_dca_buy,4.9164208456243852,0.0073746312684365781,2755.517085,2751.3899999999999,0.0017842098938117763,0,3.2004460218071125,daily_eth_dca,,,,,,,,,
2024-08-26 09:00:00+00:00,daily_eth_dca_buy,4.9164208456243852,0.0073746312684365781,2740.5046000000002,2736.4000000000001,0.0017939837961316995,0,3.2022400056032443,daily_eth_dca,,,,,,,,,
2024-08-27 09:00:00+00:00,daily_eth_dca_buy,4.9164208456243852,0.0073746312684365781,2689.0775750000003,2685.0500000000002,0.0018282926797395886,0,3.204068298282984,daily_eth_dca,,,,,,,,,
2024-08-28 09:00:00+00:00,daily_eth_dca_buy,4.9164208456243852,0.0073746312684365781,2466.924845,2463.23,0.0019929349917526106,0,3.2060612332747365,daily_eth_dca,,,,,,,,,
2024-08-29 09:00:00+00:00,daily_eth_dca_buy,4.9164208456243852,0.0073746312684365781,2548.6973200000002,2544.8800000000001,0.001928993610596485,0,3.2079902268853329,daily_eth_dca,,,,,,,,,
2024-08-30 09:00:00+00:00,daily_eth_dca_buy,4.9164208456243852,0.0073746312684365781,2525.9131950000001,2522.1300000000001,0.0019463934292581202,0,3.2099366203145911,daily_eth_dca,,,,,,,,,
2024-08-31 09:00:00+00:00,daily_eth_dca_buy,4.9164208456243852,0.0073746312684365781,2516.9998450000003,2513.23,0.0019532861137797905,0,3.2118899064283708,daily_eth_dca,,,,,,,,,
2024-09-01 09:00:00+00:00,daily_eth_dca_buy,4.9164208456243852,0.0073746312684365781,2483.4295650000004,2479.71,0.001979690068489776,0,3.2138695964968607,daily_eth_dca,,,,,,,,,
2024-09-02 09:00:00+00:00,daily_eth_dca_buy,4.9164208456243852,0.0073746312684365781,2472.5032000000001,2468.8000000000002,0.0019884386178446139,0,3.2158580351147052,daily_eth_dca,,,,,,,,,
2024-09-03 09:00:00+00:00,daily_eth_dca_buy,4.9164208456243852,0.0073746312684365781,2503.8201050000002,2500.0700000000002,0.0019635679239920411,0,3.2178216030386975,daily_eth_dca,,,,,,,,,
2024-09-04 09:00:00+00:00,daily_eth_dca_buy,4.9164208456243852,0.0073746312684365781,2405.012115,2401.4099999999999,0.0020442395341631722,0,3.2198658425728608,daily_eth_dca,,,,,,,,,
2024-09-05 09:00:00+00:00,daily_eth_dca_buy,4.9164208456243852,0.0073746312684365781,2410.480305,2406.8699999999999,0.0020396021636959133,0,3.2219054447365565,daily_eth_dca,,,,,,,,,
2024-09-06 09:00:00+00:00,daily_eth_dca_buy,4.9164208456243852,0.0073746312684365781,2353.6752250000004,2350.1500000000001,0.0020888272066611844,0,3.2239942719432175,daily_eth_dca,,,,,,,,,
2024-09-07 09:00:00+00:00,daily_eth_dca_buy,4.9164208456243852,0.0073746312684365781,2299.58421,2296.1399999999999,0.002137960777537425,0,3.2261322327207549,daily_eth_dca,,,,,,,,,
2024-09-08 09:00:00+00:00,daily_eth_dca_buy,4.9164208456243852,0.0073746312684365781,2300.2051400000005,2296.7600000000002,0.0021373836446710939,0,3.2282696163654259,daily_eth_dca,,,,,,,,,
2024-09-09 09:00:00+00:00,daily_eth_dca_buy,4.9164208456243852,0.0073746312684365781,2329.9096300000001,2326.4200000000001,0.0021101337074710424,0,3.2303797500728968,daily_eth_dca,,,,,,,,,
2024-09-10 09:00:00+00:00,daily_eth_dca_buy,4.9164208456243852,0.0073746312684365781,2358.3322000000003,2354.8000000000002,0.0020847024204751073,0,3.2324644524933719,daily_eth_dca,,,,,,,,,
2024-09-11 09:00:00+00:00,daily_eth_dca_buy,4.9164208456243852,0.0073746312684365781,2326.20408,2322.7199999999998,0.002113495066015182,0,3.2345779475593872,daily_eth_dca,,,,,,,,,
2024-09-12 09:00:00+00:00,daily_eth_dca_buy,4.9164208456243852,0.0073746312684365781,2362.7488150000004,2359.21,0.0020808055492028189,0,3.23665875310859,daily_eth_dca,,,,,,,,,
2024-09-13 09:00:00+00:00,daily_eth_dca_buy,4.9164208456243852,0.0073746312684365781,2346.3642749999999,2342.8499999999999,0.0020953357063980978,0,3.2387540888149879,daily_eth_dca,,,,,,,,,
2024-09-14 09:00:00+00:00,daily_eth_dca_buy,4.9164208456243852,0.0073746312684365781,2419.1633099999999,2415.54,0.0020322815021629878,0,3.2407863703171511,daily_eth_dca,,,,,,,,,
2024-09-15 09:00:00+00:00,daily_eth_dca_buy,4.9164208456243852,0.0073746312684365781,2419.0231000000003,2415.4000000000001,0.002032399296073024,0,3.242818769613224,daily_eth_dca,,,,,,,,,
2024-09-16 09:00:00+00:00,daily_eth_dca_buy,4.9164208456243852,0.0073746312684365781,2319.3538200000003,2315.8800000000001,0.0021197373178812296,0,3.2449385069311054,daily_eth_dca,,,,,,,,,
2024-09-17 09:00:00+00:00,daily_eth_dca_buy,4.9164208456243852,0.0073746312684365781,2313.2346550000002,2309.77,0.0021253446272723182,0,3.2470638515583778,daily_eth_dca,,,,,,,,,
2024-09-18 09:00:00+00:00,daily_eth_dca_buy,4.9164208456243852,0.0073746312684365781,2324.5816500000001,2321.0999999999999,0.002114970169202009,0,3.2491788217275799,daily_eth_dca,,,,,,,,,
2024-09-19 09:00:00+00:00,daily_eth_dca_buy,4.9164208456243852,0.0073746312684365781,2435.0471000000002,2431.4000000000001,0.0020190249484802101,0,3.2511978466760603,daily_eth_dca,,,,,,,,,
2024-09-20 09:00:00+00:00,daily_eth_dca_buy,4.9164208456243852,0.0073746312684365781,2549.6287150000003,2545.8099999999999,0.0019282889374049054,0,3.2531261356134653,daily_eth_dca,,,,,,,,,
2024-09-21 09:00:00+00:00,daily_eth_dca_buy,4.9164208456243852,0.0073746312684365781,2553.1840400000001,2549.3600000000001,0.0019256037828061878,0,3.2550517393962717,daily_eth_dca,,,,,,,,,
2024-09-22 09:00:00+00:00,daily_eth_dca_buy,4.9164208456243852,0.0073746312684365781,2598.9025150000002,2595.0100000000002,0.0018917296117297361,0,3.2569434690080015,daily_eth_dca,,,,,,,,,
2024-09-23 09:00:00+00:00,daily_eth_dca_buy,4.9164208456243852,0.0073746312684365781,2650.0391050000003,2646.0700000000002,0.0018552257724605858,0,3.2587986947804621,daily_eth_dca,,,,,,,,,
2024-09-24 09:00:00+00:00,daily_eth_dca_buy,4.9164208456243852,0.0073746312684365781,2665.1918000000001,2661.1999999999998,0.001844678062428522,0,3.2606433728428907,daily_eth_dca,,,,,,,,,
2024-09-25 09:00:00+00:00,daily_eth_dca_buy,4.9164208456243852,0.0073746312684365781,2629.1878750000001,2625.25,0.0018699389619025932,0,3.2625133118047933,daily_eth_dca,,,,,,,,,
2024-09-26 09:00:00+00:00,daily_eth_dca_buy,4.9164208456243852,0.0073746312684365781,2624.0802250000002,2620.1500000000001,0.0018735787110412696,0,3.2643868905158344,daily_eth_dca,,,,,,,,,
2024-09-27 09:00:00+00:00,daily_eth_dca_buy,4.9164208456243852,0.0073746312684365781,2671.0005000000001,2667,0.0018406663891019058,0,3.2662275569049362,daily_eth_dca,,,,,,,,,
2024-09-28 09:00:00+00:00,daily_eth_dca_buy,4.9164208456243852,0.0073746312684365781,2669.9990000000003,2666,0.0018413568116034443,0,3.2680689137165397,daily_eth_dca,,,,,,,,,
2024-09-29 09:00:00+00:00,daily_eth_dca_buy,4.9164208456243852,0.0073746312684365781,2651.4612349999998,2647.4899999999998,0.0018542307089865432,0,3.2699231444255261,daily_eth_dca,,,,,,,,,
2024-09-30 09:00:00+00:00,daily_eth_dca_buy,4.9164208456243852,0.0073746312684365781,2645.2519350000002,2641.29,0.0018585832149195214,0,3.2717817276404455,daily_eth_dca,,,,,,,,,
2024-10-01 09:00:00+00:00,daily_eth_dca_buy,4.9164208456243852,0.0073746312684365781,2644.951485,2640.9899999999998,0.0018587943383862806,0,3.2736405219788316,daily_eth_dca,,,,,,,,,
2024-10-02 09:00:00+00:00,daily_eth_dca_buy,4.9164208456243852,0.0073746312684365781,2484.5011700000005,2480.7800000000002,0.0019788361965731673,0,3.2756193581754047,daily_eth_dca,,,,,,,,,
2024-10-03 09:00:00+00:00,daily_eth_dca_buy,4.9164208456243852,0.0073746312684365781,2341.0162650000002,2337.5100000000002,0.0021001224635337529,0,3.2777194806389387,daily_eth_dca,,,,,,,,,
2024-10-04 09:00:00+00:00,daily_eth_dca_buy,4.9164208456243852,0.0073746312684365781,2385.0822650000005,2381.5100000000002,0.0020613212876430423,0,3.2797808019265817,daily_eth_dca,,,,,,,,,
2024-10-05 09:00:00+00:00,daily_eth_dca_buy,4.9164208456243852,0.0073746312684365781,2423.2995050000004,2419.6700000000001,0.0020288127140208304,0,3.2818096146406024,daily_eth_dca,,,,,,,,,
2024-10-06 09:00:00+00:00,daily_eth_dca_buy,4.9164208456243852,0.0073746312684365781,2424.6114700000003,2420.98,0.0020277149169901374,0,3.2838373295575924,daily_eth_dca,,,,,,,,,
2024-10-07 09:00:00+00:00,daily_eth_dca_buy,4.9164208456243852,0.0073746312684365781,2486.3238999999999,2482.5999999999999,0.0019773855070227921,0,3.2858147150646153,daily_eth_dca,,,,,,,,,
2024-10-08 09:00:00+00:00,daily_eth_dca_buy,4.9164208456243852,0.0073746312684365781,2430.3200200000001,2426.6799999999998,0.0020229520413630074,0,3.2878376671059781,daily_eth_dca,,,,,,,,,
2024-10-09 09:00:00+00:00,daily_eth_dca_buy,4.9164208456243852,0.0073746312684365781,2434.6465000000003,2431,0.0020193571615527693,0,3.2898570242675307,daily_eth_dca,,,,,,,,,
2024-10-10 09:00:00+00:00,daily_eth_dca_buy,4.9164208456243852,0.0073746312684365781,2385.5730000000003,2382,0.0020608972542967181,0,3.2919179215218275,daily_eth_dca,,,,,,,,,
2024-10-11 09:00:00+00:00,daily_eth_dca_buy,4.9164208456243852,0.0073746312684365781,2406.7046500000001,2403.0999999999999,0.0020428019057612181,0,3.2939607234275887,daily_eth_dca,,,,,,,,,
2024-10-12 09:00:00+00:00,daily_eth_dca_buy,4.9164208456243852,0.0073746312684365781,2449.4687000000004,2445.8000000000002,0.0020071376481048254,0,3.2959678610756935,daily_eth_dca,,,,,,,,,
2024-10-13 09:00:00+00:00,daily_eth_dca_buy,4.9164208456243852,0.0073746312684365781,2466.8246950000002,2463.1300000000001,0.0019930159024228451,0,3.2979608769781161,daily_eth_dca,,,,,,,,,
2024-10-14 09:00:00+00:00,daily_eth_dca_buy,4.9164208456243852,0.0073746312684365781,2528.3668700000003,2524.5799999999999,0.0019445045353028156,0,3.2999053815134189,daily_eth_dca,,,,,,,,,
2024-10-15 09:00:00+00:00,daily_eth_dca_buy,4.9164208456243852,0.0073746312684365781,2621.2960550000003,2617.3699999999999,0.0018755687043615472,0,3.3017809502177804,daily_eth_dca,,,,,,,,,
2024-10-16 09:00:00+00:00,daily_eth_dca_buy,4.9164208456243852,0.0073746312684365781,2612.9735900000001,2609.0599999999999,0.0018815424941299866,0,3.3036624927119105,daily_eth_dca,,,,,,,,,
2024-10-17 09:00:00+00:00,daily_eth_dca_buy,4.9164208456243852,0.0073746312684365781,2630.750215,2626.8099999999999,0.0018688284496156109,0,3.305531321161526,daily_eth_dca,,,,,,,,,
2024-10-18 09:00:00+00:00,daily_eth_dca_buy,4.9164208456243852,0.0073746312684365781,2642.2574500000005,2638.3000000000002,0.0018606895575691855,0,3.3073920107190951,daily_eth_dca,,,,,,,,,
2024-10-19 09:00:00+00:00,daily_eth_dca_buy,4.9164208456243852,0.0073746312684365781,2649.658535,2645.6900000000001,0.0018554922382194373,0,3.3092475029573145,daily_eth_dca,,,,,,,,,
2024-10-20 09:00:00+00:00,daily_eth_dca_buy,4.9164208456243852,0.0073746312684365781,2650.399645,2646.4299999999998,0.0018549734018034798,0,3.3111024763591179,daily_eth_dca,,,,,,,,,
2024-10-21 09:00:00+00:00,daily_eth_dca_buy,4.9164208456243852,0.0073746312684365781,2719.4731000000002,2715.4000000000001,0.0018078578698294111,0,3.3129103342289472,daily_eth_dca,,,,,,,,,
2024-10-22 09:00:00+00:00,daily_eth_dca_buy,4.9164208456243852,0.0073746312684365781,2633.9750450000001,2630.0300000000002,0.0018665404043812363,0,3.3147768746333286,daily_eth_dca,,,,,,,,,
2024-10-23 09:00:00+00:00,daily_eth_dca_buy,4.9164208456243852,0.0073746312684365781,2580.4548850000001,2576.5900000000001,0.0019052535559537151,0,3.3166821281892824,daily_eth_dca,,,,,,,,,
2024-10-24 09:00:00+00:00,daily_eth_dca_buy,4.9164208456243852,0.0073746312684365781,2523.1791000000003,2519.4000000000001,0.0019485025243053038,0,3.3186306307135878,daily_eth_dca,,,,,,,,,
2024-10-25 09:00:00+00:00,daily_eth_dca_buy,4.9164208456243852,0.0073746312684365781,2521.2662350000001,2517.4899999999998,0.0019499808379516038,0,3.3205806115515393,daily_eth_dca,,,,,,,,,
2024-10-26 09:00:00+00:00,daily_eth_dca_buy,4.9164208456243852,0.0073746312684365781,2474.9067999999997,2471.1999999999998,0.0019865074699477112,0,3.3225671190214872,daily_eth_dca,,,,,,,,,
2024-10-27 09:00:00+00:00,daily_eth_dca_buy,4.9164208456243852,0.0073746312684365781,2479.3935200000001,2475.6799999999998,0.0019829126784296769,0,3.3245500316999168,daily_eth_dca,,,,,,,,,
2024-10-28 09:00:00+00:00,daily_eth_dca_buy,4.9164208456243852,0.0073746312684365781,2516.7695000000003,2513,0.0019534648864841953,0,3.3265034965864011,daily_eth_dca,,,,,,,,,
2024-10-29 09:00:00+00:00,daily_eth_dca_buy,4.9164208456243852,0.0073746312684365781,2625.7527300000002,2621.8200000000002,0.0018723853123916907,0,3.328375881898793,daily_eth_dca,,,,,,,,,
2024-10-30 09:00:00+00:00,daily_eth_dca_buy,4.9164208456243852,0.0073746312684365781,2666.9344100000003,2662.9400000000001,0.0018434727255344778,0,3.3302193546243273,daily_eth_dca,,,,,,,,,
2024-10-31 09:00:00+00:00,daily_eth_dca_buy,4.9164208456243852,0.0073746312684365781,2640.5549000000001,2636.5999999999999,0.0018618892739644933,0,3.3320812438982919,daily_eth_dca,,,,,,,,,
2024-11-01 09:00:00+00:00,daily_eth_dca_buy,4.9164208456243852,0.0073746312684365781,2504.7815450000003,2501.0300000000002,0.0019628142244334464,0,3.3340440581227253,daily_eth_dca,,,,,,,,,
2024-11-02 09:00:00+00:00,daily_eth_dca_buy,4.9164208456243852,0.0073746312684365781,2499.7339849999998,2495.9899999999998,0.0019667776151886759,0,3.3360108357379139,daily_eth_dca,,,,,,,,,
2024-11-03 09:00:00+00:00,daily_eth_dca_buy,4.9164208456243852,0.0073746312684365781,2462.7385750000003,2459.0500000000002,0.0019963226692156655,0,3.3380071584071294,daily_eth_dca,,,,,,,,,
2024-11-04 09:00:00+00:00,daily_eth_dca_buy,4.9164208456243852,0.0073746312684365781,2461.6068800000003,2457.9200000000001,0.0019972404552364531,0,3.3400043988623658,daily_eth_dca,,,,,,,,,
2024-11-05 09:00:00+00:00,daily_eth_dca_buy,4.9164208456243852,0.0073746312684365781,2446.1637500000002,2442.5,0.002009849441037782,0,3.3420142483034034,daily_eth_dca,,,,,,,,,
2024-11-06 09:00:00+00:00,daily_eth_dca_buy,4.9164208456243852,0.0073746312684365781,2609.6986850000003,2605.79,0.0018839036375666428,0,3.3438981519409703,daily_eth_dca,,,,,,,,,
2024-11-07 09:00:00+00:00,daily_eth_dca_buy,4.9164208456243852,0.0073746312684365781,2825.5219350000002,2821.29,0.0017400044872149913,0,3.3456381564281852,daily_eth_dca,,,,,,,,,
2024-11-08 09:00:00+00:00,daily_eth_dca_buy,4.9164208456243852,0.0073746312684365781,2903.5287699999999,2899.1799999999998,0.0016932571484815648,0,3.3473314135766667,daily_eth_dca,,,,,,,,,
2024-11-09 09:00:00+00:00,daily_eth_dca_buy,4.9164208456243852,0.0073746312684365781,3030.1484150000001,3025.6100000000001,0.0016225016640395765,0,3.3489539152407062,daily_eth_dca,,,,,,,,,
2024-11-10 09:00:00+00:00,daily_eth_dca_buy,4.9164208456243852,0.0073746312684365781,3187.3739,3182.5999999999999,0.0015424675610302215,0,3.3504963828017362,daily_eth_dca,,,,,,,,,
2024-11-11 09:00:00+00:00,daily_eth_dca_buy,4.9164208456243852,0.0073746312684365781,3153.9939050000003,3149.27,0.0015587921199944059,0,3.3520551749217304,daily_eth_dca,,,,,,,,,
2024-11-12 09:00:00+00:00,daily_eth_dca_buy,4.9164208456243852,0.0073746312684365781,3425.7709600000003,3420.6399999999999,0.0014351282975509794,0,3.3534903032192815,daily_eth_dca,,,,,,,,,
2024-11-13 09:00:00+00:00,daily_eth_dca_buy,4.9164208456243852,0.0073746312684365781,3163.47811,3158.7399999999998,0.0015541188131137046,0,3.3550444220323952,daily_eth_dca,,,,,,,,,
2024-11-14 09:00:00+00:00,daily_eth_dca_buy,4.9164208456243852,0.0073746312684365781,3207.534095,3202.73,0.0015327727469174057,0,3.3565771947793124,daily_eth_dca,,,,,,,,,
2024-11-15 09:00:00+00:00,daily_eth_dca_buy,4.9164208456243852,0.0073746312684365781,3074.5549249999999,3069.9499999999998,0.0015990674961269022,0,3.3581762622754394,daily_eth_dca,,,,,,,,,
2024-11-16 09:00:00+00:00,daily_eth_dca_buy,4.9164208456243852,0.0073746312684365781,3125.0605700000001,3120.3800000000001,0.0015732241777395007,0,3.3597494864531789,daily_eth_dca,,,,,,,,,
2024-11-17 09:00:00+00:00,daily_eth_dca_buy,4.9164208456243852,0.0073746312684365781,3150.0580100000002,3145.3400000000001,0.0015607397800348397,0,3.361310226233214,daily_eth_dca,,,,,,,,,
2024-11-18 09:00:00+00:00,daily_eth_dca_buy,4.9164208456243852,0.0073746312684365781,3126.1922650000006,3121.5100000000002,0.0015726546638437108,0,3.3628828808970579,daily_eth_dca,,,,,,,,,
2024-11-19 09:00:00+00:00,daily_eth_dca_buy,4.9164208456243852,0.0073746312684365781,3124.3194600000002,3119.6399999999999,0.0015735973573023756,0,3.3644564782543602,daily_eth_dca,,,,,,,,,
2024-11-20 09:00:00+00:00,daily_eth_dca_buy,4.9164208456243852,0.0073746312684365781,3128.1351749999999,3123.4499999999998,0.0015716778753412999,0,3.3660281561297016,daily_eth_dca,,,,,,,,,
2024-11-21 09:00:00+00:00,daily_eth_dca_buy,4.9164208456243852,0.0073746312684365781,3145.901785,3141.1900000000001,0.0015628017597581754,0,3.3675909578894596,daily_eth_dca,,,,,,,,,
2024-11-22 09:00:00+00:00,daily_eth_dca_buy,4.9164208456243852,0.0073746312684365781,3377.0680150000003,3372.0100000000002,0.0014558252376875461,0,3.3690467831271471,daily_eth_dca,,,,,,,,,
2024-11-23 09:00:00+00:00,daily_eth_dca_buy,4.9164208456243852,0.0073746312684365781,3374.3339200000005,3369.2800000000002,0.0014570048377501373,0,3.3705037879648971,daily_eth_dca,,,,,,,,,
2024-11-24 09:00:00+00:00,daily_eth_dca_buy,4.9164208456243852,0.0073746312684365781,3399.0910000000003,3394,0.0014463928284427763,0,3.3719501807933399,daily_eth_dca,,,,,,,,,
2024-11-25 09:00:00+00:00,daily_eth_dca_buy,4.9164208456243852,0.0073746312684365781,3418.1195000000002,3413,0.001438340832034803,0,3.3733885216253747,daily_eth_dca,,,,,,,,,
2024-11-26 09:00:00+00:00,daily_eth_dca_buy,4.9164208456243852,0.0073746312684365781,3378.2698150000001,3373.21,0.0014553073362567948,0,3.3748438289616316,daily_eth_dca,,,,,,,,,
2024-11-27 09:00:00+00:00,daily_eth_dca_buy,4.9164208456243852,0.0073746312684365781,3427.1129700000001,3421.98,0.0014345663211751041,0,3.3762783952828066,daily_eth_dca,,,,,,,,,
2024-11-28 09:00:00+00:00,daily_eth_dca_buy,4.9164208456243852,0.0073746312684365781,3634.5837099999999,3629.1399999999999,0.0013526778409581287,0,3.3776310731237649,daily_eth_dca,,,,,,,,,
2024-11-29 09:00:00+00:00,daily_eth_dca_buy,4.9164208456243852,0.0073746312684365781,3574.2333200000003,3568.8800000000001,0.0013755176020865882,0,3.3790065907258513,daily_eth_dca,,,,,,,,,
2024-11-30 09:00:00+00:00,daily_eth_dca_buy,4.9164208456243852,0.0073746312684365781,3699.1604299999999,3693.6199999999999,0.0013290639696922756,0,3.3803356546955436,daily_eth_dca,,,,,,,,,
2024-12-01 09:00:00+00:00,daily_eth_dca_buy,4.9164208456243852,0.0073746312684365781,3713.1714150000003,3707.6100000000001,0.0013240489856632123,0,3.3816597036812071,daily_eth_dca,,,,,,,,,
2024-12-02 09:00:00+00:00,daily_eth_dca_buy,4.9164208456243852,0.0073746312684365781,3607.9037500000004,3602.5,0.0013626807105440062,0,3.3830223843917508,daily_eth_dca,,,,,,,,,
2024-12-03 09:00:00+00:00,daily_eth_dca_buy,4.9164208456243852,0.0073746312684365781,3619.2407300000004,3613.8200000000002,0.0013584122230035759,0,3.3843807966147543,daily_eth_dca,,,,,,,,,
2024-12-04 09:00:00+00:00,daily_eth_dca_buy,4.9164208456243852,0.0073746312684365781,3708.2440350000002,3702.6900000000001,0.0013258083338693713,0,3.3857066049486235,daily_eth_dca,,,,,,,,,
2024-12-05 09:00:00+00:00,daily_eth_dca_buy,4.9164208456243852,0.0073746312684365781,3913.1609500000004,3907.3000000000002,0.0012563809432945467,0,3.3869629858919179,daily_eth_dca,,,,,,,,,
2024-12-06 09:00:00+00:00,daily_eth_dca_buy,4.9164208456243852,0.0073746312684365781,3885.1990700000001,3879.3800000000001,0.0012654231500226281,0,3.3882284090419406,daily_eth_dca,,,,,,,,,
2024-12-07 09:00:00+00:00,daily_eth_dca_buy,4.9164208456243852,0.0073746312684365781,3985.1788150000002,3979.21,0.0012336763477511321,0,3.3894620853896917,daily_eth_dca,,,,,,,,,
2024-12-08 09:00:00+00:00,daily_eth_dca_buy,4.9164208456243852,0.0073746312684365781,3945.8899700000002,3939.98,0.001245959943891792,0,3.3907080453335836,daily_eth_dca,,,,,,,,,
2024-12-09 09:00:00+00:00,daily_eth_dca_buy,4.9164208456243852,0.0073746312684365781,3872.6102150000002,3866.8099999999999,0.001269536713656679,0,3.3919775820472404,daily_eth_dca,,,,,,,,,
2024-12-10 09:00:00+00:00,daily_eth_dca_buy,4.9164208456243852,0.0073746312684365781,3748.7547100000002,3743.1399999999999,0.0013114810719702663,0,3.3932890631192105,daily_eth_dca,,,,,,,,,
2024-12-11 09:00:00+00:00,daily_eth_dca_buy,4.9164208456243852,0.0073746312684365781,3702.04475,3696.5,0.0013280284755132648,0,3.3946170915947236,daily_eth_dca,,,,,,,,,
2024-12-12 09:00:00+00:00,daily_eth_dca_buy,4.9164208456243852,0.0073746312684365781,3917.8579850000001,3911.9899999999998,0.001254874695419667,0,3.3958719662901431,daily_eth_dca,,,,,,,,,
2024-12-13 09:00:00+00:00,daily_eth_dca_buy,4.9164208456243852,0.0073746312684365781,3904.1574650000002,3898.3099999999999,0.0012592783179723476,0,3.3971312446081154,daily_eth_dca,,,,,,,,,
2024-12-14 09:00:00+00:00,daily_eth_dca_buy,4.9164208456243852,0.0073746312684365781,3931.638625,3925.75,0.0012504762808978624,0,3.3983817208890135,daily_eth_dca,,,,,,,,,
2024-12-15 09:00:00+00:00,daily_eth_dca_buy,4.9164208456243852,0.0073746312684365781,3868.2036149999999,3862.4099999999999,0.0012709829509903877,0,3.3996527038400037,daily_eth_dca,,,,,,,,,
2024-12-16 09:00:00+00:00,daily_eth_dca_buy,4.9164208456243852,0.0073746312684365781,3957.7677600000002,3951.8400000000001,0.0012422206515787034,0,3.4008949244915825,daily_eth_dca,,,,,,,,,
2024-12-17 09:00:00+00:00,daily_eth_dca_buy,4.9164208456243852,0.0073746312684365781,4016.6259150000005,4010.6100000000001,0.0012240176082278713,0,3.4021189420998104,daily_eth_dca,,,,,,,,,
2024-12-18 09:00:00+00:00,daily_eth_dca_buy,4.9164208456243852,0.0073746312684365781,3848.38393,3842.6199999999999,0.001277528680883039,0,3.4033964707806934,daily_eth_dca,,,,,,,,,
2024-12-19 09:00:00+00:00,daily_eth_dca_buy,4.9164208456243852,0.0073746312684365781,3674.74386,3669.2399999999998,0.0013378948391859849,0,3.4047343656198792,daily_eth_dca,,,,,,,,,
2024-12-20 09:00:00+00:00,daily_eth_dca_buy,4.9164208456243852,0.0073746312684365781,3295.2254350000003,3290.29,0.0014919831564192769,0,3.4062263487762983,daily_eth_dca,,,,,,,,,
2024-12-21 09:00:00+00:00,daily_eth_dca_buy,4.9164208456243852,0.0073746312684365781,3489.7267500000003,3484.5,0.0014088268789596162,0,3.4076351756552579,daily_eth_dca,,,,,,,,,
2024-12-22 09:00:00+00:00,daily_eth_dca_buy,4.9164208456243852,0.0073746312684365781,3362.4260850000001,3357.3899999999999,0.0014621647350277396,0,3.4090973403902858,daily_eth_dca,,,,,,,,,
2024-12-23 09:00:00+00:00,daily_eth_dca_buy,4.9164208456243852,0.0073746312684365781,3321.6550200000001,3316.6799999999998,0.0014801118165559484,0,3.4105774522068417,daily_eth_dca,,,,,,,,,
2024-12-24 09:00:00+00:00,daily_eth_dca_buy,4.9164208456243852,0.0073746312684365781,3418.8105350000001,3413.6900000000001,0.0014380501040618166,0,3.4120155023109033,daily_eth_dca,,,,,,,,,
2024-12-25 09:00:00+00:00,daily_eth_dca_buy,4.9164208456243852,0.0073746312684365781,3494.4337999999998,3489.1999999999998,0.0014069291699343068,0,3.4134224314808375,daily_eth_dca,,,,,,,,,
2024-12-26 09:00:00+00:00,daily_eth_dca_buy,4.9164208456243852,0.0073746312684365781,3371.5597650000004,3366.5100000000002,0.001458203676725981,0,3.4148806351575636,daily_eth_dca,,,,,,,,,
2024-12-27 09:00:00+00:00,daily_eth_dca_buy,4.9164208456243852,0.0073746312684365781,3364.0385000000001,3359,0.001461463905845425,0,3.4163420990634088,daily_eth_dca,,,,,,,,,
2024-12-28 09:00:00+00:00,daily_eth_dca_buy,4.9164208456243852,0.0073746312684365781,3350.0275150000002,3345.0100000000002,0.0014675762582876532,0,3.4178096753216964,daily_eth_dca,,,,,,,,,
2024-12-29 09:00:00+00:00,daily_eth_dca_buy,4.9164208456243852,0.0073746312684365781,3401.5046149999998,3396.4099999999999,0.0014453665074990309,0,3.4192550418291954,daily_eth_dca,,,,,,,,,
2024-12-30 09:00:00+00:00,daily_eth_dca_buy,4.9164208456243852,0.0073746312684365781,3427.23315,3422.0999999999999,0.0014345160164036068,0,3.4206895578455989,daily_eth_dca,,,,,,,,,
2024-12-31 09:00:00+00:00,daily_eth_dca_buy,4.9164208456243852,0.0073746312684365781,3385.2001950000003,3380.1300000000001,0.0014523279458881115,0,3.4221418857914871,daily_eth_dca,,,,,,,,,
2025-01-01 09:00:00+00:00,daily_eth_dca_buy,4.9164208456243852,0.0073746312684365781,3342.0055000000002,3337,0.0014710989690544748,0,3.4236129847605414,daily_eth_dca,,,,,,,,,
2025-01-02 09:00:00+00:00,daily_eth_dca_buy,4.9164208456243852,0.0073746312684365781,3443.0768800000001,3437.9200000000001,0.0014279149194090562,0,3.4250408996799506,daily_eth_dca,,,,,,,,,
2025-01-03 09:00:00+00:00,daily_eth_dca_buy,4.9164208456243852,0.0073746312684365781,3435.3453,3430.1999999999998,0.0014311285813465055,0,3.4264720282612973,daily_eth_dca,,,,,,,,,
2025-01-04 09:00:00+00:00,daily_eth_dca_buy,4.9164208456243852,0.0073746312684365781,3590.3875150000003,3585.0100000000002,0.0013693287493576818,0,3.4278413570106547,daily_eth_dca,,,,,,,,,
2025-01-05 09:00:00+00:00,daily_eth_dca_buy,4.9164208456243852,0.0073746312684365781,3625.4300000000003,3620,0.0013560931656725918,0,3.4291974501763272,daily_eth_dca,,,,,,,,,
2025-01-06 09:00:00+00:00,daily_eth_dca_buy,4.9164208456243852,0.0073746312684365781,3646.3513350000003,3640.8899999999999,0.0013483124345241913,0,3.4305457626108513,daily_eth_dca,,,,,,,,,
2025-01-07 09:00:00+00:00,daily_eth_dca_buy,4.9164208456243852,0.0073746312684365781,3680.1419450000003,3674.6300000000001,0.0013359323958425154,0,3.4318816950066937,daily_eth_dca,,,,,,,,,
2025-01-08 09:00:00+00:00,daily_eth_dca_buy,4.9164208456243852,0.0073746312684365781,3371.1791950000002,3366.1300000000001,0.0014583682922925682,0,3.4333400632989863,daily_eth_dca,,,,,,,,,
2025-01-09 09:00:00+00:00,daily_eth_dca_buy,4.9164208456243852,0.0073746312684365781,3314.8848800000001,3309.9200000000001,0.0014831347161667905,0,3.4348231980151533,daily_eth_dca,,,,,,,,,
2025-01-10 09:00:00+00:00,daily_eth_dca_buy,4.9164208456243852,0.0073746312684365781,3301.254465,3296.3099999999999,0.0014892583706431685,0,3.4363124563857963,daily_eth_dca,,,,,,,,,
2025-01-11 09:00:00+00:00,daily_eth_dca_buy,4.9164208456243852,0.0073746312684365781,3229.47696,3224.6399999999999,0.0015223582352556512,0,3.437834814621052,daily_eth_dca,,,,,,,,,
2025-01-12 09:00:00+00:00,daily_eth_dca_buy,4.9164208456243852,0.0073746312684365781,3244.83997,3239.98,0.0015151504823285276,0,3.4393499651033803,daily_eth_dca,,,,,,,,,
2025-01-13 09:00:00+00:00,daily_eth_dca_buy,4.9164208456243852,0.0073746312684365781,3174.1140400000004,3169.3600000000001,0.0015489112185850715,0,3.4408988763219654,daily_eth_dca,,,,,,,,,
2025-01-14 09:00:00+00:00,daily_eth_dca_buy,4.9164208456243852,0.0073746312684365781,3188.5556700000002,3183.7800000000002,0.0015418958784007635,0,3.4424407722003663,daily_eth_dca,,,,,,,,,
2025-01-15 09:00:00+00:00,daily_eth_dca_buy,4.9164208456243852,0.0073746312684365781,3237.4889600000001,3232.6399999999999,0.0015185907678352006,0,3.4439593629682013,daily_eth_dca,,,,,,,,,
2025-01-16 09:00:00+00:00,daily_eth_dca_buy,4.9164208456243852,0.0073746312684365781,3321.1843150000004,3316.21,0.0014803215899278942,0,3.4454396845581292,daily_eth_dca,,,,,,,,,
2025-01-17 09:00:00+00:00,daily_eth_dca_buy,4.9164208456243852,0.0073746312684365781,3412.4409949999999,3407.3299999999999,0.0014407343168213185,0,3.4468804188749504,daily_eth_dca,,,,,,,,,
2025-01-18 09:00:00+00:00,daily_eth_dca_buy,4.9164208456243852,0.0073746312684365781,3298.1498150000002,3293.21,0.0014906602554148635,0,3.4483710791303652,daily_eth_dca,,,,,,,,,
2025-01-19 09:00:00+00:00,daily_eth_dca_buy,4.9164208456243852,0.0073746312684365781,3226.7328500000003,3221.9000000000001,0.0015236528941726256,0,3.4498947320245379,daily_eth_dca,,,,,,,,,
2025-01-20 09:00:00+00:00,daily_eth_dca_buy,4.9164208456243852,0.0073746312684365781,3397.5186450000001,3392.4299999999998,0.0014470622119645159,0,3.4513417942365026,daily_eth_dca,,,,,,,,,
2025-01-21 09:00:00+00:00,daily_eth_dca_buy,4.9164208456243852,0.0073746312684365781,3259.0111950000005,3254.1300000000001,0.0015085621225134774,0,3.4528503563590158,daily_eth_dca,,,,,,,,,
2025-01-22 09:00:00+00:00,daily_eth_dca_buy,4.9164208456243852,0.0073746312684365781,3304.5093400000001,3299.5599999999999,0.0014877914812080346,0,3.454338147840224,daily_eth_dca,,,,,,,,,
2025-01-23 09:00:00+00:00,daily_eth_dca_buy,4.9164208456243852,0.0073746312684365781,3214.87509,3210.0599999999999,0.001529272742482939,0,3.4558674205827069,daily_eth_dca,,,,,,,,,
2025-01-24 09:00:00+00:00,daily_eth_dca_buy,4.9164208456243852,0.0073746312684365781,3406.3919350000001,3401.29,0.0014432927682540397,0,3.4573107133509611,daily_eth_dca,,,,,,,,,
2025-01-25 09:00:00+00:00,daily_eth_dca_buy,4.9164208456243852,0.0073746312684365781,3295.9965900000002,3291.0599999999999,0.0014916340813399885,0,3.4588023474323011,daily_eth_dca,,,,,,,,,
2025-01-26 09:00:00+00:00,daily_eth_dca_buy,4.9164208456243852,0.0073746312684365781,3337.0781200000001,3332.0799999999999,0.0014732711278645119,0,3.4602756185601655,daily_eth_dca,,,,,,,,,
2025-01-27 09:00:00+00:00,daily_eth_dca_buy,4.9164208456243852,0.0073746312684365781,3070.6090150000005,3066.0100000000002,0.0016011223902514286,0,3.4618767409504168,daily_eth_dca,,,,,,,,,
2025-01-28 09:00:00+00:00,daily_eth_dca_buy,4.9164208456243852,0.0073746312684365781,3203.1976000000004,3198.4000000000001,0.0015348478175759074,0,3.4634115887679928,daily_eth_dca,,,,,,,,,
2025-01-29 09:00:00+00:00,daily_eth_dca_buy,4.9164208456243852,0.0073746312684365781,3152.2212500000001,3147.5,0.0015596687084145457,0,3.4649712574764076,daily_eth_dca,,,,,,,,,
2025-01-30 09:00:00+00:00,daily_eth_dca_buy,4.9164208456243852,0.0073746312684365781,3209.8175150000002,3205.0100000000002,0.0015316823534824487,0,3.4665029398298901,daily_eth_dca,,,,,,,,,
2025-01-31 09:00:00+00:00,daily_eth_dca_buy,4.9164208456243852,0.0073746312684365781,3241.8655150000004,3237.0100000000002,0.0015165406531752396,0,3.4680194804830653,daily_eth_dca,,,,,,,,,
2025-02-01 09:00:00+00:00,daily_eth_dca_buy,4.9164208456243852,0.0073746312684365781,3273.3827200000001,3268.48,0.0015019389011818286,0,3.4695214193842472,daily_eth_dca,,,,,,,,,
2025-02-02 09:00:00+00:00,daily_eth_dca_buy,4.9164208456243852,0.0073746312684365781,3114.665,3110,0.0015784750031301554,0,3.4710998943873772,daily_eth_dca,,,,,,,,,
2025-02-03 09:00:00+00:00,daily_eth_dca_buy,4.9164208456243852,0.0073746312684365781,2576.6692149999999,2572.8099999999999,0.0019080527748783561,0,3.4730079471622557,daily_eth_dca,,,,,,,,,
2025-02-04 09:00:00+00:00,daily_eth_dca_buy,4.9164208456243852,0.0073746312684365781,2702.357465,2698.3099999999999,0.0018193081075691018,0,3.4748272552698247,daily_eth_dca,,,,,,,,,
2025-02-05 09:00:00+00:00,daily_eth_dca_buy,4.9164208456243852,0.0073746312684365781,2778.0007600000004,2773.8400000000001,0.0017697694386607672,0,3.4765970247084854,daily_eth_dca,,,,,,,,,
2025-02-06 09:00:00+00:00,daily_eth_dca_buy,4.9164208456243852,0.0073746312684365781,2833.6441000000004,2829.4000000000001,0.0017350170565260416,0,3.4783320417650114,daily_eth_dca,,,,,,,,,
2025-02-07 09:00:00+00:00,daily_eth_dca_buy,4.9164208456243852,0.0073746312684365781,2733.6943999999999,2729.5999999999999,0.0017984529820247593,0,3.4801304947470362,daily_eth_dca,,,,,,,,,
2025-02-08 09:00:00+00:00,daily_eth_dca_buy,4.9164208456243852,0.0073746312684365781,2610.1293299999998,2606.2199999999998,0.0018835928124773748,0,3.4820140875595134,daily_eth_dca,,,,,,,,,
2025-02-09 09:00:00+00:00,daily_eth_dca_buy,4.9164208456243852,0.0073746312684365781,2670.9904849999998,2666.9899999999998,0.0018406732907640386,0,3.4838547608502775,daily_eth_dca,,,,,,,,,
2025-02-10 09:00:00+00:00,daily_eth_dca_buy,4.9164208456243852,0.0073746312684365781,2648.7672000000002,2644.8000000000002,0.0018561166287563455,0,3.485710877479034,daily_eth_dca,,,,,,,,,
2025-02-11 09:00:00+00:00,daily_eth_dca_buy,4.9164208456243852,0.0073746312684365781,2719.3729500000004,2715.3000000000002,0.001807924450239304,0,3.4875188019292733,daily_eth_dca,,,,,,,,,
2025-02-12 09:00:00+00:00,daily_eth_dca_buy,4.9164208456243852,0.0073746312684365781,2633.8849100000002,2629.9400000000001,0.0018666042798447047,0,3.4893854062091179,daily_eth_dca,,,,,,,,,
2025-02-13 09:00:00+00:00,daily_eth_dca_buy,4.9164208456243852,0.0073746312684365781,2670.6199299999998,2666.6199999999999,0.0018409286886525952,0,3.4912263348977706,daily_eth_dca,,,,,,,,,
2025-02-14 09:00:00+00:00,daily_eth_dca_buy,4.9164208456243852,0.0073746312684365781,2709.7986099999998,2705.7399999999998,0.0018143122619818546,0,3.4930406471597526,daily_eth_dca,,,,,,,,,
2025-02-15 09:00:00+00:00,daily_eth_dca_buy,4.9164208456243852,0.0073746312684365781,2708.8572000000004,2704.8000000000002,0.0018149427904964443,0,3.4948555899502489,daily_eth_dca,,,,,,,,,
2025-02-16 09:00:00+00:00,daily_eth_dca_buy,4.9164208456243852,0.0073746312684365781,2700.8351849999999,2696.79,0.0018203335297649365,0,3.496675923480014,daily_eth_dca,,,,,,,,,
2025-02-17 09:00:00+00:00,daily_eth_dca_buy,4.9164208456243852,0.0073746312684365781,2718.6618850000004,2714.5900000000001,0.0018083973122036043,0,3.4984843207922176,daily_eth_dca,,,,,,,,,
2025-02-18 09:00:00+00:00,daily_eth_dca_buy,4.9164208456243852,0.0073746312684365781,2671.8017000000004,2667.8000000000002,0.0018401144237704409,0,3.5003244352159881,daily_eth_dca,,,,,,,,,
2025-02-19 09:00:00+00:00,daily_eth_dca_buy,4.9164208456243852,0.0073746312684365781,2711.9418200000005,2707.8800000000001,0.0018128784361695429,0,3.5021373136521579,daily_eth_dca,,,,,,,,,
2025-02-20 09:00:00+00:00,daily_eth_dca_buy,4.9164208456243852,0.0073746312684365781,2737.1495750000004,2733.0500000000002,0.0017961827481146639,0,3.5039334964002724,daily_eth_dca,,,,,,,,,
2025-02-21 09:00:00+00:00,daily_eth_dca_buy,4.9164208456243852,0.0073746312684365781,2755.1365150000006,2751.0100000000002,0.0017844563486627755,0,3.5057179527489351,daily_eth_dca,,,,,,,,,
2025-02-22 09:00:00+00:00,daily_eth_dca_buy,4.9164208456243852,0.0073746312684365781,2695.0465150000005,2691.0100000000002,0.0018242434103681452,0,3.5075421961593034,daily_eth_dca,,,,,,,,,
2025-02-23 09:00:00+00:00,daily_eth_dca_buy,4.9164208456243852,0.0073746312684365781,2810.5995849999999,2806.3899999999999,0.0017492427138547327,0,3.509291438873158,daily_eth_dca,,,,,,,,,
2025-02-24 09:00:00+00:00,daily_eth_dca_buy,4.9164208456243852,0.0073746312684365781,2685.6224000000002,2681.5999999999999,0.0018306448611779471,0,3.5111220837343358,daily_eth_dca,,,,,,,,,
2025-02-25 09:00:00+00:00,daily_eth_dca_buy,4.9164208456243852,0.0073746312684365781,2400.5955000000004,2397,0.0020480005255464257,0,3.5131700842598823,daily_eth_dca,,,,,,,,,
2025-02-26 09:00:00+00:00,daily_eth_dca_buy,4.9164208456243852,0.0073746312684365781,2468.086585,2464.3899999999999,0.0019919969078493189,0,3.5151620811677318,daily_eth_dca,,,,,,,,,
2025-02-27 09:00:00+00:00,daily_eth_dca_buy,4.9164208456243852,0.0073746312684365781,2355.7883900000002,2352.2600000000002,0.0020869535084279724,0,3.5172490346761598,daily_eth_dca,,,,,,,,,
2025-02-28 09:00:00+00:00,daily_eth_dca_buy,4.9164208456243852,0.0073746312684365781,2123.3802999999998,2120.1999999999998,0.0023153746154772115,0,3.5195644092916369,daily_eth_dca,,,,,,,,,
2025-03-01 09:00:00+00:00,daily_eth_dca_buy,4.9164208456243852,0.0073746312684365781,2238.1321700000003,2234.7800000000002,0.0021966624275028337,0,3.5217610717191397,daily_eth_dca,,,,,,,,,
2025-03-02 09:00:00+00:00,daily_eth_dca_buy,4.9164208456243852,0.0073746312684365781,2215.89887,2212.5799999999999,0.0022187027179739415,0,3.5239797744371137,daily_eth_dca,,,,,,,,,
2025-03-03 09:00:00+00:00,daily_eth_dca_buy,4.9164208456243852,0.0073746312684365781,2348.9281150000002,2345.4099999999999,0.0020930486608886217,0,3.5260728230980023,daily_eth_dca,,,,,,,,,
2025-03-04 09:00:00+00:00,daily_eth_dca_buy,4.9164208456243852,0.0073746312684365781,2102.1785450000002,2099.0300000000002,0.0023387265831049495,0,3.528411549681107,daily_eth_dca,,,,,,,,,
2025-03-05 09:00:00+00:00,daily_eth_dca_buy,4.9164208456243852,0.0073746312684365781,2216.8803400000002,2213.5599999999999,0.0022177204411602952,0,3.5306292701222675,daily_eth_dca,,,,,,,,,
2025-03-06 09:00:00+00:00,daily_eth_dca_buy,4.9164208456243852,0.0073746312684365781,2296.9502650000004,2293.5100000000002,0.0021404124070681105,0,3.5327696825293358,daily_eth_dca,,,,,,,,,
2025-03-07 09:00:00+00:00,daily_eth_dca_buy,4.9164208456243852,0.0073746312684365781,2188.6981300000002,2185.4200000000001,0.0022462763495048011,0,3.5350159588788403,daily_eth_dca,,,,,,,,,
2025-03-08 09:00:00+00:00,daily_eth_dca_buy,4.9164208456243852,0.0073746312684365781,2131.7127800000003,2128.52,0.0023063242345548935,0,3.537322283113395,daily_eth_dca,,,,,,,,,
2025-03-09 09:00:00+00:00,daily_eth_dca_buy,4.9164208456243852,0.0073746312684365781,2179.3741650000002,2176.1100000000001,0.0022558865405401304,0,3.539578169653935,daily_eth_dca,,,,,,,,,
2025-03-10 09:00:00+00:00,daily_eth_dca_buy,4.9164208456243852,0.0073746312684365781,2065.1931500000001,2062.0999999999999,0.0023806106686071397,0,3.5419587803225423,daily_eth_dca,,,,,,,,,
2025-03-11 09:00:00+00:00,daily_eth_dca_buy,4.9164208456243852,0.0073746312684365781,1910.3612500000002,1907.5,0.00257355557522138,0,3.5445323358977636,daily_eth_dca,,,,,,,,,
2025-03-12 09:00:00+00:00,daily_eth_dca_buy,4.9164208456243852,0.0073746312684365781,1930.99215,1928.0999999999999,0.00254605946773237,0,3.5470783953654959,daily_eth_dca,,,,,,,,,
2025-03-13 09:00:00+00:00,daily_eth_dca_buy,4.9164208456243852,0.0073746312684365781,1878.3132500000002,1875.5,0.0026174658809569621,0,3.5496958612464526,daily_eth_dca,,,,,,,,,
2025-03-14 09:00:00+00:00,daily_eth_dca_buy,4.9164208456243852,0.0073746312684365781,1897.852515,1895.01,0.0025905178652011244,0,3.5522863791116537,daily_eth_dca,,,,,,,,,
2025-03-15 09:00:00+00:00,daily_eth_dca_buy,4.9164208456243852,0.0073746312684365781,1924.6827000000001,1921.8,0.0025544059005800724,0,3.5548407850122339,daily_eth_dca,,,,,,,,,
2025-03-16 09:00:00+00:00,daily_eth_dca_buy,4.9164208456243852,0.0073746312684365781,1925.5640200000003,1922.6800000000001,0.0025532367631299967,0,3.5573940217753637,daily_eth_dca,,,,,,,,,
2025-03-17 09:00:00+00:00,daily_eth_dca_buy,4.9164208456243852,0.0073746312684365781,1906.5956100000001,1903.74,0.0025786385009165026,0,3.55997266027628,daily_eth_dca,,,,,,,,,
2025-03-18 09:00:00+00:00,daily_eth_dca_buy,4.9164208456243852,0.0073746312684365781,1911.4729150000001,1908.6099999999999,0.0025720588594499573,0,3.56254471913573,daily_eth_dca,,,,,,,,,
2025-03-19 09:00:00+00:00,daily_eth_dca_buy,4.9164208456243852,0.0073746312684365781,1943.3106000000002,1940.4000000000001,0.0025299202534192857,0,3.5650746393891493,daily_eth_dca,,,,,,,,,
2025-03-20 09:00:00+00:00,daily_eth_dca_buy,4.9164208456243852,0.0073746312684365781,2022.4992050000001,2019.47,0.0024308641671997025,0,3.5675055035563488,daily_eth_dca,,,,,,,,,
2025-03-21 09:00:00+00:00,daily_eth_dca_buy,4.9164208456243852,0.0073746312684365781,1977.8823800000002,1974.9200000000001,0.0024856992990778272,0,3.5699912028554266,daily_eth_dca,,,,,,,,,
2025-03-22 09:00:00+00:00,daily_eth_dca_buy,4.9164208456243852,0.0073746312684365781,1991.232375,1988.25,0.0024690342058266228,0,3.5724602370612533,daily_eth_dca,,,,,,,,,
2025-03-23 09:00:00+00:00,daily_eth_dca_buy,4.9164208456243852,0.0073746312684365781,2012.7445950000001,2009.73,0.002442645161158356,0,3.5749028822224118,daily_eth_dca,,,,,,,,,
2025-03-24 09:00:00+00:00,daily_eth_dca_buy,4.9164208456243852,0.0073746312684365781,2093.5956900000001,2090.46,0.002348314370872814,0,3.5772511965932847,daily_eth_dca,,,,,,,,,
2025-03-25 09:00:00+00:00,daily_eth_dca_buy,4.9164208456243852,0.0073746312684365781,2063.9312600000003,2060.8400000000001,0.0023820661767700465,0,3.5796332627700549,daily_eth_dca,,,,,,,,,
2025-03-26 09:00:00+00:00,daily_eth_dca_buy,4.9164208456243852,0.0073746312684365781,2066.6753699999999,2063.5799999999999,0.0023789032941464753,0,3.5820121660642013,daily_eth_dca,,,,,,,,,
2025-03-27 09:00:00+00:00,daily_eth_dca_buy,4.9164208456243852,0.0073746312684365781,2028.7485650000001,2025.71,0.0024233761297198426,0,3.5844355421939209,daily_eth_dca,,,,,,,,,
2025-03-28 09:00:00+00:00,daily_eth_dca_buy,4.9164208456243852,0.0073746312684365781,1910.0007100000003,1907.1400000000001,0.0025740413707094302,0,3.5870095835646305,daily_eth_dca,,,,,,,,,
2025-03-29 09:00:00+00:00,daily_eth_dca_buy,4.9164208456243852,0.0073746312684365781,1887.396855,1884.5699999999999,0.0026048686224097715,0,3.5896144521870403,daily_eth_dca,,,,,,,,,
2025-03-30 09:00:00+00:00,daily_eth_dca_buy,4.9164208456243852,0.0073746312684365781,1849.7705000000001,1847,0.0026578544990442789,0,3.5922723066860844,daily_eth_dca,,,,,,,,,
2025-03-31 09:00:00+00:00,daily_eth_dca_buy,4.9164208456243852,0.0073746312684365781,1798.2333100000001,1795.54,0.0027340283478701575,0,3.5950063350339545,daily_eth_dca,,,,,,,,,
2025-04-01 09:00:00+00:00,daily_eth_dca_buy,4.9164208456243852,0.0073746312684365781,1887.1564949999999,1884.3299999999999,0.0026052003946945511,0,3.5976115354286491,daily_eth_dca,,,,,,,,,
2025-04-02 09:00:00+00:00,daily_eth_dca_buy,4.9164208456243852,0.0073746312684365781,1870.611715,1867.8099999999999,0.0026282423050175249,0,3.6002397777336665,daily_eth_dca,,,,,,,,,
2025-04-03 09:00:00+00:00,daily_eth_dca_buy,4.9164208456243852,0.0073746312684365781,1824.3724600000003,1821.6400000000001,0.0026948558769761218,0,3.6029346336106425,daily_eth_dca,,,,,,,,,
2025-04-04 09:00:00+00:00,daily_eth_dca_buy,4.9164208456243852,0.0073746312684365781,1831.0424500000001,1828.3,0.0026850392494310467,0,3.6056196728600733,daily_eth_dca,,,,,,,,,
2025-04-05 09:00:00+00:00,daily_eth_dca_buy,4.9164208456243852,0.0073746312684365781,1816.5407299999999,1813.8199999999999,0.0027064743247592281,0,3.6083261471848327,daily_eth_dca,,,,,,,,,
2025-04-06 09:00:00+00:00,daily_eth_dca_buy,4.9164208456243852,0.0073746312684365781,1798.0730700000001,1795.3800000000001,0.0027342719979808077,0,3.6110604191828135,daily_eth_dca,,,,,,,,,
2025-04-07 09:00:00+00:00,daily_eth_dca_buy,4.9164208456243852,0.0073746312684365781,1498.193925,1495.95,0.0032815650655000387,0,3.6143419842483135,daily_eth_dca,,,,,,,,,
2025-04-08 09:00:00+00:00,daily_eth_dca_buy,4.9164208456243852,0.0073746312684365781,1569.3004250000001,1566.95,0.0031328742204504182,0,3.6174748584687642,daily_eth_dca,,,,,,,,,
2025-04-09 09:00:00+00:00,daily_eth_dca_buy,4.9164208456243852,0.0073746312684365781,1484.7037200000002,1482.48,0.0033113817790019306,0,3.620786240247766,daily_eth_dca,,,,,,,,,
2025-04-10 09:00:00+00:00,daily_eth_dca_buy,4.9164208456243852,0.0073746312684365781,1595.0990650000001,1592.71,0.0030822040796722456,0,3.6238684443274383,daily_eth_dca,,,,,,,,,
2025-04-11 09:00:00+00:00,daily_eth_dca_buy,4.9164208456243852,0.0073746312684365781,1553.8773250000002,1551.55,0.0031639697462117126,0,3.6270324140736498,daily_eth_dca,,,,,,,,,
2025-04-12 09:00:00+00:00,daily_eth_dca_buy,4.9164208456243852,0.0073746312684365781,1594.1476400000001,1591.76,0.0030840436119357081,0,3.6301164576855856,daily_eth_dca,,,,,,,,,
2025-04-13 09:00:00+00:00,daily_eth_dca_buy,4.9164208456243852,0.0073746312684365781,1623.0309,1620.5999999999999,0.0030291603478555984,0,3.6331456180334412,daily_eth_dca,,,,,,,,,
2025-04-14 09:00:00+00:00,daily_eth_dca_buy,4.9164208456243852,0.0073746312684365781,1640.7274050000001,1638.27,0.0029964885273702033,0,3.6361421065608113,daily_eth_dca,,,,,,,,,
2025-04-15 09:00:00+00:00,daily_eth_dca_buy,4.9164208456243852,0.0073746312684365781,1643.5215900000001,1641.0599999999999,0.0029913941353361746,0,3.6391335006961474,daily_eth_dca,,,,,,,,,
2025-04-16 09:00:00+00:00,daily_eth_dca_buy,4.9164208456243852,0.0073746312684365781,1577.853235,1575.49,0.0031158923634772564,0,3.6422493930596245,daily_eth_dca,,,,,,,,,
2025-04-17 09:00:00+00:00,daily_eth_dca_buy,4.9164208456243852,0.0073746312684365781,1597.7630549999999,1595.3699999999999,0.0030770650443062006,0,3.6453264581039306,daily_eth_dca,,,,,,,,,
2025-04-18 09:00:00+00:00,daily_eth_dca_buy,4.9164208456243852,0.0073746312684365781,1589.350455,1586.97,0.0030933522749231447,0,3.6484198103788539,daily_eth_dca,,,,,,,,,
2025-04-19 09:00:00+00:00,daily_eth_dca_buy,4.9164208456243852,0.0073746312684365781,1605.3644400000001,1602.96,0.0030624951712673945,0,3.6514823055501213,daily_eth_dca,,,,,,,,,
2025-04-20 09:00:00+00:00,daily_eth_dca_buy,4.9164208456243852,0.0073746312684365781,1592.415045,1590.03,0.0030873991432455884,0,3.6545697046933667,daily_eth_dca,,,,,,,,,
2025-04-21 09:00:00+00:00,daily_eth_dca_buy,4.9164208456243852,0.0073746312684365781,1651.6237250000001,1649.1500000000001,0.0029767196796742458,0,3.6575464243730411,daily_eth_dca,,,,,,,,,
2025-04-22 09:00:00+00:00,daily_eth_dca_buy,4.9164208456243852,0.0073746312684365781,1630.1916250000002,1627.75,0.0030158545598124912,0,3.6605622789328538,daily_eth_dca,,,,,,,,,
2025-04-23 09:00:00+00:00,daily_eth_dca_buy,4.9164208456243852,0.0073746312684365781,1794.016995,1791.3299999999999,0.002740453886070564,0,3.6633027328189245,daily_eth_dca,,,,,,,,,
2025-04-24 09:00:00+00:00,daily_eth_dca_buy,4.9164208456243852,0.0073746312684365781,1737.5123650000003,1734.9100000000001,0.0028295745944946897,0,3.6661323074134193,daily_eth_dca,,,,,,,,,
2025-04-25 09:00:00+00:00,daily_eth_dca_buy,4.9164208456243852,0.0073746312684365781,1777.8427700000002,1775.1800000000001,0.002765385628350242,0,3.6688976930417696,daily_eth_dca,,,,,,,,,
2025-04-26 09:00:00+00:00,daily_eth_dca_buy,4.9164208456243852,0.0073746312684365781,1809.0595250000001,1806.3499999999999,0.0027176667089627055,0,3.6716153597507324,daily_eth_dca,,,,,,,,,
2025-04-27 09:00:00+00:00,daily_eth_dca_buy,4.9164208456243852,0.0073746312684365781,1812.8151499999999,1810.0999999999999,0.0027120364950747378,0,3.6743273962458072,daily_eth_dca,,,,,,,,,
2025-04-28 09:00:00+00:00,daily_eth_dca_buy,4.9164208456243852,0.0073746312684365781,1812.1141000000002,1809.4000000000001,0.0027130856967695271,0,3.6770404819425768,daily_eth_dca,,,,,,,,,
2025-04-29 09:00:00+00:00,daily_eth_dca_buy,4.9164208456243852,0.0073746312684365781,1835.258765,1832.51,0.0026788706526757198,0,3.6797193525952525,daily_eth_dca,,,,,,,,,
2025-04-30 09:00:00+00:00,daily_eth_dca_buy,4.9164208456243852,0.0073746312684365781,1797.9328600000001,1795.24,0.0027344852274541467,0,3.6824538378227065,daily_eth_dca,,,,,,,,,
2025-05-01 09:00:00+00:00,daily_eth_dca_buy,4.9164208456243852,0.0073746312684365781,1820.5567450000001,1817.8299999999999,0.0027005040403859453,0,3.6851543418630923,daily_eth_dca,,,,,,,,,
2025-05-02 09:00:00+00:00,daily_eth_dca_buy,4.9164208456243852,0.0073746312684365781,1826.4355500000001,1823.7,0.0026918118439078699,0,3.687846153707,daily_eth_dca,,,,,,,,,
2025-05-03 09:00:00+00:00,daily_eth_dca_buy,4.9164208456243852,0.0073746312684365781,1828.047965,1825.3099999999999,0.0026894375529278769,0,3.6905355912599278,daily_eth_dca,,,,,,,,,
2025-05-04 09:00:00+00:00,daily_eth_dca_buy,4.9164208456243852,0.0073746312684365781,1833.7965750000001,1831.05,0.0026810066681602265,0,3.693216597928088,daily_eth_dca,,,,,,,,,
2025-05-05 09:00:00+00:00,daily_eth_dca_buy,4.9164208456243852,0.0073746312684365781,1831.1325850000003,1828.3900000000001,0.0026849070820420054,0,3.6959015050101298,daily_eth_dca,,,,,,,,,
2025-05-06 09:00:00+00:00,daily_eth_dca_buy,4.9164208456243852,0.0073746312684365781,1804.3925350000002,1801.6900000000001,0.0027246958465300813,0,3.6986262008566597,daily_eth_dca,,,,,,,,,
2025-05-07 09:00:00+00:00,daily_eth_dca_buy,4.9164208456243852,0.0073746312684365781,1843.451035,1840.6900000000001,0.0026669657898585764,0,3.7012931666465181,daily_eth_dca,,,,,,,,,
2025-05-08 09:00:00+00:00,daily_eth_dca_buy,4.9164208456243852,0.0073746312684365781,1937.8824700000002,1934.98,0.0025370067182786294,0,3.7038301733647967,daily_eth_dca,,,,,,,,,
2025-05-09 09:00:00+00:00,daily_eth_dca_buy,4.9164208456243852,0.0073746312684365781,2416.4993200000004,2412.8800000000001,0.002034521923897907,0,3.7058646952886947,daily_eth_dca,,,,,,,,,
2025-05-10 09:00:00+00:00,daily_eth_dca_buy,4.9164208456243852,0.0073746312684365781,2386.1939299999999,2382.6199999999999,0.0020603609722636353,0,3.7079250562609585,daily_eth_dca,,,,,,,,,
2025-05-11 09:00:00+00:00,daily_eth_dca_buy,4.9164208456243852,0.0073746312684365781,2484.7215000000001,2481,0.0019786607254070063,0,3.7099037169863656,daily_eth_dca,,,,,,,,,
2025-05-12 09:00:00+00:00,daily_eth_dca_buy,4.9164208456243852,0.0073746312684365781,2581.4163250000001,2577.5500000000002,0.0019045439505479167,0,3.7118082609369134,daily_eth_dca,,,,,,,,,
2025-05-13 09:00:00+00:00,daily_eth_dca_buy,4.9164208456243852,0.0073746312684365781,2460.9759349999999,2457.29,0.0019977525077360765,0,3.7138060134446493,daily_eth_dca,,,,,,,,,
2025-05-14 09:00:00+00:00,daily_eth_dca_buy,4.9164208456243852,0.0073746312684365781,2601.2059650000001,2597.3099999999999,0.0018900544254381582,0,3.7156960678700877,daily_eth_dca,,,,,,,,,
2025-05-15 09:00:00+00:00,daily_eth_dca_buy,4.9164208456243852,0.0073746312684365781,2568.2866600000002,2564.4400000000001,0.0019142804119943468,0,3.7176103482820819,daily_eth_dca,,,,,,,,,
2025-05-16 09:00:00+00:00,daily_eth_dca_buy,4.9164208456243852,0.0073746312684365781,2576.9896950000002,2573.1300000000001,0.0019078154853174082,0,3.7195181637673995,daily_eth_dca,,,,,,,,,
2025-05-17 09:00:00+00:00,daily_eth_dca_buy,4.9164208456243852,0.0073746312684365781,2485.2222500000003,2481.5,0.0019782620430122033,0,3.7214964258104115,daily_eth_dca,,,,,,,,,
2025-05-18 09:00:00+00:00,daily_eth_dca_buy,4.9164208456243852,0.0073746312684365781,2521.3764000000001,2517.5999999999999,0.001949895638598182,0,3.7234463214490097,daily_eth_dca,,,,,,,,,
2025-05-19 09:00:00+00:00,daily_eth_dca_buy,4.9164208456243852,0.0073746312684365781,2408.6275300000002,2405.02,0.0020411710753901352,0,3.7254874925243997,daily_eth_dca,,,,,,,,,
2025-05-20 09:00:00+00:00,daily_eth_dca_buy,4.9164208456243852,0.0073746312684365781,2538.4920350000002,2534.6900000000001,0.0019367485805896511,0,3.7274242411049894,daily_eth_dca,,,,,,,,,
2025-05-21 09:00:00+00:00,daily_eth_dca_buy,4.9164208456243852,0.0073746312684365781,2541.90715,2538.0999999999999,0.0019341465110652783,0,3.7293583876160548,daily_eth_dca,,,,,,,,,
2025-05-22 09:00:00+00:00,daily_eth_dca_buy,4.9164208456243852,0.0073746312684365781,2667.4852350000001,2663.4899999999998,0.0018430920558120296,0,3.7312014796718667,daily_eth_dca,,,,,,,,,
2025-05-23 09:00:00+00:00,daily_eth_dca_buy,4.9164208456243852,0.0073746312684365781,2673.3940849999999,2669.3899999999999,0.0018390183748851921,0,3.7330404980467518,daily_eth_dca,,,,,,,,,
2025-05-24 09:00:00+00:00,daily_eth_dca_buy,4.9164208456243852,0.0073746312684365781,2560.8355000000001,2557,0.0019198503166737515,0,3.7349603483634257,daily_eth_dca,,,,,,,,,
2025-05-25 09:00:00+00:00,daily_eth_dca_buy,4.9164208456243852,0.0073746312684365781,2481.526715,2477.8099999999999,0.0019812081070521076,0,3.736941556470478,daily_eth_dca,,,,,,,,,
2025-05-26 09:00:00+00:00,daily_eth_dca_buy,4.9164208456243852,0.0073746312684365781,2571.841985,2567.9899999999998,0.0019116341028332599,0,3.7388531905733111,daily_eth_dca,,,,,,,,,
2025-05-27 09:00:00+00:00,daily_eth_dca_buy,4.9164208456243852,0.0073746312684365781,2639.142785,2635.1900000000001,0.0018628855072062292,0,3.7407160760805174,daily_eth_dca,,,,,,,,,
2025-05-28 09:00:00+00:00,daily_eth_dca_buy,4.9164208456243852,0.0073746312684365781,2646.854335,2642.8899999999999,0.0018574580325835669,0,3.742573534113101,daily_eth_dca,,,,,,,,,
2025-05-29 09:00:00+00:00,daily_eth_dca_buy,4.9164208456243852,0.0073746312684365781,2727.2847999999999,2723.1999999999998,0.0018026796635336308,0,3.7443762137766345,daily_eth_dca,,,,,,,,,
2025-05-30 09:00:00+00:00,daily_eth_dca_buy,4.9164208456243852,0.0073746312684365781,2621.2259500000005,2617.3000000000002,0.0018756188666697673,0,3.7462518326433045,daily_eth_dca,,,,,,,,,
2025-05-31 09:00:00+00:00,daily_eth_dca_buy,4.9164208456243852,0.0073746312684365781,2528.2767349999999,2524.4899999999998,0.0019445738583772497,0,3.7481964065016817,daily_eth_dca,,,,,,,,,
2025-06-01 09:00:00+00:00,daily_eth_dca_buy,4.9164208456243852,0.0073746312684365781,2509.6288049999998,2505.8699999999999,0.0019590231176137562,0,3.7501554296192956,daily_eth_dca,,,,,,,,,
2025-06-02 09:00:00+00:00,daily_eth_dca_buy,4.9164208456243852,0.0073746312684365781,2498.3118550000004,2494.5700000000002,0.0019678971765614041,0,3.7521233267958571,daily_eth_dca,,,,,,,,,
2025-06-03 09:00:00+00:00,daily_eth_dca_buy,4.9164208456243852,0.0073746312684365781,2611.2009350000003,2607.29,0.0018828198089720677,0,3.7540061466048291,daily_eth_dca,,,,,,,,,
2025-06-04 09:00:00+00:00,daily_eth_dca_buy,4.9164208456243852,0.0073746312684365781,2644.9615000000003,2641,0.0018587873001646279,0,3.7558649339049937,daily_eth_dca,,,,,,,,,
2025-06-05 09:00:00+00:00,daily_eth_dca_buy,4.9164208456243852,0.0073746312684365781,2609.3281300000003,2605.4200000000001,0.0018841711738356128,0,3.7577491050788292,daily_eth_dca,,,,,,,,,
2025-06-06 09:00:00+00:00,daily_eth_dca_buy,4.9164208456243852,0.0073746312684365781,2464.9819350000002,2461.29,0.001994505832199693,0,3.7597436109110287,daily_eth_dca,,,,,,,,,
2025-06-07 09:00:00+00:00,daily_eth_dca_buy,4.9164208456243852,0.0073746312684365781,2487.6058200000002,2483.8800000000001,0.0019763665151838181,0,3.7617199774262127,daily_eth_dca,,,,,,,,,
2025-06-08 09:00:00+00:00,daily_eth_dca_buy,4.9164208456243852,0.0073746312684365781,2520.1445549999999,2516.3699999999999,0.0019508487463031205,0,3.7636708261725156,daily_eth_dca,,,,,,,,,
2025-06-09 09:00:00+00:00,daily_eth_dca_buy,4.9164208456243852,0.0073746312684365781,2499.1230700000001,2495.3800000000001,0.0019672583974123313,0,3.765638084569928,daily_eth_dca,,,,,,,,,
2025-06-10 09:00:00+00:00,daily_eth_dca_buy,4.9164208456243852,0.0073746312684365781,2677.7105499999998,2673.6999999999998,0.0018360538802912755,0,3.7674741384502193,daily_eth_dca,,,,,,,,,
2025-06-11 09:00:00+00:00,daily_eth_dca_buy,4.9164208456243852,0.0073746312684365781,2773.37383,2769.2199999999998,0.0017727220154898429,0,3.7692468604657092,daily_eth_dca,,,,,,,,,
2025-06-12 09:00:00+00:00,daily_eth_dca_buy,4.9164208456243852,0.0073746312684365781,2761.4559800000002,2757.3200000000002,0.0017803727023830323,0,3.7710272331680921,daily_eth_dca,,,,,,,,,
2025-06-13 09:00:00+00:00,daily_eth_dca_buy,4.9164208456243852,0.0073746312684365781,2521.5967300000002,2517.8200000000002,0.0019497252622247749,0,3.7729769584303168,daily_eth_dca,,,,,,,,,
2025-06-14 09:00:00+00:00,daily_eth_dca_buy,4.9164208456243852,0.0073746312684365781,2539.5035499999999,2535.6999999999998,0.0019359771501892113,0,3.774912935580506,daily_eth_dca,,,,,,,,,
2025-06-15 09:00:00+00:00,daily_eth_dca_buy,4.9164208456243852,0.0073746312684365781,2524.3809000000001,2520.5999999999999,0.0019475748868264631,0,3.7768605104673325,daily_eth_dca,,,,,,,,,
2025-06-16 09:00:00+00:00,daily_eth_dca_buy,4.9164208456243852,0.0073746312684365781,2634.2354350000001,2630.29,0.0018663558998189488,0,3.7787268663671516,daily_eth_dca,,,,,,,,,
2025-06-17 09:00:00+00:00,daily_eth_dca_buy,4.9164208456243852,0.0073746312684365781,2575.3973100000003,2571.54,0.0019089951001091884,0,3.7806358614672608,daily_eth_dca,,,,,,,,,
2025-06-18 09:00:00+00:00,daily_eth_dca_buy,4.9164208456243852,0.0073746312684365781,2537.0799200000001,2533.2800000000002,0.0019378265567701885,0,3.7825736880240308,daily_eth_dca,,,,,,,,,
2025-06-19 09:00:00+00:00,daily_eth_dca_buy,4.9164208456243852,0.0073746312684365781,2527.36537,2523.5799999999999,0.001945275069438965,0,3.7845189630934697,daily_eth_dca,,,,,,,,,
2025-06-20 09:00:00+00:00,daily_eth_dca_buy,4.9164208456243852,0.0073746312684365781,2557.3202350000001,2553.4899999999998,0.0019224893223528515,0,3.7864414524158225,daily_eth_dca,,,,,,,,,
2025-06-21 09:00:00+00:00,daily_eth_dca_buy,4.9164208456243852,0.0073746312684365781,2445.2123250000004,2441.5500000000002,0.0020106314676065543,0,3.788452083883429,daily_eth_dca,,,,,,,,,
2025-06-22 09:00:00+00:00,daily_eth_dca_buy,4.9164208456243852,0.0073746312684365781,2277.8616750000001,2274.4499999999998,0.0021583491656157676,0,3.7906104330490447,daily_eth_dca,,,,,,,,,
2025-06-23 09:00:00+00:00,daily_eth_dca_buy,4.9164208456243852,0.0073746312684365781,2265.3829849999997,2261.9899999999998,0.002170238267956438,0,3.7927806713170011,daily_eth_dca,,,,,,,,,
2025-06-24 09:00:00+00:00,daily_eth_dca_buy,4.9164208456243852,0.0073746312684365781,2406.8448599999997,2403.2399999999998,0.0020426829029704832,0,3.7948233542199716,daily_eth_dca,,,,,,,,,
2025-06-25 09:00:00+00:00,daily_eth_dca_buy,4.9164208456243852,0.0073746312684365781,2443.1492349999999,2439.4899999999998,0.0020123293228235342,0,3.796835683542795,daily_eth_dca,,,,,,,,,
2025-06-26 09:00:00+00:00,daily_eth_dca_buy,4.9164208456243852,0.0073746312684365781,2490.540215,2486.8099999999999,0.001974037928002052,0,3.7988097214707972,daily_eth_dca,,,,,,,,,
2025-06-27 09:00:00+00:00,daily_eth_dca_buy,4.9164208456243852,0.0073746312684365781,2452.2929300000001,2448.6199999999999,0.0020048260896892056,0,3.8008145475604862,daily_eth_dca,,,,,,,,,
2025-06-28 09:00:00+00:00,daily_eth_dca_buy,4.9164208456243852,0.0073746312684365781,2428.1267349999998,2424.4899999999998,0.0020247793390505975,0,3.8028393268995369,daily_eth_dca,,,,,,,,,
2025-06-29 09:00:00+00:00,daily_eth_dca_buy,4.9164208456243852,0.0073746312684365781,2447.4056099999998,2443.7399999999998,0.0020088296053323118,0,3.8048481565048693,daily_eth_dca,,,,,,,,,
2025-06-30 09:00:00+00:00,daily_eth_dca_buy,4.9164208456243852,0.0073746312684365781,2472.3029000000001,2468.5999999999999,0.0019885997163310307,0,3.8068367562212004,daily_eth_dca,,,,,,,,,
2025-07-01 09:00:00+00:00,daily_eth_dca_buy,4.9164208456243852,0.0073746312684365781,2456.8998299999998,2453.2199999999998,0.0020010668671113,0,3.8088378230883118,daily_eth_dca,,,,,,,,,
2025-07-02 09:00:00+00:00,daily_eth_dca_buy,4.9164208456243852,0.0073746312684365781,2452.83374,2449.1599999999999,0.002004384058099423,0,3.8108422071464112,daily_eth_dca,,,,,,,,,
2025-07-03 09:00:00+00:00,daily_eth_dca_buy,4.9164208456243852,0.0073746312684365781,2592.252555,2588.3699999999999,0.0018965825054898576,0,3.8127387896519012,daily_eth_dca,,,,,,,,,
2025-07-04 09:00:00+00:00,daily_eth_dca_buy,4.9164208456243852,0.0073746312684365781,2550.8205000000003,2547,0.0019273880093187211,0,3.8146661776612198,daily_eth_dca,,,,,,,,,
2025-07-05 09:00:00+00:00,daily_eth_dca_buy,4.9164208456243852,0.0073746312684365781,2519.8741500000001,2516.0999999999999,0.0019510580897956294,0,3.8166172357510155,daily_eth_dca,,,,,,,,,
2025-07-06 09:00:00+00:00,daily_eth_dca_buy,4.9164208456243852,0.0073746312684365781,2516.9798150000001,2513.21,0.0019533016579333928,0,3.8185705374089487,daily_eth_dca,,,,,,,,,
2025-07-07 09:00:00+00:00,daily_eth_dca_buy,4.9164208456243852,0.0073746312684365781,2589.0076950000002,2585.1300000000001,0.0018989595338473433,0,3.8204694969427959,daily_eth_dca,,,,,,,,,
2025-07-08 09:00:00+00:00,daily_eth_dca_buy,4.9164208456243852,0.0073746312684365781,2550.0092850000001,2546.1900000000001,0.0019280011545622215,0,3.8223974980973581,daily_eth_dca,,,,,,,,,
2025-07-09 09:00:00+00:00,daily_eth_dca_buy,4.9164208456243852,0.0073746312684365781,2615.7177000000001,2611.8000000000002,0.0018795685962687736,0,3.824277066693627,daily_eth_dca,,,,,,,,,
2025-07-10 09:00:00+00:00,daily_eth_dca_buy,4.9164208456243852,0.0073746312684365781,2792.6827499999999,2788.5,0.001760465217763953,0,3.8260375319113908,daily_eth_dca,,,,,,,,,
2025-07-11 09:00:00+00:00,daily_eth_dca_buy,4.9164208456243852,0.0073746312684365781,3007.8249800000003,3003.3200000000002,0.0016345435250771753,0,3.8276720754364679,daily_eth_dca,,,,,,,,,
2025-07-12 09:00:00+00:00,daily_eth_dca_buy,4.9164208456243852,0.0073746312684365781,2971.19011,2966.7399999999998,0.0016546974995229724,0,3.8293267729359908,daily_eth_dca,,,,,,,,,
2025-07-13 09:00:00+00:00,daily_eth_dca_buy,4.9164208456243852,0.0073746312684365781,2960.3238350000001,2955.8899999999999,0.0016607712938352857,0,3.830987544229826,daily_eth_dca,,,,,,,,,
2025-07-14 09:00:00+00:00,daily_eth_dca_buy,4.9164208456243852,0.0073746312684365781,3044.329655,3039.77,0.0016149436502547177,0,3.8326024878800808,daily_eth_dca,,,,,,,,,
2025-07-15 09:00:00+00:00,daily_eth_dca_buy,4.9164208456243852,0.0073746312684365781,2978.4509849999999,2973.9899999999998,0.0016506636739648697,0,3.8342531515540457,daily_eth_dca,,,,,,,,,
2025-07-16 09:00:00+00:00,daily_eth_dca_buy,4.9164208456243852,0.0073746312684365781,3169.236735,3164.4899999999998,0.0015512949194766877,0,3.8358044464735221,daily_eth_dca,,,,,,,,,
2025-07-17 09:00:00+00:00,daily_eth_dca_buy,4.9164208456243852,0.0073746312684365781,3453.85302,3448.6799999999998,0.0014234597758373589,0,3.8372279062493595,daily_eth_dca,,,,,,,,,
2025-07-18 09:00:00+00:00,daily_eth_dca_buy,4.9164208456243852,0.0073746312684365781,3609.2958349999999,3603.8899999999999,0.0013621551322972631,0,3.8385900613816566,daily_eth_dca,,,,,,,,,
2025-07-19 09:00:00+00:00,daily_eth_dca_buy,4.9164208456243852,0.0073746312684365781,3559.681525,3554.3499999999999,0.0013811406473011334,0,3.8399712020289578,daily_eth_dca,,,,,,,,,
2025-07-20 09:00:00+00:00,daily_eth_dca_buy,4.9164208456243852,0.0073746312684365781,3717.0672500000001,3711.5,0.0013226612581799227,0,3.8412938632871376,daily_eth_dca,,,,,,,,,
2025-07-21 09:00:00+00:00,daily_eth_dca_buy,4.9164208456243852,0.0073746312684365781,3783.2163250000003,3777.5500000000002,0.0012995346877565572,0,3.8425933979748943,daily_eth_dca,,,,,,,,,
2025-07-22 09:00:00+00:00,daily_eth_dca_buy,4.9164208456243852,0.0073746312684365781,3655.4649850000001,3649.9899999999998,0.0013449508792448151,0,3.843938348854139,daily_eth_dca,,,,,,,,,
2025-07-23 09:00:00+00:00,daily_eth_dca_buy,4.9164208456243852,0.0073746312684365781,3697.4678950000002,3691.9299999999998,0.0013296723555795431,0,3.8452680212097183,daily_eth_dca,,,,,,,,,
2025-07-24 09:00:00+00:00,daily_eth_dca_buy,4.9164208456243852,0.0073746312684365781,3638.9302200000002,3633.48,0.0013510621387030567,0,3.8466190833484215,daily_eth_dca,,,,,,,,,
2025-07-25 09:00:00+00:00,daily_eth_dca_buy,4.9164208456243852,0.0073746312684365781,3670.3272449999999,3664.8299999999999,0.0013395047682252064,0,3.8479585881166467,daily_eth_dca,,,,,,,,,
2025-07-26 09:00:00+00:00,daily_eth_dca_buy,4.9164208456243852,0.0073746312684365781,3768.3740950000001,3762.73,0.0013046530736286639,0,3.8492632411902754,daily_eth_dca,,,,,,,,,
2025-07-27 09:00:00+00:00,daily_eth_dca_buy,4.9164208456243852,0.0073746312684365781,3776.6164400000002,3770.96,0.0013018057098815111,0,3.8505650469001571,daily_eth_dca,,,,,,,,,
2025-07-28 09:00:00+00:00,daily_eth_dca_buy,4.9164208456243852,0.0073746312684365781,3897.7478650000003,3891.9099999999999,0.0012613491215713577,0,3.8518263960217283,daily_eth_dca,,,,,,,,,
2025-07-29 09:00:00+00:00,daily_eth_dca_buy,4.9164208456243852,0.0073746312684365781,3878.3387950000006,3872.5300000000002,0.0012676615183703631,0,3.8530940575400985,daily_eth_dca,,,,,,,,,
2025-07-30 09:00:00+00:00,daily_eth_dca_buy,4.9164208456243852,0.0073746312684365781,3821.3734750000003,3815.6500000000001,0.0012865585836580355,0,3.8543806161237564,daily_eth_dca,,,,,,,,,
2025-07-31 09:00:00+00:00,daily_eth_dca_buy,4.9164208456243852,0.0073746312684365781,3869.4955500000001,3863.6999999999998,0.0012705585992014864,0,3.8556511747229578,daily_eth_dca,,,,,,,,,
2025-08-01 09:00:00+00:00,daily_eth_dca_buy,4.9164208456243852,0.0073746312684365781,3614.844145,3609.4299999999998,0.0013600644034472986,0,3.8570112391264053,daily_eth_dca,,,,,,,,,
2025-08-02 09:00:00+00:00,daily_eth_dca_buy,4.9164208456243852,0.0073746312684365781,3496.6571300000001,3491.4200000000001,0.0014060345818419963,0,3.8584172737082474,daily_eth_dca,,,,,,,,,
2025-08-03 09:00:00+00:00,daily_eth_dca_buy,4.9164208456243852,0.0073746312684365781,3467.8439750000002,3462.6500000000001,0.0014177168526229283,0,3.8598349905608704,daily_eth_dca,,,,,,,,,
2025-08-04 09:00:00+00:00,daily_eth_dca_buy,4.9164208456243852,0.0073746312684365781,3555.8257500000004,3550.5,0.0013826382931234425,0,3.8612176288539937,daily_eth_dca,,,,,,,,,
2025-08-05 09:00:00+00:00,daily_eth_dca_buy,4.9164208456243852,0.0073746312684365781,3640.2622150000002,3634.8099999999999,0.0013505677765095791,0,3.8625681966305034,daily_eth_dca,,,,,,,,,
2025-08-06 09:00:00+00:00,daily_eth_dca_buy,4.9164208456243852,0.0073746312684365781,3627.57321,3622.1399999999999,0.0013552919709715204,0,3.8639234886014751,daily_eth_dca,,,,,,,,,
2025-08-07 09:00:00+00:00,daily_eth_dca_buy,4.9164208456243852,0.0073746312684365781,3726.8418900000006,3721.2600000000002,0.0013191922251427695,0,3.865242680826618,daily_eth_dca,,,,,,,,,
2025-08-08 09:00:00+00:00,daily_eth_dca_buy,4.9164208456243852,0.0073746312684365781,3904.3076900000001,3898.46,0.001259229865058198,0,3.8665019106916763,daily_eth_dca,,,,,,,,,
2025-08-09 09:00:00+00:00,daily_eth_dca_buy,4.9164208456243852,0.0073746312684365781,4196.1848499999996,4189.8999999999996,0.0011716406739384672,0,3.8676735513656149,daily_eth_dca,,,,,,,,,
2025-08-10 09:00:00+00:00,daily_eth_dca_buy,4.9164208456243852,0.0073746312684365781,4216.3150000000005,4210,0.0011660468550438914,0,3.8688395982206587,daily_eth_dca,,,,,,,,,
2025-08-11 09:00:00+00:00,daily_eth_dca_buy,4.9164208456243852,0.0073746312684365781,4288.1926550000007,4281.7700000000004,0.0011465018578145911,0,3.8699861000784734,daily_eth_dca,,,,,,,,,
2025-08-12 09:00:00+00:00,daily_eth_dca_buy,4.9164208456243852,0.0073746312684365781,4317.1159749999997,4310.6499999999996,0.0011388206557560422,0,3.8711249207342293,daily_eth_dca,,,,,,,,,
2025-08-13 09:00:00+00:00,daily_eth_dca_buy,4.9164208456243852,0.0073746312684365781,4632.2579800000003,4625.3199999999997,0.0010613443523334132,0,3.8721862650865626,daily_eth_dca,,,,,,,,,
2025-08-14 09:00:00+00:00,daily_eth_dca_buy,4.9164208456243852,0.0073746312684365781,4733.8100800000002,4726.7200000000003,0.0010385758538129575,0,3.8732248409403756,daily_eth_dca,,,,,,,,,
2025-08-15 09:00:00+00:00,daily_eth_dca_buy,4.9164208456243852,0.0073746312684365781,4648.4021599999996,4641.4399999999996,0.0010576582396270948,0,3.8742824991800027,daily_eth_dca,,,,,,,,,
2025-08-16 09:00:00+00:00,daily_eth_dca_buy,4.9164208456243852,0.0073746312684365781,4449.2639000000008,4442.6000000000004,0.0011049964569699686,0,3.8753874956369727,daily_eth_dca,,,,,,,,,
2025-08-17 09:00:00+00:00,daily_eth_dca_buy,4.9164208456243852,0.0073746312684365781,4542.3032499999999,4535.5,0.0010823629720504426,0,3.8764698586090232,daily_eth_dca,,,,,,,,,
2025-08-18 09:00:00+00:00,daily_eth_dca_buy,4.9164208456243852,0.0073746312684365781,4265.4886500000002,4259.1000000000004,0.0011526043670575432,0,3.8776224629760807,daily_eth_dca,,,,,,,,,
2025-08-19 09:00:00+00:00,daily_eth_dca_buy,4.9164208456243852,0.0073746312684365781,4262.2838499999998,4255.8999999999996,0.001153471007245185,0,3.8787759339833259,daily_eth_dca,,,,,,,,,
2025-08-20 09:00:00+00:00,daily_eth_dca_buy,4.9164208456243852,0.0073746312684365781,4245.3885449999998,4239.0299999999997,0.0011580614573935034,0,3.8799339954407195,daily_eth_dca,,,,,,,,,
2025-08-21 09:00:00+00:00,daily_eth_dca_buy,4.9164208456243852,0.0073746312684365781,4292.3088200000002,4285.8800000000001,0.0011454024050451209,0,3.8810793978457645,daily_eth_dca,,,,,,,,,
2025-08-22 09:00:00+00:00,daily_eth_dca_buy,4.9164208456243852,0.0073746312684365781,4335.4233950000007,4328.9300000000003,0.0011340116979795889,0,3.8822134095437439,daily_eth_dca,,,,,,,,,
2025-08-23 09:00:00+00:00,daily_eth_dca_buy,4.9164208456243852,0.0073746312684365781,4725.9583200000006,4718.8800000000001,0.001040301355350164,0,3.8832537108990941,daily_eth_dca,,,,,,,,,
2025-08-24 09:00:00+00:00,daily_eth_dca_buy,4.9164208456243852,0.0073746312684365781,4784.4258900000004,4777.2600000000002,0.0010275884627872008,0,3.8842812993618812,daily_eth_dca,,,,,,,,,
2025-08-25 09:00:00+00:00,daily_eth_dca_buy,4.9164208456243852,0.0073746312684365781,4606.7097150000009,4599.8100000000004,0.0010672304420692989,0,3.8853485298039505,daily_eth_dca,,,,,,,,,
2025-08-26 09:00:00+00:00,daily_eth_dca_buy,4.9164208456243852,0.0073746312684365781,4426.4998050000004,4419.8699999999999,0.0011106791058865494,0,3.8864592089098369,daily_eth_dca,,,,,,,,,
2025-08-27 09:00:00+00:00,daily_eth_dca_buy,4.9164208456243852,0.0073746312684365781,4602.1128300000009,4595.2200000000003,0.0010682964601770497,0,3.8875275053700138,daily_eth_dca,,,,,,,,,
2025-08-28 09:00:00+00:00,daily_eth_dca_buy,4.9164208456243852,0.0073746312684365781,4611.2364950000001,4604.3299999999999,0.0010661827583459012,0,3.8885936881283598,daily_eth_dca,,,,,,,,,
2025-08-29 09:00:00+00:00,daily_eth_dca_buy,4.9164208456243852,0.0073746312684365781,4341.0017500000004,4334.5,0.0011325544491255699,0,3.8897262425774852,daily_eth_dca,,,,,,,,,
2025-08-30 09:00:00+00:00,daily_eth_dca_buy,4.9164208456243852,0.0073746312684365781,4402.3836849999998,4395.79,0.0011167633712563119,0,3.8908430059487413,daily_eth_dca,,,,,,,,,
2025-08-31 09:00:00+00:00,daily_eth_dca_buy,4.9164208456243852,0.0073746312684365781,4478.5677900000001,4471.8599999999997,0.0010977663119450928,0,3.8919407722606865,daily_eth_dca,,,,,,,,,
2025-09-01 09:00:00+00:00,daily_eth_dca_buy,4.9164208456243852,0.0073746312684365781,4482.9643750000005,4476.25,0.0010966896977905127,0,3.8930374619584769,daily_eth_dca,,,,,,,,,
2025-09-02 09:00:00+00:00,daily_eth_dca_buy,4.9164208456243852,0.0073746312684365781,4398.8884500000004,4392.3000000000002,0.001117650720518813,0,3.8941551126789955,daily_eth_dca,,,,,,,,,
2025-09-03 09:00:00+00:00,daily_eth_dca_buy,4.9164208456243852,0.0073746312684365781,4324.6873150000001,4318.21,0.0011368268934893817,0,3.895291939572485,daily_eth_dca,,,,,,,,,
2025-09-04 09:00:00+00:00,daily_eth_dca_buy,4.9164208456243852,0.0073746312684365781,4376.3847450000003,4369.8299999999999,0.001123397765985126,0,3.8964153373384702,daily_eth_dca,,,,,,,,,
2025-09-05 09:00:00+00:00,daily_eth_dca_buy,4.9164208456243852,0.0073746312684365781,4412.9495100000004,4406.3400000000001,0.001114089530026004,0,3.8975294268684961,daily_eth_dca,,,,,,,,,
2025-09-06 09:00:00+00:00,daily_eth_dca_buy,4.9164208456243852,0.0073746312684365781,4317.2762150000008,4310.8100000000004,0.0011387783872949125,0,3.8986682052557908,daily_eth_dca,,,,,,,,,
2025-09-07 09:00:00+00:00,daily_eth_dca_buy,4.9164208456243852,0.0073746312684365781,4307.5917100000006,4301.1400000000003,0.0011413386357418691,0,3.8998095438915326,daily_eth_dca,,,,,,,,,
2025-09-08 09:00:00+00:00,daily_eth_dca_buy,4.9164208456243852,0.0073746312684365781,4308.2426850000002,4301.79,0.0011411661795984423,0,3.9009507100711311,daily_eth_dca,,,,,,,,,
2025-09-09 09:00:00+00:00,daily_eth_dca_buy,4.9164208456243852,0.0073746312684365781,4366.2195200000006,4359.6800000000003,0.001126013207330534,0,3.9020767232784617,daily_eth_dca,,,,,,,,,
2025-09-10 09:00:00+00:00,daily_eth_dca_buy,4.9164208456243852,0.0073746312684365781,4338.9186300000001,4332.4200000000001,0.0011330981898649676,0,3.9032098214683266,daily_eth_dca,,,,,,,,,
2025-09-11 09:00:00+00:00,daily_eth_dca_buy,4.9164208456243852,0.0073746312684365781,4438.0571150000005,4431.4099999999999,0.0011077867450167739,0,3.9043176082133435,daily_eth_dca,,,,,,,,,
2025-09-12 09:00:00+00:00,daily_eth_dca_buy,4.9164208456243852,0.0073746312684365781,4524.6668350000009,4517.8900000000003,0.0010865818467768764,0,3.9054041900601204,daily_eth_dca,,,,,,,,,
2025-09-13 09:00:00+00:00,daily_eth_dca_buy,4.9164208456243852,0.0073746312684365781,4737.3453749999999,4730.25,0.0010378008053981889,0,3.9064419908655186,daily_eth_dca,,,,,,,,,
2025-09-14 09:00:00+00:00,daily_eth_dca_buy,4.9164208456243852,0.0073746312684365781,4662.9940150000002,4656.0100000000002,0.0010543485215312644,0,3.9074963393870497,daily_eth_dca,,,,,,,,,
2025-09-15 09:00:00+00:00,daily_eth_dca_buy,4.9164208456243852,0.0073746312684365781,4517.3859300000004,4510.6199999999999,0.0010883331470473644,0,3.9085846725340971,daily_eth_dca,,,,,,,,,
2025-09-16 09:00:00+00:00,daily_eth_dca_buy,4.9164208456243852,0.0073746312684365781,4518.3573850000002,4511.5900000000001,0.0010880991534547206,0,3.9096727716875517,daily_eth_dca,,,,,,,,,
2025-09-17 09:00:00+00:00,daily_eth_dca_buy,4.9164208456243852,0.0073746312684365781,4517.8466200000003,4511.0799999999999,0.0010882221684684781,0,3.9107609938560199,daily_eth_dca,,,,,,,,,
2025-09-18 09:00:00+00:00,daily_eth_dca_buy,4.9164208456243852,0.0073746312684365781,4609.3436599999995,4602.4399999999996,0.001066620588152107,0,3.9118276144441722,daily_eth_dca,,,,,,,,,
2025-09-19 09:00:00+00:00,daily_eth_dca_buy,4.9164208456243852,0.0073746312684365781,4541.0313449999994,4534.2299999999996,0.0010826661328902116,0,3.9129102805770626,daily_eth_dca,,,,,,,,,
2025-09-20 09:00:00+00:00,daily_eth_dca_buy,4.9164208456243852,0.0073746312684365781,4472.4786700000004,4465.7799999999997,0.0010992608815783094,0,3.9140095414586411,daily_eth_dca,,,,,,,,,
2025-09-21 09:00:00+00:00,daily_eth_dca_buy,4.9164208456243852,0.0073746312684365781,4476.2042500000007,4469.5,0.0010983459581015286,0,3.9151078874167426,daily_eth_dca,,,,,,,,,
2025-09-22 09:00:00+00:00,daily_eth_dca_buy,4.9164208456243852,0.0073746312684365781,4200.9720200000002,4194.6800000000003,0.0011703055441022398,0,3.9162781929608448,daily_eth_dca,,,,,,,,,
2025-09-23 09:00:00+00:00,daily_eth_dca_buy,4.9164208456243852,0.0073746312684365781,4215.1732899999997,4208.8599999999997,0.0011663626872204787,0,3.917444555648065,daily_eth_dca,,,,,,,,,
2025-09-24 09:00:00+00:00,daily_eth_dca_buy,4.9164208456243852,0.0073746312684365781,4181.4527849999995,4175.1899999999996,0.0011757685901084222,0,3.9186203242381734,daily_eth_dca,,,,,,,,,
2025-09-25 09:00:00+00:00,daily_eth_dca_buy,4.9164208456243852,0.0073746312684365781,4021.4331150000003,4015.4099999999999,0.0012225544240151772,0,3.9198428786621884,daily_eth_dca,,,,,,,,,
2025-09-26 09:00:00+00:00,daily_eth_dca_buy,4.9164208456243852,0.0073746312684365781,3939.8308950000001,3933.9299999999998,0.0012478761085567825,0,3.921090754770745,daily_eth_dca,,,,,,,,,
2025-09-27 09:00:00+00:00,daily_eth_dca_buy,4.9164208456243852,0.0073746312684365781,3991.8488050000001,3985.8699999999999,0.0012316149949031913,0,3.9223223697656482,daily_eth_dca,,,,,,,,,
2025-09-28 09:00:00+00:00,daily_eth_dca_buy,4.9164208456243852,0.0073746312684365781,4008.0330450000006,4002.0300000000002,0.0012266417942231273,0,3.9235490115598712,daily_eth_dca,,,,,,,,,
2025-09-29 09:00:00+00:00,daily_eth_dca_buy,4.9164208456243852,0.0073746312684365781,4128.3933150000003,4122.21,0.0011908799551053398,0,3.9247398915149767,daily_eth_dca,,,,,,,,,
2025-09-30 09:00:00+00:00,daily_eth_dca_buy,4.9164208456243852,0.0073746312684365781,4175.3736799999997,4169.1199999999999,0.0011774804418521855,0,3.925917371956829,daily_eth_dca,,,,,,,,,
2025-10-01 09:00:00+00:00,daily_eth_dca_buy,4.9164208456243852,0.0073746312684365781,4297.6768599999996,4291.2399999999998,0.0011439717330503033,0,3.9270613436898794,daily_eth_dca,,,,,,,,,
2025-10-02 09:00:00+00:00,daily_eth_dca_buy,4.9164208456243852,0.0073746312684365781,4394.2114449999999,4387.6300000000001,0.0011188402986885364,0,3.9281801839885677,daily_eth_dca,,,,,,,,,
2025-10-03 09:00:00+00:00,daily_eth_dca_buy,4.9164208456243852,0.0073746312684365781,4472.9393600000003,4466.2399999999998,0.0010991476632995054,0,3.929279331651867,daily_eth_dca,,,,,,,,,
2025-10-04 09:00:00+00:00,daily_eth_dca_buy,4.9164208456243852,0.0073746312684365781,4495.9538300000004,4489.2200000000003,0.0010935212040699236,0,3.9303728528559372,daily_eth_dca,,,,,,,,,
2025-10-05 09:00:00+00:00,daily_eth_dca_buy,4.9164208456243852,0.0073746312684365781,4594.4112949999999,4587.5299999999997,0.0010700872277096354,0,3.931442940083647,daily_eth_dca,,,,,,,,,
2025-10-06 09:00:00+00:00,daily_eth_dca_buy,4.9164208456243852,0.0073746312684365781,4568.4524149999997,4561.6099999999997,0.0010761676819664072,0,3.9325191077656134,daily_eth_dca,,,,,,,,,
2025-10-07 09:00:00+00:00,daily_eth_dca_buy,4.9164208456243852,0.0073746312684365781,4677.3655399999998,4670.3599999999997,0.0010511089637061776,0,3.9335702167293194,daily_eth_dca,,,,,,,,,
2025-10-08 09:00:00+00:00,daily_eth_dca_buy,4.9164208456243852,0.0073746312684365781,4482.2132500000007,4475.5,0.0010968734799988342,0,3.9346670902093184,daily_eth_dca,,,,,,,,,
2025-10-09 09:00:00+00:00,daily_eth_dca_buy,4.9164208456243852,0.0073746312684365781,4334.502015,4328.0100000000002,0.0011342527535136895,0,3.935801342962832,daily_eth_dca,,,,,,,,,
2025-10-10 09:00:00+00:00,daily_eth_dca_buy,4.9164208456243852,0.0073746312684365781,4352.6391800000001,4346.1199999999999,0.0011295263958967499,0,3.9369308693587288,daily_eth_dca,,,,,,,,,
2025-10-11 09:00:00+00:00,daily_eth_dca_buy,4.9164208456243852,0.0073746312684365781,3821.0630100000003,3815.3400000000001,0.0012866631177653322,0,3.9382175324764943,daily_eth_dca,,,,,,,,,
2025-10-12 09:00:00+00:00,daily_eth_dca_buy,4.9164208456243852,0.0073746312684365781,3828.9047550000005,3823.1700000000001,0.0012840279819455536,0,3.93950156045844,daily_eth_dca,,,,,,,,,
2025-10-13 09:00:00+00:00,daily_eth_dca_buy,4.9164208456243852,0.0073746312684365781,4181.6230399999995,4175.3599999999997,0.0011757207186290006,0,3.9406772811770692,daily_eth_dca,,,,,,,,,
2025-10-14 09:00:00+00:00,daily_eth_dca_buy,4.9164208456243852,0.0073746312684365781,4002.3044650000002,3996.3099999999999,0.0012283975116381819,0,3.9419056786887072,daily_eth_dca,,,,,,,,,
2025-10-15 09:00:00+00:00,daily_eth_dca_buy,4.9164208456243852,0.0073746312684365781,4188.0727000000006,4181.8000000000002,0.0011739101008500603,0,3.9430795887895571,daily_eth_dca,,,,,,,,,
2025-10-16 09:00:00+00:00,daily_eth_dca_buy,4.9164208456243852,0.0073746312684365781,4000.7621550000003,3994.77,0.0012288710638496791,0,3.9443084598534068,daily_eth_dca,,,,,,,,,
2025-10-17 09:00:00+00:00,daily_eth_dca_buy,4.9164208456243852,0.0073746312684365781,3714.3632000000002,3708.8000000000002,0.0013236241532934595,0,3.9456320840067005,daily_eth_dca,,,,,,,,,
2025-10-18 09:00:00+00:00,daily_eth_dca_buy,4.9164208456243852,0.0073746312684365781,3882.5050350000001,3876.6900000000001,0.001266301215659437,0,3.9468983852223598,daily_eth_dca,,,,,,,,,
2025-10-19 09:00:00+00:00,daily_eth_dca_buy,4.9164208456243852,0.0073746312684365781,3869.0849350000003,3863.29,0.001270693439978563,0,3.9481690786623385,daily_eth_dca,,,,,,,,,
2025-10-20 09:00:00+00:00,daily_eth_dca_buy,4.9164208456243852,0.0073746312684365781,4051.4781149999999,4045.4099999999999,0.0012134881902538391,0,3.9493825668525924,daily_eth_dca,,,,,,,,,
2025-10-21 09:00:00+00:00,daily_eth_dca_buy,4.9164208456243852,0.0073746312684365781,3873.7919849999998,3867.9899999999998,0.0012691494186217605,0,3.950651716271214,daily_eth_dca,,,,,,,,,
2025-10-22 09:00:00+00:00,daily_eth_dca_buy,4.9164208456243852,0.0073746312684365781,3860.0413900000003,3854.2600000000002,0.0012736704995861157,0,3.9519253867708,daily_eth_dca,,,,,,,,,
2025-10-23 09:00:00+00:00,daily_eth_dca_buy,4.9164208456243852,0.0073746312684365781,3893.0207850000002,3887.1900000000001,0.0012628807081039987,0,3.9531882674789038,daily_eth_dca,,,,,,,,,
2025-10-24 09:00:00+00:00,daily_eth_dca_buy,4.9164208456243852,0.0073746312684365781,3958.7892900000002,3952.8600000000001,0.0012419001077029752,0,3.9544301675866067,daily_eth_dca,,,,,,,,,
2025-10-25 09:00:00+00:00,daily_eth_dca_buy,4.9164208456243852,0.0073746312684365781,3959.8408650000001,3953.9099999999999,0.0012415703088170401,0,3.9556717378954236,daily_eth_dca,,,,,,,,,
2025-10-26 09:00:00+00:00,daily_eth_dca_buy,4.9164208456243852,0.0073746312684365781,3965.9900750000006,3960.0500000000002,0.0012396452720886812,0,3.9569113831675122,daily_eth_dca,,,,,,,,,
2025-10-27 09:00:00+00:00,daily_eth_dca_buy,4.9164208456243852,0.0073746312684365781,4173.0702300000003,4166.8199999999997,0.0011781303871381012,0,3.9580895135546506,daily_eth_dca,,,,,,,,,
2025-10-28 09:00:00+00:00,daily_eth_dca_buy,4.9164208456243852,0.0073746312684365781,4130.1759849999999,4123.9899999999998,0.0011903659465068498,0,3.9592798795011572,daily_eth_dca,,,,,,,,,
2025-10-29 09:00:00+00:00,daily_eth_dca_buy,4.9164208456243852,0.0073746312684365781,4013.6714900000002,4007.6599999999999,0.0012249185958226952,0,3.9605047980969799,daily_eth_dca,,,,,,,,,
2025-10-30 09:00:00+00:00,daily_eth_dca_buy,4.9164208456243852,0.0073746312684365781,3927.5525050000001,3921.6700000000001,0.0012517772427906434,0,3.9617565753397703,daily_eth_dca,,,,,,,,,
2025-10-31 09:00:00+00:00,daily_eth_dca_buy,4.9164208456243852,0.0073746312684365781,3857.87815,3852.0999999999999,0.0012743846888021554,0,3.9630309600285725,daily_eth_dca,,,,,,,,,
2025-11-01 09:00:00+00:00,daily_eth_dca_buy,4.9164208456243852,0.0073746312684365781,3888.0132850000005,3882.1900000000001,0.0012645072136435317,0,3.9642954672422159,daily_eth_dca,,,,,,,,,
2025-11-02 09:00:00+00:00,daily_eth_dca_buy,4.9164208456243852,0.0073746312684365781,3900.5720950000004,3894.73,0.001260435835021884,0,3.9655559030772376,daily_eth_dca,,,,,,,,,
2025-11-03 09:00:00+00:00,daily_eth_dca_buy,4.9164208456243852,0.0073746312684365781,3721.9946300000001,3716.4200000000001,0.0013209102468867305,0,3.9668768133241241,daily_eth_dca,,,,,,,,,
2025-11-04 09:00:00+00:00,daily_eth_dca_buy,4.9164208456243852,0.0073746312684365781,3501.0637300000003,3495.8200000000002,0.001404264881983278,0,3.9682810782061075,daily_eth_dca,,,,,,,,,
2025-11-05 09:00:00+00:00,daily_eth_dca_buy,4.9164208456243852,0.0073746312684365781,3305.7912600000004,3300.8400000000001,0.0014872145453080981,0,3.9697682927514157,daily_eth_dca,,,,,,,,,
2025-11-06 09:00:00+00:00,daily_eth_dca_buy,4.9164208456243852,0.0073746312684365781,3390.6884150000005,3385.6100000000001,0.0014499771857168376,0,3.9712182699371326,daily_eth_dca,,,,,,,,,
2025-11-07 09:00:00+00:00,daily_eth_dca_buy,4.9164208456243852,0.0073746312684365781,3347.0530600000002,3342.04,0.0014688804621532903,0,3.972687150399286,daily_eth_dca,,,,,,,,,
2025-11-08 09:00:00+00:00,daily_eth_dca_buy,4.9164208456243852,0.0073746312684365781,3459.92211,3454.7399999999998,0.0014209628683301155,0,3.9741081132676159,daily_eth_dca,,,,,,,,,
2025-11-09 09:00:00+00:00,daily_eth_dca_buy,4.9164208456243852,0.0073746312684365781,3426.6622950000005,3421.5300000000002,0.0014347549954946419,0,3.9755428682631107,daily_eth_dca,,,,,,,,,
2025-11-10 09:00:00+00:00,daily_eth_dca_buy,4.9164208456243852,0.0073746312684365781,3599.5512400000002,3594.1599999999999,0.0013658427170005739,0,3.9769087109801111,daily_eth_dca,,,,,,,,,
2025-11-11 09:00:00+00:00,daily_eth_dca_buy,4.9164208456243852,0.0073746312684365781,3568.7451000000001,3563.4000000000001,0.0013776329516009382,0,3.9782863439317122,daily_eth_dca,,,,,,,,,
2025-11-12 09:00:00+00:00,daily_eth_dca_buy,4.9164208456243852,0.0073746312684365781,3473.6827200000002,3468.48,0.0014153338810472549,0,3.9797016778127596,daily_eth_dca,,,,,,,,,
2025-11-13 09:00:00+00:00,daily_eth_dca_buy,4.9164208456243852,0.0073746312684365781,3529.3661200000001,3524.0799999999999,0.0013930039215156247,0,3.9810946817342754,daily_eth_dca,,,,,,,,,
2025-11-14 09:00:00+00:00,daily_eth_dca_buy,4.9164208456243852,0.0073746312684365781,3210.0077999999999,3205.1999999999998,0.001531591557386367,0,3.982626273291662,daily_eth_dca,,,,,,,,,
2025-11-15 09:00:00+00:00,daily_eth_dca_buy,4.9164208456243852,0.0073746312684365781,3148.2052349999999,3143.4899999999998,0.0015616583032663641,0,3.9841879315949282,daily_eth_dca,,,,,,,,,
2025-11-16 09:00:00+00:00,daily_eth_dca_buy,4.9164208456243852,0.0073746312684365781,3224.2491300000002,3219.4200000000001,0.0015248266022248674,0,3.985712758197153,daily_eth_dca,,,,,,,,,
2025-11-17 09:00:00+00:00,daily_eth_dca_buy,4.9164208456243852,0.0073746312684365781,3195.0253600000001,3190.2399999999998,0.0015387736533097143,0,3.9872515318504629,daily_eth_dca,,,,,,,,,
2025-11-18 09:00:00+00:00,daily_eth_dca_buy,4.9164208456243852,0.0073746312684365781,3064.7802850000003,3060.1900000000001,0.0016041674731747972,0,3.9888556993236377,daily_eth_dca,,,,,,,,,
2025-11-19 09:00:00+00:00,daily_eth_dca_buy,4.9164208456243852,0.0073746312684365781,3084.8202999999999,3080.1999999999998,0.0015937462696366416,0,3.9904494455932742,daily_eth_dca,,,,,,,,,
2025-11-20 09:00:00+00:00,daily_eth_dca_buy,4.9164208456243852,0.0073746312684365781,3035.3962750000001,3030.8499999999999,0.0016196965404869205,0,3.9920691421337611,daily_eth_dca,,,,,,,,,
2025-11-21 09:00:00+00:00,daily_eth_dca_buy,4.9164208456243852,0.0073746312684365781,2742.0068500000002,2737.9000000000001,0.001793000934926324,0,3.9938621430686876,daily_eth_dca,,,,,,,,,
2025-11-22 09:00:00+00:00,daily_eth_dca_buy,4.9164208456243852,0.0073746312684365781,2733.9848350000002,2729.8899999999999,0.001798261929870721,0,3.9956604049985582,daily_eth_dca,,,,,,,,,
2025-11-23 09:00:00+00:00,daily_eth_dca_buy,4.9164208456243852,0.0073746312684365781,2815.7472950000006,2811.5300000000002,0.0017460447726806337,0,3.9974064497712387,daily_eth_dca,,,,,,,,,
2025-11-24 09:00:00+00:00,daily_eth_dca_buy,4.9164208456243852,0.0073746312684365781,2843.2384700000002,2838.98,0.001729162325812363,0,3.9991356120970512,daily_eth_dca,,,,,,,,,
2025-11-25 09:00:00+00:00,daily_eth_dca_buy,4.9164208456243852,0.0073746312684365781,2876.0075499999998,2871.6999999999998,0.0017094603404724669,0,4.0008450724375235,daily_eth_dca,,,,,,,,,
2025-11-26 09:00:00+00:00,daily_eth_dca_buy,4.9164208456243852,0.0073746312684365781,2917.3995450000002,2913.0300000000002,0.0016852065580288506,0,4.0025302789955521,daily_eth_dca,,,,,,,,,
2025-11-27 09:00:00+00:00,daily_eth_dca_buy,4.9164208456243852,0.0073746312684365781,3032.7122550000004,3028.1700000000001,0.001621130009125902,0,4.0041514090046784,daily_eth_dca,,,,,,,,,
2025-11-28 09:00:00+00:00,daily_eth_dca_buy,4.9164208456243852,0.0073746312684365781,3069.8378600000001,3065.2399999999998,0.0016015245983136011,0,4.0057529336029916,daily_eth_dca,,,,,,,,,
2025-11-29 09:00:00+00:00,daily_eth_dca_buy,4.9164208456243852,0.0073746312684365781,3012.7924200000002,3008.2800000000002,0.0016318485180019089,0,4.0073847821209938,daily_eth_dca,,,,,,,,,
2025-11-30 09:00:00+00:00,daily_eth_dca_buy,4.9164208456243852,0.0073746312684365781,3011.3903200000004,3006.8800000000001,0.0016326083048657687,0,4.0090173904258597,daily_eth_dca,,,,,,,,,
2025-12-01 09:00:00+00:00,daily_eth_dca_buy,4.9164208456243852,0.0073746312684365781,2844.8108250000005,2840.5500000000002,0.0017282066007409771,0,4.0107455970266006,daily_eth_dca,,,,,,,,,
2025-12-02 09:00:00+00:00,daily_eth_dca_buy,4.9164208456243852,0.0073746312684365781,2802.3973000000001,2798.1999999999998,0.0017543625401096358,0,4.0124999595667106,daily_eth_dca,,,,,,,,,
2025-12-03 09:00:00+00:00,daily_eth_dca_buy,4.9164208456243852,0.0073746312684365781,3055.3361400000003,3050.7600000000002,0.0016091260078586263,0,4.0141090855745691,daily_eth_dca,,,,,,,,,
2025-12-04 09:00:00+00:00,daily_eth_dca_buy,4.9164208456243852,0.0073746312684365781,3188.8260750000004,3184.0500000000002,0.001541765129233141,0,4.0156508507038025,daily_eth_dca,,,,,,,,,
2025-12-05 09:00:00+00:00,daily_eth_dca_buy,4.9164208456243852,0.0073746312684365781,3159.9127699999999,3155.1799999999998,0.0015558723304961311,0,4.0172067230342989,daily_eth_dca,,,,,,,,,
2025-12-06 09:00:00+00:00,daily_eth_dca_buy,4.9164208456243852,0.0073746312684365781,3018.9616600000004,3014.4400000000001,0.0016285138399619108,0,4.0188352368742608,daily_eth_dca,,,,,,,,,
2025-12-07 09:00:00+00:00,daily_eth_dca_buy,4.9164208456243852,0.0073746312684365781,3039.2320199999999,3034.6799999999998,0.0016176523586456507,0,4.0204528892329066,daily_eth_dca,,,,,,,,,
2025-12-08 09:00:00+00:00,daily_eth_dca_buy,4.9164208456243852,0.0073746312684365781,3148.485655,3143.77,0.0015615192141075153,0,4.0220144084470144,daily_eth_dca,,,,,,,,,
2025-12-09 09:00:00+00:00,daily_eth_dca_buy,4.9164208456243852,0.0073746312684365781,3125.66147,3120.98,0.0015729217296281241,0,4.0235873301766425,daily_eth_dca,,,,,,,,,
2025-12-10 09:00:00+00:00,daily_eth_dca_buy,4.9164208456243852,0.0073746312684365781,3327.2534050000004,3322.27,0.0014776214033581805,0,4.025064951580001,daily_eth_dca,,,,,,,,,
2025-12-11 09:00:00+00:00,daily_eth_dca_buy,4.9164208456243852,0.0073746312684365781,3201.8455750000003,3197.0500000000002,0.001535495928976645,0,4.0266004475089776,daily_eth_dca,,,,,,,,,
2025-12-12 09:00:00+00:00,daily_eth_dca_buy,4.9164208456243852,0.0073746312684365781,3249.657185,3244.79,0.0015129044590666216,0,4.0281133519680443,daily_eth_dca,,,,,,,,,
2025-12-13 09:00:00+00:00,daily_eth_dca_buy,4.9164208456243852,0.0073746312684365781,3120.9444050000002,3116.27,0.0015752990786211665,0,4.0296886510466656,daily_eth_dca,,,,,,,,,
2025-12-14 09:00:00+00:00,daily_eth_dca_buy,4.9164208456243852,0.0073746312684365781,3115.6965450000002,3111.0300000000002,0.0015779524015309342,0,4.0312666034481968,daily_eth_dca,,,,,,,,,
2025-12-15 09:00:00+00:00,daily_eth_dca_buy,4.9164208456243852,0.0073746312684365781,3144.5497600000003,3139.8400000000001,0.001563473699212311,0,4.032830077147409,daily_eth_dca,,,,,,,,,
2025-12-16 09:00:00+00:00,daily_eth_dca_buy,4.9164208456243852,0.0073746312684365781,2935.8471749999999,2931.4499999999998,0.0016746174281447009,0,4.0345046945755536,daily_eth_dca,,,,,,,,,
2025-12-17 09:00:00+00:00,daily_eth_dca_buy,4.9164208456243852,0.0073746312684365781,2930.3890000000001,2926,0.0016777365891096319,0,4.0361824311646632,daily_eth_dca,,,,,,,,,
2025-12-18 09:00:00+00:00,daily_eth_dca_buy,4.9164208456243852,0.0073746312684365781,2845.8924450000004,2841.6300000000001,0.0017275497723964,0,4.0379099809370596,daily_eth_dca,,,,,,,,,
2025-12-19 09:00:00+00:00,daily_eth_dca_buy,4.9164208456243852,0.0073746312684365781,2955.316335,2950.8899999999999,0.0016635853114601979,0,4.0395735662485199,daily_eth_dca,,,,,,,,,
2025-12-20 09:00:00+00:00,daily_eth_dca_buy,4.9164208456243852,0.0073746312684365781,2987.5145600000001,2983.04,0.0016456558610460413,0,4.0412192221095662,daily_eth_dca,,,,,,,,,
2025-12-21 09:00:00+00:00,daily_eth_dca_buy,4.9164208456243852,0.0073746312684365781,2996.6081800000002,2992.1199999999999,0.0016406618918140927,0,4.0428598840013805,daily_eth_dca,,,,,,,,,
2025-12-22 09:00:00+00:00,daily_eth_dca_buy,4.9164208456243852,0.0073746312684365781,3032.3817600000002,3027.8400000000001,0.0016213066937931933,0,4.0444811906951736,daily_eth_dca,,,,,,,,,
2025-12-23 09:00:00+00:00,daily_eth_dca_buy,4.9164208456243852,0.0073746312684365781,2966.5731950000004,2962.1300000000001,0.0016572727259555732,0,4.046138463421129,daily_eth_dca,,,,,,,,,
2025-12-24 09:00:00+00:00,daily_eth_dca_buy,4.9164208456243852,0.0073746312684365781,2927.0439900000001,2922.6599999999999,0.0016796538973862108,0,4.0478181173185153,daily_eth_dca,,,,,,,,,
2025-12-25 09:00:00+00:00,daily_eth_dca_buy,4.9164208456243852,0.0073746312684365781,2934.7455250000003,2930.3499999999999,0.0016752460490162548,0,4.0494933633675316,daily_eth_dca,,,,,,,,,
2025-12-26 09:00:00+00:00,daily_eth_dca_buy,4.9164208456243852,0.0073746312684365781,2968.9767950000005,2964.5300000000002,0.0016559310446292606,0,4.051149294412161,daily_eth_dca,,,,,,,,,
2025-12-27 09:00:00+00:00,daily_eth_dca_buy,4.9164208456243852,0.0073746312684365781,2938.8616900000002,2934.46,0.001672899702069472,0,4.0528221941142304,daily_eth_dca,,,,,,,,,
2025-12-28 09:00:00+00:00,daily_eth_dca_buy,4.9164208456243852,0.0073746312684365781,2944.1095500000001,2939.6999999999998,0.0016699177670288746,0,4.0544921118812596,daily_eth_dca,,,,,,,,,
2025-12-29 09:00:00+00:00,daily_eth_dca_buy,4.9164208456243852,0.0073746312684365781,3018.9115849999998,3014.3899999999999,0.0016285408522901095,0,4.0561206527335498,daily_eth_dca,,,,,,,,,
2025-12-30 09:00:00+00:00,daily_eth_dca_buy,4.9164208456243852,0.0073746312684365781,2982.0764150000005,2977.6100000000001,0.001648656895877829,0,4.0577693096294274,daily_eth_dca,,,,,,,,,
2025-12-31 09:00:00+00:00,daily_eth_dca_buy,4.9164208456243852,0.0073746312684365781,2973.8440850000002,2969.3899999999999,0.0016532207826303661,0,4.0594225304120579,daily_eth_dca,,,,,,,,,
2026-01-01 09:00:00+00:00,daily_eth_dca_buy,4.9164208456243852,0.0073746312684365781,2987.0638850000005,2982.5900000000001,0.0016459041503306799,0,4.0610684345623884,daily_eth_dca,,,,,,,,,
2026-01-02 09:00:00+00:00,daily_eth_dca_buy,4.9164208456243852,0.0073746312684365781,3036.818405,3032.27,0.0016189380430287484,0,4.0626873726054171,daily_eth_dca,,,,,,,,,
2026-01-03 09:00:00+00:00,daily_eth_dca_buy,4.9164208456243852,0.0073746312684365781,3100.1232200000004,3095.48,0.0015858791721267082,0,4.0642732517775437,daily_eth_dca,,,,,,,,,
2026-01-04 09:00:00+00:00,daily_eth_dca_buy,4.9164208456243852,0.0073746312684365781,3143.3279299999999,3138.6199999999999,0.0015640814306079689,0,4.0658373332081519,daily_eth_dca,,,,,,,,,
2026-01-05 09:00:00+00:00,daily_eth_dca_buy,4.9164208456243852,0.0073746312684365781,3168.3654300000003,3163.6199999999999,0.0015517215277861382,0,4.0673890547359379,daily_eth_dca,,,,,,,,,
2026-01-06 09:00:00+00:00,daily_eth_dca_buy,4.9164208456243852,0.0073746312684365781,3224.9601950000001,3220.1300000000001,0.0015244903962680957,0,4.0689135451322063,daily_eth_dca,,,,,,,,,
2026-01-07 09:00:00+00:00,daily_eth_dca_buy,4.9164208456243852,0.0073746312684365781,3259.3316749999999,3254.4499999999998,0.001508413790267106,0,4.0704219589224735,daily_eth_dca,,,,,,,,,
2026-01-08 09:00:00+00:00,daily_eth_dca_buy,4.9164208456243852,0.0073746312684365781,3121.5052450000003,3116.8299999999999,0.0015750160450633439,0,4.0719969749675364,daily_eth_dca,,,,,,,,,
2026-01-09 09:00:00+00:00,daily_eth_dca_buy,4.9164208456243852,0.0073746312684365781,3087.1137349999999,3082.4899999999998,0.0015925622661338019,0,4.0735895372336701,daily_eth_dca,,,,,,,,,
2026-01-10 09:00:00+00:00,daily_eth_dca_buy,4.9164208456243852,0.0073746312684365781,3094.9254350000001,3090.29,0.0015885425832963193,0,4.0751780798169666,daily_eth_dca,,,,,,,,,
2026-01-11 09:00:00+00:00,daily_eth_dca_buy,4.9164208456243852,0.0073746312684365781,3108.0350700000004,3103.3800000000001,0.0015818421397749494,0,4.0767599219567412,daily_eth_dca,,,,,,,,,
2026-01-12 09:00:00+00:00,daily_eth_dca_buy,4.9164208456243852,0.0073746312684365781,3120.1432049999999,3115.4699999999998,0.0015757035887794726,0,4.0783356255455203,daily_eth_dca,,,,,,,,,
2026-01-13 09:00:00+00:00,daily_eth_dca_buy,4.9164208456243852,0.0073746312684365781,3140.6939849999999,3135.9899999999998,0.0015653931484905191,0,4.0799010186940112,daily_eth_dca,,,,,,,,,
2026-01-14 09:00:00+00:00,daily_eth_dca_buy,4.9164208456243852,0.0073746312684365781,3332.3310100000003,3327.3400000000001,0.0014753698929880273,0,4.0813763885869996,daily_eth_dca,,,,,,,,,
2026-01-15 09:00:00+00:00,daily_eth_dca_buy,4.9164208456243852,0.0073746312684365781,3341.4446600000001,3336.4400000000001,0.0014713458835569598,0,4.0828477344705565,daily_eth_dca,,,,,,,,,
2026-01-16 09:00:00+00:00,daily_eth_dca_buy,4.9164208456243852,0.0073746312684365781,3318.3300400000003,3313.3600000000001,0.0014815948945284493,0,4.0843293293650849,daily_eth_dca,,,,,,,,,
2026-01-17 09:00:00+00:00,daily_eth_dca_buy,4.9164208456243852,0.0073746312684365781,3301.42472,3296.48,0.0014891815693511817,0,4.0858185109344358,daily_eth_dca,,,,,,,,,
2026-01-18 09:00:00+00:00,daily_eth_dca_buy,4.9164208456243852,0.0073746312684365781,3320.4331900000002,3315.46,0.0014806564578474127,0,4.0872991673922829,daily_eth_dca,,,,,,,,,
2026-01-19 09:00:00+00:00,daily_eth_dca_buy,4.9164208456243852,0.0073746312684365781,3218.6908050000002,3213.8699999999999,0.0015274598100529216,0,4.0888266272023355,daily_eth_dca,,,,,,,,,
2026-01-20 09:00:00+00:00,daily_eth_dca_buy,4.9164208456243852,0.0073746312684365781,3111.5002600000003,3106.8400000000001,0.0015800804868402565,0,4.0904067076891755,daily_eth_dca,,,,,,,,,
2026-01-21 09:00:00+00:00,daily_eth_dca_buy,4.9164208456243852,0.0073746312684365781,2969.9382350000001,2965.4899999999998,0.0016553949801667795,0,4.0920621026693427,daily_eth_dca,,,,,,,,,
2026-01-22 09:00:00+00:00,daily_eth_dca_buy,4.9164208456243852,0.0073746312684365781,3010.2586250000004,3005.75,0.0016332220775962013,0,4.093695324746939,daily_eth_dca,,,,,,,,,
2026-01-23 09:00:00+00:00,daily_eth_dca_buy,4.9164208456243852,0.0073746312684365781,2932.0314600000002,2927.6399999999999,0.0016767967577074991,0,4.0953721215046466,daily_eth_dca,,,,,,,,,
2026-01-24 09:00:00+00:00,daily_eth_dca_buy,4.9164208456243852,0.0073746312684365781,2967.5746950000002,2963.1300000000001,0.001656713427940989,0,4.0970288349325878,daily_eth_dca,,,,,,,,,
2026-01-25 09:00:00+00:00,daily_eth_dca_buy,4.9164208456243852,0.0073746312684365781,2933.4736200000002,2929.0799999999999,0.0016759724076279181,0,4.0987048073402157,daily_eth_dca,,,,,,,,,
2026-01-26 09:00:00+00:00,daily_eth_dca_buy,4.9164208456243852,0.0073746312684365781,2916.6584350000003,2912.29,0.0016856347615569818,0,4.1003904421017729,daily_eth_dca,,,,,,,,,
2026-01-27 09:00:00+00:00,daily_eth_dca_buy,4.9164208456243852,0.0073746312684365781,2927.7951149999999,2923.4099999999999,0.0016792229826588755,0,4.1020696650844322,daily_eth_dca,,,,,,,,,
2026-01-28 09:00:00+00:00,daily_eth_dca_buy,4.9164208456243852,0.0073746312684365781,2995.1660200000001,2990.6799999999998,0.0016414518637014935,0,4.1037111169481335,daily_eth_dca,,,,,,,,,
2026-01-29 09:00:00+00:00,daily_eth_dca_buy,4.9164208456243852,0.0073746312684365781,2957.0188850000004,2952.5900000000001,0.0016626274761259716,0,4.1053737444242593,daily_eth_dca,,,,,,,,,
2026-01-30 09:00:00+00:00,daily_eth_dca_buy,4.9164208456243852,0.0073746312684365781,2741.536145,2737.4299999999998,0.001793308782228142,0,4.1071670532064877,daily_eth_dca,,,,,,,,,
2026-01-31 09:00:00+00:00,daily_eth_dca_buy,4.9164208456243852,0.0073746312684365781,2647.98603,2644.02,0.0018566641930601066,0,4.1090237173995474,daily_eth_dca,,,,,,,,,
2026-02-01 09:00:00+00:00,daily_eth_dca_buy,4.9164208456243852,0.0073746312684365781,2416.5694250000001,2412.9499999999998,0.0020344629021466598,0,4.1110581803016943,daily_eth_dca,,,,,,,,,
2026-02-02 09:00:00+00:00,daily_eth_dca_buy,4.9164208456243852,0.0073746312684365781,2252.7039949999998,2249.3299999999999,0.0021824531125867628,0,4.1132406334142813,daily_eth_dca,,,,,,,,,
2026-02-03 09:00:00+00:00,daily_eth_dca_buy,4.9164208456243852,0.0073746312684365781,2319.2436550000002,2315.77,0.0021198380062505268,0,4.1153604714205319,daily_eth_dca,,,,,,,,,
2026-02-04 09:00:00+00:00,daily_eth_dca_buy,4.9164208456243852,0.0073746312684365781,2283.1495950000003,2279.73,0.0021533502913655485,0,4.1175138217118974,daily_eth_dca,,,,,,,,,
2026-02-05 09:00:00+00:00,daily_eth_dca_buy,4.9164208456243852,0.0073746312684365781,2114.9677000000001,2111.8000000000002,0.0023245843639240378,0,4.1198384060758215,daily_eth_dca,,,,,,,,,
2026-02-06 09:00:00+00:00,daily_eth_dca_buy,4.9164208456243852,0.0073746312684365781,1877.27169,1874.46,0.0026189181202771906,0,4.1224573241960991,daily_eth_dca,,,,,,,,,
2026-02-07 09:00:00+00:00,daily_eth_dca_buy,4.9164208456243852,0.0073746312684365781,2022.04853,2019.02,0.0024314059591954429,0,4.1248887301552948,daily_eth_dca,,,,,,,,,
2026-02-08 09:00:00+00:00,daily_eth_dca_buy,4.9164208456243852,0.0073746312684365781,2119.2140600000002,2116.04,0.0023199264946479189,0,4.1272086566499429,daily_eth_dca,,,,,,,,,
2026-02-09 09:00:00+00:00,daily_eth_dca_buy,4.9164208456243852,0.0073746312684365781,2053.09503,2050.02,0.0023946387155904737,0,4.1296032953655333,daily_eth_dca,,,,,,,,,
2026-02-10 09:00:00+00:00,daily_eth_dca_buy,4.9164208456243852,0.0073746312684365781,2017.8923050000001,2014.8699999999999,0.0024364138925760882,0,4.1320397092581089,daily_eth_dca,,,,,,,,,
2026-02-11 09:00:00+00:00,daily_eth_dca_buy,4.9164208456243852,0.0073746312684365781,1953.0551950000001,1950.1300000000001,0.0025172974415730146,0,4.1345570066996817,daily_eth_dca,,,,,,,,,
2026-02-12 09:00:00+00:00,daily_eth_dca_buy,4.9164208456243852,0.0073746312684365781,1968.46828,1965.52,0.0024975870302692332,0,4.1370545937299505,daily_eth_dca,,,,,,,,,
2026-02-13 09:00:00+00:00,daily_eth_dca_buy,4.9164208456243852,0.0073746312684365781,1961.8984400000002,1958.96,0.0025059507390323347,0,4.1395605444689831,daily_eth_dca,,,,,,,,,
2026-02-14 09:00:00+00:00,daily_eth_dca_buy,4.9164208456243852,0.0073746312684365781,2085.4735249999999,2082.3499999999999,0.0023574602058898759,0,4.1419180046748734,daily_eth_dca,,,,,,,,,
2026-02-15 09:00:00+00:00,daily_eth_dca_buy,4.9164208456243852,0.0073746312684365781,2072.3038000000001,2069.1999999999998,0.0023724421320968406,0,4.1442904468069699,daily_eth_dca,,,,,,,,,
2026-02-16 09:00:00+00:00,daily_eth_dca_buy,4.9164208456243852,0.0073746312684365781,1980.275965,1977.3099999999999,0.0024826948024006265,0,4.1467731416093709,daily_eth_dca,,,,,,,,,
2026-02-17 09:00:00+00:00,daily_eth_dca_buy,4.9164208456243852,0.0073746312684365781,1980.035605,1977.0699999999999,0.002482996181083514,0,4.1492561377904549,daily_eth_dca,,,,,,,,,
2026-02-18 09:00:00+00:00,daily_eth_dca_buy,4.9164208456243852,0.0073746312684365781,2023.7210350000003,2020.6900000000001,0.0024293965228386256,0,4.1516855343132937,daily_eth_dca,,,,,,,,,
2026-02-19 09:00:00+00:00,daily_eth_dca_buy,4.9164208456243852,0.0073746312684365781,1973.4557500000001,1970.5,0.0024912749351610163,0,4.1541768092484546,daily_eth_dca,,,,,,,,,
2026-02-20 09:00:00+00:00,daily_eth_dca_buy,4.9164208456243852,0.0073746312684365781,1962.9400000000001,1960,0.0025046210508850933,0,4.15668143029934,daily_eth_dca,,,,,,,,,
2026-02-21 09:00:00+00:00,daily_eth_dca_buy,4.9164208456243852,0.0073746312684365781,1971.9635150000001,1969.01,0.00249316014633485,0,4.1591745904456747,daily_eth_dca,,,,,,,,,
2026-02-22 09:00:00+00:00,daily_eth_dca_buy,4.9164208456243852,0.0073746312684365781,1976.3601000000001,1973.4000000000001,0.0024876138946664551,0,4.1616622043403408,daily_eth_dca,,,,,,,,,
2026-02-23 09:00:00+00:00,daily_eth_dca_buy,4.9164208456243852,0.0073746312684365781,1883.4509450000003,1880.6300000000001,0.0026103259331898259,0,4.1642725302735304,daily_eth_dca,,,,,,,,,
2026-02-24 09:00:00+00:00,daily_eth_dca_buy,4.9164208456243852,0.0073746312684365781,1834.3073400000001,1831.5599999999999,0.0026802601387531846,0,4.1669527904122834,daily_eth_dca,,,,,,,,,
2026-02-25 09:00:00+00:00,daily_eth_dca_buy,4.9164208456243852,0.0073746312684365781,1913.1554350000001,1910.29,0.0025697968683994488,0,4.1695225872806825,daily_eth_dca,,,,,,,,,
2026-02-26 09:00:00+00:00,daily_eth_dca_buy,4.9164208456243852,0.0073746312684365781,2057.511645,2054.4299999999998,0.002389498430092426,0,4.1719120857107752,daily_eth_dca,,,,,,,,,
2026-02-27 09:00:00+00:00,daily_eth_dca_buy,4.9164208456243852,0.0073746312684365781,2036.4400850000002,2033.3900000000001,0.0024142231739778313,0,4.1743263088847531,daily_eth_dca,,,,,,,,,
2026-02-28 09:00:00+00:00,daily_eth_dca_buy,4.9164208456243852,0.0073746312684365781,1855.2487050000002,1852.47,0.0026500063481377741,0,4.1769763152328911,daily_eth_dca,,,,,,,,,
2026-03-01 09:00:00+00:00,daily_eth_dca_buy,4.9164208456243852,0.0073746312684365781,1988.9890150000001,1986.01,0.0024718190037989651,0,4.17944813423669,daily_eth_dca,,,,,,,,,
2026-03-02 09:00:00+00:00,daily_eth_dca_buy,4.9164208456243852,0.0073746312684365781,1952.253995,1949.3299999999999,0.0025183305339448853,0,4.1819664647706345,daily_eth_dca,,,,,,,,,
2026-03-03 09:00:00+00:00,daily_eth_dca_buy,4.9164208456243852,0.0073746312684365781,1956.0296499999999,1953.0999999999999,0.0025134694893936731,0,4.1844799342600281,daily_eth_dca,,,,,,,,,
2026-03-04 09:00:00+00:00,daily_eth_dca_buy,4.9164208456243852,0.0073746312684365781,2066.8055650000001,2063.71,0.0023787534390659459,0,4.1868586876990941,daily_eth_dca,,,,,,,,,
2026-03-05 09:00:00+00:00,daily_eth_dca_buy,4.9164208456243852,0.0073746312684365781,2120.81646,2117.6399999999999,0.00231817365545361,0,4.1891768613545475,daily_eth_dca,,,,,,,,,
2026-03-06 09:00:00+00:00,daily_eth_dca_buy,4.9164208456243852,0.0073746312684365781,2079.0739400000002,2075.96,0.0023647166899818796,0,4.1915415780445295,daily_eth_dca,,,,,,,,,
2026-03-07 09:00:00+00:00,daily_eth_dca_buy,4.9164208456243852,0.0073746312684365781,1980.98703,1978.02,0.0024818036520029034,0,4.1940233816965327,daily_eth_dca,,,,,,,,,
2026-03-08 09:00:00+00:00,daily_eth_dca_buy,4.9164208456243852,0.0073746312684365781,1962.6695950000001,1959.73,0.0025049661227489412,0,4.1965283478192816,daily_eth_dca,,,,,,,,,
2026-03-09 09:00:00+00:00,daily_eth_dca_buy,4.9164208456243852,0.0073746312684365781,1999.8052150000001,1996.8099999999999,0.0024584498573899283,0,4.1989867976766719,daily_eth_dca,,,,,,,,,
2026-03-10 09:00:00+00:00,daily_eth_dca_buy,4.9164208456243852,0.0073746312684365781,2060.3559049999999,2057.27,0.0023861997986335207,0,4.2013729974753051,daily_eth_dca,,,,,,,,,
2026-03-11 09:00:00+00:00,daily_eth_dca_buy,4.9164208456243852,0.0073746312684365781,2026.7856250000002,2023.75,0.0024257231672562235,0,4.2037987206425615,daily_eth_dca,,,,,,,,,
2026-03-12 09:00:00+00:00,daily_eth_dca_buy,4.9164208456243852,0.0073746312684365781,2050.8616850000003,2047.79,0.0023972464265060297,0,4.2061959670690676,daily_eth_dca,,,,,,,,,
2026-03-13 09:00:00+00:00,daily_eth_dca_buy,4.9164208456243852,0.0073746312684365781,2103.2000750000002,2100.0500000000002,0.0023375906572390098,0,4.208533557726307,daily_eth_dca,,,,,,,,,
2026-03-14 09:00:00+00:00,daily_eth_dca_buy,4.9164208456243852,0.0073746312684365781,2077.4615250000002,2074.3499999999999,0.0023665520571430967,0,4.2109001097834504,daily_eth_dca,,,,,,,,,
2026-03-15 09:00:00+00:00,daily_eth_dca_buy,4.9164208456243852,0.0073746312684365781,2116.0993949999997,2112.9299999999998,0.0023233411706657502,0,4.213223450954116,daily_eth_dca,,,,,,,,,
2026-03-16 09:00:00+00:00,daily_eth_dca_buy,4.9164208456243852,0.0073746312684365781,2246.9053100000001,2243.54,0.0021880854630337695,0,4.2154115364171494,daily_eth_dca,,,,,,,,,
2026-03-17 09:00:00+00:00,daily_eth_dca_buy,4.9164208456243852,0.0073746312684365781,2324.1510050000002,2320.6700000000001,0.0021153620548095089,0,4.2175268984719585,daily_eth_dca,,,,,,,,,
2026-03-18 09:00:00+00:00,daily_eth_dca_buy,4.9164208456243852,0.0073746312684365781,2326.0738850000002,2322.5900000000001,0.00211361336255421,0,4.2196405118345126,daily_eth_dca,,,,,,,,,
2026-03-19 09:00:00+00:00,daily_eth_dca_buy,4.9164208456243852,0.0073746312684365781,2163.8909750000003,2160.6500000000001,0.0022720279821973862,0,4.2219125398167101,daily_eth_dca,,,,,,,,,
2026-03-20 09:00:00+00:00,daily_eth_dca_buy,4.9164208456243852,0.0073746312684365781,2167.4362850000002,2164.1900000000001,0.0022683115898949643,0,4.2241808514066053,daily_eth_dca,,,,,,,,,
2026-03-21 09:00:00+00:00,daily_eth_dca_buy,4.9164208456243852,0.0073746312684365781,2157.2209849999999,2153.9899999999998,0.0022790529481263996,0,4.2264599043547317,daily_eth_dca,,,,,,,,,
2026-03-22 09:00:00+00:00,daily_eth_dca_buy,4.9164208456243852,0.0073746312684365781,2089.6297500000001,2086.5,0.002352771272338741,0,4.2288126756270703,daily_eth_dca,,,,,,,,,
2026-03-23 09:00:00+00:00,daily_eth_dca_buy,4.9164208456243852,0.0073746312684365781,2051.0820150000004,2048.0100000000002,0.002396988911057457,0,4.2312096645381274,daily_eth_dca,,,,,,,,,
2026-03-24 09:00:00+00:00,daily_eth_dca_buy,4.9164208456243852,0.0073746312684365781,2158.3026050000003,2155.0700000000002,0.0022779108148388602,0,4.2334875753529664,daily_eth_dca,,,,,,,,,
2026-03-25 09:00:00+00:00,daily_eth_dca_buy,4.9164208456243852,0.0073746312684365781,2179.9049599999998,2176.6399999999999,0.0022553372444385766,0,4.2357429125974049,daily_eth_dca,,,,,,,,,
2026-03-26 09:00:00+00:00,daily_eth_dca_buy,4.9164208456243852,0.0073746312684365781,2122.829475,2119.6500000000001,0.0023159754014741977,0,4.2380588879988794,daily_eth_dca,,,,,,,,,
2026-03-27 09:00:00+00:00,daily_eth_dca_buy,4.9164208456243852,0.0073746312684365781,2050.9818650000002,2047.9100000000001,0.0023971059566752361,0,4.2404559939555551,daily_eth_dca,,,,,,,,,
2026-03-28 09:00:00+00:00,daily_eth_dca_buy,4.9164208456243852,0.0073746312684365781,2002.2388600000002,1999.24,0.002455461705315411,0,4.2429114556608702,daily_eth_dca,,,,,,,,,
2026-03-29 09:00:00+00:00,daily_eth_dca_buy,4.9164208456243852,0.0073746312684365781,2007.26639,2004.26,0.0024493115961675546,0,4.2453607672570381,daily_eth_dca,,,,,,,,,
2026-03-30 09:00:00+00:00,daily_eth_dca_buy,4.9164208456243852,0.0073746312684365781,2065.4134800000002,2062.3200000000002,0.0023803567146392329,0,4.2477411239716778,daily_eth_dca,,,,,,,,,
2026-03-31 09:00:00+00:00,daily_eth_dca_buy,4.9164208456243852,0.0073746312684365781,2043.170165,2040.1099999999999,0.0024062708676173259,0,4.2501473948392947,daily_eth_dca,,,,,,,,,
2026-04-01 09:00:00+00:00,daily_eth_dca_buy,4.9164208456243852,0.0073746312684365781,2140.1554249999999,2136.9499999999998,0.0022972260744213873,0,4.2524446209137157,daily_eth_dca,,,,,,,,,
2026-04-02 09:00:00+00:00,daily_eth_dca_buy,4.9164208456243852,0.0073746312684365781,2049.3694500000001,2046.3,0.0023989919658577836,0,4.254843612879573,daily_eth_dca,,,,,,,,,
2026-04-03 09:00:00+00:00,daily_eth_dca_buy,4.9164208456243852,0.0073746312684365781,2064.061455,2060.9699999999998,0.0023819159229560754,0,4.2572255288025289,daily_eth_dca,,,,,,,,,
2026-04-04 09:00:00+00:00,daily_eth_dca_buy,4.9164208456243852,0.0073746312684365781,2053.6458550000002,2050.5700000000002,0.0023939964301315157,0,4.2596195252326607,daily_eth_dca,,,,,,,,,
2026-04-05 09:00:00+00:00,daily_eth_dca_buy,4.9164208456243852,0.0073746312684365781,2042.2287550000001,2039.1700000000001,0.0024073800907892834,0,4.2620269053234496,daily_eth_dca,,,,,,,,,
2026-04-06 09:00:00+00:00,daily_eth_dca_buy,4.9164208456243852,0.0073746312684365781,2141.6877200000004,2138.48,0.0022955824977249177,0,4.2643224878211745,daily_eth_dca,,,,,,,,,
2026-04-07 09:00:00+00:00,daily_eth_dca_buy,4.9164208456243852,0.0073746312684365781,2118.0222749999998,2114.8499999999999,0.0023212318886610319,0,4.2666437197098359,daily_eth_dca,,,,,,,,,
2026-04-08 09:00:00+00:00,daily_eth_dca_buy,4.9164208456243852,0.0073746312684365781,2259.8547049999997,2256.4699999999998,0.0021755473193682093,0,4.2688192670292038,daily_eth_dca,,,,,,,,,
2026-04-09 09:00:00+00:00,daily_eth_dca_buy,4.9164208456243852,0.0073746312684365781,2189.6395400000001,2186.3600000000001,0.0022453105891686561,0,4.2710645776183727,daily_eth_dca,,,,,,,,,
2026-04-10 09:00:00+00:00,daily_eth_dca_buy,4.9164208456243852,0.0073746312684365781,2189.1287750000001,2185.8499999999999,0.0022458344624447161,0,4.273310412080817,daily_eth_dca,,,,,,,,,
2026-04-11 09:00:00+00:00,daily_eth_dca_buy,4.9164208456243852,0.0073746312684365781,2236.2393350000002,2232.8899999999999,0.0021985217631566188,0,4.275508933843974,daily_eth_dca,,,,,,,,,
2026-04-12 09:00:00+00:00,daily_eth_dca_buy,4.9164208456243852,0.0073746312684365781,2217.3209999999999,2214,0.0022172797017772283,0,4.2777262135457512,daily_eth_dca,,,,,,,,,
2026-04-13 09:00:00+00:00,daily_eth_dca_buy,4.9164208456243852,0.0073746312684365781,2188.5579200000002,2185.2800000000002,0.0022464202572369594,0,4.2799726338029878,daily_eth_dca,,,,,,,,,
2026-04-14 09:00:00+00:00,daily_eth_dca_buy,4.9164208456243852,0.0073746312684365781,2391.2014300000001,2387.6199999999999,0.0020560462970383823,0,4.2820286801000265,daily_eth_dca,,,,,,,,,
2026-04-15 09:00:00+00:00,daily_eth_dca_buy,4.9164208456243852,0.0073746312684365781,2330.8911000000003,2327.4000000000001,0.0021092451919458547,0,4.2841379252919722,daily_eth_dca,,,,,,,,,
2026-04-16 09:00:00+00:00,daily_eth_dca_buy,4.9164208456243852,0.0073746312684365781,2342.6286799999998,2339.1199999999999,0.0020986769638730732,0,4.2862366022558449,daily_eth_dca,,,,,,,,,
2026-04-17 09:00:00+00:00,daily_eth_dca_buy,4.9164208456243852,0.0073746312684365781,2358.4023050000001,2354.8699999999999,0.0020846404513772663,0,4.2883212427072221,daily_eth_dca,,,,,,,,,
2026-04-18 09:00:00+00:00,daily_eth_dca_buy,4.9164208456243852,0.0073746312684365781,2384.1408550000001,2380.5700000000002,0.0020621352280062264,0,4.2903833779352283,daily_eth_dca,,,,,,,,,
2026-04-19 09:00:00+00:00,daily_eth_dca_buy,4.9164208456243852,0.0073746312684365781,2322.1680350000001,2318.6900000000001,0.0021171684268853461,0,4.2925005463621133,daily_eth_dca,,,,,,,,,
2026-04-20 09:00:00+00:00,daily_eth_dca_buy,4.9164208456243852,0.0073746312684365781,2297.5211199999999,2294.0799999999999,0.0021398805881812245,0,4.2946404269502949,daily_eth_dca,,,,,,,,,
2026-04-21 09:00:00+00:00,daily_eth_dca_buy,4.9164208456243852,0.0073746312684365781,2326.9051300000001,2323.4200000000001,0.0021128583122013165,0,4.2967532852624961,daily_eth_dca,,,,,,,,,
2026-04-22 09:00:00+00:00,daily_eth_dca_buy,4.9164208456243852,0.0073746312684365781,2391.80233,2388.2199999999998,0.0020555297500794664,0,4.2988088150125758,daily_eth_dca,,,,,,,,,
2026-04-23 09:00:00+00:00,daily_eth_dca_buy,4.9164208456243852,0.0073746312684365781,2343.4198649999998,2339.9099999999999,0.0020979684089280286,0,4.300906783421504,daily_eth_dca,,,,,,,,,
2026-04-24 09:00:00+00:00,daily_eth_dca_buy,4.9164208456243852,0.0073746312684365781,2318.7128600000001,2315.2399999999998,0.0021203232752262328,0,4.3030271066967298,daily_eth_dca,,,,,,,,,
2026-04-25 09:00:00+00:00,daily_eth_dca_buy,4.9164208456243852,0.0073746312684365781,2322.9091450000001,2319.4299999999998,0.0021164929572070651,0,4.3051435996539373,daily_eth_dca,,,,,,,,,
2026-04-26 09:00:00+00:00,daily_eth_dca_buy,4.9164208456243852,0.0073746312684365781,2335.868555,2332.3699999999999,0.0021047506440808202,0,4.3072483502980186,daily_eth_dca,,,,,,,,,
2026-04-27 09:00:00+00:00,daily_eth_dca_buy,4.9164208456243852,0.0073746312684365781,2323.1595200000002,2319.6799999999998,0.0021162648553829763,0,4.3093646151534015,daily_eth_dca,,,,,,,,,
2026-04-28 09:00:00+00:00,daily_eth_dca_buy,4.9164208456243852,0.0073746312684365781,2290.5006050000002,2287.0700000000002,0.0021464394442386034,0,4.3115110545976405,daily_eth_dca,,,,,,,,,
2026-04-29 09:00:00+00:00,daily_eth_dca_buy,4.9164208456243852,0.0073746312684365781,2328.8179949999999,2325.3299999999999,0.0021111228340643193,0,4.3136221774317045,daily_eth_dca,,,,,,,,,
2026-04-30 09:00:00+00:00,daily_eth_dca_buy,4.9164208456243852,0.0073746312684365781,2260.034975,2256.6500000000001,0.0021753737884628909,0,4.3157975512201672,daily_eth_dca,,,,,,,,,
2026-05-01 09:00:00+00:00,daily_eth_dca_buy,4.9164208456243852,0.0073746312684365781,2290.3603950000002,2286.9299999999998,0.0021465708437664391,0,4.3179441220639339,daily_eth_dca,,,,,,,,,
2026-05-02 09:00:00+00:00,daily_eth_dca_buy,4.9164208456243852,0.0073746312684365781,2306.7950100000003,2303.3400000000001,0.0021312777356945925,0,4.3200753997996282,daily_eth_dca,,,,,,,,,
2026-05-03 09:00:00+00:00,daily_eth_dca_buy,4.9164208456243852,0.0073746312684365781,2311.7524349999999,2308.29,0.0021267073286869429,0,4.322202107128315,daily_eth_dca,,,,,,,,,
2026-05-04 09:00:00+00:00,daily_eth_dca_buy,4.9164208456243852,0.0073746312684365781,2363.5800600000002,2360.04,0.0020800737528748592,0,4.3242821808811902,daily_eth_dca,,,,,,,,,
2026-05-05 09:00:00+00:00,daily_eth_dca_buy,4.9164208456243852,0.0073746312684365781,2380.3852300000003,2376.8200000000002,0.0020653887377819029,0,4.3263475696189717,daily_eth_dca,,,,,,,,,
2026-05-06 09:00:00+00:00,daily_eth_dca_buy,4.9164208456243852,0.0073746312684365781,2397.9114800000002,2394.3200000000002,0.0020502928847166554,0,4.3283978625036887,daily_eth_dca,,,,,,,,,
2026-05-07 09:00:00+00:00,daily_eth_dca_buy,4.9164208456243852,0.0073746312684365781,2337.230595,2333.73,0.0021035240836492579,0,4.3305013865873381,daily_eth_dca,,,,,,,,,
2026-05-08 09:00:00+00:00,daily_eth_dca_buy,4.9164208456243852,0.0073746312684365781,2286.9853400000002,2283.5599999999999,0.0021497386798397162,0,4.3326511252671782,daily_eth_dca,,,,,,,,,
2026-05-09 09:00:00+00:00,daily_eth_dca_buy,4.9164208456243852,0.0073746312684365781,2320.6357400000002,2317.1599999999999,0.0021185663742403558,0,4.3347696916414185,daily_eth_dca,,,,,,,,,
2026-05-10 09:00:00+00:00,daily_eth_dca_buy,4.9164208456243852,0.0073746312684365781,2333.65524,2330.1599999999999,0.0021067468584709988,0,4.336876438499889,daily_eth_dca,,,,,,,,,
2026-05-11 09:00:00+00:00,daily_eth_dca_buy,4.9164208456243852,0.0073746312684365781,2333.9757200000004,2330.48,0.0021064575794406226,0,4.3389828960793295,daily_eth_dca,,,,,,,,,
2026-05-12 09:00:00+00:00,daily_eth_dca_buy,4.9164208456243852,0.0073746312684365781,2291.4320000000002,2288,0.0021455669841498174,0,4.3411284630634794,daily_eth_dca,,,,,,,,,
2026-05-13 09:00:00+00:00,daily_eth_dca_buy,4.9164208456243852,0.0073746312684365781,2320.1249750000002,2316.6500000000001,0.0021190327670277264,0,4.3432474958305072,daily_eth_dca,,,,,,,,,
2026-05-14 09:00:00+00:00,daily_eth_dca_buy,4.9164208456243852,0.0073746312684365781,2269.7495250000002,2266.3499999999999,0.0021660631675313974,0,4.3454135589980387,daily_eth_dca,,,,,,,,,
2026-05-15 09:00:00+00:00,daily_eth_dca_buy,4.9164208456243852,0.0073746312684365781,2260.94634,2257.5599999999999,0.0021744969169079816,0,4.3475880559149465,daily_eth_dca,,,,,,,,,
2026-05-16 09:00:00+00:00,daily_eth_dca_buy,4.9164208456243852,0.0073746312684365781,2196.5498900000002,2193.2600000000002,0.0022382468379192537,0,4.3498263027528656,daily_eth_dca,,,,,,,,,
2026-05-17 09:00:00+00:00,daily_eth_dca_buy,4.9164208456243852,0.0073746312684365781,2189.2289249999999,2185.9499999999998,0.002245731722928147,0,4.3520720344757935,daily_eth_dca,,,,,,,,,
2026-05-18 09:00:00+00:00,daily_eth_dca_buy,4.9164208456243852,0.0073746312684365781,2124.7523550000001,2121.5700000000002,0.0023138794664964075,0,4.3543859139422896,daily_eth_dca,,,,,,,,,
2026-05-19 09:00:00+00:00,daily_eth_dca_buy,4.9164208456243852,0.0073746312684365781,2136.92058,2133.7199999999998,0.0023007035879753592,0,4.356686617530265,daily_eth_dca,,,,,,,,,
2026-05-20 09:00:00+00:00,daily_eth_dca_buy,4.9164208456243852,0.0073746312684365781,2135.1078649999999,2131.9099999999999,0.0023026568943974104,0,4.3589892744246628,daily_eth_dca,,,,,,,,,
2026-05-21 09:00:00+00:00,daily_eth_dca_buy,4.9164208456243852,0.0073746312684365781,2141.4673900000003,2138.2600000000002,0.0022958186842267931,0,4.36128509310889,daily_eth_dca,,,,,,,,,
2026-05-22 09:00:00+00:00,daily_eth_dca_buy,4.9164208456243852,0.0073746312684365781,2125.4734349999999,2122.29,0.0023130944685857179,0,4.3635981875774759,daily_eth_dca,,,,,,,,,
2026-05-23 09:00:00+00:00,daily_eth_dca_buy,4.9164208456243852,0.0073746312684365781,2033.3654800000002,2030.3199999999999,0.0024178736651044087,0,4.36601606124258,daily_eth_dca,,,,,,,,,
2026-05-24 09:00:00+00:00,daily_eth_dca_buy,4.9164208456243852,0.0073746312684365781,2123.510495,2120.3299999999999,0.002315232657055639,0,4.3683312938996357,daily_eth_dca,,,,,,,,,
2026-05-25 09:00:00+00:00,daily_eth_dca_buy,4.9164208456243852,0.0073746312684365781,2120.0052449999998,2116.8299999999999,0.0023190606991278389,0,4.3706503545987632,daily_eth_dca,,,,,,,,,
2026-05-26 09:00:00+00:00,daily_eth_dca_buy,4.9164208456243852,0.0073746312684365781,2100.4058900000005,2097.2600000000002,0.0023407003708337459,0,4.3729910549695967,daily_eth_dca,,,,,,,,,
2026-05-27 09:00:00+00:00,daily_eth_dca_buy,4.9164208456243852,0.0073746312684365781,2088.18759,2085.0599999999999,0.0023543961611343475,0,4.3753454511307313,daily_eth_dca,,,,,,,,,
2026-05-28 09:00:00+00:00,daily_eth_dca_buy,4.9164208456243852,0.0073746312684365781,1991.2524050000002,1988.27,0.0024690093698213939,0,4.3778144605005522,daily_eth_dca,,,,,,,,,
2026-05-29 09:00:00+00:00,daily_eth_dca_buy,4.9164208456243852,0.0073746312684365781,2009.1191650000001,2006.1099999999999,0.002447052883308883,0,4.3802615133838607,daily_eth_dca,,,,,,,,,
2026-05-30 09:00:00+00:00,daily_eth_dca_buy,4.9164208456243852,0.0073746312684365781,2017.1812400000001,2014.1600000000001,0.0024372727388761481,0,4.3826987861227371,daily_eth_dca,,,,,,,,,
2026-05-31 09:00:00+00:00,daily_eth_dca_buy,4.9164208456243852,0.0073746312684365781,2030.6814600000002,2027.6400000000001,0.0024210694500674591,0,4.3851198555728041,daily_eth_dca,,,,,,,,,
2026-06-01 09:00:00+00:00,daily_eth_dca_buy,4.9164208456243852,0.0073746312684365781,1986.9359400000001,1983.96,0.0024743731021466073,0,4.387594228674951,daily_eth_dca,,,,,,,,,
2026-06-02 09:00:00+00:00,daily_eth_dca_buy,4.9164208456243852,0.0073746312684365781,1982.1888300000001,1979.22,0.0024802989358104622,0,4.3900745276107616,daily_eth_dca,,,,,,,,,
2026-06-03 09:00:00+00:00,daily_eth_dca_buy,4.9164208456243852,0.0073746312684365781,1882.830015,1880.01,0.002611186780780306,0,4.3926857143915417,daily_eth_dca,,,,,,,,,
2026-06-04 09:00:00+00:00,daily_eth_dca_buy,4.9164208456243852,0.0073746312684365781,1776.2904450000003,1773.6300000000001,0.0027678023374293299,0,4.3954535167289706,daily_eth_dca,,,,,,,,,
2026-06-05 09:00:00+00:00,daily_eth_dca_buy,4.9164208456243852,0.0073746312684365781,1666.3758200000002,1663.8800000000001,0.0029503673700836492,0,4.3984038840990545,daily_eth_dca,,,,,,,,,
2026-06-06 09:00:00+00:00,daily_eth_dca_buy,4.9164208456243852,0.0073746312684365781,1584.9338400000001,1582.5599999999999,0.003101972285243392,0,4.4015058563842979,daily_eth_dca,,,,,,,,,
2026-06-07 09:00:00+00:00,daily_eth_dca_buy,4.9164208456243852,0.0073746312684365781,1643.8120249999999,1641.3499999999999,0.0029908656043712693,0,4.4044967219886688,daily_eth_dca,,,,,,,,,
2026-06-08 09:00:00+00:00,daily_eth_dca_buy,4.9164208456243852,0.0073746312684365781,1663.6617550000001,1661.1700000000001,0.0029551805412659647,0,4.4074519025299344,daily_eth_dca,,,,,,,,,
2026-06-09 09:00:00+00:00,daily_eth_dca_buy,4.9164208456243852,0.0073746312684365781,1677.7929200000001,1675.28,0.0029302906139479865,0,4.4103821931438825,daily_eth_dca,,,,,,,,,
2026-06-10 09:00:00+00:00,daily_eth_dca_buy,4.9164208456243852,0.0073746312684365781,1623.782025,1621.3499999999999,0.0030277591264901366,0,4.4134099522703725,daily_eth_dca,,,,,,,,,
2026-06-11 09:00:00+00:00,daily_eth_dca_buy,4.9164208456243852,0.0073746312684365781,1662.459955,1659.97,0.0029573168549641158,0,4.4163672691253364,daily_eth_dca,,,,,,,,,
2026-06-12 09:00:00+00:00,daily_eth_dca_buy,4.9164208456243852,0.0073746312684365781,1676.040295,1673.53,0.0029333548007712935,0,4.4193006239261079,daily_eth_dca,,,,,,,,,
2026-06-13 09:00:00+00:00,daily_eth_dca_buy,4.9164208456243852,0.0073746312684365781,1677.0818550000001,1674.5699999999999,0.0029315330262304844,0,4.4222321569523384,daily_eth_dca,,,,,,,,,
2026-06-14 09:00:00+00:00,daily_eth_dca_buy,4.9164208456243852,0.0073746312684365781,1678.09337,1675.5799999999999,0.0029297659674469632,0,4.4251619229197852,daily_eth_dca,,,,,,,,,
2026-06-15 09:00:00+00:00,daily_eth_dca_buy,4.9164208456243852,0.0073746312684365781,1722.930525,1720.3499999999999,0.0028535223993575629,0,4.4280154453191427,daily_eth_dca,,,,,,,,,
2026-06-16 09:00:00+00:00,daily_eth_dca_buy,4.9164208456243852,0.0073746312684365781,1805.9348450000002,1803.23,0.0027223688934494114,0,4.4307378142125922,daily_eth_dca,,,,,,,,,
2026-06-17 09:00:00+00:00,daily_eth_dca_buy,4.9164208456243852,0.0073746312684365781,1767.94795,1765.3,0.0027808628900100737,0,4.4335186771026018,daily_eth_dca,,,,,,,,,
2026-06-18 09:00:00+00:00,daily_eth_dca_buy,4.9164208456243852,0.0073746312684365781,1750.2915050000001,1747.6700000000001,0.0028089154472725301,0,4.4363275925498744,daily_eth_dca,,,,,,,,,
2026-06-19 09:00:00+00:00,daily_eth_dca_buy,4.9164208456243852,0.0073746312684365781,1700.4869100000001,1697.9400000000001,0.002891184175963098,0,4.4392187767258378,daily_eth_dca,,,,,,,,,
2026-06-20 09:00:00+00:00,daily_eth_dca_buy,4.9164208456243852,0.0073746312684365781,1725.4142449999999,1722.8299999999999,0.0028494147766957756,0,4.4420681915025337,daily_eth_dca,,,,,,,,,
2026-06-21 09:00:00+00:00,daily_eth_dca_buy,4.9164208456243852,0.0073746312684365781,1731.703665,1729.1099999999999,0.0028390659123680869,0,4.4449072574149016,daily_eth_dca,,,,,,,,,
2026-06-22 09:00:00+00:00,daily_eth_dca_buy,4.9164208456243852,0.0073746312684365781,1750.4217000000001,1747.8,0.0028087065223336666,0,4.4477159639372355,daily_eth_dca,,,,,,,,,
2026-06-23 09:00:00+00:00,daily_eth_dca_buy,4.9164208456243852,0.0073746312684365781,1650.9427050000002,1648.47,0.0029779475876023117,0,4.4506939115248381,daily_eth_dca,,,,,,,,,
2026-06-24 09:00:00+00:00,daily_eth_dca_buy,4.9164208456243852,0.0073746312684365781,1675.7899200000002,1673.28,0.002933793064959112,0,4.4536277045897972,daily_eth_dca,,,,,,,,,
2026-06-25 09:00:00+00:00,daily_eth_dca_buy,4.9164208456243852,0.0073746312684365781,1655.4093950000001,1652.9300000000001,0.0029699123736242807,0,4.4565976169634212,daily_eth_dca,,,,,,,,,
2026-06-26 09:00:00+00:00,daily_eth_dca_buy,4.9164208456243852,0.0073746312684365781,1568.7896600000001,1566.4400000000001,0.0031338942185687182,0,4.4597315111819897,daily_eth_dca,,,,,,,,,
2026-06-27 09:00:00+00:00,daily_eth_dca_buy,4.9164208456243852,0.0073746312684365781,1586.55627,1584.1800000000001,0.00309880017405521,0,4.4628303113560452,daily_eth_dca,,,,,,,,,
2026-06-28 09:00:00+00:00,daily_eth_dca_buy,4.9164208456243852,0.0073746312684365781,1583.95237,1581.5799999999999,0.0031038943712836426,0,4.4659342057273292,daily_eth_dca,,,,,,,,,
2026-06-29 09:00:00+00:00,daily_eth_dca_buy,4.9164208456243852,0.0073746312684365781,1575.3394700000001,1572.98,0.0031208643846296728,0,4.4690550701119589,daily_eth_dca,,,,,,,,,
2026-06-30 09:00:00+00:00,daily_eth_dca_buy,4.9164208456243852,0.0073746312684365781,1586.3459550000002,1583.97,0.0030992110076167997,0,4.4721542811195754,daily_eth_dca,,,,,,,,,
2026-07-01 09:00:00+00:00,daily_eth_dca_buy,4.9164208456243852,0.0073746312684365781,1584.7335399999999,1582.3599999999999,0.0031023643543408473,0,4.475256645473916,daily_eth_dca,,,,,,,,,
2026-07-02 09:00:00+00:00,daily_eth_dca_buy,4.9164208456243852,0.0073746312684365781,1627.3473650000001,1624.9100000000001,0.0030211256375644083,0,4.4782777711114807,daily_eth_dca,,,,,,,,,
2026-07-03 09:00:00+00:00,daily_eth_dca_buy,4.9164208456243852,0.0073746312684365781,1722.4698350000001,1719.8900000000001,0.0028542855995062374,0,4.4811320567109867,daily_eth_dca,,,,,,,,,
2026-07-04 09:00:00+00:00,daily_eth_dca_buy,4.9164208456243852,0.0073746312684365781,1764.94345,1762.3,0.002785596810835149,0,4.4839176535218215,daily_eth_dca,,,,,,,,,
2026-07-05 09:00:00+00:00,daily_eth_dca_buy,4.9164208456243852,0.0073746312684365781,1770.3715800000002,1767.72,0.0027770559023684647,0,4.4866947094241896,daily_eth_dca,,,,,,,,,
2026-07-06 09:00:00+00:00,daily_eth_dca_buy,4.9164208456243852,0.0073746312684365781,1768.18831,1765.54,0.0027804848713338598,0,4.4894751942955233,daily_eth_dca,,,,,,,,,
2026-07-07 09:00:00+00:00,daily_eth_dca_buy,4.9164208456243852,0.0073746312684365781,1773.4261550000001,1770.77,0.0027722726608959847,0,4.4922474669564192,daily_eth_dca,,,,,,,,,
2026-07-08 09:00:00+00:00,daily_eth_dca_buy,4.9164208456243852,0.0073746312684365781,1737.9229800000001,1735.3199999999999,0.0028289060575195256,0,4.4950763730139389,daily_eth_dca,,,,,,,,,
2026-07-09 09:00:00+00:00,daily_eth_dca_buy,4.9164208456243852,0.0073746312684365781,1757.0816750000001,1754.45,0.0027980605088402536,0,4.4978744335227789,daily_eth_dca,,,,,,,,,
2026-07-10 09:00:00+00:00,daily_eth_dca_buy,4.9164208456243852,0.0073746312684365781,1786.6659850000001,1783.99,0.0027517291351043349,0,4.5006261626578832,daily_eth_dca,,,,,,,,,
2026-07-11 09:00:00+00:00,daily_eth_dca_buy,4.9164208456243852,0.0073746312684365781,1804.1722050000001,1801.47,0.0027250285931682363,0,4.5033511912510518,daily_eth_dca,,,,,,,,,
2026-07-12 09:00:00+00:00,daily_eth_dca_buy,4.9164208456243852,0.0073746312684365781,1807.9278300000001,1805.22,0.0027193678663735071,0,4.5060705591174255,daily_eth_dca,,,,,,,,,
2026-07-13 09:00:00+00:00,daily_eth_dca_buy,4.9164208456243852,0.0073746312684365781,1792.8652700000002,1790.1800000000001,0.0027422143358404086,0,4.5088127734532657,daily_eth_dca,,,,,,,,,
2026-07-14 09:00:00+00:00,daily_eth_dca_buy,4.9164208456243852,0.0073746312684365781,1788.6189100000001,1785.9400000000001,0.0027487246266586687,0,4.5115614980799243,daily_eth_dca,,,,,,,,,
2026-07-15 09:00:00+00:00,daily_eth_dca_buy,4.9164208456243852,0.0073746312684365781,1882.0388300000002,1879.22,0.0026122844902325341,0,4.5141737825701567,daily_eth_dca,,,,,,,,,
2026-07-16 09:00:00+00:00,daily_eth_dca_buy,4.9164208456243852,0.0073746312684365781,1888.9191350000001,1886.0899999999999,0.0026027693586916758,0,4.5167765519288485,daily_eth_dca,,,,,,,,,
2026-07-17 09:00:00+00:00,daily_eth_dca_buy,4.9164208456243852,0.0073746312684365781,1832.9052400000003,1830.1600000000001,0.0026823104317298938,0,4.5194588623605787,daily_eth_dca,,,,,,,,,
2026-07-18 09:00:00+00:00,daily_eth_dca_buy,4.9164208456243852,0.0073746312684365781,1850.2111600000001,1847.4400000000001,0.0026572214847219843,0,4.5221160838453009,daily_eth_dca,,,,,,,,,
2026-07-19 09:00:00+00:00,daily_eth_dca_buy,4.9164208456243852,0.0073746312684365781,1876.7008350000001,1873.8900000000001,0.002619714742986399,0,4.5247357985882877,daily_eth_dca,,,,,,,,,
2026-07-20 09:00:00+00:00,daily_eth_dca_buy,4.9164208456243852,0.0073746312684365781,1863.7915,1861,0.0026378598923883843,0,4.5273736584806761,daily_eth_dca,,,,,,,,,
2026-07-21 09:00:00+00:00,daily_eth_dca_buy,4.9164208456243852,0.0073746312684365781,1942.699685,1939.79,0.0025307158299273545,0,4.5299043743106031,daily_eth_dca,,,,,,,,,
2026-07-22 09:00:00+00:00,daily_eth_dca_buy,4.9164208456243852,0.0073746312684365781,1924.2119950000001,1921.3299999999999,0.0025550307650090212,0,4.5324594050756124,daily_eth_dca,,,,,,,,,
2026-07-23 09:00:00+00:00,daily_eth_dca_buy,4.9164208456243852,0.0073746312684365781,1929.4298100000001,1926.54,0.002548121118551799,0,4.535007526194164,daily_eth_dca,,,,,,,,,
2026-07-24 09:00:00+00:00,daily_eth_dca_buy,4.9164208456243852,0.0073746312684365781,1890.9021050000001,1888.0699999999999,0.0026000398606697752,0,4.5376075660548336,daily_eth_dca,,,,,,,,,
2026-07-25 09:00:00+00:00,daily_eth_dca_buy,4.9164208456243852,0.0073746312684365781,1856.5807,1853.8,0.0026481051136771944,0,4.5402556711685111,daily_eth_dca,,,,,,,,,
2026-07-26 09:00:00+00:00,daily_eth_dca_buy,4.9164208456243852,0.0073746312684365781,1884.2421300000001,1881.4200000000001,0.0026092298687878214,0,4.5428649010372988,daily_eth_dca,,,,,,,,,
2026-07-27 09:00:00+00:00,daily_eth_dca_buy,4.9164208456243852,0.0073746312684365781,1967.1963750000002,1964.25,0.0024992018631715832,0,4.5453641029004705,daily_eth_dca,,,,,,,,,
2021-01-04 09:00:00+00:00,weekly_monday_eth_dca_buy,19.665683382497541,0.029498525073746312,1024.1739600000001,1022.64,0.019201506922220068,0,0.019201506922220068,weekly_monday_eth_dca,,,,,,,,,
2021-01-11 09:00:00+00:00,weekly_monday_eth_dca_buy,34.414945919370702,0.051622418879056053,1110.3530350000001,1108.6900000000001,0.030994597965295516,0,0.05019610488751558,weekly_monday_eth_dca,,,,,,,,,
2021-01-18 09:00:00+00:00,weekly_monday_eth_dca_buy,34.414945919370702,0.051622418879056053,1224.9646950000001,1223.1300000000001,0.028094643102649336,0,0.078290747990164916,weekly_monday_eth_dca,,,,,,,,,
2021-01-25 09:00:00+00:00,weekly_monday_eth_dca_buy,34.414945919370702,0.051622418879056053,1425.1144700000002,1422.98,0.024148899364814319,0,0.10243964735497924,weekly_monday_eth_dca,,,,,,,,,
2021-02-01 09:00:00+00:00,weekly_monday_eth_dca_buy,34.414945919370702,0.051622418879056053,1333.987985,1331.99,0.025798542645322779,0,0.12823819000030201,weekly_monday_eth_dca,,,,,,,,,
2021-02-08 09:00:00+00:00,weekly_monday_eth_dca_buy,34.414945919370702,0.051622418879056053,1635.28926,1632.8399999999999,0.02104517332876674,0,0.14928336332906875,weekly_monday_eth_dca,,,,,,,,,
2021-02-15 09:00:00+00:00,weekly_monday_eth_dca_buy,34.414945919370702,0.051622418879056053,1765.8948750000002,1763.25,0.019488671951307802,0,0.16877203528037654,weekly_monday_eth_dca,,,,,,,,,
2021-02-22 09:00:00+00:00,weekly_monday_eth_dca_buy,34.414945919370702,0.051622418879056053,1857.9928150000001,1855.21,0.01852264747287018,0,0.18729468275324673,weekly_monday_eth_dca,,,,,,,,,
2021-03-01 09:00:00+00:00,weekly_monday_eth_dca_buy,34.414945919370702,0.051622418879056053,1466.6767200000002,1464.48,0.023464575015120372,0,0.2107592577683671,weekly_monday_eth_dca,,,,,,,,,
2021-03-08 09:00:00+00:00,weekly_monday_eth_dca_buy,34.414945919370702,0.051622418879056053,1687.98819,1685.46,0.020388143781604716,0,0.23114740154997182,weekly_monday_eth_dca,,,,,,,,,
2021-03-15 09:00:00+00:00,weekly_monday_eth_dca_buy,34.414945919370702,0.051622418879056053,1791.7235600000001,1789.04,0.019207731978124292,0,0.25035513352809613,weekly_monday_eth_dca,,,,,,,,,
2021-03-22 09:00:00+00:00,weekly_monday_eth_dca_buy,34.414945919370702,0.051622418879056053,1782.960435,1780.29,0.019302136628382729,0,0.26965727015647883,weekly_monday_eth_dca,,,,,,,,,
2021-03-29 09:00:00+00:00,weekly_monday_eth_dca_buy,34.414945919370702,0.051622418879056053,1737.6325450000002,1735.03,0.01980565224701791,0,0.28946292240349675,weekly_monday_eth_dca,,,,,,,,,
2021-04-05 09:00:00+00:00,weekly_monday_eth_dca_buy,34.414945919370702,0.051622418879056053,2031.9233200000003,2028.8800000000001,0.016937128276755392,0,0.30640005068025211,weekly_monday_eth_dca,,,,,,,,,
2021-04-12 09:00:00+00:00,weekly_monday_eth_dca_buy,34.414945919370702,0.051622418879056053,2186.8553700000002,2183.5799999999999,0.015737184265354823,0,0.32213723494560692,weekly_monday_eth_dca,,,,,,,,,
2021-04-19 09:00:00+00:00,weekly_monday_eth_dca_buy,34.414945919370702,0.051622418879056053,2244.2913949999997,2240.9299999999998,0.015334437406854962,0,0.33747167235246189,weekly_monday_eth_dca,,,,,,,,,
2021-04-26 09:00:00+00:00,weekly_monday_eth_dca_buy,34.414945919370702,0.051622418879056053,2441.466715,2437.8099999999999,0.014096012740182165,0,0.35156768509264408,weekly_monday_eth_dca,,,,,,,,,
2021-05-03 09:00:00+00:00,weekly_monday_eth_dca_buy,34.414945919370702,0.051622418879056053,3188.8360900000002,3184.0599999999999,0.01079232200968056,0,0.36236000710232463,weekly_monday_eth_dca,,,,,,,,,
2021-05-10 09:00:00+00:00,weekly_monday_eth_dca_buy,34.414945919370702,0.051622418879056053,4170.876945,4164.6300000000001,0.0082512494070646099,0,0.37061125650938925,weekly_monday_eth_dca,,,,,,,,,
2021-05-17 09:00:00+00:00,weekly_monday_eth_dca_buy,34.414945919370702,0.051622418879056053,3545.7706900000003,3540.46,0.0097059141518739036,0,0.38031717066126314,weekly_monday_eth_dca,,,,,,,,,
2021-05-24 09:00:00+00:00,weekly_monday_eth_dca_buy,34.414945919370702,0.051622418879056053,2294.6367999999998,2291.1999999999998,0.014997992675516537,0,0.39531516333677968,weekly_monday_eth_dca,,,,,,,,,
2021-05-31 09:00:00+00:00,weekly_monday_eth_dca_buy,34.414945919370702,0.051622418879056053,2496.7395000000001,2493,0.013783955402384069,0,0.40909911873916377,weekly_monday_eth_dca,,,,,,,,,
2021-06-07 09:00:00+00:00,weekly_monday_eth_dca_buy,34.414945919370702,0.051622418879056053,2761.4459649999999,2757.3099999999999,0.012462654115113457,0,0.42156177285427721,weekly_monday_eth_dca,,,,,,,,,
2021-06-14 09:00:00+00:00,weekly_monday_eth_dca_buy,34.414945919370702,0.051622418879056053,2480.8356800000001,2477.1199999999999,0.01387231979804914,0,0.43543409265232635,weekly_monday_eth_dca,,,,,,,,,
2021-06-21 09:00:00+00:00,weekly_monday_eth_dca_buy,34.414945919370702,0.051622418879056053,2017.371525,2014.3499999999999,0.017059299932059218,0,0.45249339258438559,weekly_monday_eth_dca,,,,,,,,,
2021-06-28 09:00:00+00:00,weekly_monday_eth_dca_buy,34.414945919370702,0.051622418879056053,2068.8987000000002,2065.8000000000002,0.01663442773653959,0,0.4691278203209252,weekly_monday_eth_dca,,,,,,,,,
2021-07-05 09:00:00+00:00,weekly_monday_eth_dca_buy,34.414945919370702,0.051622418879056053,2277.4310300000002,2274.02,0.015111301051944786,0,0.48423912137287001,weekly_monday_eth_dca,,,,,,,,,
2021-07-12 09:00:00+00:00,weekly_monday_eth_dca_buy,34.414945919370702,0.051622418879056053,2147.2260150000002,2144.0100000000002,0.016027630849736466,0,0.50026675222260653,weekly_monday_eth_dca,,,,,,,,,
2021-07-19 09:00:00+00:00,weekly_monday_eth_dca_buy,34.414945919370702,0.051622418879056053,1878.93418,1876.1199999999999,0.018316206222492956,0,0.5185829584450995,weekly_monday_eth_dca,,,,,,,,,
2021-07-26 09:00:00+00:00,weekly_monday_eth_dca_buy,34.414945919370702,0.051622418879056053,2337.8815700000005,2334.3800000000001,0.014720568552739262,0,0.53330352699783878,weekly_monday_eth_dca,,,,,,,,,
2021-08-02 09:00:00+00:00,weekly_monday_eth_dca_buy,34.414945919370702,0.051622418879056053,2576.9396200000001,2573.0799999999999,0.013354967905445414,0,0.54665849490328422,weekly_monday_eth_dca,,,,,,,,,
2021-08-09 09:00:00+00:00,weekly_monday_eth_dca_buy,34.414945919370702,0.051622418879056053,2962.4370000000004,2958,0.011617106429392657,0,0.55827560133267684,weekly_monday_eth_dca,,,,,,,,,
2021-08-16 09:00:00+00:00,weekly_monday_eth_dca_buy,34.414945919370702,0.051622418879056053,3274.2039500000005,3269.3000000000002,0.010510935312801971,0,0.56878653664547885,weekly_monday_eth_dca,,,,,,,,,
2021-08-23 09:00:00+00:00,weekly_monday_eth_dca_buy,34.414945919370702,0.051622418879056053,3338.7806700000006,3333.7800000000002,0.01030763902181412,0,0.57909417566729293,weekly_monday_eth_dca,,,,,,,,,
2021-08-30 09:00:00+00:00,weekly_monday_eth_dca_buy,34.414945919370702,0.051622418879056053,3198.8811350000005,3194.0900000000001,0.010758432235204231,0,0.58985260790249716,weekly_monday_eth_dca,,,,,,,,,
2021-09-06 09:00:00+00:00,weekly_monday_eth_dca_buy,34.414945919370702,0.051622418879056053,3964.9485150000005,3959.0100000000002,0.0086797964183327348,0,0.59853240432082988,weekly_monday_eth_dca,,,,,,,,,
2021-09-13 09:00:00+00:00,weekly_monday_eth_dca_buy,34.414945919370702,0.051622418879056053,3206.993285,3202.1900000000001,0.01073121857795555,0,0.60926362289878544,weekly_monday_eth_dca,,,,,,,,,
2021-09-20 09:00:00+00:00,weekly_monday_eth_dca_buy,34.414945919370702,0.051622418879056053,3162.3063550000002,3157.5700000000002,0.010882862713461137,0,0.62014648561224661,weekly_monday_eth_dca,,,,,,,,,
2021-09-27 09:00:00+00:00,weekly_monday_eth_dca_buy,34.414945919370702,0.051622418879056053,3114.6549850000001,3109.9899999999998,0.011049360550401604,0,0.63119584616264823,weekly_monday_eth_dca,,,,,,,,,
2021-10-04 09:00:00+00:00,weekly_monday_eth_dca_buy,34.414945919370702,0.051622418879056053,3355.0350150000004,3350.0100000000002,0.01025770096750263,0,0.6414535471301509,weekly_monday_eth_dca,,,,,,,,,
2021-10-11 09:00:00+00:00,weekly_monday_eth_dca_buy,34.414945919370702,0.051622418879056053,3607.1225800000002,3601.7199999999998,0.0095408307192517694,0,0.65099437784940273,weekly_monday_eth_dca,,,,,,,,,
2021-10-18 09:00:00+00:00,weekly_monday_eth_dca_buy,34.414945919370702,0.051622418879056053,3828.5141700000004,3822.7800000000002,0.0089891128493252252,0,0.65998349069872797,weekly_monday_eth_dca,,,,,,,,,
2021-10-25 09:00:00+00:00,weekly_monday_eth_dca_buy,34.414945919370702,0.051622418879056053,4129.7854000000007,4123.6000000000004,0.0083333496988416637,0,0.66831684039756967,weekly_monday_eth_dca,,,,,,,,,
2021-11-01 09:00:00+00:00,weekly_monday_eth_dca_buy,34.414945919370702,0.051622418879056053,4317.5766649999996,4311.1099999999997,0.0079708939967069944,0,0.6762877343942767,weekly_monday_eth_dca,,,,,,,,,
2021-11-08 09:00:00+00:00,weekly_monday_eth_dca_buy,34.414945919370702,0.051622418879056053,4745.9382450000003,4738.8299999999999,0.0072514525353607291,0,0.68353918692963744,weekly_monday_eth_dca,,,,,,,,,
2021-11-15 09:00:00+00:00,weekly_monday_eth_dca_buy,34.414945919370702,0.051622418879056053,4726.7795500000002,4719.6999999999998,0.0072808442947948993,0,0.69082003122443236,weekly_monday_eth_dca,,,,,,,,,
2021-11-22 09:00:00+00:00,weekly_monday_eth_dca_buy,34.414945919370702,0.051622418879056053,4202.8848850000004,4196.5900000000001,0.008188410308880182,0,0.69900844153331254,weekly_monday_eth_dca,,,,,,,,,
2021-11-29 09:00:00+00:00,weekly_monday_eth_dca_buy,34.414945919370702,0.051622418879056053,4323.8360400000001,4317.3599999999997,0.0079593549803916013,0,0.70696779651370412,weekly_monday_eth_dca,,,,,,,,,
2021-12-06 09:00:00+00:00,weekly_monday_eth_dca_buy,34.414945919370702,0.051622418879056053,4051.4580850000002,4045.3899999999999,0.0084944593273191173,0,0.71546225584102319,weekly_monday_eth_dca,,,,,,,,,
2021-12-13 09:00:00+00:00,weekly_monday_eth_dca_buy,34.414945919370702,0.051622418879056053,4025.1887400000001,4019.1599999999999,0.0085498962017295874,0,0.72401215204275282,weekly_monday_eth_dca,,,,,,,,,
2021-12-20 09:00:00+00:00,weekly_monday_eth_dca_buy,34.414945919370702,0.051622418879056053,3820.3118850000005,3814.5900000000001,0.0090084126519871018,0,0.73302056469473997,weekly_monday_eth_dca,,,,,,,,,
2021-12-27 09:00:00+00:00,weekly_monday_eth_dca_buy,34.414945919370702,0.051622418879056053,4043.4961600000001,4037.4400000000001,0.0085111855081793121,0,0.74153175020291928,weekly_monday_eth_dca,,,,,,,,,
2022-01-03 09:00:00+00:00,weekly_monday_eth_dca_buy,34.414945919370702,0.051622418879056053,3813.1010850000002,3807.3899999999999,0.0090254480938762472,0,0.75055719829679557,weekly_monday_eth_dca,,,,,,,,,
2022-01-10 09:00:00+00:00,weekly_monday_eth_dca_buy,34.414945919370702,0.051622418879056053,3149.987905,3145.27,0.010925421607093663,0,0.76148261990388921,weekly_monday_eth_dca,,,,,,,,,
2022-01-17 09:00:00+00:00,weekly_monday_eth_dca_buy,34.414945919370702,0.051622418879056053,3276.4573250000003,3271.5500000000002,0.010503706444389809,0,0.77198632634827902,weekly_monday_eth_dca,,,,,,,,,
2022-01-24 09:00:00+00:00,weekly_monday_eth_dca_buy,34.414945919370702,0.051622418879056053,2387.886465,2384.3099999999999,0.014412304112361012,0,0.78639863046064007,weekly_monday_eth_dca,,,,,,,,,
2022-01-31 09:00:00+00:00,weekly_monday_eth_dca_buy,34.414945919370702,0.051622418879056053,2535.7078649999999,2531.9099999999999,0.013572125714635784,0,0.7999707561752758,weekly_monday_eth_dca,,,,,,,,,
2022-02-07 09:00:00+00:00,weekly_monday_eth_dca_buy,34.414945919370702,0.051622418879056053,3076.7081499999999,3072.0999999999999,0.011185638754644539,0,0.81115639492992031,weekly_monday_eth_dca,,,,,,,,,
2022-02-14 09:00:00+00:00,weekly_monday_eth_dca_buy,34.414945919370702,0.051622418879056053,2862.8879000000002,2858.5999999999999,0.012021059545981769,0,0.82317745447590207,weekly_monday_eth_dca,,,,,,,,,
2022-02-21 09:00:00+00:00,weekly_monday_eth_dca_buy,34.414945919370702,0.051622418879056053,2726.1931650000001,2722.1100000000001,0.012623810506608288,0,0.83580126498251039,weekly_monday_eth_dca,,,,,,,,,
2022-02-28 09:00:00+00:00,weekly_monday_eth_dca_buy,34.414945919370702,0.051622418879056053,2629.2780100000004,2625.3400000000001,0.013089124006088157,0,0.84889038898859859,weekly_monday_eth_dca,,,,,,,,,
2022-03-07 09:00:00+00:00,weekly_monday_eth_dca_buy,34.414945919370702,0.051622418879056053,2536.9497250000004,2533.1500000000001,0.013565482035467098,0,0.86245587102406573,weekly_monday_eth_dca,,,,,,,,,
2022-03-14 09:00:00+00:00,weekly_monday_eth_dca_buy,34.414945919370702,0.051622418879056053,2597.5004150000004,2593.6100000000001,0.013249255214987404,0,0.87570512623905317,weekly_monday_eth_dca,,,,,,,,,
2022-03-21 09:00:00+00:00,weekly_monday_eth_dca_buy,34.414945919370702,0.051622418879056053,2885.4416799999999,2881.1199999999999,0.011927098079268995,0,0.88763222431832212,weekly_monday_eth_dca,,,,,,,,,
2022-03-28 09:00:00+00:00,weekly_monday_eth_dca_buy,34.414945919370702,0.051622418879056053,3326.9930150000005,3322.0100000000002,0.010344159354771202,0,0.89797638367309329,weekly_monday_eth_dca,,,,,,,,,
2022-04-04 09:00:00+00:00,weekly_monday_eth_dca_buy,34.414945919370702,0.051622418879056053,3500.1623800000002,3494.9200000000001,0.009832385524745484,0,0.90780876919783882,weekly_monday_eth_dca,,,,,,,,,
2022-04-11 09:00:00+00:00,weekly_monday_eth_dca_buy,34.414945919370702,0.051622418879056053,3165.86168,3161.1199999999999,0.010870641044358798,0,0.91867941024219757,weekly_monday_eth_dca,,,,,,,,,
2022-04-18 09:00:00+00:00,weekly_monday_eth_dca_buy,34.414945919370702,0.051622418879056053,2897.6599800000004,2893.3200000000002,0.011876806166667871,0,0.93055621640886543,weekly_monday_eth_dca,,,,,,,,,
2022-04-25 09:00:00+00:00,weekly_monday_eth_dca_buy,34.414945919370702,0.051622418879056053,2812.8429450000003,2808.6300000000001,0.012234933336944875,0,0.94279114974581035,weekly_monday_eth_dca,,,,,,,,,
2022-05-02 09:00:00+00:00,weekly_monday_eth_dca_buy,34.414945919370702,0.051622418879056053,2843.0882449999999,2838.8299999999999,0.012104775847142481,0,0.95489592559295289,weekly_monday_eth_dca,,,,,,,,,
2022-05-09 09:00:00+00:00,weekly_monday_eth_dca_buy,34.414945919370702,0.051622418879056053,2467.6559400000001,2463.96,0.013946411799762774,0,0.96884233739271564,weekly_monday_eth_dca,,,,,,,,,
2022-05-16 09:00:00+00:00,weekly_monday_eth_dca_buy,34.414945919370702,0.051622418879056053,2031.12212,2028.0799999999999,0.016943809326132837,0,0.98578614671884845,weekly_monday_eth_dca,,,,,,,,,
2022-05-23 09:00:00+00:00,weekly_monday_eth_dca_buy,34.414945919370702,0.051622418879056053,2058.1025300000001,2055.02,0.016721686805064421,0,1.0025078335239128,weekly_monday_eth_dca,,,,,,,,,
2022-05-30 09:00:00+00:00,weekly_monday_eth_dca_buy,34.414945919370702,0.051622418879056053,1911.0522850000002,1908.1900000000001,0.018008374856876664,0,1.0205162083807895,weekly_monday_eth_dca,,,,,,,,,
2022-06-06 09:00:00+00:00,weekly_monday_eth_dca_buy,34.414945919370702,0.051622418879056053,1908.1279050000001,1905.27,0.018035974333371903,0,1.0385521827141615,weekly_monday_eth_dca,,,,,,,,,
2022-06-13 09:00:00+00:00,weekly_monday_eth_dca_buy,34.414945919370702,0.051622418879056053,1208.740395,1206.9300000000001,0.028471743032440561,0,1.0670239257466021,weekly_monday_eth_dca,,,,,,,,,
2022-06-20 09:00:00+00:00,weekly_monday_eth_dca_buy,34.414945919370702,0.051622418879056053,1128.1697200000001,1126.48,0.030505113999488215,0,1.0975290397460904,weekly_monday_eth_dca,,,,,,,,,
2022-06-27 09:00:00+00:00,weekly_monday_eth_dca_buy,34.414945919370702,0.051622418879056053,1234.6291699999999,1232.78,0.027874722836307767,0,1.1254037625823983,weekly_monday_eth_dca,,,,,,,,,
2022-07-04 09:00:00+00:00,weekly_monday_eth_dca_buy,34.414945919370702,0.051622418879056053,1052.666635,1051.0899999999999,0.032693109836592002,0,1.1580968724189902,weekly_monday_eth_dca,,,,,,,,,
2022-07-11 09:00:00+00:00,weekly_monday_eth_dca_buy,34.414945919370702,0.051622418879056053,1144.3539600000001,1142.6400000000001,0.030073689716921762,0,1.188170562135912,weekly_monday_eth_dca,,,,,,,,,
2022-07-18 09:00:00+00:00,weekly_monday_eth_dca_buy,34.414945919370702,0.051622418879056053,1480.6176000000003,1478.4000000000001,0.023243642328289692,0,1.2114142044642018,weekly_monday_eth_dca,,,,,,,,,
2022-07-25 09:00:00+00:00,weekly_monday_eth_dca_buy,34.414945919370702,0.051622418879056053,1539.0651400000002,1536.76,0.022360941733350348,0,1.2337751461975521,weekly_monday_eth_dca,,,,,,,,,
2022-08-01 09:00:00+00:00,weekly_monday_eth_dca_buy,34.414945919370702,0.051622418879056053,1685.834965,1683.3099999999999,0.020414184445018142,0,1.2541893306425702,weekly_monday_eth_dca,,,,,,,,,
2022-08-08 09:00:00+00:00,weekly_monday_eth_dca_buy,34.414945919370702,0.051622418879056053,1775.9499350000001,1773.29,0.019378331134864282,0,1.2735676617774345,weekly_monday_eth_dca,,,,,,,,,
2022-08-15 09:00:00+00:00,weekly_monday_eth_dca_buy,34.414945919370702,0.051622418879056053,1907.7673650000002,1904.9100000000001,0.018039382867507382,0,1.2916070446449419,weekly_monday_eth_dca,,,,,,,,,
2022-08-22 09:00:00+00:00,weekly_monday_eth_dca_buy,34.414945919370702,0.051622418879056053,1566.1657299999999,1563.8199999999999,0.021974012877532891,0,1.3135810575224749,weekly_monday_eth_dca,,,,,,,,,
2022-08-29 09:00:00+00:00,weekly_monday_eth_dca_buy,34.414945919370702,0.051622418879056053,1446.957185,1444.79,0.023784356770287368,0,1.3373654142927622,weekly_monday_eth_dca,,,,,,,,,
2022-09-05 09:00:00+00:00,weekly_monday_eth_dca_buy,34.414945919370702,0.051622418879056053,1567.36753,1565.02,0.021957164009497314,0,1.3593225783022596,weekly_monday_eth_dca,,,,,,,,,
2022-09-12 09:00:00+00:00,weekly_monday_eth_dca_buy,34.414945919370702,0.051622418879056053,1756.6710600000001,1754.04,0.019591001811899093,0,1.3789135801141585,weekly_monday_eth_dca,,,,,,,,,
2022-09-19 09:00:00+00:00,weekly_monday_eth_dca_buy,34.414945919370702,0.051622418879056053,1295.4803100000001,1293.54,0.026565394822072361,0,1.4054789749362309,weekly_monday_eth_dca,,,,,,,,,
2022-09-26 09:00:00+00:00,weekly_monday_eth_dca_buy,34.414945919370702,0.051622418879056053,1322.6810500000001,1320.7,0.026019081409967049,0,1.4314980563461979,weekly_monday_eth_dca,,,,,,,,,
2022-10-03 09:00:00+00:00,weekly_monday_eth_dca_buy,34.414945919370702,0.051622418879056053,1293.3371000000002,1291.4000000000001,0.026609416771057364,0,1.4581074731172552,weekly_monday_eth_dca,,,,,,,,,
2022-10-10 09:00:00+00:00,weekly_monday_eth_dca_buy,34.414945919370702,0.051622418879056053,1308.7601999999999,1306.8,0.026295837785539858,0,1.484403310902795,weekly_monday_eth_dca,,,,,,,,,
2022-10-17 09:00:00+00:00,weekly_monday_eth_dca_buy,34.414945919370702,0.051622418879056053,1310.9434700000002,1308.98,0.026252044200937741,0,1.5106553551037327,weekly_monday_eth_dca,,,,,,,,,
2022-10-24 09:00:00+00:00,weekly_monday_eth_dca_buy,34.414945919370702,0.051622418879056053,1339.8067000000001,1337.8,0.025686500835807657,0,1.5363418559395403,weekly_monday_eth_dca,,,,,,,,,
2022-10-31 09:00:00+00:00,weekly_monday_eth_dca_buy,34.414945919370702,0.051622418879056053,1584.9939300000001,1582.6199999999999,0.021712982786861967,0,1.5580548387264024,weekly_monday_eth_dca,,,,,,,,,
2022-11-07 09:00:00+00:00,weekly_monday_eth_dca_buy,34.414945919370702,0.051622418879056053,1570.4321199999999,1568.0799999999999,0.021914316117891616,0,1.579969154844294,weekly_monday_eth_dca,,,,,,,,,
2022-11-14 09:00:00+00:00,weekly_monday_eth_dca_buy,34.414945919370702,0.051622418879056053,1263.6125800000002,1261.72,0.027235361901327935,0,1.6072045167456219,weekly_monday_eth_dca,,,,,,,,,
2022-11-21 09:00:00+00:00,weekly_monday_eth_dca_buy,34.414945919370702,0.051622418879056053,1122.2708849999999,1120.5899999999999,0.030665453750384611,0,1.6378699704960065,weekly_monday_eth_dca,,,,,,,,,
2022-11-28 09:00:00+00:00,weekly_monday_eth_dca_buy,34.414945919370702,0.051622418879056053,1176.612275,1174.8499999999999,0.029249181442859505,0,1.667119151938866,weekly_monday_eth_dca,,,,,,,,,
2022-12-05 09:00:00+00:00,weekly_monday_eth_dca_buy,34.414945919370702,0.051622418879056053,1303.6024750000001,1301.6500000000001,0.026399877707635296,0,1.6935190296465013,weekly_monday_eth_dca,,,,,,,,,
2022-12-12 09:00:00+00:00,weekly_monday_eth_dca_buy,34.414945919370702,0.051622418879056053,1249.8519700000002,1247.98,0.027535217566101607,0,1.7210542472126029,weekly_monday_eth_dca,,,,,,,,,
2022-12-19 09:00:00+00:00,weekly_monday_eth_dca_buy,34.414945919370702,0.051622418879056053,1185.5857149999999,1183.8099999999999,0.029027800760378343,0,1.7500820479729813,weekly_monday_eth_dca,,,,,,,,,
2022-12-26 09:00:00+00:00,weekly_monday_eth_dca_buy,34.414945919370702,0.051622418879056053,1221.3092200000001,1219.48,0.028178732589418016,0,1.7782607805623993,weekly_monday_eth_dca,,,,,,,,,
2023-01-02 09:00:00+00:00,weekly_monday_eth_dca_buy,34.414945919370702,0.051622418879056053,1217.7538950000001,1215.9300000000001,0.028261002539737883,0,1.8065217831021372,weekly_monday_eth_dca,,,,,,,,,
2023-01-09 09:00:00+00:00,weekly_monday_eth_dca_buy,34.414945919370702,0.051622418879056053,1312.1252400000001,1310.1600000000001,0.026228400209244281,0,1.8327501833113815,weekly_monday_eth_dca,,,,,,,,,
2023-01-16 09:00:00+00:00,weekly_monday_eth_dca_buy,34.414945919370702,0.051622418879056053,1539.7661900000001,1537.46,0.022350760877124273,0,1.8551009441885058,weekly_monday_eth_dca,,,,,,,,,
2023-01-23 09:00:00+00:00,weekly_monday_eth_dca_buy,34.414945919370702,0.051622418879056053,1633.8471000000002,1631.4000000000001,0.021063749428799485,0,1.8761646936173053,weekly_monday_eth_dca,,,,,,,,,
2023-01-30 09:00:00+00:00,weekly_monday_eth_dca_buy,34.414945919370702,0.051622418879056053,1622.3498800000002,1619.9200000000001,0.021213023370378465,0,1.8973777169876838,weekly_monday_eth_dca,,,,,,,,,
2023-02-06 09:00:00+00:00,weekly_monday_eth_dca_buy,34.414945919370702,0.051622418879056053,1634.5781950000003,1632.1300000000001,0.02105432828153608,0,1.9184320452692198,weekly_monday_eth_dca,,,,,,,,,
2023-02-13 09:00:00+00:00,weekly_monday_eth_dca_buy,34.414945919370702,0.051622418879056053,1508.4392700000001,1506.1800000000001,0.022814936341037248,0,1.9412469816102571,weekly_monday_eth_dca,,,,,,,,,
2023-02-20 09:00:00+00:00,weekly_monday_eth_dca_buy,34.414945919370702,0.051622418879056053,1694.4979400000002,1691.96,0.020309818682559565,0,1.9615568002928168,weekly_monday_eth_dca,,,,,,,,,
2023-02-27 09:00:00+00:00,weekly_monday_eth_dca_buy,34.414945919370702,0.051622418879056053,1636.6613150000001,1634.21,0.021027530622223269,0,1.9825843309150399,weekly_monday_eth_dca,,,,,,,,,
2023-03-06 09:00:00+00:00,weekly_monday_eth_dca_buy,34.414945919370702,0.051622418879056053,1566.7866600000002,1564.4400000000001,0.021965304401666719,0,2.0045496353167067,weekly_monday_eth_dca,,,,,,,,,
2023-03-13 09:00:00+00:00,weekly_monday_eth_dca_buy,34.414945919370702,0.051622418879056053,1589.2302749999999,1586.8499999999999,0.021655103392345519,0,2.026204738709052,weekly_monday_eth_dca,,,,,,,,,
2023-03-20 09:00:00+00:00,weekly_monday_eth_dca_buy,34.414945919370702,0.051622418879056053,1791.2828999999999,1788.5999999999999,0.019212457127442406,0,2.0454171958364946,weekly_monday_eth_dca,,,,,,,,,
2023-03-27 09:00:00+00:00,weekly_monday_eth_dca_buy,34.414945919370702,0.051622418879056053,1758.8343000000002,1756.2,0.019566906285242845,0,2.0649841021217377,weekly_monday_eth_dca,,,,,,,,,
2023-04-03 09:00:00+00:00,weekly_monday_eth_dca_buy,34.414945919370702,0.051622418879056053,1814.9183,1812.2,0.018962256273117473,0,2.0839463583948552,weekly_monday_eth_dca,,,,,,,,,
2023-04-10 09:00:00+00:00,weekly_monday_eth_dca_buy,34.414945919370702,0.051622418879056053,1860.0158450000001,1857.23,0.018502501477007955,0,2.1024488598718634,weekly_monday_eth_dca,,,,,,,,,
2023-04-17 09:00:00+00:00,weekly_monday_eth_dca_buy,34.414945919370702,0.051622418879056053,2101.3372850000001,2098.1900000000001,0.016377640165163063,0,2.1188265000370263,weekly_monday_eth_dca,,,,,,,,,
2023-04-24 09:00:00+00:00,weekly_monday_eth_dca_buy,34.414945919370702,0.051622418879056053,1838.2732800000001,1835.52,0.018721343716300277,0,2.1375478437533264,weekly_monday_eth_dca,,,,,,,,,
2023-05-01 09:00:00+00:00,weekly_monday_eth_dca_buy,34.414945919370702,0.051622418879056053,1850.9622850000001,1848.1900000000001,0.018593002244435629,0,2.1561408459977622,weekly_monday_eth_dca,,,,,,,,,
2023-05-08 09:00:00+00:00,weekly_monday_eth_dca_buy,34.414945919370702,0.051622418879056053,1845.013375,1842.25,0.01865295199790663,0,2.1747937979956689,weekly_monday_eth_dca,,,,,,,,,
2023-05-15 09:00:00+00:00,weekly_monday_eth_dca_buy,34.414945919370702,0.051622418879056053,1834.3474000000001,1831.5999999999999,0.018761411235064144,0,2.1935552092307331,weekly_monday_eth_dca,,,,,,,,,
2023-05-22 09:00:00+00:00,weekly_monday_eth_dca_buy,34.414945919370702,0.051622418879056053,1814.3674750000002,1811.6500000000001,0.018968013036813669,0,2.2125232222675466,weekly_monday_eth_dca,,,,,,,,,
2023-05-29 09:00:00+00:00,weekly_monday_eth_dca_buy,34.414945919370702,0.051622418879056053,1902.459415,1899.6099999999999,0.018089713582337158,0,2.2306129358498836,weekly_monday_eth_dca,,,,,,,,,
2023-06-05 09:00:00+00:00,weekly_monday_eth_dca_buy,34.414945919370702,0.051622418879056053,1872.7248800000002,1869.9200000000001,0.018376936349225357,0,2.2489898721991088,weekly_monday_eth_dca,,,,,,,,,
2023-06-12 09:00:00+00:00,weekly_monday_eth_dca_buy,34.414945919370702,0.051622418879056053,1747.9680249999999,1745.3499999999999,0.019688544313830172,0,2.2686784165129392,weekly_monday_eth_dca,,,,,,,,,
2023-06-19 09:00:00+00:00,weekly_monday_eth_dca_buy,34.414945919370702,0.051622418879056053,1725.354155,1722.77,0.019946598105460095,0,2.2886250146183995,weekly_monday_eth_dca,,,,,,,,,
2023-06-26 09:00:00+00:00,weekly_monday_eth_dca_buy,34.414945919370702,0.051622418879056053,1894.8380000000002,1892,0.018162474005361248,0,2.3067874886237609,weekly_monday_eth_dca,,,,,,,,,
2023-07-03 09:00:00+00:00,weekly_monday_eth_dca_buy,34.414945919370702,0.051622418879056053,1962.9500150000001,1960.01,0.017532257905900218,0,2.3243197465296612,weekly_monday_eth_dca,,,,,,,,,
2023-07-10 09:00:00+00:00,weekly_monday_eth_dca_buy,34.414945919370702,0.051622418879056053,1858.5436400000001,1855.76,0.01851715783190902,0,2.3428369043615702,weekly_monday_eth_dca,,,,,,,,,
2023-07-17 09:00:00+00:00,weekly_monday_eth_dca_buy,34.414945919370702,0.051622418879056053,1927.8875,1925,0.017851117308126486,0,2.3606880216696968,weekly_monday_eth_dca,,,,,,,,,
2023-07-24 09:00:00+00:00,weekly_monday_eth_dca_buy,34.414945919370702,0.051622418879056053,1872.6147150000002,1869.8099999999999,0.0183780174553262,0,2.3790660391250231,weekly_monday_eth_dca,,,,,,,,,
2023-07-31 09:00:00+00:00,weekly_monday_eth_dca_buy,34.414945919370702,0.051622418879056053,1871.3428100000001,1868.54,0.018390508535082731,0,2.3974565476601057,weekly_monday_eth_dca,,,,,,,,,
2023-08-07 09:00:00+00:00,weekly_monday_eth_dca_buy,34.414945919370702,0.051622418879056053,1836.06998,1833.3199999999999,0.018743809492147299,0,2.416200357152253,weekly_monday_eth_dca,,,,,,,,,
2023-08-14 09:00:00+00:00,weekly_monday_eth_dca_buy,34.414945919370702,0.051622418879056053,1852.07395,1849.3,0.018581842220377162,0,2.4347821993726302,weekly_monday_eth_dca,,,,,,,,,
2023-08-21 09:00:00+00:00,weekly_monday_eth_dca_buy,34.414945919370702,0.051622418879056053,1674.9787050000002,1672.47,0.020546497586290624,0,2.455328696958921,weekly_monday_eth_dca,,,,,,,,,
2023-08-28 09:00:00+00:00,weekly_monday_eth_dca_buy,34.414945919370702,0.051622418879056053,1644.6733150000002,1642.21,0.020925095339903839,0,2.476253792298825,weekly_monday_eth_dca,,,,,,,,,
2023-09-04 09:00:00+00:00,weekly_monday_eth_dca_buy,34.414945919370702,0.051622418879056053,1641.6788300000001,1639.22,0.020963263514441919,0,2.4972170558132669,weekly_monday_eth_dca,,,,,,,,,
2023-09-11 09:00:00+00:00,weekly_monday_eth_dca_buy,34.414945919370702,0.051622418879056053,1609.5406950000001,1607.1300000000001,0.021381842674919566,0,2.5185988984881864,weekly_monday_eth_dca,,,,,,,,,
2023-09-18 09:00:00+00:00,weekly_monday_eth_dca_buy,34.414945919370702,0.051622418879056053,1635.66983,1633.22,0.021040276765006236,0,2.5396391752531926,weekly_monday_eth_dca,,,,,,,,,
2023-09-25 09:00:00+00:00,weekly_monday_eth_dca_buy,34.414945919370702,0.051622418879056053,1580.7575850000003,1578.3900000000001,0.02177117240868447,0,2.561410347661877,weekly_monday_eth_dca,,,,,,,,,
2023-10-02 09:00:00+00:00,weekly_monday_eth_dca_buy,34.414945919370702,0.051622418879056053,1736.8313450000001,1734.23,0.019814788590984751,0,2.5812251362528618,weekly_monday_eth_dca,,,,,,,,,
2023-10-09 09:00:00+00:00,weekly_monday_eth_dca_buy,34.414945919370702,0.051622418879056053,1616.931765,1614.51,0.021284105281567465,0,2.6025092415344293,weekly_monday_eth_dca,,,,,,,,,
2023-10-16 09:00:00+00:00,weekly_monday_eth_dca_buy,34.414945919370702,0.051622418879056053,1583.1211250000001,1580.75,0.021738668871196257,0,2.6242479104056256,weekly_monday_eth_dca,,,,,,,,,
2023-10-23 09:00:00+00:00,weekly_monday_eth_dca_buy,34.414945919370702,0.051622418879056053,1685.4343650000001,1682.9100000000001,0.020419036560566806,0,2.6446669469661925,weekly_monday_eth_dca,,,,,,,,,
2023-10-30 09:00:00+00:00,weekly_monday_eth_dca_buy,34.414945919370702,0.051622418879056053,1821.4180350000001,1818.6900000000001,0.018894589412238195,0,2.6635615363784306,weekly_monday_eth_dca,,,,,,,,,
2023-11-06 09:00:00+00:00,weekly_monday_eth_dca_buy,34.414945919370702,0.051622418879056053,1887.7974550000001,1884.97,0.018230210994415554,0,2.6817917473728463,weekly_monday_eth_dca,,,,,,,,,
2023-11-13 09:00:00+00:00,weekly_monday_eth_dca_buy,34.414945919370702,0.051622418879056053,2061.1771350000004,2058.0900000000001,0.016696743494280367,0,2.6984884908671267,weekly_monday_eth_dca,,,,,,,,,
2023-11-20 09:00:00+00:00,weekly_monday_eth_dca_buy,34.414945919370702,0.051622418879056053,2020.5262500000001,2017.5,0.017032664593875334,0,2.7155211554610021,weekly_monday_eth_dca,,,,,,,,,
2023-11-27 09:00:00+00:00,weekly_monday_eth_dca_buy,34.414945919370702,0.051622418879056053,2049.4996450000003,2046.4300000000001,0.016791876984868028,0,2.73231303244587,weekly_monday_eth_dca,,,,,,,,,
2023-12-04 09:00:00+00:00,weekly_monday_eth_dca_buy,34.414945919370702,0.051622418879056053,2258.2723350000001,2254.8899999999999,0.015239502068013732,0,2.7475525345138836,weekly_monday_eth_dca,,,,,,,,,
2023-12-11 09:00:00+00:00,weekly_monday_eth_dca_buy,34.414945919370702,0.051622418879056053,2247.2358049999998,2243.8699999999999,0.015314345669822,0,2.7628668801837057,weekly_monday_eth_dca,,,,,,,,,
2023-12-18 09:00:00+00:00,weekly_monday_eth_dca_buy,34.414945919370702,0.051622418879056053,2175.4082250000001,2172.1500000000001,0.015819994391797751,0,2.7786868745755036,weekly_monday_eth_dca,,,,,,,,,
2023-12-25 09:00:00+00:00,weekly_monday_eth_dca_buy,34.414945919370702,0.051622418879056053,2275.5081500000001,2272.0999999999999,0.015124070603469691,0,2.7938109451789734,weekly_monday_eth_dca,,,,,,,,,
2024-01-01 09:00:00+00:00,weekly_monday_eth_dca_buy,34.414945919370702,0.051622418879056053,2290.4405150000002,2287.0100000000002,0.015025470294464599,0,2.8088364154734382,weekly_monday_eth_dca,,,,,,,,,
2024-01-08 09:00:00+00:00,weekly_monday_eth_dca_buy,34.414945919370702,0.051622418879056053,2225.2128200000002,2221.8800000000001,0.015465912118630836,0,2.8243023275920689,weekly_monday_eth_dca,,,,,,,,,
2024-01-15 09:00:00+00:00,weekly_monday_eth_dca_buy,34.414945919370702,0.051622418879056053,2516.959785,2513.1900000000001,0.013673220416340781,0,2.8379755480084095,weekly_monday_eth_dca,,,,,,,,,
2024-01-22 09:00:00+00:00,weekly_monday_eth_dca_buy,34.414945919370702,0.051622418879056053,2414.6866050000003,2411.0700000000002,0.01425234473414023,0,2.8522278927425497,weekly_monday_eth_dca,,,,,,,,,
2024-01-29 09:00:00+00:00,weekly_monday_eth_dca_buy,34.414945919370702,0.051622418879056053,2266.8852349999997,2263.4899999999998,0.015181600456880079,0,2.8674094931994296,weekly_monday_eth_dca,,,,,,,,,
2024-02-05 09:00:00+00:00,weekly_monday_eth_dca_buy,34.414945919370702,0.051622418879056053,2325.893615,2322.4099999999999,0.014796440257380689,0,2.8822059334568104,weekly_monday_eth_dca,,,,,,,,,
2024-02-12 09:00:00+00:00,weekly_monday_eth_dca_buy,34.414945919370702,0.051622418879056053,2493.7450150000004,2490.0100000000002,0.013800507153844153,0,2.8960064406106545,weekly_monday_eth_dca,,,,,,,,,
2024-02-19 09:00:00+00:00,weekly_monday_eth_dca_buy,34.414945919370702,0.051622418879056053,2911.0500350000002,2906.6900000000001,0.011822176020884059,0,2.9078286166315386,weekly_monday_eth_dca,,,,,,,,,
2024-02-26 09:00:00+00:00,weekly_monday_eth_dca_buy,34.414945919370702,0.051622418879056053,3097.2989900000002,3092.6599999999999,0.011111276641513611,0,2.9189398932730524,weekly_monday_eth_dca,,,,,,,,,
2024-03-04 09:00:00+00:00,weekly_monday_eth_dca_buy,34.414945919370702,0.051622418879056053,3539.3110150000002,3534.0100000000002,0.0097236286309726021,0,2.9286635219040251,weekly_monday_eth_dca,,,,,,,,,
2024-03-11 09:00:00+00:00,weekly_monday_eth_dca_buy,34.414945919370702,0.051622418879056053,4021.8136850000001,4015.79,0.0085570711661076618,0,2.9372205930701329,weekly_monday_eth_dca,,,,,,,,,
2024-03-18 09:00:00+00:00,weekly_monday_eth_dca_buy,34.414945919370702,0.051622418879056053,3603.3469249999998,3597.9499999999998,0.0095508277819712582,0,2.9467714208521043,weekly_monday_eth_dca,,,,,,,,,
2024-03-25 09:00:00+00:00,weekly_monday_eth_dca_buy,34.414945919370702,0.051622418879056053,3454.163485,3448.9899999999998,0.009963322833102875,0,2.9567347436852072,weekly_monday_eth_dca,,,,,,,,,
2024-04-01 09:00:00+00:00,weekly_monday_eth_dca_buy,34.414945919370702,0.051622418879056053,3539.4912850000001,3534.1900000000001,0.0097231333963775247,0,2.9664578770815848,weekly_monday_eth_dca,,,,,,,,,
2024-04-08 09:00:00+00:00,weekly_monday_eth_dca_buy,34.414945919370702,0.051622418879056053,3601.7144800000005,3596.3200000000002,0.0095551566095740878,0,2.9760130336911588,weekly_monday_eth_dca,,,,,,,,,
2024-04-15 09:00:00+00:00,weekly_monday_eth_dca_buy,34.414945919370702,0.051622418879056053,3254.1939800000005,3249.3200000000002,0.010575566831873587,0,2.9865886005230324,weekly_monday_eth_dca,,,,,,,,,
2024-04-22 09:00:00+00:00,weekly_monday_eth_dca_buy,34.414945919370702,0.051622418879056053,3209.4269300000001,3204.6199999999999,0.010723081307032811,0,2.9973116818300651,weekly_monday_eth_dca,,,,,,,,,
2024-04-29 09:00:00+00:00,weekly_monday_eth_dca_buy,34.414945919370702,0.051622418879056053,3176.8681650000003,3172.1100000000001,0.010832978937723938,0,3.0081446607677891,weekly_monday_eth_dca,,,,,,,,,
2024-05-06 09:00:00+00:00,weekly_monday_eth_dca_buy,34.414945919370702,0.051622418879056053,3202.4064150000004,3197.6100000000001,0.010746589114414666,0,3.0188912498822038,weekly_monday_eth_dca,,,,,,,,,
2024-05-13 09:00:00+00:00,weekly_monday_eth_dca_buy,34.414945919370702,0.051622418879056053,2977.429455,2972.9699999999998,0.011558610015621916,0,3.0304498598978258,weekly_monday_eth_dca,,,,,,,,,
2024-05-20 09:00:00+00:00,weekly_monday_eth_dca_buy,34.414945919370702,0.051622418879056053,3103.1577650000004,3098.5100000000002,0.011090298504166029,0,3.0415401584019919,weekly_monday_eth_dca,,,,,,,,,
2024-05-27 09:00:00+00:00,weekly_monday_eth_dca_buy,34.414945919370702,0.051622418879056053,3917.3472200000001,3911.48,0.0087852681895710799,0,3.0503254265915629,weekly_monday_eth_dca,,,,,,,,,
2024-06-03 09:00:00+00:00,weekly_monday_eth_dca_buy,34.414945919370702,0.051622418879056053,3830.4871250000001,3824.75,0.0089844828598322733,0,3.0593099094513954,weekly_monday_eth_dca,,,,,,,,,
2024-06-10 09:00:00+00:00,weekly_monday_eth_dca_buy,34.414945919370702,0.051622418879056053,3676.5265300000001,3671.02,0.0093607228558121418,0,3.0686706323072075,weekly_monday_eth_dca,,,,,,,,,
2024-06-17 09:00:00+00:00,weekly_monday_eth_dca_buy,34.414945919370702,0.051622418879056053,3549.7166000000002,3544.4000000000001,0.0096951249345851153,0,3.0783657572417926,weekly_monday_eth_dca,,,,,,,,,
2024-06-24 09:00:00+00:00,weekly_monday_eth_dca_buy,34.414945919370702,0.051622418879056053,3389.6668850000005,3384.5900000000001,0.010152899115740306,0,3.0885186563575329,weekly_monday_eth_dca,,,,,,,,,
2024-07-01 09:00:00+00:00,weekly_monday_eth_dca_buy,34.414945919370702,0.051622418879056053,3488.8354150000005,3483.6100000000001,0.0098643076630689098,0,3.098382964020602,weekly_monday_eth_dca,,,,,,,,,
2024-07-08 09:00:00+00:00,weekly_monday_eth_dca_buy,34.414945919370702,0.051622418879056053,3061.8358750000002,3057.25,0.011239970829387026,0,3.1096229348499889,weekly_monday_eth_dca,,,,,,,,,
2024-07-15 09:00:00+00:00,weekly_monday_eth_dca_buy,34.414945919370702,0.051622418879056053,3357.8191850000003,3352.79,0.010249195690199352,0,3.1198721305401884,weekly_monday_eth_dca,,,,,,,,,
2024-07-22 09:00:00+00:00,weekly_monday_eth_dca_buy,34.414945919370702,0.051622418879056053,3480.4228150000004,3475.21,0.0098881508795564815,0,3.1297602814197449,weekly_monday_eth_dca,,,,,,,,,
2024-07-29 09:00:00+00:00,weekly_monday_eth_dca_buy,34.414945919370702,0.051622418879056053,3378.1296050000005,3373.0700000000002,0.010187574173718151,0,3.139947855593463,weekly_monday_eth_dca,,,,,,,,,
2024-08-05 09:00:00+00:00,weekly_monday_eth_dca_buy,34.414945919370702,0.051622418879056053,2328.9281600000004,2325.4400000000001,0.01477716080317853,0,3.1547250163966414,weekly_monday_eth_dca,,,,,,,,,
2024-08-12 09:00:00+00:00,weekly_monday_eth_dca_buy,34.414945919370702,0.051622418879056053,2567.1149049999999,2563.27,0.013406079273015908,0,3.1681310956696573,weekly_monday_eth_dca,,,,,,,,,
2024-08-19 09:00:00+00:00,weekly_monday_eth_dca_buy,34.414945919370702,0.051622418879056053,2619.1828900000005,2615.2600000000002,0.013139573433671406,0,3.1812706691033288,weekly_monday_eth_dca,,,,,,,,,
2024-08-26 09:00:00+00:00,weekly_monday_eth_dca_buy,34.414945919370702,0.051622418879056053,2740.5046000000002,2736.4000000000001,0.012557886572921898,0,3.1938285556762507,weekly_monday_eth_dca,,,,,,,,,
2024-09-02 09:00:00+00:00,weekly_monday_eth_dca_buy,34.414945919370702,0.051622418879056053,2472.5032000000001,2468.8000000000002,0.013919070324912299,0,3.2077476260011628,weekly_monday_eth_dca,,,,,,,,,
2024-09-09 09:00:00+00:00,weekly_monday_eth_dca_buy,34.414945919370702,0.051622418879056053,2329.9096300000001,2326.4200000000001,0.014770935952297301,0,3.2225185619534602,weekly_monday_eth_dca,,,,,,,,,
2024-09-16 09:00:00+00:00,weekly_monday_eth_dca_buy,34.414945919370702,0.051622418879056053,2319.3538200000003,2315.8800000000001,0.01483816122516861,0,3.2373567231786287,weekly_monday_eth_dca,,,,,,,,,
2024-09-23 09:00:00+00:00,weekly_monday_eth_dca_buy,34.414945919370702,0.051622418879056053,2650.0391050000003,2646.0700000000002,0.012986580407224103,0,3.2503433035858529,weekly_monday_eth_dca,,,,,,,,,
2024-09-30 09:00:00+00:00,weekly_monday_eth_dca_buy,34.414945919370702,0.051622418879056053,2645.2519350000002,2641.29,0.013010082504436651,0,3.2633533860902895,weekly_monday_eth_dca,,,,,,,,,
2024-10-07 09:00:00+00:00,weekly_monday_eth_dca_buy,34.414945919370702,0.051622418879056053,2486.3238999999999,2482.5999999999999,0.013841698549159545,0,3.2771950846394491,weekly_monday_eth_dca,,,,,,,,,
2024-10-14 09:00:00+00:00,weekly_monday_eth_dca_buy,34.414945919370702,0.051622418879056053,2528.3668700000003,2524.5799999999999,0.013611531747119711,0,3.2908066163865688,weekly_monday_eth_dca,,,,,,,,,
2024-10-21 09:00:00+00:00,weekly_monday_eth_dca_buy,34.414945919370702,0.051622418879056053,2719.4731000000002,2715.4000000000001,0.01265500508880588,0,3.3034616214753747,weekly_monday_eth_dca,,,,,,,,,
2024-10-28 09:00:00+00:00,weekly_monday_eth_dca_buy,34.414945919370702,0.051622418879056053,2516.7695000000003,2513,0.013674254205389367,0,3.3171358756807638,weekly_monday_eth_dca,,,,,,,,,
2024-11-04 09:00:00+00:00,weekly_monday_eth_dca_buy,34.414945919370702,0.051622418879056053,2461.6068800000003,2457.9200000000001,0.013980683186655173,0,3.3311165588674192,weekly_monday_eth_dca,,,,,,,,,
2024-11-11 09:00:00+00:00,weekly_monday_eth_dca_buy,34.414945919370702,0.051622418879056053,3153.9939050000003,3149.27,0.010911544839960843,0,3.34202810370738,weekly_monday_eth_dca,,,,,,,,,
2024-11-18 09:00:00+00:00,weekly_monday_eth_dca_buy,34.414945919370702,0.051622418879056053,3126.1922650000006,3121.5100000000002,0.011008582646905978,0,3.3530366863542862,weekly_monday_eth_dca,,,,,,,,,
2024-11-25 09:00:00+00:00,weekly_monday_eth_dca_buy,34.414945919370702,0.051622418879056053,3418.1195000000002,3413,0.010068385824243622,0,3.3631050721785298,weekly_monday_eth_dca,,,,,,,,,
2024-12-02 09:00:00+00:00,weekly_monday_eth_dca_buy,34.414945919370702,0.051622418879056053,3607.9037500000004,3602.5,0.0095387649738080445,0,3.3726438371523377,weekly_monday_eth_dca,,,,,,,,,
2024-12-09 09:00:00+00:00,weekly_monday_eth_dca_buy,34.414945919370702,0.051622418879056053,3872.6102150000002,3866.8099999999999,0.0088867569955967535,0,3.3815305941479346,weekly_monday_eth_dca,,,,,,,,,
2024-12-16 09:00:00+00:00,weekly_monday_eth_dca_buy,34.414945919370702,0.051622418879056053,3957.7677600000002,3951.8400000000001,0.008695544561050924,0,3.3902261387089854,weekly_monday_eth_dca,,,,,,,,,
2024-12-23 09:00:00+00:00,weekly_monday_eth_dca_buy,34.414945919370702,0.051622418879056053,3321.6550200000001,3316.6799999999998,0.01036078271589164,0,3.400586921424877,weekly_monday_eth_dca,,,,,,,,,
2024-12-30 09:00:00+00:00,weekly_monday_eth_dca_buy,34.414945919370702,0.051622418879056053,3427.23315,3422.0999999999999,0.01004161211482525,0,3.4106285335397022,weekly_monday_eth_dca,,,,,,,,,
2025-01-06 09:00:00+00:00,weekly_monday_eth_dca_buy,34.414945919370702,0.051622418879056053,3646.3513350000003,3640.8899999999999,0.0094381870416693405,0,3.4200667205813717,weekly_monday_eth_dca,,,,,,,,,
2025-01-13 09:00:00+00:00,weekly_monday_eth_dca_buy,34.414945919370702,0.051622418879056053,3174.1140400000004,3169.3600000000001,0.010842378530095502,0,3.4309090991114672,weekly_monday_eth_dca,,,,,,,,,
2025-01-20 09:00:00+00:00,weekly_monday_eth_dca_buy,34.414945919370702,0.051622418879056053,3397.5186450000001,3392.4299999999998,0.010129435483751613,0,3.441038534595219,weekly_monday_eth_dca,,,,,,,,,
2025-01-27 09:00:00+00:00,weekly_monday_eth_dca_buy,34.414945919370702,0.051622418879056053,3070.6090150000005,3066.0100000000002,0.011207856731760002,0,3.452246391326979,weekly_monday_eth_dca,,,,,,,,,
2025-02-03 09:00:00+00:00,weekly_monday_eth_dca_buy,34.414945919370702,0.051622418879056053,2576.6692149999999,2572.8099999999999,0.013356369424148494,0,3.4656027607511275,weekly_monday_eth_dca,,,,,,,,,
2025-02-10 09:00:00+00:00,weekly_monday_eth_dca_buy,34.414945919370702,0.051622418879056053,2648.7672000000002,2644.8000000000002,0.01299281640129442,0,3.4785955771524217,weekly_monday_eth_dca,,,,,,,,,
2025-02-17 09:00:00+00:00,weekly_monday_eth_dca_buy,34.414945919370702,0.051622418879056053,2718.6618850000004,2714.5900000000001,0.012658781185425232,0,3.491254358337847,weekly_monday_eth_dca,,,,,,,,,
2025-02-24 09:00:00+00:00,weekly_monday_eth_dca_buy,34.414945919370702,0.051622418879056053,2685.6224000000002,2681.5999999999999,0.012814514028245631,0,3.5040688723660929,weekly_monday_eth_dca,,,,,,,,,
2025-03-03 09:00:00+00:00,weekly_monday_eth_dca_buy,34.414945919370702,0.051622418879056053,2348.9281150000002,2345.4099999999999,0.014651340626220356,0,3.5187202129923132,weekly_monday_eth_dca,,,,,,,,,
2025-03-10 09:00:00+00:00,weekly_monday_eth_dca_buy,34.414945919370702,0.051622418879056053,2065.1931500000001,2062.0999999999999,0.016664274680249981,0,3.5353844876725633,weekly_monday_eth_dca,,,,,,,,,
2025-03-17 09:00:00+00:00,weekly_monday_eth_dca_buy,34.414945919370702,0.051622418879056053,1906.5956100000001,1903.74,0.01805046950641552,0,3.5534349571789789,weekly_monday_eth_dca,,,,,,,,,
2025-03-24 09:00:00+00:00,weekly_monday_eth_dca_buy,34.414945919370702,0.051622418879056053,2093.5956900000001,2090.46,0.0164382005961097,0,3.5698731577750888,weekly_monday_eth_dca,,,,,,,,,
2025-03-31 09:00:00+00:00,weekly_monday_eth_dca_buy,34.414945919370702,0.051622418879056053,1798.2333100000001,1795.54,0.019138198435091108,0,3.5890113562101797,weekly_monday_eth_dca,,,,,,,,,
2025-04-07 09:00:00+00:00,weekly_monday_eth_dca_buy,34.414945919370702,0.051622418879056053,1498.193925,1495.95,0.022970955458500274,0,3.61198231166868,weekly_monday_eth_dca,,,,,,,,,
2025-04-14 09:00:00+00:00,weekly_monday_eth_dca_buy,34.414945919370702,0.051622418879056053,1640.7274050000001,1638.27,0.020975419691591425,0,3.6329577313602712,weekly_monday_eth_dca,,,,,,,,,
2025-04-21 09:00:00+00:00,weekly_monday_eth_dca_buy,34.414945919370702,0.051622418879056053,1651.6237250000001,1649.1500000000001,0.020837037757719723,0,3.6537947691179911,weekly_monday_eth_dca,,,,,,,,,
2025-04-28 09:00:00+00:00,weekly_monday_eth_dca_buy,34.414945919370702,0.051622418879056053,1812.1141000000002,1809.4000000000001,0.018991599877386692,0,3.6727863689953777,weekly_monday_eth_dca,,,,,,,,,
2025-05-05 09:00:00+00:00,weekly_monday_eth_dca_buy,34.414945919370702,0.051622418879056053,1831.1325850000003,1828.3900000000001,0.018794349574294041,0,3.6915807185696718,weekly_monday_eth_dca,,,,,,,,,
2025-05-12 09:00:00+00:00,weekly_monday_eth_dca_buy,34.414945919370702,0.051622418879056053,2581.4163250000001,2577.5500000000002,0.013331807653835419,0,3.7049125262235072,weekly_monday_eth_dca,,,,,,,,,
2025-05-19 09:00:00+00:00,weekly_monday_eth_dca_buy,34.414945919370702,0.051622418879056053,2408.6275300000002,2405.02,0.014288197527730948,0,3.7192007237512383,weekly_monday_eth_dca,,,,,,,,,
2025-05-26 09:00:00+00:00,weekly_monday_eth_dca_buy,34.414945919370702,0.051622418879056053,2571.841985,2567.9899999999998,0.013381438719832821,0,3.7325821624710711,weekly_monday_eth_dca,,,,,,,,,
2025-06-02 09:00:00+00:00,weekly_monday_eth_dca_buy,34.414945919370702,0.051622418879056053,2498.3118550000004,2494.5700000000002,0.013775280235929832,0,3.746357442707001,weekly_monday_eth_dca,,,,,,,,,
2025-06-09 09:00:00+00:00,weekly_monday_eth_dca_buy,34.414945919370702,0.051622418879056053,2499.1230700000001,2495.3800000000001,0.01377080878188632,0,3.7601282514888874,weekly_monday_eth_dca,,,,,,,,,
2025-06-16 09:00:00+00:00,weekly_monday_eth_dca_buy,34.414945919370702,0.051622418879056053,2634.2354350000001,2630.29,0.013064491298732644,0,3.7731927427876202,weekly_monday_eth_dca,,,,,,,,,
2025-06-23 09:00:00+00:00,weekly_monday_eth_dca_buy,34.414945919370702,0.051622418879056053,2265.3829849999997,2261.9899999999998,0.015191667875695069,0,3.7883844106633151,weekly_monday_eth_dca,,,,,,,,,
2025-06-30 09:00:00+00:00,weekly_monday_eth_dca_buy,34.414945919370702,0.051622418879056053,2472.3029000000001,2468.5999999999999,0.013920198014317217,0,3.8023046086776322,weekly_monday_eth_dca,,,,,,,,,
2025-07-07 09:00:00+00:00,weekly_monday_eth_dca_buy,34.414945919370702,0.051622418879056053,2589.0076950000002,2585.1300000000001,0.013292716736931404,0,3.8155973254145636,weekly_monday_eth_dca,,,,,,,,,
2025-07-14 09:00:00+00:00,weekly_monday_eth_dca_buy,34.414945919370702,0.051622418879056053,3044.329655,3039.77,0.011304605551783024,0,3.8269019309663466,weekly_monday_eth_dca,,,,,,,,,
2025-07-21 09:00:00+00:00,weekly_monday_eth_dca_buy,34.414945919370702,0.051622418879056053,3783.2163250000003,3777.5500000000002,0.0090967428142959012,0,3.8359986737806424,weekly_monday_eth_dca,,,,,,,,,
2025-07-28 09:00:00+00:00,weekly_monday_eth_dca_buy,34.414945919370702,0.051622418879056053,3897.7478650000003,3891.9099999999999,0.0088294438509995046,0,3.8448281176316419,weekly_monday_eth_dca,,,,,,,,,
2025-08-04 09:00:00+00:00,weekly_monday_eth_dca_buy,34.414945919370702,0.051622418879056053,3555.8257500000004,3550.5,0.0096784680518640989,0,3.8545065856835059,weekly_monday_eth_dca,,,,,,,,,
2025-08-11 09:00:00+00:00,weekly_monday_eth_dca_buy,34.414945919370702,0.051622418879056053,4288.1926550000007,4281.7700000000004,0.0080255130047021395,0,3.8625320986882081,weekly_monday_eth_dca,,,,,,,,,
2025-08-18 09:00:00+00:00,weekly_monday_eth_dca_buy,34.414945919370702,0.051622418879056053,4265.4886500000002,4259.1000000000004,0.0080682305694028053,0,3.870600329257611,weekly_monday_eth_dca,,,,,,,,,
2025-08-25 09:00:00+00:00,weekly_monday_eth_dca_buy,34.414945919370702,0.051622418879056053,4606.7097150000009,4599.8100000000004,0.0074706130944850943,0,3.878070942352096,weekly_monday_eth_dca,,,,,,,,,
2025-09-01 09:00:00+00:00,weekly_monday_eth_dca_buy,34.414945919370702,0.051622418879056053,4482.9643750000005,4476.25,0.0076768278845335903,0,3.8857477702366294,weekly_monday_eth_dca,,,,,,,,,
2025-09-08 09:00:00+00:00,weekly_monday_eth_dca_buy,34.414945919370702,0.051622418879056053,4308.2426850000002,4301.79,0.0079881632571890977,0,3.8937359334938186,weekly_monday_eth_dca,,,,,,,,,
2025-09-15 09:00:00+00:00,weekly_monday_eth_dca_buy,34.414945919370702,0.051622418879056053,4517.3859300000004,4510.6199999999999,0.0076183320293315513,0,3.9013542655231501,weekly_monday_eth_dca,,,,,,,,,
2025-09-22 09:00:00+00:00,weekly_monday_eth_dca_buy,34.414945919370702,0.051622418879056053,4200.9720200000002,4194.6800000000003,0.0081921388087156793,0,3.909546404331866,weekly_monday_eth_dca,,,,,,,,,
2025-09-29 09:00:00+00:00,weekly_monday_eth_dca_buy,34.414945919370702,0.051622418879056053,4128.3933150000003,4122.21,0.0083361596857373793,0,3.9178825640176034,weekly_monday_eth_dca,,,,,,,,,
2025-10-06 09:00:00+00:00,weekly_monday_eth_dca_buy,34.414945919370702,0.051622418879056053,4568.4524149999997,4561.6099999999997,0.0075331737737648523,0,3.9254157377913681,weekly_monday_eth_dca,,,,,,,,,
2025-10-13 09:00:00+00:00,weekly_monday_eth_dca_buy,34.414945919370702,0.051622418879056053,4181.6230399999995,4175.3599999999997,0.0082300450304030048,0,3.9336457828217712,weekly_monday_eth_dca,,,,,,,,,
2025-10-20 09:00:00+00:00,weekly_monday_eth_dca_buy,34.414945919370702,0.051622418879056053,4051.4781149999999,4045.4099999999999,0.0084944173317768757,0,3.9421402001535482,weekly_monday_eth_dca,,,,,,,,,
2025-10-27 09:00:00+00:00,weekly_monday_eth_dca_buy,34.414945919370702,0.051622418879056053,4173.0702300000003,4166.8199999999997,0.008246912709966709,0,3.9503871128635151,weekly_monday_eth_dca,,,,,,,,,
2025-11-03 09:00:00+00:00,weekly_monday_eth_dca_buy,34.414945919370702,0.051622418879056053,3721.9946300000001,3716.4200000000001,0.0092463717282071142,0,3.959633484591722,weekly_monday_eth_dca,,,,,,,,,
2025-11-10 09:00:00+00:00,weekly_monday_eth_dca_buy,34.414945919370702,0.051622418879056053,3599.5512400000002,3594.1599999999999,0.0095608990190040183,0,3.9691943836107262,weekly_monday_eth_dca,,,,,,,,,
2025-11-17 09:00:00+00:00,weekly_monday_eth_dca_buy,34.414945919370702,0.051622418879056053,3195.0253600000001,3190.2399999999998,0.010771415573168002,0,3.9799657991838941,weekly_monday_eth_dca,,,,,,,,,
2025-11-24 09:00:00+00:00,weekly_monday_eth_dca_buy,34.414945919370702,0.051622418879056053,2843.2384700000002,2838.98,0.012104136280686543,0,3.9920699354645808,weekly_monday_eth_dca,,,,,,,,,
2025-12-01 09:00:00+00:00,weekly_monday_eth_dca_buy,34.414945919370702,0.051622418879056053,2844.8108250000005,2840.5500000000002,0.012097446205186841,0,4.0041673816697676,weekly_monday_eth_dca,,,,,,,,,
2025-12-08 09:00:00+00:00,weekly_monday_eth_dca_buy,34.414945919370702,0.051622418879056053,3148.485655,3143.77,0.010930634498752608,0,4.0150980161685199,weekly_monday_eth_dca,,,,,,,,,
2025-12-15 09:00:00+00:00,weekly_monday_eth_dca_buy,34.414945919370702,0.051622418879056053,3144.5497600000003,3139.8400000000001,0.010944315894486179,0,4.0260423320630059,weekly_monday_eth_dca,,,,,,,,,
2025-12-22 09:00:00+00:00,weekly_monday_eth_dca_buy,34.414945919370702,0.051622418879056053,3032.3817600000002,3027.8400000000001,0.011349146856552356,0,4.0373914789195586,weekly_monday_eth_dca,,,,,,,,,
2025-12-29 09:00:00+00:00,weekly_monday_eth_dca_buy,34.414945919370702,0.051622418879056053,3018.9115849999998,3014.3899999999999,0.011399785966030768,0,4.0487912648855895,weekly_monday_eth_dca,,,,,,,,,
2026-01-05 09:00:00+00:00,weekly_monday_eth_dca_buy,34.414945919370702,0.051622418879056053,3168.3654300000003,3163.6199999999999,0.010862050694502969,0,4.0596533155800927,weekly_monday_eth_dca,,,,,,,,,
2026-01-12 09:00:00+00:00,weekly_monday_eth_dca_buy,34.414945919370702,0.051622418879056053,3120.1432049999999,3115.4699999999998,0.01102992512145631,0,4.0706832407015492,weekly_monday_eth_dca,,,,,,,,,
2026-01-19 09:00:00+00:00,weekly_monday_eth_dca_buy,34.414945919370702,0.051622418879056053,3218.6908050000002,3213.8699999999999,0.010692218670370452,0,4.0813754593719196,weekly_monday_eth_dca,,,,,,,,,
2026-01-26 09:00:00+00:00,weekly_monday_eth_dca_buy,34.414945919370702,0.051622418879056053,2916.6584350000003,2912.29,0.011799443330898874,0,4.0931749027028186,weekly_monday_eth_dca,,,,,,,,,
2026-02-02 09:00:00+00:00,weekly_monday_eth_dca_buy,34.414945919370702,0.051622418879056053,2252.7039949999998,2249.3299999999999,0.015277171788107342,0,4.1084520744909261,weekly_monday_eth_dca,,,,,,,,,
2026-02-09 09:00:00+00:00,weekly_monday_eth_dca_buy,34.414945919370702,0.051622418879056053,2053.09503,2050.02,0.01676247100913332,0,4.1252145455000591,weekly_monday_eth_dca,,,,,,,,,
2026-02-16 09:00:00+00:00,weekly_monday_eth_dca_buy,34.414945919370702,0.051622418879056053,1980.275965,1977.3099999999999,0.01737886361680439,0,4.1425934091168637,weekly_monday_eth_dca,,,,,,,,,
2026-02-23 09:00:00+00:00,weekly_monday_eth_dca_buy,34.414945919370702,0.051622418879056053,1883.4509450000003,1880.6300000000001,0.018272281532328783,0,4.1608656906491923,weekly_monday_eth_dca,,,,,,,,,
2026-03-02 09:00:00+00:00,weekly_monday_eth_dca_buy,34.414945919370702,0.051622418879056053,1952.253995,1949.3299999999999,0.017628313737614199,0,4.1784940043868062,weekly_monday_eth_dca,,,,,,,,,
2026-03-09 09:00:00+00:00,weekly_monday_eth_dca_buy,34.414945919370702,0.051622418879056053,1999.8052150000001,1996.8099999999999,0.017209149001729502,0,4.1957031533885356,weekly_monday_eth_dca,,,,,,,,,
2026-03-16 09:00:00+00:00,weekly_monday_eth_dca_buy,34.414945919370702,0.051622418879056053,2246.9053100000001,2243.54,0.015316598241236387,0,4.211019751629772,weekly_monday_eth_dca,,,,,,,,,
2026-03-23 09:00:00+00:00,weekly_monday_eth_dca_buy,34.414945919370702,0.051622418879056053,2051.0820150000004,2048.0100000000002,0.016778922377402201,0,4.2277986740071745,weekly_monday_eth_dca,,,,,,,,,
2026-03-30 09:00:00+00:00,weekly_monday_eth_dca_buy,34.414945919370702,0.051622418879056053,2065.4134800000002,2062.3200000000002,0.016662497002474633,0,4.2444611710096494,weekly_monday_eth_dca,,,,,,,,,
2026-04-06 09:00:00+00:00,weekly_monday_eth_dca_buy,34.414945919370702,0.051622418879056053,2141.6877200000004,2138.48,0.016069077484074427,0,4.2605302484937235,weekly_monday_eth_dca,,,,,,,,,
2026-04-13 09:00:00+00:00,weekly_monday_eth_dca_buy,34.414945919370702,0.051622418879056053,2188.5579200000002,2185.2800000000002,0.015724941800658719,0,4.2762551902943819,weekly_monday_eth_dca,,,,,,,,,
2026-04-20 09:00:00+00:00,weekly_monday_eth_dca_buy,34.414945919370702,0.051622418879056053,2297.5211199999999,2294.0799999999999,0.014979164117268573,0,4.2912343544116505,weekly_monday_eth_dca,,,,,,,,,
2026-04-27 09:00:00+00:00,weekly_monday_eth_dca_buy,34.414945919370702,0.051622418879056053,2323.1595200000002,2319.6799999999998,0.014813853987680837,0,4.3060482083993312,weekly_monday_eth_dca,,,,,,,,,
2026-05-04 09:00:00+00:00,weekly_monday_eth_dca_buy,34.414945919370702,0.051622418879056053,2363.5800600000002,2360.04,0.014560516270124016,0,4.3206087246694551,weekly_monday_eth_dca,,,,,,,,,
2026-05-11 09:00:00+00:00,weekly_monday_eth_dca_buy,34.414945919370702,0.051622418879056053,2333.9757200000004,2330.48,0.014745203056084361,0,4.3353539277255395,weekly_monday_eth_dca,,,,,,,,,
2026-05-18 09:00:00+00:00,weekly_monday_eth_dca_buy,34.414945919370702,0.051622418879056053,2124.7523550000001,2121.5700000000002,0.016197156265474855,0,4.3515510839910148,weekly_monday_eth_dca,,,,,,,,,
2026-05-25 09:00:00+00:00,weekly_monday_eth_dca_buy,34.414945919370702,0.051622418879056053,2120.0052449999998,2116.8299999999999,0.016233424893894875,0,4.3677845088849097,weekly_monday_eth_dca,,,,,,,,,
2026-06-01 09:00:00+00:00,weekly_monday_eth_dca_buy,34.414945919370702,0.051622418879056053,1986.9359400000001,1983.96,0.017320611715026253,0,4.3851051205999356,weekly_monday_eth_dca,,,,,,,,,
2026-06-08 09:00:00+00:00,weekly_monday_eth_dca_buy,34.414945919370702,0.051622418879056053,1663.6617550000001,1661.1700000000001,0.020686263788861757,0,4.405791384388797,weekly_monday_eth_dca,,,,,,,,,
2026-06-15 09:00:00+00:00,weekly_monday_eth_dca_buy,34.414945919370702,0.051622418879056053,1722.930525,1720.3499999999999,0.019974656795502942,0,4.4257660411842998,weekly_monday_eth_dca,,,,,,,,,
2026-06-22 09:00:00+00:00,weekly_monday_eth_dca_buy,34.414945919370702,0.051622418879056053,1750.4217000000001,1747.8,0.019660945656335669,0,4.4454269868406353,weekly_monday_eth_dca,,,,,,,,,
2026-06-29 09:00:00+00:00,weekly_monday_eth_dca_buy,34.414945919370702,0.051622418879056053,1575.3394700000001,1572.98,0.021846050692407713,0,4.4672730375330429,weekly_monday_eth_dca,,,,,,,,,
2026-07-06 09:00:00+00:00,weekly_monday_eth_dca_buy,34.414945919370702,0.051622418879056053,1768.18831,1765.54,0.019463394099337023,0,4.4867364316323801,weekly_monday_eth_dca,,,,,,,,,
2026-07-13 09:00:00+00:00,weekly_monday_eth_dca_buy,34.414945919370702,0.051622418879056053,1792.8652700000002,1790.1800000000001,0.019195500350882862,0,4.5059319319832634,weekly_monday_eth_dca,,,,,,,,,
2026-07-20 09:00:00+00:00,weekly_monday_eth_dca_buy,34.414945919370702,0.051622418879056053,1863.7915,1861,0.018465019246718693,0,4.5243969512299822,weekly_monday_eth_dca,,,,,,,,,
2026-07-27 09:00:00+00:00,weekly_monday_eth_dca_buy,34.414945919370702,0.051622418879056053,1967.1963750000002,1964.25,0.017494413042201087,0,4.5418913642721837,weekly_monday_eth_dca,,,,,,,,,
2024-05-20 20:00:00+00:00,eth_btc_spread_trade,6076.6961651916763,36.460176991150057,,,,6647.7241838384953,,eth_etf_odds_eth_btc_spread,2024-05-20 21:00:00+00:00,2024-05-23 21:00:00+00:00,3500.0700000000002,69499.990000000005,3756.0100000000002,67802.889999999999,0.050360726670608154,0.055396016305499667,0.091542960350132874
