date,sp500,sma200_prior,risk_on_signal_close,risk_on_actionable
2017-06-22 00:00:00+00:00,2434.5,2284.36335,True,False
2017-06-23 00:00:00+00:00,2438.3,2285.60345,True,True
2017-06-26 00:00:00+00:00,2439.07,2286.86415,True,True
2017-06-27 00:00:00+00:00,2419.38,2288.153,True,True
2017-06-28 00:00:00+00:00,2440.69,2289.61085,True,True
2017-06-29 00:00:00+00:00,2419.7,2291.0191,True,True
2017-06-30 00:00:00+00:00,2423.41,2292.4825,True,True
2017-07-03 00:00:00+00:00,2429.01,2293.9707,True,True
2017-07-05 00:00:00+00:00,2432.54,2295.37945,True,True
2017-07-06 00:00:00+00:00,2409.75,2296.8463500000003,True,True
2017-07-07 00:00:00+00:00,2425.18,2298.1995,True,True
2017-07-10 00:00:00+00:00,2427.43,2299.6266,True,True
2017-07-11 00:00:00+00:00,2425.53,2300.94815,True,True
2017-07-12 00:00:00+00:00,2443.25,2302.1899,True,True
2017-07-13 00:00:00+00:00,2447.83,2303.5827,True,True
2017-07-14 00:00:00+00:00,2459.27,2305.09135,True,True
2017-07-17 00:00:00+00:00,2459.14,2306.58805,True,True
2017-07-18 00:00:00+00:00,2460.61,2308.0269,True,True
2017-07-19 00:00:00+00:00,2473.83,2309.5742999999998,True,True
2017-07-20 00:00:00+00:00,2473.45,2311.1021,True,True
2017-07-21 00:00:00+00:00,2472.54,2312.66335,True,True
2017-07-24 00:00:00+00:00,2469.91,2314.2736,True,True
2017-07-25 00:00:00+00:00,2477.13,2315.8244999999997,True,True
2017-07-26 00:00:00+00:00,2477.83,2317.4063,True,True
2017-07-27 00:00:00+00:00,2475.42,2319.02675,True,True
2017-07-28 00:00:00+00:00,2472.1,2320.58555,True,True
2017-07-31 00:00:00+00:00,2470.3,2322.2624,True,True
2017-08-01 00:00:00+00:00,2476.35,2323.918,True,True
2017-08-02 00:00:00+00:00,2477.57,2325.637,True,True
2017-08-03 00:00:00+00:00,2472.16,2327.35995,True,True
2017-08-04 00:00:00+00:00,2476.83,2329.08825,True,True
2017-08-07 00:00:00+00:00,2480.91,2330.7744000000002,True,True
2017-08-08 00:00:00+00:00,2474.92,2332.4575,True,True
2017-08-09 00:00:00+00:00,2474.02,2334.1254,True,True
2017-08-10 00:00:00+00:00,2438.21,2335.7897,True,True
2017-08-11 00:00:00+00:00,2441.32,2337.2241,True,True
2017-08-14 00:00:00+00:00,2465.84,2338.7149,True,True
2017-08-15 00:00:00+00:00,2464.61,2340.34695,True,True
2017-08-16 00:00:00+00:00,2468.11,2342.0048,True,True
2017-08-17 00:00:00+00:00,2430.01,2343.7133,True,True
2017-08-18 00:00:00+00:00,2425.55,2345.2326000000003,True,True
2017-08-21 00:00:00+00:00,2428.37,2346.80175,True,True
2017-08-22 00:00:00+00:00,2452.51,2348.4539,True,True
2017-08-23 00:00:00+00:00,2444.04,2350.27315,True,True
2017-08-24 00:00:00+00:00,2438.97,2352.06745,True,True
2017-08-25 00:00:00+00:00,2443.05,2353.6047,True,True
2017-08-28 00:00:00+00:00,2444.24,2355.12215,True,True
2017-08-29 00:00:00+00:00,2446.3,2356.5270499999997,True,True
2017-08-30 00:00:00+00:00,2457.59,2357.92115,True,True
2017-08-31 00:00:00+00:00,2471.65,2359.38685,True,True
2017-09-01 00:00:00+00:00,2476.55,2360.9241,True,True
2017-09-05 00:00:00+00:00,2457.85,2362.4049,True,True
2017-09-06 00:00:00+00:00,2465.54,2363.80945,True,True
2017-09-07 00:00:00+00:00,2465.1,2365.20155,True,True
2017-09-08 00:00:00+00:00,2461.43,2366.61755,True,True
2017-09-11 00:00:00+00:00,2488.11,2367.9338000000002,True,True
2017-09-12 00:00:00+00:00,2496.48,2369.35965,True,True
2017-09-13 00:00:00+00:00,2498.37,2370.81845,True,True
2017-09-14 00:00:00+00:00,2495.62,2372.24355,True,True
2017-09-15 00:00:00+00:00,2500.23,2373.71305,True,True
2017-09-18 00:00:00+00:00,2503.87,2375.1909,True,True
2017-09-19 00:00:00+00:00,2506.65,2376.7162,True,True
2017-09-20 00:00:00+00:00,2508.24,2378.29405,True,True
2017-09-21 00:00:00+00:00,2500.6,2379.8755,True,True
2017-09-22 00:00:00+00:00,2502.22,2381.35495,True,True
2017-09-25 00:00:00+00:00,2496.66,2382.8049,True,True
2017-09-26 00:00:00+00:00,2496.84,2384.0814499999997,True,True
2017-09-27 00:00:00+00:00,2507.04,2385.3347,True,True
2017-09-28 00:00:00+00:00,2510.06,2386.57225,True,True
2017-09-29 00:00:00+00:00,2519.36,2387.83775,True,True
2017-10-02 00:00:00+00:00,2529.12,2389.07595,True,True
2017-10-03 00:00:00+00:00,2534.58,2390.4551500000002,True,True
2017-10-04 00:00:00+00:00,2537.74,2391.8179,True,True
2017-10-05 00:00:00+00:00,2552.07,2393.21625,True,True
2017-10-06 00:00:00+00:00,2549.33,2394.66395,True,True
2017-10-09 00:00:00+00:00,2544.73,2396.0568,True,True
2017-10-10 00:00:00+00:00,2550.64,2397.45455,True,True
2017-10-11 00:00:00+00:00,2555.24,2398.9029499999997,True,True
2017-10-12 00:00:00+00:00,2550.93,2400.3602,True,True
2017-10-13 00:00:00+00:00,2553.17,2401.77045,True,True
2017-10-16 00:00:00+00:00,2557.64,2403.2867,True,True
2017-10-17 00:00:00+00:00,2559.36,2404.8286,True,True
2017-10-18 00:00:00+00:00,2561.26,2406.43125,True,True
2017-10-19 00:00:00+00:00,2562.1,2407.9483999999998,True,True
2017-10-20 00:00:00+00:00,2575.21,2409.40515,True,True
2017-10-23 00:00:00+00:00,2564.98,2410.9362,True,True
2017-10-24 00:00:00+00:00,2569.13,2412.3762,True,True
2017-10-25 00:00:00+00:00,2557.15,2413.87735,True,True
2017-10-26 00:00:00+00:00,2560.4,2415.3186,True,True
2017-10-27 00:00:00+00:00,2581.07,2416.744,True,True
2017-10-30 00:00:00+00:00,2572.83,2418.29715,True,True
2017-10-31 00:00:00+00:00,2575.26,2419.7881,True,True
2017-11-01 00:00:00+00:00,2579.36,2421.32495,True,True
2017-11-02 00:00:00+00:00,2579.85,2422.8623000000002,True,True
2017-11-03 00:00:00+00:00,2587.84,2424.4431,True,True
2017-11-06 00:00:00+00:00,2591.13,2426.0257500000002,True,True
2017-11-07 00:00:00+00:00,2590.64,2427.6554,True,True
2017-11-08 00:00:00+00:00,2594.38,2429.2082499999997,True,True
2017-11-09 00:00:00+00:00,2584.62,2430.6883,True,True
2017-11-10 00:00:00+00:00,2582.3,2432.1279999999997,True,True
2017-11-13 00:00:00+00:00,2584.84,2433.56605,True,True
2017-11-14 00:00:00+00:00,2578.87,2435.08575,True,True
2017-11-15 00:00:00+00:00,2564.62,2436.5857499999997,True,True
2017-11-16 00:00:00+00:00,2585.64,2438.0110999999997,True,True
2017-11-17 00:00:00+00:00,2578.85,2439.53505,True,True
2017-11-20 00:00:00+00:00,2582.14,2440.9422,True,True
2017-11-21 00:00:00+00:00,2599.03,2442.3901,True,True
2017-11-22 00:00:00+00:00,2597.08,2443.91985,True,True
2017-11-24 00:00:00+00:00,2602.42,2445.4319,True,True
2017-11-27 00:00:00+00:00,2601.42,2446.90465,True,True
2017-11-28 00:00:00+00:00,2627.04,2448.33125,True,True
2017-11-29 00:00:00+00:00,2626.07,2449.8251999999998,True,True
2017-11-30 00:00:00+00:00,2647.58,2451.26765,True,True
2017-12-01 00:00:00+00:00,2642.22,2452.7592999999997,True,True
2017-12-04 00:00:00+00:00,2639.44,2454.2343,True,True
2017-12-05 00:00:00+00:00,2629.57,2455.6757,True,True
2017-12-06 00:00:00+00:00,2629.27,2456.99665,True,True
2017-12-07 00:00:00+00:00,2636.98,2458.3289,True,True
2017-12-08 00:00:00+00:00,2651.5,2459.69475,True,True
2017-12-11 00:00:00+00:00,2659.99,2461.11555,True,True
2017-12-12 00:00:00+00:00,2664.11,2462.56675,True,True
2017-12-13 00:00:00+00:00,2662.85,2464.0691,True,True
2017-12-14 00:00:00+00:00,2652.01,2465.40355,True,True
2017-12-15 00:00:00+00:00,2675.81,2466.754,True,True
2017-12-18 00:00:00+00:00,2690.16,2468.21745,True,True
2017-12-19 00:00:00+00:00,2681.47,2469.7916999999998,True,True
2017-12-20 00:00:00+00:00,2679.25,2471.3570999999997,True,True
2017-12-21 00:00:00+00:00,2684.57,2472.93845,True,True
2017-12-22 00:00:00+00:00,2683.34,2474.53695,True,True
2017-12-26 00:00:00+00:00,2680.5,2476.09065,True,True
2017-12-27 00:00:00+00:00,2682.62,2477.6258,True,True
2017-12-28 00:00:00+00:00,2687.54,2479.2116499999997,True,True
2017-12-29 00:00:00+00:00,2673.61,2480.72305,True,True
2018-01-02 00:00:00+00:00,2695.81,2482.1842,True,True
2018-01-03 00:00:00+00:00,2713.06,2483.772,True,True
2018-01-04 00:00:00+00:00,2723.99,2485.46995,True,True
2018-01-05 00:00:00+00:00,2743.15,2487.3698,True,True
2018-01-08 00:00:00+00:00,2747.71,2489.3433,True,True
2018-01-09 00:00:00+00:00,2751.29,2491.35205,True,True
2018-01-10 00:00:00+00:00,2748.23,2493.3886,True,True
2018-01-11 00:00:00+00:00,2767.56,2495.4218,True,True
2018-01-12 00:00:00+00:00,2786.24,2497.46675,True,True
2018-01-16 00:00:00+00:00,2776.42,2499.5923,True,True
2018-01-17 00:00:00+00:00,2802.56,2501.6341,True,True
2018-01-18 00:00:00+00:00,2798.03,2503.8333000000002,True,True
2018-01-19 00:00:00+00:00,2810.3,2506.02925,True,True
2018-01-22 00:00:00+00:00,2832.97,2508.27995,True,True
2018-01-23 00:00:00+00:00,2839.13,2510.68005,True,True
2018-01-24 00:00:00+00:00,2837.54,2513.0882500000002,True,True
2018-01-25 00:00:00+00:00,2839.25,2515.49825,True,True
2018-01-26 00:00:00+00:00,2872.87,2517.9087,True,True
2018-01-29 00:00:00+00:00,2853.53,2520.50415,True,True
2018-01-30 00:00:00+00:00,2822.43,2523.04715,True,True
2018-01-31 00:00:00+00:00,2823.81,2525.5145500000003,True,True
2018-02-01 00:00:00+00:00,2821.98,2527.88855,True,True
2018-02-02 00:00:00+00:00,2762.13,2530.2875,True,True
2018-02-05 00:00:00+00:00,2648.94,2532.4073000000003,True,True
2018-02-06 00:00:00+00:00,2695.14,2533.8728,True,True
2018-02-07 00:00:00+00:00,2681.66,2535.60505,True,True
2018-02-08 00:00:00+00:00,2581.0,2537.1425999999997,True,True
2018-02-09 00:00:00+00:00,2619.55,2538.10455,True,True
2018-02-12 00:00:00+00:00,2656.0,2539.26505,True,True
2018-02-13 00:00:00+00:00,2662.94,2540.6012,True,True
2018-02-14 00:00:00+00:00,2698.63,2541.9948999999997,True,True
2018-02-15 00:00:00+00:00,2731.2,2543.5463999999997,True,True
2018-02-16 00:00:00+00:00,2732.22,2545.24655,True,True
2018-02-20 00:00:00+00:00,2716.26,2546.967,True,True
2018-02-21 00:00:00+00:00,2701.33,2548.6007,True,True
2018-02-22 00:00:00+00:00,2703.96,2550.1109,True,True
2018-02-23 00:00:00+00:00,2747.3,2551.6338,True,True
2018-02-26 00:00:00+00:00,2779.6,2553.3857000000003,True,True
2018-02-27 00:00:00+00:00,2744.28,2555.28555,True,True
2018-02-28 00:00:00+00:00,2713.83,2557.0347500000003,True,True
2018-03-01 00:00:00+00:00,2677.67,2558.6494000000002,True,True
2018-03-02 00:00:00+00:00,2691.25,2560.0261499999997,True,True
2018-03-05 00:00:00+00:00,2720.94,2561.47905,True,True
2018-03-06 00:00:00+00:00,2728.12,2563.2986,True,True
2018-03-07 00:00:00+00:00,2726.8,2565.1106,True,True
2018-03-08 00:00:00+00:00,2738.97,2566.83595,True,True
2018-03-09 00:00:00+00:00,2786.57,2568.5607,True,True
2018-03-12 00:00:00+00:00,2783.02,2570.50145,True,True
2018-03-13 00:00:00+00:00,2765.31,2572.3946,True,True
2018-03-14 00:00:00+00:00,2749.48,2574.1458,True,True
2018-03-15 00:00:00+00:00,2747.33,2575.8141,True,True
2018-03-16 00:00:00+00:00,2752.01,2577.4862,True,True
2018-03-19 00:00:00+00:00,2712.92,2579.18725,True,True
2018-03-20 00:00:00+00:00,2716.94,2580.60155,True,True
2018-03-21 00:00:00+00:00,2711.93,2581.9909,True,True
2018-03-22 00:00:00+00:00,2643.69,2583.3700499999995,True,True
2018-03-23 00:00:00+00:00,2588.26,2584.44185,True,True
2018-03-26 00:00:00+00:00,2658.55,2585.21745,True,True
2018-03-27 00:00:00+00:00,2612.62,2586.34125,True,True
2018-03-28 00:00:00+00:00,2605.0,2587.2455,True,True
2018-03-29 00:00:00+00:00,2640.87,2588.1235500000003,True,True
2018-04-02 00:00:00+00:00,2581.88,2589.12615,False,True
2018-04-03 00:00:00+00:00,2614.45,2589.84595,True,False
2018-04-04 00:00:00+00:00,2644.69,2590.7559,True,True
2018-04-05 00:00:00+00:00,2662.84,2591.8136,True,True
2018-04-06 00:00:00+00:00,2604.47,2592.8605000000002,True,True
2018-04-09 00:00:00+00:00,2613.16,2593.6976999999997,True,True
2018-04-10 00:00:00+00:00,2656.87,2594.58545,True,True
2018-04-11 00:00:00+00:00,2642.19,2595.6973000000003,True,True
2018-04-12 00:00:00+00:00,2663.99,2596.71675,True,True
2018-04-13 00:00:00+00:00,2656.3,2597.84135,True,True
2018-04-16 00:00:00+00:00,2677.84,2599.02595,True,True
2018-04-17 00:00:00+00:00,2706.39,2600.2117000000003,True,True
2018-04-18 00:00:00+00:00,2708.64,2601.6451500000003,True,True
2018-04-19 00:00:00+00:00,2693.13,2603.0713,True,True
2018-04-20 00:00:00+00:00,2670.14,2604.3919,True,True
2018-04-23 00:00:00+00:00,2670.29,2605.5798999999997,True,True
2018-04-24 00:00:00+00:00,2634.56,2606.8826,True,True
2018-04-25 00:00:00+00:00,2639.4,2607.9294999999997,True,True
2018-04-26 00:00:00+00:00,2666.94,2608.98935,True,True
2018-04-27 00:00:00+00:00,2669.91,2610.1964000000003,True,True
2018-04-30 00:00:00+00:00,2648.05,2611.3297000000002,True,True
2018-05-01 00:00:00+00:00,2654.8,2612.3308,True,True
2018-05-02 00:00:00+00:00,2635.67,2613.30845,True,True
2018-05-03 00:00:00+00:00,2629.73,2614.1911,True,True
2018-05-04 00:00:00+00:00,2663.42,2615.0366999999997,True,True
2018-05-07 00:00:00+00:00,2672.63,2615.98465,True,True
2018-05-08 00:00:00+00:00,2671.92,2616.98055,True,True
2018-05-09 00:00:00+00:00,2697.79,2617.97745,True,True
2018-05-10 00:00:00+00:00,2723.07,2619.11685,True,True
2018-05-11 00:00:00+00:00,2727.72,2620.34655,True,True
2018-05-14 00:00:00+00:00,2730.13,2621.5959999999995,True,True
2018-05-15 00:00:00+00:00,2711.45,2622.8695500000003,True,True
2018-05-16 00:00:00+00:00,2722.46,2624.0663,True,True
2018-05-17 00:00:00+00:00,2720.13,2625.3270999999995,True,True
2018-05-18 00:00:00+00:00,2712.97,2626.546,True,True
2018-05-21 00:00:00+00:00,2733.01,2627.723,True,True
2018-05-22 00:00:00+00:00,2724.44,2629.0272500000005,True,True
2018-05-23 00:00:00+00:00,2733.29,2630.2653000000005,True,True
2018-05-24 00:00:00+00:00,2727.76,2631.5271999999995,True,True
2018-05-25 00:00:00+00:00,2721.33,2632.7914,True,True
2018-05-29 00:00:00+00:00,2689.86,2634.0279500000006,True,True
2018-05-30 00:00:00+00:00,2724.01,2635.2862,True,True
2018-05-31 00:00:00+00:00,2705.27,2636.6996500000005,True,True
2018-06-01 00:00:00+00:00,2734.62,2637.8968,True,True
2018-06-04 00:00:00+00:00,2746.87,2639.24685,True,True
2018-06-05 00:00:00+00:00,2748.8,2640.6406499999994,True,True
2018-06-06 00:00:00+00:00,2772.35,2642.2346000000002,True,True
2018-06-07 00:00:00+00:00,2770.37,2643.9685999999997,True,True
2018-06-08 00:00:00+00:00,2779.03,2645.6785999999997,True,True
2018-06-11 00:00:00+00:00,2782.0,2647.3112,True,True
2018-06-12 00:00:00+00:00,2786.85,2649.0009999999997,True,True
2018-06-13 00:00:00+00:00,2775.63,2650.7403999999997,True,True
2018-06-14 00:00:00+00:00,2782.49,2652.4032999999995,True,True
2018-06-15 00:00:00+00:00,2779.66,2654.09455,True,True
2018-06-18 00:00:00+00:00,2773.75,2655.76135,True,True
2018-06-19 00:00:00+00:00,2762.59,2657.3421500000004,True,True
2018-06-20 00:00:00+00:00,2767.32,2658.79685,True,True
2018-06-21 00:00:00+00:00,2749.76,2660.2507,True,True
2018-06-22 00:00:00+00:00,2754.88,2661.71025,True,True
2018-06-25 00:00:00+00:00,2717.07,2663.15695,True,True
2018-06-26 00:00:00+00:00,2723.06,2664.4168,True,True
2018-06-27 00:00:00+00:00,2699.63,2665.72495,True,True
2018-06-28 00:00:00+00:00,2716.31,2666.78255,True,True
2018-06-29 00:00:00+00:00,2718.37,2667.8817,True,True
2018-07-02 00:00:00+00:00,2726.71,2668.9817,True,True
2018-07-03 00:00:00+00:00,2713.22,2670.1371499999996,True,True
2018-07-05 00:00:00+00:00,2736.61,2671.2021000000004,True,True
2018-07-06 00:00:00+00:00,2759.82,2672.3658,True,True
2018-07-09 00:00:00+00:00,2784.17,2673.63165,True,True
2018-07-10 00:00:00+00:00,2793.84,2675.0113,True,True
2018-07-11 00:00:00+00:00,2774.02,2676.4775,True,True
2018-07-12 00:00:00+00:00,2798.29,2677.8365000000003,True,True
2018-07-13 00:00:00+00:00,2801.31,2679.3446500000005,True,True
2018-07-16 00:00:00+00:00,2798.43,2680.867,True,True
2018-07-17 00:00:00+00:00,2809.55,2682.32395,True,True
2018-07-18 00:00:00+00:00,2815.62,2683.8213999999994,True,True
2018-07-19 00:00:00+00:00,2804.49,2685.3026999999997,True,True
2018-07-20 00:00:00+00:00,2801.83,2686.6795499999994,True,True
2018-07-23 00:00:00+00:00,2806.98,2688.0158,True,True
2018-07-24 00:00:00+00:00,2820.4,2689.362,True,True
2018-07-25 00:00:00+00:00,2846.07,2690.70365,True,True
2018-07-26 00:00:00+00:00,2837.44,2692.1873499999997,True,True
2018-07-27 00:00:00+00:00,2818.82,2693.6509,True,True
2018-07-30 00:00:00+00:00,2802.6,2694.9918,True,True
2018-07-31 00:00:00+00:00,2816.29,2696.2286,True,True
2018-08-01 00:00:00+00:00,2813.36,2697.5553999999997,True,True
2018-08-02 00:00:00+00:00,2827.22,2698.85635,True,True
2018-08-03 00:00:00+00:00,2840.35,2700.20425,True,True
2018-08-06 00:00:00+00:00,2850.4,2701.6092000000003,True,True
2018-08-07 00:00:00+00:00,2858.45,2703.0549,True,True
2018-08-08 00:00:00+00:00,2857.7,2704.5366500000005,True,True
2018-08-09 00:00:00+00:00,2853.58,2705.9491,True,True
2018-08-10 00:00:00+00:00,2833.28,2707.3921,True,True
2018-08-13 00:00:00+00:00,2821.93,2708.71285,True,True
2018-08-14 00:00:00+00:00,2839.96,2710.0367499999998,True,True
2018-08-15 00:00:00+00:00,2818.37,2711.43455,True,True
2018-08-16 00:00:00+00:00,2840.69,2712.6210499999997,True,True
2018-08-17 00:00:00+00:00,2850.13,2713.9603500000003,True,True
2018-08-20 00:00:00+00:00,2857.05,2715.3347000000003,True,True
2018-08-21 00:00:00+00:00,2862.96,2716.72315,True,True
2018-08-22 00:00:00+00:00,2861.82,2718.1387,True,True
2018-08-23 00:00:00+00:00,2856.98,2719.5085999999997,True,True
2018-08-24 00:00:00+00:00,2874.69,2720.83785,True,True
2018-08-27 00:00:00+00:00,2896.74,2722.2581,True,True
2018-08-28 00:00:00+00:00,2897.52,2723.7699,True,True
2018-08-29 00:00:00+00:00,2914.04,2725.3344,True,True
2018-08-30 00:00:00+00:00,2901.13,2726.9931,True,True
2018-08-31 00:00:00+00:00,2901.52,2728.5745499999994,True,True
2018-09-04 00:00:00+00:00,2896.72,2730.1877999999997,True,True
2018-09-05 00:00:00+00:00,2888.6,2731.8482999999997,True,True
2018-09-06 00:00:00+00:00,2878.05,2733.3631000000005,True,True
2018-09-07 00:00:00+00:00,2871.68,2734.8590999999997,True,True
2018-09-10 00:00:00+00:00,2877.13,2736.3068,True,True
2018-09-11 00:00:00+00:00,2887.89,2737.6973000000003,True,True
2018-09-12 00:00:00+00:00,2888.92,2739.15135,True,True
2018-09-13 00:00:00+00:00,2904.18,2740.58385,True,True
2018-09-14 00:00:00+00:00,2904.98,2742.09765,True,True
2018-09-17 00:00:00+00:00,2888.8,2743.48735,True,True
2018-09-18 00:00:00+00:00,2904.31,2744.801,True,True
2018-09-19 00:00:00+00:00,2907.95,2746.0846500000002,True,True
2018-09-20 00:00:00+00:00,2930.75,2747.4132999999997,True,True
2018-09-21 00:00:00+00:00,2929.67,2748.86985,True,True
2018-09-24 00:00:00+00:00,2919.37,2750.3703499999997,True,True
2018-09-25 00:00:00+00:00,2915.56,2751.82085,True,True
2018-09-26 00:00:00+00:00,2905.97,2753.21375,True,True
2018-09-27 00:00:00+00:00,2914.0,2754.4861,True,True
2018-09-28 00:00:00+00:00,2913.98,2755.7561499999997,True,True
2018-10-01 00:00:00+00:00,2924.59,2757.0054999999998,True,True
2018-10-02 00:00:00+00:00,2923.43,2758.3142,True,True
2018-10-03 00:00:00+00:00,2925.51,2759.6713,True,True
2018-10-04 00:00:00+00:00,2901.61,2760.9198000000006,True,True
2018-10-05 00:00:00+00:00,2885.57,2761.97705,True,True
2018-10-08 00:00:00+00:00,2884.43,2762.99755,True,True
2018-10-09 00:00:00+00:00,2880.34,2764.02345,True,True
2018-10-10 00:00:00+00:00,2785.68,2765.0022999999997,True,True
2018-10-11 00:00:00+00:00,2728.37,2765.514,False,True
2018-10-12 00:00:00+00:00,2767.13,2765.7533500000004,True,False
2018-10-15 00:00:00+00:00,2750.79,2766.1759,False,True
2018-10-16 00:00:00+00:00,2809.92,2766.4921499999996,True,False
2018-10-17 00:00:00+00:00,2809.21,2767.1737,True,True
2018-10-18 00:00:00+00:00,2768.78,2767.7407000000003,True,True
2018-10-19 00:00:00+00:00,2767.78,2768.0193,False,True
2018-10-22 00:00:00+00:00,2755.88,2768.2382500000003,False,False
2018-10-23 00:00:00+00:00,2740.69,2768.3019,False,False
2018-10-24 00:00:00+00:00,2656.1,2768.2668,False,False
2018-10-25 00:00:00+00:00,2705.57,2767.7908500000003,False,False
2018-10-26 00:00:00+00:00,2658.69,2767.57755,False,False
2018-10-29 00:00:00+00:00,2641.25,2767.0331999999994,False,False
2018-10-30 00:00:00+00:00,2682.63,2766.3082499999996,False,False
2018-10-31 00:00:00+00:00,2711.74,2765.8393,False,False
2018-11-01 00:00:00+00:00,2740.37,2765.3851999999997,False,False
2018-11-02 00:00:00+00:00,2723.06,2765.0969,False,False
2018-11-05 00:00:00+00:00,2738.31,2764.6607,False,False
2018-11-06 00:00:00+00:00,2755.45,2764.1874000000007,False,False
2018-11-07 00:00:00+00:00,2813.89,2763.7690000000002,True,False
2018-11-08 00:00:00+00:00,2806.83,2763.6507500000002,True,True
2018-11-09 00:00:00+00:00,2781.01,2763.48865,True,True
2018-11-12 00:00:00+00:00,2726.22,2763.02935,False,True
2018-11-13 00:00:00+00:00,2722.18,2762.3927999999996,False,False
2018-11-14 00:00:00+00:00,2701.58,2761.8915500000003,False,False
2018-11-15 00:00:00+00:00,2730.2,2761.2803999999996,False,False
2018-11-16 00:00:00+00:00,2736.27,2760.8215,False,False
2018-11-19 00:00:00+00:00,2690.73,2760.6922000000004,False,False
2018-11-20 00:00:00+00:00,2641.89,2760.9011499999997,False,False
2018-11-21 00:00:00+00:00,2649.93,2760.6349000000005,False,False
2018-11-23 00:00:00+00:00,2632.56,2760.47625,False,False
2018-11-26 00:00:00+00:00,2673.45,2760.7340500000005,False,False
2018-11-27 00:00:00+00:00,2682.17,2761.00355,False,False
2018-11-28 00:00:00+00:00,2743.79,2761.1344,False,False
2018-11-29 00:00:00+00:00,2737.76,2761.53865,False,False
2018-11-30 00:00:00+00:00,2760.17,2761.7343,False,False
2018-12-03 00:00:00+00:00,2790.37,2761.8791499999998,True,False
2018-12-04 00:00:00+00:00,2700.06,2762.1699,False,True
2018-12-06 00:00:00+00:00,2695.95,2762.0888999999997,False,False
2018-12-07 00:00:00+00:00,2633.08,2762.062,False,False
2018-12-10 00:00:00+00:00,2637.72,2761.7076,False,False
2018-12-11 00:00:00+00:00,2636.78,2761.1596999999997,False,False
2018-12-12 00:00:00+00:00,2651.07,2760.4456,False,False
2018-12-13 00:00:00+00:00,2650.54,2759.97955,False,False
2018-12-14 00:00:00+00:00,2599.95,2759.6630999999998,False,False
2018-12-17 00:00:00+00:00,2545.94,2759.2745,False,False
2018-12-18 00:00:00+00:00,2546.16,2758.5479499999997,False,False
2018-12-19 00:00:00+00:00,2506.96,2757.67405,False,False
2018-12-20 00:00:00+00:00,2467.42,2756.5682500000003,False,False
2018-12-21 00:00:00+00:00,2416.62,2755.27135,False,False
2018-12-24 00:00:00+00:00,2351.1,2753.6596000000004,False,False
2018-12-26 00:00:00+00:00,2467.7,2751.4822499999996,False,False
2018-12-27 00:00:00+00:00,2488.83,2749.90565,False,False
2018-12-28 00:00:00+00:00,2485.74,2748.52325,False,False
2018-12-31 00:00:00+00:00,2506.85,2747.2045500000004,False,False
2019-01-02 00:00:00+00:00,2510.03,2746.00215,False,False
2019-01-03 00:00:00+00:00,2447.89,2744.79225,False,False
2019-01-04 00:00:00+00:00,2531.94,2743.4671000000003,False,False
2019-01-07 00:00:00+00:00,2549.69,2742.5420999999997,False,False
2019-01-08 00:00:00+00:00,2574.41,2741.7309000000005,False,False
2019-01-09 00:00:00+00:00,2584.96,2741.3845,False,False
2019-01-10 00:00:00+00:00,2596.64,2741.368,False,False
2019-01-11 00:00:00+00:00,2596.26,2741.0584500000004,False,False
2019-01-14 00:00:00+00:00,2582.61,2740.9766500000005,False,False
2019-01-15 00:00:00+00:00,2610.3,2740.8647,False,False
2019-01-16 00:00:00+00:00,2616.1,2740.71185,False,False
2019-01-17 00:00:00+00:00,2635.96,2740.8829500000006,False,False
2019-01-18 00:00:00+00:00,2670.71,2740.9905,False,False
2019-01-22 00:00:00+00:00,2632.9,2741.1206,False,False
2019-01-23 00:00:00+00:00,2638.7,2740.9709000000003,False,False
2019-01-24 00:00:00+00:00,2642.33,2741.1420499999995,False,False
2019-01-25 00:00:00+00:00,2664.76,2741.2879000000003,False,False
2019-01-28 00:00:00+00:00,2643.85,2741.3273500000005,False,False
2019-01-29 00:00:00+00:00,2640.0,2741.33565,False,False
2019-01-30 00:00:00+00:00,2681.05,2741.2157,False,False
2019-01-31 00:00:00+00:00,2704.1,2741.3394499999995,False,False
2019-02-01 00:00:00+00:00,2706.53,2741.47075,False,False
2019-02-04 00:00:00+00:00,2724.87,2741.4714499999995,False,False
2019-02-05 00:00:00+00:00,2737.7,2741.5525999999995,False,False
2019-02-06 00:00:00+00:00,2731.61,2741.7754499999996,False,False
2019-02-07 00:00:00+00:00,2706.05,2742.0828,False,False
2019-02-08 00:00:00+00:00,2707.88,2742.2616000000003,False,False
2019-02-11 00:00:00+00:00,2709.8,2742.6282,False,False
2019-02-12 00:00:00+00:00,2744.73,2742.9802,True,False
2019-02-13 00:00:00+00:00,2753.03,2743.36915,True,True
2019-02-14 00:00:00+00:00,2745.73,2743.78475,True,True
2019-02-15 00:00:00+00:00,2775.6,2744.27315,True,True
2019-02-19 00:00:00+00:00,2779.76,2744.87715,True,True
2019-02-20 00:00:00+00:00,2784.7,2745.5975999999996,True,True
2019-02-21 00:00:00+00:00,2774.88,2746.37245,True,True
2019-02-22 00:00:00+00:00,2792.67,2746.9297500000002,True,True
2019-02-25 00:00:00+00:00,2796.11,2747.52995,True,True
2019-02-26 00:00:00+00:00,2793.9,2748.1508999999996,True,True
2019-02-27 00:00:00+00:00,2792.38,2748.6314499999994,True,True
2019-02-28 00:00:00+00:00,2784.49,2748.978,True,True
2019-03-01 00:00:00+00:00,2803.69,2749.26185,True,True
2019-03-04 00:00:00+00:00,2792.81,2749.6296500000003,True,True
2019-03-05 00:00:00+00:00,2789.65,2750.0364499999996,True,True
2019-03-06 00:00:00+00:00,2771.45,2750.3723999999997,True,True
2019-03-07 00:00:00+00:00,2748.93,2750.6290000000004,False,True
2019-03-08 00:00:00+00:00,2743.07,2750.8088000000002,False,False
2019-03-11 00:00:00+00:00,2783.3,2750.8591,True,False
2019-03-12 00:00:00+00:00,2791.52,2751.1533999999997,True,True
2019-03-13 00:00:00+00:00,2810.92,2751.44455,True,True
2019-03-14 00:00:00+00:00,2808.48,2751.8603500000004,True,True
2019-03-15 00:00:00+00:00,2822.48,2752.2961,True,True
2019-03-18 00:00:00+00:00,2832.94,2752.9592,True,True
2019-03-19 00:00:00+00:00,2832.57,2753.5038499999996,True,True
2019-03-20 00:00:00+00:00,2824.23,2754.14035,True,True
2019-03-21 00:00:00+00:00,2854.88,2754.5884,True,True
2019-03-22 00:00:00+00:00,2800.71,2755.12845,True,True
2019-03-25 00:00:00+00:00,2798.36,2755.388,True,True
2019-03-26 00:00:00+00:00,2818.46,2755.51805,True,True
2019-03-27 00:00:00+00:00,2805.37,2755.7585000000004,True,True
2019-03-28 00:00:00+00:00,2815.44,2755.8902000000003,True,True
2019-03-29 00:00:00+00:00,2834.4,2756.0573999999997,True,True
2019-04-01 00:00:00+00:00,2867.19,2756.29515,True,True
2019-04-02 00:00:00+00:00,2867.24,2756.7529500000005,True,True
2019-04-03 00:00:00+00:00,2873.4,2757.1767000000004,True,True
2019-04-04 00:00:00+00:00,2879.39,2757.6454,True,True
2019-04-05 00:00:00+00:00,2892.74,2758.1736,True,True
2019-04-08 00:00:00+00:00,2895.77,2758.82435,True,True
2019-04-09 00:00:00+00:00,2878.2,2759.4665999999997,True,True
2019-04-10 00:00:00+00:00,2888.21,2760.1088,True,True
2019-04-11 00:00:00+00:00,2888.32,2760.7754499999996,True,True
2019-04-12 00:00:00+00:00,2907.41,2761.6317,True,True
2019-04-15 00:00:00+00:00,2905.58,2762.55345,True,True
2019-04-16 00:00:00+00:00,2907.06,2763.5831999999996,True,True
2019-04-17 00:00:00+00:00,2900.45,2764.53695,True,True
2019-04-18 00:00:00+00:00,2905.03,2765.44735,True,True
2019-04-22 00:00:00+00:00,2907.97,2766.3389500000003,True,True
2019-04-23 00:00:00+00:00,2933.68,2767.3126999999995,True,True
2019-04-24 00:00:00+00:00,2927.25,2768.29805,True,True
2019-04-25 00:00:00+00:00,2926.17,2769.1352,True,True
2019-04-26 00:00:00+00:00,2939.88,2769.8452,True,True
2019-04-29 00:00:00+00:00,2943.03,2770.5754,True,True
2019-04-30 00:00:00+00:00,2945.83,2771.4204499999996,True,True
2019-05-01 00:00:00+00:00,2923.73,2772.15815,True,True
2019-05-02 00:00:00+00:00,2917.52,2772.77025,True,True
2019-05-03 00:00:00+00:00,2945.64,2773.3657000000003,True,True
2019-05-06 00:00:00+00:00,2932.47,2774.0461500000006,True,True
2019-05-07 00:00:00+00:00,2884.05,2774.6304000000005,True,True
2019-05-08 00:00:00+00:00,2879.42,2775.0282,True,True
2019-05-09 00:00:00+00:00,2870.72,2775.41615,True,True
2019-05-10 00:00:00+00:00,2881.4,2775.73485,True,True
2019-05-13 00:00:00+00:00,2811.87,2776.0398499999997,True,True
2019-05-14 00:00:00+00:00,2834.41,2775.8688500000003,True,True
2019-05-15 00:00:00+00:00,2850.96,2775.8537,True,True
2019-05-16 00:00:00+00:00,2876.32,2776.0144,True,True
2019-05-17 00:00:00+00:00,2859.53,2776.3830000000003,True,True
2019-05-20 00:00:00+00:00,2840.23,2776.5991999999997,True,True
2019-05-21 00:00:00+00:00,2864.36,2776.73355,True,True
2019-05-22 00:00:00+00:00,2856.27,2776.9192500000004,True,True
2019-05-23 00:00:00+00:00,2822.24,2776.9988499999995,True,True
2019-05-24 00:00:00+00:00,2826.06,2776.8580500000007,True,True
2019-05-28 00:00:00+00:00,2802.39,2776.6960999999997,True,True
2019-05-29 00:00:00+00:00,2783.02,2776.41955,True,True
2019-05-30 00:00:00+00:00,2788.86,2776.06675,True,True
2019-05-31 00:00:00+00:00,2752.06,2775.8446500000005,False,True
2019-06-03 00:00:00+00:00,2744.45,2775.4952999999996,False,False
2019-06-04 00:00:00+00:00,2803.27,2775.0177500000004,True,False
2019-06-05 00:00:00+00:00,2826.15,2774.9422500000005,True,True
2019-06-06 00:00:00+00:00,2843.49,2774.8695499999994,True,True
2019-06-07 00:00:00+00:00,2873.34,2774.83635,True,True
2019-06-10 00:00:00+00:00,2886.73,2774.9178,True,True
2019-06-11 00:00:00+00:00,2885.72,2775.03665,True,True
2019-06-12 00:00:00+00:00,2879.84,2775.15615,True,True
2019-06-13 00:00:00+00:00,2891.64,2775.27045,True,True
2019-06-14 00:00:00+00:00,2886.98,2775.3551999999995,True,True
2019-06-17 00:00:00+00:00,2889.67,2775.3064,True,True
2019-06-18 00:00:00+00:00,2917.75,2775.2671499999997,True,True
2019-06-19 00:00:00+00:00,2926.46,2775.2857,True,True
2019-06-20 00:00:00+00:00,2954.18,2775.41235,True,True
2019-06-21 00:00:00+00:00,2950.46,2775.67565,True,True
2019-06-24 00:00:00+00:00,2945.35,2775.9443499999998,True,True
2019-06-25 00:00:00+00:00,2917.38,2776.2281,True,True
2019-06-26 00:00:00+00:00,2913.78,2776.42475,True,True
2019-06-27 00:00:00+00:00,2924.92,2776.63525,True,True
2019-06-28 00:00:00+00:00,2941.76,2776.8741999999997,True,True
2019-07-01 00:00:00+00:00,2964.33,2777.14355,True,True
2019-07-02 00:00:00+00:00,2973.01,2777.5206,True,True
2019-07-03 00:00:00+00:00,2995.82,2777.8647499999997,True,True
2019-07-05 00:00:00+00:00,2990.41,2778.3189500000003,True,True
2019-07-08 00:00:00+00:00,2975.95,2778.827,True,True
2019-07-09 00:00:00+00:00,2979.63,2779.1852000000003,True,True
2019-07-10 00:00:00+00:00,2993.07,2779.5436000000004,True,True
2019-07-11 00:00:00+00:00,2999.91,2779.8552,True,True
2019-07-12 00:00:00+00:00,3013.77,2780.2064,True,True
2019-07-15 00:00:00+00:00,3014.3,2780.6784000000002,True,True
2019-07-16 00:00:00+00:00,3004.04,2781.1721,True,True
2019-07-17 00:00:00+00:00,2984.42,2781.66245,True,True
2019-07-18 00:00:00+00:00,2995.11,2782.0145500000003,True,True
2019-07-19 00:00:00+00:00,2976.61,2782.4202,True,True
2019-07-22 00:00:00+00:00,2985.03,2782.6803000000004,True,True
2019-07-23 00:00:00+00:00,3005.47,2782.9883,True,True
2019-07-24 00:00:00+00:00,3019.56,2783.3881,True,True
2019-07-25 00:00:00+00:00,3003.67,2783.9778499999998,True,True
2019-07-26 00:00:00+00:00,3025.86,2784.56835,True,True
2019-07-29 00:00:00+00:00,3020.97,2785.2754999999997,True,True
2019-07-30 00:00:00+00:00,3013.18,2785.97865,True,True
2019-07-31 00:00:00+00:00,2980.38,2787.11615,True,True
2019-08-01 00:00:00+00:00,2953.56,2788.3762,True,True
2019-08-02 00:00:00+00:00,2932.05,2789.30835,True,True
2019-08-05 00:00:00+00:00,2844.74,2790.2146500000003,True,True
2019-08-06 00:00:00+00:00,2881.77,2790.38875,True,True
2019-08-07 00:00:00+00:00,2883.98,2790.7515500000004,True,True
2019-08-08 00:00:00+00:00,2938.09,2791.32755,True,True
2019-08-09 00:00:00+00:00,2918.65,2792.1791,True,True
2019-08-12 00:00:00+00:00,2883.75,2792.99295,True,True
2019-08-13 00:00:00+00:00,2926.32,2793.70825,True,True
2019-08-14 00:00:00+00:00,2840.6,2795.05935,True,True
2019-08-15 00:00:00+00:00,2847.6,2795.7345,True,True
2019-08-16 00:00:00+00:00,2888.68,2796.67905,True,True
2019-08-19 00:00:00+00:00,2923.65,2797.9162000000006,True,True
2019-08-20 00:00:00+00:00,2900.51,2799.1213000000002,True,True
2019-08-21 00:00:00+00:00,2924.43,2800.0651500000004,True,True
2019-08-22 00:00:00+00:00,2922.95,2800.9854499999997,True,True
2019-08-23 00:00:00+00:00,2847.11,2801.9849,True,True
2019-08-26 00:00:00+00:00,2878.38,2802.5288999999993,True,True
2019-08-27 00:00:00+00:00,2869.16,2803.14355,True,True
2019-08-28 00:00:00+00:00,2887.94,2803.4199,True,True
2019-08-29 00:00:00+00:00,2924.58,2803.82545,True,True
2019-08-30 00:00:00+00:00,2926.46,2804.5433000000003,True,True
2019-09-03 00:00:00+00:00,2906.27,2805.5445,True,True
2019-09-04 00:00:00+00:00,2937.78,2806.46495,True,True
2019-09-05 00:00:00+00:00,2976.0,2807.64595,True,True
2019-09-06 00:00:00+00:00,2978.71,2808.87495,True,True
2019-09-09 00:00:00+00:00,2978.43,2810.08715,True,True
2019-09-10 00:00:00+00:00,2979.39,2811.52565,True,True
2019-09-11 00:00:00+00:00,3000.93,2813.21315,True,True
2019-09-12 00:00:00+00:00,3009.57,2814.96815,True,True
2019-09-13 00:00:00+00:00,3007.39,2816.8532,True,True
2019-09-16 00:00:00+00:00,2997.96,2818.5229,True,True
2019-09-17 00:00:00+00:00,3005.7,2820.10185,True,True
2019-09-18 00:00:00+00:00,3006.73,2821.4114,True,True
2019-09-19 00:00:00+00:00,3006.79,2822.75625,True,True
2019-09-20 00:00:00+00:00,2992.07,2823.98935,True,True
2019-09-23 00:00:00+00:00,2991.78,2824.9978499999997,True,True
2019-09-24 00:00:00+00:00,2966.6,2826.45645,True,True
2019-09-25 00:00:00+00:00,2984.87,2827.8097,True,True
2019-09-26 00:00:00+00:00,2977.62,2829.5686499999997,True,True
2019-09-27 00:00:00+00:00,2961.79,2831.26815,True,True
2019-09-30 00:00:00+00:00,2976.74,2832.8932,True,True
2019-10-01 00:00:00+00:00,2940.25,2834.5215499999995,True,True
2019-10-02 00:00:00+00:00,2887.61,2835.9701,True,True
2019-10-03 00:00:00+00:00,2910.63,2837.4084,True,True
2019-10-04 00:00:00+00:00,2952.01,2839.23185,True,True
2019-10-07 00:00:00+00:00,2938.79,2841.2610999999997,True,True
2019-10-08 00:00:00+00:00,2893.06,2843.42025,True,True
2019-10-09 00:00:00+00:00,2919.4,2845.54845,True,True
2019-10-10 00:00:00+00:00,2938.13,2848.0623499999997,True,True
2019-10-11 00:00:00+00:00,2970.27,2850.9975,True,True
2019-10-14 00:00:00+00:00,2966.15,2853.5103499999996,True,True
2019-10-15 00:00:00+00:00,2995.68,2855.8969500000003,True,True
2019-10-16 00:00:00+00:00,2989.69,2858.44665,True,True
2019-10-17 00:00:00+00:00,2997.95,2860.86085,True,True
2019-10-18 00:00:00+00:00,2986.2,2863.3004499999997,True,True
2019-10-21 00:00:00+00:00,3006.72,2865.992,True,True
2019-10-22 00:00:00+00:00,2995.99,2868.3659000000002,True,True
2019-10-23 00:00:00+00:00,3004.52,2870.5974,True,True
2019-10-24 00:00:00+00:00,3010.29,2872.74795,True,True
2019-10-25 00:00:00+00:00,3022.55,2874.8745999999996,True,True
2019-10-28 00:00:00+00:00,3039.42,2877.0041499999998,True,True
2019-10-29 00:00:00+00:00,3036.89,2879.21995,True,True
2019-10-30 00:00:00+00:00,3046.77,2881.4913500000002,True,True
2019-10-31 00:00:00+00:00,3037.56,2883.6737,True,True
2019-11-01 00:00:00+00:00,3066.91,2885.781,True,True
2019-11-04 00:00:00+00:00,3078.27,2887.93575,True,True
2019-11-05 00:00:00+00:00,3074.62,2889.9735500000006,True,True
2019-11-06 00:00:00+00:00,3076.78,2892.18215,True,True
2019-11-07 00:00:00+00:00,3085.18,2894.37255,True,True
2019-11-08 00:00:00+00:00,3093.08,2896.5868,True,True
2019-11-11 00:00:00+00:00,3087.01,2898.7283999999995,True,True
2019-11-12 00:00:00+00:00,3091.84,2900.9442,True,True
2019-11-13 00:00:00+00:00,3094.04,2903.2034,True,True
2019-11-14 00:00:00+00:00,3096.63,2905.2683500000003,True,True
2019-11-15 00:00:00+00:00,3120.46,2907.2309999999998,True,True
2019-11-18 00:00:00+00:00,3122.03,2909.30065,True,True
2019-11-19 00:00:00+00:00,3120.18,2911.28645,True,True
2019-11-20 00:00:00+00:00,3108.46,2913.19885,True,True
2019-11-21 00:00:00+00:00,3103.54,2915.0831,True,True
2019-11-22 00:00:00+00:00,3110.29,2917.07055,True,True
2019-11-25 00:00:00+00:00,3133.64,2919.0825999999997,True,True
2019-11-26 00:00:00+00:00,3140.52,2921.2018,True,True
2019-11-27 00:00:00+00:00,3153.63,2923.18075,True,True
2019-11-29 00:00:00+00:00,3140.98,2925.18375,True,True
2019-12-02 00:00:00+00:00,3113.87,2927.16,True,True
2019-12-03 00:00:00+00:00,3093.2,2928.85135,True,True
2019-12-04 00:00:00+00:00,3112.76,2930.4185500000003,True,True
2019-12-05 00:00:00+00:00,3117.43,2932.05885,True,True
2019-12-06 00:00:00+00:00,3145.91,2933.7715999999996,True,True
2019-12-09 00:00:00+00:00,3135.96,2935.5378,True,True
2019-12-10 00:00:00+00:00,3132.52,2937.23705,True,True
2019-12-11 00:00:00+00:00,3141.63,2938.93015,True,True
2019-12-12 00:00:00+00:00,3168.57,2940.6764000000003,True,True
2019-12-13 00:00:00+00:00,3168.8,2942.5968,True,True
2019-12-16 00:00:00+00:00,3191.45,2944.42235,True,True
2019-12-17 00:00:00+00:00,3192.52,2946.4155499999997,True,True
2019-12-18 00:00:00+00:00,3191.14,2948.4299,True,True
2019-12-19 00:00:00+00:00,3205.37,2950.5283499999996,True,True
2019-12-20 00:00:00+00:00,3221.22,2952.81055,True,True
2019-12-23 00:00:00+00:00,3224.01,2955.2012999999993,True,True
2019-12-24 00:00:00+00:00,3223.38,2957.40485,True,True
2019-12-26 00:00:00+00:00,3239.91,2959.5641499999997,True,True
2019-12-27 00:00:00+00:00,3240.02,2961.7090999999996,True,True
2019-12-30 00:00:00+00:00,3221.29,2963.8668,True,True
2019-12-31 00:00:00+00:00,3230.78,2965.86085,True,True
2020-01-02 00:00:00+00:00,3257.85,2967.85005,True,True
2020-01-03 00:00:00+00:00,3234.85,2969.97645,True,True
2020-01-06 00:00:00+00:00,3246.28,2972.02955,True,True
2020-01-07 00:00:00+00:00,3237.18,2973.9865499999996,True,True
2020-01-08 00:00:00+00:00,3253.05,2976.1689,True,True
2020-01-09 00:00:00+00:00,3274.7,2978.4423500000003,True,True
2020-01-10 00:00:00+00:00,3265.35,2980.7235499999997,True,True
2020-01-13 00:00:00+00:00,3288.13,2983.0234499999997,True,True
2020-01-14 00:00:00+00:00,3283.15,2985.3869,True,True
2020-01-15 00:00:00+00:00,3289.29,2987.63065,True,True
2020-01-16 00:00:00+00:00,3316.81,2989.74115,True,True
2020-01-17 00:00:00+00:00,3329.62,2991.9889999999996,True,True
2020-01-21 00:00:00+00:00,3320.79,2994.2701,True,True
2020-01-22 00:00:00+00:00,3321.75,2996.4771,True,True
2020-01-23 00:00:00+00:00,3325.54,2998.62215,True,True
2020-01-24 00:00:00+00:00,3295.47,3000.771,True,True
2020-01-27 00:00:00+00:00,3243.63,3002.8573499999998,True,True
2020-01-28 00:00:00+00:00,3276.24,3004.63445,True,True
2020-01-29 00:00:00+00:00,3273.4,3006.57405,True,True
2020-01-30 00:00:00+00:00,3283.66,3008.4040000000005,True,True
2020-01-31 00:00:00+00:00,3225.52,3010.2944,True,True
2020-02-03 00:00:00+00:00,3248.92,3011.8867,True,True
2020-02-04 00:00:00+00:00,3297.59,3013.6290500000005,True,True
2020-02-05 00:00:00+00:00,3334.69,3015.59185,True,True
2020-02-06 00:00:00+00:00,3345.78,3017.7254500000004,True,True
2020-02-07 00:00:00+00:00,3327.71,3019.7859499999995,True,True
2020-02-10 00:00:00+00:00,3352.09,3021.78825,True,True
2020-02-11 00:00:00+00:00,3357.75,3023.91785,True,True
2020-02-12 00:00:00+00:00,3379.45,3026.0071999999996,True,True
2020-02-13 00:00:00+00:00,3373.94,3028.1893,True,True
2020-02-14 00:00:00+00:00,3380.16,3030.32985,True,True
2020-02-18 00:00:00+00:00,3370.29,3032.612,True,True
2020-02-19 00:00:00+00:00,3386.15,3034.8758499999994,True,True
2020-02-20 00:00:00+00:00,3373.23,3037.0784,True,True
2020-02-21 00:00:00+00:00,3337.75,3039.2821999999996,True,True
2020-02-24 00:00:00+00:00,3225.89,3041.5507000000002,True,True
2020-02-25 00:00:00+00:00,3128.21,3043.28305,True,True
2020-02-26 00:00:00+00:00,3116.39,3044.5705,True,True
2020-02-27 00:00:00+00:00,2978.76,3045.74545,False,True
2020-02-28 00:00:00+00:00,2954.22,3046.5798999999997,False,False
2020-03-02 00:00:00+00:00,3090.23,3047.1789499999995,True,False
2020-03-03 00:00:00+00:00,3003.37,3048.3753,False,True
2020-03-04 00:00:00+00:00,3130.12,3049.01055,True,False
2020-03-05 00:00:00+00:00,3023.94,3050.3635000000004,False,True
2020-03-06 00:00:00+00:00,2972.37,3051.2820500000003,False,False
2020-03-09 00:00:00+00:00,2746.56,3051.8220999999994,False,False
2020-03-10 00:00:00+00:00,2882.23,3051.2735500000003,False,False
2020-03-11 00:00:00+00:00,2741.38,3051.5735,False,False
2020-03-12 00:00:00+00:00,2480.64,3051.1501000000003,False,False
2020-03-13 00:00:00+00:00,2711.02,3049.54135,False,False
2020-03-16 00:00:00+00:00,2386.13,3049.1813500000003,False,False
2020-03-17 00:00:00+00:00,2529.19,3047.1677,False,False
2020-03-18 00:00:00+00:00,2398.1,3046.05335,False,False
2020-03-19 00:00:00+00:00,2409.39,3044.3215999999998,False,False
2020-03-20 00:00:00+00:00,2304.92,3042.3522,False,False
2020-03-23 00:00:00+00:00,2237.4,3039.74605,False,False
2020-03-24 00:00:00+00:00,2447.33,3036.7156,False,False
2020-03-25 00:00:00+00:00,2475.56,3034.58555,False,False
2020-03-26 00:00:00+00:00,2630.07,3032.5296999999996,False,False
2020-03-27 00:00:00+00:00,2541.47,3031.25145,False,False
2020-03-30 00:00:00+00:00,2626.65,3029.5596,False,False
2020-03-31 00:00:00+00:00,2584.59,3028.2346500000003,False,False
2020-04-01 00:00:00+00:00,2470.5,3026.7227,False,False
2020-04-02 00:00:00+00:00,2526.9,3024.62685,False,False
2020-04-03 00:00:00+00:00,2488.65,3022.6726,False,False
2020-04-06 00:00:00+00:00,2663.68,3020.4835500000004,False,False
2020-04-07 00:00:00+00:00,2659.41,3019.0310499999996,False,False
2020-04-08 00:00:00+00:00,2749.98,3017.5758,False,False
2020-04-09 00:00:00+00:00,2789.82,3016.5989499999996,False,False
2020-04-13 00:00:00+00:00,2761.63,3015.96115,False,False
2020-04-14 00:00:00+00:00,2846.06,3015.2004,False,False
2020-04-15 00:00:00+00:00,2783.36,3014.8061,False,False
2020-04-16 00:00:00+00:00,2799.55,3014.0141,False,False
2020-04-17 00:00:00+00:00,2874.56,3013.1902,False,False
2020-04-20 00:00:00+00:00,2823.16,3012.6979499999998,False,False
2020-04-21 00:00:00+00:00,2736.56,3011.83465,False,False
2020-04-22 00:00:00+00:00,2799.31,3010.5654000000004,False,False
2020-04-23 00:00:00+00:00,2797.8,3009.6821999999997,False,False
2020-04-24 00:00:00+00:00,2836.74,3008.77305,False,False
2020-04-27 00:00:00+00:00,2878.48,3007.9914000000003,False,False
2020-04-28 00:00:00+00:00,2863.39,3007.38425,False,False
2020-04-29 00:00:00+00:00,2939.51,3006.63235,False,False
2020-04-30 00:00:00+00:00,2912.43,3006.2584,False,False
2020-05-01 00:00:00+00:00,2830.71,3005.8003499999995,False,False
2020-05-04 00:00:00+00:00,2842.74,3005.0317999999997,False,False
2020-05-05 00:00:00+00:00,2868.44,3004.26995,False,False
2020-05-06 00:00:00+00:00,2848.42,3003.7290999999996,False,False
2020-05-07 00:00:00+00:00,2881.19,3003.04605,False,False
2020-05-08 00:00:00+00:00,2929.8,3002.4246499999995,False,False
2020-05-11 00:00:00+00:00,2930.32,3001.9758500000003,False,False
2020-05-12 00:00:00+00:00,2870.12,3001.6090999999997,False,False
2020-05-13 00:00:00+00:00,2820.0,3000.8304,False,False
2020-05-14 00:00:00+00:00,2852.5,2999.82555,False,False
2020-05-15 00:00:00+00:00,2863.7,2999.02215,False,False
2020-05-18 00:00:00+00:00,2953.91,2998.43875,False,False
2020-05-19 00:00:00+00:00,2922.94,2998.4405000000006,False,False
2020-05-20 00:00:00+00:00,2971.61,2998.39495,False,False
2020-05-21 00:00:00+00:00,2948.51,2999.0293,False,False
2020-05-22 00:00:00+00:00,2955.45,2999.363,False,False
2020-05-26 00:00:00+00:00,2991.77,2999.7203499999996,False,False
2020-05-27 00:00:00+00:00,3036.13,2999.98875,True,False
2020-05-28 00:00:00+00:00,3029.73,3000.57615,True,True
2020-05-29 00:00:00+00:00,3044.31,3001.3060499999997,True,True
2020-06-01 00:00:00+00:00,3055.73,3001.8959999999997,True,True
2020-06-02 00:00:00+00:00,3080.82,3002.97165,True,True
2020-06-03 00:00:00+00:00,3122.87,3004.1377500000003,True,True
2020-06-04 00:00:00+00:00,3112.35,3005.3087,True,True
2020-06-05 00:00:00+00:00,3193.93,3006.2522000000004,True,True
2020-06-08 00:00:00+00:00,3232.39,3007.7192999999997,True,True
2020-06-09 00:00:00+00:00,3207.18,3009.2590999999998,True,True
2020-06-10 00:00:00+00:00,3190.14,3010.6802500000003,True,True
2020-06-11 00:00:00+00:00,3002.1,3012.3954000000003,False,True
2020-06-12 00:00:00+00:00,3041.31,3013.014,True,False
2020-06-15 00:00:00+00:00,3066.59,3013.87475,True,True
2020-06-16 00:00:00+00:00,3124.74,3014.7680000000005,True,True
2020-06-17 00:00:00+00:00,3113.49,3015.7688,True,True
2020-06-18 00:00:00+00:00,3115.34,3016.70395,True,True
2020-06-19 00:00:00+00:00,3097.74,3017.7493,True,True
2020-06-22 00:00:00+00:00,3117.86,3018.5490999999997,True,True
2020-06-23 00:00:00+00:00,3131.29,3019.2583999999997,True,True
2020-06-24 00:00:00+00:00,3050.33,3020.0213,True,True
2020-06-25 00:00:00+00:00,3083.76,3020.3807999999995,True,True
2020-06-26 00:00:00+00:00,3009.05,3020.9026499999995,False,True
2020-06-29 00:00:00+00:00,3053.24,3020.9432500000003,True,False
2020-06-30 00:00:00+00:00,3100.29,3021.1616,True,True
2020-07-01 00:00:00+00:00,3115.86,3021.6261000000004,True,True
2020-07-02 00:00:00+00:00,3130.01,3022.2156,True,True
2020-07-06 00:00:00+00:00,3179.72,3022.8371500000003,True,True
2020-07-07 00:00:00+00:00,3145.32,3023.7021000000004,True,True
2020-07-08 00:00:00+00:00,3169.94,3024.39475,True,True
2020-07-09 00:00:00+00:00,3152.05,3025.2841000000003,True,True
2020-07-10 00:00:00+00:00,3185.04,3026.08545,True,True
2020-07-13 00:00:00+00:00,3155.22,3027.17765,True,True
2020-07-14 00:00:00+00:00,3197.52,3028.0294,True,True
2020-07-15 00:00:00+00:00,3226.56,3029.1289,True,True
2020-07-16 00:00:00+00:00,3215.57,3030.4527500000004,True,True
2020-07-17 00:00:00+00:00,3224.73,3031.6469,True,True
2020-07-20 00:00:00+00:00,3251.84,3033.0693,True,True
2020-07-21 00:00:00+00:00,3257.3,3034.8904500000003,True,True
2020-07-22 00:00:00+00:00,3276.02,3036.6238,True,True
2020-07-23 00:00:00+00:00,3235.66,3038.2438500000003,True,True
2020-07-24 00:00:00+00:00,3215.63,3039.7282,True,True
2020-07-27 00:00:00+00:00,3239.41,3041.3410500000005,True,True
2020-07-28 00:00:00+00:00,3218.44,3042.9411,True,True
2020-07-29 00:00:00+00:00,3258.44,3044.34265,True,True
2020-07-30 00:00:00+00:00,3246.22,3045.7834999999995,True,True
2020-07-31 00:00:00+00:00,3271.12,3047.18385,True,True
2020-08-03 00:00:00+00:00,3294.61,3048.5610500000003,True,True
2020-08-04 00:00:00+00:00,3306.51,3050.08565,True,True
2020-08-05 00:00:00+00:00,3327.77,3051.62845,True,True
2020-08-06 00:00:00+00:00,3349.16,3053.3363,True,True
2020-08-07 00:00:00+00:00,3351.28,3055.0485,True,True
2020-08-10 00:00:00+00:00,3360.47,3056.82495,True,True
2020-08-11 00:00:00+00:00,3333.69,3058.6047,True,True
2020-08-12 00:00:00+00:00,3380.35,3060.2217000000005,True,True
2020-08-13 00:00:00+00:00,3373.43,3062.0107000000003,True,True
2020-08-14 00:00:00+00:00,3372.85,3063.68075,True,True
2020-08-17 00:00:00+00:00,3381.99,3065.36055,True,True
2020-08-18 00:00:00+00:00,3389.78,3067.0366500000005,True,True
2020-08-19 00:00:00+00:00,3374.85,3068.79775,True,True
2020-08-20 00:00:00+00:00,3385.51,3070.33745,True,True
2020-08-21 00:00:00+00:00,3397.16,3071.87365,True,True
2020-08-24 00:00:00+00:00,3431.28,3073.4863499999997,True,True
2020-08-25 00:00:00+00:00,3443.62,3075.25885,True,True
2020-08-26 00:00:00+00:00,3478.73,3077.05105,True,True
2020-08-27 00:00:00+00:00,3484.55,3078.9793,True,True
2020-08-28 00:00:00+00:00,3508.01,3080.967,True,True
2020-08-31 00:00:00+00:00,3500.31,3083.0478500000004,True,True
2020-09-01 00:00:00+00:00,3526.65,3085.0791999999997,True,True
2020-09-02 00:00:00+00:00,3580.84,3087.2293,True,True
2020-09-03 00:00:00+00:00,3455.06,3089.5312,True,True
2020-09-04 00:00:00+00:00,3426.96,3091.19635,True,True
2020-09-08 00:00:00+00:00,3331.84,3092.7302499999996,True,True
2020-09-09 00:00:00+00:00,3398.96,3093.84715,True,True
2020-09-10 00:00:00+00:00,3339.19,3095.3242499999997,True,True
2020-09-11 00:00:00+00:00,3340.97,3096.46875,True,True
2020-09-14 00:00:00+00:00,3383.54,3097.5054000000005,True,True
2020-09-15 00:00:00+00:00,3401.2,3098.7205,True,True
2020-09-16 00:00:00+00:00,3385.49,3099.9583500000003,True,True
2020-09-17 00:00:00+00:00,3357.01,3101.1809000000003,True,True
2020-09-18 00:00:00+00:00,3319.47,3102.3966000000005,True,True
2020-09-21 00:00:00+00:00,3281.06,3103.5279499999997,True,True
2020-09-22 00:00:00+00:00,3315.57,3104.3694499999997,True,True
2020-09-23 00:00:00+00:00,3236.92,3105.36015,True,True
2020-09-24 00:00:00+00:00,3246.59,3105.8152,True,True
2020-09-25 00:00:00+00:00,3298.46,3106.36835,True,True
2020-09-28 00:00:00+00:00,3351.6,3107.19805,True,True
2020-09-29 00:00:00+00:00,3335.47,3108.2479,True,True
2020-09-30 00:00:00+00:00,3363.0,3109.0824000000007,True,True
2020-10-01 00:00:00+00:00,3380.8,3110.0534000000002,True,True
2020-10-02 00:00:00+00:00,3348.44,3111.0001500000003,True,True
2020-10-05 00:00:00+00:00,3408.63,3111.77975,True,True
2020-10-06 00:00:00+00:00,3360.95,3112.8672,True,True
2020-10-07 00:00:00+00:00,3419.45,3113.6451,True,True
2020-10-08 00:00:00+00:00,3446.83,3114.63625,True,True
2020-10-09 00:00:00+00:00,3477.13,3115.7503500000003,True,True
2020-10-12 00:00:00+00:00,3534.22,3117.0191000000004,True,True
2020-10-13 00:00:00+00:00,3511.93,3118.49065,True,True
2020-10-14 00:00:00+00:00,3488.67,3119.8502000000003,True,True
2020-10-15 00:00:00+00:00,3483.34,3121.1870999999996,True,True
2020-10-16 00:00:00+00:00,3483.81,3122.4499,True,True
2020-10-19 00:00:00+00:00,3426.92,3123.5797,True,True
2020-10-20 00:00:00+00:00,3443.12,3124.54005,True,True
2020-10-21 00:00:00+00:00,3435.56,3125.5242500000004,True,True
2020-10-22 00:00:00+00:00,3453.49,3126.51615,True,True
2020-10-23 00:00:00+00:00,3465.39,3127.51835,True,True
2020-10-26 00:00:00+00:00,3400.97,3128.4718,True,True
2020-10-27 00:00:00+00:00,3390.68,3129.1499,True,True
2020-10-28 00:00:00+00:00,3271.03,3129.66265,True,True
2020-10-29 00:00:00+00:00,3310.11,3129.60205,True,True
2020-10-30 00:00:00+00:00,3269.96,3129.70615,True,True
2020-11-02 00:00:00+00:00,3310.24,3129.4719,True,True
2020-11-03 00:00:00+00:00,3369.16,3129.375,True,True
2020-11-04 00:00:00+00:00,3443.44,3129.61685,True,True
2020-11-05 00:00:00+00:00,3510.45,3130.2252999999996,True,True
2020-11-06 00:00:00+00:00,3509.44,3131.14985,True,True
2020-11-09 00:00:00+00:00,3550.5,3132.2196999999996,True,True
2020-11-10 00:00:00+00:00,3545.53,3133.7540499999996,True,True
2020-11-11 00:00:00+00:00,3572.66,3135.1005,True,True
2020-11-12 00:00:00+00:00,3537.01,3136.5968,True,True
2020-11-13 00:00:00+00:00,3585.15,3137.8635500000005,True,True
2020-11-16 00:00:00+00:00,3626.91,3139.6617000000006,True,True
2020-11-17 00:00:00+00:00,3609.53,3141.55165,True,True
2020-11-18 00:00:00+00:00,3567.79,3143.11135,True,True
2020-11-19 00:00:00+00:00,3581.87,3144.27685,True,True
2020-11-20 00:00:00+00:00,3557.54,3145.4573000000005,True,True
2020-11-23 00:00:00+00:00,3577.59,3146.6064499999998,True,True
2020-11-24 00:00:00+00:00,3635.41,3147.7339500000003,True,True
2020-11-25 00:00:00+00:00,3629.65,3149.12225,True,True
2020-11-27 00:00:00+00:00,3638.35,3150.37325,True,True
2020-11-30 00:00:00+00:00,3621.63,3151.6953,True,True
2020-12-01 00:00:00+00:00,3662.45,3152.9026499999995,True,True
2020-12-02 00:00:00+00:00,3669.01,3154.3634500000003,True,True
2020-12-03 00:00:00+00:00,3666.72,3155.77775,True,True
2020-12-04 00:00:00+00:00,3699.12,3157.2452000000003,True,True
2020-12-07 00:00:00+00:00,3691.96,3159.0520500000002,True,True
2020-12-08 00:00:00+00:00,3702.25,3161.3824,True,True
2020-12-09 00:00:00+00:00,3672.82,3164.2526000000003,True,True
2020-12-10 00:00:00+00:00,3668.1,3167.0347500000003,True,True
2020-12-11 00:00:00+00:00,3663.46,3170.48145,True,True
2020-12-14 00:00:00+00:00,3647.49,3174.02765,True,True
2020-12-15 00:00:00+00:00,3694.62,3176.8139499999997,True,True
2020-12-16 00:00:00+00:00,3701.17,3180.2701999999995,True,True
2020-12-17 00:00:00+00:00,3722.48,3183.12545,True,True
2020-12-18 00:00:00+00:00,3709.41,3186.6181500000002,True,True
2020-12-21 00:00:00+00:00,3694.92,3190.30335,True,True
2020-12-22 00:00:00+00:00,3687.26,3195.04515,True,True
2020-12-23 00:00:00+00:00,3690.01,3199.0703,True,True
2020-12-24 00:00:00+00:00,3703.06,3203.8134499999996,True,True
2020-12-28 00:00:00+00:00,3735.36,3209.92555,True,True
2020-12-29 00:00:00+00:00,3727.04,3215.0472499999996,True,True
2020-12-30 00:00:00+00:00,3732.04,3221.7518,True,True
2020-12-31 00:00:00+00:00,3756.07,3227.7660499999997,True,True
2021-01-04 00:00:00+00:00,3700.65,3234.5559000000003,True,True
2021-01-05 00:00:00+00:00,3726.86,3241.0122,True,True
2021-01-06 00:00:00+00:00,3748.14,3248.1219,True,True
2021-01-07 00:00:00+00:00,3803.79,3255.6756,True,True
2021-01-08 00:00:00+00:00,3824.68,3262.4579,True,True
2021-01-11 00:00:00+00:00,3799.61,3269.2035000000005,True,True
2021-01-12 00:00:00+00:00,3801.19,3275.0512,True,True
2021-01-13 00:00:00+00:00,3809.84,3281.3498,True,True
2021-01-14 00:00:00+00:00,3795.54,3287.26575,True,True
2021-01-15 00:00:00+00:00,3768.25,3293.3205,True,True
2021-01-19 00:00:00+00:00,3798.91,3299.80925,True,True
2021-01-20 00:00:00+00:00,3851.85,3306.1693,True,True
2021-01-21 00:00:00+00:00,3853.07,3312.9853,True,True
2021-01-22 00:00:00+00:00,3841.47,3318.9322500000003,True,True
2021-01-25 00:00:00+00:00,3855.36,3324.84255,True,True
2021-01-26 00:00:00+00:00,3849.62,3330.36945,True,True
2021-01-27 00:00:00+00:00,3750.77,3335.6684499999997,True,True
2021-01-28 00:00:00+00:00,3787.38,3340.61415,True,True
2021-01-29 00:00:00+00:00,3714.24,3345.3207500000003,True,True
2021-02-01 00:00:00+00:00,3773.86,3349.97515,True,True
2021-02-02 00:00:00+00:00,3826.31,3354.8467,True,True
2021-02-03 00:00:00+00:00,3830.17,3359.6054500000005,True,True
2021-02-04 00:00:00+00:00,3871.74,3364.6405,True,True
2021-02-05 00:00:00+00:00,3886.83,3370.3163999999997,True,True
2021-02-08 00:00:00+00:00,3915.59,3375.7540000000004,True,True
2021-02-09 00:00:00+00:00,3911.23,3381.3429499999997,True,True
2021-02-10 00:00:00+00:00,3909.88,3386.7153999999996,True,True
2021-02-11 00:00:00+00:00,3916.38,3391.8723999999997,True,True
2021-02-12 00:00:00+00:00,3934.83,3397.13735,True,True
2021-02-16 00:00:00+00:00,3932.59,3402.1139499999995,True,True
2021-02-17 00:00:00+00:00,3931.33,3407.2147500000005,True,True
2021-02-18 00:00:00+00:00,3913.97,3412.7178499999995,True,True
2021-02-19 00:00:00+00:00,3906.71,3418.0739999999996,True,True
2021-02-22 00:00:00+00:00,3876.5,3423.26535,True,True
2021-02-23 00:00:00+00:00,3881.37,3428.40575,True,True
2021-02-24 00:00:00+00:00,3925.43,3433.4066500000004,True,True
2021-02-25 00:00:00+00:00,3829.34,3438.3848,True,True
2021-02-26 00:00:00+00:00,3811.15,3442.8799000000004,True,True
2021-03-01 00:00:00+00:00,3901.82,3447.58505,True,True
2021-03-02 00:00:00+00:00,3870.29,3452.9941500000004,True,True
2021-03-03 00:00:00+00:00,3819.72,3458.0831,True,True
2021-03-04 00:00:00+00:00,3768.47,3462.8632000000002,True,True
2021-03-05 00:00:00+00:00,3841.94,3466.9359999999997,True,True
2021-03-08 00:00:00+00:00,3821.35,3471.531,True,True
2021-03-09 00:00:00+00:00,3875.44,3475.7797000000005,True,True
2021-03-10 00:00:00+00:00,3898.81,3480.41435,True,True
2021-03-11 00:00:00+00:00,3939.34,3485.1311500000006,True,True
2021-03-12 00:00:00+00:00,3943.34,3489.869,True,True
2021-03-15 00:00:00+00:00,3968.94,3494.40505,True,True
2021-03-16 00:00:00+00:00,3962.71,3499.1011000000003,True,True
2021-03-17 00:00:00+00:00,3974.12,3503.6931,True,True
2021-03-18 00:00:00+00:00,3915.46,3508.28505,True,True
2021-03-19 00:00:00+00:00,3913.1,3512.4582499999997,True,True
2021-03-22 00:00:00+00:00,3940.59,3516.4094,True,True
2021-03-23 00:00:00+00:00,3910.52,3520.5506,True,True
2021-03-24 00:00:00+00:00,3889.14,3524.1335500000005,True,True
2021-03-25 00:00:00+00:00,3909.52,3527.4173000000005,True,True
2021-03-26 00:00:00+00:00,3974.54,3530.9289999999996,True,True
2021-03-29 00:00:00+00:00,3971.09,3534.8509999999997,True,True
2021-03-30 00:00:00+00:00,3958.55,3539.69595,True,True
2021-03-31 00:00:00+00:00,3972.89,3544.2821500000005,True,True
2021-04-01 00:00:00+00:00,4019.87,3548.81365,True,True
2021-04-05 00:00:00+00:00,4077.91,3553.2893,True,True
2021-04-06 00:00:00+00:00,4073.94,3558.1114000000002,True,True
2021-04-07 00:00:00+00:00,4079.95,3562.9044,True,True
2021-04-08 00:00:00+00:00,4097.17,3567.81545,True,True
2021-04-09 00:00:00+00:00,4128.8,3572.712,True,True
2021-04-12 00:00:00+00:00,4127.99,3577.6995500000003,True,True
2021-04-13 00:00:00+00:00,4141.59,3583.0878500000003,True,True
2021-04-14 00:00:00+00:00,4124.66,3588.377,True,True
2021-04-15 00:00:00+00:00,4170.42,3593.95505,True,True
2021-04-16 00:00:00+00:00,4185.47,3599.5409499999996,True,True
2021-04-19 00:00:00+00:00,4163.26,3604.96685,True,True
2021-04-20 00:00:00+00:00,4134.94,3610.20385,True,True
2021-04-21 00:00:00+00:00,4173.42,3615.2284999999997,True,True
2021-04-22 00:00:00+00:00,4134.98,3620.197,True,True
2021-04-23 00:00:00+00:00,4180.17,3625.1453,True,True
2021-04-26 00:00:00+00:00,4187.62,3630.1964500000004,True,True
2021-04-27 00:00:00+00:00,4186.72,3635.3743000000004,True,True
2021-04-28 00:00:00+00:00,4183.18,3640.3827,True,True
2021-04-29 00:00:00+00:00,4211.47,3645.5225,True,True
2021-04-30 00:00:00+00:00,4181.17,3650.59225,True,True
2021-05-03 00:00:00+00:00,4192.66,3655.3652999999995,True,True
2021-05-04 00:00:00+00:00,4164.66,3660.25075,True,True
2021-05-05 00:00:00+00:00,4167.59,3664.9504,True,True
2021-05-06 00:00:00+00:00,4201.62,3669.52915,True,True
2021-05-07 00:00:00+00:00,4232.6,3674.25075,True,True
2021-05-10 00:00:00+00:00,4188.43,3679.03365,True,True
2021-05-11 00:00:00+00:00,4152.1,3683.7975,True,True
2021-05-12 00:00:00+00:00,4063.04,3688.4798499999997,True,True
2021-05-13 00:00:00+00:00,4112.5,3692.5980000000004,True,True
2021-05-14 00:00:00+00:00,4173.85,3697.0683000000004,True,True
2021-05-17 00:00:00+00:00,4163.29,3701.6453500000002,True,True
2021-05-18 00:00:00+00:00,4127.83,3706.2307,True,True
2021-05-19 00:00:00+00:00,4115.68,3710.5142499999997,True,True
2021-05-20 00:00:00+00:00,4159.12,3714.6195999999995,True,True
2021-05-21 00:00:00+00:00,4155.86,3718.8826499999996,True,True
2021-05-24 00:00:00+00:00,4197.05,3723.0231,True,True
2021-05-25 00:00:00+00:00,4188.13,3727.26255,True,True
2021-05-26 00:00:00+00:00,4195.99,3731.4467999999997,True,True
2021-05-27 00:00:00+00:00,4200.88,3735.6244,True,True
2021-05-28 00:00:00+00:00,4204.11,3739.96035,True,True
2021-06-01 00:00:00+00:00,4202.04,3744.0791499999996,True,True
2021-06-02 00:00:00+00:00,4208.12,3748.2221999999997,True,True
2021-06-03 00:00:00+00:00,4192.85,3752.39855,True,True
2021-06-04 00:00:00+00:00,4229.89,3756.4528499999997,True,True
2021-06-07 00:00:00+00:00,4226.52,3760.6533999999997,True,True
2021-06-08 00:00:00+00:00,4227.26,3764.9117499999998,True,True
2021-06-09 00:00:00+00:00,4219.55,3769.1205,True,True
2021-06-10 00:00:00+00:00,4239.18,3773.23245,True,True
2021-06-11 00:00:00+00:00,4247.44,3777.2719500000003,True,True
2021-06-14 00:00:00+00:00,4255.15,3781.2910500000003,True,True
2021-06-15 00:00:00+00:00,4246.59,3785.17315,True,True
2021-06-16 00:00:00+00:00,4223.7,3788.9833500000004,True,True
2021-06-17 00:00:00+00:00,4221.86,3792.5618,True,True
2021-06-18 00:00:00+00:00,4166.45,3796.16955,True,True
2021-06-21 00:00:00+00:00,4224.79,3799.3685500000006,True,True
2021-06-22 00:00:00+00:00,4246.44,3802.5883000000003,True,True
2021-06-23 00:00:00+00:00,4241.84,3806.5452,True,True
2021-06-24 00:00:00+00:00,4266.49,3810.6196,True,True
2021-06-25 00:00:00+00:00,4280.7,3815.29285,True,True
2021-06-28 00:00:00+00:00,4290.61,3819.7015499999998,True,True
2021-06-29 00:00:00+00:00,4291.8,3824.4586500000005,True,True
2021-06-30 00:00:00+00:00,4297.5,3829.2128,True,True
2021-07-01 00:00:00+00:00,4319.94,3833.7826,True,True
2021-07-02 00:00:00+00:00,4352.34,3838.3763,True,True
2021-07-06 00:00:00+00:00,4343.54,3843.21055,True,True
2021-07-07 00:00:00+00:00,4358.13,3848.1432,True,True
2021-07-08 00:00:00+00:00,4320.82,3853.3365000000003,True,True
2021-07-09 00:00:00+00:00,4369.55,3858.5353000000005,True,True
2021-07-12 00:00:00+00:00,4384.63,3863.8052000000002,True,True
2021-07-13 00:00:00+00:00,4369.21,3869.54375,True,True
2021-07-14 00:00:00+00:00,4374.3,3875.15685,True,True
2021-07-15 00:00:00+00:00,4360.03,3880.5360499999997,True,True
2021-07-16 00:00:00+00:00,4327.16,3885.5782,True,True
2021-07-19 00:00:00+00:00,4258.49,3890.53665,True,True
2021-07-20 00:00:00+00:00,4323.06,3895.0141,True,True
2021-07-21 00:00:00+00:00,4358.69,3899.7254000000003,True,True
2021-07-22 00:00:00+00:00,4367.48,3904.77665,True,True
2021-07-23 00:00:00+00:00,4411.79,3909.5708999999997,True,True
2021-07-26 00:00:00+00:00,4422.3,3914.8251,True,True
2021-07-27 00:00:00+00:00,4401.46,3919.83935,True,True
2021-07-28 00:00:00+00:00,4400.64,3924.6125,True,True
2021-07-29 00:00:00+00:00,4419.15,3929.23005,True,True
2021-07-30 00:00:00+00:00,4395.26,3933.6546999999996,True,True
2021-08-02 00:00:00+00:00,4387.16,3938.0713499999997,True,True
2021-08-03 00:00:00+00:00,4423.15,3942.5638,True,True
2021-08-04 00:00:00+00:00,4402.66,3947.2628500000005,True,True
2021-08-05 00:00:00+00:00,4429.1,3951.8571,True,True
2021-08-06 00:00:00+00:00,4436.52,3956.868,True,True
2021-08-09 00:00:00+00:00,4432.35,3961.835,True,True
2021-08-10 00:00:00+00:00,4436.75,3966.8189500000003,True,True
2021-08-11 00:00:00+00:00,4447.7,3971.73525,True,True
2021-08-12 00:00:00+00:00,4460.83,3976.6468,True,True
2021-08-13 00:00:00+00:00,4468.0,3981.9461000000006,True,True
2021-08-16 00:00:00+00:00,4479.71,3987.3327000000004,True,True
2021-08-17 00:00:00+00:00,4448.08,3993.3761,True,True
2021-08-18 00:00:00+00:00,4400.27,3999.0659499999997,True,True
2021-08-19 00:00:00+00:00,4405.8,4004.7175,True,True
2021-08-20 00:00:00+00:00,4441.67,4010.1953000000003,True,True
2021-08-23 00:00:00+00:00,4479.53,4015.5578499999997,True,True
2021-08-24 00:00:00+00:00,4486.23,4020.7383,True,True
2021-08-25 00:00:00+00:00,4496.19,4025.6171999999997,True,True
2021-08-26 00:00:00+00:00,4470.0,4030.5509500000003,True,True
2021-08-27 00:00:00+00:00,4509.37,4035.14845,True,True
2021-08-30 00:00:00+00:00,4528.79,4039.96765,True,True
2021-08-31 00:00:00+00:00,4522.68,4044.7483,True,True
2021-09-01 00:00:00+00:00,4524.09,4049.67665,True,True
2021-09-02 00:00:00+00:00,4536.95,4054.3713499999994,True,True
2021-09-03 00:00:00+00:00,4535.43,4058.9215500000005,True,True
2021-09-07 00:00:00+00:00,4520.03,4063.55105,True,True
2021-09-08 00:00:00+00:00,4514.07,4068.31225,True,True
2021-09-09 00:00:00+00:00,4493.28,4072.97325,True,True
2021-09-10 00:00:00+00:00,4458.58,4077.65195,True,True
2021-09-13 00:00:00+00:00,4468.73,4082.0569,True,True
2021-09-14 00:00:00+00:00,4443.05,4086.2235000000005,True,True
2021-09-15 00:00:00+00:00,4480.7,4090.2905,True,True
2021-09-16 00:00:00+00:00,4473.75,4094.5022500000005,True,True
2021-09-17 00:00:00+00:00,4432.99,4098.76285,True,True
2021-09-20 00:00:00+00:00,4357.73,4102.6155499999995,True,True
2021-09-21 00:00:00+00:00,4354.19,4106.05915,True,True
2021-09-22 00:00:00+00:00,4395.64,4109.496499999999,True,True
2021-09-23 00:00:00+00:00,4448.98,4112.9791,True,True
2021-09-24 00:00:00+00:00,4455.48,4116.7642000000005,True,True
2021-09-27 00:00:00+00:00,4443.11,4120.53035,True,True
2021-09-28 00:00:00+00:00,4352.63,4124.3818,True,True
2021-09-29 00:00:00+00:00,4359.46,4127.80445,True,True
2021-09-30 00:00:00+00:00,4307.54,4131.28445,True,True
2021-10-01 00:00:00+00:00,4357.04,4134.5847,True,True
2021-10-04 00:00:00+00:00,4300.46,4137.8967999999995,True,True
2021-10-05 00:00:00+00:00,4345.72,4140.89325,True,True
2021-10-06 00:00:00+00:00,4363.55,4144.0094500000005,True,True
2021-10-07 00:00:00+00:00,4399.76,4147.2801500000005,True,True
2021-10-08 00:00:00+00:00,4391.34,4150.80435,True,True
2021-10-11 00:00:00+00:00,4361.19,4154.324750000001,True,True
2021-10-12 00:00:00+00:00,4350.65,4157.68065,True,True
2021-10-13 00:00:00+00:00,4363.8,4160.9186,True,True
2021-10-14 00:00:00+00:00,4438.26,4164.0608,True,True
2021-10-15 00:00:00+00:00,4471.37,4167.6169,True,True
2021-10-18 00:00:00+00:00,4486.46,4171.313550000001,True,True
2021-10-19 00:00:00+00:00,4519.63,4174.9655,True,True
2021-10-20 00:00:00+00:00,4536.19,4179.060399999999,True,True
2021-10-21 00:00:00+00:00,4549.78,4183.10705,True,True
2021-10-22 00:00:00+00:00,4544.9,4187.11525,True,True
2021-10-25 00:00:00+00:00,4566.48,4190.8208,True,True
2021-10-26 00:00:00+00:00,4574.79,4194.5298,True,True
2021-10-27 00:00:00+00:00,4551.68,4198.4057,True,True
2021-10-28 00:00:00+00:00,4596.42,4202.15815,True,True
2021-10-29 00:00:00+00:00,4605.38,4206.09105,True,True
2021-11-01 00:00:00+00:00,4613.67,4210.14025,True,True
2021-11-02 00:00:00+00:00,4630.65,4214.36735,True,True
2021-11-03 00:00:00+00:00,4660.57,4218.5260499999995,True,True
2021-11-04 00:00:00+00:00,4680.06,4222.56965,True,True
2021-11-05 00:00:00+00:00,4697.53,4226.7046,True,True
2021-11-08 00:00:00+00:00,4701.7,4230.9848999999995,True,True
2021-11-09 00:00:00+00:00,4685.25,4235.216600000001,True,True
2021-11-10 00:00:00+00:00,4646.71,4239.39475,True,True
2021-11-11 00:00:00+00:00,4649.27,4243.87445,True,True
2021-11-12 00:00:00+00:00,4682.85,4248.1839,True,True
2021-11-15 00:00:00+00:00,4682.8,4253.02695,True,True
2021-11-16 00:00:00+00:00,4700.9,4257.57165,True,True
2021-11-17 00:00:00+00:00,4688.67,4261.9446,True,True
2021-11-18 00:00:00+00:00,4704.54,4266.2371,True,True
2021-11-19 00:00:00+00:00,4697.96,4270.4011,True,True
2021-11-22 00:00:00+00:00,4682.94,4274.45675,True,True
2021-11-23 00:00:00+00:00,4690.7,4278.2935,True,True
2021-11-24 00:00:00+00:00,4701.46,4282.19085,True,True
2021-11-26 00:00:00+00:00,4594.62,4286.14875,True,True
2021-11-29 00:00:00+00:00,4655.27,4289.53995,True,True
2021-11-30 00:00:00+00:00,4567.0,4293.142150000001,True,True
2021-12-01 00:00:00+00:00,4513.04,4296.3142,True,True
2021-12-02 00:00:00+00:00,4577.1,4299.22275,True,True
2021-12-03 00:00:00+00:00,4538.43,4302.5384,True,True
2021-12-06 00:00:00+00:00,4591.67,4305.696999999999,True,True
2021-12-07 00:00:00+00:00,4686.75,4309.272849999999,True,True
2021-12-08 00:00:00+00:00,4701.21,4313.29975,True,True
2021-12-09 00:00:00+00:00,4667.45,4317.17865,True,True
2021-12-10 00:00:00+00:00,4712.02,4321.3692,True,True
2021-12-13 00:00:00+00:00,4668.97,4325.87355,True,True
2021-12-14 00:00:00+00:00,4634.09,4329.7092999999995,True,True
2021-12-15 00:00:00+00:00,4709.85,4333.5283,True,True
2021-12-16 00:00:00+00:00,4668.67,4337.97895,True,True
2021-12-17 00:00:00+00:00,4620.64,4342.47995,True,True
2021-12-20 00:00:00+00:00,4568.02,4346.37345,True,True
2021-12-21 00:00:00+00:00,4649.23,4350.1068,True,True
2021-12-22 00:00:00+00:00,4696.56,4353.9757500000005,True,True
2021-12-23 00:00:00+00:00,4725.79,4357.964499999999,True,True
2021-12-27 00:00:00+00:00,4791.19,4361.89675,True,True
2021-12-28 00:00:00+00:00,4786.35,4366.136,True,True
2021-12-29 00:00:00+00:00,4793.06,4370.22305,True,True
2021-12-30 00:00:00+00:00,4778.73,4374.3748,True,True
2021-12-31 00:00:00+00:00,4766.18,4378.397849999999,True,True
2022-01-03 00:00:00+00:00,4796.56,4382.65145,True,True
2022-01-04 00:00:00+00:00,4793.54,4387.06875,True,True
2022-01-05 00:00:00+00:00,4700.58,4391.3335,True,True
2022-01-06 00:00:00+00:00,4696.05,4395.2838,True,True
2022-01-07 00:00:00+00:00,4677.03,4399.31835,True,True
2022-01-10 00:00:00+00:00,4670.29,4403.155900000001,True,True
2022-01-11 00:00:00+00:00,4713.07,4406.63465,True,True
2022-01-12 00:00:00+00:00,4726.35,4410.34455,True,True
2022-01-13 00:00:00+00:00,4659.03,4414.18355,True,True
2022-01-14 00:00:00+00:00,4662.85,4417.61425,True,True
2022-01-18 00:00:00+00:00,4577.11,4420.82915,True,True
2022-01-19 00:00:00+00:00,4532.76,4423.32515,True,True
2022-01-20 00:00:00+00:00,4482.73,4425.61925,True,True
2022-01-21 00:00:00+00:00,4397.94,4427.63315,False,True
2022-01-24 00:00:00+00:00,4410.13,4429.137,False,False
2022-01-25 00:00:00+00:00,4356.45,4430.54365,False,False
2022-01-26 00:00:00+00:00,4349.93,4431.68595,False,False
2022-01-27 00:00:00+00:00,4326.51,4432.72765,False,False
2022-01-28 00:00:00+00:00,4431.85,4433.7369,False,False
2022-01-31 00:00:00+00:00,4515.55,4435.04405,True,False
2022-02-01 00:00:00+00:00,4546.54,4436.69445,True,True
2022-02-02 00:00:00+00:00,4589.38,4438.61085,True,True
2022-02-03 00:00:00+00:00,4477.44,4440.88305,True,True
2022-02-04 00:00:00+00:00,4500.53,4442.40315,True,True
2022-02-07 00:00:00+00:00,4483.87,4444.2309,True,True
2022-02-08 00:00:00+00:00,4521.54,4445.7494,True,True
2022-02-09 00:00:00+00:00,4587.18,4447.419,True,True
2022-02-10 00:00:00+00:00,4504.08,4449.4213,True,True
2022-02-11 00:00:00+00:00,4418.64,4451.0258,False,True
2022-02-14 00:00:00+00:00,4401.67,4452.06165,False,False
2022-02-15 00:00:00+00:00,4471.07,4453.1641500000005,True,False
2022-02-16 00:00:00+00:00,4475.01,4454.5562,True,True
2022-02-17 00:00:00+00:00,4380.26,4456.10795,False,True
2022-02-18 00:00:00+00:00,4348.87,4457.1713,False,False
2022-02-22 00:00:00+00:00,4304.76,4457.90755,False,False
2022-02-23 00:00:00+00:00,4225.5,4458.26835,False,False
2022-02-24 00:00:00+00:00,4288.7,4458.4537,False,False
2022-02-25 00:00:00+00:00,4384.65,4459.1367,False,False
2022-02-28 00:00:00+00:00,4373.94,4460.74475,False,False
2022-03-01 00:00:00+00:00,4306.26,4462.051949999999,False,False
2022-03-02 00:00:00+00:00,4386.54,4462.714,False,False
2022-03-03 00:00:00+00:00,4363.49,4463.83025,False,False
2022-03-04 00:00:00+00:00,4328.87,4465.00855,False,False
2022-03-07 00:00:00+00:00,4201.09,4466.0745,False,False
2022-03-08 00:00:00+00:00,4170.7,4466.284350000001,False,False
2022-03-09 00:00:00+00:00,4277.88,4466.35855,False,False
2022-03-10 00:00:00+00:00,4259.52,4466.7627,False,False
2022-03-11 00:00:00+00:00,4204.31,4467.119650000001,False,False
2022-03-14 00:00:00+00:00,4173.11,4467.16125,False,False
2022-03-15 00:00:00+00:00,4262.45,4467.0224,False,False
2022-03-16 00:00:00+00:00,4357.86,4467.3141000000005,False,False
2022-03-17 00:00:00+00:00,4411.67,4468.0932,False,False
2022-03-18 00:00:00+00:00,4463.12,4469.110949999999,False,False
2022-03-21 00:00:00+00:00,4461.18,4470.4623,False,False
2022-03-22 00:00:00+00:00,4511.61,4471.61875,True,False
2022-03-23 00:00:00+00:00,4456.24,4473.0442,False,True
2022-03-24 00:00:00+00:00,4520.16,4474.1891,True,False
2022-03-25 00:00:00+00:00,4543.06,4475.69215,True,True
2022-03-28 00:00:00+00:00,4575.52,4477.21155,True,True
2022-03-29 00:00:00+00:00,4631.6,4478.851949999999,True,True
2022-03-30 00:00:00+00:00,4602.45,4480.734200000001,True,True
2022-03-31 00:00:00+00:00,4530.41,4482.5135,True,True
2022-04-01 00:00:00+00:00,4545.86,4484.04705,True,True
2022-04-04 00:00:00+00:00,4582.64,4485.66705,True,True
2022-04-05 00:00:00+00:00,4525.12,4487.748,True,True
2022-04-06 00:00:00+00:00,4481.15,4489.249650000001,False,True
2022-04-07 00:00:00+00:00,4500.21,4490.4232,True,False
2022-04-08 00:00:00+00:00,4488.28,4491.71505,False,True
2022-04-11 00:00:00+00:00,4412.53,4492.8240000000005,False,False
2022-04-12 00:00:00+00:00,4397.45,4493.48315,False,False
2022-04-13 00:00:00+00:00,4446.59,4494.01735,False,False
2022-04-14 00:00:00+00:00,4392.59,4494.7913,False,False
2022-04-18 00:00:00+00:00,4391.69,4495.26675,False,False
2022-04-19 00:00:00+00:00,4462.21,4495.6255,False,False
2022-04-20 00:00:00+00:00,4459.45,4496.174849999999,False,False
2022-04-21 00:00:00+00:00,4393.66,4496.7544,False,False
2022-04-22 00:00:00+00:00,4271.78,4496.932049999999,False,False
2022-04-25 00:00:00+00:00,4296.12,4496.68685,False,False
2022-04-26 00:00:00+00:00,4175.2,4496.3197,False,False
2022-04-27 00:00:00+00:00,4183.96,4495.27255,False,False
2022-04-28 00:00:00+00:00,4287.5,4494.3463,False,False
2022-04-29 00:00:00+00:00,4131.93,4493.9123,False,False
2022-05-02 00:00:00+00:00,4155.38,4492.7717999999995,False,False
2022-05-03 00:00:00+00:00,4175.48,4491.912899999999,False,False
2022-05-04 00:00:00+00:00,4300.17,4491.49785,False,False
2022-05-05 00:00:00+00:00,4146.87,4491.3834,False,False
2022-05-06 00:00:00+00:00,4123.34,4490.3243,False,False
2022-05-09 00:00:00+00:00,3991.24,4489.1035999999995,False,False
2022-05-10 00:00:00+00:00,4001.05,4487.000849999999,False,False
2022-05-11 00:00:00+00:00,3935.18,4484.8946000000005,False,False
2022-05-12 00:00:00+00:00,3930.08,4482.5632000000005,False,False
2022-05-13 00:00:00+00:00,4023.89,4480.2104,False,False
2022-05-16 00:00:00+00:00,4008.01,4478.234100000001,False,False
2022-05-17 00:00:00+00:00,4088.85,4476.29785,False,False
2022-05-18 00:00:00+00:00,3923.68,4474.8063,False,False
2022-05-19 00:00:00+00:00,3900.79,4472.308950000001,False,False
2022-05-20 00:00:00+00:00,3901.36,4469.799599999999,False,False
2022-05-23 00:00:00+00:00,3973.75,4467.1609,False,False
2022-05-24 00:00:00+00:00,3941.48,4464.847049999999,False,False
2022-05-25 00:00:00+00:00,3978.73,4462.3927,False,False
2022-05-26 00:00:00+00:00,4057.84,4460.1026,False,False
2022-05-27 00:00:00+00:00,4158.24,4458.1533,False,False
2022-05-31 00:00:00+00:00,4132.15,4456.64035,False,False
2022-06-01 00:00:00+00:00,4101.23,4454.9610999999995,False,False
2022-06-02 00:00:00+00:00,4176.82,4453.0687,False,False
2022-06-03 00:00:00+00:00,4108.54,4451.7124,False,False
2022-06-06 00:00:00+00:00,4121.43,4450.25375,False,False
2022-06-07 00:00:00+00:00,4160.68,4448.8319,False,False
2022-06-08 00:00:00+00:00,4115.77,4447.42695,False,False
2022-06-09 00:00:00+00:00,4017.82,4445.60815,False,False
2022-06-10 00:00:00+00:00,3900.86,4443.266100000001,False,False
2022-06-13 00:00:00+00:00,3749.63,4440.28945,False,False
2022-06-14 00:00:00+00:00,3735.48,4436.6876,False,False
2022-06-15 00:00:00+00:00,3789.99,4432.81815,False,False
2022-06-16 00:00:00+00:00,3666.77,4429.12415,False,False
2022-06-17 00:00:00+00:00,3674.84,4424.8446,False,False
2022-06-21 00:00:00+00:00,3764.79,4420.59835,False,False
2022-06-22 00:00:00+00:00,3759.89,4416.73755,False,False
2022-06-23 00:00:00+00:00,3795.73,4412.859850000001,False,False
2022-06-24 00:00:00+00:00,3911.74,4409.2383500000005,False,False
2022-06-27 00:00:00+00:00,3900.11,4406.2267,False,False
2022-06-28 00:00:00+00:00,3821.55,4403.260850000001,False,False
2022-06-29 00:00:00+00:00,3818.83,4400.075699999999,False,False
2022-06-30 00:00:00+00:00,3785.38,4396.8261999999995,False,False
2022-07-01 00:00:00+00:00,3825.33,4393.537850000001,False,False
2022-07-05 00:00:00+00:00,3831.39,4390.2609999999995,False,False
2022-07-06 00:00:00+00:00,3845.08,4387.0491999999995,False,False
2022-07-07 00:00:00+00:00,3902.62,4384.109649999999,False,False
2022-07-08 00:00:00+00:00,3899.38,4381.8341,False,False
2022-07-11 00:00:00+00:00,3854.43,4379.56005,False,False
2022-07-12 00:00:00+00:00,3818.8,4376.854,False,False
2022-07-13 00:00:00+00:00,3801.78,4373.7031,False,False
2022-07-14 00:00:00+00:00,3790.38,4370.4346,False,False
2022-07-15 00:00:00+00:00,3863.16,4367.17095,False,False
2022-07-18 00:00:00+00:00,3830.85,4364.7236,False,False
2022-07-19 00:00:00+00:00,3936.69,4362.08055,False,False
2022-07-20 00:00:00+00:00,3959.9,4360.2263,False,False
2022-07-21 00:00:00+00:00,3998.95,4358.2406,False,False
2022-07-22 00:00:00+00:00,3961.63,4356.73305,False,False
2022-07-25 00:00:00+00:00,3966.84,4354.8126,False,False
2022-07-26 00:00:00+00:00,3921.05,4352.829049999999,False,False
2022-07-27 00:00:00+00:00,4023.61,4350.4355,False,False
2022-07-28 00:00:00+00:00,4072.43,4348.59685,False,False
2022-07-29 00:00:00+00:00,4130.29,4347.15305,False,False
2022-08-01 00:00:00+00:00,4118.63,4346.05125,False,False
2022-08-02 00:00:00+00:00,4091.19,4344.8254,False,False
2022-08-03 00:00:00+00:00,4155.17,4343.09005,False,False
2022-08-04 00:00:00+00:00,4151.94,4341.50905,False,False
2022-08-05 00:00:00+00:00,4145.19,4339.83645,False,False
2022-08-08 00:00:00+00:00,4140.06,4337.96425,False,False
2022-08-09 00:00:00+00:00,4122.47,4335.9836000000005,False,False
2022-08-10 00:00:00+00:00,4210.24,4333.84705,False,False
2022-08-11 00:00:00+00:00,4207.27,4332.17375,False,False
2022-08-12 00:00:00+00:00,4280.15,4330.3777,False,False
2022-08-15 00:00:00+00:00,4297.14,4328.904500000001,False,False
2022-08-16 00:00:00+00:00,4305.2,4327.6318,False,False
2022-08-17 00:00:00+00:00,4274.04,4326.1757,False,False
2022-08-18 00:00:00+00:00,4283.74,4324.519,False,False
2022-08-19 00:00:00+00:00,4228.48,4322.86935,False,False
2022-08-22 00:00:00+00:00,4137.99,4320.8585,False,False
2022-08-23 00:00:00+00:00,4128.73,4318.2456,False,False
2022-08-24 00:00:00+00:00,4140.77,4315.48895,False,False
2022-08-25 00:00:00+00:00,4199.12,4312.70515,False,False
2022-08-26 00:00:00+00:00,4057.66,4310.19225,False,False
2022-08-29 00:00:00+00:00,4030.61,4307.0543,False,False
2022-08-30 00:00:00+00:00,3986.16,4303.9738,False,False
2022-08-31 00:00:00+00:00,3955.0,4300.6582499999995,False,False
2022-09-01 00:00:00+00:00,3966.85,4297.018999999999,False,False
2022-09-02 00:00:00+00:00,3924.26,4293.43925,False,False
2022-09-06 00:00:00+00:00,3908.19,4289.55605,False,False
2022-09-07 00:00:00+00:00,3979.87,4285.65365,False,False
2022-09-08 00:00:00+00:00,4006.18,4282.030299999999,False,False
2022-09-09 00:00:00+00:00,4067.36,4278.5714,False,False
2022-09-12 00:00:00+00:00,4110.41,4275.4935000000005,False,False
2022-09-13 00:00:00+00:00,3932.69,4272.59205,False,False
2022-09-14 00:00:00+00:00,3946.01,4268.7482,False,False
2022-09-15 00:00:00+00:00,3901.35,4265.50515,False,False
2022-09-16 00:00:00+00:00,3873.33,4261.73555,False,False
2022-09-19 00:00:00+00:00,3899.89,4258.267199999999,False,False
2022-09-20 00:00:00+00:00,3855.93,4255.20145,False,False
2022-09-21 00:00:00+00:00,3789.93,4251.5956,False,False
2022-09-22 00:00:00+00:00,3757.99,4247.8531,False,False
2022-09-23 00:00:00+00:00,3693.23,4243.684700000001,False,False
2022-09-26 00:00:00+00:00,3655.04,4238.7171,False,False
2022-09-27 00:00:00+00:00,3647.29,4233.48625,False,False
2022-09-28 00:00:00+00:00,3719.04,4228.38545,False,False
2022-09-29 00:00:00+00:00,3640.47,4223.42055,False,False
2022-09-30 00:00:00+00:00,3585.62,4218.27805,False,False
2022-10-03 00:00:00+00:00,3678.43,4213.0357,False,False
2022-10-04 00:00:00+00:00,3790.93,4207.8786,False,False
2022-10-05 00:00:00+00:00,3783.28,4203.4899,False,False
2022-10-06 00:00:00+00:00,3744.52,4199.3031,False,False
2022-10-07 00:00:00+00:00,3639.66,4195.1856,False,False
2022-10-10 00:00:00+00:00,3612.39,4190.13775,False,False
2022-10-11 00:00:00+00:00,3588.84,4184.7169,False,False
2022-10-12 00:00:00+00:00,3577.03,4179.03215,False,False
2022-10-13 00:00:00+00:00,3669.91,4172.96135,False,False
2022-10-14 00:00:00+00:00,3583.07,4167.37915,False,False
2022-10-17 00:00:00+00:00,3677.95,4161.3292,False,False
2022-10-18 00:00:00+00:00,3719.98,4155.8253,False,False
2022-10-19 00:00:00+00:00,3695.16,4150.5943,False,False
2022-10-20 00:00:00+00:00,3665.78,4145.0873,False,False
2022-10-21 00:00:00+00:00,3752.75,4139.4485,False,False
2022-10-24 00:00:00+00:00,3797.34,4134.70935,False,False
2022-10-25 00:00:00+00:00,3859.11,4130.2158,False,False
2022-10-26 00:00:00+00:00,3830.6,4126.1262,False,False
2022-10-27 00:00:00+00:00,3807.3,4121.92775,False,False
2022-10-28 00:00:00+00:00,3901.06,4117.3989,False,False
2022-10-31 00:00:00+00:00,3871.98,4113.27245,False,False
2022-11-01 00:00:00+00:00,3856.1,4109.3372,False,False
2022-11-02 00:00:00+00:00,3759.69,4105.30345,False,False
2022-11-03 00:00:00+00:00,3719.89,4101.21635,False,False
2022-11-04 00:00:00+00:00,3770.55,4097.152,False,False
2022-11-07 00:00:00+00:00,3806.8,4093.5911000000006,False,False
2022-11-08 00:00:00+00:00,3828.11,4090.6353999999997,False,False
2022-11-09 00:00:00+00:00,3748.57,4087.7252999999996,False,False
2022-11-10 00:00:00+00:00,3956.37,4084.6859000000004,False,False
2022-11-11 00:00:00+00:00,3992.93,4082.7181,False,False
2022-11-14 00:00:00+00:00,3957.25,4081.0501999999997,False,False
2022-11-15 00:00:00+00:00,3991.73,4078.6771999999996,False,False
2022-11-16 00:00:00+00:00,3958.79,4076.0581,False,False
2022-11-17 00:00:00+00:00,3946.56,4073.11935,False,False
2022-11-18 00:00:00+00:00,3965.34,4069.9052500000003,False,False
2022-11-21 00:00:00+00:00,3949.94,4067.3447499999997,False,False
2022-11-22 00:00:00+00:00,4003.58,4064.5918000000006,False,False
2022-11-23 00:00:00+00:00,4027.26,4062.1903500000003,False,False
2022-11-25 00:00:00+00:00,4026.12,4059.7189500000004,False,False
2022-11-28 00:00:00+00:00,3963.94,4056.91365,False,False
2022-11-29 00:00:00+00:00,3957.63,4054.2129499999996,False,False
2022-11-30 00:00:00+00:00,4080.11,4051.9078999999997,True,False
2022-12-01 00:00:00+00:00,4076.57,4050.3000999999995,True,True
2022-12-02 00:00:00+00:00,4071.7,4048.3276,True,True
2022-12-05 00:00:00+00:00,3998.84,4046.31105,False,True
2022-12-06 00:00:00+00:00,3941.26,4044.4039500000003,False,False
2022-12-07 00:00:00+00:00,3933.92,4042.3659,False,False
2022-12-08 00:00:00+00:00,3963.51,4040.5117,False,False
2022-12-09 00:00:00+00:00,3934.38,4039.2017499999997,False,False
2022-12-12 00:00:00+00:00,3990.56,4037.43015,False,False
2022-12-13 00:00:00+00:00,4019.65,4035.4597,False,False
2022-12-14 00:00:00+00:00,3995.32,4033.68825,False,False
2022-12-15 00:00:00+00:00,3895.75,4032.1335500000005,False,False
2022-12-16 00:00:00+00:00,3852.36,4029.6796000000004,False,False
2022-12-19 00:00:00+00:00,3817.66,4027.12395,False,False
2022-12-20 00:00:00+00:00,3821.62,4024.5679000000005,False,False
2022-12-21 00:00:00+00:00,3878.44,4022.67055,False,False
2022-12-22 00:00:00+00:00,3822.39,4021.20925,False,False
2022-12-23 00:00:00+00:00,3844.82,4018.9318,False,False
2022-12-27 00:00:00+00:00,3829.25,4016.8582999999994,False,False
2022-12-28 00:00:00+00:00,3783.22,4014.9829999999997,False,False
2022-12-29 00:00:00+00:00,3849.28,4013.0335500000006,False,False
2022-12-30 00:00:00+00:00,3839.5,4010.9676999999997,False,False
2023-01-03 00:00:00+00:00,3824.14,4008.3758999999995,False,False
2023-01-04 00:00:00+00:00,3852.97,4005.43825,False,False
2023-01-05 00:00:00+00:00,3808.1,4002.3875,False,False
2023-01-06 00:00:00+00:00,3895.08,3999.1221,False,False
2023-01-09 00:00:00+00:00,3892.09,3996.03945,False,False
2023-01-10 00:00:00+00:00,3919.25,3993.2187,False,False
2023-01-11 00:00:00+00:00,3969.61,3990.21415,False,False
2023-01-12 00:00:00+00:00,3983.17,3987.3468999999996,False,False
2023-01-13 00:00:00+00:00,3999.09,3984.38515,True,False
2023-01-17 00:00:00+00:00,3990.97,3981.2225999999996,True,True
2023-01-18 00:00:00+00:00,3928.86,3978.1652000000004,False,True
2023-01-19 00:00:00+00:00,3898.85,3975.15745,False,False
2023-01-20 00:00:00+00:00,3972.61,3971.9224,True,False
2023-01-23 00:00:00+00:00,4019.81,3968.87225,True,True
2023-01-24 00:00:00+00:00,4016.95,3966.3457,True,True
2023-01-25 00:00:00+00:00,4016.22,3964.0247,True,True
2023-01-26 00:00:00+00:00,4060.43,3961.60475,True,True
2023-01-27 00:00:00+00:00,4070.56,3959.4655,True,True
2023-01-30 00:00:00+00:00,4017.77,3957.75565,True,True
2023-01-31 00:00:00+00:00,4076.6,3955.8572499999996,True,True
2023-02-01 00:00:00+00:00,4119.21,3954.0072999999998,True,True
2023-02-02 00:00:00+00:00,4179.76,3952.6404,True,True
2023-02-03 00:00:00+00:00,4136.48,3951.58075,True,True
2023-02-06 00:00:00+00:00,4111.08,3949.9521000000004,True,True
2023-02-07 00:00:00+00:00,4164.0,3948.2102499999996,True,True
2023-02-08 00:00:00+00:00,4117.86,3947.0619500000003,True,True
2023-02-09 00:00:00+00:00,4081.5,3946.2923499999997,True,True
2023-02-10 00:00:00+00:00,4090.46,3945.21925,True,True
2023-02-13 00:00:00+00:00,4137.29,3944.7955500000007,True,True
2023-02-14 00:00:00+00:00,4136.13,3944.5622,True,True
2023-02-15 00:00:00+00:00,4147.6,3943.8053499999996,True,True
2023-02-16 00:00:00+00:00,4090.41,3943.8837,True,True
2023-02-17 00:00:00+00:00,4079.09,3943.55885,True,True
2023-02-21 00:00:00+00:00,3997.34,3943.0769,True,True
2023-02-22 00:00:00+00:00,3991.05,3941.56275,True,True
2023-02-23 00:00:00+00:00,4012.32,3940.78365,True,True
2023-02-24 00:00:00+00:00,3970.04,3940.2285500000003,True,True
2023-02-27 00:00:00+00:00,3982.24,3940.12255,True,True
2023-02-28 00:00:00+00:00,3970.15,3940.0285,True,True
2023-03-01 00:00:00+00:00,3951.39,3940.20335,True,True
2023-03-02 00:00:00+00:00,3981.35,3940.3098999999997,True,True
2023-03-03 00:00:00+00:00,4045.64,3940.0971999999997,True,True
2023-03-06 00:00:00+00:00,4048.42,3940.2853499999997,True,True
2023-03-07 00:00:00+00:00,3986.37,3940.0832,True,True
2023-03-08 00:00:00+00:00,3992.01,3940.3966499999997,True,True
2023-03-09 00:00:00+00:00,3918.32,3940.85275,False,True
2023-03-10 00:00:00+00:00,3861.59,3940.93755,False,False
2023-03-13 00:00:00+00:00,3855.76,3940.3767500000004,False,False
2023-03-14 00:00:00+00:00,3919.29,3939.9481499999993,False,False
2023-03-15 00:00:00+00:00,3891.93,3939.6509499999997,False,False
2023-03-16 00:00:00+00:00,3960.28,3938.8214000000003,True,False
2023-03-17 00:00:00+00:00,3916.64,3937.8315999999995,False,True
2023-03-20 00:00:00+00:00,3951.57,3936.7540499999996,True,False
2023-03-21 00:00:00+00:00,4002.87,3936.0057500000003,True,True
2023-03-22 00:00:00+00:00,3936.97,3935.1360000000004,True,True
2023-03-23 00:00:00+00:00,3948.72,3934.27815,True,True
2023-03-24 00:00:00+00:00,3970.99,3933.4145999999996,True,True
2023-03-27 00:00:00+00:00,3977.53,3932.4661499999997,True,True
2023-03-28 00:00:00+00:00,3971.27,3931.77495,True,True
2023-03-29 00:00:00+00:00,4027.81,3931.5422,True,True
2023-03-30 00:00:00+00:00,4050.83,3932.17695,True,True
2023-03-31 00:00:00+00:00,4109.31,3933.68295,True,True
2023-04-03 00:00:00+00:00,4124.51,3935.5520999999994,True,True
2023-04-04 00:00:00+00:00,4100.6,3937.2246999999998,True,True
2023-04-05 00:00:00+00:00,4090.38,3939.39385,True,True
2023-04-06 00:00:00+00:00,4105.02,3941.4715499999998,True,True
2023-04-10 00:00:00+00:00,4109.11,3943.1726999999996,True,True
2023-04-11 00:00:00+00:00,4108.94,3944.9187999999995,True,True
2023-04-12 00:00:00+00:00,4091.95,3946.48485,True,True
2023-04-13 00:00:00+00:00,4146.22,3947.3858999999998,True,True
2023-04-14 00:00:00+00:00,4137.64,3948.61645,True,True
2023-04-17 00:00:00+00:00,4151.32,3950.1969,True,True
2023-04-18 00:00:00+00:00,4154.87,3951.85935,True,True
2023-04-19 00:00:00+00:00,4154.52,3953.7068,True,True
2023-04-20 00:00:00+00:00,4129.79,3955.35275,True,True
2023-04-21 00:00:00+00:00,4133.52,3956.8447499999997,True,True
2023-04-24 00:00:00+00:00,4137.04,3958.28695,True,True
2023-04-25 00:00:00+00:00,4071.63,3959.4590500000004,True,True
2023-04-26 00:00:00+00:00,4055.99,3960.3203000000003,True,True
2023-04-27 00:00:00+00:00,4135.35,3961.3281,True,True
2023-04-28 00:00:00+00:00,4169.48,3962.9108499999998,True,True
2023-05-01 00:00:00+00:00,4167.87,3964.74935,True,True
2023-05-02 00:00:00+00:00,4119.58,3966.6367999999998,True,True
2023-05-03 00:00:00+00:00,4090.75,3967.9189,True,True
2023-05-04 00:00:00+00:00,4061.22,3969.2184,True,True
2023-05-05 00:00:00+00:00,4136.25,3969.84105,True,True
2023-05-08 00:00:00+00:00,4138.12,3970.7228000000005,True,True
2023-05-09 00:00:00+00:00,4119.17,3971.41865,True,True
2023-05-10 00:00:00+00:00,4137.64,3972.20635,True,True
2023-05-11 00:00:00+00:00,4130.62,3973.06035,True,True
2023-05-12 00:00:00+00:00,4124.08,3974.1082,True,True
2023-05-15 00:00:00+00:00,4136.28,3974.61055,True,True
2023-05-16 00:00:00+00:00,4109.9,3974.9298000000003,True,True
2023-05-17 00:00:00+00:00,4158.77,3974.82785,True,True
2023-05-18 00:00:00+00:00,4198.05,3975.02855,True,True
2023-05-19 00:00:00+00:00,4191.98,3975.56285,True,True
2023-05-22 00:00:00+00:00,4192.63,3975.7469,True,True
2023-05-23 00:00:00+00:00,4145.58,3975.9503499999996,True,True
2023-05-24 00:00:00+00:00,4115.24,3975.9523,True,True
2023-05-25 00:00:00+00:00,4151.28,3975.8282,True,True
2023-05-26 00:00:00+00:00,4205.45,3975.97225,True,True
2023-05-30 00:00:00+00:00,4205.52,3975.9483,True,True
2023-05-31 00:00:00+00:00,4179.83,3975.93955,True,True
2023-06-01 00:00:00+00:00,4221.02,3975.43795,True,True
2023-06-02 00:00:00+00:00,4282.37,3975.0573500000005,True,True
2023-06-05 00:00:00+00:00,4273.79,3974.9432,True,True
2023-06-06 00:00:00+00:00,4283.85,3974.9419499999995,True,True
2023-06-07 00:00:00+00:00,4267.52,3974.9425,True,True
2023-06-08 00:00:00+00:00,4293.93,3975.1376999999998,True,True
2023-06-09 00:00:00+00:00,4298.86,3975.9174,True,True
2023-06-12 00:00:00+00:00,4338.93,3976.76805,True,True
2023-06-13 00:00:00+00:00,4369.01,3977.75885,True,True
2023-06-14 00:00:00+00:00,4372.59,3978.6083000000003,True,True
2023-06-15 00:00:00+00:00,4425.84,3980.18295,True,True
2023-06-16 00:00:00+00:00,4409.59,3982.1591,True,True
2023-06-20 00:00:00+00:00,4388.71,3984.27625,True,True
2023-06-21 00:00:00+00:00,4365.69,3986.4448,True,True
2023-06-22 00:00:00+00:00,4381.89,3988.439,True,True
2023-06-23 00:00:00+00:00,4348.33,3990.7271499999997,True,True
2023-06-26 00:00:00+00:00,4328.82,3992.9278500000005,True,True
2023-06-27 00:00:00+00:00,4378.41,3994.6726,True,True
2023-06-28 00:00:00+00:00,4376.86,3996.53375,True,True
2023-06-29 00:00:00+00:00,4396.44,3998.08125,True,True
2023-06-30 00:00:00+00:00,4450.38,3999.5113999999994,True,True
2023-07-03 00:00:00+00:00,4455.59,4002.09985,True,True
2023-07-05 00:00:00+00:00,4446.82,4004.64775,True,True
2023-07-06 00:00:00+00:00,4411.59,4007.3751,True,True
2023-07-07 00:00:00+00:00,4398.95,4010.0664,True,True
2023-07-10 00:00:00+00:00,4409.53,4012.5617,True,True
2023-07-11 00:00:00+00:00,4439.26,4015.3297,True,True
2023-07-12 00:00:00+00:00,4472.16,4018.5763500000003,True,True
2023-07-13 00:00:00+00:00,4510.04,4022.1472,True,True
2023-07-14 00:00:00+00:00,4505.42,4026.23125,True,True
2023-07-17 00:00:00+00:00,4522.79,4030.48315,True,True
2023-07-18 00:00:00+00:00,4554.98,4034.86065,True,True
2023-07-19 00:00:00+00:00,4565.72,4039.0403499999998,True,True
2023-07-20 00:00:00+00:00,4534.87,4043.6665999999996,True,True
2023-07-21 00:00:00+00:00,4536.34,4048.4128499999997,True,True
2023-07-24 00:00:00+00:00,4554.64,4052.7024,True,True
2023-07-25 00:00:00+00:00,4567.46,4056.52095,True,True
2023-07-26 00:00:00+00:00,4566.75,4060.44185,True,True
2023-07-27 00:00:00+00:00,4537.41,4064.553,True,True
2023-07-28 00:00:00+00:00,4582.23,4069.0417500000003,True,True
2023-07-31 00:00:00+00:00,4588.96,4073.8909500000004,True,True
2023-08-01 00:00:00+00:00,4576.73,4078.89155,True,True
2023-08-02 00:00:00+00:00,4513.39,4083.89005,True,True
2023-08-03 00:00:00+00:00,4501.89,4088.10745,True,True
2023-08-04 00:00:00+00:00,4478.03,4092.7015499999998,True,True
2023-08-07 00:00:00+00:00,4518.44,4096.70195,True,True
2023-08-08 00:00:00+00:00,4499.38,4100.69425,True,True
2023-08-09 00:00:00+00:00,4467.71,4104.7153499999995,True,True
2023-08-10 00:00:00+00:00,4468.83,4108.725,True,True
2023-08-11 00:00:00+00:00,4464.05,4112.3054,True,True
2023-08-14 00:00:00+00:00,4489.72,4115.6389500000005,True,True
2023-08-15 00:00:00+00:00,4437.86,4118.792,True,True
2023-08-16 00:00:00+00:00,4404.33,4121.8283,True,True
2023-08-17 00:00:00+00:00,4370.36,4124.81345,True,True
2023-08-18 00:00:00+00:00,4369.71,4127.15995,True,True
2023-08-21 00:00:00+00:00,4399.77,4129.6486,True,True
2023-08-22 00:00:00+00:00,4387.55,4132.36695,True,True
2023-08-23 00:00:00+00:00,4436.01,4135.50625,True,True
2023-08-24 00:00:00+00:00,4376.31,4139.08685,True,True
2023-08-25 00:00:00+00:00,4405.71,4142.11565,True,True
2023-08-28 00:00:00+00:00,4433.31,4145.1102,True,True
2023-08-29 00:00:00+00:00,4497.63,4148.1362,True,True
2023-08-30 00:00:00+00:00,4514.87,4151.8814999999995,True,True
2023-08-31 00:00:00+00:00,4507.66,4154.674,True,True
2023-09-01 00:00:00+00:00,4515.77,4157.24765,True,True
2023-09-05 00:00:00+00:00,4496.83,4160.04025,True,True
2023-09-06 00:00:00+00:00,4465.48,4162.56575,True,True
2023-09-07 00:00:00+00:00,4451.14,4165.099200000001,True,True
2023-09-08 00:00:00+00:00,4457.49,4167.6221,True,True
2023-09-11 00:00:00+00:00,4487.46,4170.08285,True,True
2023-09-12 00:00:00+00:00,4461.9,4172.77045,True,True
2023-09-13 00:00:00+00:00,4467.44,4175.06205,True,True
2023-09-14 00:00:00+00:00,4505.1,4177.26295,True,True
2023-09-15 00:00:00+00:00,4450.32,4179.65785,True,True
2023-09-18 00:00:00+00:00,4453.53,4182.08975,True,True
2023-09-19 00:00:00+00:00,4443.95,4184.56925,True,True
2023-09-20 00:00:00+00:00,4402.2,4186.38845,True,True
2023-09-21 00:00:00+00:00,4330.0,4188.0166,True,True
2023-09-22 00:00:00+00:00,4320.06,4189.3081,True,True
2023-09-25 00:00:00+00:00,4337.44,4190.9142,True,True
2023-09-26 00:00:00+00:00,4273.53,4192.8951,True,True
2023-09-27 00:00:00+00:00,4274.51,4194.59315,True,True
2023-09-28 00:00:00+00:00,4299.7,4196.14815,True,True
2023-09-29 00:00:00+00:00,4288.05,4197.974749999999,True,True
2023-10-02 00:00:00+00:00,4288.39,4199.4622,True,True
2023-10-03 00:00:00+00:00,4229.45,4200.8059,True,True
2023-10-04 00:00:00+00:00,4263.75,4201.976549999999,True,True
2023-10-05 00:00:00+00:00,4258.19,4203.81655,True,True
2023-10-06 00:00:00+00:00,4308.5,4205.8457,True,True
2023-10-09 00:00:00+00:00,4335.66,4208.2999,True,True
2023-10-10 00:00:00+00:00,4358.24,4210.870099999999,True,True
2023-10-11 00:00:00+00:00,4376.95,4213.2691,True,True
2023-10-12 00:00:00+00:00,4349.61,4216.0419,True,True
2023-10-13 00:00:00+00:00,4327.78,4218.56585,True,True
2023-10-16 00:00:00+00:00,4373.63,4221.0585,True,True
2023-10-17 00:00:00+00:00,4373.2,4224.01055,True,True
2023-10-18 00:00:00+00:00,4314.6,4226.63015,True,True
2023-10-19 00:00:00+00:00,4278.0,4229.00565,True,True
2023-10-20 00:00:00+00:00,4224.16,4231.27495,False,True
2023-10-23 00:00:00+00:00,4217.04,4233.1309,False,False
2023-10-24 00:00:00+00:00,4247.68,4235.1756,True,False
2023-10-25 00:00:00+00:00,4186.77,4236.9385999999995,False,True
2023-10-26 00:00:00+00:00,4137.23,4238.412,False,False
2023-10-27 00:00:00+00:00,4117.37,4239.5019,False,False
2023-10-30 00:00:00+00:00,4166.82,4240.2407,False,False
2023-10-31 00:00:00+00:00,4193.8,4241.15895,False,False
2023-11-01 00:00:00+00:00,4237.86,4242.1325,False,False
2023-11-02 00:00:00+00:00,4317.78,4243.36695,True,False
2023-11-03 00:00:00+00:00,4358.34,4245.311549999999,True,True
2023-11-06 00:00:00+00:00,4365.98,4247.609,True,True
2023-11-07 00:00:00+00:00,4378.38,4249.57585,True,True
2023-11-08 00:00:00+00:00,4382.78,4251.3687,True,True
2023-11-09 00:00:00+00:00,4347.35,4253.19785,True,True
2023-11-10 00:00:00+00:00,4415.24,4254.8535,True,True
2023-11-13 00:00:00+00:00,4411.55,4256.62755,True,True
2023-11-14 00:00:00+00:00,4495.7,4258.3325,True,True
2023-11-15 00:00:00+00:00,4502.88,4260.7221500000005,True,True
2023-11-16 00:00:00+00:00,4508.24,4262.853550000001,True,True
2023-11-17 00:00:00+00:00,4514.02,4264.7987,True,True
2023-11-20 00:00:00+00:00,4547.38,4266.47,True,True
2023-11-21 00:00:00+00:00,4538.19,4268.5245,True,True
2023-11-22 00:00:00+00:00,4556.62,4270.66005,True,True
2023-11-24 00:00:00+00:00,4559.34,4272.62315,True,True
2023-11-27 00:00:00+00:00,4550.43,4274.83055,True,True
2023-11-28 00:00:00+00:00,4554.89,4277.175200000001,True,True
2023-11-29 00:00:00+00:00,4550.58,4279.49735,True,True
2023-11-30 00:00:00+00:00,4567.8,4281.5638,True,True
2023-12-01 00:00:00+00:00,4594.63,4283.7221500000005,True,True
2023-12-04 00:00:00+00:00,4569.78,4285.9573,True,True
2023-12-05 00:00:00+00:00,4567.18,4288.35415,True,True
2023-12-06 00:00:00+00:00,4549.34,4290.7946,True,True
2023-12-07 00:00:00+00:00,4585.59,4293.5545999999995,True,True
2023-12-08 00:00:00+00:00,4604.37,4296.527300000001,True,True
2023-12-11 00:00:00+00:00,4622.44,4299.48755,True,True
2023-12-12 00:00:00+00:00,4643.7,4302.74955,True,True
2023-12-13 00:00:00+00:00,4707.09,4306.056850000001,True,True
2023-12-14 00:00:00+00:00,4719.55,4309.741550000001,True,True
2023-12-15 00:00:00+00:00,4719.19,4313.58235,True,True
2023-12-18 00:00:00+00:00,4740.56,4317.27155,True,True
2023-12-19 00:00:00+00:00,4768.37,4320.74615,True,True
2023-12-20 00:00:00+00:00,4698.35,4324.345899999999,True,True
2023-12-21 00:00:00+00:00,4746.75,4327.9058,True,True
2023-12-22 00:00:00+00:00,4754.63,4331.6795,True,True
2023-12-26 00:00:00+00:00,4774.75,4335.86105,True,True
2023-12-27 00:00:00+00:00,4781.58,4340.42685,True,True
2023-12-28 00:00:00+00:00,4783.35,4345.05595,True,True
2023-12-29 00:00:00+00:00,4769.83,4349.37625,True,True
2024-01-02 00:00:00+00:00,4742.83,4353.7657500000005,True,True
2024-01-03 00:00:00+00:00,4704.81,4357.6785,True,True
2024-01-04 00:00:00+00:00,4688.68,4361.61935,True,True
2024-01-05 00:00:00+00:00,4697.24,4365.3049,True,True
2024-01-08 00:00:00+00:00,4763.54,4368.77675,True,True
2024-01-09 00:00:00+00:00,4756.5,4372.9096,True,True
2024-01-10 00:00:00+00:00,4783.45,4376.9485,True,True
2024-01-11 00:00:00+00:00,4780.24,4381.0108,True,True
2024-01-12 00:00:00+00:00,4783.83,4385.02435,True,True
2024-01-16 00:00:00+00:00,4765.98,4389.08715,True,True
2024-01-17 00:00:00+00:00,4739.21,4392.778,True,True
2024-01-18 00:00:00+00:00,4780.94,4396.2199,True,True
2024-01-19 00:00:00+00:00,4839.81,4399.57805,True,True
2024-01-22 00:00:00+00:00,4850.43,4403.15455,True,True
2024-01-23 00:00:00+00:00,4864.6,4406.9037,True,True
2024-01-24 00:00:00+00:00,4868.55,4410.7748,True,True
2024-01-25 00:00:00+00:00,4894.16,4414.59245,True,True
2024-01-26 00:00:00+00:00,4890.97,4418.5177,True,True
2024-01-29 00:00:00+00:00,4927.93,4422.42785,True,True
2024-01-30 00:00:00+00:00,4924.97,4426.60775,True,True
2024-01-31 00:00:00+00:00,4845.65,4430.501499999999,True,True
2024-02-01 00:00:00+00:00,4906.19,4434.04155,True,True
2024-02-02 00:00:00+00:00,4958.61,4437.8159,True,True
2024-02-05 00:00:00+00:00,4942.81,4441.8346,True,True
2024-02-06 00:00:00+00:00,4954.23,4445.7760499999995,True,True
2024-02-07 00:00:00+00:00,4995.06,4449.89825,True,True
2024-02-08 00:00:00+00:00,4997.91,4454.2059500000005,True,True
2024-02-09 00:00:00+00:00,5026.61,4458.5103,True,True
2024-02-12 00:00:00+00:00,5021.84,4463.2852,True,True
2024-02-13 00:00:00+00:00,4953.17,4468.11445,True,True
2024-02-14 00:00:00+00:00,5000.62,4472.20355,True,True
2024-02-15 00:00:00+00:00,5029.73,4476.35925,True,True
2024-02-16 00:00:00+00:00,5005.57,4480.66855,True,True
2024-02-20 00:00:00+00:00,4975.51,4485.0985,True,True
2024-02-21 00:00:00+00:00,4981.8,4489.5223,True,True
2024-02-22 00:00:00+00:00,5087.03,4494.1252,True,True
2024-02-23 00:00:00+00:00,5088.8,4498.8791,True,True
2024-02-26 00:00:00+00:00,5069.53,4503.6325,True,True
2024-02-27 00:00:00+00:00,5078.18,4508.3843,True,True
2024-02-28 00:00:00+00:00,5069.76,4513.0869999999995,True,True
2024-02-29 00:00:00+00:00,5096.27,4517.7827,True,True
2024-03-01 00:00:00+00:00,5137.08,4522.64365,True,True
2024-03-04 00:00:00+00:00,5130.95,4527.64765,True,True
2024-03-05 00:00:00+00:00,5078.65,4532.7528999999995,True,True
2024-03-06 00:00:00+00:00,5104.76,4537.3523000000005,True,True
2024-03-07 00:00:00+00:00,5157.36,4541.885850000001,True,True
2024-03-08 00:00:00+00:00,5123.69,4546.712750000001,True,True
2024-03-11 00:00:00+00:00,5117.94,4551.36805,True,True
2024-03-12 00:00:00+00:00,5175.27,4556.229850000001,True,True
2024-03-13 00:00:00+00:00,5165.31,4561.53,True,True
2024-03-14 00:00:00+00:00,5150.48,4566.60015,True,True
2024-03-15 00:00:00+00:00,5117.09,4571.3252999999995,True,True
2024-03-18 00:00:00+00:00,5149.42,4575.88315,True,True
2024-03-19 00:00:00+00:00,5178.51,4580.7311,True,True
2024-03-20 00:00:00+00:00,5224.62,4585.51855,True,True
2024-03-21 00:00:00+00:00,5241.53,4590.2298,True,True
2024-03-22 00:00:00+00:00,5234.18,4595.0685,True,True
2024-03-25 00:00:00+00:00,5218.19,4599.82015,True,True
2024-03-26 00:00:00+00:00,5203.58,4604.5735,True,True
2024-03-27 00:00:00+00:00,5248.49,4609.12175,True,True
2024-03-28 00:00:00+00:00,5254.35,4613.8699,True,True
2024-04-01 00:00:00+00:00,5243.77,4618.446999999999,True,True
2024-04-02 00:00:00+00:00,5205.81,4622.8207999999995,True,True
2024-04-03 00:00:00+00:00,5211.49,4626.9869,True,True
2024-04-04 00:00:00+00:00,5147.21,4630.91515,True,True
2024-04-05 00:00:00+00:00,5204.34,4634.60325,True,True
2024-04-08 00:00:00+00:00,5202.39,4638.6814,True,True
2024-04-09 00:00:00+00:00,5209.91,4642.8649,True,True
2024-04-10 00:00:00+00:00,5160.64,4647.005,True,True
2024-04-11 00:00:00+00:00,5199.06,4651.06655,True,True
2024-04-12 00:00:00+00:00,5123.41,4655.4177500000005,True,True
2024-04-15 00:00:00+00:00,5061.82,4659.14275,True,True
2024-04-16 00:00:00+00:00,5051.41,4662.56755,True,True
2024-04-17 00:00:00+00:00,5022.21,4665.8423999999995,True,True
2024-04-18 00:00:00+00:00,5011.12,4668.701550000001,True,True
2024-04-19 00:00:00+00:00,4967.23,4671.4792,True,True
2024-04-22 00:00:00+00:00,5010.6,4674.08125,True,True
2024-04-23 00:00:00+00:00,5070.55,4677.0763,True,True
2024-04-24 00:00:00+00:00,5071.63,4680.4343,True,True
2024-04-25 00:00:00+00:00,5048.42,4683.7448,True,True
2024-04-26 00:00:00+00:00,5099.96,4686.7906,True,True
2024-04-29 00:00:00+00:00,5116.17,4689.9296,True,True
2024-04-30 00:00:00+00:00,5035.69,4692.96025,True,True
2024-05-01 00:00:00+00:00,5018.39,4695.6116,True,True
2024-05-02 00:00:00+00:00,5064.2,4698.0896,True,True
2024-05-03 00:00:00+00:00,5127.79,4700.6357,True,True
2024-05-06 00:00:00+00:00,5180.74,4703.4460500000005,True,True
2024-05-07 00:00:00+00:00,5187.7,4706.6754,True,True
2024-05-08 00:00:00+00:00,5187.67,4709.932199999999,True,True
2024-05-09 00:00:00+00:00,5214.08,4713.09735,True,True
2024-05-10 00:00:00+00:00,5222.68,4716.3304499999995,True,True
2024-05-13 00:00:00+00:00,5221.42,4719.6101,True,True
2024-05-14 00:00:00+00:00,5246.68,4723.03015,True,True
2024-05-15 00:00:00+00:00,5308.15,4726.3524,True,True
2024-05-16 00:00:00+00:00,5297.1,4729.948350000001,True,True
2024-05-17 00:00:00+00:00,5303.27,4733.550200000001,True,True
2024-05-20 00:00:00+00:00,5308.13,4737.4996,True,True
2024-05-21 00:00:00+00:00,5321.41,4741.5308,True,True
2024-05-22 00:00:00+00:00,5307.01,4745.7477,True,True
2024-05-23 00:00:00+00:00,5267.84,4749.69055,True,True
2024-05-24 00:00:00+00:00,5304.72,4753.5328500000005,True,True
2024-05-28 00:00:00+00:00,5306.04,4757.7179,True,True
2024-05-29 00:00:00+00:00,5266.95,4761.90395,True,True
2024-05-30 00:00:00+00:00,5235.48,4765.91845,True,True
2024-05-31 00:00:00+00:00,5277.51,4769.64725,True,True
2024-06-03 00:00:00+00:00,5283.4,4773.845499999999,True,True
2024-06-04 00:00:00+00:00,5291.34,4778.24085,True,True
2024-06-05 00:00:00+00:00,5354.03,4782.84575,True,True
2024-06-06 00:00:00+00:00,5352.96,4787.76735,True,True
2024-06-07 00:00:00+00:00,5346.99,4792.533299999999,True,True
2024-06-10 00:00:00+00:00,5360.79,4797.3305,True,True
2024-06-11 00:00:00+00:00,5375.32,4801.9544,True,True
2024-06-12 00:00:00+00:00,5421.03,4806.949449999999,True,True
2024-06-13 00:00:00+00:00,5433.74,4812.0260499999995,True,True
2024-06-14 00:00:00+00:00,5431.6,4817.0282,True,True
2024-06-17 00:00:00+00:00,5473.23,4821.698050000001,True,True
2024-06-18 00:00:00+00:00,5487.03,4826.489850000001,True,True
2024-06-20 00:00:00+00:00,5473.17,4831.3867,True,True
2024-06-21 00:00:00+00:00,5464.62,4836.1737,True,True
2024-06-24 00:00:00+00:00,5447.87,4841.012650000001,True,True
2024-06-25 00:00:00+00:00,5469.3,4845.924599999999,True,True
2024-06-26 00:00:00+00:00,5477.9,4851.0154,True,True
2024-06-27 00:00:00+00:00,5482.87,4856.117450000001,True,True
2024-06-28 00:00:00+00:00,5460.48,4861.0945,True,True
2024-07-01 00:00:00+00:00,5475.09,4866.0874,True,True
2024-07-02 00:00:00+00:00,5509.01,4871.12565,True,True
2024-07-03 00:00:00+00:00,5537.02,4876.1452,True,True
2024-07-05 00:00:00+00:00,5567.19,4881.5787,True,True
2024-07-08 00:00:00+00:00,5572.85,4887.147,True,True
2024-07-09 00:00:00+00:00,5576.98,4892.791499999999,True,True
2024-07-10 00:00:00+00:00,5633.91,4898.665400000001,True,True
2024-07-11 00:00:00+00:00,5584.54,4905.18495,True,True
2024-07-12 00:00:00+00:00,5615.35,4911.50735,True,True
2024-07-15 00:00:00+00:00,5631.22,4917.8969,True,True
2024-07-16 00:00:00+00:00,5667.2,4924.68535,True,True
2024-07-17 00:00:00+00:00,5588.27,4931.6488,True,True
2024-07-18 00:00:00+00:00,5544.59,4938.09165,True,True
2024-07-19 00:00:00+00:00,5505.0,4944.37435,True,True
2024-07-22 00:00:00+00:00,5564.41,4950.4574,True,True
2024-07-23 00:00:00+00:00,5555.74,4957.1322,True,True
2024-07-24 00:00:00+00:00,5427.13,4963.59215,True,True
2024-07-25 00:00:00+00:00,5399.22,4969.43685,True,True
2024-07-26 00:00:00+00:00,5459.1,4974.89045,True,True
2024-07-29 00:00:00+00:00,5463.54,4980.5076500000005,True,True
2024-07-30 00:00:00+00:00,5436.44,4986.0341499999995,True,True
2024-07-31 00:00:00+00:00,5522.3,4991.3315999999995,True,True
2024-08-01 00:00:00+00:00,5446.68,4997.19505,True,True
2024-08-02 00:00:00+00:00,5346.56,5002.78955,True,True
2024-08-05 00:00:00+00:00,5186.33,5007.6542,True,True
2024-08-06 00:00:00+00:00,5240.03,5011.7198499999995,True,True
2024-08-07 00:00:00+00:00,5199.5,5016.347,True,True
2024-08-08 00:00:00+00:00,5319.31,5020.9545,True,True
2024-08-09 00:00:00+00:00,5344.16,5026.43025,True,True
2024-08-12 00:00:00+00:00,5344.39,5032.06585,True,True
2024-08-13 00:00:00+00:00,5434.43,5037.5494,True,True
2024-08-14 00:00:00+00:00,5455.21,5043.7877,True,True
2024-08-15 00:00:00+00:00,5543.22,5050.3776,True,True
2024-08-16 00:00:00+00:00,5554.25,5057.50685,True,True
2024-08-19 00:00:00+00:00,5608.25,5064.4439999999995,True,True
2024-08-20 00:00:00+00:00,5597.12,5071.51625,True,True
2024-08-21 00:00:00+00:00,5620.85,5078.31255,True,True
2024-08-22 00:00:00+00:00,5570.64,5084.8279,True,True
2024-08-23 00:00:00+00:00,5634.61,5090.8894,True,True
2024-08-26 00:00:00+00:00,5616.84,5097.23255,True,True
2024-08-27 00:00:00+00:00,5625.8,5103.424849999999,True,True
2024-08-28 00:00:00+00:00,5592.18,5109.639950000001,True,True
2024-08-29 00:00:00+00:00,5591.96,5115.8641,True,True
2024-08-30 00:00:00+00:00,5648.4,5121.7477,True,True
2024-09-03 00:00:00+00:00,5528.93,5127.93195,True,True
2024-09-04 00:00:00+00:00,5520.07,5133.0981,True,True
2024-09-05 00:00:00+00:00,5503.41,5138.18405,True,True
2024-09-06 00:00:00+00:00,5408.42,5143.1599,True,True
2024-09-09 00:00:00+00:00,5471.05,5147.6319,True,True
2024-09-10 00:00:00+00:00,5495.52,5152.25025,True,True
2024-09-11 00:00:00+00:00,5554.13,5157.0369,True,True
2024-09-12 00:00:00+00:00,5595.76,5162.02445,True,True
2024-09-13 00:00:00+00:00,5626.02,5167.20655,True,True
2024-09-16 00:00:00+00:00,5633.09,5172.5845,True,True
2024-09-17 00:00:00+00:00,5634.58,5177.9755,True,True
2024-09-18 00:00:00+00:00,5618.26,5183.3955,True,True
2024-09-19 00:00:00+00:00,5713.64,5188.6478,True,True
2024-09-20 00:00:00+00:00,5702.55,5194.24285,True,True
2024-09-23 00:00:00+00:00,5718.57,5199.9067000000005,True,True
2024-09-24 00:00:00+00:00,5732.93,5205.6636499999995,True,True
2024-09-25 00:00:00+00:00,5722.26,5211.5816,True,True
2024-09-26 00:00:00+00:00,5745.37,5217.26495,True,True
2024-09-27 00:00:00+00:00,5738.17,5222.96995,True,True
2024-09-30 00:00:00+00:00,5762.48,5228.5486,True,True
2024-10-01 00:00:00+00:00,5708.75,5234.142500000001,True,True
2024-10-02 00:00:00+00:00,5709.54,5239.1508,True,True
2024-10-03 00:00:00+00:00,5699.94,5244.1007500000005,True,True
2024-10-04 00:00:00+00:00,5751.07,5249.004499999999,True,True
2024-10-07 00:00:00+00:00,5695.94,5254.05705,True,True
2024-10-08 00:00:00+00:00,5751.13,5258.6948999999995,True,True
2024-10-09 00:00:00+00:00,5792.04,5263.9588,True,True
2024-10-10 00:00:00+00:00,5780.05,5269.18525,True,True
2024-10-11 00:00:00+00:00,5815.03,5274.31235,True,True
2024-10-14 00:00:00+00:00,5859.85,5279.51375,True,True
2024-10-15 00:00:00+00:00,5815.26,5284.9051,True,True
2024-10-16 00:00:00+00:00,5842.47,5290.064649999999,True,True
2024-10-17 00:00:00+00:00,5841.47,5295.42785,True,True
2024-10-18 00:00:00+00:00,5864.67,5300.92105,True,True
2024-10-21 00:00:00+00:00,5853.98,5306.72035,True,True
2024-10-22 00:00:00+00:00,5851.2,5312.546850000001,True,True
2024-10-23 00:00:00+00:00,5797.42,5318.316650000001,True,True
2024-10-24 00:00:00+00:00,5809.86,5323.4860499999995,True,True
2024-10-25 00:00:00+00:00,5808.12,5328.752850000001,True,True
2024-10-28 00:00:00+00:00,5823.52,5333.8762,True,True
2024-10-29 00:00:00+00:00,5832.92,5339.0926,True,True
2024-10-30 00:00:00+00:00,5813.67,5344.338049999999,True,True
2024-10-31 00:00:00+00:00,5705.45,5349.5765,True,True
2024-11-01 00:00:00+00:00,5728.8,5354.4077,True,True
2024-11-04 00:00:00+00:00,5712.69,5359.147000000001,True,True
2024-11-05 00:00:00+00:00,5782.76,5363.5114,True,True
2024-11-06 00:00:00+00:00,5929.04,5368.17305,True,True
2024-11-07 00:00:00+00:00,5973.1,5373.49525,True,True
2024-11-08 00:00:00+00:00,5995.54,5379.017999999999,True,True
2024-11-11 00:00:00+00:00,6001.35,5384.5249,True,True
2024-11-12 00:00:00+00:00,5983.99,5390.076800000001,True,True
2024-11-13 00:00:00+00:00,5985.38,5395.357100000001,True,True
2024-11-14 00:00:00+00:00,5949.17,5400.6591499999995,True,True
2024-11-15 00:00:00+00:00,5870.62,5406.1767500000005,True,True
2024-11-18 00:00:00+00:00,5893.62,5410.9989000000005,True,True
2024-11-19 00:00:00+00:00,5916.98,5415.67395,True,True
2024-11-20 00:00:00+00:00,5917.11,5420.5448,True,True
2024-11-21 00:00:00+00:00,5948.71,5425.359199999999,True,True
2024-11-22 00:00:00+00:00,5969.34,5430.12745,True,True
2024-11-25 00:00:00+00:00,5987.37,5434.9846,True,True
2024-11-26 00:00:00+00:00,6021.63,5439.788400000001,True,True
2024-11-27 00:00:00+00:00,5998.74,5444.78735,True,True
2024-11-29 00:00:00+00:00,6032.38,5450.0152,True,True
2024-12-02 00:00:00+00:00,6047.15,5455.174,True,True
2024-12-03 00:00:00+00:00,6049.88,5460.2611,True,True
2024-12-04 00:00:00+00:00,6086.49,5465.482649999999,True,True
2024-12-05 00:00:00+00:00,6075.11,5471.03755,True,True
2024-12-06 00:00:00+00:00,6090.27,5476.5041,True,True
2024-12-09 00:00:00+00:00,6052.85,5481.5203,True,True
2024-12-10 00:00:00+00:00,6034.91,5486.340550000001,True,True
2024-12-11 00:00:00+00:00,6084.19,5491.16745,True,True
2024-12-12 00:00:00+00:00,6051.25,5496.1975,True,True
2024-12-13 00:00:00+00:00,6051.09,5501.10495,True,True
2024-12-16 00:00:00+00:00,6074.08,5505.8790500000005,True,True
2024-12-17 00:00:00+00:00,6050.61,5510.56405,True,True
2024-12-18 00:00:00+00:00,5872.16,5515.16235,True,True
2024-12-19 00:00:00+00:00,5867.08,5519.1299,True,True
2024-12-20 00:00:00+00:00,5930.85,5522.9415,True,True
2024-12-23 00:00:00+00:00,5974.07,5526.808950000001,True,True
2024-12-24 00:00:00+00:00,6040.04,5531.06085,True,True
2024-12-26 00:00:00+00:00,6037.59,5535.6713500000005,True,True
2024-12-27 00:00:00+00:00,5970.84,5539.9829500000005,True,True
2024-12-30 00:00:00+00:00,5906.94,5544.0106000000005,True,True
2024-12-31 00:00:00+00:00,5881.63,5547.7929,True,True
2025-01-02 00:00:00+00:00,5868.55,5551.615599999999,True,True
2025-01-03 00:00:00+00:00,5942.47,5555.21125,True,True
2025-01-06 00:00:00+00:00,5975.38,5559.03105,True,True
2025-01-07 00:00:00+00:00,5909.03,5562.78485,True,True
2025-01-08 00:00:00+00:00,5918.25,5566.1223500000015,True,True
2025-01-10 00:00:00+00:00,5827.04,5569.5427,True,True
2025-01-13 00:00:00+00:00,5836.22,5572.58695,True,True
2025-01-14 00:00:00+00:00,5842.91,5575.75015,True,True
2025-01-15 00:00:00+00:00,5949.91,5578.72225,True,True
2025-01-16 00:00:00+00:00,5937.34,5582.20005,True,True
2025-01-17 00:00:00+00:00,5996.66,5585.6679,True,True
2025-01-21 00:00:00+00:00,6049.24,5589.622149999999,True,True
2025-01-22 00:00:00+00:00,6086.37,5593.8108999999995,True,True
2025-01-23 00:00:00+00:00,6118.71,5598.506700000001,True,True
2025-01-24 00:00:00+00:00,6101.24,5603.07855,True,True
2025-01-27 00:00:00+00:00,6012.28,5607.5728,True,True
2025-01-28 00:00:00+00:00,6067.7,5611.58465,True,True
2025-01-29 00:00:00+00:00,6039.31,5616.11995,True,True
2025-01-30 00:00:00+00:00,6071.17,5620.3212,True,True
2025-01-31 00:00:00+00:00,6040.53,5625.06,True,True
2025-02-03 00:00:00+00:00,5994.57,5629.95355,True,True
2025-02-04 00:00:00+00:00,6037.88,5634.66935,True,True
2025-02-05 00:00:00+00:00,6061.48,5639.7477,True,True
2025-02-06 00:00:00+00:00,6083.57,5644.9995,True,True
2025-02-07 00:00:00+00:00,6025.99,5650.5812,True,True
2025-02-10 00:00:00+00:00,6066.44,5655.658149999999,True,True
2025-02-11 00:00:00+00:00,6068.5,5660.6376,True,True
2025-02-12 00:00:00+00:00,6051.97,5665.62195,True,True
2025-02-13 00:00:00+00:00,6115.07,5670.6397,True,True
2025-02-14 00:00:00+00:00,6114.63,5675.71525,True,True
2025-02-18 00:00:00+00:00,6129.58,5680.70755,True,True
2025-02-19 00:00:00+00:00,6144.15,5686.177,True,True
2025-02-20 00:00:00+00:00,6117.52,5691.805800000001,True,True
2025-02-21 00:00:00+00:00,6013.13,5697.0724,True,True
2025-02-24 00:00:00+00:00,5983.25,5701.4991,True,True
2025-02-25 00:00:00+00:00,5955.25,5705.51165,True,True
2025-02-26 00:00:00+00:00,5956.06,5709.349399999999,True,True
2025-02-27 00:00:00+00:00,5861.57,5713.19135,True,True
2025-02-28 00:00:00+00:00,5954.5,5716.4288,True,True
2025-03-03 00:00:00+00:00,5849.72,5720.0879,True,True
2025-03-04 00:00:00+00:00,5778.15,5723.2294,True,True
2025-03-05 00:00:00+00:00,5842.63,5725.886750000001,True,True
2025-03-06 00:00:00+00:00,5738.52,5728.55915,True,True
2025-03-07 00:00:00+00:00,5770.2,5730.76625,True,True
2025-03-10 00:00:00+00:00,5614.56,5733.100900000001,False,True
2025-03-11 00:00:00+00:00,5572.07,5734.6330499999995,False,False
2025-03-12 00:00:00+00:00,5599.3,5735.88635,False,False
2025-03-13 00:00:00+00:00,5521.52,5737.3478000000005,False,False
2025-03-14 00:00:00+00:00,5638.94,5738.6162,False,False
2025-03-17 00:00:00+00:00,5675.12,5740.2873,False,False
2025-03-18 00:00:00+00:00,5614.66,5742.1327,False,False
2025-03-19 00:00:00+00:00,5675.29,5743.87125,False,False
2025-03-20 00:00:00+00:00,5662.89,5746.0703,False,False
2025-03-21 00:00:00+00:00,5667.56,5747.9972,False,False
2025-03-24 00:00:00+00:00,5767.57,5749.918000000001,True,False
2025-03-25 00:00:00+00:00,5776.65,5752.299150000001,True,True
2025-03-26 00:00:00+00:00,5712.2,5754.412249999999,False,True
2025-03-27 00:00:00+00:00,5693.31,5756.20845,False,False
2025-03-28 00:00:00+00:00,5580.94,5757.94005,False,False
2025-03-31 00:00:00+00:00,5611.85,5759.0408,False,False
2025-04-01 00:00:00+00:00,5633.07,5760.2234499999995,False,False
2025-04-02 00:00:00+00:00,5670.97,5761.28365,False,False
2025-04-03 00:00:00+00:00,5396.52,5762.4698,False,False
2025-04-04 00:00:00+00:00,5074.08,5762.294400000001,False,False
2025-04-07 00:00:00+00:00,5062.25,5760.29865,False,False
2025-04-08 00:00:00+00:00,4982.77,5758.17475,False,False
2025-04-09 00:00:00+00:00,5456.9,5755.722749999999,False,False
2025-04-10 00:00:00+00:00,5268.05,5755.68415,False,False
2025-04-11 00:00:00+00:00,5363.36,5754.78505,False,False
2025-04-14 00:00:00+00:00,5405.97,5754.25535,False,False
2025-04-15 00:00:00+00:00,5396.63,5753.895699999999,False,False
2025-04-16 00:00:00+00:00,5275.7,5753.464500000001,False,False
2025-04-17 00:00:00+00:00,5282.7,5752.5406,False,False
2025-04-21 00:00:00+00:00,5158.2,5751.5786499999995,False,False
2025-04-22 00:00:00+00:00,5287.76,5749.8246,False,False
2025-04-23 00:00:00+00:00,5375.86,5748.578299999999,False,False
2025-04-24 00:00:00+00:00,5484.77,5747.62165,False,False
2025-04-25 00:00:00+00:00,5525.21,5747.18125,False,False
2025-04-28 00:00:00+00:00,5528.75,5746.9223999999995,False,False
2025-04-29 00:00:00+00:00,5560.83,5746.3966,False,False
2025-04-30 00:00:00+00:00,5569.06,5746.278050000001,False,False
2025-05-01 00:00:00+00:00,5604.14,5746.046599999999,False,False
2025-05-02 00:00:00+00:00,5686.67,5745.9112,False,False
2025-05-05 00:00:00+00:00,5650.38,5746.00855,False,False
2025-05-06 00:00:00+00:00,5606.91,5746.319100000001,False,False
2025-05-07 00:00:00+00:00,5631.28,5746.630700000001,False,False
2025-05-08 00:00:00+00:00,5663.94,5747.262100000001,False,False
2025-05-09 00:00:00+00:00,5659.91,5747.75975,False,False
2025-05-12 00:00:00+00:00,5844.19,5748.280599999999,True,False
2025-05-13 00:00:00+00:00,5886.55,5750.365900000001,True,True
2025-05-14 00:00:00+00:00,5892.58,5752.80255,True,True
2025-05-15 00:00:00+00:00,5916.93,5754.96995,True,True
2025-05-16 00:00:00+00:00,5958.38,5757.2369,True,True
2025-05-19 00:00:00+00:00,5963.6,5759.846600000001,True,True
2025-05-20 00:00:00+00:00,5940.46,5762.053100000001,True,True
2025-05-21 00:00:00+00:00,5844.61,5764.522000000001,True,True
2025-05-22 00:00:00+00:00,5842.01,5767.01225,True,True
2025-05-23 00:00:00+00:00,5802.82,5770.290649999999,True,True
2025-05-27 00:00:00+00:00,5921.54,5773.1046,True,True
2025-05-28 00:00:00+00:00,5888.55,5776.7148,True,True
2025-05-29 00:00:00+00:00,5912.17,5779.561000000001,True,True
2025-05-30 00:00:00+00:00,5911.69,5782.4010499999995,True,True
2025-06-02 00:00:00+00:00,5935.94,5785.23755,True,True
2025-06-03 00:00:00+00:00,5970.37,5787.7451,True,True
2025-06-04 00:00:00+00:00,5970.81,5790.3209,True,True
2025-06-05 00:00:00+00:00,5939.3,5792.45885,True,True
2025-06-06 00:00:00+00:00,6000.36,5794.384099999999,True,True
2025-06-09 00:00:00+00:00,6005.88,5796.34465,True,True
2025-06-10 00:00:00+00:00,6038.81,5798.3884499999995,True,True
2025-06-11 00:00:00+00:00,6022.24,5800.478249999999,True,True
2025-06-12 00:00:00+00:00,6045.26,5802.73625,True,True
2025-06-13 00:00:00+00:00,5976.97,5804.7895,True,True
2025-06-16 00:00:00+00:00,6033.11,5806.59015,True,True
2025-06-17 00:00:00+00:00,5982.72,5808.626700000001,True,True
2025-06-18 00:00:00+00:00,5980.87,5810.5794,True,True
2025-06-20 00:00:00+00:00,5967.84,5812.52395,True,True
2025-06-23 00:00:00+00:00,6025.17,5814.12115,True,True
2025-06-24 00:00:00+00:00,6092.18,5816.602350000001,True,True
2025-06-25 00:00:00+00:00,6092.16,5819.4629,True,True
2025-06-26 00:00:00+00:00,6141.02,5822.406650000001,True,True
2025-06-27 00:00:00+00:00,6173.07,5826.0696499999995,True,True
2025-06-30 00:00:00+00:00,6204.95,5829.57975,True,True
2025-07-01 00:00:00+00:00,6198.01,5833.126899999999,True,True
2025-07-02 00:00:00+00:00,6227.42,5836.3463,True,True
2025-07-03 00:00:00+00:00,6279.35,5839.504599999999,True,True
2025-07-07 00:00:00+00:00,6229.98,5842.77125,True,True
2025-07-08 00:00:00+00:00,6225.52,5845.7557,True,True
2025-07-09 00:00:00+00:00,6263.26,5848.7104,True,True
2025-07-10 00:00:00+00:00,6280.46,5851.9354,True,True
2025-07-11 00:00:00+00:00,6259.75,5854.769499999999,True,True
2025-07-14 00:00:00+00:00,6268.56,5857.5555,True,True
2025-07-15 00:00:00+00:00,6243.76,5860.305450000001,True,True
2025-07-16 00:00:00+00:00,6263.7,5862.859600000001,True,True
2025-07-17 00:00:00+00:00,6297.36,5865.5668000000005,True,True
2025-07-18 00:00:00+00:00,6296.79,5868.326749999999,True,True
2025-07-21 00:00:00+00:00,6305.6,5871.11985,True,True
2025-07-22 00:00:00+00:00,6309.62,5873.8354500000005,True,True
2025-07-23 00:00:00+00:00,6358.91,5876.8398,True,True
2025-07-24 00:00:00+00:00,6363.35,5880.08665,True,True
2025-07-25 00:00:00+00:00,6388.64,5883.4037,True,True
2025-07-28 00:00:00+00:00,6389.77,5886.59155,True,True
2025-07-29 00:00:00+00:00,6370.86,5890.060700000001,True,True
2025-07-30 00:00:00+00:00,6362.9,5893.159349999999,True,True
2025-07-31 00:00:00+00:00,6339.39,5896.01365,True,True
2025-08-01 00:00:00+00:00,6238.01,5898.810350000001,True,True
2025-08-04 00:00:00+00:00,6329.94,5900.92525,True,True
2025-08-05 00:00:00+00:00,6299.19,5903.275699999999,True,True
2025-08-06 00:00:00+00:00,6345.06,5905.69535,True,True
2025-08-07 00:00:00+00:00,6340.0,5908.208299999999,True,True
2025-08-08 00:00:00+00:00,6389.45,5910.7009499999995,True,True
2025-08-11 00:00:00+00:00,6373.45,5913.324850000001,True,True
2025-08-12 00:00:00+00:00,6445.76,5915.9222,True,True
2025-08-13 00:00:00+00:00,6466.58,5918.895,True,True
2025-08-14 00:00:00+00:00,6468.54,5922.2408,True,True
2025-08-15 00:00:00+00:00,6449.8,5925.534199999999,True,True
2025-08-18 00:00:00+00:00,6449.15,5928.7426000000005,True,True
2025-08-19 00:00:00+00:00,6411.37,5931.870749999999,True,True
2025-08-20 00:00:00+00:00,6395.78,5934.763000000001,True,True
2025-08-21 00:00:00+00:00,6370.17,5937.6735499999995,True,True
2025-08-22 00:00:00+00:00,6466.91,5940.997149999999,True,True
2025-08-25 00:00:00+00:00,6439.32,5944.6877,True,True
2025-08-26 00:00:00+00:00,6465.94,5948.32085,True,True
2025-08-27 00:00:00+00:00,6481.4,5951.736749999999,True,True
2025-08-28 00:00:00+00:00,6501.86,5954.49855,True,True
2025-08-29 00:00:00+00:00,6460.26,5957.14235,True,True
2025-09-02 00:00:00+00:00,6415.54,5959.46595,True,True
2025-09-03 00:00:00+00:00,6448.26,5961.536899999999,True,True
2025-09-04 00:00:00+00:00,6502.08,5963.858249999999,True,True
2025-09-05 00:00:00+00:00,6481.5,5966.441750000001,True,True
2025-09-08 00:00:00+00:00,6495.15,5969.1034,True,True
2025-09-09 00:00:00+00:00,6512.61,5972.22605,True,True
2025-09-10 00:00:00+00:00,6532.04,5975.321,True,True
2025-09-11 00:00:00+00:00,6587.47,5978.3963,True,True
2025-09-12 00:00:00+00:00,6584.29,5981.748100000001,True,True
2025-09-15 00:00:00+00:00,6615.28,5984.926000000001,True,True
2025-09-16 00:00:00+00:00,6606.76,5988.155699999999,True,True
2025-09-17 00:00:00+00:00,6600.35,5991.2526499999985,True,True
2025-09-18 00:00:00+00:00,6631.96,5994.14625,True,True
2025-09-19 00:00:00+00:00,6664.36,5997.31235,True,True
2025-09-22 00:00:00+00:00,6693.75,6000.47225,True,True
2025-09-23 00:00:00+00:00,6656.92,6003.70525,True,True
2025-09-24 00:00:00+00:00,6637.97,6006.74045,True,True
2025-09-25 00:00:00+00:00,6604.72,6009.497849999999,True,True
2025-09-26 00:00:00+00:00,6643.7,6012.1458999999995,True,True
2025-09-29 00:00:00+00:00,6661.21,6014.91305,True,True
2025-09-30 00:00:00+00:00,6688.46,6017.95485,True,True
2025-10-01 00:00:00+00:00,6711.2,6021.2226,True,True
2025-10-02 00:00:00+00:00,6715.35,6024.35765,True,True
2025-10-03 00:00:00+00:00,6715.79,6027.678150000001,True,True
2025-10-06 00:00:00+00:00,6740.28,6031.00165,True,True
2025-10-07 00:00:00+00:00,6714.59,6034.332649999999,True,True
2025-10-08 00:00:00+00:00,6753.72,6037.65255,True,True
2025-10-09 00:00:00+00:00,6735.11,6042.060350000001,True,True
2025-10-10 00:00:00+00:00,6552.51,6046.400500000001,True,True
2025-10-13 00:00:00+00:00,6654.72,6049.5088,True,True
2025-10-14 00:00:00+00:00,6644.31,6052.912050000001,True,True
2025-10-15 00:00:00+00:00,6671.06,6055.933400000001,True,True
2025-10-16 00:00:00+00:00,6629.07,6059.10075,True,True
2025-10-17 00:00:00+00:00,6664.01,6062.3919,True,True
2025-10-20 00:00:00+00:00,6735.13,6066.17725,True,True
2025-10-21 00:00:00+00:00,6735.35,6070.44475,True,True
2025-10-22 00:00:00+00:00,6699.4,6074.77875,True,True
2025-10-23 00:00:00+00:00,6738.44,6078.5634,True,True
2025-10-24 00:00:00+00:00,6791.69,6082.3787,True,True
2025-10-27 00:00:00+00:00,6875.16,6086.7919999999995,True,True
2025-10-28 00:00:00+00:00,6890.89,6091.576549999999,True,True
2025-10-29 00:00:00+00:00,6890.59,6096.895800000001,True,True
2025-10-30 00:00:00+00:00,6822.34,6102.167649999999,True,True
2025-10-31 00:00:00+00:00,6840.2,6107.0648,True,True
2025-11-03 00:00:00+00:00,6851.97,6111.51625,True,True
2025-11-04 00:00:00+00:00,6771.55,6116.0894,True,True
2025-11-05 00:00:00+00:00,6796.29,6119.96385,True,True
2025-11-06 00:00:00+00:00,6720.32,6123.699100000001,True,True
2025-11-07 00:00:00+00:00,6728.8,6126.86885,True,True
2025-11-10 00:00:00+00:00,6832.43,6129.9193000000005,True,True
2025-11-11 00:00:00+00:00,6846.61,6133.57525,True,True
2025-11-12 00:00:00+00:00,6850.92,6137.746899999999,True,True
2025-11-13 00:00:00+00:00,6737.49,6141.6630000000005,True,True
2025-11-14 00:00:00+00:00,6734.11,6145.1539,True,True
2025-11-17 00:00:00+00:00,6672.41,6148.4686,True,True
2025-11-18 00:00:00+00:00,6617.32,6151.628000000001,True,True
2025-11-19 00:00:00+00:00,6642.16,6154.741749999999,True,True
2025-11-20 00:00:00+00:00,6538.76,6157.763150000001,True,True
2025-11-21 00:00:00+00:00,6602.99,6160.149550000001,True,True
2025-11-24 00:00:00+00:00,6705.12,6162.74665,True,True
2025-11-25 00:00:00+00:00,6765.88,6166.1422999999995,True,True
2025-11-26 00:00:00+00:00,6812.61,6169.639500000001,True,True
2025-11-28 00:00:00+00:00,6849.09,6173.36005,True,True
2025-12-01 00:00:00+00:00,6812.63,6177.34565,True,True
2025-12-02 00:00:00+00:00,6829.37,6180.83345,True,True
2025-12-03 00:00:00+00:00,6849.72,6184.40715,True,True
2025-12-04 00:00:00+00:00,6857.12,6188.00785,True,True
2025-12-05 00:00:00+00:00,6870.4,6191.572700000001,True,True
2025-12-08 00:00:00+00:00,6846.51,6195.3371,True,True
2025-12-09 00:00:00+00:00,6840.51,6199.504,True,True
2025-12-10 00:00:00+00:00,6886.68,6203.790300000001,True,True
2025-12-11 00:00:00+00:00,6901.0,6208.44745,True,True
2025-12-12 00:00:00+00:00,6827.41,6213.172149999999,True,True
2025-12-15 00:00:00+00:00,6816.51,6218.0013500000005,True,True
2025-12-16 00:00:00+00:00,6800.26,6222.311399999999,True,True
2025-12-17 00:00:00+00:00,6721.43,6227.0641,True,True
2025-12-18 00:00:00+00:00,6774.76,6231.780500000001,True,True
2025-12-19 00:00:00+00:00,6834.5,6236.44115,True,True
2025-12-22 00:00:00+00:00,6878.49,6241.921050000001,True,True
2025-12-23 00:00:00+00:00,6909.79,6247.4625,True,True
2025-12-24 00:00:00+00:00,6932.05,6253.938650000001,True,True
2025-12-26 00:00:00+00:00,6929.94,6260.73855,True,True
2025-12-29 00:00:00+00:00,6905.74,6267.391750000001,True,True
2025-12-30 00:00:00+00:00,6896.24,6274.31285,True,True
2025-12-31 00:00:00+00:00,6845.5,6280.59935,True,True
2026-01-02 00:00:00+00:00,6858.47,6286.45125,True,True
2026-01-05 00:00:00+00:00,6902.05,6292.670300000001,True,True
2026-01-06 00:00:00+00:00,6944.82,6298.8041,True,True
2026-01-07 00:00:00+00:00,6920.93,6305.21375,True,True
2026-01-08 00:00:00+00:00,6921.46,6311.480600000001,True,True
2026-01-09 00:00:00+00:00,6966.28,6317.25005,True,True
2026-01-12 00:00:00+00:00,6977.27,6323.198200000001,True,True
2026-01-13 00:00:00+00:00,6963.74,6329.523550000001,True,True
2026-01-14 00:00:00+00:00,6926.6,6335.8757000000005,True,True
2026-01-15 00:00:00+00:00,6944.47,6342.604,True,True
2026-01-16 00:00:00+00:00,6940.01,6349.2671,True,True
2026-01-20 00:00:00+00:00,6796.86,6355.801799999999,True,True
2026-01-21 00:00:00+00:00,6875.62,6361.43125,True,True
2026-01-22 00:00:00+00:00,6913.35,6368.826749999999,True,True
2026-01-23 00:00:00+00:00,6915.61,6378.0231,True,True
2026-01-26 00:00:00+00:00,6950.23,6387.289900000001,True,True
2026-01-27 00:00:00+00:00,6978.6,6397.127200000001,True,True
2026-01-28 00:00:00+00:00,6978.03,6404.735699999999,True,True
2026-01-29 00:00:00+00:00,6969.01,6413.285599999999,True,True
2026-01-30 00:00:00+00:00,6939.03,6421.3138500000005,True,True
2026-02-02 00:00:00+00:00,6976.44,6428.97915,True,True
2026-02-03 00:00:00+00:00,6917.81,6436.878199999999,True,True
2026-02-04 00:00:00+00:00,6882.72,6445.08875,True,True
2026-02-05 00:00:00+00:00,6798.4,6453.08885,True,True
2026-02-06 00:00:00+00:00,6932.3,6461.28985,True,True
2026-02-09 00:00:00+00:00,6964.82,6469.51255,True,True
2026-02-10 00:00:00+00:00,6941.81,6477.45735,True,True
2026-02-11 00:00:00+00:00,6941.47,6484.74255,True,True
2026-02-12 00:00:00+00:00,6832.76,6491.82385,True,True
2026-02-13 00:00:00+00:00,6836.17,6498.3439,True,True
2026-02-17 00:00:00+00:00,6843.22,6504.7206,True,True
2026-02-18 00:00:00+00:00,6881.31,6511.0914,True,True
2026-02-19 00:00:00+00:00,6861.89,6517.47725,True,True
2026-02-20 00:00:00+00:00,6909.51,6523.353349999999,True,True
2026-02-23 00:00:00+00:00,6837.75,6529.648999999999,True,True
2026-02-24 00:00:00+00:00,6890.07,6535.803199999999,True,True
2026-02-25 00:00:00+00:00,6946.13,6542.09715,True,True
2026-02-26 00:00:00+00:00,6908.86,6548.508100000001,True,True
2026-02-27 00:00:00+00:00,6878.88,6554.752850000001,True,True
2026-03-02 00:00:00+00:00,6881.62,6559.9263,True,True
2026-03-03 00:00:00+00:00,6816.63,6564.901650000001,True,True
2026-03-04 00:00:00+00:00,6869.5,6569.521900000001,True,True
2026-03-05 00:00:00+00:00,6830.71,6574.284750000001,True,True
2026-03-06 00:00:00+00:00,6740.02,6578.6464000000005,True,True
2026-03-09 00:00:00+00:00,6795.99,6582.528500000001,True,True
2026-03-10 00:00:00+00:00,6781.48,6586.80615,True,True
2026-03-11 00:00:00+00:00,6775.8,6591.490500000001,True,True
2026-03-12 00:00:00+00:00,6672.62,6596.159450000001,True,True
2026-03-13 00:00:00+00:00,6632.19,6600.508449999999,True,True
2026-03-16 00:00:00+00:00,6699.38,6604.061699999999,True,True
2026-03-17 00:00:00+00:00,6716.09,6608.115849999999,True,True
2026-03-18 00:00:00+00:00,6624.7,6612.135450000001,True,True
2026-03-19 00:00:00+00:00,6606.49,6615.700500000001,False,True
2026-03-20 00:00:00+00:00,6506.48,6619.053250000001,False,False
2026-03-23 00:00:00+00:00,6581.0,6621.7338,False,False
2026-03-24 00:00:00+00:00,6556.37,6624.78475,False,False
2026-03-25 00:00:00+00:00,6591.9,6627.8701,False,False
2026-03-26 00:00:00+00:00,6477.16,6630.8278,False,False
2026-03-27 00:00:00+00:00,6368.85,6633.184200000001,False,False
2026-03-30 00:00:00+00:00,6343.72,6634.834400000001,False,False
2026-03-31 00:00:00+00:00,6528.52,6636.4418000000005,False,False
2026-04-01 00:00:00+00:00,6575.32,6638.8581,False,False
2026-04-02 00:00:00+00:00,6582.69,6641.84985,False,False
2026-04-06 00:00:00+00:00,6611.83,6644.59775,False,False
2026-04-07 00:00:00+00:00,6616.85,6647.743299999999,False,False
2026-04-08 00:00:00+00:00,6782.81,6650.923199999999,True,False
2026-04-09 00:00:00+00:00,6824.66,6654.99805,True,True
2026-04-10 00:00:00+00:00,6816.89,6658.995499999999,True,True
2026-04-13 00:00:00+00:00,6886.24,6662.61905,True,True
2026-04-14 00:00:00+00:00,6967.38,6666.58945,True,True
2026-04-15 00:00:00+00:00,7022.95,6670.72125,True,True
2026-04-16 00:00:00+00:00,7041.28,6674.970649999999,True,True
2026-04-17 00:00:00+00:00,7126.06,6679.1523,True,True
2026-04-20 00:00:00+00:00,7109.14,6683.79255,True,True
2026-04-21 00:00:00+00:00,7064.01,6688.20115,True,True
2026-04-22 00:00:00+00:00,7137.9,6692.124449999999,True,True
2026-04-23 00:00:00+00:00,7108.4,6696.66405,True,True
2026-04-24 00:00:00+00:00,7165.08,6701.07845,True,True
2026-04-27 00:00:00+00:00,7173.91,6705.58755,True,True
2026-04-28 00:00:00+00:00,7138.8,6710.0548,True,True
2026-04-29 00:00:00+00:00,7135.95,6714.45005,True,True
2026-04-30 00:00:00+00:00,7209.01,6718.786999999999,True,True
2026-05-01 00:00:00+00:00,7230.12,6723.613249999999,True,True
2026-05-04 00:00:00+00:00,7200.75,6728.44535,True,True
2026-05-05 00:00:00+00:00,7259.22,6732.962300000001,True,True
2026-05-06 00:00:00+00:00,7365.12,6737.774450000001,True,True
2026-05-07 00:00:00+00:00,7337.11,6743.07205,True,True
2026-05-08 00:00:00+00:00,7398.93,6748.209500000001,True,True
2026-05-11 00:00:00+00:00,7412.84,6753.4096,True,True
2026-05-12 00:00:00+00:00,7400.96,6758.657050000001,True,True
2026-05-13 00:00:00+00:00,7444.25,6763.71865,True,True
2026-05-14 00:00:00+00:00,7501.24,6768.99105,True,True
2026-05-15 00:00:00+00:00,7408.5,6774.64295,True,True
2026-05-18 00:00:00+00:00,7403.05,6779.8709499999995,True,True
2026-05-19 00:00:00+00:00,7353.61,6785.18925,True,True
2026-05-20 00:00:00+00:00,7432.97,6790.76725,True,True
2026-05-21 00:00:00+00:00,7445.72,6796.2824,True,True
2026-05-22 00:00:00+00:00,7473.47,6802.01505,True,True
2026-05-26 00:00:00+00:00,7519.12,6807.6571,True,True
2026-05-27 00:00:00+00:00,7520.36,6813.5527,True,True
2026-05-28 00:00:00+00:00,7563.63,6819.2072499999995,True,True
2026-05-29 00:00:00+00:00,7580.06,6825.158149999999,True,True
2026-06-01 00:00:00+00:00,7599.96,6830.82965,True,True
2026-06-02 00:00:00+00:00,7609.78,6836.49655,True,True
2026-06-03 00:00:00+00:00,7553.68,6842.20275,True,True
2026-06-04 00:00:00+00:00,7584.31,6847.72215,True,True
2026-06-05 00:00:00+00:00,7383.74,6853.3979500000005,True,True
2026-06-08 00:00:00+00:00,7405.73,6858.2598,True,True
2026-06-09 00:00:00+00:00,7386.65,6863.30955,True,True
2026-06-10 00:00:00+00:00,7266.99,6868.391950000001,True,True
2026-06-11 00:00:00+00:00,7394.3,6872.39235,True,True
2026-06-12 00:00:00+00:00,7431.46,6877.1672499999995,True,True
2026-06-15 00:00:00+00:00,7554.29,6881.994850000001,True,True
2026-06-16 00:00:00+00:00,7511.35,6887.359299999999,True,True
2026-06-17 00:00:00+00:00,7420.1,6892.40675,True,True
2026-06-18 00:00:00+00:00,7500.58,6897.2059500000005,True,True
2026-06-22 00:00:00+00:00,7472.79,6902.63115,True,True
2026-06-23 00:00:00+00:00,7365.46,6907.7538,True,True
2026-06-24 00:00:00+00:00,7358.22,6912.070699999999,True,True
2026-06-25 00:00:00+00:00,7357.49,6916.454299999999,True,True
2026-06-26 00:00:00+00:00,7354.02,6920.766,True,True
2026-06-29 00:00:00+00:00,7440.43,6924.97305,True,True
2026-06-30 00:00:00+00:00,7499.36,6929.515,True,True
2026-07-01 00:00:00+00:00,7483.23,6934.074449999999,True,True
2026-07-02 00:00:00+00:00,7483.24,6938.569149999999,True,True
2026-07-06 00:00:00+00:00,7537.43,6942.90895,True,True
2026-07-07 00:00:00+00:00,7503.85,6947.562300000001,True,True
2026-07-08 00:00:00+00:00,7482.71,6952.0797999999995,True,True
2026-07-09 00:00:00+00:00,7543.64,6956.333549999999,True,True
2026-07-10 00:00:00+00:00,7575.39,6960.72995,True,True
2026-07-13 00:00:00+00:00,7515.34,6965.13815,True,True
2026-07-14 00:00:00+00:00,7543.59,6969.43025,True,True
2026-07-15 00:00:00+00:00,7572.4,6973.958350000001,True,True
2026-07-16 00:00:00+00:00,7533.77,6978.79675,True,True
2026-07-17 00:00:00+00:00,7457.69,6983.2471,True,True
2026-07-20 00:00:00+00:00,7443.28,6987.2294999999995,True,True
2026-07-21 00:00:00+00:00,7509.2,6991.0036,True,True
2026-07-22 00:00:00+00:00,7498.96,6994.9936,True,True
2026-07-23 00:00:00+00:00,7408.3,6998.911649999999,True,True
2026-07-24 00:00:00+00:00,7411.98,7002.3742,True,True
2026-07-27 00:00:00+00:00,7413.18,7005.7327000000005,True,True
