date,real_yield,mean,std,z,risk_off_signal_close,risk_off_actionable
2004-01-06 00:00:00+00:00,1.97,2.058531746031746,0.2015434146583768,-0.4392688601699565,False,False
2004-01-07 00:00:00+00:00,1.94,2.0567063492063493,0.20024453446979532,-0.5828191491735982,False,False
2004-01-08 00:00:00+00:00,1.99,2.0547619047619046,0.19898032610395724,-0.32546888443669414,False,False
2004-01-09 00:00:00+00:00,1.89,2.052896825396825,0.19736294672224014,-0.8253668082189664,False,False
2004-01-12 00:00:00+00:00,1.89,2.0507936507936506,0.19625620775667968,-0.8193047885293097,False,False
2004-01-13 00:00:00+00:00,1.83,2.049206349206349,0.1959311334198636,-1.1187928400159284,False,False
2004-01-14 00:00:00+00:00,1.85,2.0469047619047616,0.19508079554375157,-1.0093497996864629,False,False
2004-01-15 00:00:00+00:00,1.82,2.0446825396825394,0.19411536598490262,-1.157469108859801,False,False
2004-01-16 00:00:00+00:00,1.83,2.0424603174603173,0.19346571397218532,-1.0981807220418538,False,False
2004-01-20 00:00:00+00:00,1.84,2.0404365079365077,0.19300777170041877,-1.0384893114439946,False,False
2004-01-21 00:00:00+00:00,1.79,2.0386111111111114,0.1927181734503611,-1.2900242185781545,False,False
2004-01-22 00:00:00+00:00,1.76,2.036547619047619,0.19258460580408535,-1.4359798795597845,False,False
2004-01-23 00:00:00+00:00,1.82,2.0346031746031747,0.1928942934254328,-1.1125428896429945,False,False
2004-01-26 00:00:00+00:00,1.89,2.03297619047619,0.19296871179970335,-0.7409293928675641,False,False
2004-01-27 00:00:00+00:00,1.84,2.031626984126984,0.1927741793114292,-0.9940490205247253,False,False
2004-01-28 00:00:00+00:00,1.92,2.0301984126984127,0.19285535400188308,-0.5714044770431252,False,False
2004-01-29 00:00:00+00:00,1.91,2.0293253968253966,0.19285427189742266,-0.6187334905853924,False,False
2004-01-30 00:00:00+00:00,1.85,2.0283333333333333,0.1928224003783002,-0.9248579676607037,False,False
2004-02-02 00:00:00+00:00,1.84,2.026984126984127,0.1928761956247508,-0.9694515509208441,False,False
2004-02-03 00:00:00+00:00,1.81,2.025515873015873,0.19288574881945342,-1.1173239823829695,False,False
2004-02-04 00:00:00+00:00,1.82,2.023968253968254,0.19304471486259744,-1.0565855382957854,False,False
2004-02-05 00:00:00+00:00,1.85,2.0225,0.19318390181461503,-0.8929315454324759,False,False
2004-02-06 00:00:00+00:00,1.79,2.0211111111111113,0.19316084259267247,-1.1964697813959444,False,False
2004-02-09 00:00:00+00:00,1.76,2.0198015873015875,0.193605855820089,-1.3419097588815283,False,False
2004-02-10 00:00:00+00:00,1.79,2.0183730158730158,0.19419086327762639,-1.1760234854433937,False,False
2004-02-11 00:00:00+00:00,1.75,2.01718253968254,0.1946689866292969,-1.3724966894255672,False,False
2004-02-12 00:00:00+00:00,1.77,2.0159126984126985,0.19536552807295227,-1.2587312656349035,False,False
2004-02-13 00:00:00+00:00,1.74,2.014761904761905,0.19595801764262982,-1.4021467866805555,False,False
2004-02-17 00:00:00+00:00,1.75,2.013531746031746,0.1967075280151113,-1.3397135772633029,False,False
2004-02-18 00:00:00+00:00,1.75,2.0123809523809526,0.1973991388890772,-1.3291899542094259,False,False
2004-02-19 00:00:00+00:00,1.76,2.011349206349206,0.19808989538276336,-1.2688643500140753,False,False
2004-02-20 00:00:00+00:00,1.79,2.0102777777777776,0.1987178078421958,-1.1084954094939634,False,False
2004-02-23 00:00:00+00:00,1.76,2.009246031746032,0.19918516027013583,-1.2513283188767852,False,False
2004-02-24 00:00:00+00:00,1.74,2.0083333333333333,0.19979970049708576,-1.3430116895357767,False,False
2004-02-25 00:00:00+00:00,1.71,2.00765873015873,0.20041906942608081,-1.4851816796231236,False,False
2004-02-26 00:00:00+00:00,1.69,2.0067857142857144,0.20123618389210216,-1.574198576810456,False,False
2004-02-27 00:00:00+00:00,1.61,2.0060714285714285,0.20204148043872436,-1.9603470916535377,False,False
2004-03-01 00:00:00+00:00,1.55,2.00515873015873,0.20331019272361486,-2.2387403408617326,False,False
2004-03-02 00:00:00+00:00,1.58,2.0040079365079366,0.20506195725015147,-2.0677064736619903,False,False
2004-03-03 00:00:00+00:00,1.59,2.0030555555555556,0.2064724326082788,-2.000536102266049,False,False
2004-03-04 00:00:00+00:00,1.6,2.0023412698412697,0.20759022087747492,-1.9381513644553698,False,False
2004-03-05 00:00:00+00:00,1.46,2.001666666666667,0.20862192494970697,-2.5964033588379936,False,False
2004-03-08 00:00:00+00:00,1.43,2.000436507936508,0.2108950002536335,-2.7048365644063206,False,False
2004-03-09 00:00:00+00:00,1.4,1.9991666666666668,0.21335794699475524,-2.8082697415596876,False,False
2004-03-10 00:00:00+00:00,1.45,1.9978174603174605,0.21606126107783477,-2.535472844991461,False,False
2004-03-11 00:00:00+00:00,1.5,1.9967460317460317,0.21810421634479585,-2.2775627178189786,False,False
2004-03-12 00:00:00+00:00,1.52,1.9959920634920636,0.21949282343246343,-2.168599665576416,False,False
2004-03-15 00:00:00+00:00,1.47,1.9953571428571428,0.22063894771227754,-2.38107164806746,False,False
2004-03-16 00:00:00+00:00,1.4,1.9945238095238096,0.2222256386887189,-2.6753160122832855,False,False
2004-03-17 00:00:00+00:00,1.36,1.9932142857142858,0.2247486105906686,-2.8174335941393194,False,False
2004-03-18 00:00:00+00:00,1.37,1.991111111111111,0.22817209630763768,-2.7221168633770416,False,False
2004-03-19 00:00:00+00:00,1.44,1.988730158730159,0.2314994742474962,-2.370330042924898,False,False
2004-03-22 00:00:00+00:00,1.42,1.9861904761904763,0.23399137499975153,-2.4197066075237927,False,False
2004-03-23 00:00:00+00:00,1.41,1.9832936507936507,0.23646101124710828,-2.4244743256829904,False,False
2004-03-24 00:00:00+00:00,1.38,1.9801587301587302,0.23880173685522954,-2.5132092339955165,False,False
2004-03-25 00:00:00+00:00,1.4,1.976547619047619,0.2409683025275186,-2.3926284619188753,False,False
2004-03-26 00:00:00+00:00,1.47,1.973452380952381,0.24334239996311055,-2.068905299810891,False,False
2004-03-29 00:00:00+00:00,1.5,1.9706746031746032,0.24507893937208527,-1.920502040609914,False,False
2004-03-30 00:00:00+00:00,1.52,1.9680952380952381,0.24659987199847483,-1.8170943661236347,False,False
2004-03-31 00:00:00+00:00,1.48,1.9657936507936509,0.24806615611189792,-1.9583229667755186,False,False
2004-04-01 00:00:00+00:00,1.48,1.9633730158730158,0.2498193206582212,-1.9348904424182642,False,False
2004-04-02 00:00:00+00:00,1.69,1.9611904761904764,0.2516308785352895,-1.0777313093251544,False,False
2004-04-05 00:00:00+00:00,1.75,1.9598809523809526,0.25218168708508815,-0.8322608782854921,False,False
2004-04-06 00:00:00+00:00,1.73,1.958452380952381,0.2523475156202786,-0.9053086193095167,False,False
2004-04-07 00:00:00+00:00,1.82,1.956904761904762,0.25254864794496024,-0.5420926345034265,False,False
2004-04-08 00:00:00+00:00,1.8,1.9555555555555553,0.2523674534535669,-0.6163851694298444,False,False
2004-04-12 00:00:00+00:00,1.81,1.9539285714285715,0.2520419454931873,-0.5710500732206965,False,False
2004-04-13 00:00:00+00:00,1.88,1.9524603174603175,0.2517973209732406,-0.28777239241563723,False,False
2004-04-14 00:00:00+00:00,1.91,1.951468253968254,0.2515874440747444,-0.1648264050726402,False,False
2004-04-15 00:00:00+00:00,1.93,1.9504761904761905,0.2512545641467098,-0.08149579509423081,False,False
2004-04-16 00:00:00+00:00,1.87,1.9492857142857143,0.2506348229126587,-0.316339578691919,False,False
2004-04-19 00:00:00+00:00,1.87,1.9478968253968254,0.25009787181799376,-0.3114653668605143,False,False
2004-04-20 00:00:00+00:00,1.97,1.9466666666666668,0.24971378037976535,0.09344031113480326,False,False
2004-04-21 00:00:00+00:00,1.96,1.9457539682539682,0.24920396569487946,0.05716615185600357,False,False
2004-04-22 00:00:00+00:00,1.98,1.9447222222222222,0.24860151121164822,0.14190492087453088,False,False
2004-04-23 00:00:00+00:00,2.12,1.9436507936507936,0.24786130029239023,0.711483422951367,False,False
2004-04-26 00:00:00+00:00,2.03,1.9430555555555555,0.24725381915058578,0.35164045086596707,False,False
2004-04-27 00:00:00+00:00,2.0,1.9421428571428572,0.24650257069477952,0.23471212772373792,False,False
2004-04-28 00:00:00+00:00,2.1,1.9412698412698415,0.24590343755379143,0.6454979251578634,False,False
2004-04-29 00:00:00+00:00,2.15,1.940952380952381,0.24564551459151432,0.8510133775299976,False,False
2004-04-30 00:00:00+00:00,2.11,1.9409126984126985,0.2456107930665448,0.6884359578672485,False,False
2004-05-03 00:00:00+00:00,2.09,1.9404761904761905,0.2452102346799662,0.609778012402129,False,False
2004-05-04 00:00:00+00:00,2.1,1.9401984126984126,0.24500012260640114,0.6522510503323817,False,False
2004-05-05 00:00:00+00:00,2.1,1.940079365079365,0.2449148027546724,0.652964349732773,False,False
2004-05-06 00:00:00+00:00,2.15,1.9397222222222221,0.24461434445300506,0.8596297909183982,False,False
2004-05-07 00:00:00+00:00,2.24,1.939563492063492,0.2444642241901099,1.2289589977095006,False,False
2004-05-10 00:00:00+00:00,2.25,1.9398412698412697,0.24476668824917455,1.267160708743937,False,False
2004-05-11 00:00:00+00:00,2.21,1.9407539682539683,0.2454945147189616,1.096749685239446,False,False
2004-05-12 00:00:00+00:00,2.17,1.9415873015873018,0.2460522171070341,0.9283098567380004,False,False
2004-05-13 00:00:00+00:00,2.18,1.9422619047619047,0.24644573612405596,0.9646671067517383,False,False
2004-05-14 00:00:00+00:00,2.16,1.9431349206349207,0.24689807414140472,0.87835873211743,False,False
2004-05-17 00:00:00+00:00,2.07,1.9440079365079366,0.24727560944904015,0.5095207884545863,False,False
2004-05-18 00:00:00+00:00,2.05,1.9448015873015874,0.24735807294780252,0.425287969964948,False,False
2004-05-19 00:00:00+00:00,2.03,1.9455555555555557,0.247388126933163,0.3413439662254224,False,False
2004-05-20 00:00:00+00:00,1.96,1.9463095238095236,0.24735467267105044,0.05534755435440234,False,False
2004-05-21 00:00:00+00:00,2.04,1.9467460317460317,0.24728108549412803,0.37711727149540836,False,False
2004-05-24 00:00:00+00:00,2.01,1.9479761904761905,0.2469694228952049,0.2511396301481721,False,False
2004-05-25 00:00:00+00:00,2.03,1.9490873015873014,0.24661444721499912,0.328093910662738,False,False
2004-05-26 00:00:00+00:00,1.99,1.950357142857143,0.24620196950758474,0.16101762801550543,False,False
2004-05-27 00:00:00+00:00,1.97,1.9514285714285715,0.2457826406225979,0.07556037531529783,False,False
2004-05-28 00:00:00+00:00,2.0,1.9521031746031747,0.24559858835796977,0.1950207683075675,False,False
2004-06-01 00:00:00+00:00,1.97,1.9527777777777777,0.2454953164941034,0.07015295635033393,False,False
2004-06-02 00:00:00+00:00,2.04,1.9536111111111112,0.2451945636822281,0.3523279129501776,False,False
2004-06-03 00:00:00+00:00,2.05,1.9546825396825396,0.2449788559310481,0.38908443732910714,False,False
2004-06-04 00:00:00+00:00,2.11,1.9555555555555555,0.24492475649373377,0.6305791486962068,False,False
2004-06-07 00:00:00+00:00,2.11,1.9569444444444446,0.24480374465131782,0.6252173788172948,False,False
2004-06-08 00:00:00+00:00,2.15,1.958452380952381,0.2445704945553683,0.7832000315322354,False,False
2004-06-09 00:00:00+00:00,2.2,1.9600396825396826,0.24451023983294792,0.9813916898705799,False,False
2004-06-10 00:00:00+00:00,2.18,1.9617857142857142,0.24464704577464375,0.8919555313792494,False,False
2004-06-14 00:00:00+00:00,2.26,1.9637698412698412,0.2443800078774323,1.2121701824264262,False,False
2004-06-15 00:00:00+00:00,2.16,1.9663492063492063,0.24406126581961174,0.7934515663535204,False,False
2004-06-16 00:00:00+00:00,2.18,1.9684920634920635,0.243377847860464,0.8690517167741603,False,False
2004-06-17 00:00:00+00:00,2.16,1.9709126984126986,0.24243034140906836,0.7799654964319931,False,False
2004-06-18 00:00:00+00:00,2.15,1.9734920634920634,0.24096028821058837,0.7325187806618016,False,False
2004-06-21 00:00:00+00:00,2.16,1.9757142857142858,0.23998980247734125,0.7678897702460246,False,False
2004-06-22 00:00:00+00:00,2.17,1.9775396825396825,0.2396334734678637,0.8031445468578392,False,False
2004-06-23 00:00:00+00:00,2.18,1.9790476190476192,0.23964425351199317,0.8385445426185618,False,False
2004-06-24 00:00:00+00:00,2.15,1.980793650793651,0.23949849054112887,0.706502779303702,False,False
2004-06-25 00:00:00+00:00,2.16,1.9823015873015872,0.23936224260463776,0.7423828034228567,False,False
2004-06-28 00:00:00+00:00,2.23,1.9840873015873017,0.23900099250794177,1.0289191514739289,False,False
2004-06-29 00:00:00+00:00,2.2,1.9862698412698412,0.23872414568335074,0.8953018058493993,False,False
2004-06-30 00:00:00+00:00,2.1,1.988214285714286,0.23846033713124448,0.4687811634862749,False,False
2004-07-01 00:00:00+00:00,2.04,1.9892063492063492,0.2384030641484786,0.21305787731828943,False,False
2004-07-02 00:00:00+00:00,1.96,1.9897619047619048,0.23835747463481352,-0.12486247728334497,False,False
2004-07-06 00:00:00+00:00,1.97,1.9899999999999998,0.23829741368826896,-0.08392873296628803,False,False
2004-07-07 00:00:00+00:00,2.0,1.990198412698413,0.23825971031465534,0.041138249050343925,False,False
2004-07-08 00:00:00+00:00,2.02,1.990357142857143,0.23825283581413584,0.12441764666331974,False,False
2004-07-09 00:00:00+00:00,2.02,1.9900793650793651,0.23817699412134455,0.1256235306479314,False,False
2004-07-12 00:00:00+00:00,2.02,1.9896031746031746,0.23799595159987408,0.12771992629492065,False,False
2004-07-13 00:00:00+00:00,2.03,1.9892063492063494,0.237860996518358,0.17150205956739087,False,False
2004-07-14 00:00:00+00:00,2.02,1.9893253968253968,0.23787392721533382,0.12895319606354025,False,False
2004-07-15 00:00:00+00:00,2.01,1.9896428571428573,0.2378612191808716,0.08558411887085629,False,False
2004-07-16 00:00:00+00:00,1.94,1.9901587301587302,0.23776343034189024,-0.21096065987357646,False,False
2004-07-19 00:00:00+00:00,1.96,1.9902380952380954,0.2377432552889804,-0.12718802559231618,False,False
2004-07-20 00:00:00+00:00,2.05,1.9898412698412697,0.2377098037523374,0.253076352801198,False,False
2004-07-21 00:00:00+00:00,2.05,1.9897222222222224,0.23767198055483707,0.2536175178793101,False,False
2004-07-22 00:00:00+00:00,2.03,1.9897222222222224,0.23767198055483707,0.16946792669354765,False,False
2004-07-23 00:00:00+00:00,2.0,1.9896825396825395,0.23766438725400818,0.04341189034112009,False,False
2004-07-26 00:00:00+00:00,2.05,1.9888492063492063,0.23725661691570163,0.25774115152506255,False,False
2004-07-27 00:00:00+00:00,2.15,1.9882936507936508,0.23694743873793458,0.6824566244212387,False,False
2004-07-28 00:00:00+00:00,2.11,1.9884523809523809,0.2370426729495966,0.5127668260535697,False,False
2004-07-29 00:00:00+00:00,2.07,1.988174603174603,0.2368582570528309,0.3454614495754976,False,False
2004-07-30 00:00:00+00:00,2.01,1.9878968253968254,0.23672049951425883,0.09337245675186219,False,False
2004-08-02 00:00:00+00:00,2.0,1.9868650793650793,0.2360517146787597,0.05564425004408842,False,False
2004-08-03 00:00:00+00:00,1.98,1.9853571428571428,0.23474040809328986,-0.02282156234053158,False,False
2004-08-04 00:00:00+00:00,2.0,1.9840079365079364,0.2337844887663785,0.06840515201179376,False,False
2004-08-05 00:00:00+00:00,1.96,1.9823809523809524,0.2322295490682527,-0.09637426619803059,False,False
2004-08-06 00:00:00+00:00,1.82,1.9806349206349205,0.23072636396968382,-0.6962139821005762,False,False
2004-08-09 00:00:00+00:00,1.85,1.9785714285714286,0.22982312369386437,-0.5594364331358231,False,False
2004-08-10 00:00:00+00:00,1.9,1.9762698412698412,0.22818261410906848,-0.3342491344821969,False,False
2004-08-11 00:00:00+00:00,1.86,1.9745238095238098,0.22706899856241697,-0.5043568705938044,False,False
2004-08-12 00:00:00+00:00,1.81,1.9728174603174602,0.22630321656879057,-0.719465957161805,False,False
2004-08-13 00:00:00+00:00,1.77,1.9709920634920635,0.2257510879743916,-0.8903260015068599,False,False
2004-08-16 00:00:00+00:00,1.82,1.9688492063492065,0.2250822449935131,-0.6613102972804286,False,False
2004-08-17 00:00:00+00:00,1.82,1.966984126984127,0.22435660942628535,-0.6551361573879557,False,False
2004-08-18 00:00:00+00:00,1.83,1.9646428571428574,0.22278809056004298,-0.6043539257614404,False,False
2004-08-19 00:00:00+00:00,1.76,1.9624603174603172,0.22139250180005038,-0.914485882828897,False,False
2004-08-20 00:00:00+00:00,1.79,1.960079365079365,0.2203239050991994,-0.7719514820817465,False,False
2004-08-23 00:00:00+00:00,1.86,1.9579365079365079,0.2193355320826338,-0.44651455697388137,False,False
2004-08-24 00:00:00+00:00,1.87,1.9564285714285716,0.21869392931279505,-0.3952033405781185,False,False
2004-08-25 00:00:00+00:00,1.88,1.9548809523809523,0.21791566434567494,-0.3436235417302096,False,False
2004-08-26 00:00:00+00:00,1.86,1.9532539682539685,0.21693199171172273,-0.4298765134553874,False,False
2004-08-27 00:00:00+00:00,1.86,1.9516666666666667,0.21614054008382855,-0.4241067715992303,False,False
2004-08-30 00:00:00+00:00,1.83,1.9498809523809524,0.2150242868573957,-0.5575228460609079,False,False
2004-08-31 00:00:00+00:00,1.78,1.9480952380952379,0.21413855694586958,-0.7849835195150275,False,False
2004-09-01 00:00:00+00:00,1.77,1.9457936507936506,0.2128065285768867,-0.826072639637729,False,False
2004-09-02 00:00:00+00:00,1.83,1.9437301587301588,0.21197509485742738,-0.5365260423949927,False,False
2004-09-03 00:00:00+00:00,1.88,1.941904761904762,0.2109595391266976,-0.2934437672789165,False,False
2004-09-07 00:00:00+00:00,1.86,1.9397222222222221,0.208722929208825,-0.3819523926978853,False,False
2004-09-08 00:00:00+00:00,1.82,1.937579365079365,0.2067412052470567,-0.5687272884902502,False,False
2004-09-09 00:00:00+00:00,1.83,1.9355952380952381,0.20545170053356657,-0.5139662403426346,False,False
2004-09-10 00:00:00+00:00,1.83,1.9342460317460317,0.2050221710489878,-0.5084622370969001,False,False
2004-09-13 00:00:00+00:00,1.81,1.9326190476190475,0.2042113527888552,-0.6004516690403088,False,False
2004-09-14 00:00:00+00:00,1.81,1.931031746031746,0.2036003794839854,-0.59445736957119,False,False
2004-09-15 00:00:00+00:00,1.86,1.929563492063492,0.20313138236741737,-0.3424556622061865,False,False
2004-09-16 00:00:00+00:00,1.81,1.9281349206349205,0.20234505077343407,-0.5838290592399824,False,False
2004-09-17 00:00:00+00:00,1.85,1.9266666666666667,0.20185198316481734,-0.37981626667530116,False,False
2004-09-20 00:00:00+00:00,1.8,1.9253571428571428,0.20127153426787708,-0.6228259913312029,False,False
2004-09-21 00:00:00+00:00,1.8,1.923531746031746,0.20030809681470402,-0.6167087002280274,False,False
2004-09-22 00:00:00+00:00,1.73,1.9219444444444445,0.1996924649720724,-0.9612002359292249,False,False
2004-09-23 00:00:00+00:00,1.76,1.9201587301587302,0.19938744491670712,-0.8032538368984842,False,False
2004-09-24 00:00:00+00:00,1.78,1.9185317460317461,0.1990130703632936,-0.6960937077090451,False,False
2004-09-27 00:00:00+00:00,1.72,1.9168253968253968,0.19834635405063666,-0.992331811529787,False,False
2004-09-28 00:00:00+00:00,1.7,1.9149603174603174,0.19797681464291156,-1.0857853120227174,False,False
2004-09-29 00:00:00+00:00,1.76,1.9132539682539682,0.1979690883556055,-0.7741307975247278,False,False
2004-09-30 00:00:00+00:00,1.77,1.9120238095238096,0.19795435766282232,-0.7174573533042408,False,False
2004-10-01 00:00:00+00:00,1.83,1.9111507936507934,0.1980941692222304,-0.40965765912955765,False,False
2004-10-04 00:00:00+00:00,1.86,1.9103571428571429,0.19801673897153166,-0.2543075051063359,False,False
2004-10-05 00:00:00+00:00,1.84,1.91,0.1980261160288764,-0.35348872867754655,False,False
2004-10-06 00:00:00+00:00,1.9,1.9095238095238094,0.1980496824579243,-0.0480879817913004,False,False
2004-10-07 00:00:00+00:00,1.89,1.9090873015873016,0.19794854334953682,-0.09642557234481572,False,False
2004-10-08 00:00:00+00:00,1.78,1.9080158730158732,0.1973147215709896,-0.648790277768584,False,False
2004-10-12 00:00:00+00:00,1.75,1.9067063492063492,0.1970637677633933,-0.7952062978644574,False,False
2004-10-13 00:00:00+00:00,1.72,1.9050396825396825,0.1966036278068923,-0.941181424797674,False,False
2004-10-14 00:00:00+00:00,1.68,1.9032142857142857,0.1961755497735887,-1.1378292859222428,False,False
2004-10-15 00:00:00+00:00,1.7,1.9011507936507936,0.19577577089488643,-1.027454994718387,False,False
2004-10-18 00:00:00+00:00,1.71,1.899404761904762,0.19559909721116686,-0.9683314729223037,False,False
2004-10-19 00:00:00+00:00,1.7,1.8975396825396826,0.1951531690114141,-1.0122289253121428,False,False
2004-10-20 00:00:00+00:00,1.66,1.8955555555555557,0.19460678734864356,-1.210417985748623,False,False
2004-10-21 00:00:00+00:00,1.62,1.8933730158730158,0.19414982648853837,-1.4080518165652558,False,False
2004-10-22 00:00:00+00:00,1.64,1.8913095238095239,0.19428147175554686,-1.293533148265071,False,False
2004-10-25 00:00:00+00:00,1.63,1.8893650793650794,0.19433509496294424,-1.3346281041750854,False,False
2004-10-26 00:00:00+00:00,1.63,1.8874206349206348,0.19446958623628002,-1.3237063949314396,False,False
2004-10-27 00:00:00+00:00,1.73,1.8856746031746032,0.19479875525691287,-0.7991560468098976,False,False
2004-10-28 00:00:00+00:00,1.68,1.884484126984127,0.19482991802646454,-1.0495519838814036,False,False
2004-10-29 00:00:00+00:00,1.63,1.8835317460317462,0.1952417721333828,-1.2985527802858792,False,False
2004-11-01 00:00:00+00:00,1.67,1.8822222222222222,0.19583263400174628,-1.083691813185385,False,False
2004-11-02 00:00:00+00:00,1.61,1.8812698412698412,0.1962800833469859,-1.3820548506202106,False,False
2004-11-03 00:00:00+00:00,1.61,1.8798015873015872,0.19692142627190268,-1.3700976699663645,False,False
2004-11-04 00:00:00+00:00,1.65,1.8783730158730159,0.19756922168345264,-1.1559139319732576,False,False
2004-11-05 00:00:00+00:00,1.71,1.8772619047619048,0.19806444597178552,-0.8444822287071727,False,False
2004-11-08 00:00:00+00:00,1.72,1.8762301587301586,0.19825653077564367,-0.7880202388235875,False,False
2004-11-09 00:00:00+00:00,1.74,1.8753968253968252,0.19847085064466952,-0.682200055862267,False,False
2004-11-10 00:00:00+00:00,1.75,1.8742857142857143,0.198441853040464,-0.6263079707302038,False,False
2004-11-12 00:00:00+00:00,1.71,1.8729761904761906,0.19816758026754772,-0.822416008996805,False,False
2004-11-15 00:00:00+00:00,1.67,1.8714285714285712,0.19791025486623454,-1.0177773332903581,False,False
2004-11-16 00:00:00+00:00,1.68,1.8697619047619047,0.19783072278499175,-0.9592135240194397,False,False
2004-11-17 00:00:00+00:00,1.63,1.8683333333333334,0.19789630670422134,-1.204334417870415,False,False
2004-11-18 00:00:00+00:00,1.64,1.8671031746031745,0.1984118751010552,-1.1446047495267426,False,False
2004-11-19 00:00:00+00:00,1.67,1.8661904761904762,0.1989268305005621,-0.9862444180948325,False,False
2004-11-22 00:00:00+00:00,1.62,1.865595238095238,0.19928968199019179,-1.2323530031390444,False,False
2004-11-23 00:00:00+00:00,1.65,1.8647619047619048,0.1998773101198328,-1.074468655962742,False,False
2004-11-24 00:00:00+00:00,1.64,1.8637301587301587,0.2003134361752232,-1.1169004086897691,False,False
2004-11-26 00:00:00+00:00,1.66,1.8626190476190476,0.20077609804977598,-1.009179128328387,False,False
2004-11-29 00:00:00+00:00,1.74,1.861547619047619,0.2011351890079322,-0.6043080758127586,False,False
2004-11-30 00:00:00+00:00,1.75,1.8605555555555555,0.20111563562616294,-0.5497113897253518,False,False
2004-12-01 00:00:00+00:00,1.79,1.8598809523809523,0.20120054442762758,-0.3473198970696058,False,False
2004-12-02 00:00:00+00:00,1.83,1.8592063492063493,0.20114850780108356,-0.14519794119095078,False,False
2004-12-03 00:00:00+00:00,1.73,1.8584126984126983,0.20086630188393997,-0.6392943824240606,False,False
2004-12-06 00:00:00+00:00,1.7,1.8570238095238096,0.20053780139767585,-0.7830135187950131,False,False
2004-12-07 00:00:00+00:00,1.69,1.8556349206349207,0.20040793469729443,-0.8264888358093385,False,False
2004-12-08 00:00:00+00:00,1.62,1.8540873015873016,0.20017412817618527,-1.1694183645014666,False,False
2004-12-09 00:00:00+00:00,1.64,1.852420634920635,0.20036841975782652,-1.0601502730688563,False,False
2004-12-10 00:00:00+00:00,1.66,1.8513095238095236,0.20076812513020623,-0.9528879332087788,False,False
2004-12-13 00:00:00+00:00,1.65,1.8501190476190477,0.20101036056400015,-0.9955658357984557,False,False
2004-12-14 00:00:00+00:00,1.62,1.8487301587301588,0.20117972431948863,-1.1369443889231992,False,False
2004-12-15 00:00:00+00:00,1.57,1.84734126984127,0.2015469916515732,-1.376062562723471,False,False
2004-12-16 00:00:00+00:00,1.64,1.846031746031746,0.20227423838460154,-1.0185763035231408,False,False
2004-12-17 00:00:00+00:00,1.64,1.8449603174603175,0.20264879048137463,-1.0114065668660157,False,False
2004-12-20 00:00:00+00:00,1.62,1.843611111111111,0.20287783980518767,-1.1021958402447123,False,False
2004-12-21 00:00:00+00:00,1.59,1.842142857142857,0.2031528662860811,-1.2411484108119248,False,False
2004-12-22 00:00:00+00:00,1.63,1.8406746031746033,0.20363416652109786,-1.034573945884352,False,False
2004-12-23 00:00:00+00:00,1.62,1.8394444444444444,0.2039678341782628,-1.0758777006606608,False,False
2004-12-27 00:00:00+00:00,1.67,1.8381349206349205,0.20431425888873384,-0.8229230869612679,False,False
2004-12-28 00:00:00+00:00,1.69,1.836904761904762,0.2043899260961372,-0.7187475660403326,False,False
2004-12-29 00:00:00+00:00,1.73,1.8355555555555556,0.20423233217799125,-0.5168405728411432,False,False
2004-12-30 00:00:00+00:00,1.7,1.834642857142857,0.20418790519045704,-0.6594066236061751,False,False
2004-12-31 00:00:00+00:00,1.68,1.833690476190476,0.20425423437356988,-0.7524469525042233,False,False
2005-01-03 00:00:00+00:00,1.7,1.8324603174603173,0.204242596584698,-0.6485440337877167,False,False
2005-01-04 00:00:00+00:00,1.78,1.831230158730159,0.20410253117061902,-0.251002074478602,False,False
2005-01-05 00:00:00+00:00,1.79,1.8303571428571428,0.20384811798920388,-0.19797652907092395,False,False
2005-01-06 00:00:00+00:00,1.76,1.8292857142857144,0.2033452447441185,-0.34072945434696916,False,False
2005-01-07 00:00:00+00:00,1.8,1.8280952380952382,0.2028667620988831,-0.13849108550144723,False,False
2005-01-10 00:00:00+00:00,1.77,1.8274206349206348,0.20267556368328232,-0.2833130638795954,False,False
2005-01-11 00:00:00+00:00,1.76,1.8267460317460316,0.2025822517134454,-0.32947620623964863,False,False
2005-01-12 00:00:00+00:00,1.73,1.8258333333333334,0.20236180174326576,-0.4735742245214645,False,False
2005-01-13 00:00:00+00:00,1.7,1.8251984126984127,0.20241067164917556,-0.618536620022735,False,False
2005-01-14 00:00:00+00:00,1.72,1.8244444444444443,0.20252216663116382,-0.5157185812388627,False,False
2005-01-18 00:00:00+00:00,1.71,1.8240079365079367,0.20262866144440883,-0.5626446707748439,False,False
2005-01-19 00:00:00+00:00,1.7,1.8234523809523808,0.20274900020947545,-0.6088926743156948,False,False
2005-01-20 00:00:00+00:00,1.7,1.8229761904761905,0.20289800645761272,-0.6060985646100049,False,False
2005-01-21 00:00:00+00:00,1.69,1.8224603174603173,0.20304528770023023,-0.6523683408790935,False,False
2005-01-24 00:00:00+00:00,1.68,1.8218650793650792,0.2032134611869089,-0.6981086712291987,False,False
2005-01-25 00:00:00+00:00,1.74,1.8214285714285714,0.20340023655889372,-0.4003366604000684,False,False
2005-01-26 00:00:00+00:00,1.72,1.8213492063492065,0.20342820096430755,-0.49820627557429326,False,False
2005-01-27 00:00:00+00:00,1.72,1.8209523809523809,0.20352835318961662,-0.4960113879481396,False,False
2005-01-28 00:00:00+00:00,1.65,1.8202777777777777,0.2035803095891459,-0.8364157521983466,False,False
2005-01-31 00:00:00+00:00,1.65,1.8195238095238095,0.20385862276652975,-0.831575369357605,False,False
2005-02-01 00:00:00+00:00,1.67,1.818452380952381,0.20403788833152162,-0.7275726198027248,False,False
2005-02-02 00:00:00+00:00,1.7,1.8175000000000001,0.20416895003737096,-0.5755037677300737,False,False
2005-02-03 00:00:00+00:00,1.73,1.816904761904762,0.20429244051636922,-0.42539391905594603,False,False
2005-02-04 00:00:00+00:00,1.65,1.8164682539682537,0.2043604029331,-0.8145817466544599,False,False
2005-02-07 00:00:00+00:00,1.62,1.8158333333333334,0.20462895193038405,-0.9570167441406675,False,False
2005-02-08 00:00:00+00:00,1.57,1.8150396825396824,0.20500023907453346,-1.1953141305878743,False,False
2005-02-09 00:00:00+00:00,1.49,1.8139285714285716,0.20556801798206473,-1.5757731898589082,False,False
2005-02-10 00:00:00+00:00,1.57,1.8127380952380951,0.20657335899519222,-1.1750697012374407,False,False
2005-02-11 00:00:00+00:00,1.57,1.811984126984127,0.20711264845352623,-1.1683696229611273,False,False
2005-02-14 00:00:00+00:00,1.54,1.8111111111111111,0.20766860752974226,-1.3054987671754028,False,False
2005-02-15 00:00:00+00:00,1.61,1.8102777777777779,0.2083350863140059,-0.9613252444473802,False,False
2005-02-16 00:00:00+00:00,1.65,1.809642857142857,0.208701810356277,-0.764932785538991,False,False
2005-02-17 00:00:00+00:00,1.65,1.8092857142857144,0.2088983762213912,-0.7625033624813959,False,False
2005-02-18 00:00:00+00:00,1.67,1.8088888888888888,0.20910632161795853,-0.6642022479963167,False,False
2005-02-22 00:00:00+00:00,1.67,1.8085714285714285,0.209256754490609,-0.6622076735766604,False,False
2005-02-23 00:00:00+00:00,1.64,1.8082142857142858,0.20941672391969227,-0.8032514431788799,False,False
2005-02-24 00:00:00+00:00,1.65,1.8076190476190475,0.20968171125338766,-0.751706225005835,False,False
2005-02-25 00:00:00+00:00,1.64,1.8071825396825396,0.20989562577106516,-0.7965032099567766,False,False
2005-02-28 00:00:00+00:00,1.7,1.8067857142857142,0.21011755795658554,-0.508218900525097,False,False
2005-03-01 00:00:00+00:00,1.69,1.8067460317460318,0.21013685301760454,-0.5555714291402815,False,False
2005-03-02 00:00:00+00:00,1.69,1.8067460317460318,0.21013685301760454,-0.5555714291402815,False,False
2005-03-03 00:00:00+00:00,1.69,1.807063492063492,0.20989873278419338,-0.5577141439145823,False,False
2005-03-04 00:00:00+00:00,1.65,1.8076190476190475,0.209400314582611,-0.7527163840857789,False,False
2005-03-07 00:00:00+00:00,1.63,1.8078968253968253,0.20914343728742624,-0.8505972155001996,False,False
2005-03-08 00:00:00+00:00,1.67,1.8080555555555555,0.2089925294822074,-0.6605765091106234,False,False
2005-03-09 00:00:00+00:00,1.77,1.8083333333333333,0.20876128688144824,-0.18362280624904434,False,False
2005-03-10 00:00:00+00:00,1.76,1.809563492063492,0.20761069129490434,-0.23873285019357998,False,False
2005-03-11 00:00:00+00:00,1.82,1.810873015873016,0.2062432704347784,0.04425348816348594,False,False
2005-03-14 00:00:00+00:00,1.82,1.8125396825396825,0.20460022824792237,0.03646289901142067,False,False
2005-03-15 00:00:00+00:00,1.82,1.8140079365079365,0.2033117440666088,0.02947229398662032,False,False
2005-03-16 00:00:00+00:00,1.79,1.8152777777777778,0.20233970642224916,-0.12492742143762546,False,False
2005-03-17 00:00:00+00:00,1.73,1.8163492063492064,0.20148296093015972,-0.4285682816580094,False,False
2005-03-18 00:00:00+00:00,1.77,1.8173809523809523,0.20036492035545903,-0.23647329231532013,False,False
2005-03-21 00:00:00+00:00,1.8,1.8188492063492065,0.19864246716229567,-0.09489011397450199,False,False
2005-03-22 00:00:00+00:00,1.87,1.820595238095238,0.1965155703236369,0.2514038038990937,False,False
2005-03-23 00:00:00+00:00,1.92,1.822579365079365,0.19446139133492263,0.5009767453162287,False,False
2005-03-24 00:00:00+00:00,1.9,1.824484126984127,0.19304472714714177,0.39118329794272766,False,False
2005-03-28 00:00:00+00:00,1.94,1.8263888888888888,0.1913988544105653,0.5935830256716507,False,False
2005-03-29 00:00:00+00:00,1.91,1.8284920634920634,0.18970964377370195,0.4296457200940429,False,False
2005-03-30 00:00:00+00:00,1.89,1.8305952380952382,0.18764434777561048,0.31658167490234956,False,False
2005-03-31 00:00:00+00:00,1.79,1.8325396825396827,0.185693216167355,-0.22908581916823495,False,False
2005-04-01 00:00:00+00:00,1.77,1.8338095238095238,0.18429301605190937,-0.3462395112767089,False,False
2005-04-04 00:00:00+00:00,1.79,1.8348809523809524,0.18312576425002852,-0.24508267618572063,False,False
2005-04-05 00:00:00+00:00,1.81,1.835952380952381,0.18206289606012108,-0.14254623821764822,False,False
2005-04-06 00:00:00+00:00,1.8,1.8372619047619048,0.1806739344090437,-0.20623840889823208,False,False
2005-04-07 00:00:00+00:00,1.85,1.838531746031746,0.17927206444887023,0.06397122721551997,False,False
2005-04-08 00:00:00+00:00,1.84,1.8391666666666666,0.17902708513282373,0.004654789149447398,False,False
2005-04-11 00:00:00+00:00,1.82,1.8395238095238096,0.17893824589838417,-0.10910920371320015,False,False
2005-04-12 00:00:00+00:00,1.73,1.8398809523809525,0.1788085449058859,-0.6145173455708577,False,False
2005-04-13 00:00:00+00:00,1.74,1.8395238095238096,0.17893824589838417,-0.5561908189282652,False,False
2005-04-14 00:00:00+00:00,1.72,1.8392857142857142,0.17903093979719534,-0.6662854723370163,False,False
2005-04-15 00:00:00+00:00,1.67,1.8389285714285715,0.17917930117417505,-0.942790658974392,False,False
2005-04-18 00:00:00+00:00,1.66,1.838095238095238,0.179475616365188,-0.9923088255780597,False,False
2005-04-19 00:00:00+00:00,1.62,1.8371031746031745,0.17976728335595574,-1.2076901344350306,False,False
2005-04-20 00:00:00+00:00,1.6,1.8358730158730159,0.18018923139187118,-1.3090294800139575,False,False
2005-04-21 00:00:00+00:00,1.66,1.8348015873015873,0.1807872346726337,-0.9668912056656819,False,False
2005-04-22 00:00:00+00:00,1.61,1.8339682539682538,0.18110805194196655,-1.2366554196056456,False,False
2005-04-25 00:00:00+00:00,1.63,1.8325396825396827,0.1814502730950638,-1.1162269369171465,False,False
2005-04-26 00:00:00+00:00,1.66,1.831230158730159,0.1817173350118236,-0.9422885203495734,False,False
2005-04-27 00:00:00+00:00,1.65,1.8299603174603176,0.18179165434732417,-0.9899261773397607,False,False
2005-04-28 00:00:00+00:00,1.58,1.8280952380952382,0.18121420612945954,-1.3690716825920302,False,False
2005-04-29 00:00:00+00:00,1.61,1.8263095238095237,0.18143373069535662,-1.192223314708369,False,False
2005-05-02 00:00:00+00:00,1.61,1.8247619047619046,0.18160951185978932,-1.1825476681403686,False,False
2005-05-03 00:00:00+00:00,1.64,1.8228174603174605,0.1812737095708366,-1.0085161314913167,False,False
2005-05-04 00:00:00+00:00,1.63,1.8207936507936506,0.1804514179009826,-1.0573131151473862,False,False
2005-05-05 00:00:00+00:00,1.62,1.818888888888889,0.17991907088267853,-1.105435282169616,False,False
2005-05-06 00:00:00+00:00,1.69,1.8170238095238094,0.17953312467938262,-0.7075229696506068,False,False
2005-05-09 00:00:00+00:00,1.69,1.8153968253968256,0.17881482684788363,-0.7012663748711381,False,False
2005-05-10 00:00:00+00:00,1.65,1.8137698412698413,0.17807870871383177,-0.9196486343182981,False,False
2005-05-11 00:00:00+00:00,1.64,1.8117857142857143,0.1771003320264254,-0.9699909216436818,False,False
2005-05-12 00:00:00+00:00,1.66,1.809404761904762,0.17534497260961,-0.8520618508829362,False,False
2005-05-13 00:00:00+00:00,1.66,1.807063492063492,0.173366330061267,-0.8482817396637539,False,False
2005-05-16 00:00:00+00:00,1.66,1.8048809523809524,0.17172776134979675,-0.8436664592968207,False,False
2005-05-17 00:00:00+00:00,1.64,1.802857142857143,0.17040779372996898,-0.9556906951991243,False,False
2005-05-18 00:00:00+00:00,1.65,1.800714285714286,0.16903606994519108,-0.8916102093662862,False,False
2005-05-19 00:00:00+00:00,1.69,1.798690476190476,0.1677655812957512,-0.6478711267889178,False,False
2005-05-20 00:00:00+00:00,1.67,1.7971825396825396,0.16702338509330417,-0.7614654655184468,False,False
2005-05-23 00:00:00+00:00,1.65,1.7956746031746031,0.16644615938478532,-0.8752055542347299,False,False
2005-05-24 00:00:00+00:00,1.62,1.7941666666666667,0.16603562474739822,-1.0489716705775565,False,False
2005-05-25 00:00:00+00:00,1.66,1.7928174603174605,0.16606411188356016,-0.7997962883792057,False,False
2005-05-26 00:00:00+00:00,1.69,1.791309523809524,0.16553508381210486,-0.6120123992839985,False,False
2005-05-27 00:00:00+00:00,1.67,1.7900396825396827,0.1650775455008462,-0.7271714767473778,False,False
2005-05-31 00:00:00+00:00,1.63,1.788611111111111,0.16454953466395136,-0.9639110279772716,False,False
2005-06-01 00:00:00+00:00,1.54,1.7871825396825394,0.164356763868667,-1.5039389548948296,False,False
2005-06-02 00:00:00+00:00,1.55,1.7854761904761904,0.1646829969082678,-1.4298755481560494,False,False
2005-06-03 00:00:00+00:00,1.61,1.7836904761904762,0.16478729326161448,-1.0540283340580574,False,False
2005-06-06 00:00:00+00:00,1.6,1.7822619047619048,0.16472614862546506,-1.1064539921728542,False,False
2005-06-07 00:00:00+00:00,1.6,1.780515873015873,0.1643147419083206,-1.098598159358043,False,False
2005-06-08 00:00:00+00:00,1.63,1.7787301587301587,0.16381888807708106,-0.9078938361501844,False,False
2005-06-09 00:00:00+00:00,1.64,1.7768253968253969,0.16273876504156015,-0.8407670833095886,False,False
2005-06-10 00:00:00+00:00,1.74,1.7749603174603172,0.16159439168178533,-0.2163461064240506,False,False
2005-06-13 00:00:00+00:00,1.76,1.7733333333333332,0.15985800472077283,-0.0834073548998863,False,False
2005-06-14 00:00:00+00:00,1.79,1.7715873015873016,0.15756570853910584,0.11685726915719503,False,False
2005-06-15 00:00:00+00:00,1.79,1.7700396825396827,0.15543922606824662,0.128412357454441,False,False
2005-06-16 00:00:00+00:00,1.75,1.768174603174603,0.15232540547534482,-0.11931432657531828,False,False
2005-06-17 00:00:00+00:00,1.72,1.7665476190476188,0.15029978580103903,-0.3096985055536723,False,False
2005-06-20 00:00:00+00:00,1.74,1.764722222222222,0.14803467553777988,-0.16700291423216407,False,False
2005-06-21 00:00:00+00:00,1.72,1.7630555555555556,0.14591580858873487,-0.2950712193009061,False,False
2005-06-22 00:00:00+00:00,1.68,1.7613492063492062,0.1438727479717031,-0.5654247068750369,False,False
2005-06-23 00:00:00+00:00,1.68,1.7594444444444444,0.1417354336652048,-0.5605122331801745,False,False
2005-06-24 00:00:00+00:00,1.65,1.7574999999999998,0.13942289991217424,-0.7710354616617263,False,False
2005-06-27 00:00:00+00:00,1.62,1.7553968253968253,0.13700060077019927,-0.9882936617477743,False,False
2005-06-28 00:00:00+00:00,1.67,1.7532936507936507,0.13497183223686124,-0.6171187677698506,False,False
2005-06-29 00:00:00+00:00,1.69,1.7513492063492062,0.1325980246264084,-0.4626705904711334,False,False
2005-06-30 00:00:00+00:00,1.67,1.7492063492063492,0.1291504769506431,-0.6132873147392188,False,False
2005-07-01 00:00:00+00:00,1.75,1.7471031746031744,0.12605862984029395,0.022979984793548895,False,False
2005-07-05 00:00:00+00:00,1.8,1.7457142857142858,0.12406738030145587,0.43755025820495425,False,False
2005-07-06 00:00:00+00:00,1.78,1.7447619047619047,0.12271311593246771,0.2871583446506871,False,False
2005-07-07 00:00:00+00:00,1.77,1.744047619047619,0.12197693316928412,0.21276466195754626,False,False
2005-07-08 00:00:00+00:00,1.83,1.743253968253968,0.1211487470364132,0.7160291283900699,False,False
2005-07-11 00:00:00+00:00,1.81,1.742579365079365,0.12018285226636104,0.5609838146561105,False,False
2005-07-12 00:00:00+00:00,1.83,1.7417460317460318,0.11897356072472877,0.74179479639315,False,False
2005-07-13 00:00:00+00:00,1.87,1.7409920634920635,0.11779941057568939,1.0951492531029725,False,False
2005-07-14 00:00:00+00:00,1.94,1.7403968253968254,0.11675834541882361,1.7095409658913754,False,False
2005-07-15 00:00:00+00:00,1.95,1.7400396825396827,0.1160041832460189,1.8099374659191252,False,False
2005-07-18 00:00:00+00:00,1.98,1.7397619047619046,0.11541343860185029,2.0815435199609755,True,False
2005-07-19 00:00:00+00:00,1.92,1.739642857142857,0.11514874940966062,1.566297018263678,True,True
2005-07-20 00:00:00+00:00,1.9,1.7395634920634921,0.1150169220899238,1.3948948121831457,True,True
2005-07-21 00:00:00+00:00,1.95,1.7393253968253968,0.11462019939523521,1.8380233526566432,True,True
2005-07-22 00:00:00+00:00,1.89,1.7389285714285714,0.11370982000023017,1.3285697626741713,True,True
2005-07-25 00:00:00+00:00,1.94,1.7382936507936506,0.11240518394564145,1.7944577120561758,True,True
2005-07-26 00:00:00+00:00,1.92,1.737936507936508,0.11161485757185118,1.6311761357244945,True,True
2005-07-27 00:00:00+00:00,1.92,1.7376190476190476,0.11097847012354105,1.6433903997588555,True,True
2005-07-28 00:00:00+00:00,1.86,1.7371031746031746,0.10981667660242268,1.1191089477398573,True,True
2005-07-29 00:00:00+00:00,1.92,1.7359523809523811,0.10695479606208787,1.7207981859997947,True,True
2005-08-01 00:00:00+00:00,1.95,1.7351984126984126,0.10495854008565711,2.0465374911492376,True,True
2005-08-02 00:00:00+00:00,1.99,1.7347222222222223,0.10369816288766613,2.461738671825019,True,True
2005-08-03 00:00:00+00:00,1.93,1.7346428571428572,0.10349409316136875,1.8876163546120501,True,True
2005-08-04 00:00:00+00:00,1.94,1.7343650793650793,0.10287110282101104,1.9989570928651543,True,True
2005-08-05 00:00:00+00:00,2.0,1.734206349206349,0.1025208417221359,2.592581628563256,True,True
2005-08-08 00:00:00+00:00,2.02,1.734206349206349,0.1025208417221359,2.7876639129460394,True,True
2005-08-09 00:00:00+00:00,2.02,1.7344444444444447,0.10311526490999708,2.7692849919437155,True,True
2005-08-10 00:00:00+00:00,2.01,1.735238095238095,0.10453626897406758,2.628388285314308,True,True
2005-08-11 00:00:00+00:00,1.97,1.7358730158730158,0.10571531975408642,2.214693051788589,True,True
2005-08-12 00:00:00+00:00,1.91,1.7361507936507936,0.10623896745798476,1.6363977409509363,True,True
2005-08-15 00:00:00+00:00,1.92,1.7363492063492063,0.10651751571805418,1.724137034296846,True,True
2005-08-16 00:00:00+00:00,1.87,1.7367857142857144,0.1070446239110238,1.244474321522343,True,True
2005-08-17 00:00:00+00:00,1.91,1.7371825396825396,0.10735315372284725,1.609803292445621,True,True
2005-08-18 00:00:00+00:00,1.86,1.7375396825396823,0.10777863182831328,1.1362207460138467,True,True
2005-08-19 00:00:00+00:00,1.85,1.7376984126984125,0.10792990715287414,1.0405048078334886,True,True
2005-08-22 00:00:00+00:00,1.86,1.7377777777777779,0.10800537753240981,1.1316308966703652,True,True
2005-08-23 00:00:00+00:00,1.85,1.7381746031746033,0.1082707304195311,1.0328312775954498,True,True
2005-08-24 00:00:00+00:00,1.83,1.7384126984126984,0.10845097446317434,0.8445041830251243,False,True
2005-08-25 00:00:00+00:00,1.8,1.7382936507936506,0.10833337711424396,0.5695968394050565,False,False
2005-08-26 00:00:00+00:00,1.81,1.7380158730158728,0.10808377923028398,0.6660030533421433,False,False
2005-08-29 00:00:00+00:00,1.79,1.7377380952380952,0.10780701945313767,0.4847727451051777,False,False
2005-08-30 00:00:00+00:00,1.71,1.7374603174603176,0.10758068598364388,-0.2552532288601746,False,False
2005-08-31 00:00:00+00:00,1.65,1.7368650793650793,0.10731462127332568,-0.8094430967038292,False,False
2005-09-01 00:00:00+00:00,1.61,1.7361507936507938,0.10729128297190724,-1.1757785922256574,False,False
2005-09-02 00:00:00+00:00,1.59,1.7354761904761904,0.10754861510094274,-1.3526551721716695,False,False
2005-09-06 00:00:00+00:00,1.65,1.734761904761905,0.10791552167260832,-0.7854468333021991,False,False
2005-09-07 00:00:00+00:00,1.69,1.7340476190476188,0.10787833320544397,-0.40830830194358314,False,False
2005-09-08 00:00:00+00:00,1.68,1.7332936507936507,0.10751755661029092,-0.49567393897184087,False,False
2005-09-09 00:00:00+00:00,1.64,1.732579365079365,0.10727006192805742,-0.8630494232533877,False,False
2005-09-12 00:00:00+00:00,1.69,1.7318650793650792,0.10728491709949395,-0.3902233463652151,False,False
2005-09-13 00:00:00+00:00,1.67,1.7313095238095237,0.1071370990674328,-0.5722529762630142,False,False
2005-09-14 00:00:00+00:00,1.68,1.7306746031746032,0.10702394484767441,-0.47348846322874444,False,False
2005-09-15 00:00:00+00:00,1.71,1.7301587301587302,0.10695334744204217,-0.18848152620612688,False,False
2005-09-16 00:00:00+00:00,1.73,1.7297619047619046,0.10684138957835831,0.002228492525555834,False,False
2005-09-19 00:00:00+00:00,1.7,1.7292460317460316,0.10652341541651209,-0.2745502632606942,False,False
2005-09-20 00:00:00+00:00,1.74,1.7288095238095236,0.10641650968920899,0.10515733153773198,False,False
2005-09-21 00:00:00+00:00,1.68,1.728373015873016,0.10614267134057963,-0.45573580598703495,False,False
2005-09-22 00:00:00+00:00,1.67,1.7278968253968254,0.10608921520827204,-0.5457371447527792,False,False
2005-09-23 00:00:00+00:00,1.74,1.7273809523809525,0.10605327212383803,0.11898781967153557,False,False
2005-09-26 00:00:00+00:00,1.78,1.7274206349206347,0.10605612685094142,0.4957692369179576,False,False
2005-09-27 00:00:00+00:00,1.77,1.7275,0.10608808262429958,0.40061050165747186,False,False
2005-09-28 00:00:00+00:00,1.73,1.7274603174603174,0.10607023537903916,0.02394340439244932,False,False
2005-09-29 00:00:00+00:00,1.75,1.7275,0.10606930381196623,0.21212546129167317,False,False
2005-09-30 00:00:00+00:00,1.78,1.7276984126984127,0.10606442226673855,0.49311150887198957,False,False
2005-10-03 00:00:00+00:00,1.84,1.7277777777777776,0.1060961669226524,1.0577405902329735,False,False
2005-10-04 00:00:00+00:00,1.87,1.7280555555555557,0.10629859511580729,1.3353369749600423,False,False
2005-10-05 00:00:00+00:00,1.86,1.7282142857142857,0.10648113815673141,1.2376437420469413,False,False
2005-10-06 00:00:00+00:00,1.91,1.728214285714286,0.10648113815673141,1.7072104734468605,False,False
2005-10-07 00:00:00+00:00,1.9,1.7284920634920635,0.10686453024838001,1.6049098434186615,False,False
2005-10-11 00:00:00+00:00,1.92,1.7284920634920637,0.10686453024838001,1.7920626803189388,False,False
2005-10-12 00:00:00+00:00,1.96,1.7286111111111109,0.10706169589839687,2.1612667999251625,True,False
2005-10-13 00:00:00+00:00,1.96,1.729325396825397,0.108002237645778,2.1358317031463883,True,True
2005-10-14 00:00:00+00:00,1.98,1.7301587301587302,0.1089682444109951,2.2927897131107704,True,True
2005-10-17 00:00:00+00:00,1.94,1.7311904761904762,0.11009671331805278,1.8966008840455082,True,True
2005-10-18 00:00:00+00:00,1.92,1.7322222222222223,0.11083089943307986,1.694272795206887,True,True
2005-10-19 00:00:00+00:00,1.92,1.7330952380952378,0.11144086589209348,1.6771653774275157,True,True
2005-10-20 00:00:00+00:00,1.92,1.7339285714285715,0.11205097577644235,1.6605962356157205,True,True
2005-10-21 00:00:00+00:00,1.89,1.7348015873015874,0.11264105949574005,1.3778138575150913,True,True
2005-10-24 00:00:00+00:00,1.93,1.7357142857142855,0.11296389841407703,1.7198920806853406,True,True
2005-10-25 00:00:00+00:00,2.05,1.7369444444444444,0.11338590492273776,2.76097417724782,True,True
2005-10-26 00:00:00+00:00,2.06,1.7385714285714287,0.11492047682275779,2.7969651737898,True,True
2005-10-27 00:00:00+00:00,2.01,1.7402777777777778,0.11648368309985749,2.3155365201750904,True,True
2005-10-28 00:00:00+00:00,2.01,1.7417857142857143,0.11750555515513421,2.2825668570322595,True,True
2005-10-31 00:00:00+00:00,2.0,1.7428968253968253,0.11871129593560281,2.16578525722308,True,True
2005-11-01 00:00:00+00:00,2.0,1.7441666666666666,0.11974283533283175,2.1365230965362616,True,True
2005-11-02 00:00:00+00:00,2.02,1.7456349206349207,0.12060270973907619,2.2749495426650683,True,True
2005-11-03 00:00:00+00:00,2.03,1.7470238095238095,0.12173820544885507,2.324464940425583,True,True
2005-11-04 00:00:00+00:00,2.06,1.7486904761904762,0.12272581199102273,2.5366263116050582,True,True
2005-11-07 00:00:00+00:00,2.03,1.7504761904761905,0.12396733371842063,2.2548182746167598,True,True
2005-11-08 00:00:00+00:00,2.01,1.751984126984127,0.12504673128877689,2.0633555979965874,True,True
2005-11-09 00:00:00+00:00,2.08,1.753174603174603,0.1260692960250043,2.592426602910318,True,True
2005-11-10 00:00:00+00:00,2.07,1.7546031746031747,0.12772075362374066,2.469425026460221,True,True
2005-11-14 00:00:00+00:00,2.14,1.7559126984126985,0.1292529882731923,2.9715932042939333,True,True
2005-11-15 00:00:00+00:00,2.12,1.7574603174603174,0.13149727101185038,2.7570129763910542,True,True
2005-11-16 00:00:00+00:00,2.07,1.7590873015873016,0.13342992967444928,2.3301571032172657,True,True
2005-11-17 00:00:00+00:00,2.04,1.7606746031746032,0.13473872189215919,2.0730892567688186,True,True
2005-11-18 00:00:00+00:00,2.09,1.7621031746031746,0.13578435735764646,2.414835050057851,True,True
2005-11-21 00:00:00+00:00,2.08,1.7639285714285713,0.1370870941104819,2.3056249796694863,True,True
2005-11-22 00:00:00+00:00,2.03,1.7656746031746031,0.13829907711520528,1.911259296439191,True,True
2005-11-23 00:00:00+00:00,2.08,1.7671031746031747,0.1391634843210233,2.2484118367935717,True,True
2005-11-25 00:00:00+00:00,2.05,1.7689285714285714,0.1402389922857174,2.0042316618960334,True,True
2005-11-28 00:00:00+00:00,2.04,1.770515873015873,0.14114829217703515,1.9092269755990159,True,True
2005-11-29 00:00:00+00:00,2.11,1.7721031746031746,0.1419217184688397,2.3808676292981463,True,True
2005-11-30 00:00:00+00:00,2.12,1.7738888888888888,0.14332962717960895,2.414791121150362,True,True
2005-12-01 00:00:00+00:00,2.15,1.7753968253968253,0.14496132630926029,2.5841594040330227,True,True
2005-12-02 00:00:00+00:00,2.16,1.776984126984127,0.14685966329533373,2.6080399779048307,True,True
2005-12-05 00:00:00+00:00,2.17,1.778452380952381,0.14882670513600404,2.6308962406297076,True,True
2005-12-06 00:00:00+00:00,2.12,1.7798015873015873,0.15082363621295655,2.2556041031796044,True,True
2005-12-07 00:00:00+00:00,2.18,1.7813492063492062,0.15230423094683807,2.617463685496323,True,True
2005-12-08 00:00:00+00:00,2.14,1.7832539682539683,0.15427160487866706,2.3124542719744743,True,True
2005-12-09 00:00:00+00:00,2.18,1.7850396825396824,0.15578486037420683,2.5352933302478413,True,True
2005-12-12 00:00:00+00:00,2.17,1.7872619047619047,0.1574069093676517,2.431520298414237,True,True
2005-12-13 00:00:00+00:00,2.16,1.7893650793650795,0.15896450796208286,2.331557687853987,True,True
2005-12-14 00:00:00+00:00,2.1,1.7913492063492062,0.16045678409191855,1.9235758425395186,True,True
2005-12-15 00:00:00+00:00,2.12,1.7931349206349207,0.161378812630807,2.025452251361287,True,True
2005-12-16 00:00:00+00:00,2.11,1.7951190476190477,0.16231267386712017,1.9399652835411634,True,True
2005-12-19 00:00:00+00:00,2.11,1.7972619047619047,0.16289231789200473,1.9199069623739777,True,True
2005-12-20 00:00:00+00:00,2.12,1.7991269841269841,0.16377284745578746,1.9592564998275412,True,True
2005-12-21 00:00:00+00:00,2.14,1.801031746031746,0.16470342471144994,2.0580522509602046,True,True
2005-12-22 00:00:00+00:00,2.11,1.803095238095238,0.16568084466223273,1.8523853045923138,True,True
2005-12-23 00:00:00+00:00,2.07,1.80515873015873,0.16625346236449298,1.5929970183756754,True,True
2005-12-27 00:00:00+00:00,2.05,1.8069047619047618,0.1667164220932078,1.4581361274615667,True,True
2005-12-28 00:00:00+00:00,2.1,1.808611111111111,0.16699612192086716,1.7448841657949805,True,True
2005-12-29 00:00:00+00:00,2.07,1.8103174603174603,0.1677692235281711,1.5478556449236633,True,True
2005-12-30 00:00:00+00:00,2.06,1.8118253968253968,0.16839008399632127,1.4738077046153442,True,True
2006-01-03 00:00:00+00:00,2.03,1.8131349206349208,0.1690331471382693,1.2829736831893874,True,True
2006-01-04 00:00:00+00:00,2.01,1.8144444444444445,0.16943099315980073,1.1541899856014823,True,True
2006-01-05 00:00:00+00:00,2.04,1.8157539682539683,0.16966285699572314,1.321715522871836,True,True
2006-01-06 00:00:00+00:00,2.05,1.8171031746031745,0.17009003143824347,1.3692561723194567,True,True
2006-01-09 00:00:00+00:00,2.05,1.818174603174603,0.17070466000100018,1.3580496093313352,True,True
2006-01-10 00:00:00+00:00,2.06,1.8192063492063493,0.17131831547879273,1.4055336122159006,True,True
2006-01-11 00:00:00+00:00,2.07,1.8203968253968255,0.17194644210923704,1.4516332617374093,True,True
2006-01-12 00:00:00+00:00,2.01,1.8214682539682538,0.172658573641506,1.091933878842285,True,True
2006-01-13 00:00:00+00:00,1.97,1.8224206349206349,0.17303505175037995,0.852887109209889,False,True
2006-01-17 00:00:00+00:00,1.95,1.8232539682539681,0.17323879549071775,0.7316261429029791,False,False
2006-01-18 00:00:00+00:00,1.97,1.8241269841269843,0.1733212931620875,0.8416335535680398,False,False
2006-01-19 00:00:00+00:00,1.97,1.8251984126984127,0.17338543847842283,0.8351427234739054,False,False
2006-01-20 00:00:00+00:00,1.94,1.8261904761904761,0.17349630416333983,0.6559766466401307,False,False
2006-01-23 00:00:00+00:00,1.94,1.8271031746031747,0.17348760610474026,0.6507486496105412,False,False
2006-01-24 00:00:00+00:00,1.97,1.8280555555555555,0.1734458274753662,0.8183791245402212,False,False
2006-01-25 00:00:00+00:00,2.03,1.8291269841269842,0.1734855693564513,1.1578658479674058,False,False
2006-01-26 00:00:00+00:00,2.01,1.8304761904761906,0.17372119964972763,1.0334018524266544,False,False
2006-01-27 00:00:00+00:00,2.02,1.8317857142857144,0.17382613042867448,1.0827732588312724,False,False
2006-01-30 00:00:00+00:00,2.03,1.8328968253968254,0.17413171409718461,1.1319200274636312,False,False
2006-01-31 00:00:00+00:00,2.0,1.834126984126984,0.17442572748421667,0.9509664558402107,False,False
2006-02-01 00:00:00+00:00,2.02,1.8352380952380953,0.17458756994364638,1.0582763986092618,False,False
2006-02-02 00:00:00+00:00,2.04,1.8367063492063493,0.17457936094023246,1.164477001741624,False,False
2006-02-03 00:00:00+00:00,2.0,1.8382539682539683,0.17464627593320653,0.9261350170895801,False,False
2006-02-06 00:00:00+00:00,2.0,1.839563492063492,0.17461684844671255,0.9187916822669495,False,False
2006-02-07 00:00:00+00:00,2.02,1.8407539682539682,0.17468419707944366,1.0261147530392432,False,False
2006-02-08 00:00:00+00:00,2.07,1.841904761904762,0.17490675619794735,1.3040962113384318,False,False
2006-02-09 00:00:00+00:00,2.05,1.8435714285714284,0.17507182037092944,1.179107928341669,False,False
2006-02-10 00:00:00+00:00,2.09,1.8452777777777778,0.17497957257619112,1.3985759515766505,False,False
2006-02-13 00:00:00+00:00,2.08,1.8473412698412697,0.174786365341059,1.3311034284896626,False,False
2006-02-14 00:00:00+00:00,2.14,1.8496825396825396,0.17393013438192378,1.6691613638380116,False,False
2006-02-15 00:00:00+00:00,2.13,1.8519444444444444,0.1739847868769867,1.5981601641536076,False,False
2006-02-16 00:00:00+00:00,2.1,1.8541666666666667,0.17394559986716404,1.4132771022725918,False,False
2006-02-17 00:00:00+00:00,2.03,1.8563888888888886,0.17349252700864184,1.0006835112988088,False,False
2006-02-21 00:00:00+00:00,2.04,1.8580555555555556,0.17313315261598525,1.0508931518621563,False,False
2006-02-22 00:00:00+00:00,2.01,1.8596031746031747,0.17300899635153993,0.8693006061443834,False,False
2006-02-23 00:00:00+00:00,2.03,1.861031746031746,0.17275747856035933,0.9780662196294926,False,False
2006-02-24 00:00:00+00:00,2.02,1.8624603174603174,0.1726599334017288,0.9124275646112652,False,False
2006-02-27 00:00:00+00:00,2.04,1.8638492063492063,0.17251325106262552,1.021085583662485,False,False
2006-02-28 00:00:00+00:00,2.02,1.8654365079365078,0.17228545737009618,0.8971360347116563,False,False
2006-03-01 00:00:00+00:00,2.02,1.866904761904762,0.172018549382954,0.8899926121014526,False,False
2006-03-02 00:00:00+00:00,2.05,1.8684126984126983,0.1716867930210971,1.05766610460822,False,False
2006-03-03 00:00:00+00:00,2.07,1.8698015873015872,0.17173464752581888,1.165742705870197,False,False
2006-03-06 00:00:00+00:00,2.14,1.8713095238095239,0.1718178858123668,1.5638096983913472,False,False
2006-03-07 00:00:00+00:00,2.16,1.873095238095238,0.17226387747641764,1.6654957853484897,False,False
2006-03-08 00:00:00+00:00,2.2,1.8749603174603175,0.1728170578120556,1.8808310166533113,False,False
2006-03-09 00:00:00+00:00,2.2,1.8771428571428572,0.17343658906604514,1.8615284386975464,False,False
2006-03-10 00:00:00+00:00,2.23,1.879404761904762,0.17391680378442087,2.0158790321941487,True,False
2006-03-13 00:00:00+00:00,2.24,1.8816269841269841,0.17480590188177628,2.0501196585192463,True,True
2006-03-14 00:00:00+00:00,2.17,1.8834920634920633,0.17611259283506064,1.626845257887194,True,True
2006-03-15 00:00:00+00:00,2.18,1.8851190476190474,0.1768594601363667,1.667317949255223,True,True
2006-03-16 00:00:00+00:00,2.12,1.886547619047619,0.1777828976014502,1.3131318259629767,True,True
2006-03-17 00:00:00+00:00,2.16,1.887738095238095,0.17833906908720695,1.526653167785519,True,True
2006-03-20 00:00:00+00:00,2.15,1.8890873015873015,0.17910901751959135,1.456725641321544,True,True
2006-03-21 00:00:00+00:00,2.23,1.8905158730158729,0.17975008033519763,1.8886452031123309,True,True
2006-03-22 00:00:00+00:00,2.23,1.8925,0.18072810905443223,1.867446086642508,True,True
2006-03-23 00:00:00+00:00,2.24,1.8943253968253966,0.18180574236808242,1.9013404014200699,True,True
2006-03-24 00:00:00+00:00,2.2,1.8960714285714286,0.18300513473611624,1.6607652668698096,True,True
2006-03-27 00:00:00+00:00,2.23,1.8973809523809524,0.18399583648255305,1.8077531208190538,True,True
2006-03-28 00:00:00+00:00,2.3,1.898611111111111,0.18518015228515847,2.167558909179376,True,True
2006-03-29 00:00:00+00:00,2.32,1.9001984126984128,0.18689846487536912,2.2461478620572213,True,True
2006-03-30 00:00:00+00:00,2.35,1.9017063492063493,0.18874471333554474,2.375132224215932,True,True
2006-03-31 00:00:00+00:00,2.35,1.9034523809523811,0.19084522032736076,2.33984177482489,True,True
2006-04-03 00:00:00+00:00,2.36,1.9052777777777778,0.19290482920265054,2.3572360738803844,True,True
2006-04-04 00:00:00+00:00,2.38,1.9075396825396824,0.19487941519522137,2.424372615173481,True,True
2006-04-05 00:00:00+00:00,2.34,1.9099603174603175,0.19694175330771063,2.18358816917695,True,True
2006-04-06 00:00:00+00:00,2.38,1.912142857142857,0.19864724643073656,2.355215847506214,True,True
2006-04-07 00:00:00+00:00,2.43,1.914404761904762,0.20071397176900793,2.5688059159559256,True,True
2006-04-10 00:00:00+00:00,2.41,1.9169047619047617,0.20319152461272963,2.426751012548615,True,True
2006-04-11 00:00:00+00:00,2.37,1.9191269841269842,0.20550596327664833,2.193965608998212,True,True
2006-04-12 00:00:00+00:00,2.41,1.9212301587301586,0.20739629147193017,2.356695183896254,True,True
2006-04-13 00:00:00+00:00,2.48,1.9235714285714285,0.2095678128539917,2.6551241998991593,True,True
2006-04-17 00:00:00+00:00,2.43,1.9265476190476192,0.21211791455599371,2.3734552642864233,True,True
2006-04-18 00:00:00+00:00,2.38,1.9292857142857143,0.21414400550543217,2.1047252041937377,True,True
2006-04-19 00:00:00+00:00,2.38,1.9319047619047618,0.2156051957985291,2.0783137272533905,True,True
2006-04-20 00:00:00+00:00,2.42,1.9347222222222222,0.2168047624066729,2.2383169649544636,True,True
2006-04-21 00:00:00+00:00,2.39,1.9377380952380951,0.21824919704115056,2.072227118785833,True,True
2006-04-24 00:00:00+00:00,2.39,1.9407936507936507,0.21917121388399546,2.049568194863896,True,True
2006-04-25 00:00:00+00:00,2.47,1.9439285714285712,0.21992583605317648,2.392040144133992,True,True
2006-04-26 00:00:00+00:00,2.51,1.947142857142857,0.22167186956747992,2.5391455575999524,True,True
2006-04-27 00:00:00+00:00,2.45,1.9507142857142856,0.22346128508214583,2.2343275887909346,True,True
2006-04-28 00:00:00+00:00,2.39,1.953968253968254,0.22473917370883578,1.9401679682094664,True,True
2006-05-01 00:00:00+00:00,2.42,1.9568650793650793,0.2256378600219677,2.0525585581685215,True,True
2006-05-02 00:00:00+00:00,2.43,1.9599206349206348,0.22667700323502565,2.0737849820256034,True,True
2006-05-03 00:00:00+00:00,2.47,1.9632936507936507,0.2273243489835669,2.229001651041697,True,True
2006-05-04 00:00:00+00:00,2.49,1.9667063492063492,0.22845197277307563,2.2906068371466657,True,True
2006-05-05 00:00:00+00:00,2.45,1.9701984126984124,0.22970004760552631,2.088817970667431,True,True
2006-05-08 00:00:00+00:00,2.45,1.9734126984126985,0.23072607617810956,2.065597913689647,True,True
2006-05-09 00:00:00+00:00,2.43,1.9766666666666668,0.23164404620759624,1.9570256207969283,True,True
2006-05-10 00:00:00+00:00,2.43,1.9798809523809524,0.23229408847434307,1.9377120208927034,True,True
2006-05-11 00:00:00+00:00,2.43,1.9828174603174604,0.23329016526177793,1.9168512276578415,True,True
2006-05-12 00:00:00+00:00,2.47,1.9857539682539684,0.2342450511923258,2.0672625922348464,True,True
2006-05-15 00:00:00+00:00,2.47,1.9890079365079365,0.2352556631165233,2.0445504143032083,True,True
2006-05-16 00:00:00+00:00,2.44,1.9923015873015872,0.23615837314951713,1.895754983097571,True,True
2006-05-17 00:00:00+00:00,2.47,1.9953968253968255,0.23689610005434494,2.003423334087386,True,True
2006-05-18 00:00:00+00:00,2.41,1.9986111111111111,0.23782056486198005,1.7298289116739753,True,True
2006-05-19 00:00:00+00:00,2.43,2.0015873015873016,0.2382586652175658,1.7980991290347978,True,True
2006-05-22 00:00:00+00:00,2.43,2.004722222222222,0.23867897187594891,1.7817982641504426,True,True
2006-05-23 00:00:00+00:00,2.44,2.0078174603174603,0.23911773095209093,1.8074048208877103,True,True
2006-05-24 00:00:00+00:00,2.42,2.010793650793651,0.23981268644723902,1.706358221779806,True,True
2006-05-25 00:00:00+00:00,2.46,2.0137698412698413,0.24022000748312927,1.8575894797667825,True,True
2006-05-26 00:00:00+00:00,2.44,2.016984126984127,0.24075171069221443,1.7570627922003488,True,True
2006-05-30 00:00:00+00:00,2.45,2.020238095238095,0.24090620510586627,1.7839387099765491,True,True
2006-05-31 00:00:00+00:00,2.48,2.0233730158730157,0.24133949684022357,1.8920524410858854,True,True
2006-06-01 00:00:00+00:00,2.46,2.0265079365079366,0.2421214915488287,1.7903906865890131,True,True
2006-06-02 00:00:00+00:00,2.37,2.029642857142857,0.24260101077049306,1.4029502258716053,True,True
2006-06-05 00:00:00+00:00,2.4,2.032579365079365,0.2422226381350311,1.516871576288464,True,True
2006-06-06 00:00:00+00:00,2.44,2.035992063492064,0.2413115886261738,1.674216886176164,True,True
2006-06-07 00:00:00+00:00,2.48,2.0395238095238097,0.24068248625898223,1.8301131807414663,True,True
2006-06-08 00:00:00+00:00,2.47,2.0429761904761903,0.24073648499498665,1.7738225659176785,True,True
2006-06-09 00:00:00+00:00,2.45,2.0464285714285713,0.2405967490936776,1.6773768976167516,True,True
2006-06-12 00:00:00+00:00,2.45,2.049801587301588,0.2402711787960038,1.66561139252657,True,True
2006-06-13 00:00:00+00:00,2.44,2.0530555555555554,0.24011573589084134,1.6114914043798978,True,True
2006-06-14 00:00:00+00:00,2.5,2.0562301587301586,0.23992129063585438,1.8496476077372495,True,True
2006-06-15 00:00:00+00:00,2.52,2.0592460317460315,0.24070577455580483,1.9141791222260356,True,True
2006-06-16 00:00:00+00:00,2.54,2.0622619047619044,0.24170057135301595,1.9765699872522637,True,True
2006-06-19 00:00:00+00:00,2.58,2.065238095238095,0.24294906024442506,2.1188059103583923,True,True
2006-06-20 00:00:00+00:00,2.58,2.068373015873016,0.24447547670714953,2.092753805077341,True,True
2006-06-21 00:00:00+00:00,2.59,2.0716666666666668,0.24575681952415987,2.109131027724652,True,True
2006-06-22 00:00:00+00:00,2.61,2.0751190476190473,0.24690511773882742,2.1663421045275446,True,True
2006-06-23 00:00:00+00:00,2.64,2.0785714285714283,0.24827922298669367,2.2612789128096358,True,True
2006-06-26 00:00:00+00:00,2.67,2.0822222222222218,0.24974533288338963,2.353508556062674,True,True
2006-06-27 00:00:00+00:00,2.63,2.086150793650794,0.25117545390580454,2.165216377206825,True,True
2006-06-28 00:00:00+00:00,2.68,2.089920634920635,0.25218249267612786,2.339890286663121,True,True
2006-06-29 00:00:00+00:00,2.61,2.0940079365079365,0.25336816341360374,2.036530780111259,True,True
2006-06-30 00:00:00+00:00,2.54,2.0979365079365078,0.25366419895833986,1.742711403023388,True,True
2006-07-03 00:00:00+00:00,2.56,2.1013888888888888,0.25373711879372635,1.8074261790760529,True,True
2006-07-05 00:00:00+00:00,2.63,2.1048412698412697,0.25403589835408175,2.0672618852739877,True,True
2006-07-06 00:00:00+00:00,2.59,2.1086507936507934,0.2546862867543583,1.8899690771865612,True,True
2006-07-07 00:00:00+00:00,2.55,2.1119841269841273,0.25546931998231,1.7145537203692522,True,True
2006-07-10 00:00:00+00:00,2.56,2.1149603174603175,0.2561879570459119,1.737160823917754,True,True
2006-07-11 00:00:00+00:00,2.53,2.1180555555555554,0.25683599819537345,1.603920195529137,True,True
2006-07-12 00:00:00+00:00,2.54,2.1210714285714287,0.25719456967529863,1.6288391001313036,True,True
2006-07-13 00:00:00+00:00,2.51,2.123888888888889,0.2578812606166792,1.4972437709812318,True,True
2006-07-14 00:00:00+00:00,2.5,2.1266666666666665,0.2582564894492112,1.445591296193753,True,True
2006-07-17 00:00:00+00:00,2.49,2.1293253968253967,0.2586386773245825,1.3945114740977798,True,True
2006-07-18 00:00:00+00:00,2.55,2.1317857142857144,0.25911046444162417,1.614038578548055,True,True
2006-07-19 00:00:00+00:00,2.49,2.1342063492063494,0.2601588640450318,1.3676014926482198,True,True
2006-07-20 00:00:00+00:00,2.45,2.1363492063492058,0.26085853709217705,1.202378872269619,True,True
2006-07-21 00:00:00+00:00,2.49,2.138214285714286,0.26141582351333326,1.345694034729201,True,True
2006-07-24 00:00:00+00:00,2.49,2.1404761904761904,0.26198554487923537,1.334133948821207,True,True
2006-07-25 00:00:00+00:00,2.48,2.1428174603174606,0.26246380591433816,1.2846820479033503,True,True
2006-07-26 00:00:00+00:00,2.44,2.1449206349206347,0.2630354407270641,1.1218236001343682,True,True
2006-07-27 00:00:00+00:00,2.47,2.1471031746031746,0.2631935748427162,1.226841595923411,True,True
2006-07-28 00:00:00+00:00,2.41,2.149206349206349,0.263649239319576,0.989168986289152,False,True
2006-07-31 00:00:00+00:00,2.41,2.1511507936507934,0.2637589617808037,0.9813854460206844,False,False
2006-08-01 00:00:00+00:00,2.4,2.153095238095238,0.26385425255390693,0.9357619197527153,False,False
2006-08-02 00:00:00+00:00,2.36,2.1552380952380954,0.2636571306205009,0.776621911495471,False,False
2006-08-03 00:00:00+00:00,2.35,2.1569841269841272,0.2635499902420914,0.7323691146357949,False,False
2006-08-04 00:00:00+00:00,2.3,2.1585714285714284,0.26350295563169207,0.5367248010160898,False,False
2006-08-07 00:00:00+00:00,2.29,2.1598015873015872,0.26343645392472875,0.4942308126255533,False,False
2006-08-08 00:00:00+00:00,2.27,2.1612301587301586,0.26316127976301856,0.41332008024809214,False,False
2006-08-09 00:00:00+00:00,2.28,2.1625396825396823,0.2628769318284687,0.4468262644550423,False,False
2006-08-10 00:00:00+00:00,2.3,2.1636507936507936,0.26277890718836966,0.5188742422597338,False,False
2006-08-11 00:00:00+00:00,2.33,2.164761904761905,0.2627610499667436,0.6288530787154663,False,False
2006-08-14 00:00:00+00:00,2.36,2.1659920634920637,0.2628062772823228,0.7382165240273951,False,False
2006-08-15 00:00:00+00:00,2.32,2.167380952380952,0.26290342877725187,0.580513720680137,False,False
2006-08-16 00:00:00+00:00,2.28,2.168769841269841,0.26278100990465375,0.4232808100194035,False,False
2006-08-17 00:00:00+00:00,2.28,2.170238095238095,0.2623627375086104,0.41835935165260457,False,False
2006-08-18 00:00:00+00:00,2.26,2.1716666666666673,0.26197457374874733,0.33718284972972445,False,False
2006-08-21 00:00:00+00:00,2.23,2.173214285714286,0.26133656177467035,0.21728958971563864,False,False
2006-08-22 00:00:00+00:00,2.22,2.174484126984127,0.2608294533428089,0.17450434539711165,False,False
2006-08-23 00:00:00+00:00,2.25,2.175912698412698,0.26008495454971825,0.28485808306585136,False,False
2006-08-24 00:00:00+00:00,2.28,2.1775,0.25930742111520744,0.3952837121250763,False,False
2006-08-25 00:00:00+00:00,2.24,2.1791666666666667,0.25860740291921797,0.23523430747392882,False,False
2006-08-28 00:00:00+00:00,2.28,2.1807142857142856,0.25779536828007654,0.3851338173688491,False,False
2006-08-29 00:00:00+00:00,2.29,2.1825,0.256913374645452,0.41842897493504605,False,False
2006-08-30 00:00:00+00:00,2.28,2.1844444444444444,0.2558590110874961,0.37346957275183973,False,False
2006-08-31 00:00:00+00:00,2.24,2.1863095238095234,0.2548295880637914,0.2106916885061107,False,False
2006-09-01 00:00:00+00:00,2.25,2.188095238095238,0.2536151813600262,0.2440893387091192,False,False
2006-09-05 00:00:00+00:00,2.31,2.190238095238095,0.2518345889989677,0.47555780656641994,False,False
2006-09-06 00:00:00+00:00,2.32,2.192857142857143,0.24961598280775282,0.5093538310837196,False,False
2006-09-07 00:00:00+00:00,2.34,2.195674603174603,0.247004244664567,0.5843033062909159,False,False
2006-09-08 00:00:00+00:00,2.35,2.1986507936507937,0.24417958636580425,0.6198274335778047,False,False
2006-09-11 00:00:00+00:00,2.38,2.2014285714285715,0.2418840863146953,0.738252074752466,False,False
2006-09-12 00:00:00+00:00,2.36,2.204166666666667,0.23996949507330792,0.6493880952898932,False,False
2006-09-13 00:00:00+00:00,2.35,2.2068650793650795,0.23786587178273205,0.6017463521024184,False,False
2006-09-14 00:00:00+00:00,2.35,2.2096825396825395,0.23531596630214635,0.5962938364211658,False,False
2006-09-15 00:00:00+00:00,2.38,2.2123015873015874,0.23317200428681212,0.7192047484917435,False,False
2006-09-18 00:00:00+00:00,2.39,2.2151190476190474,0.23087134815022034,0.7574822678609883,False,False
2006-09-19 00:00:00+00:00,2.35,2.217936507936508,0.22863641332586376,0.5776135574488255,False,False
2006-09-20 00:00:00+00:00,2.39,2.22047619047619,0.22651651705466966,0.7483949149849217,False,False
2006-09-21 00:00:00+00:00,2.31,2.223095238095238,0.2246306017180902,0.3868785518984047,False,False
2006-09-22 00:00:00+00:00,2.27,2.225515873015873,0.22224526970535835,0.2001578123264526,False,False
2006-09-25 00:00:00+00:00,2.24,2.2276190476190476,0.2201300903727996,0.0562437982012588,False,False
2006-09-26 00:00:00+00:00,2.25,2.22984126984127,0.21738937884596807,0.09273098007705957,False,False
2006-09-27 00:00:00+00:00,2.26,2.232142857142857,0.21448950658443283,0.12987648347345487,False,False
2006-09-28 00:00:00+00:00,2.27,2.234206349206349,0.21222536759952948,0.16865868203462728,False,False
2006-09-29 00:00:00+00:00,2.27,2.236150793650794,0.2102831165901698,0.16096968172283857,False,False
2006-10-02 00:00:00+00:00,2.27,2.238134920634921,0.20821594112421377,0.15303861554994824,False,False
2006-10-03 00:00:00+00:00,2.29,2.2402777777777776,0.20572949163237228,0.24168738194849296,False,False
2006-10-04 00:00:00+00:00,2.27,2.2424206349206353,0.20340158512526188,0.13559070870750792,False,False
2006-10-05 00:00:00+00:00,2.31,2.2443650793650796,0.20129459900464608,0.32606399257342006,False,False
2006-10-06 00:00:00+00:00,2.37,2.2462301587301585,0.19970415021407315,0.619765994533245,False,False
2006-10-10 00:00:00+00:00,2.42,2.2482142857142855,0.19843106150401116,0.8657198776424521,False,False
2006-10-11 00:00:00+00:00,2.45,2.250436507936508,0.1971980215360145,1.0119954069977604,False,False
2006-10-12 00:00:00+00:00,2.44,2.252579365079365,0.1964163337052451,0.9542008619399773,False,False
2006-10-13 00:00:00+00:00,2.47,2.2547222222222225,0.19549793974476004,1.101176708352231,False,False
2006-10-16 00:00:00+00:00,2.45,2.256904761904762,0.1948151203901119,0.9911717206989392,False,False
2006-10-17 00:00:00+00:00,2.46,2.2588492063492063,0.19428453145506877,1.0353412705803233,False,False
2006-10-18 00:00:00+00:00,2.46,2.2608333333333333,0.19377282669800544,1.027835894539886,False,False
2006-10-19 00:00:00+00:00,2.49,2.262738095238095,0.19336000231475894,1.1753304822160664,False,False
2006-10-20 00:00:00+00:00,2.49,2.264920634920635,0.192805853805708,1.167388648407842,False,False
2006-10-23 00:00:00+00:00,2.53,2.2671825396825396,0.1920854267455699,1.368232170291501,False,False
2006-10-24 00:00:00+00:00,2.52,2.2696031746031746,0.1915356303122898,1.3073119867492289,False,False
2006-10-25 00:00:00+00:00,2.44,2.2719841269841274,0.190900653503337,0.8801220421853377,False,False
2006-10-26 00:00:00+00:00,2.41,2.2741666666666664,0.18965606320589476,0.7162087572484833,False,False
2006-10-27 00:00:00+00:00,2.37,2.276071428571429,0.18859314240896852,0.4980487107261032,False,False
2006-10-30 00:00:00+00:00,2.39,2.27734126984127,0.188141663278846,0.5987973540542045,False,False
2006-10-31 00:00:00+00:00,2.34,2.278650793650794,0.18777095980471134,0.3267236127088633,False,False
2006-11-01 00:00:00+00:00,2.29,2.279960317460317,0.18703920379874672,0.05367688877934678,False,False
2006-11-02 00:00:00+00:00,2.32,2.281071428571429,0.18625915538647517,0.209002190242927,False,False
2006-11-03 00:00:00+00:00,2.4,2.28234126984127,0.1854242325563182,0.6345380457378672,False,False
2006-11-06 00:00:00+00:00,2.36,2.283928571428571,0.1847083489193226,0.4118461835455823,False,False
2006-11-07 00:00:00+00:00,2.32,2.2852777777777775,0.18401325687948142,0.18869413438491267,False,False
2006-11-08 00:00:00+00:00,2.29,2.2864285714285715,0.1833159130062064,0.019482370694723285,False,False
2006-11-09 00:00:00+00:00,2.28,2.28734126984127,0.18275578212351493,-0.04016983624796321,False,False
2006-11-10 00:00:00+00:00,2.25,2.288333333333333,0.1820303814228755,-0.2105875570533514,False,False
2006-11-13 00:00:00+00:00,2.29,2.289285714285714,0.18119426114861997,0.003942098992307569,False,False
2006-11-14 00:00:00+00:00,2.28,2.2901190476190476,0.18071015762819492,-0.05599600903379989,False,False
2006-11-15 00:00:00+00:00,2.3,2.290952380952381,0.18017445539470892,0.05021588120135062,False,False
2006-11-16 00:00:00+00:00,2.38,2.291587301587301,0.17992212878840302,0.4913942437657363,False,False
2006-11-17 00:00:00+00:00,2.33,2.2926190476190476,0.1796795668054038,0.20804231135216814,False,False
2006-11-20 00:00:00+00:00,2.33,2.2936507936507935,0.1791418373463195,0.20290741061751968,False,False
2006-11-21 00:00:00+00:00,2.31,2.2948015873015875,0.1784359905025753,0.0851757129018949,False,False
2006-11-22 00:00:00+00:00,2.3,2.295674603174603,0.17796755733556238,0.024304411939761753,False,False
2006-11-24 00:00:00+00:00,2.27,2.2965476190476193,0.17744418828034128,-0.1496110935212885,False,False
2006-11-27 00:00:00+00:00,2.24,2.2975000000000003,0.17665015959365424,-0.325502111813918,False,False
2006-11-28 00:00:00+00:00,2.21,2.2981349206349204,0.17615213694246637,-0.500334098494113,False,False
2006-11-29 00:00:00+00:00,2.22,2.298769841269841,0.17554149179555453,-0.44872491662302005,False,False
2006-11-30 00:00:00+00:00,2.16,2.2994841269841273,0.1748492000980656,-0.797739577338051,False,False
2006-12-01 00:00:00+00:00,2.1,2.2996825396825398,0.1746615920166669,-1.1432538623802604,False,False
2006-12-04 00:00:00+00:00,2.11,2.2996031746031744,0.17474808638455067,-1.085008588797555,False,False
2006-12-05 00:00:00+00:00,2.11,2.2994444444444446,0.17490261629872123,-1.0831424277889996,False,False
2006-12-06 00:00:00+00:00,2.14,2.2992460317460317,0.17508969523822324,-0.9095111595766096,False,False
2006-12-07 00:00:00+00:00,2.15,2.299126984126984,0.17518809398170113,-0.8512392636828444,False,False
2006-12-08 00:00:00+00:00,2.21,2.2992460317460317,0.17507604205635868,-0.5097558220861685,False,False
2006-12-11 00:00:00+00:00,2.17,2.2993650793650797,0.17500481965700912,-0.7392086664734241,False,False
2006-12-12 00:00:00+00:00,2.15,2.299484126984127,0.17490615510512625,-0.8546533247745366,False,False
2006-12-13 00:00:00+00:00,2.22,2.2993650793650793,0.17499798988827064,-0.45351994851912625,False,False
2006-12-14 00:00:00+00:00,2.23,2.299563492063492,0.17487903598658963,-0.3977806240241775,False,False
2006-12-15 00:00:00+00:00,2.29,2.2998412698412696,0.1747119844006219,-0.05632853335752341,False,False
2006-12-18 00:00:00+00:00,2.31,2.300595238095238,0.17425551045933227,0.05397110186054517,False,False
2006-12-19 00:00:00+00:00,2.31,2.3013492063492067,0.17388164301116263,0.049751046177071157,False,False
2006-12-20 00:00:00+00:00,2.32,2.302142857142857,0.1734607072530545,0.10294632796055513,False,False
2006-12-21 00:00:00+00:00,2.29,2.3029761904761905,0.1730378658459089,-0.07499046762253667,False,False
2006-12-22 00:00:00+00:00,2.35,2.3036507936507937,0.1726526262815564,0.2684535262940139,False,False
2006-12-26 00:00:00+00:00,2.34,2.304484126984127,0.17236615497397123,0.2060489950665539,False,False
2006-12-27 00:00:00+00:00,2.39,2.3053968253968256,0.17194064941762324,0.4920487091896669,False,False
2006-12-28 00:00:00+00:00,2.41,2.3066666666666666,0.1713759642293493,0.6029628121890208,False,False
2006-12-29 00:00:00+00:00,2.41,2.308095238095238,0.1707271268713477,0.5968867617713325,False,False
2007-01-02 00:00:00+00:00,2.38,2.3093253968253964,0.1703381370863801,0.41490769115763976,False,False
2007-01-03 00:00:00+00:00,2.36,2.3105555555555557,0.1697211472316275,0.2913275407982289,False,False
2007-01-04 00:00:00+00:00,2.36,2.3117460317460314,0.16900731668114644,0.28551407833428666,False,False
2007-01-05 00:00:00+00:00,2.38,2.3130555555555556,0.16809155186877078,0.39826180257237337,False,False
2007-01-08 00:00:00+00:00,2.38,2.3145238095238096,0.16704656002357537,0.39196371638511773,False,False
2007-01-09 00:00:00+00:00,2.39,2.3158730158730156,0.16619131605443618,0.44603404008609027,False,False
2007-01-10 00:00:00+00:00,2.42,2.317222222222222,0.16540250983941834,0.621379795733209,False,False
2007-01-11 00:00:00+00:00,2.43,2.3186904761904765,0.16466152482454008,0.6759898763729582,False,False
2007-01-12 00:00:00+00:00,2.49,2.32015873015873,0.16399389808386475,1.0356560324849104,False,False
2007-01-16 00:00:00+00:00,2.48,2.321825396825397,0.16357510205953563,0.9669845910720137,False,False
2007-01-17 00:00:00+00:00,2.5,2.3236904761904764,0.162682540527871,1.083764264053388,False,False
2007-01-18 00:00:00+00:00,2.47,2.325793650793651,0.1615135245264206,0.8928438013422199,False,False
2007-01-19 00:00:00+00:00,2.47,2.327857142857143,0.16000800349931704,0.888348420293014,False,False
2007-01-22 00:00:00+00:00,2.44,2.32984126984127,0.15864708950102863,0.6943633854563458,False,False
2007-01-23 00:00:00+00:00,2.46,2.3317063492063492,0.15715557128217358,0.8163480921926648,False,False
2007-01-24 00:00:00+00:00,2.44,2.333769841269841,0.155395891422175,0.6836098287924219,False,False
2007-01-25 00:00:00+00:00,2.48,2.3357539682539685,0.15352896278706005,0.9395362876651245,False,False
2007-01-26 00:00:00+00:00,2.48,2.3377777777777777,0.1520426072014196,0.9354103092550385,False,False
2007-01-29 00:00:00+00:00,2.5,2.3395634920634922,0.15105277281733717,1.0621222301593762,False,False
2007-01-30 00:00:00+00:00,2.46,2.3415079365079365,0.14994324270329684,0.790246104831359,False,False
2007-01-31 00:00:00+00:00,2.4,2.3432539682539684,0.14874149004459247,0.3815077536806924,False,False
2007-02-01 00:00:00+00:00,2.42,2.3447222222222224,0.147457611649214,0.5105045235430463,False,False
2007-02-02 00:00:00+00:00,2.42,2.346388888888889,0.14591125787566042,0.5044923344697599,False,False
2007-02-05 00:00:00+00:00,2.41,2.347976190476191,0.14451550954336514,0.42918445030426033,False,False
2007-02-06 00:00:00+00:00,2.4,2.349444444444445,0.14324806753836622,0.35292312436965123,False,False
2007-02-07 00:00:00+00:00,2.4,2.351031746031746,0.14156681226470125,0.3459020739740411,False,False
2007-02-08 00:00:00+00:00,2.39,2.3526190476190476,0.1398472619951385,0.2672984214896677,False,False
2007-02-09 00:00:00+00:00,2.43,2.3540873015873016,0.1382746570933536,0.5489993611876939,False,False
2007-02-12 00:00:00+00:00,2.46,2.355515873015873,0.13718328880415642,0.7616388839699644,False,False
2007-02-13 00:00:00+00:00,2.46,2.357142857142857,0.13597138873437803,0.7564616631082264,False,False
2007-02-14 00:00:00+00:00,2.38,2.358611111111111,0.13506990795664012,0.1583542123664947,False,False
2007-02-15 00:00:00+00:00,2.38,2.359801587301587,0.13392169442071586,0.1508225593006574,False,False
2007-02-16 00:00:00+00:00,2.36,2.360753968253968,0.13320380613276522,-0.005660260587573844,False,False
2007-02-20 00:00:00+00:00,2.36,2.361666666666667,0.13240195951897196,-0.012587930516452133,False,False
2007-02-21 00:00:00+00:00,2.33,2.3626984126984127,0.1313637491058514,-0.24891503874531368,False,False
2007-02-22 00:00:00+00:00,2.35,2.363888888888889,0.12968532078016187,-0.10709684646909892,False,False
2007-02-23 00:00:00+00:00,2.3,2.365119047619048,0.1280608736688445,-0.5085007290161144,False,False
2007-02-26 00:00:00+00:00,2.26,2.3662698412698417,0.12614564482510912,-0.8424376554353233,False,False
2007-02-27 00:00:00+00:00,2.14,2.3671825396825397,0.12452458761632458,-1.824399052679593,False,False
2007-02-28 00:00:00+00:00,2.2,2.36765873015873,0.12341615943440226,-1.358482802633663,False,False
2007-03-01 00:00:00+00:00,2.19,2.368293650793651,0.12212863491214666,-1.4598840879692685,False,False
2007-03-02 00:00:00+00:00,2.15,2.368968253968254,0.1206577548642969,-1.8147880690679734,False,False
2007-03-05 00:00:00+00:00,2.17,2.369484126984127,0.11943147089887499,-1.6702810865741946,False,False
2007-03-06 00:00:00+00:00,2.19,2.3699603174603174,0.11838723017128683,-1.5200990613594434,False,False
2007-03-07 00:00:00+00:00,2.16,2.370436507936508,0.11741322105536033,-1.792272676322262,False,False
2007-03-08 00:00:00+00:00,2.17,2.370515873015873,0.11726350169899524,-1.7099597923536274,False,False
2007-03-09 00:00:00+00:00,2.25,2.3705555555555557,0.11719364949927281,-1.0286867596550426,False,False
2007-03-12 00:00:00+00:00,2.22,2.3707539682539687,0.11694580666846922,-1.2890925510595033,False,False
2007-03-13 00:00:00+00:00,2.15,2.3708333333333336,0.11683619820567907,-1.8901105712510216,False,False
2007-03-14 00:00:00+00:00,2.18,2.370515873015873,0.1173280370284159,-1.6237881229507958,False,False
2007-03-15 00:00:00+00:00,2.17,2.3702777777777775,0.11765437524447149,-1.702255248575539,False,False
2007-03-16 00:00:00+00:00,2.16,2.370277777777778,0.11765437524447149,-1.787249962790131,False,False
2007-03-19 00:00:00+00:00,2.18,2.3701984126984126,0.11778990817379605,-1.6147258763270234,False,False
2007-03-20 00:00:00+00:00,2.17,2.3704365079365077,0.11734194224941832,-1.7081403639157966,False,False
2007-03-21 00:00:00+00:00,2.14,2.3704761904761904,0.11727216373472728,-1.9653102930507318,False,False
2007-03-22 00:00:00+00:00,2.17,2.370436507936508,0.11734873257246468,-1.7080415232668624,False,False
2007-03-23 00:00:00+00:00,2.19,2.3701984126984126,0.11769516434679546,-1.531060461986763,False,False
2007-03-26 00:00:00+00:00,2.16,2.3700396825396823,0.1179117707017399,-1.781329220057102,False,False
2007-03-27 00:00:00+00:00,2.16,2.369722222222222,0.11837008201803255,-1.771750248430786,False,False
2007-03-28 00:00:00+00:00,2.17,2.369563492063492,0.11862512489134558,-1.6823037467507989,False,False
2007-03-29 00:00:00+00:00,2.18,2.369325396825397,0.11896608572041058,-1.5914232672187083,False,False
2007-03-30 00:00:00+00:00,2.21,2.3688492063492066,0.1194837212376783,-1.3294631662268208,False,False
2007-04-02 00:00:00+00:00,2.21,2.3684126984126985,0.11986322017723634,-1.321612235833985,False,False
2007-04-03 00:00:00+00:00,2.25,2.3678571428571424,0.12027264606305434,-0.9799164374861634,False,False
2007-04-04 00:00:00+00:00,2.23,2.367460317460317,0.12049655899560219,-1.1407820987264377,False,False
2007-04-05 00:00:00+00:00,2.22,2.3669444444444445,0.12080650661585793,-1.216362003676674,False,False
2007-04-06 00:00:00+00:00,2.27,2.3663095238095235,0.1211575619156123,-0.7949113723219707,False,False
2007-04-09 00:00:00+00:00,2.27,2.366031746031746,0.12129828477177255,-0.7916991259392794,False,False
2007-04-10 00:00:00+00:00,2.27,2.365595238095238,0.12144565315589666,-0.7871441719904534,False,False
2007-04-11 00:00:00+00:00,2.28,2.3649603174603175,0.12152581748516651,-0.6991133177992243,False,False
2007-04-12 00:00:00+00:00,2.28,2.3644444444444446,0.12160975765235768,-0.6943887240187064,False,False
2007-04-13 00:00:00+00:00,2.31,2.3640873015873014,0.12172547781653192,-0.44433837975007384,False,False
2007-04-16 00:00:00+00:00,2.3,2.363690476190476,0.12173820544886116,-0.523175743848391,False,False
2007-04-17 00:00:00+00:00,2.29,2.3629761904761906,0.12158101683222154,-0.6002268477232401,False,False
2007-04-18 00:00:00+00:00,2.26,2.3624206349206345,0.1215933955256336,-0.8423207072874528,False,False
2007-04-19 00:00:00+00:00,2.27,2.361944444444444,0.12175913821121793,-0.7551338305708633,False,False
2007-04-20 00:00:00+00:00,2.27,2.361507936507936,0.12189125491359758,-0.7507342226708663,False,False
2007-04-23 00:00:00+00:00,2.25,2.3609126984126987,0.12197070511331111,-0.9093388310714486,False,False
2007-04-24 00:00:00+00:00,2.21,2.360357142857143,0.12215638623412872,-1.2308578167085256,False,False
2007-04-25 00:00:00+00:00,2.22,2.359642857142857,0.12250811595430754,-1.1398661717640017,False,False
2007-04-26 00:00:00+00:00,2.26,2.3586507936507934,0.12262307858539259,-0.8045042971425233,False,False
2007-04-27 00:00:00+00:00,2.25,2.35765873015873,0.12240483173408037,-0.8795300694715588,False,False
2007-04-30 00:00:00+00:00,2.2,2.3568650793650794,0.12245209507575279,-1.2810322213600138,False,False
2007-05-01 00:00:00+00:00,2.19,2.3561111111111113,0.12283161293012805,-1.3523482037608878,False,False
2007-05-02 00:00:00+00:00,2.22,2.3551984126984125,0.12320892241720481,-1.0973102438199172,False,False
2007-05-03 00:00:00+00:00,2.25,2.354365079365079,0.12341099043664121,-0.845670867690343,False,False
2007-05-04 00:00:00+00:00,2.24,2.3534920634920637,0.12336786217988015,-0.9199483681299679,False,False
2007-05-07 00:00:00+00:00,2.27,2.3525,0.1232709095102141,-0.6692576563910575,False,False
2007-05-08 00:00:00+00:00,2.27,2.351785714285714,0.12322519191543838,-0.6637093683070786,False,False
2007-05-09 00:00:00+00:00,2.29,2.3510714285714287,0.12317529882319513,-0.4958090555078752,False,False
2007-05-10 00:00:00+00:00,2.27,2.350515873015873,0.12313360308703813,-0.6538903353535399,False,False
2007-05-11 00:00:00+00:00,2.3,2.3498809523809525,0.12313463024520965,-0.40509280193248665,False,False
2007-05-14 00:00:00+00:00,2.32,2.349365079365079,0.1230699346531589,-0.23860481804786213,False,False
2007-05-15 00:00:00+00:00,2.37,2.3487698412698412,0.12284669049556456,0.1728183204978192,False,False
2007-05-16 00:00:00+00:00,2.38,2.3483730158730163,0.12261482034956298,0.25793769494436436,False,False
2007-05-17 00:00:00+00:00,2.41,2.3481349206349207,0.12249438417404372,0.5050442090241434,False,False
2007-05-18 00:00:00+00:00,2.46,2.347896825396825,0.12231474841214383,0.9165139613862369,False,False
2007-05-21 00:00:00+00:00,2.43,2.348095238095238,0.12245636208333723,0.6688485637767204,False,False
2007-05-22 00:00:00+00:00,2.48,2.348095238095238,0.12245636208333723,1.0771572800357623,False,False
2007-05-23 00:00:00+00:00,2.5,2.348293650793651,0.12262998258521834,1.237106505343625,False,False
2007-05-24 00:00:00+00:00,2.48,2.348531746031746,0.12286676530316898,1.0700066339653451,False,False
2007-05-25 00:00:00+00:00,2.49,2.3487698412698412,0.12306378760584406,1.1476175199685812,False,False
2007-05-29 00:00:00+00:00,2.54,2.3488888888888892,0.12318626600004037,1.5513994970108775,False,False
2007-05-30 00:00:00+00:00,2.52,2.349285714285714,0.1236411629095444,1.380723714473472,False,False
2007-05-31 00:00:00+00:00,2.54,2.349563492063492,0.123946588936016,1.536440087389703,False,False
2007-06-01 00:00:00+00:00,2.57,2.349801587301587,0.12425539306861115,1.7721437054794382,False,False
2007-06-04 00:00:00+00:00,2.55,2.3502380952380952,0.12483591962982786,1.6001957237488413,False,False
2007-06-05 00:00:00+00:00,2.6,2.3509523809523807,0.12546283125365165,1.985031077005691,False,False
2007-06-06 00:00:00+00:00,2.58,2.3517460317460315,0.1264033849279492,1.8057583535763297,False,False
2007-06-07 00:00:00+00:00,2.7,2.352301587301587,0.12709856073495882,2.7356597170559276,True,False
2007-06-08 00:00:00+00:00,2.69,2.3531746031746033,0.12872436220135633,2.616640634804774,True,True
2007-06-11 00:00:00+00:00,2.72,2.354047619047619,0.13025674048019514,2.8094698178634556,True,True
2007-06-12 00:00:00+00:00,2.83,2.3551190476190476,0.13214588745776015,3.593611284594431,True,True
2007-06-13 00:00:00+00:00,2.75,2.3566269841269842,0.1353618867499085,2.906084019054807,True,True
2007-06-14 00:00:00+00:00,2.77,2.3578571428571427,0.1375141116575056,2.9970950048337266,True,True
2007-06-15 00:00:00+00:00,2.73,2.3589285714285717,0.1396610968354004,2.656941961502421,True,True
2007-06-18 00:00:00+00:00,2.73,2.3597619047619047,0.14124356226610008,2.621274126041752,True,True
2007-06-19 00:00:00+00:00,2.67,2.3605158730158733,0.14270903360664064,2.16863725555861,True,True
2007-06-20 00:00:00+00:00,2.73,2.360873015873016,0.1433715805367668,2.574617527023241,True,True
2007-06-21 00:00:00+00:00,2.74,2.3614682539682534,0.14459114973538692,2.6179454740106114,True,True
2007-06-22 00:00:00+00:00,2.7,2.362063492063492,0.14583906132882285,2.3171878977920985,True,True
2007-06-25 00:00:00+00:00,2.67,2.362420634920635,0.14655708014229682,2.098700143184667,True,True
2007-06-26 00:00:00+00:00,2.7,2.3625396825396825,0.14679544543852083,2.2988473276689563,True,True
2007-06-27 00:00:00+00:00,2.7,2.36265873015873,0.14705771220950886,2.293937970153308,True,True
2007-06-28 00:00:00+00:00,2.73,2.362936507936508,0.1476297050638532,2.486379634130738,True,True
2007-06-29 00:00:00+00:00,2.65,2.363134920634921,0.1480904134929769,1.937094188603123,True,True
2007-07-02 00:00:00+00:00,2.61,2.363293650793651,0.1483772282794057,1.6626968441665582,True,True
2007-07-03 00:00:00+00:00,2.68,2.3635714285714284,0.14877435137360745,2.12690271210758,True,True
2007-07-05 00:00:00+00:00,2.76,2.364047619047619,0.14959535631750068,2.646822673506072,True,True
2007-07-06 00:00:00+00:00,2.79,2.364563492063492,0.1507359368097918,2.8223960187632677,True,True
2007-07-09 00:00:00+00:00,2.75,2.3653571428571425,0.15244446258190295,2.523167130037293,True,True
2007-07-10 00:00:00+00:00,2.64,2.3661507936507937,0.15392301938236289,1.779130941220252,True,True
2007-07-11 00:00:00+00:00,2.71,2.3664682539682538,0.15440615899756968,2.224857792344626,True,True
2007-07-12 00:00:00+00:00,2.74,2.3671825396825397,0.15557757193484914,2.3963445095645564,True,True
2007-07-13 00:00:00+00:00,2.73,2.3679761904761905,0.1569666122432927,2.30637461272774,True,True
2007-07-16 00:00:00+00:00,2.69,2.3688492063492066,0.1583652325853096,2.0279122406352226,True,True
2007-07-17 00:00:00+00:00,2.73,2.3696031746031747,0.15944075967724428,2.2603807591382283,True,True
2007-07-18 00:00:00+00:00,2.64,2.3705555555555557,0.16087314324033739,1.6748876724681525,True,True
2007-07-19 00:00:00+00:00,2.65,2.370912698412698,0.161372229123022,1.7294630129607982,True,True
2007-07-20 00:00:00+00:00,2.6,2.3715476190476195,0.16215550586384417,1.4088475117471708,True,True
2007-07-23 00:00:00+00:00,2.63,2.372142857142857,0.16271896503555994,1.5846778696066064,True,True
2007-07-24 00:00:00+00:00,2.58,2.3726984126984125,0.16336068518345292,1.2689808877135236,True,True
2007-07-25 00:00:00+00:00,2.56,2.3730555555555557,0.16371614758772682,1.1418815260374406,True,True
2007-07-26 00:00:00+00:00,2.47,2.3733730158730157,0.1640016632957665,0.589182952082162,False,True
2007-07-27 00:00:00+00:00,2.48,2.3734920634920633,0.16406109764799032,0.6491967811678319,False,False
2007-07-30 00:00:00+00:00,2.49,2.373531746031746,0.16408574119124184,0.7098011876151417,False,False
2007-07-31 00:00:00+00:00,2.44,2.3738492063492065,0.16423390022596637,0.40278403886029507,False,False
2007-08-01 00:00:00+00:00,2.44,2.373968253968254,0.16427107790473763,0.40196817890266917,False,False
2007-08-02 00:00:00+00:00,2.46,2.374126984126984,0.16431565115100982,0.5226100817024232,False,False
2007-08-03 00:00:00+00:00,2.44,2.3745238095238097,0.16440212648200614,0.39826851317131007,False,False
2007-08-06 00:00:00+00:00,2.46,2.3748809523809524,0.16444639021053017,0.5176097055707642,False,False
2007-08-07 00:00:00+00:00,2.51,2.375515873015873,0.1644650017445588,0.8177066583017023,False,False
2007-08-08 00:00:00+00:00,2.58,2.376388888888889,0.16459311038924584,1.2370573144258077,False,False
2007-08-09 00:00:00+00:00,2.54,2.377619047619048,0.16495286576048526,0.9844081921967476,False,False
2007-08-10 00:00:00+00:00,2.56,2.3786507936507935,0.16515284807250702,1.0980689008135596,False,False
2007-08-13 00:00:00+00:00,2.52,2.3796825396825394,0.16547137308747378,0.847986317508129,False,False
2007-08-14 00:00:00+00:00,2.49,2.380436507936508,0.16567683207306394,0.6613084683751947,False,False
2007-08-15 00:00:00+00:00,2.46,2.3809523809523814,0.16581527941278545,0.4767209591755119,False,False
2007-08-16 00:00:00+00:00,2.39,2.3815079365079366,0.16584477675405662,0.05120488964603965,False,False
2007-08-17 00:00:00+00:00,2.45,2.3819444444444446,0.16572125618004072,0.41066280285505147,False,False
2007-08-20 00:00:00+00:00,2.44,2.3826190476190474,0.16565061187159358,0.34639746713059044,False,False
2007-08-21 00:00:00+00:00,2.38,2.383333333333333,0.16550779040655553,-0.02014003887759556,False,False
2007-08-22 00:00:00+00:00,2.42,2.3839285714285716,0.16522362865908471,0.21831882560730181,False,False
2007-08-23 00:00:00+00:00,2.39,2.3847222222222224,0.16491311917104923,0.0320033833833654,False,False
2007-08-24 00:00:00+00:00,2.4,2.385277777777778,0.16469312953054638,0.08939184205307886,False,False
2007-08-27 00:00:00+00:00,2.38,2.3857539682539683,0.164560948469204,-0.03496557541442012,False,False
2007-08-28 00:00:00+00:00,2.33,2.386309523809524,0.16430304157467698,-0.34271747662036317,False,False
2007-08-29 00:00:00+00:00,2.38,2.3865079365079365,0.16420431088633053,-0.03963316476168311,False,False
2007-08-30 00:00:00+00:00,2.32,2.386865079365079,0.1640914065148657,-0.40748678303895075,False,False
2007-08-31 00:00:00+00:00,2.34,2.3870238095238094,0.16400694593617537,-0.2867184024151591,False,False
2007-09-04 00:00:00+00:00,2.36,2.387420634920635,0.1637706030066397,-0.16743319263178905,False,False
2007-09-05 00:00:00+00:00,2.29,2.387857142857143,0.16354931341006962,-0.5983341710018935,False,False
2007-09-06 00:00:00+00:00,2.32,2.3877777777777776,0.1635920925084657,-0.4143096205843219,False,False
2007-09-07 00:00:00+00:00,2.19,2.387777777777778,0.1635920925084657,-1.2089690567870404,False,False
2007-09-10 00:00:00+00:00,2.14,2.3871825396825392,0.16403890806532068,-1.5068531155066605,False,False
2007-09-11 00:00:00+00:00,2.16,2.386349206349206,0.1647603749532862,-1.3738085168438219,False,False
2007-09-12 00:00:00+00:00,2.18,2.3854761904761905,0.16537585896875692,-1.2424799590308357,False,False
2007-09-13 00:00:00+00:00,2.24,2.3847619047619046,0.16587430697454947,-0.8727204797552862,False,False
2007-09-14 00:00:00+00:00,2.2,2.384325396825397,0.16611071665936034,-1.1096538533596778,False,False
2007-09-17 00:00:00+00:00,2.21,2.3837301587301587,0.1665024993028022,-1.0434087143293405,False,False
2007-09-18 00:00:00+00:00,2.19,2.3830555555555555,0.16686167210721756,-1.1569796293992967,False,False
2007-09-19 00:00:00+00:00,2.21,2.382261904761905,0.16730355923712614,-1.0296368203246133,False,False
2007-09-20 00:00:00+00:00,2.34,2.3817063492063495,0.167643216644809,-0.2487804161782114,False,False
2007-09-21 00:00:00+00:00,2.31,2.3815079365079366,0.16766294903345497,-0.42649814356818955,False,False
2007-09-24 00:00:00+00:00,2.33,2.3815079365079366,0.16766294903345497,-0.3072112044126026,False,False
2007-09-25 00:00:00+00:00,2.34,2.3817460317460317,0.1675465297331635,-0.24916082602556475,False,False
2007-09-26 00:00:00+00:00,2.34,2.382142857142857,0.16732775358586638,-0.251858142117656,False,False
2007-09-27 00:00:00+00:00,2.27,2.3825,0.1671405282249047,-0.6730863016576061,False,False
2007-09-28 00:00:00+00:00,2.27,2.3825396825396825,0.1671125131296926,-0.6734365992829199,False,False
2007-10-01 00:00:00+00:00,2.26,2.3825396825396825,0.1671125131296926,-0.7332765227735052,False,False
2007-10-02 00:00:00+00:00,2.23,2.3825,0.1671405282249047,-0.912405875580311,False,False
2007-10-03 00:00:00+00:00,2.25,2.38234126984127,0.1672667389392002,-0.7911989597009766,False,False
2007-10-04 00:00:00+00:00,2.24,2.3821825396825393,0.16737366173365287,-0.8494917193650147,False,False
2007-10-05 00:00:00+00:00,2.34,2.3820634920634918,0.16746441596366998,-0.2511786866567357,False,False
2007-10-09 00:00:00+00:00,2.34,2.38218253968254,0.16742364143053493,-0.2519509151880544,False,False
2007-10-10 00:00:00+00:00,2.33,2.382063492063492,0.1674430031363271,-0.31093262237481256,False,False
2007-10-11 00:00:00+00:00,2.32,2.381706349206349,0.16745774599162636,-0.3684890707261449,False,False
2007-10-12 00:00:00+00:00,2.36,2.3811904761904765,0.16744676096462008,-0.1265505290660952,False,False
2007-10-15 00:00:00+00:00,2.34,2.380873015873016,0.16741065211112469,-0.24414823882225412,False,False
2007-10-16 00:00:00+00:00,2.31,2.3803571428571426,0.16733519402663938,-0.42045633775009617,False,False
2007-10-17 00:00:00+00:00,2.22,2.3798015873015874,0.16733545856955406,-0.9549774367467052,False,False
2007-10-18 00:00:00+00:00,2.2,2.3788492063492064,0.16756001802579046,-1.067373998024267,False,False
2007-10-19 00:00:00+00:00,2.09,2.3778174603174604,0.16785854891225546,-1.714642847698577,False,False
2007-10-22 00:00:00+00:00,2.11,2.376230158730159,0.16868271745057323,-1.578289481897686,False,False
2007-10-23 00:00:00+00:00,2.11,2.3747222222222226,0.16935876904257752,-1.5630854175355422,False,False
2007-10-24 00:00:00+00:00,2.07,2.3730555555555557,0.1698903703484741,-1.7838300954547175,False,False
2007-10-25 00:00:00+00:00,2.04,2.371269841269841,0.17070271507926943,-1.9406243252546334,False,False
2007-10-26 00:00:00+00:00,2.05,2.36968253968254,0.1719164835130298,-1.8595223282257924,False,False
2007-10-29 00:00:00+00:00,2.04,2.3682539682539683,0.1730719831133083,-1.8966326169560561,False,False
2007-10-30 00:00:00+00:00,2.06,2.3669444444444445,0.1743027912477115,-1.7609841027056672,False,False
2007-10-31 00:00:00+00:00,2.14,2.3656349206349208,0.17536528083945077,-1.2866567404610287,False,False
2007-11-01 00:00:00+00:00,2.0,2.36484126984127,0.1759334088392333,-2.0737463807949026,False,False
2007-11-02 00:00:00+00:00,1.92,2.363690476190476,0.1773675125004869,-2.501531819076834,False,False
2007-11-05 00:00:00+00:00,1.94,2.3621031746031744,0.17953664706484165,-2.3510697203269437,False,False
2007-11-06 00:00:00+00:00,1.93,2.360277777777778,0.18147778233244533,-2.370966694917846,False,False
2007-11-07 00:00:00+00:00,1.91,2.3585714285714285,0.1834907828409751,-2.4446537402382194,False,False
2007-11-08 00:00:00+00:00,1.88,2.3569444444444443,0.18563927689040569,-2.5692000768027885,False,False
2007-11-09 00:00:00+00:00,1.82,2.35531746031746,0.18800986033283024,-2.8472839635633886,False,False
2007-11-13 00:00:00+00:00,1.86,2.3534920634920637,0.19095406285289984,-2.584349639484874,False,False
2007-11-14 00:00:00+00:00,1.88,2.351944444444445,0.19336140864061876,-2.4407375171826566,False,False
2007-11-15 00:00:00+00:00,1.81,2.35031746031746,0.19559669257967374,-2.7624059138800052,False,False
2007-11-16 00:00:00+00:00,1.8,2.3484523809523807,0.1984892786508375,-2.7631335288248153,False,False
2007-11-19 00:00:00+00:00,1.7,2.346468253968254,0.20145246239672915,-3.209036247445494,False,False
2007-11-20 00:00:00+00:00,1.68,2.3437698412698413,0.2055147909179091,-3.2297910934059137,False,False
2007-11-21 00:00:00+00:00,1.62,2.341190476190476,0.20972418670866366,-3.4387568144074425,False,False
2007-11-23 00:00:00+00:00,1.63,2.3383730158730156,0.2145878374607676,-3.3010865119628474,False,False
2007-11-26 00:00:00+00:00,1.45,2.335674603174603,0.2191725231188471,-4.040992869778402,False,False
2007-11-27 00:00:00+00:00,1.58,2.3323015873015875,0.22615322062853563,-3.326512818215702,False,False
2007-11-28 00:00:00+00:00,1.71,2.329563492063492,0.2310348448575581,-2.6816885238478934,False,False
2007-11-29 00:00:00+00:00,1.61,2.3274603174603175,0.23424350223505128,-3.062882473215342,False,False
2007-11-30 00:00:00+00:00,1.63,2.3250793650793655,0.23845367063360656,-2.9149451263737616,False,False
2007-12-03 00:00:00+00:00,1.57,2.3227380952380954,0.24235408157018806,-3.105943544920638,False,False
2007-12-04 00:00:00+00:00,1.59,2.3203968253968252,0.24674260599941222,-2.9601568907745306,False,False
2007-12-05 00:00:00+00:00,1.66,2.318373015873016,0.25061862056546524,-2.62699161932798,False,False
2007-12-06 00:00:00+00:00,1.77,2.3165873015873015,0.25369355262381066,-2.154517905300527,False,False
2007-12-07 00:00:00+00:00,1.86,2.315238095238095,0.2556928382785808,-1.7804100353491596,False,False
2007-12-10 00:00:00+00:00,1.89,2.314126984126984,0.2570620705463544,-1.6499010656280533,False,False
2007-12-11 00:00:00+00:00,1.73,2.313095238095238,0.25824249478483113,-2.2579368224469625,False,False
2007-12-12 00:00:00+00:00,1.78,2.3111904761904762,0.26076384010698933,-2.0370557358433325,False,False
2007-12-13 00:00:00+00:00,1.87,2.3096428571428573,0.2627548495929891,-1.673205491064656,False,False
2007-12-14 00:00:00+00:00,1.9,2.3085317460317465,0.2640215850921099,-1.547342221618816,False,False
2007-12-17 00:00:00+00:00,1.86,2.307261904761905,0.26521592131219124,-1.686406692890143,False,False
2007-12-18 00:00:00+00:00,1.8,2.305793650793651,0.26666556393245994,-1.896734033951817,False,False
2007-12-19 00:00:00+00:00,1.73,2.3038492063492066,0.26856091528458226,-2.136756220618044,False,False
2007-12-20 00:00:00+00:00,1.74,2.301547619047619,0.27098239772130595,-2.0722660356158906,False,False
2007-12-21 00:00:00+00:00,1.84,2.2992857142857144,0.2732807279870475,-1.6806370418754255,False,False
2007-12-24 00:00:00+00:00,1.88,2.2973809523809523,0.2748043232012314,-1.5188296440129736,False,False
2007-12-26 00:00:00+00:00,1.95,2.2957539682539685,0.2760590382756445,-1.252463858505273,False,False
2007-12-27 00:00:00+00:00,1.85,2.2941666666666665,0.27689459642593595,-1.6041001608547913,False,False
2007-12-28 00:00:00+00:00,1.78,2.292222222222222,0.27828841952989336,-1.8406163759437353,False,False
2007-12-31 00:00:00+00:00,1.73,2.289801587301587,0.28008173308630335,-1.998707952614289,False,False
2008-01-02 00:00:00+00:00,1.59,2.2871031746031747,0.2821868593247045,-2.470360158766421,False,False
2008-01-03 00:00:00+00:00,1.58,2.2838492063492066,0.28547274184067106,-2.465556612554067,False,False
2008-01-04 00:00:00+00:00,1.56,2.2806746031746035,0.28882772624533565,-2.495171126896761,False,False
2008-01-07 00:00:00+00:00,1.57,2.2775000000000003,0.2923276895671207,-2.4202291649062304,False,False
2008-01-08 00:00:00+00:00,1.57,2.2743650793650794,0.2956564605755721,-2.3823767557585236,False,False
2008-01-09 00:00:00+00:00,1.56,2.271150793650794,0.2988888204190325,-2.3793154680519115,False,False
2008-01-10 00:00:00+00:00,1.68,2.2678968253968255,0.3021449568832201,-1.9457442926113422,False,False
2008-01-11 00:00:00+00:00,1.56,2.2650793650793655,0.30430443456383327,-2.3170196848756817,False,False
2008-01-14 00:00:00+00:00,1.53,2.2616666666666663,0.3073670476678223,-2.3804330106895293,False,False
2008-01-15 00:00:00+00:00,1.45,2.2580952380952386,0.31061490046612067,-2.6015984322792622,False,False
2008-01-16 00:00:00+00:00,1.5,2.253968253968254,0.3144072507225317,-2.3980625517877776,False,False
2008-01-17 00:00:00+00:00,1.43,2.250079365079365,0.3176444579151638,-2.5817524740141726,False,False
2008-01-18 00:00:00+00:00,1.42,2.2458333333333336,0.32141944273383993,-2.569332229280191,False,False
2008-01-22 00:00:00+00:00,1.28,2.2416666666666667,0.32528442962946147,-2.9563870233878764,False,False
2008-01-23 00:00:00+00:00,1.31,2.236944444444444,0.33055155658783375,-2.8042356055223645,False,False
2008-01-24 00:00:00+00:00,1.44,2.2324603174603177,0.3354147970326089,-2.3626277805009153,False,False
2008-01-25 00:00:00+00:00,1.34,2.2284126984126984,0.3387954117066639,-2.6222689791971105,False,False
2008-01-28 00:00:00+00:00,1.33,2.224047619047619,0.34311713486988954,-2.605662988491213,False,False
2008-01-29 00:00:00+00:00,1.37,2.2194841269841272,0.34732118238182486,-2.445817214943871,False,False
2008-01-30 00:00:00+00:00,1.45,2.215079365079365,0.35102296954785506,-2.179570659050737,False,False
2008-01-31 00:00:00+00:00,1.33,2.2109126984126983,0.3538478868234543,-2.489523694265307,False,False
2008-02-01 00:00:00+00:00,1.31,2.2064285714285714,0.3578164507223142,-2.505274896162476,False,False
2008-02-04 00:00:00+00:00,1.38,2.2021031746031743,0.362030491757248,-2.270811971148603,False,False
2008-02-05 00:00:00+00:00,1.34,2.1979761904761905,0.36544830220189006,-2.347736151205885,False,False
2008-02-06 00:00:00+00:00,1.36,2.193690476190476,0.3691481949963951,-2.2584167754053825,False,False
2008-02-07 00:00:00+00:00,1.47,2.1895238095238096,0.3726065336422877,-1.9310552675777068,False,False
2008-02-08 00:00:00+00:00,1.36,2.1858333333333335,0.37511074062080013,-2.20157207966532,False,False
2008-02-11 00:00:00+00:00,1.32,2.1817063492063493,0.3784512698153716,-2.2769281488386466,False,False
2008-02-12 00:00:00+00:00,1.36,2.1774603174603175,0.3820899468746714,-2.1394447149075373,False,False
2008-02-13 00:00:00+00:00,1.42,2.1732142857142858,0.38520495102879826,-1.9553598252115272,False,False
2008-02-14 00:00:00+00:00,1.57,2.1690873015873016,0.3876833332116067,-1.5453006365385988,False,False
2008-02-15 00:00:00+00:00,1.48,2.1655555555555557,0.38907399629187295,-1.7620184388814055,False,False
2008-02-19 00:00:00+00:00,1.56,2.161984126984127,0.3912224580711547,-1.5387258951137195,False,False
2008-02-20 00:00:00+00:00,1.55,2.1587301587301586,0.3928088332576487,-1.5496855141515724,False,False
2008-02-21 00:00:00+00:00,1.43,2.155515873015873,0.39446586477431067,-1.8392361362648433,False,False
2008-02-22 00:00:00+00:00,1.44,2.1518253968253966,0.3968880958498674,-1.7935166216087821,False,False
2008-02-25 00:00:00+00:00,1.53,2.1482936507936508,0.399249127258782,-1.548641208156957,False,False
2008-02-26 00:00:00+00:00,1.44,2.1450396825396827,0.40093665038533355,-1.7584815004118002,False,False
2008-02-27 00:00:00+00:00,1.42,2.141626984126984,0.403265717351314,-1.7894578018352163,False,False
2008-02-28 00:00:00+00:00,1.26,2.138293650793651,0.40574738608413763,-2.164631691826904,False,False
2008-02-29 00:00:00+00:00,1.1,2.1348015873015873,0.4095021274035944,-2.526974875228705,False,False
2008-03-03 00:00:00+00:00,1.08,2.130436507936508,0.41463492310546496,-2.5334009496091645,False,False
2008-03-04 00:00:00+00:00,1.15,2.126031746031746,0.4198625830311748,-2.3246456947540755,False,False
2008-03-05 00:00:00+00:00,1.16,2.122063492063492,0.4243369657412979,-2.267215844329776,False,False
2008-03-06 00:00:00+00:00,1.07,2.1180555555555554,0.4286304848220846,-2.4451260296863415,False,False
2008-03-07 00:00:00+00:00,1.01,2.113611111111111,0.4336586402810344,-2.5448844058449085,False,False
2008-03-10 00:00:00+00:00,0.9,2.1090476190476193,0.4391841922195121,-2.752939747073856,False,False
2008-03-11 00:00:00+00:00,1.05,2.1040079365079367,0.44572002710922093,-2.3647309351205315,False,False
2008-03-12 00:00:00+00:00,0.95,2.0992460317460315,0.45053822061086435,-2.5508291620360666,False,False
2008-03-13 00:00:00+00:00,1.05,2.0942063492063494,0.4562489590441291,-2.288676672038943,False,False
2008-03-14 00:00:00+00:00,1.01,2.0898412698412696,0.4609508345968302,-2.3426387128374566,False,False
2008-03-17 00:00:00+00:00,1.05,2.085198412698413,0.46590480911110016,-2.221909695831361,False,False
2008-03-18 00:00:00+00:00,1.08,2.0807539682539677,0.47041287598084985,-2.127394931882578,False,False
2008-03-19 00:00:00+00:00,1.04,2.0764682539682537,0.47458917753609925,-2.1839272849609292,False,False
2008-03-20 00:00:00+00:00,1.02,2.0719444444444446,0.4790110463847948,-2.1960755443610505,False,False
2008-03-24 00:00:00+00:00,1.24,2.0673809523809523,0.4835298143741837,-1.7111270655601736,False,False
2008-03-25 00:00:00+00:00,1.25,2.0638095238095233,0.48630709747683903,-1.6734477617783112,False,False
2008-03-26 00:00:00+00:00,1.24,2.06015873015873,0.4889528352538365,-1.6773780025898615,False,False
2008-03-27 00:00:00+00:00,1.23,2.0563888888888884,0.4916028499786478,-1.6810091498142894,False,False
2008-03-28 00:00:00+00:00,1.13,2.0526984126984127,0.4943052796395604,-1.866657004698048,False,False
2008-03-31 00:00:00+00:00,1.11,2.048611111111111,0.4976615191122747,-1.8860431740541228,False,False
2008-04-01 00:00:00+00:00,1.22,2.0444047619047616,0.501099232780069,-1.6451926244848005,False,False
2008-04-02 00:00:00+00:00,1.26,2.0405952380952384,0.5037066223621631,-1.5497021548666345,False,False
2008-04-03 00:00:00+00:00,1.28,2.036825396825397,0.5059835608145633,-1.4957509599857612,False,False
2008-04-04 00:00:00+00:00,1.18,2.0331349206349207,0.5081025691410395,-1.6790604347408977,False,False
2008-04-07 00:00:00+00:00,1.23,2.028888888888889,0.5107470073660969,-1.5641577480967122,False,False
2008-04-08 00:00:00+00:00,1.26,2.024920634920635,0.5130577750396937,-1.4909054537989515,False,False
2008-04-09 00:00:00+00:00,1.19,2.0211111111111113,0.5151632584183975,-1.6132965570229236,False,False
2008-04-10 00:00:00+00:00,1.26,2.016825396825397,0.5175711753792992,-1.4622634196557827,False,False
2008-04-11 00:00:00+00:00,1.19,2.0128174603174602,0.5195098042058844,-1.5838343254661147,False,False
2008-04-14 00:00:00+00:00,1.23,2.008531746031746,0.5218292860400352,-1.4919280440155598,False,False
2008-04-15 00:00:00+00:00,1.28,2.0043650793650793,0.5238411547683891,-1.382795285882702,False,False
2008-04-16 00:00:00+00:00,1.41,2.0003968253968254,0.5255297472160899,-1.1234317914910785,False,False
2008-04-17 00:00:00+00:00,1.44,1.9968253968253968,0.5264746329248825,-1.057649052779424,False,False
2008-04-18 00:00:00+00:00,1.45,1.9934126984126983,0.5272882784616497,-1.0305798945466629,False,False
2008-04-21 00:00:00+00:00,1.44,1.9900793650793651,0.5280604155217768,-1.0416977847806135,False,False
2008-04-22 00:00:00+00:00,1.43,1.9868253968253966,0.5289162802785227,-1.0527666052029583,False,False
2008-04-23 00:00:00+00:00,1.44,1.9834920634920634,0.5297707802607067,-1.02590041531661,False,False
2008-04-24 00:00:00+00:00,1.56,1.9801984126984127,0.5305619439912885,-0.7919874718819109,False,False
2008-04-25 00:00:00+00:00,1.6,1.9774603174603174,0.5309443387487086,-0.7109225768371287,False,False
2008-04-28 00:00:00+00:00,1.56,1.9750396825396825,0.5312703695768655,-0.7812212129771968,False,False
2008-04-29 00:00:00+00:00,1.56,1.972420634920635,0.5316846240891536,-0.775686593583868,False,False
2008-04-30 00:00:00+00:00,1.5,1.9696428571428573,0.5320046575041887,-0.8827795969796741,False,False
2008-05-01 00:00:00+00:00,1.52,1.9666666666666668,0.5325276118385978,-0.8387671488517024,False,False
2008-05-02 00:00:00+00:00,1.53,1.9639682539682541,0.5330631311364735,-0.8141029244379511,False,False
2008-05-05 00:00:00+00:00,1.53,1.9613492063492066,0.5335692835592541,-0.8084221105679601,False,False
2008-05-06 00:00:00+00:00,1.55,1.958611111111111,0.534006930617728,-0.7651794156275057,False,False
2008-05-07 00:00:00+00:00,1.51,1.9558333333333333,0.5343056893961713,-0.8344162193690615,False,False
2008-05-08 00:00:00+00:00,1.43,1.952936507936508,0.5347376278270065,-0.9779310090100556,False,False
2008-05-09 00:00:00+00:00,1.39,1.9496031746031746,0.5353710420439332,-1.0452623146495341,False,False
2008-05-12 00:00:00+00:00,1.41,1.9461111111111111,0.5361422957670069,-0.9999418351132864,False,False
2008-05-13 00:00:00+00:00,1.51,1.9426190476190477,0.5367590192398697,-0.8059837508304944,False,False
2008-05-14 00:00:00+00:00,1.49,1.9396031746031748,0.5370472625579241,-0.8371761778688558,False,False
2008-05-15 00:00:00+00:00,1.4,1.936388888888889,0.5373055615658558,-0.9982939453031244,False,False
2008-05-16 00:00:00+00:00,1.41,1.9327380952380953,0.5378139709858745,-0.9719682333277,False,False
2008-05-19 00:00:00+00:00,1.36,1.9289285714285715,0.5381042817012375,-1.057283115514119,False,False
2008-05-20 00:00:00+00:00,1.31,1.9248809523809522,0.5385338530406469,-1.1417684309152294,False,False
2008-05-21 00:00:00+00:00,1.3,1.920515873015873,0.5390438374670372,-1.151141762294644,False,False
2008-05-22 00:00:00+00:00,1.41,1.9159126984126984,0.5393713696700854,-0.9379672835103346,False,False
2008-05-23 00:00:00+00:00,1.36,1.9118650793650795,0.5393253252213325,-1.0232508164503509,False,False
2008-05-27 00:00:00+00:00,1.46,1.907420634920635,0.5392396277595068,-0.8297250644942925,False,False
2008-05-28 00:00:00+00:00,1.58,1.9032936507936509,0.5386657793030842,-0.60017484535944,False,False
2008-05-29 00:00:00+00:00,1.62,1.8997222222222223,0.5378097849269502,-0.520113672272096,False,False
2008-05-30 00:00:00+00:00,1.58,1.8962698412698413,0.5367969548351558,-0.5891796486941028,False,False
2008-06-02 00:00:00+00:00,1.51,1.8924603174603174,0.5356154988071681,-0.714057599737252,False,False
2008-06-03 00:00:00+00:00,1.51,1.8884523809523812,0.5346790243482314,-0.7078122831051975,False,False
2008-06-04 00:00:00+00:00,1.59,1.8843650793650795,0.5336142958951362,-0.5516439151452698,False,False
2008-06-05 00:00:00+00:00,1.63,1.8804761904761904,0.5321666712268963,-0.47067244910081313,False,False
2008-06-06 00:00:00+00:00,1.47,1.8768253968253967,0.5307089910085329,-0.7665696336749187,False,False
2008-06-09 00:00:00+00:00,1.54,1.87234126984127,0.5293464310138204,-0.6278332116167477,False,False
2008-06-10 00:00:00+00:00,1.62,1.8682142857142856,0.5278593031656585,-0.4702281161394785,False,False
2008-06-11 00:00:00+00:00,1.62,1.8639285714285714,0.5254579134260116,-0.46422094937755326,False,False
2008-06-12 00:00:00+00:00,1.73,1.8596825396825396,0.523073869849588,-0.2479239494793161,False,False
2008-06-13 00:00:00+00:00,1.77,1.8557539682539683,0.520297021921181,-0.16481733440895813,False,False
2008-06-16 00:00:00+00:00,1.76,1.851547619047619,0.5166614264640871,-0.17719073721866563,False,False
2008-06-17 00:00:00+00:00,1.75,1.8476190476190475,0.5135571263512797,-0.1900841067333857,False,False
2008-06-18 00:00:00+00:00,1.68,1.8435714285714284,0.510267431305723,-0.32056019752792303,False,False
2008-06-19 00:00:00+00:00,1.75,1.8394047619047618,0.5072785396505417,-0.1762439269880245,False,False
2008-06-20 00:00:00+00:00,1.72,1.8355158730158732,0.5041707835941264,-0.22912052180490325,False,False
2008-06-23 00:00:00+00:00,1.75,1.831746031746032,0.501450611844927,-0.16301910859231689,False,False
2008-06-24 00:00:00+00:00,1.64,1.8278571428571428,0.4982464983680574,-0.3770365541402598,False,False
2008-06-25 00:00:00+00:00,1.65,1.8234920634920635,0.4950315977847172,-0.350466645499896,False,False
2008-06-26 00:00:00+00:00,1.55,1.8193253968253966,0.49203450028626733,-0.5473709601028021,False,False
2008-06-27 00:00:00+00:00,1.48,1.8148809523809522,0.4893710754797674,-0.6843088387531754,False,False
2008-06-30 00:00:00+00:00,1.48,1.8100396825396825,0.4866066729874531,-0.6782473419722143,False,False
2008-07-01 00:00:00+00:00,1.49,1.8051984126984129,0.4837778377852123,-0.651535453011708,False,False
2008-07-02 00:00:00+00:00,1.43,1.8002777777777776,0.4806299010829079,-0.7704010444283728,False,False
2008-07-03 00:00:00+00:00,1.42,1.795436507936508,0.4781748666795604,-0.7851447955504938,False,False
2008-07-07 00:00:00+00:00,1.43,1.7907142857142857,0.4759694298185567,-0.7578517928174355,False,False
2008-07-08 00:00:00+00:00,1.45,1.7857539682539683,0.4731700196695414,-0.7095841965821429,False,False
2008-07-09 00:00:00+00:00,1.39,1.7805555555555554,0.46960660921585795,-0.8316653724437553,False,False
2008-07-10 00:00:00+00:00,1.4,1.775,0.46588347293992866,-0.8049223073606493,False,False
2008-07-11 00:00:00+00:00,1.48,1.769642857142857,0.4623759351512005,-0.6264228631365549,False,False
2008-07-14 00:00:00+00:00,1.43,1.7650396825396824,0.4594414572089602,-0.7292325872702032,False,False
2008-07-15 00:00:00+00:00,1.4,1.7599603174603173,0.45601556730249154,-0.7893597132870308,False,False
2008-07-16 00:00:00+00:00,1.48,1.7546428571428572,0.45233994487074913,-0.6071603011344338,False,False
2008-07-17 00:00:00+00:00,1.6,1.7496825396825395,0.4484385241845429,-0.3337860857399075,False,False
2008-07-18 00:00:00+00:00,1.65,1.7453571428571428,0.44457270705828383,-0.21449167108821532,False,False
2008-07-21 00:00:00+00:00,1.66,1.7410714285714286,0.44022726254333794,-0.18415812801563522,False,False
2008-07-22 00:00:00+00:00,1.71,1.7371825396825396,0.43656801518796756,-0.06226415755821219,False,False
2008-07-23 00:00:00+00:00,1.8,1.733452380952381,0.432736573386747,0.15378320932477293,False,False
2008-07-24 00:00:00+00:00,1.69,1.7302777777777776,0.42927475462968523,-0.09382750171862154,False,False
2008-07-25 00:00:00+00:00,1.79,1.726547619047619,0.42549290109092813,0.14912676754346418,False,False
2008-07-28 00:00:00+00:00,1.7,1.7234126984126985,0.42207637514039736,-0.055470288771577586,False,False
2008-07-29 00:00:00+00:00,1.76,1.72,0.41874884789043365,0.09552265087178485,False,False
2008-07-30 00:00:00+00:00,1.71,1.7171825396825398,0.41606245510321666,-0.017263128634757367,False,False
2008-07-31 00:00:00+00:00,1.65,1.714126984126984,0.413255985688298,-0.15517496744826917,False,False
2008-08-01 00:00:00+00:00,1.63,1.7107936507936508,0.41035035691186883,-0.19688943711825005,False,False
2008-08-04 00:00:00+00:00,1.64,1.7075793650793651,0.4077800331417432,-0.16572504680697506,False,False
2008-08-05 00:00:00+00:00,1.74,1.704404761904762,0.4051609817991571,0.08785455582907778,False,False
2008-08-06 00:00:00+00:00,1.79,1.701547619047619,0.40234024781797895,0.21984472453871262,False,False
2008-08-07 00:00:00+00:00,1.68,1.6989682539682542,0.3996618677706583,-0.04746075494782762,False,False
2008-08-08 00:00:00+00:00,1.72,1.695873015873016,0.3967543016057482,0.06081089487709903,False,False
2008-08-11 00:00:00+00:00,1.8,1.6927380952380953,0.39340282121280473,0.27265159012137136,False,False
2008-08-12 00:00:00+00:00,1.72,1.6896428571428572,0.3894426902544262,0.07795021865042626,False,False
2008-08-13 00:00:00+00:00,1.75,1.6863888888888887,0.38571718211307426,0.1649164570855531,False,False
2008-08-14 00:00:00+00:00,1.67,1.683174603174603,0.38176284495833596,-0.0345099145938128,False,False
2008-08-15 00:00:00+00:00,1.66,1.6798015873015872,0.37807696511591293,-0.05237448754783683,False,False
2008-08-18 00:00:00+00:00,1.67,1.6765079365079365,0.37458995900446135,-0.017373494274199337,False,False
2008-08-19 00:00:00+00:00,1.68,1.6733730158730158,0.3712981047831694,0.01784814961782305,False,False
2008-08-20 00:00:00+00:00,1.6,1.6705555555555553,0.36852198722548213,-0.19145548434369392,False,False
2008-08-21 00:00:00+00:00,1.61,1.6671825396825397,0.36523473652112526,-0.15656380394484237,False,False
2008-08-22 00:00:00+00:00,1.69,1.663888888888889,0.36196557742222557,0.07213700069786716,False,False
2008-08-25 00:00:00+00:00,1.64,1.6611507936507937,0.35912557742095924,-0.058895258317959484,False,False
2008-08-26 00:00:00+00:00,1.63,1.6580555555555554,0.3559060443981479,-0.07882854477225479,False,False
2008-08-27 00:00:00+00:00,1.58,1.6550396825396825,0.35288621916701496,-0.21264554540217798,False,False
2008-08-28 00:00:00+00:00,1.62,1.6517857142857142,0.34975629778878625,-0.09087960527563997,False,False
2008-08-29 00:00:00+00:00,1.68,1.6487698412698413,0.34671548579608535,0.0900743116750376,False,False
2008-09-02 00:00:00+00:00,1.69,1.646190476190476,0.34403478269176285,0.12734039118589646,False,False
2008-09-03 00:00:00+00:00,1.71,1.6434523809523809,0.3409028113804015,0.19520994496393554,False,False
2008-09-04 00:00:00+00:00,1.7,1.6410317460317458,0.3382350001446328,0.17434107630209372,False,False
2008-09-05 00:00:00+00:00,1.71,1.6384920634920637,0.3353563068236625,0.21322973521871677,False,False
2008-09-08 00:00:00+00:00,1.68,1.6359126984126984,0.33227029077685044,0.13268505434002276,False,False
2008-09-09 00:00:00+00:00,1.69,1.6334920634920633,0.3296982018744342,0.171392916875712,False,False
2008-09-10 00:00:00+00:00,1.7,1.6309920634920634,0.3268481133183928,0.2111315124548809,False,False
2008-09-11 00:00:00+00:00,1.67,1.629047619047619,0.3249613610409882,0.1260223086867716,False,False
2008-09-12 00:00:00+00:00,1.79,1.6271825396825397,0.3233619436887987,0.5035146018115068,False,False
2008-09-15 00:00:00+00:00,1.7,1.6257142857142857,0.32176908542764354,0.23086653643865665,False,False
2008-09-16 00:00:00+00:00,1.85,1.6238095238095238,0.31989006364266215,0.7070881590218621,False,False
2008-09-17 00:00:00+00:00,1.81,1.6222619047619047,0.31783387072435904,0.5906799511651512,False,False
2008-09-18 00:00:00+00:00,1.94,1.6207142857142856,0.31595344498312267,1.010546709825461,False,False
2008-09-19 00:00:00+00:00,1.85,1.6196428571428572,0.31440114362407645,0.7326854482837907,False,False
2008-09-22 00:00:00+00:00,1.85,1.6182936507936507,0.3126685443164207,0.7410606324755918,False,False
2008-09-23 00:00:00+00:00,1.99,1.6168650793650796,0.3107709435154195,1.2006750580155399,False,False
2008-09-24 00:00:00+00:00,2.05,1.6154761904761903,0.30829852336742314,1.4094255294435971,False,False
2008-09-25 00:00:00+00:00,2.09,1.6144444444444443,0.30639415688196064,1.5521038664544926,False,False
2008-09-26 00:00:00+00:00,2.1,1.6134920634920635,0.3045284185518478,1.5975781137979594,False,False
2008-09-29 00:00:00+00:00,2.03,1.6125396825396825,0.3026165746414294,1.3795024874462556,False,False
2008-09-30 00:00:00+00:00,2.25,1.6113095238095239,0.3002685906359267,2.127063889159434,True,False
2008-10-01 00:00:00+00:00,2.26,1.611230158730159,0.3000963898987421,2.1618715289735655,True,True
2008-10-02 00:00:00+00:00,2.17,1.611190476190476,0.3000095805717483,1.8626389288787484,True,True
2008-10-03 00:00:00+00:00,2.18,1.6108333333333333,0.2992868349288976,1.901743078013723,True,True
2008-10-06 00:00:00+00:00,2.21,1.6106349206349206,0.298891034073956,2.0052962820449665,True,True
2008-10-07 00:00:00+00:00,2.32,1.6104761904761906,0.2985605763618926,2.3764819125475496,True,True
2008-10-08 00:00:00+00:00,2.69,1.6107936507936509,0.2992742966923929,3.6060776389213407,True,True
2008-10-09 00:00:00+00:00,2.79,1.6121825396825396,0.3034548714006672,3.881359540813985,True,True
2008-10-10 00:00:00+00:00,2.97,1.613968253968254,0.30902772439757864,4.38805854288707,True,True
2008-10-14 00:00:00+00:00,3.05,1.6165079365079367,0.317450796037579,4.515635435112817,True,True
2008-10-15 00:00:00+00:00,3.02,1.619404761904762,0.3270805955619721,4.282110455647213,True,True
2008-10-16 00:00:00+00:00,3.02,1.6220238095238095,0.3355667612021204,4.1660150888250636,True,True
2008-10-17 00:00:00+00:00,2.87,1.6247222222222222,0.3439915717231458,3.6200822349799107,True,True
2008-10-20 00:00:00+00:00,2.76,1.6269444444444443,0.3501891760929831,3.2355527609302914,True,True
2008-10-21 00:00:00+00:00,2.63,1.6290873015873018,0.35544534704861513,2.815939797000074,True,True
2008-10-22 00:00:00+00:00,2.59,1.630793650793651,0.3592091871304152,2.6703279970901677,True,True
2008-10-23 00:00:00+00:00,2.67,1.6327777777777777,0.36311542376813616,2.8564532221152095,True,True
2008-10-24 00:00:00+00:00,3.02,1.635,0.36773182242919333,3.7663316458468357,True,True
2008-10-27 00:00:00+00:00,3.02,1.6386111111111112,0.37677185065471197,3.6663802948348336,True,True
2008-10-28 00:00:00+00:00,3.06,1.6423809523809523,0.38575104696339635,3.674958392928392,True,True
2008-10-29 00:00:00+00:00,3.05,1.6464285714285714,0.3951760196559282,3.55176265450897,True,True
2008-10-30 00:00:00+00:00,3.06,1.6503968253968253,0.4041633940296315,3.4877061985970674,True,True
2008-10-31 00:00:00+00:00,3.14,1.6544444444444444,0.4130897195806259,3.5962055823217076,True,True
2008-11-03 00:00:00+00:00,3.09,1.6587301587301588,0.42280223236450515,3.3851993478499858,True,True
2008-11-04 00:00:00+00:00,2.88,1.6624999999999999,0.4312611220345396,2.823115597010599,True,True
2008-11-05 00:00:00+00:00,2.76,1.6659920634920635,0.43752223385337546,2.500462495066172,True,True
2008-11-06 00:00:00+00:00,2.81,1.669325396825397,0.4426351069652887,2.577008884349642,True,True
2008-11-07 00:00:00+00:00,2.86,1.672777777777778,0.44811360058150623,2.649377793223844,True,True
2008-11-10 00:00:00+00:00,2.84,1.676468253968254,0.45403089187962414,2.5626708817430632,True,True
2008-11-12 00:00:00+00:00,2.79,1.68015873015873,0.4596811368902662,2.4143720087130927,True,True
2008-11-13 00:00:00+00:00,2.95,1.6837698412698412,0.4648030840853764,2.7242292533876005,True,True
2008-11-14 00:00:00+00:00,2.87,1.6882539682539683,0.4715247444679322,2.5062227287340186,True,True
2008-11-17 00:00:00+00:00,2.85,1.6922619047619047,0.4772481322521797,2.4258619719989647,True,True
2008-11-18 00:00:00+00:00,2.92,1.6961111111111111,0.4826495139769549,2.5357715142075663,True,True
2008-11-19 00:00:00+00:00,2.98,1.700515873015873,0.48871990257543463,2.6180315559926206,True,True
2008-11-20 00:00:00+00:00,3.06,1.7051984126984125,0.49528570401643135,2.7353940893408892,True,True
2008-11-21 00:00:00+00:00,3.15,1.710595238095238,0.502584597601401,2.8640049232992046,True,True
2008-11-24 00:00:00+00:00,3.11,1.7164285714285712,0.5106935590080391,2.7287820729093855,True,True
2008-11-25 00:00:00+00:00,2.79,1.7223412698412697,0.5181437857125072,2.0605452764247225,True,True
2008-11-26 00:00:00+00:00,2.68,1.7269444444444444,0.522454928467302,1.8241871281633493,True,True
2008-11-28 00:00:00+00:00,2.6,1.731825396825397,0.5255934241216546,1.6517988302944488,True,True
2008-12-01 00:00:00+00:00,2.38,1.7358730158730158,0.5283399090623419,1.2191526195137,True,True
2008-12-02 00:00:00+00:00,2.26,1.7385317460317458,0.5298927078727391,0.9841015855109515,False,True
2008-12-03 00:00:00+00:00,2.14,1.7411111111111113,0.5308457091170723,0.7514215186034747,False,False
2008-12-04 00:00:00+00:00,1.98,1.7431349206349207,0.5313923056657055,0.44574427751328627,False,False
2008-12-05 00:00:00+00:00,2.23,1.7447619047619045,0.5314877476982262,0.9129807739492974,False,False
2008-12-08 00:00:00+00:00,2.47,1.7473015873015874,0.5322738005224134,1.3577568762338152,False,False
2008-12-09 00:00:00+00:00,2.41,1.750515873015873,0.5341867741784766,1.2345571977111278,False,False
2008-12-10 00:00:00+00:00,2.44,1.7530555555555556,0.5357987194997971,1.2820942257677503,False,False
2008-12-11 00:00:00+00:00,2.35,1.7553571428571426,0.537502961567469,1.1063061967300734,False,False
2008-12-12 00:00:00+00:00,2.43,1.7571825396825398,0.5387417079650487,1.248868335920838,False,False
2008-12-15 00:00:00+00:00,2.43,1.7599603174603173,0.5404030501268074,1.2398887874197893,False,False
2008-12-16 00:00:00+00:00,2.21,1.7625396825396826,0.5420478162232669,0.8254997143573226,False,False
2008-12-17 00:00:00+00:00,1.86,1.7638888888888888,0.5427390650988942,0.17708530174366302,False,False
2008-12-18 00:00:00+00:00,1.85,1.7637301587301588,0.5427049474284579,0.15896269543629654,False,False
2008-12-19 00:00:00+00:00,1.98,1.7636904761904761,0.5426982456992423,0.398581579217782,False,False
2008-12-22 00:00:00+00:00,2.01,1.7644047619047618,0.5428646559855169,0.45240601941451536,False,False
2008-12-23 00:00:00+00:00,2.03,1.7655158730158729,0.5430804601541384,0.4870072602300227,False,False
2008-12-24 00:00:00+00:00,2.07,1.7666666666666668,0.5433333740701835,0.5582821667313056,False,False
2008-12-26 00:00:00+00:00,2.03,1.7675793650793652,0.5436501372792455,0.4827013127117863,False,False
2008-12-29 00:00:00+00:00,2.02,1.768174603174603,0.5438557940950542,0.46303707629780866,False,False
2008-12-30 00:00:00+00:00,2.02,1.768452380952381,0.5439668976796334,0.4624318503949971,False,False
2008-12-31 00:00:00+00:00,2.14,1.769126984126984,0.5441738060777558,0.6815341196706237,False,False
2009-01-02 00:00:00+00:00,2.29,1.7705555555555557,0.5446747712746025,0.9536781797858633,False,False
2009-01-05 00:00:00+00:00,2.34,1.7727777777777778,0.5456501497101519,1.0395346221815007,False,False
2009-01-06 00:00:00+00:00,2.09,1.7757539682539683,0.5466936356489751,0.5748119444869574,False,False
2009-01-07 00:00:00+00:00,2.05,1.7777777777777777,0.5469100290748155,0.49774589557761256,False,False
2009-01-08 00:00:00+00:00,1.97,1.779722222222222,0.5470037202272542,0.3478546319552024,False,False
2009-01-09 00:00:00+00:00,1.87,1.7813095238095238,0.5469730827158795,0.16214778933928972,False,False
2009-01-12 00:00:00+00:00,1.75,1.7825,0.5468377946934384,-0.05943261478153632,False,False
2009-01-13 00:00:00+00:00,1.74,1.7832539682539683,0.5466607495364887,-0.07912396909901283,False,False
2009-01-14 00:00:00+00:00,1.79,1.7834920634920635,0.546628664040871,0.0119055895456115,False,False
2009-01-15 00:00:00+00:00,1.78,1.7844047619047618,0.5464459991045749,-0.008060745090968904,False,False
2009-01-16 00:00:00+00:00,1.81,1.7853968253968255,0.5462091755144547,0.04504350294006261,False,False
2009-01-20 00:00:00+00:00,1.82,1.7868253968253969,0.545799097334578,0.060781711323107904,False,False
2009-01-21 00:00:00+00:00,1.98,1.7880952380952382,0.5455012889372653,0.35179524924428096,False,False
2009-01-22 00:00:00+00:00,1.97,1.7902777777777779,0.5451630135810014,0.3296669395116964,False,False
2009-01-23 00:00:00+00:00,1.93,1.7924603174603173,0.5447755289154257,0.2524703758509592,False,False
2009-01-26 00:00:00+00:00,1.92,1.7950396825396826,0.5438775480415123,0.22975818345562507,False,False
2009-01-27 00:00:00+00:00,1.77,1.7974603174603176,0.5430670411358344,-0.050565244031167654,False,False
2009-01-28 00:00:00+00:00,1.81,1.7987698412698414,0.542599316742163,0.020696964378034942,False,False
2009-01-29 00:00:00+00:00,1.83,1.8006349206349206,0.5418233140390439,0.05419678076636515,False,False
2009-01-30 00:00:00+00:00,1.73,1.8026190476190476,0.541007881277042,-0.1342291861767915,False,False
2009-02-02 00:00:00+00:00,1.69,1.8040476190476191,0.5403358533141979,-0.21106802065437263,False,False
2009-02-03 00:00:00+00:00,1.76,1.8050000000000002,0.5399206817945446,-0.08334557559535005,False,False
2009-02-04 00:00:00+00:00,1.78,1.806706349206349,0.5390923694028467,-0.0495394680431699,False,False
2009-02-05 00:00:00+00:00,1.84,1.8085714285714285,0.5381793333802739,0.058397953022778684,False,False
2009-02-06 00:00:00+00:00,1.82,1.8103968253968252,0.537499598137388,0.017866384712570908,False,False
2009-02-09 00:00:00+00:00,1.66,1.8123015873015873,0.5366758578619099,-0.28378691731793076,False,False
2009-02-10 00:00:00+00:00,1.65,1.8134920634920635,0.5360008584465977,-0.305022017998041,False,False
2009-02-11 00:00:00+00:00,1.66,1.8142063492063492,0.5356611183802603,-0.28788042274309655,False,False
2009-02-12 00:00:00+00:00,1.61,1.8153968253968256,0.5349805831732173,-0.38393323394752366,False,False
2009-02-13 00:00:00+00:00,1.68,1.816547619047619,0.5342220632497671,-0.2556008604679782,False,False
2009-02-17 00:00:00+00:00,1.53,1.8178174603174602,0.5335123771632264,-0.5394766319158952,False,False
2009-02-18 00:00:00+00:00,1.63,1.8182539682539682,0.5332305203500635,-0.3530442483494389,False,False
2009-02-19 00:00:00+00:00,1.73,1.8184920634920634,0.5331326161387501,-0.16598508666187656,False,False
2009-02-20 00:00:00+00:00,1.67,1.8194841269841269,0.5327326865181973,-0.2805987519953327,False,False
2009-02-23 00:00:00+00:00,1.7,1.819920634920635,0.5325642636070431,-0.22517589540915836,False,False
2009-02-24 00:00:00+00:00,1.82,1.8205158730158733,0.5323451570935082,-0.0009690574038275263,False,False
2009-02-25 00:00:00+00:00,1.98,1.8220634920634922,0.531771927057911,0.29700046185271495,False,False
2009-02-26 00:00:00+00:00,2.02,1.8242063492063492,0.5313140189496596,0.36850834687311673,False,False
2009-02-27 00:00:00+00:00,2.06,1.8261507936507937,0.5311296173230955,0.44028651146929315,False,False
2009-03-02 00:00:00+00:00,2.0,1.8286111111111112,0.5307696204527697,0.32290636518097365,False,False
2009-03-03 00:00:00+00:00,2.02,1.8309126984126987,0.5302479690510217,0.35660165172477437,False,False
2009-03-04 00:00:00+00:00,2.09,1.8339285714285714,0.5291480437912948,0.4839315416092279,False,False
2009-03-05 00:00:00+00:00,1.98,1.8378571428571429,0.527349392624066,0.26954208942113483,False,False
2009-03-06 00:00:00+00:00,2.02,1.8414285714285714,0.5252397885871616,0.33998077154772777,False,False
2009-03-09 00:00:00+00:00,2.06,1.8448809523809522,0.5235334151391109,0.4108984095349242,False,False
2009-03-10 00:00:00+00:00,2.15,1.848452380952381,0.5219099784559039,0.5777770717083476,False,False
2009-03-11 00:00:00+00:00,2.03,1.8527380952380952,0.5199226525154983,0.34093899141395967,False,False
2009-03-12 00:00:00+00:00,1.88,1.8567857142857143,0.5172995172548309,0.044875908327689125,False,False
2009-03-13 00:00:00+00:00,1.87,1.860674603174603,0.5137495371503087,0.01815164034428836,False,False
2009-03-16 00:00:00+00:00,1.88,1.8639285714285714,0.5111849008389856,0.03143956041160679,False,False
2009-03-17 00:00:00+00:00,1.9,1.8676190476190475,0.5079070852874065,0.06375369298624604,False,False
2009-03-18 00:00:00+00:00,1.28,1.8709920634920636,0.5052712260647304,-1.1696531150110485,False,False
2009-03-19 00:00:00+00:00,1.31,1.872063492063492,0.5037221099775062,-1.1158205703708162,False,False
2009-03-20 00:00:00+00:00,1.43,1.873095238095238,0.5022958672972841,-0.8821399237851817,False,False
2009-03-23 00:00:00+00:00,1.4,1.874484126984127,0.5005750992867422,-0.9478780060378723,False,False
2009-03-24 00:00:00+00:00,1.36,1.8759126984126984,0.49869427148486156,-1.0345270196839615,False,False
2009-03-25 00:00:00+00:00,1.44,1.8772619047619048,0.4968258238659764,-0.8801110645968767,False,False
2009-03-26 00:00:00+00:00,1.3,1.8780555555555556,0.49596277339987793,-1.165522064474563,False,False
2009-03-27 00:00:00+00:00,1.38,1.8782539682539683,0.49572045741178017,-1.0051107651586864,False,False
2009-03-30 00:00:00+00:00,1.39,1.8788095238095237,0.49508035026216946,-0.987333719770286,False,False
2009-03-31 00:00:00+00:00,1.43,1.8794444444444445,0.49434701677759224,-0.9091679107808808,False,False
2009-04-01 00:00:00+00:00,1.37,1.8806349206349204,0.49289412168338675,-1.0359931234134894,False,False
2009-04-02 00:00:00+00:00,1.44,1.8816666666666666,0.49154484501554724,-0.898527715518402,False,False
2009-04-03 00:00:00+00:00,1.53,1.8825396825396825,0.4905593790716081,-0.7186483381621809,False,False
2009-04-06 00:00:00+00:00,1.52,1.8836111111111111,0.48948795869635486,-0.7428397464148261,False,False
2009-04-07 00:00:00+00:00,1.61,1.8845634920634922,0.48854141796600903,-0.5620065811545895,False,False
2009-04-08 00:00:00+00:00,1.57,1.8862698412698413,0.4868186571848344,-0.649666639932743,False,False
2009-04-09 00:00:00+00:00,1.62,1.8876190476190478,0.4854618346919965,-0.5512669142958267,False,False
2009-04-13 00:00:00+00:00,1.55,1.889047619047619,0.4841354533244048,-0.7003156177046866,False,False
2009-04-14 00:00:00+00:00,1.52,1.8904761904761906,0.48259318963475617,-0.767678032830468,False,False
2009-04-15 00:00:00+00:00,1.55,1.8915079365079366,0.4815166402494964,-0.7092339245658992,False,False
2009-04-16 00:00:00+00:00,1.59,1.8929365079365081,0.47995860953735947,-0.631172150924668,False,False
2009-04-17 00:00:00+00:00,1.7,1.8943650793650793,0.4785111305315968,-0.4061871646520563,False,False
2009-04-20 00:00:00+00:00,1.66,1.896031746031746,0.47709208707119305,-0.49472995345765336,False,False
2009-04-21 00:00:00+00:00,1.69,1.8970238095238097,0.476336734558459,-0.43461651076671787,False,False
2009-04-22 00:00:00+00:00,1.65,1.8980158730158732,0.47564093029065985,-0.5214350936205449,False,False
2009-04-23 00:00:00+00:00,1.52,1.8988095238095237,0.4750568968110495,-0.7973982197761724,False,False
2009-04-24 00:00:00+00:00,1.53,1.8991269841269842,0.4747757194832022,-0.7774765409839879,False,False
2009-04-27 00:00:00+00:00,1.48,1.8995238095238096,0.4744237135605899,-0.8842808601940408,False,False
2009-04-28 00:00:00+00:00,1.54,1.8996825396825399,0.4742760245078914,-0.758382294478719,False,False
2009-04-29 00:00:00+00:00,1.59,1.8996031746031745,0.4743347630105177,-0.6527102771008783,False,False
2009-04-30 00:00:00+00:00,1.69,1.899563492063492,0.4743603450843645,-0.44178122019500066,False,False
2009-05-01 00:00:00+00:00,1.8,1.900079365079365,0.4740601875344275,-0.21111109456348717,False,False
2009-05-04 00:00:00+00:00,1.77,1.901031746031746,0.4736151199620889,-0.27666292841798346,False,False
2009-05-05 00:00:00+00:00,1.77,1.9021031746031745,0.4730092917791439,-0.2792824092446278,False,False
2009-05-06 00:00:00+00:00,1.74,1.903095238095238,0.47246655360991047,-0.3451995423783938,False,False
2009-05-07 00:00:00+00:00,1.74,1.9039285714285712,0.4719908277617074,-0.347313044632582,False,False
2009-05-08 00:00:00+00:00,1.77,1.9047619047619047,0.4715131432738926,-0.2858073135060503,False,False
2009-05-11 00:00:00+00:00,1.7,1.9056349206349206,0.4710571243418619,-0.43653924335020666,False,False
2009-05-12 00:00:00+00:00,1.69,1.906388888888889,0.4705731602619549,-0.45984111964318436,False,False
2009-05-13 00:00:00+00:00,1.67,1.907420634920635,0.4698089100930144,-0.5053557517111155,False,False
2009-05-14 00:00:00+00:00,1.68,1.908531746031746,0.46891056557737126,-0.4873674487380211,False,False
2009-05-15 00:00:00+00:00,1.66,1.9096031746031745,0.46807463700420515,-0.5332550727394618,False,False
2009-05-18 00:00:00+00:00,1.66,1.9101984126984126,0.46765963923007586,-0.5350010813640513,False,False
2009-05-19 00:00:00+00:00,1.65,1.9108730158730158,0.4671734449168674,-0.5584072012471466,False,False
2009-05-20 00:00:00+00:00,1.56,1.9118650793650795,0.4663489768168092,-0.7545102420226791,False,False
2009-05-21 00:00:00+00:00,1.67,1.9124603174603174,0.4658012614324843,-0.520523101879708,False,False
2009-05-22 00:00:00+00:00,1.72,1.9136904761904763,0.4647445764537787,-0.41676758805541403,False,False
2009-05-26 00:00:00+00:00,1.72,1.9153174603174603,0.4633382877951639,-0.42154396790063625,False,False
2009-05-27 00:00:00+00:00,1.83,1.916984126984127,0.46186917973521263,-0.18833065898442178,False,False
2009-05-28 00:00:00+00:00,1.87,1.9186507936507937,0.460788953038589,-0.10558151042896058,False,False
2009-05-29 00:00:00+00:00,1.67,1.9206746031746031,0.45944356314891266,-0.5456047777806298,False,False
2009-06-01 00:00:00+00:00,1.8,1.9215079365079364,0.45879465753795556,-0.26484165521889086,False,False
2009-06-02 00:00:00+00:00,1.69,1.9223809523809523,0.4583513302549729,-0.5069930794172297,False,False
2009-06-03 00:00:00+00:00,1.68,1.9226587301587301,0.45818852854737474,-0.5296045514889846,False,False
2009-06-04 00:00:00+00:00,1.83,1.9230555555555555,0.4579338111423342,-0.20320743585939777,False,False
2009-06-05 00:00:00+00:00,1.88,1.9243253968253966,0.4572269843403916,-0.09694396512782763,False,False
2009-06-08 00:00:00+00:00,1.94,1.9257936507936506,0.45648466794743964,0.031121196841566372,False,False
2009-06-09 00:00:00+00:00,1.88,1.9271825396825395,0.45599110393212816,-0.10347250039676754,False,False
2009-06-10 00:00:00+00:00,1.91,1.9281746031746032,0.455613768061563,-0.03989037304980546,False,False
2009-06-11 00:00:00+00:00,1.89,1.9299206349206348,0.45469309474541225,-0.08779687965788643,False,False
2009-06-12 00:00:00+00:00,1.91,1.9313095238095237,0.45403137937234667,-0.04693403314762535,False,False
2009-06-15 00:00:00+00:00,1.9,1.9324603174603174,0.45360650674440106,-0.07156051991689863,False,False
2009-06-16 00:00:00+00:00,1.88,1.9335714285714285,0.4531808154052209,-0.11821203976502538,False,False
2009-06-17 00:00:00+00:00,1.95,1.9341666666666666,0.45301084391126734,0.034951334048936564,False,False
2009-06-18 00:00:00+00:00,1.98,1.9348809523809525,0.4528928548370347,0.09962411006745243,False,False
2009-06-19 00:00:00+00:00,1.91,1.9357539682539682,0.45276642679773604,-0.05688135588170123,False,False
2009-06-22 00:00:00+00:00,1.89,1.936388888888889,0.45261706411562125,-0.10249036672872539,False,False
2009-06-23 00:00:00+00:00,1.84,1.9372222222222222,0.45233636761194446,-0.21493346364232252,False,False
2009-06-24 00:00:00+00:00,1.93,1.937579365079365,0.452223472824337,-0.016760220410560408,False,False
2009-06-25 00:00:00+00:00,1.82,1.9384126984126984,0.4520143718379665,-0.26196666696948673,False,False
2009-06-26 00:00:00+00:00,1.85,1.938690476190476,0.4519196234336337,-0.19625276618133058,False,False
2009-06-29 00:00:00+00:00,1.83,1.9395238095238094,0.4515601236242905,-0.24254535286409823,False,False
2009-06-30 00:00:00+00:00,1.78,1.9402380952380953,0.45124257711737725,-0.3551041133168915,False,False
2009-07-01 00:00:00+00:00,1.83,1.9411507936507937,0.45068237890199064,-0.24662777790778778,False,False
2009-07-02 00:00:00+00:00,1.87,1.9425396825396826,0.4497939971290065,-0.16127312281332465,False,False
2009-07-06 00:00:00+00:00,2.03,1.9440873015873015,0.4488661682167474,0.19139936242914393,False,False
2009-07-07 00:00:00+00:00,1.87,1.946230158730159,0.44797783209772124,-0.1701650244013192,False,False
2009-07-08 00:00:00+00:00,1.79,1.9479761904761905,0.44681372116675566,-0.35356163652197264,False,False
2009-07-09 00:00:00+00:00,1.87,1.9494444444444443,0.44567832816964736,-0.17825512129053692,False,False
2009-07-10 00:00:00+00:00,1.8,1.9511904761904761,0.4444955189460545,-0.3401394834057373,False,False
2009-07-13 00:00:00+00:00,1.84,1.952579365079365,0.4434688659989059,-0.25386080897873603,False,False
2009-07-14 00:00:00+00:00,1.86,1.9543650793650793,0.4420983936772773,-0.21344813895425227,False,False
2009-07-15 00:00:00+00:00,1.87,1.956190476190476,0.4407479285063563,-0.19555503410433595,False,False
2009-07-16 00:00:00+00:00,1.82,1.9577380952380954,0.43975278601268974,-0.3132171065634151,False,False
2009-07-17 00:00:00+00:00,1.81,1.9592857142857143,0.4385728004665278,-0.3403898147055926,False,False
2009-07-20 00:00:00+00:00,1.73,1.9609126984126983,0.4372482318460005,-0.5281043617668102,False,False
2009-07-21 00:00:00+00:00,1.71,1.961904761904762,0.4364356065931569,-0.5771865496290417,False,False
2009-07-22 00:00:00+00:00,1.75,1.9623412698412699,0.43612709983939385,-0.4868793292585251,False,False
2009-07-23 00:00:00+00:00,1.8,1.9627380952380953,0.43588720128968406,-0.3733491021452175,False,False
2009-07-24 00:00:00+00:00,1.81,1.9632936507936507,0.4355889280301767,-0.3519227439661432,False,False
2009-07-27 00:00:00+00:00,1.85,1.9636904761904763,0.4354027665874057,-0.26111564949749405,False,False
2009-07-28 00:00:00+00:00,1.86,1.9638888888888888,0.43533926362979014,-0.23863891352845026,False,False
2009-07-29 00:00:00+00:00,1.84,1.964563492063492,0.43504477025703825,-0.28632338687785136,False,False
2009-07-30 00:00:00+00:00,1.78,1.9647619047619047,0.4349762356208974,-0.4247632160827598,False,False
2009-07-31 00:00:00+00:00,1.71,1.965079365079365,0.4348113957239292,-0.5866436979064832,False,False
2009-08-03 00:00:00+00:00,1.78,1.9648809523809523,0.43491674538081243,-0.42509504254445474,False,False
2009-08-04 00:00:00+00:00,1.81,1.9651587301587303,0.43477563775175826,-0.35687080113564346,False,False
2009-08-05 00:00:00+00:00,1.85,1.9657936507936509,0.434430255039166,-0.2665414055547568,False,False
2009-08-06 00:00:00+00:00,1.87,1.9666666666666668,0.4339735795288544,-0.22274781513568945,False,False
2009-08-07 00:00:00+00:00,1.88,1.967579365079365,0.4335254506776458,-0.20201666347954725,False,False
2009-08-10 00:00:00+00:00,1.83,1.9681349206349208,0.4333223058737295,-0.3187810061067416,False,False
2009-08-11 00:00:00+00:00,1.8,1.9682936507936508,0.4332641156428182,-0.3884320088312867,False,False
2009-08-12 00:00:00+00:00,1.84,1.9687698412698413,0.43301186761243055,-0.29738178304410207,False,False
2009-08-13 00:00:00+00:00,1.8,1.9692460317460319,0.4328031339685956,-0.39104622509113435,False,False
2009-08-14 00:00:00+00:00,1.85,1.9692460317460319,0.4328031339685956,-0.2755202594135659,False,False
2009-08-17 00:00:00+00:00,1.79,1.9697619047619048,0.43258228480214905,-0.4155554008507834,False,False
2009-08-18 00:00:00+00:00,1.78,1.969920634920635,0.4325086573653907,-0.4391140655484888,False,False
2009-08-19 00:00:00+00:00,1.7,1.970357142857143,0.432260194703231,-0.6254500094387759,False,False
2009-08-20 00:00:00+00:00,1.6,1.970515873015873,0.43215310541514707,-0.8573717702663214,False,False
2009-08-21 00:00:00+00:00,1.69,1.9702380952380953,0.43236948247954277,-0.6481449468426687,False,False
2009-08-24 00:00:00+00:00,1.67,1.9702777777777778,0.43234319661996673,-0.6945356839782182,False,False
2009-08-25 00:00:00+00:00,1.72,1.9705555555555554,0.43212678078338457,-0.579819549950905,False,False
2009-08-26 00:00:00+00:00,1.72,1.9709920634920635,0.431816564936429,-0.5812469550097364,False,False
2009-08-27 00:00:00+00:00,1.75,1.971111111111111,0.43174291860376907,-0.5121360457426174,False,False
2009-08-28 00:00:00+00:00,1.76,1.9715476190476189,0.43146233523608923,-0.4903037919448135,False,False
2009-08-31 00:00:00+00:00,1.76,1.972063492063492,0.43112992922438026,-0.49187838210398116,False,False
2009-09-01 00:00:00+00:00,1.74,1.9727777777777777,0.43062659597565406,-0.5405559711201351,False,False
2009-09-02 00:00:00+00:00,1.71,1.9732539682539683,0.43030116270078067,-0.6117900463053773,False,False
2009-09-03 00:00:00+00:00,1.69,1.973373015873016,0.43022385045466144,-0.6586641246726488,False,False
2009-09-04 00:00:00+00:00,1.7,1.973373015873016,0.43022385045466144,-0.6354204109886399,False,False
2009-09-08 00:00:00+00:00,1.66,1.9733333333333334,0.430248700431635,-0.7282609639935939,False,False
2009-09-09 00:00:00+00:00,1.66,1.973174603174603,0.43035730692454977,-0.7277083440563233,False,False
2009-09-10 00:00:00+00:00,1.59,1.9729761904761904,0.43049063020904826,-0.8896272383215759,False,False
2009-09-11 00:00:00+00:00,1.59,1.9726190476190475,0.43077189787900494,-0.8882172897140038,False,False
2009-09-14 00:00:00+00:00,1.65,1.9722222222222223,0.4310792328588987,-0.7474779522206594,False,False
2009-09-15 00:00:00+00:00,1.64,1.9720238095238094,0.4312165125615573,-0.7699700726938471,False,False
2009-09-16 00:00:00+00:00,1.62,1.971904761904762,0.4313043578042106,-0.8159081992501177,False,False
2009-09-17 00:00:00+00:00,1.62,1.9712301587301586,0.4317227541575131,-0.8135548922260719,False,False
2009-09-18 00:00:00+00:00,1.68,1.9709126984126983,0.43195234575292885,-0.6734833165580184,False,False
2009-09-21 00:00:00+00:00,1.69,1.9702380952380953,0.4322745628260819,-0.6482872677170326,False,False
2009-09-22 00:00:00+00:00,1.65,1.9697619047619048,0.43251781030637027,-0.7393034394014996,False,False
2009-09-23 00:00:00+00:00,1.63,1.9686111111111113,0.43298286215493487,-0.7820427566713847,False,False
2009-09-24 00:00:00+00:00,1.64,1.9677380952380952,0.43344451348708746,-0.7561246827221837,False,False
2009-09-25 00:00:00+00:00,1.6,1.9669047619047617,0.4338734357208899,-0.8456492877816814,False,False
2009-09-28 00:00:00+00:00,1.57,1.965357142857143,0.4344858566054986,-0.9099424914448172,False,False
2009-09-29 00:00:00+00:00,1.59,1.963452380952381,0.4351649246752529,-0.8581858504130916,False,False
2009-09-30 00:00:00+00:00,1.56,1.9614682539682537,0.4357251443038556,-0.9213795880650104,False,False
2009-10-01 00:00:00+00:00,1.5,1.9593253968253967,0.43636850411585315,-1.0526089589257996,False,False
2009-10-02 00:00:00+00:00,1.54,1.9572222222222222,0.4373027412129224,-0.9540809670321205,False,False
2009-10-05 00:00:00+00:00,1.51,1.954404761904762,0.4376959354728216,-1.0153275959135721,False,False
2009-10-06 00:00:00+00:00,1.53,1.9514285714285713,0.43815934136276535,-0.9618157862795804,False,False
2009-10-07 00:00:00+00:00,1.45,1.9488888888888887,0.4387418125086613,-1.1370899118010096,False,False
2009-10-08 00:00:00+00:00,1.49,1.9459920634920638,0.4396188678170538,-1.0372440695193812,False,False
2009-10-09 00:00:00+00:00,1.56,1.9431349206349204,0.4402354649416914,-0.8702954467461318,False,False
2009-10-13 00:00:00+00:00,1.46,1.9401190476190475,0.4402466550075171,-1.0905683033772275,False,False
2009-10-14 00:00:00+00:00,1.51,1.9352380952380952,0.4387154633995054,-0.9692799336112359,False,False
2009-10-15 00:00:00+00:00,1.5,1.93015873015873,0.43618224950591666,-0.9861903611299868,False,False
2009-10-16 00:00:00+00:00,1.45,1.9243253968253968,0.4320302543885283,-1.09789856614725,False,False
2009-10-19 00:00:00+00:00,1.38,1.9179761904761905,0.4271506067713287,-1.2594531810280007,False,False
2009-10-20 00:00:00+00:00,1.37,1.911468253968254,0.4227643648080148,-1.2807802621068705,False,False
2009-10-21 00:00:00+00:00,1.43,1.9049206349206347,0.418280955602235,-1.1354106099256915,False,False
2009-10-22 00:00:00+00:00,1.49,1.8992063492063493,0.41486637444457847,-0.9863569920656821,False,False
2009-10-23 00:00:00+00:00,1.51,1.8941666666666666,0.412072427200568,-0.9322794763933115,False,False
2009-10-26 00:00:00+00:00,1.59,1.889722222222222,0.4101398097819251,-0.7307806144972537,False,False
2009-10-27 00:00:00+00:00,1.49,1.8857539682539681,0.40817032587442287,-0.9695804500391958,False,False
2009-10-28 00:00:00+00:00,1.48,1.8810714285714285,0.40589977132256105,-0.9881045935665346,False,False
2009-10-29 00:00:00+00:00,1.5,1.8749603174603175,0.40023747733022585,-0.9368445952674923,False,False
2009-10-30 00:00:00+00:00,1.41,1.8689285714285715,0.3943223079246697,-1.163841259308728,False,False
2009-11-02 00:00:00+00:00,1.41,1.8623809523809525,0.38811615415725453,-1.165581353765707,False,False
2009-11-03 00:00:00+00:00,1.45,1.855873015873016,0.3818215303279103,-1.0629914335224893,False,False
2009-11-04 00:00:00+00:00,1.45,1.849484126984127,0.37500190138433653,-1.0652856039113754,False,False
2009-11-05 00:00:00+00:00,1.41,1.842777777777778,0.366854050875346,-1.1797001470888282,False,False
2009-11-06 00:00:00+00:00,1.37,1.836111111111111,0.35928541789157104,-1.2973282184577246,False,False
2009-11-09 00:00:00+00:00,1.3,1.8301190476190476,0.3543643454932531,-1.4959717430972208,False,False
2009-11-10 00:00:00+00:00,1.31,1.824325396825397,0.3510200577546252,-1.465230790842521,False,False
2009-11-12 00:00:00+00:00,1.33,1.818373015873016,0.3469332515368732,-1.4076858119237097,False,False
2009-11-13 00:00:00+00:00,1.31,1.8123015873015873,0.3419842793582054,-1.4687856068830003,False,False
2009-11-16 00:00:00+00:00,1.21,1.8062301587301588,0.33721450164945044,-1.7681035537136145,False,False
2009-11-17 00:00:00+00:00,1.2,1.7999603174603174,0.3335186048387816,-1.7988811081478653,False,False
2009-11-18 00:00:00+00:00,1.21,1.7930158730158732,0.3276446667282914,-1.7794151171072032,False,False
2009-11-19 00:00:00+00:00,1.21,1.7864285714285715,0.3225532212441944,-1.787080498545623,False,False
2009-11-20 00:00:00+00:00,1.21,1.7799206349206347,0.31751398885454435,-1.794946537557814,False,False
2009-11-23 00:00:00+00:00,1.2,1.7731349206349207,0.3112628397818807,-1.8413213766106757,False,False
2009-11-24 00:00:00+00:00,1.21,1.7660714285714285,0.3038754378527908,-1.8299321343662247,False,False
2009-11-25 00:00:00+00:00,1.16,1.7587301587301587,0.2946994799270959,-2.0316634385587493,False,False
2009-11-27 00:00:00+00:00,1.15,1.7508333333333335,0.28372820308720637,-2.117636973680273,False,False
2009-11-30 00:00:00+00:00,1.13,1.7430555555555556,0.2729822551784694,-2.2457707192533607,False,False
2009-12-01 00:00:00+00:00,1.14,1.7364682539682539,0.26759335226314696,-2.229009984454684,False,False
2009-12-02 00:00:00+00:00,1.18,1.7303571428571427,0.2635134041598022,-2.0885356652422518,False,False
2009-12-03 00:00:00+00:00,1.24,1.7247222222222223,0.26000214951269285,-1.8643008264766634,False,False
2009-12-04 00:00:00+00:00,1.34,1.7201984126984127,0.25846844405300035,-1.470966462043045,False,False
2009-12-07 00:00:00+00:00,1.31,1.716547619047619,0.25730828881386586,-1.5800020314996974,False,False
2009-12-08 00:00:00+00:00,1.31,1.7132539682539683,0.2571784670776632,-1.5679927360800114,False,False
2009-12-09 00:00:00+00:00,1.36,1.7105952380952383,0.2578721595180994,-1.3595699464045121,False,False
2009-12-10 00:00:00+00:00,1.4,1.707142857142857,0.25671183758903954,-1.1964499184278006,False,False
2009-12-11 00:00:00+00:00,1.41,1.7028968253968253,0.252863956600489,-1.1583178137941823,False,False
2009-12-14 00:00:00+00:00,1.37,1.6989285714285713,0.24954788372586525,-1.318098019977231,False,False
2009-12-15 00:00:00+00:00,1.37,1.6946825396825398,0.24596565208313745,-1.320032032654688,False,False
2009-12-16 00:00:00+00:00,1.34,1.6907936507936507,0.24329610170929714,-1.4418383538787531,False,False
2009-12-17 00:00:00+00:00,1.28,1.686468253968254,0.23976546264178042,-1.6952744131273592,False,False
2009-12-18 00:00:00+00:00,1.31,1.6819047619047618,0.23647886552878053,-1.5726765310428947,False,False
2009-12-21 00:00:00+00:00,1.39,1.6783333333333332,0.23526453704381703,-1.2255707424346427,False,False
2009-12-22 00:00:00+00:00,1.43,1.6764682539682538,0.2356812347356155,-1.0457695295288958,False,False
2009-12-23 00:00:00+00:00,1.46,1.6748015873015873,0.2359341024833104,-0.9104304339250071,False,False
2009-12-24 00:00:00+00:00,1.5,1.672738095238095,0.2355278103734439,-0.7334084877883766,False,False
2009-12-28 00:00:00+00:00,1.5,1.6707142857142856,0.2348083174220342,-0.7270367914925739,False,False
2009-12-29 00:00:00+00:00,1.46,1.6686111111111108,0.23394940959651223,-0.8916932574050868,False,False
2009-12-30 00:00:00+00:00,1.44,1.6661904761904762,0.23293333739483313,-0.9710523994556975,False,False
2009-12-31 00:00:00+00:00,1.48,1.6638492063492065,0.23222607364858805,-0.7916820168411108,False,False
2010-01-04 00:00:00+00:00,1.47,1.6617063492063493,0.23141661668397662,-0.8284035604415746,False,False
2010-01-05 00:00:00+00:00,1.43,1.6595238095238094,0.23061620950019493,-0.9952631257848137,False,False
2010-01-06 00:00:00+00:00,1.48,1.6567063492063492,0.22905458099559617,-0.7714595728157324,False,False
2010-01-07 00:00:00+00:00,1.44,1.6534920634920636,0.22579233649447167,-0.9455239571308072,False,False
2010-01-08 00:00:00+00:00,1.41,1.649920634920635,0.22197590060409927,-1.0808409123139038,False,False
2010-01-11 00:00:00+00:00,1.47,1.6472222222222221,0.22073451771975683,-0.8028749832739001,False,False
2010-01-12 00:00:00+00:00,1.35,1.6449206349206351,0.21953861808682107,-1.343365634213852,False,False
2010-01-13 00:00:00+00:00,1.43,1.6424603174603174,0.2193550361518082,-0.9685682224924202,False,False
2010-01-14 00:00:00+00:00,1.4,1.6407142857142856,0.21928779529564915,-1.0977094525016715,False,False
2010-01-15 00:00:00+00:00,1.34,1.639325396825397,0.21970085889737345,-1.3624225154495984,False,False
2010-01-19 00:00:00+00:00,1.35,1.637738095238095,0.22041441152048674,-1.3054413876714717,False,False
2010-01-20 00:00:00+00:00,1.31,1.6359920634920637,0.22094555930320936,-1.4754406674663971,False,False
2010-01-21 00:00:00+00:00,1.29,1.634126984126984,0.22170749848953936,-1.552166645113362,False,False
2010-01-22 00:00:00+00:00,1.31,1.632063492063492,0.2224826147836889,-1.4475894773918476,False,False
2010-01-25 00:00:00+00:00,1.33,1.6300396825396826,0.22308503017894757,-1.344956594797086,False,False
2010-01-26 00:00:00+00:00,1.31,1.6274603174603175,0.22278010349814265,-1.424994029877377,False,False
2010-01-27 00:00:00+00:00,1.35,1.6248412698412698,0.22261658077294638,-1.2345947857387536,False,False
2010-01-28 00:00:00+00:00,1.35,1.6225396825396825,0.22244722372582765,-1.225188060227693,False,False
2010-01-29 00:00:00+00:00,1.3,1.6202777777777777,0.2223084300469637,-1.440691105191636,False,False
2010-02-01 00:00:00+00:00,1.29,1.6184126984126983,0.22301774069969516,-1.4725855323542303,False,False
2010-02-02 00:00:00+00:00,1.26,1.6163492063492064,0.22364279705964546,-1.593385573040245,False,False
2010-02-03 00:00:00+00:00,1.3,1.6140873015873016,0.22435467509396273,-1.3999587994132845,False,False
2010-02-04 00:00:00+00:00,1.27,1.6123809523809522,0.22510353021892163,-1.5209932605142795,False,False
2010-02-05 00:00:00+00:00,1.32,1.6107142857142855,0.22607927450530635,-1.285895340695912,False,False
2010-02-08 00:00:00+00:00,1.35,1.6089682539682542,0.22662016720362008,-1.1427414301374554,False,False
2010-02-09 00:00:00+00:00,1.37,1.6072619047619046,0.22694586393349428,-1.0454559543391073,False,False
2010-02-10 00:00:00+00:00,1.44,1.6053968253968254,0.22695683214043966,-0.7287589619442643,False,False
2010-02-11 00:00:00+00:00,1.47,1.603888888888889,0.22678762103637298,-0.590371239298883,False,False
2010-02-12 00:00:00+00:00,1.46,1.6031349206349206,0.22691612972874511,-0.6307833683133222,False,False
2010-02-16 00:00:00+00:00,1.42,1.6023809523809525,0.22707539008698502,-0.8031735729313884,False,False
2010-02-17 00:00:00+00:00,1.46,1.6014285714285714,0.2273359109150595,-0.6221127619446539,False,False
2010-02-18 00:00:00+00:00,1.48,1.6008333333333333,0.22750968632240967,-0.5311129178126395,False,False
2010-02-19 00:00:00+00:00,1.52,1.6000396825396828,0.22758125034953805,-0.35169717372037984,False,False
2010-02-22 00:00:00+00:00,1.55,1.5999999999999999,0.22759438303098412,-0.21968907727038656,False,False
2010-02-23 00:00:00+00:00,1.5,1.5996825396825396,0.2276081644112861,-0.4379567839333481,False,False
2010-02-24 00:00:00+00:00,1.51,1.5987698412698412,0.22754465128817794,-0.39012053575988953,False,False
2010-02-25 00:00:00+00:00,1.51,1.5981349206349207,0.22756832880192746,-0.38728992342177887,False,False
2010-02-26 00:00:00+00:00,1.48,1.5973809523809523,0.22754423788247197,-0.5158599201337736,False,False
2010-03-01 00:00:00+00:00,1.46,1.596031746031746,0.22722675676112092,-0.5986607738047042,False,False
2010-03-02 00:00:00+00:00,1.46,1.593968253968254,0.2260842115259821,-0.5925590870057644,False,False
2010-03-03 00:00:00+00:00,1.46,1.5917460317460317,0.22462746269355788,-0.5865090143753384,False,False
2010-03-04 00:00:00+00:00,1.44,1.5893650793650793,0.22281697429652517,-0.6703487462598073,False,False
2010-03-05 00:00:00+00:00,1.48,1.587142857142857,0.22149386739906185,-0.4837283235017043,False,False
2010-03-08 00:00:00+00:00,1.49,1.585,0.21989584640673773,-0.43202271235392065,False,False
2010-03-09 00:00:00+00:00,1.48,1.5826190476190476,0.2176428543876985,-0.47150202981737677,False,False
2010-03-10 00:00:00+00:00,1.49,1.5806349206349206,0.2162805689671312,-0.41906178196107247,False,False
2010-03-11 00:00:00+00:00,1.49,1.578531746031746,0.21456113594938564,-0.4126178100242276,False,False
2010-03-12 00:00:00+00:00,1.45,1.5762698412698415,0.21245945149383608,-0.5943244246467656,False,False
2010-03-15 00:00:00+00:00,1.46,1.5734920634920635,0.20948358990325766,-0.5417706634895635,False,False
2010-03-16 00:00:00+00:00,1.42,1.5712301587301587,0.2076036548165882,-0.7284561481529129,False,False
2010-03-17 00:00:00+00:00,1.4,1.569404761904762,0.2068990430164954,-0.8187798234100868,False,False
2010-03-18 00:00:00+00:00,1.45,1.5675396825396828,0.20629606430591277,-0.5697621180275418,False,False
2010-03-19 00:00:00+00:00,1.5,1.5658333333333334,0.20547801619503128,-0.32039112773430284,False,False
2010-03-22 00:00:00+00:00,1.48,1.5642460317460318,0.20442862503376946,-0.41210486903248156,False,False
2010-03-23 00:00:00+00:00,1.49,1.5650396825396824,0.20370766104403049,-0.3683694670838272,False,False
2010-03-24 00:00:00+00:00,1.6,1.5657539682539683,0.2031245643185773,0.1685962102167066,False,False
2010-03-25 00:00:00+00:00,1.65,1.5664285714285715,0.20295413603033297,0.4117749468231485,False,False
2010-03-26 00:00:00+00:00,1.62,1.567420634920635,0.20274828281899887,0.25933322022906957,False,False
2010-03-29 00:00:00+00:00,1.66,1.568452380952381,0.20234970743220124,0.45242278928568597,False,False
2010-03-30 00:00:00+00:00,1.66,1.5693253968253968,0.2022678721434495,0.4482896972896227,False,False
2010-03-31 00:00:00+00:00,1.6,1.5707539682539682,0.2016283981495881,0.1450491697322035,False,False
2010-04-01 00:00:00+00:00,1.61,1.571626984126984,0.2012751475120836,0.19064954788177346,False,False
2010-04-02 00:00:00+00:00,1.69,1.5725000000000002,0.20096108719287015,0.5846903081651346,False,False
2010-04-05 00:00:00+00:00,1.7,1.5735317460317462,0.20089398550103071,0.6295273283211603,False,False
2010-04-06 00:00:00+00:00,1.68,1.57484126984127,0.20063736738308804,0.5241233551372543,False,False
2010-04-07 00:00:00+00:00,1.55,1.575793650793651,0.20056435584625773,-0.12860535803990517,False,False
2010-04-08 00:00:00+00:00,1.58,1.5758730158730159,0.20055011928357566,0.02057831798717951,False,False
2010-04-09 00:00:00+00:00,1.56,1.5761111111111112,0.20051913589510204,-0.08034700049545108,False,False
2010-04-12 00:00:00+00:00,1.52,1.5759126984126983,0.20051020658729796,-0.27885213109266377,False,False
2010-04-13 00:00:00+00:00,1.5,1.5757142857142856,0.20054081688608846,-0.37755050014228764,False,False
2010-04-14 00:00:00+00:00,1.54,1.575238095238095,0.20057770860290683,-0.17568300826418148,False,False
2010-04-15 00:00:00+00:00,1.49,1.5751984126984127,0.2005837107478921,-0.4247524007844091,False,False
2010-04-16 00:00:00+00:00,1.46,1.575079365079365,0.2006255000882349,-0.5736028821299053,False,False
2010-04-19 00:00:00+00:00,1.49,1.5747222222222221,0.2007503906468083,-0.4220276829810948,False,False
2010-04-20 00:00:00+00:00,1.47,1.574325396825397,0.20081889442086592,-0.5194999062526316,False,False
2010-04-21 00:00:00+00:00,1.42,1.5734126984126984,0.20076809756895586,-0.7641288644477356,False,False
2010-04-22 00:00:00+00:00,1.46,1.5724603174603173,0.2009248992835217,-0.5597131956334915,False,False
2010-04-23 00:00:00+00:00,1.47,1.571547619047619,0.20091123516772905,-0.5054352433941428,False,False
2010-04-26 00:00:00+00:00,1.46,1.5708333333333335,0.2009511744230307,-0.5515435958588313,False,False
2010-04-27 00:00:00+00:00,1.37,1.570595238095238,0.20104716612060378,-0.997752129343147,False,False
2010-04-28 00:00:00+00:00,1.4,1.5699603174603174,0.20142816384987966,-0.8437763330205674,False,False
2010-04-29 00:00:00+00:00,1.31,1.5696428571428571,0.20163344772040243,-1.2876973541755539,False,False
2010-04-30 00:00:00+00:00,1.29,1.568730158730159,0.20228765021488596,-1.3778901402733668,False,False
2010-05-03 00:00:00+00:00,1.32,1.5675396825396826,0.20304332553552112,-1.219147105115637,False,False
2010-05-04 00:00:00+00:00,1.31,1.5660714285714286,0.20349154190442312,-1.258388560895083,False,False
2010-05-05 00:00:00+00:00,1.3,1.564126984126984,0.20358840534488093,-1.2973576942142164,False,False
2010-05-06 00:00:00+00:00,1.25,1.5622619047619049,0.20384755958058048,-1.5318402898930386,False,False
2010-05-07 00:00:00+00:00,1.3,1.5601984126984128,0.20436755107826854,-1.2731884847940567,False,False
2010-05-10 00:00:00+00:00,1.33,1.558452380952381,0.2047045916313291,-1.1160100471210792,False,False
2010-05-11 00:00:00+00:00,1.31,1.556825396825397,0.20488516186302513,-1.204701182755297,False,False
2010-05-12 00:00:00+00:00,1.28,1.5550000000000002,0.20502744933321235,-1.3412838178222068,False,False
2010-05-13 00:00:00+00:00,1.28,1.5533333333333332,0.20555047072663088,-1.3297626240751803,False,False
2010-05-14 00:00:00+00:00,1.26,1.5517063492063492,0.20608633813116078,-1.415456996575371,False,False
2010-05-17 00:00:00+00:00,1.31,1.5500793650793652,0.20676601488434296,-1.1611161786604842,False,False
2010-05-18 00:00:00+00:00,1.25,1.5486111111111112,0.20715309780891888,-1.441499616803001,False,False
2010-05-19 00:00:00+00:00,1.32,1.546984126984127,0.20788354785350951,-1.09188114849799,False,False
2010-05-20 00:00:00+00:00,1.36,1.5456349206349207,0.20825014085501214,-0.8914035777971612,False,False
2010-05-21 00:00:00+00:00,1.33,1.544484126984127,0.2084722739120834,-1.0288376624825362,False,False
2010-05-24 00:00:00+00:00,1.35,1.5435714285714284,0.20890709456718823,-0.9265909756318605,False,False
2010-05-25 00:00:00+00:00,1.33,1.5423015873015875,0.20910800007337085,-1.0152724296875109,False,False
2010-05-26 00:00:00+00:00,1.3,1.5407539682539682,0.20923077430546497,-1.1506623203644082,False,False
2010-05-27 00:00:00+00:00,1.33,1.5390873015873017,0.20946992557068722,-0.9981733703187071,False,False
2010-05-28 00:00:00+00:00,1.32,1.5371031746031745,0.2090710369131525,-1.038418222861536,False,False
2010-06-01 00:00:00+00:00,1.32,1.5349206349206348,0.2084518767273452,-1.0310323816453362,False,False
2010-06-02 00:00:00+00:00,1.36,1.5335317460317461,0.20871411227198874,-0.831432738987988,False,False
2010-06-03 00:00:00+00:00,1.34,1.5317857142857143,0.20831611387764667,-0.920647523207727,False,False
2010-06-04 00:00:00+00:00,1.26,1.5303968253968254,0.2084237974714855,-1.297341420112156,False,False
2010-06-07 00:00:00+00:00,1.25,1.5287301587301587,0.2089014488743691,-1.334266278343449,False,False
2010-06-08 00:00:00+00:00,1.29,1.5264285714285715,0.20876401319271676,-1.1325159342013444,False,False
2010-06-09 00:00:00+00:00,1.28,1.5240873015873018,0.20809025469987621,-1.1729876631625216,False,False
2010-06-10 00:00:00+00:00,1.35,1.521468253968254,0.20698515782993407,-0.8284084509534639,False,False
2010-06-11 00:00:00+00:00,1.29,1.5193650793650793,0.20601800885095764,-1.1133253866705015,False,False
2010-06-14 00:00:00+00:00,1.31,1.516904761904762,0.20503411157538662,-1.009123605408886,False,False
2010-06-15 00:00:00+00:00,1.32,1.5146031746031747,0.20408244093759842,-0.9535517789238801,False,False
2010-06-16 00:00:00+00:00,1.28,1.5122619047619046,0.2029092266019103,-1.1446591594259121,False,False
2010-06-17 00:00:00+00:00,1.22,1.5098015873015873,0.20194561690888155,-1.4350476714349618,False,False
2010-06-18 00:00:00+00:00,1.25,1.5071825396825398,0.20140442755546833,-1.2769458090076482,False,False
2010-06-21 00:00:00+00:00,1.24,1.5044047619047618,0.20009570134901125,-1.321391514771131,False,False
2010-06-22 00:00:00+00:00,1.2,1.501468253968254,0.19851196182642883,-1.5186402431096129,False,False
2010-06-23 00:00:00+00:00,1.19,1.4986507936507936,0.1977275407168576,-1.560990403925451,False,False
2010-06-24 00:00:00+00:00,1.23,1.4958730158730158,0.19712382033599987,-1.3487614810824593,False,False
2010-06-25 00:00:00+00:00,1.21,1.493452380952381,0.19662588527264652,-1.441582223822355,False,False
2010-06-28 00:00:00+00:00,1.17,1.490595238095238,0.19548500023245408,-1.639999169828957,False,False
2010-06-29 00:00:00+00:00,1.14,1.488015873015873,0.19540954986214384,-1.7809563210262185,False,False
2010-06-30 00:00:00+00:00,1.15,1.4851984126984126,0.19528801979323898,-1.7164310081760452,False,False
2010-07-01 00:00:00+00:00,1.21,1.4825000000000002,0.19520267330480354,-1.3959849800545459,False,False
2010-07-02 00:00:00+00:00,1.27,1.4802380952380951,0.19504403133780862,-1.0779006863018072,False,False
2010-07-06 00:00:00+00:00,1.26,1.4780158730158732,0.19423163499775048,-1.1224529568440187,False,False
2010-07-07 00:00:00+00:00,1.3,1.4755952380952382,0.19312496949327645,-0.9092311499438264,False,False
2010-07-08 00:00:00+00:00,1.25,1.4726984126984124,0.19022910363554676,-1.170685286543075,False,False
2010-07-09 00:00:00+00:00,1.26,1.4702380952380953,0.18907602672369545,-1.1119235943397778,False,False
2010-07-12 00:00:00+00:00,1.26,1.4681349206349208,0.18845168479160296,-1.1044471205714308,False,False
2010-07-13 00:00:00+00:00,1.28,1.4657142857142857,0.1871826283841897,-0.9921555612153804,False,False
2010-07-14 00:00:00+00:00,1.23,1.4636507936507936,0.18634715995494855,-1.2538468185256018,False,False
2010-07-15 00:00:00+00:00,1.21,1.4612301587301588,0.18539844731311356,-1.3550823233479632,False,False
2010-07-16 00:00:00+00:00,1.25,1.4586507936507935,0.1843470362124842,-1.1318369849477594,False,False
2010-07-19 00:00:00+00:00,1.29,1.456190476190476,0.18296738281964667,-0.9083065715286102,False,False
2010-07-20 00:00:00+00:00,1.28,1.4540873015873017,0.18181127292227248,-0.9575165433318706,False,False
2010-07-21 00:00:00+00:00,1.19,1.451984126984127,0.18074004506603691,-1.449507921105176,False,False
2010-07-22 00:00:00+00:00,1.21,1.4498412698412697,0.18063184423178405,-1.327790627733995,False,False
2010-07-23 00:00:00+00:00,1.24,1.447857142857143,0.1805088299166087,-1.1515067875248464,False,False
2010-07-26 00:00:00+00:00,1.24,1.4458333333333335,0.1799659662380286,-1.143734771835092,False,False
2010-07-27 00:00:00+00:00,1.26,1.4436111111111112,0.17903029956660166,-1.025586794836398,False,False
2010-07-28 00:00:00+00:00,1.22,1.4414285714285715,0.17789479090356625,-1.2447164433758164,False,False
2010-07-29 00:00:00+00:00,1.21,1.4389285714285716,0.1765518638097239,-1.29666471080303,False,False
2010-07-30 00:00:00+00:00,1.14,1.4363492063492065,0.1751179599008876,-1.6922833415654959,False,False
2010-08-02 00:00:00+00:00,1.13,1.4335714285714285,0.17423921956496366,-1.7422680687469705,False,False
2010-08-03 00:00:00+00:00,1.07,1.4309920634920636,0.1739012402803011,-2.0758452493507344,False,False
2010-08-04 00:00:00+00:00,1.12,1.428452380952381,0.17448268933843783,-1.7678107904107718,False,False
2010-08-05 00:00:00+00:00,1.07,1.4258333333333333,0.17413788784772521,-2.043399846703616,False,False
2010-08-06 00:00:00+00:00,1.04,1.4228968253968253,0.17387298241471935,-2.202164016969268,False,False
2010-08-09 00:00:00+00:00,1.04,1.4196825396825397,0.17343235937847143,-2.189225476970998,False,False
2010-08-10 00:00:00+00:00,0.95,1.416388888888889,0.17272613665114211,-2.7001639585725377,False,False
2010-08-11 00:00:00+00:00,0.95,1.4126984126984128,0.1727163471451929,-2.678949736642174,False,False
2010-08-12 00:00:00+00:00,1.05,1.4092063492063491,0.17314113799068498,-2.074644728427709,False,False
2010-08-13 00:00:00+00:00,1.0,1.4062301587301587,0.1728426344915682,-2.3502890934584535,False,False
2010-08-16 00:00:00+00:00,0.95,1.4028968253968255,0.1725434908794446,-2.624827068749076,False,False
2010-08-17 00:00:00+00:00,1.01,1.3995238095238096,0.1730571475648477,-2.250839188123379,False,False
2010-08-18 00:00:00+00:00,1.02,1.3961904761904764,0.17243444227024482,-2.1816434770084885,False,False
2010-08-19 00:00:00+00:00,1.02,1.3931349206349206,0.17225043628275202,-2.166234981387294,False,False
2010-08-20 00:00:00+00:00,1.05,1.3901190476190477,0.17210318905689878,-1.9762506986817159,False,False
2010-08-23 00:00:00+00:00,1.05,1.3875396825396824,0.17231115424485086,-1.958896300236286,False,False
2010-08-24 00:00:00+00:00,1.01,1.385357142857143,0.17309081347586194,-2.1685561198745402,False,False
2010-08-25 00:00:00+00:00,1.01,1.38265873015873,0.17362227915765346,-2.1463762137366396,False,False
2010-08-26 00:00:00+00:00,0.95,1.3800396825396826,0.17424738108059976,-2.4679836211757107,False,False
2010-08-27 00:00:00+00:00,1.05,1.376984126984127,0.1750117575618715,-1.8683551981844932,False,False
2010-08-30 00:00:00+00:00,0.99,1.3743253968253968,0.1748691635833916,-2.197788271813399,False,False
2010-08-31 00:00:00+00:00,0.95,1.3713095238095239,0.1749179415710143,-2.4086124043397685,False,False
2010-09-01 00:00:00+00:00,1.02,1.368095238095238,0.1751889783764027,-1.9869699642139425,False,False
2010-09-02 00:00:00+00:00,1.05,1.3651587301587302,0.17479519775595534,-1.8030170977508597,False,False
2010-09-03 00:00:00+00:00,1.1,1.3624206349206351,0.1743036619938288,-1.5055371293916133,False,False
2010-09-07 00:00:00+00:00,0.98,1.3599999999999999,0.173692038685692,-2.1877801819554707,False,False
2010-09-08 00:00:00+00:00,1.02,1.3571825396825397,0.17407581353327753,-1.9369867234202613,False,False
2010-09-09 00:00:00+00:00,1.05,1.354484126984127,0.1740109551035527,-1.749798607811391,False,False
2010-09-10 00:00:00+00:00,1.02,1.3520634920634922,0.17398684504157472,-1.9085551668239316,False,False
2010-09-13 00:00:00+00:00,0.94,1.3495238095238096,0.17414495561545634,-2.3516260237139024,False,False
2010-09-14 00:00:00+00:00,0.93,1.3469444444444445,0.17537833005897524,-2.377400014609768,False,False
2010-09-15 00:00:00+00:00,0.97,1.3443253968253968,0.17665760564243776,-2.1189316783962684,False,False
2010-09-16 00:00:00+00:00,1.0,1.3416269841269843,0.1771625959519027,-1.9283245557077495,False,False
2010-09-17 00:00:00+00:00,1.0,1.3390873015873015,0.17745534289666537,-1.910831739705671,False,False
2010-09-20 00:00:00+00:00,0.94,1.3366269841269842,0.17784268235540457,-2.2302125613150423,False,False
2010-09-21 00:00:00+00:00,0.78,1.3339285714285716,0.17868277120707787,-3.100067050038172,False,False
2010-09-22 00:00:00+00:00,0.74,1.3303571428571428,0.1807208657110767,-3.2666794757444477,False,False
2010-09-23 00:00:00+00:00,0.77,1.3265873015873015,0.18308190620578424,-3.0400999919767977,False,False
2010-09-24 00:00:00+00:00,0.81,1.3230952380952379,0.18526803791709803,-2.7694752093441655,False,False
2010-09-27 00:00:00+00:00,0.79,1.3198412698412698,0.18704872547113524,-2.8326376910974096,False,False
2010-09-28 00:00:00+00:00,0.69,1.316468253968254,0.18890707623148661,-3.316277327804175,False,False
2010-09-29 00:00:00+00:00,0.74,1.3128571428571427,0.19213564739676017,-2.9815245146789056,False,False
2010-09-30 00:00:00+00:00,0.75,1.309563492063492,0.19480557253872993,-2.8724203562105153,False,False
2010-10-01 00:00:00+00:00,0.75,1.3062301587301588,0.19716030497982764,-2.821207640082872,False,False
2010-10-04 00:00:00+00:00,0.72,1.303015873015873,0.19959428905941726,-2.921004783069294,False,False
2010-10-05 00:00:00+00:00,0.65,1.299920634920635,0.20255340560530552,-3.2086383982457782,False,False
2010-10-06 00:00:00+00:00,0.52,1.2963888888888888,0.20607906548370217,-3.767432111876933,False,False
2010-10-07 00:00:00+00:00,0.53,1.2924603174603173,0.21135942653207007,-3.6074109869172424,False,False
2010-10-08 00:00:00+00:00,0.45,1.2884920634920636,0.21621358578451935,-3.878072973303876,False,False
2010-10-12 00:00:00+00:00,0.49,1.2845238095238094,0.22232780486773393,-3.5736592190818564,False,False
2010-10-13 00:00:00+00:00,0.44,1.2805555555555557,0.22750966200070966,-3.6945927841646298,False,False
2010-10-14 00:00:00+00:00,0.41,1.2761111111111112,0.23290465269412766,-3.718736835406075,False,False
2010-10-15 00:00:00+00:00,0.5,1.2719444444444443,0.23891643859385306,-3.231022733252417,False,False
2010-10-18 00:00:00+00:00,0.47,1.267936507936508,0.24333773837373338,-3.279131766692871,False,False
2010-10-19 00:00:00+00:00,0.44,1.2638492063492064,0.24802941502269849,-3.321578637250794,False,False
2010-10-20 00:00:00+00:00,0.47,1.25984126984127,0.253117562805852,-3.120452255804547,False,False
2010-10-21 00:00:00+00:00,0.5,1.2562301587301588,0.25784363718778214,-2.9329021533287327,False,False
2010-10-22 00:00:00+00:00,0.5,1.2527777777777778,0.26210347060847006,-2.8720633726452123,False,False
2010-10-25 00:00:00+00:00,0.45,1.2490873015873014,0.26611480971502616,-3.0027915486666017,False,False
2010-10-26 00:00:00+00:00,0.52,1.2449603174603174,0.27039368968784994,-2.6811288321751587,False,False
2010-10-27 00:00:00+00:00,0.62,1.2410317460317462,0.2736992543955921,-2.2690297326646562,False,False
2010-10-28 00:00:00+00:00,0.57,1.2371825396825398,0.2755862971629131,-2.420956871045494,False,False
2010-10-29 00:00:00+00:00,0.5,1.233531746031746,0.2783041755483008,-2.635719512963034,False,False
2010-11-01 00:00:00+00:00,0.49,1.2296428571428573,0.28167305973106704,-2.6258913715392094,False,False
2010-11-02 00:00:00+00:00,0.49,1.2256349206349206,0.2849770970926036,-2.5813826028127282,False,False
2010-11-03 00:00:00+00:00,0.5,1.221984126984127,0.28847730435084923,-2.50274151933298,False,False
2010-11-04 00:00:00+00:00,0.44,1.218373015873016,0.29179095923361426,-2.6675707085558926,False,False
2010-11-05 00:00:00+00:00,0.48,1.2143650793650795,0.29550954314613054,-2.485080757618489,False,False
2010-11-08 00:00:00+00:00,0.48,1.210515873015873,0.2987279334663938,-2.445422041852856,False,False
2010-11-09 00:00:00+00:00,0.58,1.2068253968253968,0.3019805824570839,-2.075714245350455,False,False
2010-11-10 00:00:00+00:00,0.56,1.203690476190476,0.30437099830656295,-2.114821976376836,False,False
2010-11-12 00:00:00+00:00,0.71,1.200753968253968,0.3069964814547999,-1.5985654491164696,False,False
2010-11-15 00:00:00+00:00,0.87,1.198373015873016,0.3084689923946307,-1.0645252001631385,False,False
2010-11-16 00:00:00+00:00,0.87,1.1965476190476192,0.30904747909818125,-1.0566260562956358,False,False
2010-11-17 00:00:00+00:00,0.84,1.1948015873015871,0.30964630947192767,-1.1458285677832476,False,False
2010-11-18 00:00:00+00:00,0.83,1.1933333333333334,0.31045012943873723,-1.1703436361589017,False,False
2010-11-19 00:00:00+00:00,0.77,1.1918650793650791,0.3112922776464383,-1.355205733192739,False,False
2010-11-22 00:00:00+00:00,0.7,1.1901190476190475,0.31242207907303743,-1.5687721209500962,False,False
2010-11-23 00:00:00+00:00,0.69,1.1880952380952383,0.3139409295205593,-1.5865890403519978,False,False
2010-11-24 00:00:00+00:00,0.8,1.186031746031746,0.3155014458521397,-1.2235498477324267,False,False
2010-11-26 00:00:00+00:00,0.75,1.1844444444444444,0.3164357164391187,-1.3729311258959296,False,False
2010-11-29 00:00:00+00:00,0.73,1.1826190476190477,0.3176123036228886,-1.425067739681952,False,False
2010-11-30 00:00:00+00:00,0.74,1.1809126984126983,0.3188868217676529,-1.3826620240015934,False,False
2010-12-01 00:00:00+00:00,0.83,1.1792857142857143,0.32008882873534317,-1.0912149470062007,False,False
2010-12-02 00:00:00+00:00,0.84,1.178095238095238,0.3208298857568705,-1.0538146634863423,False,False
2010-12-03 00:00:00+00:00,0.86,1.1769047619047621,0.3215276391946442,-0.9856221465082711,False,False
2010-12-06 00:00:00+00:00,0.79,1.1756349206349208,0.3221466742523799,-1.1970786956900326,False,False
2010-12-07 00:00:00+00:00,0.92,1.1738492063492063,0.3230344564271914,-0.7858270264937549,False,False
2010-12-08 00:00:00+00:00,1.07,1.1721825396825396,0.32325720029495253,-0.3161029037846773,False,False
2010-12-09 00:00:00+00:00,1.09,1.1712301587301586,0.3232030842496763,-0.2513285382741203,False,False
2010-12-10 00:00:00+00:00,1.16,1.1703571428571427,0.3231238698818527,-0.03205316543445003,False,False
2010-12-13 00:00:00+00:00,1.11,1.169563492063492,0.3229017586720406,-0.1844632011558303,False,False
2010-12-14 00:00:00+00:00,1.27,1.1684126984126983,0.3225938516848757,0.31490774252739556,False,False
2010-12-15 00:00:00+00:00,1.22,1.167857142857143,0.32229655776008254,0.16178533678808998,False,False
2010-12-16 00:00:00+00:00,1.15,1.1672619047619048,0.3220601680583096,-0.0535983846309725,False,False
2010-12-17 00:00:00+00:00,1.05,1.166388888888889,0.3218064913640218,-0.3616735274529681,False,False
2010-12-20 00:00:00+00:00,1.07,1.1652380952380952,0.3217016862829854,-0.2960447498379563,False,False
2010-12-21 00:00:00+00:00,1.06,1.164404761904762,0.3216752136624866,-0.32456576531354137,False,False
2010-12-22 00:00:00+00:00,1.03,1.1634126984126985,0.3216099012826733,-0.41482770860166307,False,False
2010-12-23 00:00:00+00:00,1.08,1.161984126984127,0.3213988842154477,-0.2550852881280362,False,False
2010-12-27 00:00:00+00:00,1.06,1.1605952380952382,0.3209920548239554,-0.31338856081783256,False,False
2010-12-28 00:00:00+00:00,1.17,1.1590079365079367,0.32049421487670093,0.034297229035139036,False,False
2010-12-29 00:00:00+00:00,1.06,1.1576984126984127,0.31976874786168047,-0.30552833368404453,False,False
2010-12-30 00:00:00+00:00,1.08,1.155952380952381,0.3190927841470403,-0.2380260059951139,False,False
2010-12-31 00:00:00+00:00,1.0,1.1544444444444446,0.31854763928635854,-0.4848393941654884,False,False
2011-01-03 00:00:00+00:00,1.05,1.1526984126984128,0.31818186860884673,-0.3227663887556832,False,False
2011-01-04 00:00:00+00:00,1.01,1.1509920634920634,0.31757203897189,-0.4439687572889355,False,False
2011-01-05 00:00:00+00:00,1.08,1.149166666666667,0.3170526933469711,-0.21815511464831902,False,False
2011-01-06 00:00:00+00:00,1.03,1.1477777777777778,0.3165838292434898,-0.3720271438349207,False,False
2011-01-07 00:00:00+00:00,0.98,1.1459920634920633,0.3159709754190748,-0.525339592574624,False,False
2011-01-10 00:00:00+00:00,0.96,1.1441666666666666,0.31559420336124977,-0.5835552893722112,False,False
2011-01-11 00:00:00+00:00,0.97,1.1423809523809523,0.3153570759833958,-0.5466214824684273,False,False
2011-01-12 00:00:00+00:00,0.98,1.1403968253968253,0.31486011766348526,-0.5094224908098824,False,False
2011-01-13 00:00:00+00:00,0.97,1.1389285714285715,0.3147414718158736,-0.53672167971368,False,False
2011-01-14 00:00:00+00:00,1.0,1.1371031746031746,0.314380344908496,-0.43610606331983004,False,False
2011-01-18 00:00:00+00:00,0.99,1.135515873015873,0.3140573255491903,-0.4633417569910531,False,False
2011-01-19 00:00:00+00:00,0.99,1.134126984126984,0.3139233033473248,-0.45911527621612075,False,False
2011-01-20 00:00:00+00:00,1.22,1.1326984126984128,0.31375609757009254,0.2782466634997721,False,False
2011-01-21 00:00:00+00:00,1.2,1.1323412698412698,0.31360466047381025,0.2157452955466536,False,False
2011-01-24 00:00:00+00:00,1.18,1.1319841269841269,0.31347561929195167,0.1531725916175767,False,False
2011-01-25 00:00:00+00:00,1.11,1.131468253968254,0.31328841100533666,-0.06852552859955009,False,False
2011-01-26 00:00:00+00:00,1.16,1.130595238095238,0.3130394035651231,0.09393310097667854,False,False
2011-01-27 00:00:00+00:00,1.16,1.1300000000000001,0.3128394570645095,0.09589583194364645,False,False
2011-01-28 00:00:00+00:00,1.09,1.1292460317460318,0.3125359373505508,-0.1255728607683667,False,False
2011-01-31 00:00:00+00:00,1.08,1.1282142857142856,0.3122332897137437,-0.1544175054443699,False,False
2011-02-01 00:00:00+00:00,1.11,1.12734126984127,0.3120585720559571,-0.055570560766907105,False,False
2011-02-02 00:00:00+00:00,1.16,1.1266269841269843,0.31189073155883507,0.10700226873115715,False,False
2011-02-03 00:00:00+00:00,1.23,1.1262301587301586,0.31178395990263374,0.3328261059428695,False,False
2011-02-04 00:00:00+00:00,1.3,1.125952380952381,0.3116596840779542,0.5584540700621553,False,False
2011-02-07 00:00:00+00:00,1.32,1.1260714285714288,0.3117206502654867,0.6221229529176392,False,False
2011-02-08 00:00:00+00:00,1.39,1.1260714285714284,0.3117206502654867,0.8466829874882799,False,False
2011-02-09 00:00:00+00:00,1.34,1.1262301587301586,0.31184528963016145,0.6854996640268822,False,False
2011-02-10 00:00:00+00:00,1.39,1.1261111111111113,0.3117575731524204,0.8464554243879475,False,False
2011-02-11 00:00:00+00:00,1.36,1.1259126984126986,0.31157286422053626,0.7513083726752622,False,False
2011-02-14 00:00:00+00:00,1.34,1.1254761904761905,0.3111656715128806,0.6894199108815556,False,False
2011-02-15 00:00:00+00:00,1.33,1.125,0.310743229341648,0.6597086618244928,False,False
2011-02-16 00:00:00+00:00,1.37,1.124642857142857,0.31045441477608,0.7903161661724497,False,False
2011-02-17 00:00:00+00:00,1.31,1.1242857142857143,0.31011867300904805,0.5988490919051085,False,False
2011-02-18 00:00:00+00:00,1.25,1.1236111111111111,0.3095261375654945,0.40833026213221,False,False
2011-02-22 00:00:00+00:00,1.12,1.1225396825396825,0.3086145276973811,-0.008229303262653727,False,False
2011-02-23 00:00:00+00:00,1.1,1.1208333333333333,0.3074281245963541,-0.06776651733047175,False,False
2011-02-24 00:00:00+00:00,1.05,1.1192460317460318,0.30649383858694884,-0.225929604540443,False,False
2011-02-25 00:00:00+00:00,1.02,1.1174206349206348,0.3055256290571273,-0.31886239861867377,False,False
2011-02-28 00:00:00+00:00,1.03,1.1154761904761905,0.3045749625254588,-0.2806408963082305,False,False
2011-03-01 00:00:00+00:00,1.0,1.113690476190476,0.30374729915113274,-0.3742929616434485,False,False
2011-03-02 00:00:00+00:00,1.01,1.1118650793650793,0.3030392096749112,-0.33614488195886005,False,False
2011-03-03 00:00:00+00:00,1.09,1.110079365079365,0.3023045508834707,-0.0664209818234093,False,False
2011-03-04 00:00:00+00:00,1.0,1.1086111111111112,0.30149569968383777,-0.360240995891503,False,False
2011-03-07 00:00:00+00:00,1.0,1.1068650793650794,0.3008422666004615,-0.35521963244281535,False,False
2011-03-08 00:00:00+00:00,1.01,1.1049603174603173,0.2999887089719519,-0.31654630531176364,False,False
2011-03-09 00:00:00+00:00,0.98,1.1030555555555557,0.2990565991429179,-0.4114791511313481,False,False
2011-03-10 00:00:00+00:00,0.91,1.1010714285714287,0.2982031896006372,-0.6407424039538858,False,False
2011-03-11 00:00:00+00:00,0.96,1.0987698412698412,0.2974266701335815,-0.46656825094910415,False,False
2011-03-14 00:00:00+00:00,0.93,1.0966666666666667,0.2965216680136484,-0.5620724710714741,False,False
2011-03-15 00:00:00+00:00,0.93,1.0946031746031748,0.29586163125765763,-0.5563518794359193,False,False
2011-03-16 00:00:00+00:00,0.85,1.0925,0.2951367094938197,-0.821653126159415,False,False
2011-03-17 00:00:00+00:00,0.82,1.0902380952380952,0.2948008019085461,-0.9166803261340154,False,False
2011-03-18 00:00:00+00:00,0.85,1.0879365079365078,0.2946368348978047,-0.8075585933409735,False,False
2011-03-21 00:00:00+00:00,0.9,1.0855555555555556,0.2941231970936959,-0.6308769841653972,False,False
2011-03-22 00:00:00+00:00,0.95,1.083174603174603,0.29318188688025265,-0.45423885012718046,False,False
2011-03-23 00:00:00+00:00,0.98,1.0810714285714287,0.29222331357569137,-0.34587051708743727,False,False
2011-03-24 00:00:00+00:00,0.95,1.079047619047619,0.2911439960031011,-0.44324327761938304,False,False
2011-03-25 00:00:00+00:00,1.02,1.076468253968254,0.2893842669673951,-0.19513242568441433,False,False
2011-03-28 00:00:00+00:00,1.01,1.073968253968254,0.2871222218897694,-0.22279102448856222,False,False
2011-03-29 00:00:00+00:00,1.03,1.0715476190476192,0.2850644466769775,-0.1457481616243049,False,False
2011-03-30 00:00:00+00:00,1.0,1.069047619047619,0.2826353741050584,-0.24429928230410866,False,False
2011-03-31 00:00:00+00:00,0.99,1.0664285714285715,0.28018481176212384,-0.27277913798360764,False,False
2011-04-01 00:00:00+00:00,0.94,1.0640079365079365,0.2781845813328718,-0.44577573607341786,False,False
2011-04-04 00:00:00+00:00,0.91,1.0613492063492063,0.27613973359422533,-0.5480892024456246,False,False
2011-04-05 00:00:00+00:00,0.94,1.0582539682539682,0.27342327231010627,-0.43249415916524153,False,False
2011-04-06 00:00:00+00:00,0.99,1.0552380952380953,0.2704922892486467,-0.24118282787028358,False,False
2011-04-07 00:00:00+00:00,0.99,1.0524999999999998,0.26761991392027573,-0.23354016928134352,False,False
2011-04-08 00:00:00+00:00,0.95,1.0502777777777776,0.26579116323236773,-0.3772803300089774,False,False
2011-04-11 00:00:00+00:00,0.96,1.0477777777777777,0.26374377548257244,-0.3328145948361078,False,False
2011-04-12 00:00:00+00:00,0.9,1.0453968253968253,0.2618023669725583,-0.5553686434472365,False,False
2011-04-13 00:00:00+00:00,0.88,1.0429365079365078,0.2602330168221034,-0.6261177383494425,False,False
2011-04-14 00:00:00+00:00,0.89,1.0404761904761903,0.2588215929182321,-0.5813896312883343,False,False
2011-04-15 00:00:00+00:00,0.82,1.0378968253968255,0.25705647074763727,-0.8476613125632758,False,False
2011-04-18 00:00:00+00:00,0.8,1.0352380952380953,0.2558236889302355,-0.9195321051845435,False,False
2011-04-19 00:00:00+00:00,0.76,1.0326190476190475,0.2548343062066193,-1.0697894317180687,False,False
2011-04-20 00:00:00+00:00,0.82,1.0297222222222222,0.2537611933476587,-0.8264550597967042,False,False
2011-04-21 00:00:00+00:00,0.83,1.0271428571428574,0.2525688171548064,-0.7805510567918728,False,False
2011-04-25 00:00:00+00:00,0.79,1.0248015873015872,0.2516455016159214,-0.9330649099380979,False,False
2011-04-26 00:00:00+00:00,0.76,1.0221428571428572,0.2505662341135822,-1.0462018478676074,False,False
2011-04-27 00:00:00+00:00,0.81,1.0193253968253968,0.2494997809758872,-0.8389802828950255,False,False
2011-04-28 00:00:00+00:00,0.78,1.0167460317460317,0.2482828016310963,-0.9535337534083163,False,False
2011-04-29 00:00:00+00:00,0.75,1.014404761904762,0.24771956508407558,-1.0673551837337658,False,False
2011-05-02 00:00:00+00:00,0.75,1.011825396825397,0.24707177786258597,-1.0597138980843717,False,False
2011-05-03 00:00:00+00:00,0.73,1.0096031746031746,0.24689756507362842,-1.1324663105518797,False,False
2011-05-04 00:00:00+00:00,0.7,1.0073809523809525,0.2468839383157499,-1.2450423242512867,False,False
2011-05-05 00:00:00+00:00,0.7,1.0049206349206348,0.24684542328915257,-1.235269549897441,False,False
2011-05-06 00:00:00+00:00,0.71,1.0025,0.2468327255902531,-1.185013045983033,False,False
2011-05-09 00:00:00+00:00,0.69,1.00015873015873,0.2467977675161855,-1.2567323168285516,False,False
2011-05-10 00:00:00+00:00,0.74,0.997936507936508,0.2470602212514413,-1.044022816097123,False,False
2011-05-11 00:00:00+00:00,0.76,0.9957142857142857,0.24685085443834376,-0.9548854357851141,False,False
2011-05-12 00:00:00+00:00,0.79,0.9934523809523811,0.24638660733326265,-0.8257444800041069,False,False
2011-05-13 00:00:00+00:00,0.79,0.991388888888889,0.24590198132159574,-0.8189803425191128,False,False
2011-05-16 00:00:00+00:00,0.81,0.9894444444444445,0.2455477836038441,-0.7307923606997492,False,False
2011-05-17 00:00:00+00:00,0.82,0.9875793650793651,0.2451166354836667,-0.6836719374378477,False,False
2011-05-18 00:00:00+00:00,0.82,0.9858333333333333,0.24473520123819947,-0.6776031093783222,False,False
2011-05-19 00:00:00+00:00,0.91,0.983888888888889,0.24409511640372766,-0.3027053141312278,False,False
2011-05-20 00:00:00+00:00,0.85,0.9825396825396826,0.24355742144827097,-0.544182483750891,False,False
2011-05-23 00:00:00+00:00,0.84,0.9806746031746032,0.24276121855212376,-0.5794772493465578,False,False
2011-05-24 00:00:00+00:00,0.79,0.9786111111111112,0.2417319140751345,-0.7802491112219777,False,False
2011-05-25 00:00:00+00:00,0.8,0.976468253968254,0.24099690651196337,-0.7322428180607947,False,False
2011-05-26 00:00:00+00:00,0.76,0.9742857142857143,0.2400893876414696,-0.8925247233572504,False,False
2011-05-27 00:00:00+00:00,0.79,0.9720238095238096,0.23940886576845816,-0.7603052165154655,False,False
2011-05-31 00:00:00+00:00,0.8,0.97,0.23878010020724594,-0.7119521260458922,False,False
2011-06-01 00:00:00+00:00,0.74,0.9678968253968254,0.23792919129347148,-0.9578346572688018,False,False
2011-06-02 00:00:00+00:00,0.78,0.9655952380952381,0.23731407664370055,-0.7820658627591134,False,False
2011-06-03 00:00:00+00:00,0.75,0.963452380952381,0.23653791445430156,-0.9024023968623404,False,False
2011-06-06 00:00:00+00:00,0.76,0.9610317460317459,0.23558295707768728,-0.8533373913183899,False,False
2011-06-07 00:00:00+00:00,0.76,0.9587301587301587,0.234697343892631,-0.8467507788288965,False,False
2011-06-08 00:00:00+00:00,0.76,0.9567460317460317,0.23425334249535973,-0.8398856966146767,False,False
2011-06-09 00:00:00+00:00,0.8,0.9548015873015873,0.23384274757854326,-0.6619901147440648,False,False
2011-06-10 00:00:00+00:00,0.79,0.9528571428571428,0.233080384344776,-0.6987166393901346,False,False
2011-06-13 00:00:00+00:00,0.8,0.9509126984126984,0.23238320186156503,-0.6494131124959707,False,False
2011-06-14 00:00:00+00:00,0.83,0.9487301587301588,0.23119982949505546,-0.5135391275567442,False,False
2011-06-15 00:00:00+00:00,0.74,0.9469047619047618,0.2303088668733862,-0.8983794880051624,False,False
2011-06-16 00:00:00+00:00,0.73,0.9446428571428572,0.22952634284615867,-0.9351556535134742,False,False
2011-06-17 00:00:00+00:00,0.75,0.9423015873015872,0.22868988622415665,-0.840883654614693,False,False
2011-06-20 00:00:00+00:00,0.79,0.9401984126984126,0.2280079162615868,-0.6587420961564088,False,False
2011-06-21 00:00:00+00:00,0.78,0.9384920634920635,0.2275140815582215,-0.6966252919668399,False,False
2011-06-22 00:00:00+00:00,0.82,0.9366269841269841,0.2268758276707961,-0.5140564568924175,False,False
2011-06-23 00:00:00+00:00,0.71,0.9349603174603175,0.22617994813190856,-0.9946076976245491,False,False
2011-06-24 00:00:00+00:00,0.64,0.9330158730158731,0.22599851863305795,-1.2965389100254578,False,False
2011-06-27 00:00:00+00:00,0.67,0.9308333333333333,0.2261625565650382,-1.1533002513540507,False,False
2011-06-28 00:00:00+00:00,0.73,0.9286111111111112,0.22596242934976427,-0.878956345453711,False,False
2011-06-29 00:00:00+00:00,0.74,0.9267063492063492,0.2256038048710132,-0.8275851079422032,False,False
2011-06-30 00:00:00+00:00,0.75,0.925,0.22538236655821303,-0.7764582592347572,False,False
2011-07-01 00:00:00+00:00,0.77,0.923452380952381,0.22523910649332698,-0.6812865818082405,False,False
2011-07-05 00:00:00+00:00,0.77,0.9219444444444443,0.2249882442455524,-0.6753439272080901,False,False
2011-07-06 00:00:00+00:00,0.74,0.9201984126984127,0.22445054717011206,-0.8028423854179316,False,False
2011-07-07 00:00:00+00:00,0.75,0.9180952380952382,0.22364141149038438,-0.7516284080619191,False,False
2011-07-08 00:00:00+00:00,0.69,0.9160714285714286,0.22284122153918645,-1.0144955543230776,False,False
2011-07-11 00:00:00+00:00,0.63,0.9136507936507937,0.2219655160561994,-1.277904778591717,False,False
2011-07-12 00:00:00+00:00,0.6,0.9111904761904762,0.22165838955908243,-1.4039192326962624,False,False
2011-07-13 00:00:00+00:00,0.59,0.9085714285714286,0.22141959333333056,-1.4387680140476244,False,False
2011-07-14 00:00:00+00:00,0.68,0.9059126984126984,0.22120540903314379,-1.0212801730307113,False,False
2011-07-15 00:00:00+00:00,0.61,0.903531746031746,0.22039042453614063,-1.3318715940111607,False,False
2011-07-18 00:00:00+00:00,0.58,0.9010714285714285,0.2201919726915445,-1.4581432040722069,False,False
2011-07-19 00:00:00+00:00,0.54,0.8985714285714286,0.2202469251205221,-1.628042835899813,False,False
2011-07-20 00:00:00+00:00,0.62,0.8957539682539682,0.22027469943523706,-1.251864008717182,False,False
2011-07-21 00:00:00+00:00,0.68,0.893095238095238,0.2195394102355174,-0.9706468550071888,False,False
2011-07-22 00:00:00+00:00,0.61,0.8907142857142858,0.21857808717598806,-1.284274601086928,False,False
2011-07-25 00:00:00+00:00,0.58,0.8884126984126984,0.21846772696798095,-1.4117082769753906,False,False
2011-07-26 00:00:00+00:00,0.57,0.8859126984126984,0.21837766620484383,-1.4466346486016763,False,False
2011-07-27 00:00:00+00:00,0.56,0.8832539682539683,0.21812796187815234,-1.4819464935657354,False,False
2011-07-28 00:00:00+00:00,0.52,0.8805555555555555,0.21790310195480225,-1.6546600407292156,False,False
2011-07-29 00:00:00+00:00,0.38,0.8776190476190477,0.2177554041811305,-2.2852201969009442,False,False
2011-08-01 00:00:00+00:00,0.33,0.8742857142857143,0.21891958017489446,-2.4862358764386694,False,False
2011-08-02 00:00:00+00:00,0.29,0.8707936507936508,0.22055563002477338,-2.633320449486665,False,False
2011-08-03 00:00:00+00:00,0.36,0.8674206349206349,0.2229092629139141,-2.2763550885572528,False,False
2011-08-04 00:00:00+00:00,0.24,0.8643650793650793,0.22456685543631222,-2.780308243404829,False,False
2011-08-05 00:00:00+00:00,0.32,0.8610714285714286,0.22760497962510484,-2.3772389754505547,False,False
2011-08-08 00:00:00+00:00,0.2,0.8578968253968254,0.22954992614998057,-2.866029348957301,False,False
2011-08-09 00:00:00+00:00,0.0,0.8544444444444445,0.2328655907502633,-3.6692602015245495,False,False
2011-08-10 00:00:00+00:00,-0.13,0.8503174603174604,0.23870646265121245,-4.106790614001339,False,False
2011-08-11 00:00:00+00:00,0.06,0.8456746031746031,0.24626116831074335,-3.190412067659826,False,False
2011-08-12 00:00:00+00:00,-0.02,0.8421428571428572,0.2510935672424353,-3.4335521479546425,False,False
2011-08-15 00:00:00+00:00,0.06,0.8382936507936508,0.25680356848808444,-3.0306964010500628,False,False
2011-08-16 00:00:00+00:00,0.05,0.8343650793650793,0.2610887288899737,-3.0042088859976075,False,False
2011-08-17 00:00:00+00:00,0.01,0.830595238095238,0.26550868800009314,-3.090653056501677,False,False
2011-08-18 00:00:00+00:00,0.09,0.8268650793650794,0.27038281414700066,-2.725265959264939,False,False
2011-08-19 00:00:00+00:00,0.02,0.8232142857142857,0.27408592328122955,-2.9305200212348623,False,False
2011-08-22 00:00:00+00:00,0.03,0.8192460317460318,0.2784301234592459,-2.8346287461297432,False,False
2011-08-23 00:00:00+00:00,0.13,0.8153174603174603,0.28254023161802877,-2.4255570840047778,False,False
2011-08-24 00:00:00+00:00,0.25,0.8116666666666666,0.28542482491418447,-1.9678269640194639,False,False
2011-08-25 00:00:00+00:00,0.13,0.8084920634920635,0.28720681905009576,-2.3623814564574044,False,False
2011-08-26 00:00:00+00:00,0.15,0.8049999999999999,0.2900824171937042,-2.2579789783074644,False,False
2011-08-29 00:00:00+00:00,0.22,0.8015873015873016,0.2927079577383725,-1.9869200211739189,False,False
2011-08-30 00:00:00+00:00,0.14,0.7986904761904763,0.29483784358952864,-2.2340771054732746,False,False
2011-08-31 00:00:00+00:00,0.18,0.795079365079365,0.2973099742150013,-2.068815103507315,False,False
2011-09-01 00:00:00+00:00,0.07,0.7918650793650793,0.29956424802704945,-2.4097170610956815,False,False
2011-09-02 00:00:00+00:00,0.0,0.7883730158730158,0.3028249000095115,-2.603395611946883,False,False
2011-09-06 00:00:00+00:00,0.05,0.7843253968253967,0.30651092229787125,-2.395756051106622,False,False
2011-09-07 00:00:00+00:00,0.09,0.7803571428571429,0.30951618753658855,-2.230439539694622,False,False
2011-09-08 00:00:00+00:00,0.0,0.7763492063492065,0.311890784783449,-2.489170069222272,False,False
2011-09-09 00:00:00+00:00,-0.03,0.7724603174603174,0.31543099335105707,-2.544012270117109,False,False
2011-09-12 00:00:00+00:00,0.0,0.7682936507936509,0.31906216076126676,-2.4079748252207023,False,False
2011-09-13 00:00:00+00:00,0.07,0.7641269841269841,0.3222091816183348,-2.1542743774111184,False,False
2011-09-14 00:00:00+00:00,0.12,0.7603571428571428,0.3247510100898162,-1.9718403421748854,False,False
2011-09-15 00:00:00+00:00,0.13,0.7571031746031746,0.32704389679082935,-1.917489305737624,False,False
2011-09-16 00:00:00+00:00,0.13,0.7539285714285715,0.32923435697069214,-1.8950894954262398,False,False
2011-09-19 00:00:00+00:00,0.09,0.750595238095238,0.3312839366321025,-1.994045485002922,False,False
2011-09-20 00:00:00+00:00,0.04,0.7469841269841269,0.33350670884803363,-2.119849790806675,False,False
2011-09-21 00:00:00+00:00,0.02,0.7431746031746032,0.33607803778277967,-2.151805598323622,False,False
2011-09-22 00:00:00+00:00,0.01,0.7395238095238095,0.33891638227132925,-2.152518578874031,False,False
2011-09-23 00:00:00+00:00,0.1,0.7364682539682539,0.3420069472630987,-1.8609804831789933,False,False
2011-09-26 00:00:00+00:00,0.12,0.7339285714285715,0.3443488613367685,-1.7828680165959883,False,False
2011-09-27 00:00:00+00:00,0.12,0.7313492063492064,0.3465052690414289,-1.7643287446694271,False,False
2011-09-28 00:00:00+00:00,0.16,0.7286111111111111,0.34860115389592033,-1.6311222861897863,False,False
2011-09-29 00:00:00+00:00,0.17,0.726111111111111,0.35041346601820234,-1.5870140991734136,False,False
2011-09-30 00:00:00+00:00,0.17,0.724047619047619,0.3521537118464303,-1.573311881742232,False,False
2011-10-03 00:00:00+00:00,0.07,0.7217857142857143,0.3538771954174801,-1.8418415278689604,False,False
2011-10-04 00:00:00+00:00,0.05,0.7190873015873016,0.35624586433255045,-1.8781615973026933,False,False
2011-10-05 00:00:00+00:00,0.12,0.7163095238095237,0.35872432155219264,-1.6623058097351886,False,False
2011-10-06 00:00:00+00:00,0.13,0.7139285714285715,0.36068555084835535,-1.6189408476583949,False,False
2011-10-07 00:00:00+00:00,0.16,0.7118650793650793,0.36253546831674954,-1.5222374845898146,False,False
2011-10-11 00:00:00+00:00,0.23,0.7104365079365079,0.36400085364008,-1.3198774209786832,False,False
2011-10-12 00:00:00+00:00,0.26,0.7092460317460318,0.3650823011836899,-1.2305335818511653,False,False
2011-10-13 00:00:00+00:00,0.27,0.7084920634920635,0.36581528759465193,-1.198670690815804,False,False
2011-10-14 00:00:00+00:00,0.28,0.7076190476190477,0.3666004665925346,-1.1664443626972614,False,False
2011-10-17 00:00:00+00:00,0.24,0.706984126984127,0.3672038630486913,-1.2717298862463353,False,False
2011-10-18 00:00:00+00:00,0.22,0.7063095238095237,0.3679071198458114,-1.3218268893880998,False,False
2011-10-19 00:00:00+00:00,0.23,0.7051984126984127,0.36895399728018397,-1.2879611447536279,False,False
2011-10-20 00:00:00+00:00,0.22,0.7042460317460317,0.3698721473194191,-1.309225458730852,False,False
2011-10-21 00:00:00+00:00,0.23,0.7033730158730159,0.3707569136106207,-1.2767746156452406,False,False
2011-10-24 00:00:00+00:00,0.23,0.7024206349206349,0.3716659137518739,-1.2710894850476533,False,False
2011-10-25 00:00:00+00:00,0.12,0.7013492063492063,0.3726396701697633,-1.5600840513957124,False,False
2011-10-26 00:00:00+00:00,0.15,0.6998412698412698,0.3742231988971357,-1.469286969545699,False,False
2011-10-27 00:00:00+00:00,0.24,0.6986507936507936,0.37549617251985223,-1.2214526464355508,False,False
2011-10-28 00:00:00+00:00,0.19,0.6975396825396826,0.37643999539391604,-1.3482618445167618,False,False
2011-10-31 00:00:00+00:00,0.08,0.6958333333333333,0.37776510440164723,-1.6302017474821267,False,False
2011-11-01 00:00:00+00:00,-0.04,0.6938888888888888,0.3796716388436047,-1.932956833763383,False,False
2011-11-02 00:00:00+00:00,-0.07,0.6917460317460317,0.38228518039225456,-1.9926119839759953,False,False
2011-11-03 00:00:00+00:00,0.0,0.6895238095238095,0.3850800240584517,-1.7905987494670614,False,False
2011-11-04 00:00:00+00:00,-0.06,0.6875793650793651,0.38732211397093214,-1.9301231148796987,False,False
2011-11-07 00:00:00+00:00,-0.1,0.6853571428571429,0.3899998358215166,-2.0137371114601224,False,False
2011-11-08 00:00:00+00:00,-0.03,0.6832142857142858,0.39282659631851136,-1.8155957167828778,False,False
2011-11-09 00:00:00+00:00,-0.04,0.6811904761904761,0.39518437301325265,-1.8249468487112743,False,False
2011-11-10 00:00:00+00:00,-0.04,0.6791269841269841,0.39758938926511683,-1.808717746356814,False,False
2011-11-14 00:00:00+00:00,-0.01,0.6766666666666666,0.40011552116718263,-1.7161710314650669,False,False
2011-11-15 00:00:00+00:00,0.04,0.674404761904762,0.4023824007971267,-1.5766215437056759,False,False
2011-11-16 00:00:00+00:00,0.05,0.6717460317460318,0.4043549373048848,-1.5376244343400545,False,False
2011-11-17 00:00:00+00:00,0.06,0.6684920634920635,0.4060490176292008,-1.4985679981320168,False,False
2011-11-18 00:00:00+00:00,0.05,0.6652777777777777,0.4076503489441005,-1.509327244221612,False,False
2011-11-21 00:00:00+00:00,0.07,0.662142857142857,0.4093354971556296,-1.4465954241875192,False,False
2011-11-22 00:00:00+00:00,0.05,0.6591269841269842,0.41089062695170636,-1.4824552914383646,False,False
2011-11-23 00:00:00+00:00,-0.01,0.6562698412698412,0.412616245365374,-1.614744568963482,False,False
2011-11-25 00:00:00+00:00,0.05,0.653452380952381,0.41473505404543637,-1.4550310495005074,False,False
2011-11-28 00:00:00+00:00,0.02,0.6509126984126984,0.41646630545955265,-1.5149189505655525,False,False
2011-11-29 00:00:00+00:00,0.01,0.6478174603174603,0.4182485755253496,-1.5249722237937493,False,False
2011-11-30 00:00:00+00:00,0.03,0.6448809523809523,0.4201218587617758,-1.463577625294693,False,False
2011-12-01 00:00:00+00:00,0.06,0.6421031746031746,0.42186734059134323,-1.3798251691804926,False,False
2011-12-02 00:00:00+00:00,0.0,0.6394047619047619,0.42341060061163227,-1.5101293188718423,False,False
2011-12-05 00:00:00+00:00,-0.01,0.6361111111111111,0.4251467470526375,-1.5197366923075997,False,False
2011-12-06 00:00:00+00:00,0.01,0.6327380952380952,0.4268909688200302,-1.4587755205021233,False,False
2011-12-07 00:00:00+00:00,-0.01,0.6293650793650793,0.4284433903049633,-1.492297684671908,False,False
2011-12-08 00:00:00+00:00,0.01,0.6261904761904762,0.4302086163875806,-1.432306217770734,False,False
2011-12-09 00:00:00+00:00,0.05,0.6225793650793651,0.4315497109704056,-1.3267981660602497,False,False
2011-12-12 00:00:00+00:00,-0.01,0.6185317460317461,0.4321195641408468,-1.4545320281469134,False,False
2011-12-13 00:00:00+00:00,-0.05,0.6141666666666667,0.43289318999520493,-1.5342506697183746,False,False
2011-12-14 00:00:00+00:00,-0.04,0.6093650793650793,0.4335248763073303,-1.4978727054747782,False,False
2011-12-15 00:00:00+00:00,-0.01,0.6048015873015873,0.43428601513942294,-1.4156605690013107,False,False
2011-12-16 00:00:00+00:00,-0.05,0.5997222222222222,0.4339601784453482,-1.4971931861348116,False,False
2011-12-19 00:00:00+00:00,-0.12,0.5946825396825397,0.43410242885492917,-1.6463454064694405,False,False
2011-12-20 00:00:00+00:00,-0.1,0.5896428571428571,0.43500088316594515,-1.5853826597399585,False,False
2011-12-21 00:00:00+00:00,-0.07,0.5850793650793651,0.4361827279502783,-1.501846183038315,False,False
2011-12-22 00:00:00+00:00,-0.07,0.5805555555555555,0.43704422917579727,-1.488534825828521,False,False
2011-12-23 00:00:00+00:00,-0.04,0.5760714285714286,0.43790160037467485,-1.40687183614837,False,False
2011-12-27 00:00:00+00:00,-0.02,0.5718253968253968,0.4386694856032784,-1.3491373716398154,False,False
2011-12-28 00:00:00+00:00,-0.07,0.5674603174603174,0.4390653537609258,-1.4518574786190466,False,False
2011-12-29 00:00:00+00:00,-0.05,0.5629761904761905,0.4397847529336608,-1.3938095543040683,False,False
2011-12-30 00:00:00+00:00,-0.07,0.5581349206349205,0.43979089296239904,-1.4282581351420216,False,False
2012-01-03 00:00:00+00:00,-0.04,0.5536507936507936,0.4404137916187168,-1.3479386998051597,False,False
2012-01-04 00:00:00+00:00,-0.08,0.5492063492063493,0.440732102229488,-1.4276390261191438,False,False
2012-01-05 00:00:00+00:00,-0.1,0.5449206349206349,0.44158126950819937,-1.4604800507931415,False,False
2012-01-06 00:00:00+00:00,-0.11,0.5403571428571428,0.4422825071873372,-1.4704563989949337,False,False
2012-01-09 00:00:00+00:00,-0.13,0.5359126984126985,0.4431708010258954,-1.5026095962802113,False,False
2012-01-10 00:00:00+00:00,-0.08,0.5311111111111111,0.4438068246042365,-1.376975470478778,False,False
2012-01-11 00:00:00+00:00,-0.1,0.5267063492063492,0.44434367316284235,-1.4104090753570262,False,False
2012-01-12 00:00:00+00:00,-0.1,0.522420634920635,0.4451617880956012,-1.398189717907608,False,False
2012-01-13 00:00:00+00:00,-0.14,0.5182142857142857,0.4460177779877863,-1.475757958985012,False,False
2012-01-17 00:00:00+00:00,-0.17,0.5138095238095237,0.4470181991230154,-1.5297129404374552,False,False
2012-01-18 00:00:00+00:00,-0.15,0.5092460317460318,0.44810871593725154,-1.4711743117229297,False,False
2012-01-19 00:00:00+00:00,0.0,0.5048015873015873,0.44907381481539316,-1.1240949052197642,False,False
2012-01-20 00:00:00+00:00,0.01,0.5008333333333334,0.44909880988025086,-1.0929294902033044,False,False
2012-01-23 00:00:00+00:00,0.02,0.4969444444444444,0.44908914998067867,-1.0620262022918259,False,False
2012-01-24 00:00:00+00:00,-0.01,0.49309523809523814,0.44900325961906973,-1.1204712378303434,False,False
2012-01-25 00:00:00+00:00,-0.12,0.4882142857142857,0.44775356246876796,-1.3583683898812313,False,False
2012-01-26 00:00:00+00:00,-0.16,0.48297619047619045,0.4471141099532594,-1.438058375172741,False,False
2012-01-27 00:00:00+00:00,-0.18,0.47765873015873017,0.4467595530151922,-1.472064169014795,False,False
2012-01-30 00:00:00+00:00,-0.24,0.4725396825396826,0.4468757173818658,-1.5944918348087387,False,False
2012-01-31 00:00:00+00:00,-0.28,0.46698412698412695,0.44699754420793086,-1.6711146105014185,False,False
2012-02-01 00:00:00+00:00,-0.28,0.4612698412698413,0.44730709813617264,-1.6571832737699554,False,False
2012-02-02 00:00:00+00:00,-0.3,0.4558333333333333,0.44796007309986285,-1.6872783507311306,False,False
2012-02-03 00:00:00+00:00,-0.21,0.45035714285714284,0.44873380008110764,-1.4716010755993527,False,False
2012-02-06 00:00:00+00:00,-0.26,0.44511904761904764,0.4487072907622006,-1.5714454882631637,False,False
2012-02-07 00:00:00+00:00,-0.21,0.439484126984127,0.44861021749073476,-1.4477693589258047,False,False
2012-02-08 00:00:00+00:00,-0.21,0.4337698412698413,0.4476709032900901,-1.4380426258185453,False,False
2012-02-09 00:00:00+00:00,-0.17,0.42777777777777776,0.44613325665260295,-1.3399085785780325,False,False
2012-02-10 00:00:00+00:00,-0.24,0.4218650793650794,0.44413048319876564,-1.4902491596571383,False,False
2012-02-13 00:00:00+00:00,-0.22,0.41539682539682543,0.44183815751933625,-1.4380759438347477,False,False
2012-02-14 00:00:00+00:00,-0.27,0.40920634920634924,0.4397556423508948,-1.5445085492828974,False,False
2012-02-15 00:00:00+00:00,-0.26,0.40261904761904765,0.43743216402294804,-1.5147926972838837,False,False
2012-02-16 00:00:00+00:00,-0.24,0.3961904761904762,0.43520450318236753,-1.4618196078818784,False,False
2012-02-17 00:00:00+00:00,-0.23,0.38992063492063495,0.4329284990729488,-1.4319238309515352,False,False
2012-02-21 00:00:00+00:00,-0.22,0.38373015873015875,0.4305795855416678,-1.4021337262672777,False,False
2012-02-22 00:00:00+00:00,-0.27,0.37742063492063493,0.4277096578813884,-1.5136918771663004,False,False
2012-02-23 00:00:00+00:00,-0.3,0.3711507936507936,0.42555970302182244,-1.5771013770455082,False,False
2012-02-24 00:00:00+00:00,-0.29,0.36499999999999994,0.42400528073085375,-1.5447920810584783,False,False
2012-02-27 00:00:00+00:00,-0.32,0.35940476190476195,0.42330520157731805,-1.6049997953560855,False,False
2012-02-28 00:00:00+00:00,-0.31,0.35376984126984123,0.42285841324557444,-1.5697212600671557,False,False
2012-02-29 00:00:00+00:00,-0.28,0.34837301587301583,0.4226158010355183,-1.4868658822820608,False,False
2012-03-01 00:00:00+00:00,-0.23,0.3432142857142857,0.42231904080373267,-1.3573015429836601,False,False
2012-03-02 00:00:00+00:00,-0.24,0.33821428571428575,0.4216137487106876,-1.3714312862957843,False,False
2012-03-05 00:00:00+00:00,-0.2,0.33329365079365075,0.4210949787812088,-1.2664450484239516,False,False
2012-03-06 00:00:00+00:00,-0.21,0.3284920634920635,0.42024574002418463,-1.2813742346586878,False,False
2012-03-07 00:00:00+00:00,-0.22,0.32333333333333336,0.4188373206809771,-1.297241927844303,False,False
2012-03-08 00:00:00+00:00,-0.21,0.3184920634920635,0.4180348018458407,-1.2642298228723938,False,False
2012-03-09 00:00:00+00:00,-0.24,0.31369047619047624,0.41712384518233087,-1.3274006810817782,False,False
2012-03-12 00:00:00+00:00,-0.24,0.30873015873015874,0.4162419311197347,-1.3182962063769423,False,False
2012-03-13 00:00:00+00:00,-0.2,0.3038888888888889,0.41549753638809667,-1.2127361651026252,False,False
2012-03-14 00:00:00+00:00,-0.07,0.29948412698412696,0.41492971101825116,-0.8904740180629649,False,False
2012-03-15 00:00:00+00:00,-0.08,0.29539682539682544,0.4134677965630008,-0.9079227657325558,False,False
2012-03-16 00:00:00+00:00,-0.09,0.2913888888888889,0.41218499448287604,-0.9252857187762895,False,False
2012-03-19 00:00:00+00:00,-0.03,0.28734126984126984,0.41089504214644995,-0.7723171060510486,False,False
2012-03-20 00:00:00+00:00,-0.04,0.28384920634920635,0.40983217957804957,-0.7901995560295714,False,False
2012-03-21 00:00:00+00:00,-0.08,0.28043650793650793,0.408929473965618,-0.8814148426161444,False,False
2012-03-22 00:00:00+00:00,-0.08,0.27674603174603174,0.40796419920477844,-0.8744542595684048,False,False
2012-03-23 00:00:00+00:00,-0.11,0.27285714285714285,0.40666823727424395,-0.9414483546177626,False,False
2012-03-26 00:00:00+00:00,-0.08,0.26865079365079364,0.4051154046872394,-0.8606209233637067,False,False
2012-03-27 00:00:00+00:00,-0.13,0.2644444444444444,0.40319847821828275,-0.9782885247669534,False,False
2012-03-28 00:00:00+00:00,-0.11,0.26015873015873014,0.40161920107545274,-0.9216659192775694,False,False
2012-03-29 00:00:00+00:00,-0.13,0.2556746031746032,0.3994038651289216,-0.9656256156913083,False,False
2012-03-30 00:00:00+00:00,-0.09,0.2511507936507936,0.39727641620899407,-0.85872400105252,False,False
2012-04-02 00:00:00+00:00,-0.14,0.2467063492063492,0.3947855652241201,-0.979535178766771,False,False
2012-04-03 00:00:00+00:00,-0.06,0.2421825396825397,0.39264502790807737,-0.7696074525443477,False,False
2012-04-04 00:00:00+00:00,-0.05,0.23801587301587301,0.39024156343820315,-0.7380450982164073,False,False
2012-04-05 00:00:00+00:00,-0.08,0.2340873015873016,0.388123948654786,-0.809244837057618,False,False
2012-04-06 00:00:00+00:00,-0.16,0.23015873015873015,0.38626103125491484,-1.0100908416548058,False,False
2012-04-09 00:00:00+00:00,-0.17,0.2257936507936508,0.384418333665724,-1.0295909849549953,False,False
2012-04-10 00:00:00+00:00,-0.24,0.22119047619047616,0.3821695398638835,-1.2067693211623756,False,False
2012-04-11 00:00:00+00:00,-0.25,0.21630952380952384,0.38016073271417766,-1.2266114926712244,False,False
2012-04-12 00:00:00+00:00,-0.22,0.21154761904761907,0.3784456385123887,-1.1403160061348996,False,False
2012-04-13 00:00:00+00:00,-0.25,0.20686507936507936,0.3764428995535665,-1.213637127720798,False,False
2012-04-16 00:00:00+00:00,-0.26,0.20230158730158732,0.3749744484222653,-1.2328882387766897,False,False
2012-04-17 00:00:00+00:00,-0.26,0.19777777777777777,0.37364019356225764,-1.225183440286118,False,False
2012-04-18 00:00:00+00:00,-0.26,0.1932142857142857,0.3721719199005159,-1.2177551864617646,False,False
2012-04-19 00:00:00+00:00,-0.21,0.18892857142857142,0.37114236652828253,-1.0748667018540754,False,False
2012-04-20 00:00:00+00:00,-0.24,0.18492063492063493,0.3699687636900826,-1.1485311102549856,False,False
2012-04-23 00:00:00+00:00,-0.26,0.18095238095238095,0.36913796117004627,-1.1945462871244847,False,False
2012-04-24 00:00:00+00:00,-0.25,0.17666666666666667,0.3679565624805596,-1.1595571601993344,False,False
2012-04-25 00:00:00+00:00,-0.24,0.1723809523809524,0.3666037268551825,-1.1248684128730995,False,False
2012-04-26 00:00:00+00:00,-0.29,0.16829365079365077,0.36543030504868246,-1.254120538067025,False,False
2012-04-27 00:00:00+00:00,-0.3,0.16412698412698412,0.364641984197478,-1.2728292523650495,False,False
2012-04-30 00:00:00+00:00,-0.3,0.1597222222222222,0.3635114303323803,-1.2646706096748335,False,False
2012-05-01 00:00:00+00:00,-0.28,0.15543650793650796,0.3625345263630579,-1.201089761862965,False,False
2012-05-02 00:00:00+00:00,-0.28,0.15134920634920634,0.36160962238766764,-1.1928587616144064,False,False
2012-05-03 00:00:00+00:00,-0.27,0.14726190476190476,0.36063584128185927,-1.157017292787016,False,False
2012-05-04 00:00:00+00:00,-0.3,0.14329365079365078,0.359698669095631,-1.2324028106865053,False,False
2012-05-07 00:00:00+00:00,-0.27,0.13932539682539685,0.35904801817087273,-1.14002967878964,False,False
2012-05-08 00:00:00+00:00,-0.28,0.13547619047619047,0.358211820846541,-1.1598617530106068,False,False
2012-05-09 00:00:00+00:00,-0.27,0.13154761904761905,0.3573134396265197,-1.1237965733036377,False,False
2012-05-10 00:00:00+00:00,-0.25,0.12773809523809526,0.35645225489127474,-1.0597158246433682,False,False
2012-05-11 00:00:00+00:00,-0.28,0.1238095238095238,0.355130540260996,-1.1370734927859265,False,False
2012-05-14 00:00:00+00:00,-0.33,0.11968253968253968,0.3537481412290474,-1.2711940707877132,False,False
2012-05-15 00:00:00+00:00,-0.36,0.11523809523809524,0.35232571467359786,-1.3488600900969323,False,False
2012-05-16 00:00:00+00:00,-0.33,0.11067460317460318,0.35099622202856773,-1.2554967134054693,False,False
2012-05-17 00:00:00+00:00,-0.35,0.10615079365079365,0.349289354071797,-1.3059395837098176,False,False
2012-05-18 00:00:00+00:00,-0.39,0.10150793650793652,0.34753444029010494,-1.4142711614355385,False,False
2012-05-21 00:00:00+00:00,-0.41,0.09670634920634921,0.34592313282587567,-1.4647946353486732,False,False
2012-05-22 00:00:00+00:00,-0.38,0.09146825396825398,0.3435446626614274,-1.3723637861691909,False,False
2012-05-23 00:00:00+00:00,-0.41,0.08658730158730159,0.3414561335704024,-1.4543223939039707,False,False
2012-05-24 00:00:00+00:00,-0.37,0.08162698412698413,0.3395417167834994,-1.3301075002072666,False,False
2012-05-25 00:00:00+00:00,-0.38,0.07702380952380952,0.3377584172671817,-1.3531085715690208,False,False
2012-05-29 00:00:00+00:00,-0.37,0.07234126984126985,0.3358696783572683,-1.3170026898669507,False,False
2012-05-30 00:00:00+00:00,-0.45,0.06785714285714287,0.33419131659011425,-1.5495828800731375,False,False
2012-05-31 00:00:00+00:00,-0.5,0.06293650793650793,0.332641408591397,-1.692322403035504,False,False
2012-06-01 00:00:00+00:00,-0.59,0.057777777777777775,0.3312427135517056,-1.9555985725152032,False,False
2012-06-04 00:00:00+00:00,-0.56,0.0525,0.3309248479339064,-1.8508734047143263,False,False
2012-06-05 00:00:00+00:00,-0.56,0.04718253968253969,0.32995290985504366,-1.8402096831008092,False,False
2012-06-06 00:00:00+00:00,-0.5,0.041984126984126985,0.3291544638944224,-1.6465950987618099,False,False
2012-06-07 00:00:00+00:00,-0.49,0.03698412698412699,0.3277711033044029,-1.6077809229409519,False,False
2012-06-08 00:00:00+00:00,-0.5,0.032023809523809524,0.3262406162173729,-1.6307712255218527,False,False
2012-06-11 00:00:00+00:00,-0.53,0.027023809523809523,0.32469089104816623,-1.715551082217388,False,False
2012-06-12 00:00:00+00:00,-0.48,0.021746031746031746,0.3228806579944031,-1.5539674468661704,False,False
2012-06-13 00:00:00+00:00,-0.51,0.016706349206349207,0.32074593257950934,-1.6421294729147797,False,False
2012-06-14 00:00:00+00:00,-0.47,0.011507936507936507,0.318608947287018,-1.5112819040645817,False,False
2012-06-15 00:00:00+00:00,-0.54,0.006349206349206348,0.31581577961329493,-1.7299617106472365,False,False
2012-06-18 00:00:00+00:00,-0.54,0.0012698412698412688,0.31425871577636183,-1.7223701813095584,False,False
2012-06-19 00:00:00+00:00,-0.53,-0.003769841269841271,0.31270519096641874,-1.6828315420791027,False,False
2012-06-20 00:00:00+00:00,-0.51,-0.008849206349206351,0.3108026254576989,-1.6124406700644223,False,False
2012-06-21 00:00:00+00:00,-0.47,-0.01400793650793651,0.3082688585955252,-1.4792024908697103,False,False
2012-06-22 00:00:00+00:00,-0.42,-0.01896825396825397,0.3054859087133748,-1.3127667581158975,False,False
2012-06-25 00:00:00+00:00,-0.47,-0.023888888888888887,0.3018837860410141,-1.4777577721597215,False,False
2012-06-26 00:00:00+00:00,-0.45,-0.028571428571428574,0.2995979092520991,-1.4066472375611838,False,False
2012-06-27 00:00:00+00:00,-0.45,-0.0328968253968254,0.2977698335539404,-1.4007569861089277,False,False
2012-06-28 00:00:00+00:00,-0.48,-0.03734126984126984,0.29558719094940533,-1.4975572139541682,False,False
2012-06-29 00:00:00+00:00,-0.46,-0.04214285714285715,0.2928880975353198,-1.426678469946198,False,False
2012-07-02 00:00:00+00:00,-0.5,-0.04690476190476191,0.2898604260515373,-1.5631497002446193,False,False
2012-07-03 00:00:00+00:00,-0.48,-0.051865079365079364,0.28684867960447247,-1.4925462485142473,False,False
2012-07-05 00:00:00+00:00,-0.51,-0.05682539682539683,0.28336664350490387,-1.599251759379225,False,False
2012-07-06 00:00:00+00:00,-0.53,-0.0619047619047619,0.27993799622455845,-1.6721389893772947,False,False
2012-07-09 00:00:00+00:00,-0.57,-0.06694444444444445,0.276858783039123,-1.8170113659875062,False,False
2012-07-10 00:00:00+00:00,-0.59,-0.07218253968253968,0.2738110815492693,-1.8911486612870516,False,False
2012-07-11 00:00:00+00:00,-0.57,-0.07726190476190477,0.2714782516018008,-1.8150186703015687,False,False
2012-07-12 00:00:00+00:00,-0.58,-0.08202380952380953,0.26954046667590903,-1.8475006614682046,False,False
2012-07-13 00:00:00+00:00,-0.59,-0.08670634920634922,0.2678895404004049,-1.878735728320694,False,False
2012-07-16 00:00:00+00:00,-0.61,-0.0913888888888889,0.26632225850284863,-1.9473066728501176,False,False
2012-07-17 00:00:00+00:00,-0.59,-0.09650793650793651,0.26382209827524555,-1.8705486262079654,False,False
2012-07-18 00:00:00+00:00,-0.6,-0.10126984126984127,0.2618414231546544,-1.9047030554657043,False,False
2012-07-19 00:00:00+00:00,-0.62,-0.10595238095238095,0.26015526645376597,-1.9759262461018605,False,False
2012-07-20 00:00:00+00:00,-0.67,-0.11055555555555557,0.2589399338293756,-2.160518218148158,False,False
2012-07-23 00:00:00+00:00,-0.68,-0.11567460317460317,0.25718507851622036,-2.194238484134318,False,False
2012-07-24 00:00:00+00:00,-0.68,-0.12107142857142857,0.2546790082988178,-2.194639342920537,False,False
2012-07-25 00:00:00+00:00,-0.67,-0.1261904761904762,0.2528841037882275,-2.150429843802779,False,False
2012-07-26 00:00:00+00:00,-0.66,-0.13115079365079363,0.25123096363903824,-2.1050319542182008,False,False
2012-07-27 00:00:00+00:00,-0.61,-0.136031746031746,0.24949695800931526,-1.8996955223420313,False,False
2012-07-30 00:00:00+00:00,-0.64,-0.14067460317460317,0.24737011415353827,-2.0185356607608402,False,False
2012-07-31 00:00:00+00:00,-0.69,-0.14527777777777778,0.24581501608666237,-2.2159843238794643,False,False
2012-08-01 00:00:00+00:00,-0.67,-0.14952380952380953,0.2459467669636066,-2.116214809008678,False,False
2012-08-02 00:00:00+00:00,-0.69,-0.1534920634920635,0.2462461356027933,-2.1787466235545283,False,False
2012-08-03 00:00:00+00:00,-0.66,-0.1573809523809524,0.24695170607580194,-2.03529287408433,False,False
2012-08-06 00:00:00+00:00,-0.68,-0.16142857142857142,0.2467968963035014,-2.1012072531645996,False,False
2012-08-07 00:00:00+00:00,-0.65,-0.16507936507936505,0.24763823386405207,-1.9581816077191283,False,False
2012-08-08 00:00:00+00:00,-0.61,-0.16892857142857143,0.24760695877339417,-1.7813369654731308,False,False
2012-08-09 00:00:00+00:00,-0.58,-0.17214285714285715,0.24805572932140313,-1.6442157734993765,False,False
2012-08-10 00:00:00+00:00,-0.6,-0.17444444444444446,0.24914053236960404,-1.7080944297102043,False,False
2012-08-13 00:00:00+00:00,-0.58,-0.1763095238095238,0.25056166275231545,-1.6111422304438137,False,False
2012-08-14 00:00:00+00:00,-0.53,-0.17884920634920634,0.2513990040600677,-1.3967867333591024,False,False
2012-08-15 00:00:00+00:00,-0.45,-0.1808730158730159,0.2521667690801406,-1.0672579305699612,False,False
2012-08-16 00:00:00+00:00,-0.42,-0.1828968253968254,0.25227242371446906,-0.9398695708078518,False,False
2012-08-17 00:00:00+00:00,-0.43,-0.18476190476190477,0.2522811126855711,-0.9720826605983228,False,False
2012-08-20 00:00:00+00:00,-0.43,-0.1865079365079365,0.2524503578997099,-0.9645146297982068,False,False
2012-08-21 00:00:00+00:00,-0.45,-0.18857142857142856,0.2523063788766623,-1.0361552196679438,False,False
2012-08-22 00:00:00+00:00,-0.55,-0.19043650793650793,0.25249552861116537,-1.4240390475080762,False,False
2012-08-23 00:00:00+00:00,-0.62,-0.19273809523809524,0.25312084506873,-1.687975973080724,False,False
2012-08-24 00:00:00+00:00,-0.6,-0.1957142857142857,0.2537195131417537,-1.593435637959146,False,False
2012-08-27 00:00:00+00:00,-0.64,-0.19908730158730156,0.253420348090192,-1.7398472606303033,False,False
2012-08-28 00:00:00+00:00,-0.68,-0.20214285714285712,0.25407784089062785,-1.88075095876954,False,False
2012-08-29 00:00:00+00:00,-0.64,-0.20543650793650792,0.25487323608143675,-1.7050181444890549,False,False
2012-08-30 00:00:00+00:00,-0.63,-0.20884920634920634,0.25491164213933176,-1.6521442101126065,False,False
2012-08-31 00:00:00+00:00,-0.68,-0.2119047619047619,0.25532797215284975,-1.8333096610935256,False,False
2012-09-04 00:00:00+00:00,-0.68,-0.2153174603174603,0.2558158155524199,-1.8164730694194333,False,False
2012-09-05 00:00:00+00:00,-0.69,-0.2182936507936508,0.2568439018541897,-1.8365487589973495,False,False
2012-09-06 00:00:00+00:00,-0.63,-0.22103174603174602,0.25818190370844196,-1.5840314448610275,False,False
2012-09-07 00:00:00+00:00,-0.68,-0.22373015873015875,0.2588904739328971,-1.7624049055899358,False,False
2012-09-10 00:00:00+00:00,-0.68,-0.22678571428571428,0.2597155694336767,-1.745040879538116,False,False
2012-09-11 00:00:00+00:00,-0.68,-0.22948412698412698,0.26087985463010116,-1.7269093991740176,False,False
2012-09-12 00:00:00+00:00,-0.61,-0.23206349206349206,0.2621100935331912,-1.4418998629240103,False,False
2012-09-13 00:00:00+00:00,-0.72,-0.23448412698412696,0.2627742955928769,-1.8476535991484322,False,False
2012-09-14 00:00:00+00:00,-0.76,-0.2376190476190476,0.2638375347355689,-1.9799341776919972,False,False
2012-09-17 00:00:00+00:00,-0.74,-0.24111111111111114,0.2649068759843327,-1.88326138019307,False,False
2012-09-18 00:00:00+00:00,-0.73,-0.24456349206349204,0.26571898993121634,-1.8268792458610783,False,False
2012-09-19 00:00:00+00:00,-0.75,-0.2479761904761905,0.2664109088217161,-1.8843965952601707,False,False
2012-09-20 00:00:00+00:00,-0.7,-0.2513095238095238,0.26741843792975534,-1.6778591620834191,False,False
2012-09-21 00:00:00+00:00,-0.71,-0.2542460317460318,0.2682684386271915,-1.6988728550633658,False,False
2012-09-24 00:00:00+00:00,-0.73,-0.2571428571428571,0.2692348821040898,-1.7562997006989978,False,False
2012-09-25 00:00:00+00:00,-0.74,-0.2600793650793651,0.27034284277604026,-1.7752296676047565,False,False
2012-09-26 00:00:00+00:00,-0.77,-0.2634126984126984,0.2710630179104915,-1.8688912471069121,False,False
2012-09-27 00:00:00+00:00,-0.78,-0.26694444444444443,0.271844424852879,-1.8873131418208005,False,False
2012-09-28 00:00:00+00:00,-0.77,-0.27051587301587304,0.27265138297736896,-1.8319515622100693,False,False
2012-10-01 00:00:00+00:00,-0.78,-0.27420634920634923,0.27309456697145373,-1.8520824357758858,False,False
2012-10-02 00:00:00+00:00,-0.83,-0.27797619047619054,0.2734949241474725,-2.018406049927823,False,False
2012-10-03 00:00:00+00:00,-0.83,-0.2819444444444445,0.27422289493123847,-1.9985769448352615,False,False
2012-10-04 00:00:00+00:00,-0.86,-0.285515873015873,0.27547881485930026,-2.085402201536051,False,False
2012-10-05 00:00:00+00:00,-0.82,-0.2891269841269841,0.27702321976483174,-1.9163484430066193,False,False
2012-10-09 00:00:00+00:00,-0.81,-0.29285714285714287,0.27781979066335877,-1.8614327507340618,False,False
2012-10-10 00:00:00+00:00,-0.8,-0.29658730158730157,0.27842946762812937,-1.8080438924124833,False,False
2012-10-11 00:00:00+00:00,-0.77,-0.30039682539682533,0.2787247590448698,-1.6848276278447756,False,False
2012-10-12 00:00:00+00:00,-0.78,-0.3043650793650794,0.2782615240161679,-1.709308975851382,False,False
2012-10-15 00:00:00+00:00,-0.78,-0.30849206349206354,0.2775693229094745,-1.6987033421618873,False,False
2012-10-16 00:00:00+00:00,-0.71,-0.3126587301587302,0.2767304746153721,-1.4358421145829159,False,False
2012-10-17 00:00:00+00:00,-0.65,-0.3165873015873016,0.2753068919920909,-1.2110583066052585,False,False
2012-10-18 00:00:00+00:00,-0.66,-0.32011904761904764,0.2738430674890935,-1.2411522975453415,False,False
2012-10-19 00:00:00+00:00,-0.71,-0.3236111111111111,0.272535782137634,-1.4177547104392978,False,False
2012-10-22 00:00:00+00:00,-0.7,-0.3273412698412698,0.2713586786400599,-1.373306842538979,False,False
2012-10-23 00:00:00+00:00,-0.71,-0.3309920634920635,0.27015158784439225,-1.4029454334588092,False,False
2012-10-24 00:00:00+00:00,-0.69,-0.3347222222222222,0.26886125923114806,-1.3214167738176619,False,False
2012-10-25 00:00:00+00:00,-0.63,-0.33837301587301594,0.26740476903752763,-1.0905825845090185,False,False
2012-10-26 00:00:00+00:00,-0.69,-0.34134920634920635,0.266454822417992,-1.3084799535129428,False,False
2012-10-29 00:00:00+00:00,-0.73,-0.3446825396825397,0.2655361756341582,-1.4510921511814285,False,False
2012-10-31 00:00:00+00:00,-0.78,-0.348531746031746,0.2640532720158484,-1.6340197213778795,False,False
2012-11-01 00:00:00+00:00,-0.77,-0.35238095238095235,0.2632403914665937,-1.5864550470099312,False,False
2012-11-02 00:00:00+00:00,-0.73,-0.35575396825396827,0.26312371733015283,-1.422319643183092,False,False
2012-11-05 00:00:00+00:00,-0.75,-0.35849206349206353,0.26341480311952037,-1.4862791759288327,False,False
2012-11-06 00:00:00+00:00,-0.72,-0.36119047619047623,0.2639301704788846,-1.3594865761594688,False,False
2012-11-07 00:00:00+00:00,-0.8,-0.36404761904761906,0.2639017038163542,-1.6519498534793646,False,False
2012-11-08 00:00:00+00:00,-0.85,-0.366984126984127,0.2646211148196528,-1.8253111560846638,False,False
2012-11-09 00:00:00+00:00,-0.83,-0.36996031746031743,0.265821283185374,-1.7306352487165888,False,False
2012-11-13 00:00:00+00:00,-0.84,-0.37313492063492065,0.26652121756651714,-1.7516994842955094,False,False
2012-11-14 00:00:00+00:00,-0.81,-0.3763095238095238,0.26730071593173593,-1.6224815361184197,False,False
2012-11-15 00:00:00+00:00,-0.8,-0.37936507936507935,0.2678414409698173,-1.5704624314738564,False,False
2012-11-16 00:00:00+00:00,-0.81,-0.3825,0.268124109040204,-1.5944108925165634,False,False
2012-11-19 00:00:00+00:00,-0.78,-0.38587301587301587,0.26813438338975876,-1.4698860293276272,False,False
2012-11-20 00:00:00+00:00,-0.74,-0.38916666666666666,0.2678565129948915,-1.309780857708785,False,False
2012-11-21 00:00:00+00:00,-0.71,-0.3923412698412698,0.26725190416916395,-1.188611662641924,False,False
2012-11-23 00:00:00+00:00,-0.72,-0.39535714285714285,0.266527529035247,-1.218046249548671,False,False
2012-11-26 00:00:00+00:00,-0.73,-0.3984920634920635,0.2656768173015845,-1.2477864643026924,False,False
2012-11-27 00:00:00+00:00,-0.74,-0.4015873015873016,0.2649736142570578,-1.2771562155784895,False,False
2012-11-28 00:00:00+00:00,-0.75,-0.40448412698412695,0.2646657136579745,-1.3054802914985075,False,False
2012-11-29 00:00:00+00:00,-0.78,-0.40765873015873016,0.2639896069033027,-1.4104391237555634,False,False
2012-11-30 00:00:00+00:00,-0.79,-0.41083333333333333,0.263636271528286,-1.4382188932829951,False,False
2012-12-03 00:00:00+00:00,-0.81,-0.41400793650793655,0.26336507605104353,-1.5035860844940396,False,False
2012-12-04 00:00:00+00:00,-0.83,-0.41734126984126985,0.26303862327391525,-1.5688142107138692,False,False
2012-12-05 00:00:00+00:00,-0.85,-0.4208730158730159,0.2625784491882697,-1.6342810518288133,False,False
2012-12-06 00:00:00+00:00,-0.87,-0.42424603174603176,0.26260992193693966,-1.6973995687832648,False,False
2012-12-07 00:00:00+00:00,-0.86,-0.4276587301587302,0.26279313854912206,-1.6451771618856605,False,False
2012-12-10 00:00:00+00:00,-0.87,-0.4311111111111111,0.26273529684971936,-1.6704603231895665,False,False
2012-12-11 00:00:00+00:00,-0.84,-0.43452380952380953,0.26282894667014495,-1.5427379503410268,False,False
2012-12-12 00:00:00+00:00,-0.79,-0.4378968253968254,0.26255551731234683,-1.3410617998337404,False,False
2012-12-13 00:00:00+00:00,-0.73,-0.44123015873015875,0.26166733732257463,-1.1035761827386792,False,False
2012-12-14 00:00:00+00:00,-0.74,-0.4440873015873016,0.26086960061180803,-1.1343318566774552,False,False
2012-12-17 00:00:00+00:00,-0.7,-0.44682539682539685,0.2603373563539914,-0.9724866485559267,False,False
2012-12-18 00:00:00+00:00,-0.67,-0.4494444444444444,0.259546971408677,-0.8497712547308967,False,False
2012-12-19 00:00:00+00:00,-0.66,-0.45206349206349206,0.2584224820320918,-0.8046378407227189,False,False
2012-12-20 00:00:00+00:00,-0.69,-0.454484126984127,0.2574966285046545,-0.9146367250847939,False,False
2012-12-21 00:00:00+00:00,-0.71,-0.4567460317460318,0.25704985600121105,-0.9852328734732884,False,False
2012-12-24 00:00:00+00:00,-0.69,-0.45916666666666667,0.2565486914324346,-0.8997642203687725,False,False
2012-12-26 00:00:00+00:00,-0.71,-0.4616269841269841,0.25577343790915735,-0.9710664950331164,False,False
2012-12-27 00:00:00+00:00,-0.73,-0.46416666666666667,0.2550456954604521,-1.042296882734702,False,False
2012-12-28 00:00:00+00:00,-0.73,-0.46690476190476193,0.25417616090822515,-1.0350901404566941,False,False
2012-12-31 00:00:00+00:00,-0.67,-0.4697222222222222,0.25313556007625443,-0.7911878430570808,False,False
2013-01-02 00:00:00+00:00,-0.62,-0.4721031746031746,0.25218080939542015,-0.5864713724703882,False,False
2013-01-03 00:00:00+00:00,-0.54,-0.4743650793650794,0.25093290807181384,-0.26156362327788735,False,False
2013-01-04 00:00:00+00:00,-0.55,-0.47623015873015867,0.24965888002965403,-0.29548254506741006,False,False
2013-01-07 00:00:00+00:00,-0.6,-0.4782539682539683,0.2481712535724581,-0.49057265897432273,False,False
2013-01-08 00:00:00+00:00,-0.6,-0.48031746031746037,0.2470057712051704,-0.48453337385031264,False,False
2013-01-09 00:00:00+00:00,-0.64,-0.4823015873015873,0.24594451710797624,-0.6411950733960818,False,False
2013-01-10 00:00:00+00:00,-0.62,-0.4844047619047619,0.24501248617898155,-0.5534217468255305,False,False
2013-01-11 00:00:00+00:00,-0.63,-0.48634920634920636,0.24413144906315443,-0.5884157661868159,False,False
2013-01-14 00:00:00+00:00,-0.66,-0.48853174603174604,0.24293980322737468,-0.7058055192700213,False,False
2013-01-15 00:00:00+00:00,-0.66,-0.4907539682539683,0.24193078548268113,-0.6995638500836737,False,False
2013-01-16 00:00:00+00:00,-0.65,-0.4929761904761905,0.2408969614677425,-0.6518297639251706,False,False
2013-01-17 00:00:00+00:00,-0.64,-0.495,0.24006058332290997,-0.6040141950540785,False,False
2013-01-18 00:00:00+00:00,-0.66,-0.49686507936507934,0.23935024439682429,-0.6815740716957679,False,False
2013-01-22 00:00:00+00:00,-0.68,-0.4988888888888889,0.2385604978010992,-0.7591831538770233,False,False
2013-01-23 00:00:00+00:00,-0.66,-0.5015873015873016,0.236733793030078,-0.6691596344784264,False,False
2013-01-24 00:00:00+00:00,-0.62,-0.5042460317460317,0.23471909757210604,-0.49315956584405557,False,False
2013-01-25 00:00:00+00:00,-0.56,-0.5067857142857143,0.23247581743380696,-0.22890245661546074,False,False
2013-01-28 00:00:00+00:00,-0.55,-0.508968253968254,0.23036547911579777,-0.17811586262506227,False,False
2013-01-29 00:00:00+00:00,-0.53,-0.5106746031746031,0.22906170394237968,-0.08436764632755113,False,False
2013-01-30 00:00:00+00:00,-0.54,-0.5121428571428571,0.22798828215801584,-0.12218673079801301,False,False
2013-01-31 00:00:00+00:00,-0.57,-0.5135714285714286,0.2270246289031774,-0.24855704731770456,False,False
2013-02-01 00:00:00+00:00,-0.55,-0.5148809523809523,0.22639119642558264,-0.15512550034423156,False,False
2013-02-04 00:00:00+00:00,-0.59,-0.5159523809523809,0.22591356303337132,-0.3277696923255596,False,False
2013-02-05 00:00:00+00:00,-0.55,-0.5171825396825397,0.22546719625335757,-0.14555314858567436,False,False
2013-02-06 00:00:00+00:00,-0.58,-0.5181746031746032,0.22505741027161413,-0.27470944747289955,False,False
2013-02-07 00:00:00+00:00,-0.58,-0.5196428571428571,0.22424435179358068,-0.2691579180228463,False,False
2013-02-08 00:00:00+00:00,-0.57,-0.5209126984126985,0.2236735141979103,-0.2194596072911348,False,False
2013-02-11 00:00:00+00:00,-0.58,-0.5223412698412698,0.2228278832215744,-0.2587590445375086,False,False
2013-02-12 00:00:00+00:00,-0.57,-0.5238095238095238,0.22197899165826024,-0.2080848995908,False,False
2013-02-13 00:00:00+00:00,-0.54,-0.5253968253968254,0.22086627994190688,-0.06611771886145591,False,False
2013-02-14 00:00:00+00:00,-0.56,-0.5265873015873015,0.2201291279806361,-0.15178681131030394,False,False
2013-02-15 00:00:00+00:00,-0.53,-0.5279365079365079,0.21928284945304763,-0.009410184465584169,False,False
2013-02-19 00:00:00+00:00,-0.52,-0.528968253968254,0.21867521939582624,0.04101175246574433,False,False
2013-02-20 00:00:00+00:00,-0.52,-0.53,0.21801348691786168,0.04586872189135523,False,False
2013-02-21 00:00:00+00:00,-0.54,-0.5311111111111111,0.21724175389874875,-0.04091703703069829,False,False
2013-02-22 00:00:00+00:00,-0.57,-0.5323412698412697,0.21640598053088425,-0.17401889756626102,False,False
2013-02-25 00:00:00+00:00,-0.62,-0.5337301587301587,0.21551470541513149,-0.40029677373367856,False,False
2013-02-26 00:00:00+00:00,-0.62,-0.5351190476190477,0.21493533196423611,-0.3949139101759032,False,False
2013-02-27 00:00:00+00:00,-0.61,-0.5363888888888888,0.21448552258360162,-0.3431985069408087,False,False
2013-02-28 00:00:00+00:00,-0.64,-0.5376587301587302,0.21396762843732972,-0.47830258524945585,False,False
2013-03-01 00:00:00+00:00,-0.67,-0.5389285714285714,0.21362001034980876,-0.6135728032069443,False,False
2013-03-04 00:00:00+00:00,-0.65,-0.5403571428571429,0.21328644354615253,-0.5140638819791273,False,False
2013-03-05 00:00:00+00:00,-0.65,-0.5418253968253969,0.21275989794401018,-0.5084351149814442,False,False
2013-03-06 00:00:00+00:00,-0.61,-0.5434920634920634,0.2119509732843897,-0.31378924794413754,False,False
2013-03-07 00:00:00+00:00,-0.56,-0.5449603174603175,0.21112013538843147,-0.07123755634208773,False,False
2013-03-08 00:00:00+00:00,-0.5,-0.5463888888888889,0.20999159430045078,0.22090831322760876,False,False
2013-03-11 00:00:00+00:00,-0.5,-0.5475396825396825,0.20893273287169345,0.22753582881087803,False,False
2013-03-12 00:00:00+00:00,-0.52,-0.5486507936507936,0.20792602566960916,0.13779320582176283,False,False
2013-03-13 00:00:00+00:00,-0.52,-0.5498809523809525,0.2068286088059392,0.14447204646137138,False,False
2013-03-14 00:00:00+00:00,-0.53,-0.5509920634920634,0.2059073011571604,0.10194909735639258,False,False
2013-03-15 00:00:00+00:00,-0.55,-0.552142857142857,0.20497053385686945,0.010454464368782663,False,False
2013-03-18 00:00:00+00:00,-0.6,-0.553531746031746,0.20375710821351425,-0.22805709393735848,False,False
2013-03-19 00:00:00+00:00,-0.61,-0.5556349206349207,0.20146869511253893,-0.26984380543444403,False,False
2013-03-20 00:00:00+00:00,-0.57,-0.5577380952380951,0.19923769777899628,-0.06154409982947245,False,False
2013-03-21 00:00:00+00:00,-0.57,-0.5596428571428571,0.1970304227236335,-0.052566211420407814,False,False
2013-03-22 00:00:00+00:00,-0.6,-0.5617857142857142,0.19416278983999177,-0.1968157016376716,False,False
2013-03-25 00:00:00+00:00,-0.6,-0.5640079365079365,0.19135136934525346,-0.18809409943193758,False,False
2013-03-26 00:00:00+00:00,-0.61,-0.5660714285714284,0.18889920913622316,-0.23255031945047902,False,False
2013-03-27 00:00:00+00:00,-0.64,-0.5681746031746032,0.1863997366482795,-0.3853299265166089,False,False
2013-03-28 00:00:00+00:00,-0.64,-0.5702777777777777,0.18418638312130964,-0.37854167632089064,False,False
2013-04-01 00:00:00+00:00,-0.65,-0.5725,0.18160774901415663,-0.42674390504096144,False,False
2013-04-02 00:00:00+00:00,-0.63,-0.5745634920634921,0.17950187809476148,-0.30883525300633463,False,False
2013-04-03 00:00:00+00:00,-0.65,-0.5766269841269841,0.1771131150534394,-0.414272064781185,False,False
2013-04-04 00:00:00+00:00,-0.7,-0.5786904761904762,0.1749042749818898,-0.6935766654193248,False,False
2013-04-05 00:00:00+00:00,-0.74,-0.5811111111111111,0.17231594359745378,-0.9220788603291882,False,False
2013-04-08 00:00:00+00:00,-0.69,-0.5834920634920636,0.1703304379847842,-0.625301841338838,False,False
2013-04-09 00:00:00+00:00,-0.67,-0.5859920634920636,0.16721115291114186,-0.5024062991335235,False,False
2013-04-10 00:00:00+00:00,-0.6,-0.588452380952381,0.16382013784643945,-0.07048961867217725,False,False
2013-04-11 00:00:00+00:00,-0.65,-0.590515873015873,0.16063411366250943,-0.370308184406598,False,False
2013-04-12 00:00:00+00:00,-0.68,-0.5924603174603174,0.1583515002208896,-0.5528187760619304,False,False
2013-04-15 00:00:00+00:00,-0.69,-0.594484126984127,0.1561748042039942,-0.6115959197305022,False,False
2013-04-16 00:00:00+00:00,-0.65,-0.5962698412698413,0.15467088373082732,-0.3473837960586361,False,False
2013-04-17 00:00:00+00:00,-0.64,-0.5978571428571429,0.15314814400611634,-0.2751770673836835,False,False
2013-04-18 00:00:00+00:00,-0.55,-0.5995238095238095,0.15129379425425493,0.32733536605330144,False,False
2013-04-19 00:00:00+00:00,-0.59,-0.6007142857142856,0.14970450879804736,0.07156955926250248,False,False
2013-04-22 00:00:00+00:00,-0.63,-0.6020238095238095,0.14814749645453085,-0.18884011640910103,False,False
2013-04-23 00:00:00+00:00,-0.64,-0.6034920634920635,0.1465693611434556,-0.24908300222584814,False,False
2013-04-24 00:00:00+00:00,-0.65,-0.6049999999999999,0.1449673682198941,-0.3104146854052134,False,False
2013-04-25 00:00:00+00:00,-0.66,-0.6067460317460318,0.14282482718031694,-0.37286212282080944,False,False
2013-04-26 00:00:00+00:00,-0.68,-0.6084126984126984,0.14096657058101256,-0.5078317596309893,False,False
2013-04-29 00:00:00+00:00,-0.67,-0.6100793650793651,0.13930388137208918,-0.430143326448911,False,False
2013-04-30 00:00:00+00:00,-0.64,-0.6117460317460318,0.13747917982220215,-0.20551452438477041,False,False
2013-05-01 00:00:00+00:00,-0.64,-0.6133333333333334,0.13546437764061264,-0.19685372000462995,False,False
2013-05-02 00:00:00+00:00,-0.62,-0.6147222222222223,0.13392155275774986,-0.03940947270320756,False,False
2013-05-03 00:00:00+00:00,-0.53,-0.6159920634920635,0.1324343328838828,0.6493185084222873,False,False
2013-05-06 00:00:00+00:00,-0.51,-0.6169047619047618,0.13103306529398692,0.8158609558962037,False,False
2013-05-07 00:00:00+00:00,-0.5,-0.6178174603174603,0.12946872137099905,0.910007135853675,False,False
2013-05-08 00:00:00+00:00,-0.48,-0.6186904761904762,0.12791412484642678,1.084246766000139,False,False
2013-05-09 00:00:00+00:00,-0.5,-0.6195238095238096,0.12630739170677655,0.9462930704901651,False,False
2013-05-10 00:00:00+00:00,-0.45,-0.6203174603174603,0.12491231351800934,1.3634961639943095,False,False
2013-05-13 00:00:00+00:00,-0.41,-0.621031746031746,0.12340668597588023,1.7100511561666287,False,False
2013-05-14 00:00:00+00:00,-0.37,-0.6215476190476191,0.12224161999762546,2.057790293130158,True,False
2013-05-15 00:00:00+00:00,-0.36,-0.6219444444444444,0.12125418992590427,2.160291900877923,True,True
2013-05-16 00:00:00+00:00,-0.4,-0.6223809523809524,0.12010240365964016,1.8515945193833152,True,True
2013-05-17 00:00:00+00:00,-0.31,-0.6228571428571429,0.11897207240574603,2.6296687662140172,True,True
2013-05-20 00:00:00+00:00,-0.31,-0.6227777777777779,0.11917471113922815,2.6245314529218304,True,True
2013-05-21 00:00:00+00:00,-0.34,-0.6225793650793652,0.11965460606171097,2.361625468338653,True,True
2013-05-22 00:00:00+00:00,-0.24,-0.6226190476190475,0.11955880762353308,3.200258142619144,True,True
2013-05-23 00:00:00+00:00,-0.24,-0.6221825396825397,0.12075294331575302,3.164995644728781,True,True
2013-05-24 00:00:00+00:00,-0.26,-0.6215873015873017,0.12226229200074705,2.957471970058375,True,True
2013-05-28 00:00:00+00:00,-0.14,-0.6209920634920635,0.12365373811053923,3.8898303507984906,True,True
2013-05-29 00:00:00+00:00,-0.1,-0.6200396825396826,0.12641075782511338,4.113887864347325,True,True
2013-05-30 00:00:00+00:00,-0.05,-0.6188095238095238,0.129922484660994,4.378068394348486,True,True
2013-05-31 00:00:00+00:00,-0.05,-0.6175396825396826,0.13386790484989128,4.239550048804275,True,True
2013-06-03 00:00:00+00:00,-0.07,-0.6162301587301587,0.13775835779581916,3.9651326240384117,True,True
2013-06-04 00:00:00+00:00,-0.05,-0.6150396825396826,0.14114923304340052,4.003136753608461,True,True
2013-06-05 00:00:00+00:00,-0.06,-0.613452380952381,0.14520347625390237,3.8115642629975044,True,True
2013-06-06 00:00:00+00:00,-0.05,-0.6117063492063493,0.1491645561790116,3.765682435526094,True,True
2013-06-07 00:00:00+00:00,0.03,-0.609563492063492,0.1532990721251988,4.1719984550275875,True,True
2013-06-10 00:00:00+00:00,0.11,-0.6072222222222221,0.1584770089720527,4.525717811526237,True,True
2013-06-11 00:00:00+00:00,0.13,-0.604563492063492,0.16476775861614176,4.458174938064182,True,True
2013-06-12 00:00:00+00:00,0.21,-0.6020634920634921,0.17102138660937566,4.7483154485134635,True,True
2013-06-13 00:00:00+00:00,0.15,-0.5992857142857143,0.17837548726340363,4.20060920803125,True,True
2013-06-14 00:00:00+00:00,0.09,-0.5967063492063492,0.18441429054477676,3.7237154841837667,True,True
2013-06-17 00:00:00+00:00,0.15,-0.5942460317460317,0.1893768008319667,3.929974677343918,True,True
2013-06-18 00:00:00+00:00,0.14,-0.5917460317460317,0.19496686556809084,3.75318149375733,True,True
2013-06-19 00:00:00+00:00,0.29,-0.5891666666666666,0.2002799335750477,4.389689226340943,True,True
2013-06-20 00:00:00+00:00,0.46,-0.5861507936507937,0.20766743132045756,5.037625722044245,True,True
2013-06-21 00:00:00+00:00,0.59,-0.5821825396825397,0.21785718121527917,5.380509070867984,True,True
2013-06-24 00:00:00+00:00,0.64,-0.5776984126984126,0.2300187510056525,5.293909332932987,True,True
2013-06-25 00:00:00+00:00,0.64,-0.5730555555555557,0.24245710362966025,5.003175973793824,True,True
2013-06-26 00:00:00+00:00,0.6,-0.5684920634920635,0.25418745619122307,4.5969698151155685,True,True
2013-06-27 00:00:00+00:00,0.5,-0.5642460317460317,0.26456426437481523,4.022637124711167,True,True
2013-06-28 00:00:00+00:00,0.53,-0.5605952380952381,0.2727826996936045,3.9980366765202433,True,True
2013-07-01 00:00:00+00:00,0.48,-0.5566269841269842,0.2812481637762611,3.6858088963440947,True,True
2013-07-02 00:00:00+00:00,0.44,-0.552936507936508,0.2886569186245595,3.4398500221918016,True,True
2013-07-03 00:00:00+00:00,0.48,-0.549404761904762,0.29528978753531115,3.4860831811925235,True,True
2013-07-05 00:00:00+00:00,0.66,-0.5455952380952381,0.3022980423876644,3.9881013736410282,True,True
2013-07-08 00:00:00+00:00,0.58,-0.5411507936507937,0.311650063422482,3.5974669195909277,True,True
2013-07-09 00:00:00+00:00,0.59,-0.5368650793650794,0.3195441437603644,3.52647701849341,True,True
2013-07-10 00:00:00+00:00,0.64,-0.5326190476190477,0.32731718493849116,3.582515986257807,True,True
2013-07-11 00:00:00+00:00,0.56,-0.5280555555555555,0.33554704826965165,3.242631878797439,True,True
2013-07-12 00:00:00+00:00,0.55,-0.5237301587301587,0.3424757161297967,3.1352008570535257,True,True
2013-07-15 00:00:00+00:00,0.47,-0.5192857142857144,0.3490765930894122,2.83400758993978,True,True
2013-07-16 00:00:00+00:00,0.41,-0.5150793650793651,0.3545644228219554,2.609058623865074,True,True
2013-07-17 00:00:00+00:00,0.38,-0.5111904761904762,0.35930234999748273,2.480335784602355,True,True
2013-07-18 00:00:00+00:00,0.38,-0.5073809523809524,0.36363301532581305,2.4403200891587478,True,True
2013-07-19 00:00:00+00:00,0.29,-0.503531746031746,0.367864282667229,2.1571318103464177,True,True
2013-07-22 00:00:00+00:00,0.28,-0.4999603174603175,0.3711804127609992,2.1012970799257373,True,True
2013-07-23 00:00:00+00:00,0.33,-0.4965079365079365,0.37437186162078384,2.207719172401742,True,True
2013-07-24 00:00:00+00:00,0.44,-0.4928174603174604,0.3779146998085282,2.468328066598297,True,True
2013-07-25 00:00:00+00:00,0.44,-0.48861111111111116,0.3823663680267405,2.428589930394112,True,True
2013-07-26 00:00:00+00:00,0.43,-0.4842063492063492,0.38663808535009764,2.364501542517579,True,True
2013-07-29 00:00:00+00:00,0.45,-0.4798015873015873,0.39070010752669615,2.379834480178777,True,True
2013-07-30 00:00:00+00:00,0.46,-0.4753174603174603,0.39485573846141814,2.3687574200187327,True,True
2013-07-31 00:00:00+00:00,0.38,-0.4708333333333334,0.3990303236637341,2.132252319877166,True,True
2013-08-01 00:00:00+00:00,0.48,-0.4667063492063492,0.402429703692095,2.3524763220030307,True,True
2013-08-02 00:00:00+00:00,0.42,-0.46238095238095245,0.4067183380280874,2.169513567199954,True,True
2013-08-05 00:00:00+00:00,0.42,-0.4581746031746032,0.4103392839565893,2.140118281406143,True,True
2013-08-06 00:00:00+00:00,0.39,-0.4537698412698413,0.41378400860841835,2.039155268729433,True,True
2013-08-07 00:00:00+00:00,0.35,-0.4495634920634921,0.4169527665078038,1.917635656336453,True,True
2013-08-08 00:00:00+00:00,0.34,-0.44543650793650796,0.419701335585362,1.8714176995435365,True,True
2013-08-09 00:00:00+00:00,0.33,-0.44146825396825395,0.4223834700848514,1.8264641223134892,True,True
2013-08-12 00:00:00+00:00,0.37,-0.4374603174603175,0.42489546219923985,1.900374066790309,True,True
2013-08-13 00:00:00+00:00,0.48,-0.4334126984126984,0.4277117149122349,2.135580267190315,True,True
2013-08-14 00:00:00+00:00,0.5,-0.4290873015873016,0.4314142871634903,2.1535849164754515,True,True
2013-08-15 00:00:00+00:00,0.6,-0.4248015873015873,0.435256438949351,2.354477718411971,True,True
2013-08-16 00:00:00+00:00,0.68,-0.42003968253968255,0.43987185567507675,2.500818518728456,True,True
2013-08-19 00:00:00+00:00,0.75,-0.41503968253968254,0.4451755533712718,2.6170342771900854,True,True
2013-08-20 00:00:00+00:00,0.67,-0.40996031746031747,0.4511212220509657,2.3939470472047715,True,True
2013-08-21 00:00:00+00:00,0.73,-0.405515873015873,0.456213555817866,2.489000729012105,True,True
2013-08-22 00:00:00+00:00,0.79,-0.400952380952381,0.46178577426015066,2.579014875156047,True,True
2013-08-23 00:00:00+00:00,0.69,-0.3961111111111111,0.4678355215826763,2.321566150934464,True,True
2013-08-26 00:00:00+00:00,0.64,-0.39166666666666666,0.47280589920885147,2.1820088717018122,True,True
2013-08-27 00:00:00+00:00,0.57,-0.3873412698412698,0.47723522581650596,2.006015520340826,True,True
2013-08-28 00:00:00+00:00,0.63,-0.38289682539682546,0.4809154008541666,2.106185045431676,True,True
2013-08-29 00:00:00+00:00,0.65,-0.3779365079365079,0.48489012590452546,2.119936977514176,True,True
2013-08-30 00:00:00+00:00,0.68,-0.3729761904761905,0.4889857290919099,2.153388387083732,True,True
2013-09-03 00:00:00+00:00,0.76,-0.36773809523809525,0.49316608935568435,2.2867308186405757,True,True
2013-09-04 00:00:00+00:00,0.83,-0.36202380952380947,0.4978538316392247,2.3943248676001407,True,True
2013-09-05 00:00:00+00:00,0.92,-0.35619047619047617,0.5031674289759225,2.53631376495863,True,True
2013-09-06 00:00:00+00:00,0.87,-0.35003968253968254,0.5092440284291343,2.395785938429441,True,True
2013-09-09 00:00:00+00:00,0.84,-0.3438888888888889,0.5145755566886048,2.3007095333238277,True,True
2013-09-10 00:00:00+00:00,0.86,-0.33785714285714286,0.5195049852597471,2.3057664061842003,True,True
2013-09-11 00:00:00+00:00,0.8,-0.3317063492063492,0.5244711480518327,2.157804778032336,True,True
2013-09-12 00:00:00+00:00,0.81,-0.32603174603174606,0.528947808246456,2.147719923063615,True,True
2013-09-13 00:00:00+00:00,0.8,-0.32011904761904764,0.5332853015627113,2.1004123765209908,True,True
2013-09-16 00:00:00+00:00,0.76,-0.3142460317460317,0.5374395425872375,1.9988220936900254,True,True
2013-09-17 00:00:00+00:00,0.7,-0.30853174603174605,0.5411775442923876,1.8635875724489708,True,True
2013-09-18 00:00:00+00:00,0.49,-0.30333333333333334,0.5445514254687772,1.4568565910012854,True,True
2013-09-19 00:00:00+00:00,0.55,-0.29853174603174604,0.5461949389538221,1.5535327875007736,True,True
2013-09-20 00:00:00+00:00,0.52,-0.29333333333333333,0.5480163431418767,1.484140652941747,True,True
2013-09-23 00:00:00+00:00,0.46,-0.28833333333333333,0.549670310458188,1.3614221454121216,True,True
2013-09-24 00:00:00+00:00,0.48,-0.2836111111111111,0.5509709426430809,1.3859371738334638,True,True
2013-09-25 00:00:00+00:00,0.45,-0.2787301587301587,0.5522694707566704,1.3195191791639642,True,True
2013-09-26 00:00:00+00:00,0.47,-0.2741666666666666,0.5535244733789824,1.344415111628058,True,True
2013-09-27 00:00:00+00:00,0.46,-0.269484126984127,0.5548124586640731,1.3148301116752927,True,True
2013-09-30 00:00:00+00:00,0.45,-0.26476190476190475,0.5559403423033259,1.2856809451902025,True,True
2013-10-01 00:00:00+00:00,0.46,-0.26003968253968257,0.5569406314365261,1.2928481814703885,True,True
2013-10-02 00:00:00+00:00,0.43,-0.2551587301587302,0.5578426488889984,1.2282293788818317,True,True
2013-10-03 00:00:00+00:00,0.43,-0.25035714285714283,0.558514206580959,1.2181554826010004,True,True
2013-10-04 00:00:00+00:00,0.46,-0.2455952380952381,0.559181283686284,1.2618362929527098,True,True
2013-10-07 00:00:00+00:00,0.45,-0.24067460317460318,0.5599152800082279,1.233534121741514,True,True
2013-10-08 00:00:00+00:00,0.48,-0.2355952380952381,0.5603535121890912,1.2770424785947634,True,True
2013-10-09 00:00:00+00:00,0.47,-0.23039682539682538,0.5608934261762463,1.2487164097671983,True,True
2013-10-10 00:00:00+00:00,0.5,-0.2251190476190476,0.5612028076808668,1.2920802207236877,True,True
2013-10-11 00:00:00+00:00,0.5,-0.21988095238095237,0.5617881823844431,1.2814099245119457,True,True
2013-10-15 00:00:00+00:00,0.54,-0.2146825396825397,0.5623664944822293,1.3419763572105692,True,True
2013-10-16 00:00:00+00:00,0.5,-0.20936507936507937,0.5631446227977741,1.2596499205494736,True,True
2013-10-17 00:00:00+00:00,0.45,-0.20432539682539683,0.563789770789831,1.160584016820191,True,True
2013-10-18 00:00:00+00:00,0.42,-0.19944444444444442,0.5641102793424769,1.0980910419970802,True,True
2013-10-21 00:00:00+00:00,0.44,-0.19468253968253968,0.5642548751726226,1.1248153407418433,True,True
2013-10-22 00:00:00+00:00,0.37,-0.1901190476190476,0.5647207695172781,0.9918513322926585,False,True
2013-10-23 00:00:00+00:00,0.36,-0.18607142857142858,0.5650667580850688,0.966383919701784,False,False
2013-10-24 00:00:00+00:00,0.36,-0.1820238095238095,0.565311562571879,0.9588054542133861,False,False
2013-10-25 00:00:00+00:00,0.34,-0.17777777777777778,0.5653485176742521,0.9158559040851963,False,False
2013-10-28 00:00:00+00:00,0.35,-0.17365079365079364,0.5653171069001425,0.9262956794677207,False,False
2013-10-29 00:00:00+00:00,0.35,-0.16944444444444445,0.5652539612651846,0.918957636814775,False,False
2013-10-30 00:00:00+00:00,0.37,-0.16531746031746034,0.565234762788382,0.9470710146641804,False,False
2013-10-31 00:00:00+00:00,0.4,-0.16134920634920633,0.5654696643623833,0.9927132112067883,False,False
2013-11-01 00:00:00+00:00,0.5,-0.15702380952380954,0.5655786017958352,1.1616843484488557,False,False
2013-11-04 00:00:00+00:00,0.5,-0.15214285714285714,0.5659214636471241,1.1523557578821497,False,False
2013-11-05 00:00:00+00:00,0.55,-0.14706349206349206,0.5660079926516266,1.2315435490546671,False,False
2013-11-06 00:00:00+00:00,0.48,-0.14182539682539683,0.5663279367487277,1.0979952717771233,False,False
2013-11-07 00:00:00+00:00,0.46,-0.13702380952380952,0.5664507090695077,1.0539730994503007,False,False
2013-11-08 00:00:00+00:00,0.59,-0.1322222222222222,0.5663623899898721,1.2751945308994428,False,False
2013-11-12 00:00:00+00:00,0.62,-0.1270238095238095,0.5669575890641027,1.3176008645672221,False,False
2013-11-13 00:00:00+00:00,0.58,-0.1213888888888889,0.5672988134840684,1.2363658661320047,False,False
2013-11-14 00:00:00+00:00,0.51,-0.11571428571428571,0.5671336029718258,1.1032925618152272,False,False
2013-11-15 00:00:00+00:00,0.53,-0.1103968253968254,0.5666915246704384,1.1300624722934591,False,False
2013-11-18 00:00:00+00:00,0.48,-0.10496031746031748,0.5662355583874674,1.0330688505790324,False,False
2013-11-19 00:00:00+00:00,0.53,-0.09984126984126984,0.5656670907635348,1.1134486699431516,False,False
2013-11-20 00:00:00+00:00,0.64,-0.09456349206349207,0.565312916148084,1.2993927276041093,False,False
2013-11-21 00:00:00+00:00,0.6,-0.08880952380952381,0.5653812409675594,1.2183098304265219,False,False
2013-11-22 00:00:00+00:00,0.56,-0.08333333333333333,0.5653430365751242,1.1379521665831038,False,False
2013-11-25 00:00:00+00:00,0.56,-0.07817460317460317,0.5652583244644294,1.128996381927255,False,False
2013-11-26 00:00:00+00:00,0.54,-0.07313492063492064,0.5652641853627176,1.084687366565574,False,False
2013-11-27 00:00:00+00:00,0.58,-0.06813492063492065,0.5650921844646409,1.146954317283565,False,False
2013-11-29 00:00:00+00:00,0.6,-0.06293650793650793,0.5650047666975406,1.1733290531536211,False,False
2013-12-02 00:00:00+00:00,0.66,-0.057619047619047625,0.5649128954066256,1.2703180498340434,False,False
2013-12-03 00:00:00+00:00,0.64,-0.05202380952380953,0.5650105518781354,1.2247980276181976,False,False
2013-12-04 00:00:00+00:00,0.73,-0.04638888888888889,0.5648023096267534,1.3746205984921722,False,False
2013-12-05 00:00:00+00:00,0.76,-0.04035714285714286,0.5649456761147277,1.4166975280904857,False,False
2013-12-06 00:00:00+00:00,0.77,-0.034126984126984124,0.5650812018526903,1.4230290823523273,False,False
2013-12-09 00:00:00+00:00,0.74,-0.027777777777777776,0.5650919452583245,1.358677617368618,False,False
2013-12-10 00:00:00+00:00,0.69,-0.02146825396825397,0.5647513176443251,1.259790339110514,False,False
2013-12-11 00:00:00+00:00,0.71,-0.01527777777777778,0.5639625053074451,1.2860390025084938,False,False
2013-12-12 00:00:00+00:00,0.75,-0.009047619047619049,0.5632651376157334,1.3475849442069519,False,False
2013-12-13 00:00:00+00:00,0.72,-0.0026190476190476207,0.5626441255945183,1.2843270101780442,False,False
2013-12-16 00:00:00+00:00,0.71,0.0035714285714285696,0.5619756900013836,1.2570447156296605,False,False
2013-12-17 00:00:00+00:00,0.67,0.009523809523809521,0.5614804806118707,1.1763119347558435,False,False
2013-12-18 00:00:00+00:00,0.72,0.015079365079365076,0.5610601036352765,1.256408413917231,False,False
2013-12-19 00:00:00+00:00,0.79,0.02087301587301587,0.5607699883434593,1.371555183256189,False,False
2013-12-20 00:00:00+00:00,0.73,0.02678571428571428,0.5609940538015368,1.2535146869187,False,False
2013-12-23 00:00:00+00:00,0.76,0.03234126984126984,0.5609983937694701,1.2970780990466533,False,False
2013-12-24 00:00:00+00:00,0.8,0.037976190476190476,0.5611480401256185,1.357972861053249,False,False
2013-12-26 00:00:00+00:00,0.8,0.04388888888888889,0.5612968367981027,1.3470788743872482,False,False
2013-12-27 00:00:00+00:00,0.8,0.04988095238095238,0.56127663400037,1.3364515858655062,False,False
2013-12-30 00:00:00+00:00,0.76,0.05579365079365079,0.5612995069775412,1.2545999781797885,False,False
2013-12-31 00:00:00+00:00,0.8,0.061626984126984134,0.5609476647741465,1.316295729959596,False,False
2014-01-02 00:00:00+00:00,0.74,0.0676984126984127,0.5606252381820784,1.1991996462407546,False,False
2014-01-03 00:00:00+00:00,0.75,0.07353174603174603,0.5599393704587726,1.2081098234153569,False,False
2014-01-06 00:00:00+00:00,0.72,0.07916666666666666,0.5595719942358324,1.1452205255705725,False,False
2014-01-07 00:00:00+00:00,0.7,0.08448412698412698,0.5592682788386714,1.100573546373845,False,False
2014-01-08 00:00:00+00:00,0.72,0.0894047619047619,0.5592069324355748,1.1276599082002399,False,False
2014-01-09 00:00:00+00:00,0.66,0.09444444444444444,0.5591442744144358,1.0114662376679686,False,False
2014-01-10 00:00:00+00:00,0.59,0.09944444444444443,0.5585429330469244,0.8782772577203889,False,False
2014-01-13 00:00:00+00:00,0.57,0.10416666666666667,0.5576356069329869,0.8353722888956662,False,False
2014-01-14 00:00:00+00:00,0.62,0.10896825396825398,0.5564104211435094,0.9184438799357799,False,False
2014-01-15 00:00:00+00:00,0.62,0.11388888888888889,0.5554201915655924,0.9112220239680318,False,False
2014-01-16 00:00:00+00:00,0.61,0.11884920634920634,0.5543308886782269,0.8860245814948489,False,False
2014-01-17 00:00:00+00:00,0.58,0.12388888888888888,0.5529932633930742,0.8248041003474248,False,False
2014-01-21 00:00:00+00:00,0.59,0.12880952380952382,0.5515051583347982,0.8362396420424859,False,False
2014-01-22 00:00:00+00:00,0.62,0.13373015873015873,0.550058648270369,0.8840327168728129,False,False
2014-01-23 00:00:00+00:00,0.66,0.13873015873015873,0.5487225064155704,0.9499698575787267,False,False
2014-01-24 00:00:00+00:00,0.61,0.14396825396825397,0.5473661372712064,0.8514077037265438,False,False
2014-01-27 00:00:00+00:00,0.64,0.1490873015873016,0.5456590374737252,0.8996693258953619,False,False
2014-01-28 00:00:00+00:00,0.62,0.15424603174603174,0.5441223671037569,0.8559728406922025,False,False
2014-01-29 00:00:00+00:00,0.55,0.15916666666666665,0.5426977213265841,0.7201676328729931,False,False
2014-01-30 00:00:00+00:00,0.57,0.16357142857142856,0.5413403231565527,0.7507820017150919,False,False
2014-01-31 00:00:00+00:00,0.53,0.168015873015873,0.5400546229438082,0.6702731753520993,False,False
2014-02-03 00:00:00+00:00,0.47,0.17222222222222222,0.5387226871846695,0.5527477955939548,False,False
2014-02-04 00:00:00+00:00,0.51,0.1762301587301587,0.5371576317226648,0.6213629325146908,False,False
2014-02-05 00:00:00+00:00,0.56,0.180515873015873,0.5354859019072911,0.7086724891028546,False,False
2014-02-06 00:00:00+00:00,0.57,0.18492063492063493,0.5340161986765914,0.7211005322192017,False,False
2014-02-07 00:00:00+00:00,0.53,0.1895238095238095,0.5323066502954621,0.6396241532718139,False,False
2014-02-10 00:00:00+00:00,0.51,0.19380952380952382,0.5306740164935954,0.5958280721556531,False,False
2014-02-11 00:00:00+00:00,0.56,0.19813492063492064,0.5287805388040686,0.6843388756014012,False,False
2014-02-12 00:00:00+00:00,0.59,0.20265873015873015,0.5269702874619241,0.7350343635252052,False,False
2014-02-13 00:00:00+00:00,0.56,0.20726190476190476,0.5252577083834914,0.6715524391325272,False,False
2014-02-14 00:00:00+00:00,0.59,0.21178571428571427,0.5233560732395279,0.7226710552400255,False,False
2014-02-18 00:00:00+00:00,0.57,0.21638888888888885,0.5215507595397105,0.6779994173974305,False,False
2014-02-19 00:00:00+00:00,0.6,0.22079365079365076,0.5198216107965882,0.7294932363916989,False,False
2014-02-20 00:00:00+00:00,0.63,0.22539682539682537,0.5180128300548499,0.7810678638216995,False,False
2014-02-21 00:00:00+00:00,0.61,0.23,0.5164250388169911,0.7358279932950019,False,False
2014-02-24 00:00:00+00:00,0.59,0.234484126984127,0.5147901476926161,0.6906034907803895,False,False
2014-02-25 00:00:00+00:00,0.55,0.23888888888888887,0.5130546319196602,0.6063898301571682,False,False
2014-02-26 00:00:00+00:00,0.51,0.24321428571428572,0.5110527234734266,0.5220316848572405,False,False
2014-02-27 00:00:00+00:00,0.49,0.2475,0.5087290820116945,0.4766780759634761,False,False
2014-02-28 00:00:00+00:00,0.49,0.2519047619047619,0.5059860229644694,0.4705569468110728,False,False
2014-03-03 00:00:00+00:00,0.44,0.25630952380952376,0.5031893018879009,0.36505242758797424,False,False
2014-03-04 00:00:00+00:00,0.52,0.2604761904761905,0.500326359056072,0.5187090482568888,False,False
2014-03-05 00:00:00+00:00,0.52,0.2650793650793651,0.49733592426501316,0.5125723328701196,False,False
2014-03-06 00:00:00+00:00,0.53,0.26980158730158726,0.4940607011408744,0.526652721209293,False,False
2014-03-07 00:00:00+00:00,0.57,0.274484126984127,0.49089004836896055,0.6020001301671503,False,False
2014-03-10 00:00:00+00:00,0.57,0.2793253968253968,0.48774211606412443,0.5959596139046306,False,False
2014-03-11 00:00:00+00:00,0.57,0.28400793650793654,0.48482572539058333,0.5898863210314668,False,False
2014-03-12 00:00:00+00:00,0.54,0.28849206349206347,0.4822070234687349,0.5215766761311881,False,False
2014-03-13 00:00:00+00:00,0.49,0.2926190476190476,0.47987660859472997,0.411316052597276,False,False
2014-03-14 00:00:00+00:00,0.48,0.296547619047619,0.4774079099307294,0.38426757734072614,False,False
2014-03-17 00:00:00+00:00,0.52,0.300515873015873,0.4747422573380439,0.46232271004230746,False,False
2014-03-18 00:00:00+00:00,0.5,0.3046428571428571,0.4720940375680904,0.41380980760420305,False,False
2014-03-19 00:00:00+00:00,0.62,0.30873015873015874,0.469289509819968,0.6632789243238203,False,False
2014-03-20 00:00:00+00:00,0.66,0.31337301587301586,0.46653948960894287,0.7429745859616935,False,False
2014-03-21 00:00:00+00:00,0.61,0.31837301587301586,0.463453315710073,0.6292478103866238,False,False
2014-03-24 00:00:00+00:00,0.59,0.32321428571428573,0.4600766280735061,0.5798723473583842,False,False
2014-03-25 00:00:00+00:00,0.61,0.32781746031746034,0.4568962482730123,0.6176074781728679,False,False
2014-03-26 00:00:00+00:00,0.57,0.3325,0.4536936722141613,0.523480962035306,False,False
2014-03-27 00:00:00+00:00,0.56,0.3371428571428572,0.450085175016344,0.49514437539305806,False,False
2014-03-28 00:00:00+00:00,0.6,0.3417460317460317,0.446379109888832,0.5785529890014003,False,False
2014-03-31 00:00:00+00:00,0.6,0.34654761904761905,0.44259240117738735,0.5726541627875787,False,False
2014-04-01 00:00:00+00:00,0.63,0.35146825396825393,0.43845416949680166,0.6352585182424131,False,False
2014-04-02 00:00:00+00:00,0.68,0.35650793650793644,0.43429168867605006,0.744872793854835,False,False
2014-04-03 00:00:00+00:00,0.66,0.36178571428571427,0.4300722464489226,0.6934050922295519,False,False
2014-04-04 00:00:00+00:00,0.61,0.3669047619047619,0.4258770454319405,0.5708108495227343,False,False
2014-04-07 00:00:00+00:00,0.59,0.3719047619047619,0.42126202780793226,0.5177187206502152,False,False
2014-04-08 00:00:00+00:00,0.58,0.37702380952380954,0.4159895218624786,0.48793582484342485,False,False
2014-04-09 00:00:00+00:00,0.57,0.38226190476190475,0.4101375277762095,0.45774425046160133,False,False
2014-04-10 00:00:00+00:00,0.51,0.38726190476190475,0.40465720436557495,0.3033137527614888,False,False
2014-04-11 00:00:00+00:00,0.5,0.39194444444444443,0.3991642026112855,0.27070452422504016,False,False
2014-04-14 00:00:00+00:00,0.52,0.3963095238095238,0.3942579284832248,0.3137298383987708,False,False
2014-04-15 00:00:00+00:00,0.5,0.400952380952381,0.38873772346366203,0.25479291838492657,False,False
2014-04-16 00:00:00+00:00,0.48,0.4056349206349207,0.38272559117237037,0.19430391141936224,False,False
2014-04-17 00:00:00+00:00,0.52,0.4102777777777778,0.3764262680540474,0.2914839678682261,False,False
2014-04-21 00:00:00+00:00,0.53,0.4149206349206349,0.37046486578845605,0.3106350310290371,False,False
2014-04-22 00:00:00+00:00,0.52,0.419563492063492,0.3644744728661029,0.2755652738769592,False,False
2014-04-23 00:00:00+00:00,0.49,0.4238095238095238,0.35933062413161493,0.18420494036776577,False,False
2014-04-24 00:00:00+00:00,0.49,0.4280952380952381,0.35358542425862244,0.17507724486822454,False,False
2014-04-25 00:00:00+00:00,0.48,0.43253968253968256,0.34721415256543225,0.13668889101913426,False,False
2014-04-28 00:00:00+00:00,0.52,0.4369841269841269,0.34053454544212347,0.24378106164850843,False,False
2014-04-29 00:00:00+00:00,0.53,0.4416269841269841,0.33356001351416403,0.2649388784404259,False,False
2014-04-30 00:00:00+00:00,0.49,0.44634920634920633,0.32624533865694294,0.13379744774436095,False,False
2014-05-01 00:00:00+00:00,0.43,0.4509920634920635,0.3183826907753723,-0.06593343199952406,False,False
2014-05-02 00:00:00+00:00,0.41,0.45535714285714285,0.3103928102292372,-0.14612820066175133,False,False
2014-05-05 00:00:00+00:00,0.45,0.45952380952380956,0.30257950031772013,-0.03147539576808468,False,False
2014-05-06 00:00:00+00:00,0.45,0.46384920634920634,0.29448155719713237,-0.04702911272618466,False,False
2014-05-07 00:00:00+00:00,0.42,0.46809523809523806,0.28639457996861806,-0.16793347870098715,False,False
2014-05-08 00:00:00+00:00,0.42,0.4718650793650794,0.2793705461257916,-0.1856497761998368,False,False
2014-05-09 00:00:00+00:00,0.44,0.47555555555555556,0.2724042448246628,-0.13052496879570083,False,False
2014-05-12 00:00:00+00:00,0.48,0.4792857142857143,0.26533652561789856,0.0026919991984604642,False,False
2014-05-13 00:00:00+00:00,0.45,0.48309523809523813,0.2583072826076535,-0.1281235192486111,False,False
2014-05-14 00:00:00+00:00,0.37,0.4868650793650794,0.2507234426058026,-0.4661114977940828,False,False
2014-05-15 00:00:00+00:00,0.31,0.49011904761904757,0.24373992105893202,-0.7389804954252773,False,False
2014-05-16 00:00:00+00:00,0.34,0.4929761904761905,0.23728097770165896,-0.644704821928593,False,False
2014-05-19 00:00:00+00:00,0.37,0.4957936507936508,0.23112871553915137,-0.5442579927821316,False,False
2014-05-20 00:00:00+00:00,0.35,0.4986904761904762,0.224849377270066,-0.6612892505896713,False,False
2014-05-21 00:00:00+00:00,0.36,0.5016666666666667,0.21775840994001033,-0.6505680616684062,False,False
2014-05-22 00:00:00+00:00,0.35,0.5043253968253968,0.2118180204202237,-0.7285753899466729,False,False
2014-05-23 00:00:00+00:00,0.32,0.5069444444444444,0.20570108687201338,-0.9088160266297509,False,False
2014-05-27 00:00:00+00:00,0.31,0.509563492063492,0.19896597222663878,-1.0030031257614878,False,False
2014-05-28 00:00:00+00:00,0.22,0.5117460317460316,0.19365669449527342,-1.506511471273472,False,False
2014-05-29 00:00:00+00:00,0.22,0.5135714285714286,0.18864568397082293,-1.5562053813901944,False,False
2014-05-30 00:00:00+00:00,0.26,0.5154761904761904,0.18314693616782352,-1.3949247299561116,False,False
2014-06-02 00:00:00+00:00,0.32,0.5170634920634921,0.17913278237559277,-1.1000973102193183,False,False
2014-06-03 00:00:00+00:00,0.41,0.5187301587301587,0.17528114753290736,-0.6203186153248209,False,False
2014-06-04 00:00:00+00:00,0.44,0.5205555555555555,0.1716932572657611,-0.46918298853673074,False,False
2014-06-05 00:00:00+00:00,0.41,0.5225,0.16793952857789077,-0.6698839811725577,False,False
2014-06-06 00:00:00+00:00,0.4,0.5244047619047619,0.1638652968602034,-0.7591891894651371,False,False
2014-06-09 00:00:00+00:00,0.41,0.5261904761904762,0.1599868378194582,-0.7262502201687039,False,False
2014-06-10 00:00:00+00:00,0.43,0.5280555555555555,0.15581104122180325,-0.6293235369370871,False,False
2014-06-11 00:00:00+00:00,0.43,0.5299603174603175,0.15159312816441187,-0.6593987383907303,False,False
2014-06-12 00:00:00+00:00,0.39,0.5315476190476192,0.1483977699353956,-0.9538392599109903,False,False
2014-06-13 00:00:00+00:00,0.41,0.5326587301587301,0.14626176733800036,-0.8386246959212156,False,False
2014-06-16 00:00:00+00:00,0.41,0.5337698412698413,0.14424026341080848,-0.8580810818220314,False,False
2014-06-17 00:00:00+00:00,0.43,0.534563492063492,0.14299655895515795,-0.7312308270038992,False,False
2014-06-18 00:00:00+00:00,0.38,0.5356746031746031,0.14107138874679573,-1.1035164859262725,False,False
2014-06-19 00:00:00+00:00,0.39,0.5368253968253969,0.1385821820621286,-1.0594825008569477,False,False
2014-06-20 00:00:00+00:00,0.35,0.5377777777777778,0.13672544326087513,-1.3733930810485195,False,False
2014-06-23 00:00:00+00:00,0.35,0.538611111111111,0.1349193929174557,-1.3979540452461434,False,False
2014-06-24 00:00:00+00:00,0.31,0.5388492063492063,0.13453129895222926,-1.7010852354177328,False,False
2014-06-25 00:00:00+00:00,0.29,0.5382539682539682,0.13521167919732982,-1.8360393845243421,False,False
2014-06-26 00:00:00+00:00,0.26,0.5370634920634919,0.13607220640192352,-2.0361505070706,False,False
2014-06-27 00:00:00+00:00,0.27,0.5355555555555556,0.1370291245138378,-1.9379497351217374,False,False
2014-06-30 00:00:00+00:00,0.27,0.5340873015873014,0.13788513724534537,-1.9152702522056364,False,False
2014-07-01 00:00:00+00:00,0.32,0.5327777777777778,0.13882052323606967,-1.5327544718725843,False,False
2014-07-02 00:00:00+00:00,0.38,0.532063492063492,0.13945150071727025,-1.0904399829428286,False,False
2014-07-03 00:00:00+00:00,0.37,0.5314682539682539,0.13978008832362365,-1.155159192591273,False,False
2014-07-07 00:00:00+00:00,0.36,0.531031746031746,0.14011281376733487,-1.220671696135899,False,False
2014-07-08 00:00:00+00:00,0.31,0.5307142857142858,0.14041020479950322,-1.5719248186373038,False,False
2014-07-09 00:00:00+00:00,0.28,0.5300396825396826,0.14106170562390202,-1.7725553610299953,False,False
2014-07-10 00:00:00+00:00,0.27,0.528531746031746,0.14169656073044157,-1.8245449621290915,False,False
2014-07-11 00:00:00+00:00,0.25,0.5273015873015873,0.14259078438068568,-1.9447370915728588,False,False
2014-07-14 00:00:00+00:00,0.28,0.525952380952381,0.1436001452208735,-1.7127585809476582,False,False
2014-07-15 00:00:00+00:00,0.31,0.5245238095238094,0.14425026472446825,-1.4871640612484858,False,False
2014-07-16 00:00:00+00:00,0.32,0.523531746031746,0.14486367744866635,-1.4049881213589182,False,False
2014-07-17 00:00:00+00:00,0.24,0.5226190476190475,0.14541973085451154,-1.9434711229234785,False,False
2014-07-18 00:00:00+00:00,0.26,0.5217063492063492,0.1464692871255978,-1.7867660472870006,False,False
2014-07-21 00:00:00+00:00,0.25,0.5211111111111111,0.14722788917238128,-1.841438552404168,False,False
2014-07-22 00:00:00+00:00,0.25,0.5205952380952381,0.14795028122408474,-1.8289606201247832,False,False
2014-07-23 00:00:00+00:00,0.25,0.520079365079365,0.14866736598178448,-1.8166687981305634,False,False
2014-07-24 00:00:00+00:00,0.25,0.5199206349206349,0.14893510997364673,-1.8123371646107886,False,False
2014-07-25 00:00:00+00:00,0.2,0.5198015873015872,0.1491394983149328,-2.1443118081721924,False,False
2014-07-28 00:00:00+00:00,0.22,0.5192857142857144,0.1500208674538291,-1.994960563588419,False,False
2014-07-29 00:00:00+00:00,0.2,0.5184126984126984,0.15112018751036438,-2.1070163004586036,False,False
2014-07-30 00:00:00+00:00,0.29,0.5174603174603175,0.1523674344222177,-1.4928407656324627,False,False
2014-07-31 00:00:00+00:00,0.29,0.516904761904762,0.1529417475529969,-1.4836025188357134,False,False
2014-08-01 00:00:00+00:00,0.25,0.5162698412698412,0.15355149739992638,-1.7340751850588523,False,False
2014-08-04 00:00:00+00:00,0.26,0.515436507936508,0.15442544822750848,-1.654108897648684,False,False
2014-08-05 00:00:00+00:00,0.25,0.5149603174603173,0.15502858756002075,-1.709106182482218,False,False
2014-08-06 00:00:00+00:00,0.24,0.514047619047619,0.15590976331550682,-1.7577322498594425,False,False
2014-08-07 00:00:00+00:00,0.19,0.5133333333333334,0.15675239947457228,-2.0627010139374815,False,False
2014-08-08 00:00:00+00:00,0.19,0.5124206349206349,0.15796292132251388,-2.0411159291131793,False,False
2014-08-11 00:00:00+00:00,0.19,0.5116269841269842,0.15907893423318095,-2.021807511329798,False,False
2014-08-12 00:00:00+00:00,0.22,0.5109920634920635,0.16004297211939275,-1.8182120691621635,False,False
2014-08-13 00:00:00+00:00,0.2,0.5105158730158731,0.16073081275646667,-1.9319000986223789,False,False
2014-08-14 00:00:00+00:00,0.19,0.51,0.16151918218942127,-1.9811888325729679,False,False
2014-08-15 00:00:00+00:00,0.16,0.5092857142857143,0.16253557904797303,-2.1489800345967405,False,False
2014-08-18 00:00:00+00:00,0.21,0.508015873015873,0.1640086473343099,-1.8170741473674081,False,False
2014-08-19 00:00:00+00:00,0.23,0.5068650793650794,0.1650790395344581,-1.6771667689966627,False,False
2014-08-20 00:00:00+00:00,0.26,0.5053968253968254,0.16589081415484538,-1.4792671110033115,False,False
2014-08-21 00:00:00+00:00,0.24,0.5037301587301587,0.166239083466217,-1.5864509911338256,False,False
2014-08-22 00:00:00+00:00,0.26,0.5017063492063493,0.16633339378433248,-1.4531438558858794,False,False
2014-08-25 00:00:00+00:00,0.24,0.500079365079365,0.16668550453206543,-1.5602998341666436,False,False
2014-08-26 00:00:00+00:00,0.25,0.49813492063492065,0.1668506430985032,-1.4871679007459975,False,False
2014-08-27 00:00:00+00:00,0.23,0.49599206349206354,0.16655463413516994,-1.5970258940750552,False,False
2014-08-28 00:00:00+00:00,0.21,0.4941666666666667,0.16694018061683785,-1.702206536597009,False,False
2014-08-29 00:00:00+00:00,0.23,0.4924603174603175,0.16763975086006505,-1.565621018366954,False,False
2014-09-02 00:00:00+00:00,0.27,0.4911111111111111,0.16837977479884655,-1.31316906306152,False,False
2014-09-03 00:00:00+00:00,0.24,0.4896825396825397,0.16872352503754182,-1.4798324040881918,False,False
2014-09-04 00:00:00+00:00,0.28,0.4880555555555555,0.16914770204899335,-1.2300229505647824,False,False
2014-09-05 00:00:00+00:00,0.31,0.486468253968254,0.16921610627136052,-1.0428573133887367,False,False
2014-09-08 00:00:00+00:00,0.35,0.48468253968253966,0.16869164451442883,-0.798394846823725,False,False
2014-09-09 00:00:00+00:00,0.39,0.48277777777777775,0.16748259772305274,-0.5539547334415841,False,False
2014-09-10 00:00:00+00:00,0.44,0.48067460317460314,0.1652835944775751,-0.24608977862059794,False,False
2014-09-11 00:00:00+00:00,0.42,0.47896825396825393,0.1634578024183647,-0.3607552107994619,False,False
2014-09-12 00:00:00+00:00,0.49,0.4773015873015873,0.16189570543933968,0.07843576000952444,False,False
2014-09-15 00:00:00+00:00,0.47,0.4758333333333334,0.1600787281408344,-0.03644040280106018,False,False
2014-09-16 00:00:00+00:00,0.48,0.4745238095238095,0.15876067404141056,0.03449336877192949,False,False
2014-09-17 00:00:00+00:00,0.56,0.4732142857142857,0.15733710894408254,0.5515908794063193,False,False
2014-09-18 00:00:00+00:00,0.61,0.4722619047619047,0.1560724460737672,0.8825266643991326,False,False
2014-09-19 00:00:00+00:00,0.56,0.4716666666666667,0.15525457823763178,0.568957993613115,False,False
2014-09-22 00:00:00+00:00,0.58,0.4711111111111111,0.15468370103566534,0.7039454587641553,False,False
2014-09-23 00:00:00+00:00,0.52,0.471468253968254,0.15483131479118498,0.31344916302751114,False,False
2014-09-24 00:00:00+00:00,0.54,0.47134920634920635,0.15478221777583676,0.4435315286037389,False,False
2014-09-25 00:00:00+00:00,0.5,0.4714285714285714,0.15481238760422203,0.18455518330013396,False,False
2014-09-26 00:00:00+00:00,0.57,0.4715873015873016,0.15482112901507408,0.6356541838880172,False,False
2014-09-29 00:00:00+00:00,0.55,0.47194444444444444,0.15494437020253093,0.5037650316273357,False,False
2014-09-30 00:00:00+00:00,0.55,0.47234126984126984,0.1550159823503317,0.5009724093043754,False,False
2014-10-01 00:00:00+00:00,0.46,0.47265873015873017,0.15509306614580962,-0.0816202198673997,False,False
2014-10-02 00:00:00+00:00,0.49,0.47265873015873017,0.15509306614580962,0.11181202533559144,False,False
2014-10-03 00:00:00+00:00,0.52,0.47281746031746036,0.1550902526493235,0.30422633838391305,False,False
2014-10-06 00:00:00+00:00,0.5,0.4730555555555555,0.15511655073409228,0.17370451004054277,False,False
2014-10-07 00:00:00+00:00,0.44,0.47333333333333333,0.1551018172207508,-0.21491259052040118,False,False
2014-10-08 00:00:00+00:00,0.39,0.47337301587301583,0.1550919652184804,-0.5375714709370468,False,False
2014-10-09 00:00:00+00:00,0.37,0.47309523809523807,0.1551786749925806,-0.6643647273065534,False,False
2014-10-10 00:00:00+00:00,0.35,0.4727777777777778,0.15530788795799855,-0.7905443786022113,False,False
2014-10-14 00:00:00+00:00,0.29,0.4722619047619047,0.15549958960612106,-1.1721053748345727,False,False
2014-10-15 00:00:00+00:00,0.29,0.47154761904761905,0.15592285901187125,-1.1643425486047358,False,False
2014-10-16 00:00:00+00:00,0.28,0.4707142857142857,0.15633082997503367,-1.2199403389897123,False,False
2014-10-17 00:00:00+00:00,0.3,0.4698412698412698,0.15678027422361518,-1.0833076462095337,False,False
2014-10-20 00:00:00+00:00,0.29,0.4688888888888889,0.15708105463313146,-1.1388317280316869,False,False
2014-10-21 00:00:00+00:00,0.33,0.46805555555555556,0.15747190000670563,-0.8766996241848655,False,False
2014-10-22 00:00:00+00:00,0.34,0.4675793650793651,0.1577079783178174,-0.8089594860081438,False,False
2014-10-23 00:00:00+00:00,0.38,0.46726190476190477,0.15788455505918808,-0.5526943704480267,False,False
2014-10-24 00:00:00+00:00,0.39,0.4670238095238095,0.15797104804516984,-0.4875818099389041,False,False
2014-10-27 00:00:00+00:00,0.38,0.4671031746031746,0.1579271267401505,-0.5515402983712357,False,False
2014-10-28 00:00:00+00:00,0.39,0.4671825396825397,0.15787810623069412,-0.48887424308066674,False,False
2014-10-29 00:00:00+00:00,0.42,0.46730158730158733,0.1578082587551579,-0.29974088602660864,False,False
2014-10-30 00:00:00+00:00,0.42,0.4676190476190476,0.15763151631113434,-0.3020909062693831,False,False
2014-10-31 00:00:00+00:00,0.43,0.46789682539682537,0.1574850314452896,-0.24063763425027954,False,False
2014-11-03 00:00:00+00:00,0.43,0.46821428571428575,0.15732697988547947,-0.2428972178967808,False,False
2014-11-04 00:00:00+00:00,0.43,0.46845238095238095,0.15722311941052722,-0.24457205210372068,False,False
2014-11-05 00:00:00+00:00,0.43,0.4685714285714286,0.15718243409107638,-0.24539274248087486,False,False
2014-11-06 00:00:00+00:00,0.45,0.46829365079365076,0.1571885242336791,-0.11638032027360408,False,False
2014-11-07 00:00:00+00:00,0.38,0.46809523809523806,0.15717989939571334,-0.5604739437671419,False,False
2014-11-10 00:00:00+00:00,0.44,0.46742063492063496,0.15719178294140046,-0.17444063810165636,False,False
2014-11-12 00:00:00+00:00,0.46,0.46726190476190477,0.15719922541557801,-0.04619555053599591,False,False
2014-11-13 00:00:00+00:00,0.47,0.46726190476190477,0.15719922541557801,0.017417994464391733,False,False
2014-11-14 00:00:00+00:00,0.43,0.46678571428571425,0.1570075800511286,-0.23429260086509965,False,False
2014-11-17 00:00:00+00:00,0.48,0.466031746031746,0.15672484257133845,0.08912597223950539,False,False
2014-11-18 00:00:00+00:00,0.48,0.46563492063492057,0.15656164109049742,0.09175350529684317,False,False
2014-11-19 00:00:00+00:00,0.53,0.46551587301587305,0.1565391762188193,0.4119360312334046,False,False
2014-11-20 00:00:00+00:00,0.49,0.46551587301587305,0.1565391762188193,0.1564089423206217,False,False
2014-11-21 00:00:00+00:00,0.45,0.46555555555555556,0.1565441299773559,-0.099368501123649,False,False
2014-11-24 00:00:00+00:00,0.44,0.46523809523809523,0.15649402970022683,-0.16127193661279107,False,False
2014-11-25 00:00:00+00:00,0.42,0.46444444444444444,0.15611087874660312,-0.28469793265712134,False,False
2014-11-26 00:00:00+00:00,0.42,0.4637301587301587,0.15589982546767356,-0.2805016528977856,False,False
2014-11-28 00:00:00+00:00,0.39,0.4631746031746032,0.15580481605846816,-0.4696555923351129,False,False
2014-12-01 00:00:00+00:00,0.43,0.46249999999999997,0.15575193526452663,-0.20866514399838748,False,False
2014-12-02 00:00:00+00:00,0.51,0.4620634920634921,0.15568799865374522,0.30790111216677735,False,False
2014-12-03 00:00:00+00:00,0.5,0.46178571428571424,0.15553911421274472,0.24568923326910985,False,False
2014-12-04 00:00:00+00:00,0.48,0.46138888888888885,0.15531248399538317,0.11983010400931048,False,False
2014-12-05 00:00:00+00:00,0.56,0.4606746031746032,0.15480852223188057,0.6416016081893858,False,False
2014-12-08 00:00:00+00:00,0.55,0.46035714285714285,0.15452108066890727,0.5801335115882031,False,False
2014-12-09 00:00:00+00:00,0.49,0.45964285714285713,0.1536834312488163,0.19753035581300946,False,False
2014-12-10 00:00:00+00:00,0.47,0.4585714285714285,0.15251785493132045,0.07493267875894136,False,False
2014-12-11 00:00:00+00:00,0.49,0.45738095238095233,0.1512428119337875,0.2156733745027693,False,False
2014-12-12 00:00:00+00:00,0.46,0.4563888888888889,0.15019792902706525,0.02404234954837765,False,False
2014-12-15 00:00:00+00:00,0.5,0.4554761904761905,0.14946975146216918,0.2978783940446874,False,False
2014-12-16 00:00:00+00:00,0.42,0.4546428571428571,0.1486280935349034,-0.2330841788986664,False,False
2014-12-17 00:00:00+00:00,0.49,0.4533333333333333,0.14746462875234714,0.24864719747977576,False,False
2014-12-18 00:00:00+00:00,0.57,0.45242063492063495,0.14651629789412196,0.8025002458383992,False,False
2014-12-19 00:00:00+00:00,0.49,0.45186507936507936,0.14579939573129597,0.2615574669815654,False,False
2014-12-22 00:00:00+00:00,0.47,0.45115079365079364,0.145166016649234,0.12984586051397862,False,False
2014-12-23 00:00:00+00:00,0.56,0.45015873015873015,0.1441722305954754,0.7618753582960593,False,False
2014-12-24 00:00:00+00:00,0.59,0.4492460317460317,0.14273309370978737,0.9861340814216275,False,False
2014-12-26 00:00:00+00:00,0.58,0.44869047619047614,0.14190603278230005,0.925327283378907,False,False
2014-12-29 00:00:00+00:00,0.57,0.4479761904761905,0.14078136898453084,0.8667610664960755,False,False
2014-12-30 00:00:00+00:00,0.56,0.4470634920634921,0.13922704928102783,0.8111678622775895,False,False
2014-12-31 00:00:00+00:00,0.49,0.44611111111111107,0.1376146952116763,0.3189258881210315,False,False
2015-01-02 00:00:00+00:00,0.41,0.4448809523809524,0.13581239152418842,-0.25683188396502127,False,False
2015-01-05 00:00:00+00:00,0.4,0.4434920634920635,0.13435884318325153,-0.32370078858705864,False,False
2015-01-06 00:00:00+00:00,0.41,0.4419047619047619,0.13247995735483803,-0.240827084653321,False,False
2015-01-07 00:00:00+00:00,0.39,0.4405952380952381,0.13114589537476218,-0.38579353132370064,False,False
2015-01-08 00:00:00+00:00,0.41,0.43916666666666665,0.12971505701319355,-0.22485182012216268,False,False
2015-01-09 00:00:00+00:00,0.36,0.43793650793650796,0.12850546028560367,-0.606484018370067,False,False
2015-01-12 00:00:00+00:00,0.35,0.4365873015873016,0.12752415722035199,-0.6789874442195715,False,False
2015-01-13 00:00:00+00:00,0.37,0.4351190476190476,0.12637288195302437,-0.5152928904735578,False,False
2015-01-14 00:00:00+00:00,0.29,0.43396825396825395,0.12563514724484476,-1.145923391068907,False,False
2015-01-15 00:00:00+00:00,0.19,0.43277777777777776,0.12557208617728038,-1.9333737709432375,False,False
2015-01-16 00:00:00+00:00,0.23,0.4312698412698413,0.12619774609199472,-1.5948766717522915,False,False
2015-01-20 00:00:00+00:00,0.23,0.4297222222222222,0.1262653967662551,-1.5817652922910606,False,False
2015-01-21 00:00:00+00:00,0.26,0.42817460317460315,0.12631397542745565,-1.3314013956530788,False,False
2015-01-22 00:00:00+00:00,0.29,0.42678571428571427,0.12623093408276684,-1.0836148467064888,False,False
2015-01-23 00:00:00+00:00,0.21,0.42563492063492064,0.12615045738798017,-1.709347116925053,False,False
2015-01-26 00:00:00+00:00,0.22,0.42412698412698413,0.12644870362104038,-1.6143066578107528,False,False
2015-01-27 00:00:00+00:00,0.17,0.42253968253968255,0.12649070644687074,-1.9965078038816668,False,False
2015-01-28 00:00:00+00:00,0.12,0.4205952380952381,0.12659202460804994,-2.3745195562353247,False,False
2015-01-29 00:00:00+00:00,0.15,0.41865079365079366,0.1274315888624354,-2.1081962176647333,False,False
2015-01-30 00:00:00+00:00,0.03,0.4167063492063492,0.12777854145645048,-3.0263794280211482,False,False
2015-02-02 00:00:00+00:00,0.03,0.4143650793650794,0.12943330994723792,-2.9695993984992084,False,False
2015-02-03 00:00:00+00:00,0.09,0.4123015873015873,0.13139255800942065,-2.4529668360553476,False,False
2015-02-04 00:00:00+00:00,0.1,0.4103968253968254,0.1325712665211165,-2.3413582259726256,False,False
2015-02-05 00:00:00+00:00,0.13,0.40869047619047616,0.13378742514922273,-2.0830842351561265,False,False
2015-02-06 00:00:00+00:00,0.24,0.40734126984126984,0.13487663908952482,-1.2406986930494057,False,False
2015-02-09 00:00:00+00:00,0.25,0.4062698412698412,0.13513006351995344,-1.1564402265434166,False,False
2015-02-10 00:00:00+00:00,0.31,0.4050396825396826,0.13513604777064409,-0.7032889011301119,False,False
2015-02-11 00:00:00+00:00,0.32,0.40400793650793654,0.13486383843284397,-0.6229092800867346,False,False
2015-02-12 00:00:00+00:00,0.33,0.40317460317460313,0.134730959855804,-0.5431164689461008,False,False
2015-02-13 00:00:00+00:00,0.34,0.4024603174603174,0.1346394714177217,-0.46390792241402207,False,False
2015-02-17 00:00:00+00:00,0.43,0.4015873015873016,0.1343267865139315,0.21151922970889805,False,False
2015-02-18 00:00:00+00:00,0.36,0.400952380952381,0.1338098107482238,-0.30604916577781366,False,False
2015-02-19 00:00:00+00:00,0.37,0.40015873015873016,0.13345536058957647,-0.22598365495020595,False,False
2015-02-20 00:00:00+00:00,0.38,0.39928571428571424,0.1329270750642802,-0.14508492176171148,False,False
2015-02-23 00:00:00+00:00,0.34,0.39853174603174607,0.13249305395657415,-0.44177218566439247,False,False
2015-02-24 00:00:00+00:00,0.27,0.39749999999999996,0.13192906762522727,-0.9664284171414821,False,False
2015-02-25 00:00:00+00:00,0.24,0.3960714285714286,0.13134927608415345,-1.188216891819305,False,False
2015-02-26 00:00:00+00:00,0.24,0.39460317460317457,0.13101595531709218,-1.1800331816761958,False,False
2015-02-27 00:00:00+00:00,0.17,0.3932142857142857,0.1307912851576609,-1.7066449453816017,False,False
2015-03-02 00:00:00+00:00,0.25,0.39170634920634917,0.13116648387980495,-1.0803548666914216,False,False
2015-03-03 00:00:00+00:00,0.26,0.3906746031746031,0.13125482829229834,-0.9955793998190825,False,False
2015-03-04 00:00:00+00:00,0.25,0.38976190476190475,0.13136102914195494,-1.0639525715870528,False,False
2015-03-05 00:00:00+00:00,0.27,0.3888095238095238,0.1315013346870409,-0.9034853075238952,False,False
2015-03-06 00:00:00+00:00,0.41,0.38813492063492067,0.13167361878242817,0.16605512605534314,False,False
2015-03-09 00:00:00+00:00,0.44,0.38769841269841265,0.13141681324035717,0.3979824651959062,False,False
2015-03-10 00:00:00+00:00,0.41,0.3873809523809524,0.13119237765383876,0.17241129418913118,False,False
2015-03-11 00:00:00+00:00,0.39,0.3869047619047619,0.13089008366235352,0.02364761339157387,False,False
2015-03-12 00:00:00+00:00,0.39,0.3861904761904762,0.13037706360290588,0.02921927909901869,False,False
2015-03-13 00:00:00+00:00,0.44,0.3854761904761905,0.12985807234346267,0.4198723155199706,False,False
2015-03-16 00:00:00+00:00,0.45,0.3849603174603175,0.12937945062382633,0.5027048903522311,False,False
2015-03-17 00:00:00+00:00,0.42,0.3846031746031746,0.1290736273015589,0.27423747311390434,False,False
2015-03-18 00:00:00+00:00,0.23,0.38432539682539685,0.12892113339286024,-1.197052746620854,False,False
2015-03-19 00:00:00+00:00,0.19,0.3833333333333333,0.12914367057429482,-1.4970407180900973,False,False
2015-03-20 00:00:00+00:00,0.17,0.38202380952380954,0.1294251442214535,-1.6381964323796714,False,False
2015-03-23 00:00:00+00:00,0.17,0.3807142857142857,0.1298953214559352,-1.6221853362576035,False,False
2015-03-24 00:00:00+00:00,0.11,0.3789285714285714,0.12968565602881427,-2.0736955779351525,False,False
2015-03-25 00:00:00+00:00,0.12,0.3767460317460317,0.1295645748955135,-1.9816067158255475,False,False
2015-03-26 00:00:00+00:00,0.21,0.3748015873015873,0.12972680579161844,-1.270374201352879,False,False
2015-03-27 00:00:00+00:00,0.19,0.3732936507936508,0.12942358064301418,-1.4162307199584059,False,False
2015-03-30 00:00:00+00:00,0.23,0.37162698412698414,0.12906703123502916,-1.097313409720283,False,False
2015-03-31 00:00:00+00:00,0.18,0.3702777777777777,0.12876181035925904,-1.4777500972290047,False,False
2015-04-01 00:00:00+00:00,0.07,0.3687698412698413,0.12875621132727044,-2.3204305111963337,False,False
2015-04-02 00:00:00+00:00,0.11,0.36666666666666664,0.1292916650884894,-1.985175660712542,False,False
2015-04-03 00:00:00+00:00,0.02,0.3647222222222222,0.12945304114917758,-2.6629132785298975,False,False
2015-04-06 00:00:00+00:00,0.07,0.36230158730158735,0.13017403427971802,-2.2454676842348573,False,False
2015-04-07 00:00:00+00:00,0.04,0.35988095238095236,0.12991410629422928,-2.462249570162046,False,False
2015-04-08 00:00:00+00:00,0.08,0.35742063492063497,0.13007848401169972,-2.1327173131544397,False,False
2015-04-09 00:00:00+00:00,0.13,0.35531746031746037,0.1302629061315712,-1.7297131394403247,False,False
2015-04-10 00:00:00+00:00,0.14,0.35349206349206347,0.13018416290556134,-1.6399234647837744,False,False
2015-04-13 00:00:00+00:00,0.14,0.35174603174603175,0.13008473710935967,-1.6277546194218084,False,False
2015-04-14 00:00:00+00:00,0.1,0.35003968253968254,0.13003063695341893,-1.9229289988732012,False,False
2015-04-15 00:00:00+00:00,0.07,0.3484126984126984,0.13058503174329816,-2.1320414345803225,False,False
2015-04-16 00:00:00+00:00,0.05,0.34670634920634924,0.13140318827111194,-2.2579843998471536,False,False
2015-04-17 00:00:00+00:00,-0.02,0.3448412698412698,0.13226638656557305,-2.7583823775241205,False,False
2015-04-20 00:00:00+00:00,0.01,0.34277777777777774,0.13388250119309392,-2.485595763540631,False,False
2015-04-21 00:00:00+00:00,0.06,0.34091269841269844,0.13523021656262132,-2.0772923800104666,False,False
2015-04-22 00:00:00+00:00,0.12,0.33908730158730155,0.13590613821253392,-1.612048612879328,False,False
2015-04-23 00:00:00+00:00,0.07,0.33746031746031746,0.13606558360046708,-1.9656720706513717,False,False
2015-04-24 00:00:00+00:00,0.04,0.3356746031746032,0.13661218727110955,-2.164335474607629,False,False
2015-04-27 00:00:00+00:00,0.03,0.3338888888888889,0.1375249182620482,-2.209700559936642,False,False
2015-04-28 00:00:00+00:00,0.11,0.3320634920634921,0.1384939911842056,-1.6034160772226853,False,False
2015-04-29 00:00:00+00:00,0.14,0.3305952380952381,0.13888013568825136,-1.372372205360407,False,False
2015-04-30 00:00:00+00:00,0.11,0.3290873015873016,0.138878405346452,-1.5775476471000447,False,False
2015-05-01 00:00:00+00:00,0.18,0.32742063492063495,0.1389778195020302,-1.060749373165129,False,False
2015-05-04 00:00:00+00:00,0.24,0.3261904761904762,0.13890497851533412,-0.6204995466088452,False,False
2015-05-05 00:00:00+00:00,0.25,0.32543650793650797,0.1388549069918828,-0.5432757802424502,False,False
2015-05-06 00:00:00+00:00,0.34,0.32480158730158726,0.13883249787996088,0.10947301914537194,False,False
2015-05-07 00:00:00+00:00,0.3,0.3243650793650794,0.13861003816489173,-0.1757814923627285,False,False
2015-05-08 00:00:00+00:00,0.28,0.32376984126984126,0.13839027109820778,-0.31627831149185515,False,False
2015-05-11 00:00:00+00:00,0.4,0.32321428571428573,0.13828339209092466,0.5552779196740114,False,False
2015-05-12 00:00:00+00:00,0.4,0.3231349206349206,0.1382333527465309,0.5560530641691205,False,False
2015-05-13 00:00:00+00:00,0.41,0.3229761904761905,0.13812154496614734,0.6300523900535463,False,False
2015-05-14 00:00:00+00:00,0.36,0.32269841269841265,0.1378746627446533,0.2705470792024394,False,False
2015-05-15 00:00:00+00:00,0.31,0.3223412698412698,0.13765999240570018,-0.08965037427067878,False,False
2015-05-18 00:00:00+00:00,0.37,0.3221031746031746,0.13762911818778778,0.34801374903436244,False,False
2015-05-19 00:00:00+00:00,0.42,0.3223412698412699,0.13765999240570018,0.7094198427014172,False,False
2015-05-20 00:00:00+00:00,0.38,0.32265873015873014,0.13779305822715315,0.4161404832654359,False,False
2015-05-21 00:00:00+00:00,0.35,0.32269841269841265,0.1378081852929092,0.19811295855582323,False,False
2015-05-22 00:00:00+00:00,0.34,0.32269841269841265,0.1378081852929092,0.12554832838712093,False,False
2015-05-26 00:00:00+00:00,0.32,0.3226190476190476,0.1377923755483158,-0.019007202747072374,False,False
2015-05-27 00:00:00+00:00,0.34,0.32250000000000006,0.13778158418394829,0.12701262003662409,False,False
2015-05-28 00:00:00+00:00,0.33,0.322579365079365,0.13778589853628428,0.05385627266262562,False,False
2015-05-29 00:00:00+00:00,0.32,0.32265873015873014,0.1377843839386184,-0.019296309804706,False,False
2015-06-01 00:00:00+00:00,0.39,0.32305555555555554,0.1376314615632636,0.4864036440801206,False,False
2015-06-02 00:00:00+00:00,0.44,0.3237301587301587,0.13754091967423604,0.8453472722534136,False,False
2015-06-03 00:00:00+00:00,0.55,0.3244444444444445,0.13767596089389045,1.638307472786739,False,False
2015-06-04 00:00:00+00:00,0.5,0.32535714285714284,0.13840681213721698,1.2618082480630768,False,False
2015-06-05 00:00:00+00:00,0.55,0.32571428571428573,0.13874180537979505,1.6165690915708453,False,False
2015-06-08 00:00:00+00:00,0.54,0.3261507936507937,0.13927481889648924,1.5354477431282227,False,False
2015-06-09 00:00:00+00:00,0.56,0.32666666666666666,0.1398263008961839,1.6687370819211986,False,False
2015-06-10 00:00:00+00:00,0.63,0.3273015873015873,0.14052214921420964,2.1540975169471985,True,False
2015-06-11 00:00:00+00:00,0.56,0.3281746031746032,0.1417162913742706,1.6358415435325602,True,True
2015-06-12 00:00:00+00:00,0.55,0.3286904761904762,0.14232374095565498,1.5549726442229983,True,True
2015-06-15 00:00:00+00:00,0.51,0.32916666666666666,0.1428637804377148,1.2657745215707235,True,True
2015-06-16 00:00:00+00:00,0.44,0.3296428571428572,0.14326677894325585,0.7702912264179007,False,True
2015-06-17 00:00:00+00:00,0.42,0.32976190476190476,0.14334626000045414,0.6295113331719246,False,False
2015-06-18 00:00:00+00:00,0.46,0.3298015873015873,0.14336994299796166,0.9081290678916136,False,False
2015-06-19 00:00:00+00:00,0.4,0.32992063492063495,0.14346589767471088,0.4884740291261437,False,False
2015-06-22 00:00:00+00:00,0.47,0.32999999999999996,0.14349923997188754,0.9756149233084924,False,False
2015-06-23 00:00:00+00:00,0.5,0.3303174603174603,0.1437208255955218,1.1806398897267876,False,False
2015-06-24 00:00:00+00:00,0.48,0.33091269841269844,0.14411275575732999,1.0345184283225293,False,False
2015-06-25 00:00:00+00:00,0.49,0.33142857142857146,0.14441371669913783,1.0980357835522367,False,False
2015-06-26 00:00:00+00:00,0.57,0.33214285714285713,0.14475205972074198,1.6432038571058725,False,False
2015-06-29 00:00:00+00:00,0.46,0.33325396825396825,0.14549998625472754,0.8711068296881957,False,False
2015-06-30 00:00:00+00:00,0.48,0.33404761904761904,0.14564421295477648,1.002115895931273,False,False
2015-07-01 00:00:00+00:00,0.54,0.3348809523809524,0.14587688457214615,1.4061106954721272,False,False
2015-07-02 00:00:00+00:00,0.49,0.33595238095238095,0.14638909333585742,1.0523162316074384,False,False
2015-07-06 00:00:00+00:00,0.43,0.3366269841269841,0.14670664737663805,0.6364607026517385,False,False
2015-07-07 00:00:00+00:00,0.4,0.3368253968253968,0.14679932256457806,0.4303466941873132,False,False
2015-07-08 00:00:00+00:00,0.39,0.33694444444444444,0.1468384919495439,0.36131912587188875,False,False
2015-07-09 00:00:00+00:00,0.47,0.33706349206349207,0.14686941626754124,0.9051340388957986,False,False
2015-07-10 00:00:00+00:00,0.55,0.3376984126984127,0.1470976188778785,1.4432700469328577,False,False
2015-07-13 00:00:00+00:00,0.58,0.3387698412698413,0.14765792613527987,1.6337095139014122,False,False
2015-07-14 00:00:00+00:00,0.56,0.33999999999999997,0.1483723108584669,1.4827564437535736,False,False
2015-07-15 00:00:00+00:00,0.52,0.3412301587301587,0.14890729021394025,1.2005445872596063,False,False
2015-07-16 00:00:00+00:00,0.52,0.34218253968253964,0.1492811407271217,1.191158236407783,False,False
2015-07-17 00:00:00+00:00,0.51,0.34301587301587305,0.1496863644931312,1.1155600414878772,False,False
2015-07-20 00:00:00+00:00,0.56,0.3437698412698412,0.15004804875583136,1.4410727798401672,False,False
2015-07-21 00:00:00+00:00,0.53,0.34503968253968254,0.15051967883910256,1.2288115340588133,False,False
2015-07-22 00:00:00+00:00,0.53,0.3461111111111111,0.1508724810342209,1.2188365143089233,False,False
2015-07-23 00:00:00+00:00,0.49,0.3472222222222222,0.15119254439389695,0.9443440372681575,False,False
2015-07-24 00:00:00+00:00,0.51,0.34817460317460314,0.15133351887174348,1.0693295050024267,False,False
2015-07-27 00:00:00+00:00,0.5,0.3492063492063492,0.1515476766110906,0.9950244976742547,False,False
2015-07-28 00:00:00+00:00,0.51,0.3501984126984127,0.15171384890530318,1.0533091636303575,False,False
2015-07-29 00:00:00+00:00,0.52,0.3514285714285714,0.15174792626142797,1.1108647921884447,False,False
2015-07-30 00:00:00+00:00,0.51,0.3526190476190476,0.15188944696026005,1.0361546212103145,False,False
2015-07-31 00:00:00+00:00,0.46,0.35384920634920636,0.15190380513767052,0.6988027294944266,False,False
2015-08-03 00:00:00+00:00,0.46,0.3545238095238095,0.15199657756084545,0.6939379305035177,False,False
2015-08-04 00:00:00+00:00,0.52,0.3551984126984127,0.15208628919143158,1.083605814684261,False,False
2015-08-05 00:00:00+00:00,0.58,0.3562698412698413,0.15229314428427226,1.4690757077845946,False,False
2015-08-06 00:00:00+00:00,0.56,0.35753968253968255,0.15282042430369214,1.3248249923582112,False,False
2015-08-07 00:00:00+00:00,0.52,0.3587698412698413,0.1531985490188735,1.0524261473931829,False,False
2015-08-10 00:00:00+00:00,0.55,0.35988095238095236,0.1533490202974265,1.2397799950094515,False,False
2015-08-11 00:00:00+00:00,0.49,0.3613095238095238,0.15343695718194478,0.8387189015868952,False,False
2015-08-12 00:00:00+00:00,0.52,0.3625,0.15326623192538247,1.0276236195111703,False,False
2015-08-13 00:00:00+00:00,0.57,0.36380952380952386,0.15319626316714605,1.3459236663332335,False,False
2015-08-14 00:00:00+00:00,0.58,0.3651984126984127,0.1534735929809748,1.3995996518320577,False,False
2015-08-17 00:00:00+00:00,0.58,0.3667063492063492,0.1537106282934371,1.3876311167401405,False,False
2015-08-18 00:00:00+00:00,0.62,0.3682539682539682,0.15388762581381293,1.6359082181865403,False,False
2015-08-19 00:00:00+00:00,0.55,0.3700793650793651,0.1541355332179821,1.1672884971059005,False,False
2015-08-20 00:00:00+00:00,0.53,0.3714285714285714,0.15421676825397307,1.0282372686625365,False,False
2015-08-21 00:00:00+00:00,0.52,0.37261904761904757,0.15427857337128634,0.9552911279926468,False,False
2015-08-24 00:00:00+00:00,0.52,0.3736507936507937,0.15439176729389473,0.9479080971372078,False,False
2015-08-25 00:00:00+00:00,0.59,0.37476190476190474,0.15443362289869386,1.3937256097351818,False,False
2015-08-26 00:00:00+00:00,0.65,0.3760714285714286,0.15485516577651443,1.7689340233176505,False,False
2015-08-27 00:00:00+00:00,0.6,0.37769841269841264,0.15557200814602085,1.4289304994567769,False,False
2015-08-28 00:00:00+00:00,0.58,0.3790873015873016,0.15598919769736255,1.2879911005279527,False,False
2015-08-31 00:00:00+00:00,0.58,0.3804761904761905,0.15621446664829158,1.277242843155023,False,False
2015-09-01 00:00:00+00:00,0.6,0.3819444444444444,0.1563445375801913,1.3947116984737111,False,False
2015-09-02 00:00:00+00:00,0.64,0.38341269841269837,0.15664898562922544,1.637976144924561,False,False
2015-09-03 00:00:00+00:00,0.64,0.3848809523809524,0.1573143176450916,1.6217153749133506,False,False
2015-09-04 00:00:00+00:00,0.62,0.38646825396825396,0.15786368553686275,1.4793253130861057,False,False
2015-09-08 00:00:00+00:00,0.67,0.38781746031746034,0.1584021258657311,1.7814315189287961,False,False
2015-09-09 00:00:00+00:00,0.65,0.3892460317460318,0.15931822806243737,1.6366863442127781,False,False
2015-09-10 00:00:00+00:00,0.64,0.3904365079365079,0.16014251601235852,1.5583837339250546,False,False
2015-09-11 00:00:00+00:00,0.61,0.3914285714285714,0.16091231080952836,1.3583263298614312,False,False
2015-09-14 00:00:00+00:00,0.62,0.3921031746031746,0.16147212848270126,1.4113694266514873,False,False
2015-09-15 00:00:00+00:00,0.72,0.3928968253968254,0.16210007874066565,2.0179087952602885,True,False
2015-09-16 00:00:00+00:00,0.73,0.3938095238095238,0.16329211301187682,2.0588286230702635,True,True
2015-09-17 00:00:00+00:00,0.63,0.3948412698412698,0.16459165516929708,1.42874029620061,True,True
2015-09-18 00:00:00+00:00,0.58,0.395436507936508,0.16517106892090305,1.117408110689624,True,True
2015-09-21 00:00:00+00:00,0.66,0.39551587301587304,0.16525524066655306,1.6004583329238855,True,True
2015-09-22 00:00:00+00:00,0.63,0.3957142857142857,0.16554355030052056,1.415251236670968,True,True
2015-09-23 00:00:00+00:00,0.64,0.3959920634920635,0.16587870555523662,1.471002174095718,True,True
2015-09-24 00:00:00+00:00,0.64,0.39623015873015877,0.16618664986334813,1.4668437053775871,True,True
2015-09-25 00:00:00+00:00,0.71,0.39670634920634923,0.16671380001339162,1.8792304582373194,True,True
2015-09-28 00:00:00+00:00,0.71,0.3973809523809524,0.1676373365567885,1.8648533437725274,True,True
2015-09-29 00:00:00+00:00,0.66,0.39821428571428574,0.16866828319297122,1.5520743398224348,True,True
2015-09-30 00:00:00+00:00,0.65,0.3985714285714286,0.16912813354058764,1.4866158939088228,True,True
2015-10-01 00:00:00+00:00,0.59,0.3989682539682539,0.16960149855140766,1.1263564748152428,True,True
2015-10-02 00:00:00+00:00,0.51,0.3991269841269841,0.16976205443363754,0.6531083535888627,False,True
2015-10-05 00:00:00+00:00,0.56,0.39932539682539686,0.16986267382214645,0.9459088306995358,False,False
2015-10-06 00:00:00+00:00,0.53,0.3996031746031746,0.1700686563665617,0.7667304968634041,False,False
2015-10-07 00:00:00+00:00,0.53,0.3996428571428572,0.17009802490407128,0.7663648236401289,False,False
2015-10-08 00:00:00+00:00,0.54,0.3997619047619048,0.1701790212103188,0.8240621801718994,False,False
2015-10-09 00:00:00+00:00,0.58,0.40015873015873016,0.17038968286567716,1.055470418259089,False,False
2015-10-13 00:00:00+00:00,0.54,0.40091269841269844,0.17076451108026539,0.8144977004146114,False,False
2015-10-14 00:00:00+00:00,0.5,0.4015873015873016,0.17097756288303542,0.5755883798625779,False,False
2015-10-15 00:00:00+00:00,0.54,0.4021825396825397,0.1710583368161892,0.805675203457357,False,False
2015-10-16 00:00:00+00:00,0.56,0.40317460317460313,0.17113006536769035,0.9164105470797408,False,False
2015-10-19 00:00:00+00:00,0.59,0.40424603174603174,0.17126383674616955,1.0846070704889936,False,False
2015-10-20 00:00:00+00:00,0.6,0.4054761904761905,0.17148104395189517,1.1343750016962715,False,False
2015-10-21 00:00:00+00:00,0.59,0.4066666666666666,0.1717869522755185,1.067213376248135,False,False
2015-10-22 00:00:00+00:00,0.57,0.40785714285714286,0.1720145789376666,0.9426111329878221,False,False
2015-10-23 00:00:00+00:00,0.58,0.40880952380952384,0.1722460351996618,0.9938717950287673,False,False
2015-10-26 00:00:00+00:00,0.59,0.40976190476190477,0.1725273315640052,1.0446929979394564,False,False
2015-10-27 00:00:00+00:00,0.57,0.41059523809523807,0.17288978957643347,0.922002174305904,False,False
2015-10-28 00:00:00+00:00,0.63,0.41130952380952385,0.1731759561297277,1.2628223979699187,False,False
2015-10-29 00:00:00+00:00,0.67,0.4123015873015873,0.17371113402749858,1.4834881721376532,False,False
2015-10-30 00:00:00+00:00,0.63,0.4134126984126984,0.17446177995994677,1.2414598867272022,False,False
2015-11-02 00:00:00+00:00,0.65,0.41424603174603175,0.17499410059528894,1.347210948551914,False,False
2015-11-03 00:00:00+00:00,0.65,0.41515873015873017,0.17562289429108505,1.33719052284854,False,False
2015-11-04 00:00:00+00:00,0.68,0.41603174603174603,0.1762426766134899,1.497754454485228,False,False
2015-11-05 00:00:00+00:00,0.71,0.4170238095238095,0.1770235073090891,1.6550129128593298,False,False
2015-11-06 00:00:00+00:00,0.75,0.41813492063492064,0.1779814150812833,1.8646052410220366,False,False
2015-11-09 00:00:00+00:00,0.76,0.41940476190476195,0.17920375807863123,1.900603211377918,False,False
2015-11-10 00:00:00+00:00,0.77,0.42063492063492064,0.18047412559907416,1.9358181024863301,False,False
2015-11-12 00:00:00+00:00,0.78,0.42218253968253966,0.1817916543473237,1.9682832064107243,False,False
2015-11-13 00:00:00+00:00,0.76,0.423531746031746,0.1831808018311111,1.836809592516528,False,False
2015-11-16 00:00:00+00:00,0.76,0.4247222222222222,0.18438959874602232,1.8183117706090808,False,False
2015-11-17 00:00:00+00:00,0.72,0.4258730158730159,0.18557446005614833,1.5849540073455772,False,False
2015-11-18 00:00:00+00:00,0.71,0.4270238095238095,0.1864970424462715,1.5173226704531464,False,False
2015-11-19 00:00:00+00:00,0.68,0.42793650793650795,0.18731832615963326,1.3456424538444935,False,False
2015-11-20 00:00:00+00:00,0.66,0.42873015873015874,0.18796237703978053,1.2304049614189287,False,False
2015-11-23 00:00:00+00:00,0.64,0.42924603174603176,0.18841926574876985,1.118537254757051,False,False
2015-11-24 00:00:00+00:00,0.62,0.42984126984126986,0.1888484040818913,1.0069385075463526,False,False
2015-11-25 00:00:00+00:00,0.62,0.4305158730158731,0.18922396494733426,1.0013748894695504,False,False
2015-11-27 00:00:00+00:00,0.62,0.43123015873015874,0.18959926970030988,0.9956253606262321,False,False
2015-11-30 00:00:00+00:00,0.62,0.43202380952380953,0.18997030442235427,0.9895030228422945,False,False
2015-12-01 00:00:00+00:00,0.58,0.4328174603174603,0.1903372934335565,0.7732722107552641,False,False
2015-12-02 00:00:00+00:00,0.62,0.4335714285714286,0.1905432129286425,0.9784057304543718,False,False
2015-12-03 00:00:00+00:00,0.72,0.4343253968253968,0.1909045914004428,1.4964260475819051,False,False
2015-12-04 00:00:00+00:00,0.68,0.4351587301587302,0.19169295720969834,1.2772575132921085,False,False
2015-12-07 00:00:00+00:00,0.67,0.4358730158730159,0.19227002029234486,1.2176988579446557,False,False
2015-12-08 00:00:00+00:00,0.68,0.43662698412698414,0.19281550887875926,1.2622066414068736,False,False
2015-12-09 00:00:00+00:00,0.69,0.43710317460317455,0.19326905999573385,1.3085220438408909,False,False
2015-12-10 00:00:00+00:00,0.73,0.4376587301587302,0.19379537665055357,1.5085048719630263,False,False
2015-12-11 00:00:00+00:00,0.67,0.4386111111111111,0.19464150199369595,1.18879522876053,False,False
2015-12-14 00:00:00+00:00,0.78,0.4394047619047619,0.19517701347950683,1.7450581501545512,False,False
2015-12-15 00:00:00+00:00,0.8,0.44055555555555553,0.19632806739917236,1.8308357496008225,False,False
2015-12-16 00:00:00+00:00,0.84,0.4419047619047619,0.19762620874673553,2.0143848359981957,True,False
2015-12-17 00:00:00+00:00,0.77,0.4432539682539683,0.19917890960641102,1.640465009029825,True,True
2015-12-18 00:00:00+00:00,0.73,0.4446428571428571,0.20023360716626976,1.4251211217514965,True,True
2015-12-21 00:00:00+00:00,0.75,0.44559523809523804,0.20101942101855774,1.5143052365903484,True,True
2015-12-22 00:00:00+00:00,0.78,0.4463095238095238,0.20178158537336388,1.653721153855722,True,True
2015-12-23 00:00:00+00:00,0.76,0.4474603174603175,0.20285585135014056,1.5406983848852431,True,True
2015-12-24 00:00:00+00:00,0.73,0.4486111111111112,0.20380458855064632,1.3806798506843356,True,True
2015-12-28 00:00:00+00:00,0.74,0.4492857142857143,0.2044550762428746,1.4218981062076579,True,True
2015-12-29 00:00:00+00:00,0.79,0.4498809523809524,0.20508375928142528,1.6584396970816242,True,True
2015-12-30 00:00:00+00:00,0.77,0.45071428571428573,0.20603901913149103,1.549637130052298,True,True
2015-12-31 00:00:00+00:00,0.73,0.4515079365079365,0.20688379424022293,1.3461279773740646,True,True
2016-01-04 00:00:00+00:00,0.69,0.4521825396825397,0.20751517587834156,1.1460244259768442,True,True
2016-01-05 00:00:00+00:00,0.69,0.4529761904761904,0.20804217180076975,1.1393065524753023,True,True
2016-01-06 00:00:00+00:00,0.65,0.4540873015873016,0.2085588004006591,0.9393643329187431,False,True
2016-01-07 00:00:00+00:00,0.66,0.45507936507936503,0.2088948191528882,0.9809751900579949,False,False
2016-01-08 00:00:00+00:00,0.65,0.4560714285714285,0.20927317508439333,0.9266766815687972,False,False
2016-01-11 00:00:00+00:00,0.72,0.45710317460317457,0.20958681907724422,1.25435762875877,False,False
2016-01-12 00:00:00+00:00,0.69,0.4583333333333333,0.21021806170292637,1.1020302669998487,False,False
2016-01-13 00:00:00+00:00,0.65,0.45964285714285713,0.2106305072543539,0.9037491545670104,False,False
2016-01-14 00:00:00+00:00,0.67,0.4608333333333333,0.2108560147687121,0.9919881436443801,False,False
2016-01-15 00:00:00+00:00,0.67,0.46202380952380956,0.2111877608839646,0.9847928194591793,False,False
2016-01-19 00:00:00+00:00,0.68,0.463531746031746,0.21131118596720672,1.0244050875841832,False,False
2016-01-20 00:00:00+00:00,0.69,0.4654761904761905,0.21103843853293094,1.063900069980731,False,False
2016-01-21 00:00:00+00:00,0.74,0.4673015873015873,0.21098294977810872,1.292513982694859,False,False
2016-01-22 00:00:00+00:00,0.72,0.46932539682539687,0.21114358813518067,1.1872233743328897,False,False
2016-01-25 00:00:00+00:00,0.69,0.47115079365079365,0.21131504651545688,1.0356536837200483,False,False
2016-01-26 00:00:00+00:00,0.65,0.47273809523809524,0.2114511680536614,0.8383113056009217,False,False
2016-01-27 00:00:00+00:00,0.62,0.474484126984127,0.21108931038354095,0.6893569018321031,False,False
2016-01-28 00:00:00+00:00,0.58,0.4760714285714286,0.21067157569524922,0.49332033087800664,False,False
2016-01-29 00:00:00+00:00,0.53,0.4776984126984127,0.20988011261378997,0.24919744253153656,False,False
2016-02-01 00:00:00+00:00,0.57,0.4793253968253968,0.20868193183680436,0.4345110397267811,False,False
2016-02-02 00:00:00+00:00,0.51,0.4809920634920635,0.20771620986611355,0.13965177068575418,False,False
2016-02-03 00:00:00+00:00,0.5,0.4828968253968254,0.20575567955990087,0.0831237059397694,False,False
2016-02-04 00:00:00+00:00,0.51,0.4847619047619047,0.20375445845375678,0.12386524167186853,False,False
2016-02-05 00:00:00+00:00,0.53,0.48642857142857143,0.20222453808065702,0.2154606408548214,False,False
2016-02-08 00:00:00+00:00,0.52,0.48813492063492064,0.20075974633327875,0.15872245281771055,False,False
2016-02-09 00:00:00+00:00,0.53,0.48968253968253966,0.19948713728191766,0.20210556363081814,False,False
2016-02-10 00:00:00+00:00,0.5,0.49083333333333334,0.19887657587126464,0.04609223900053648,False,False
2016-02-11 00:00:00+00:00,0.45,0.49182539682539683,0.19829311795251983,-0.21092712272249245,False,False
2016-02-12 00:00:00+00:00,0.49,0.49238095238095236,0.197977537344804,-0.012026376390396401,False,False
2016-02-16 00:00:00+00:00,0.53,0.4930555555555556,0.1976772211304919,0.1868927751673343,False,False
2016-02-17 00:00:00+00:00,0.53,0.49384920634920637,0.19742128664781408,0.18311497338827587,False,False
2016-02-18 00:00:00+00:00,0.51,0.4946031746031746,0.1971940650038694,0.07807955780273249,False,False
2016-02-19 00:00:00+00:00,0.5,0.4949206349206349,0.19715403823312155,0.025763434139548593,False,False
2016-02-22 00:00:00+00:00,0.46,0.49547619047619046,0.19696949889410054,-0.18011007123120112,False,False
2016-02-23 00:00:00+00:00,0.42,0.49583333333333335,0.19682261919376753,-0.3852876953063871,False,False
2016-02-24 00:00:00+00:00,0.39,0.4959920634920635,0.19674494565792583,-0.5387282663736048,False,False
2016-02-25 00:00:00+00:00,0.32,0.49619047619047624,0.19661217165881126,-0.8961320894020052,False,False
2016-02-26 00:00:00+00:00,0.35,0.4963888888888889,0.1964081234362484,-0.7453301132751003,False,False
2016-02-29 00:00:00+00:00,0.32,0.49682539682539684,0.19595775946835545,-0.902364863249785,False,False
2016-03-01 00:00:00+00:00,0.35,0.49714285714285716,0.19560451661678954,-0.7522467256271286,False,False
2016-03-02 00:00:00+00:00,0.33,0.4978571428571429,0.19473183989961346,-0.861991253940163,False,False
2016-03-03 00:00:00+00:00,0.3,0.4981746031746032,0.19439107415464654,-1.0194634915024274,False,False
2016-03-04 00:00:00+00:00,0.37,0.49833333333333335,0.19421206629153376,-0.66078970160737,False,False
2016-03-07 00:00:00+00:00,0.43,0.4988095238095238,0.19374730798430922,-0.3551508639030815,False,False
2016-03-08 00:00:00+00:00,0.37,0.49944444444444447,0.19325604078447367,-0.669808011790978,False,False
2016-03-09 00:00:00+00:00,0.39,0.49928571428571433,0.19334620424384785,-0.5652333063021159,False,False
2016-03-10 00:00:00+00:00,0.45,0.4990873015873016,0.19343292154365213,-0.25376911642325584,False,False
2016-03-11 00:00:00+00:00,0.44,0.49924603174603177,0.19337592917473012,-0.3063774896848635,False,False
2016-03-14 00:00:00+00:00,0.45,0.49944444444444447,0.193289022719021,-0.25580575528244304,False,False
2016-03-15 00:00:00+00:00,0.47,0.4996825396825397,0.19319060013565703,-0.1536438090760981,False,False
2016-03-16 00:00:00+00:00,0.36,0.4998015873015873,0.19316291742152056,-0.7237496159602517,False,False
2016-03-17 00:00:00+00:00,0.34,0.49944444444444447,0.19333848507126125,-0.824690668211639,False,False
2016-03-18 00:00:00+00:00,0.27,0.49912698412698414,0.19353503174356787,-1.1839044438764723,False,False
2016-03-21 00:00:00+00:00,0.28,0.49928571428571433,0.19332971885747852,-1.1342576587894921,False,False
2016-03-22 00:00:00+00:00,0.31,0.4996428571428571,0.19283859709728665,-0.9834279029067128,False,False
2016-03-23 00:00:00+00:00,0.3,0.5001984126984127,0.1920853279783807,-1.0422368788153624,False,False
2016-03-24 00:00:00+00:00,0.34,0.5007142857142858,0.19136822756195684,-0.8398169736000368,False,False
2016-03-28 00:00:00+00:00,0.33,0.5016269841269841,0.1900412299206484,-0.9031039432792919,False,False
2016-03-29 00:00:00+00:00,0.2,0.5024603174603175,0.18881761054649662,-1.6018649774504807,False,False
2016-03-30 00:00:00+00:00,0.18,0.5024206349206349,0.18888036025176974,-1.7070098473491977,False,False
2016-03-31 00:00:00+00:00,0.16,0.5023809523809524,0.1889472979132827,-1.8120447138550133,False,False
2016-04-01 00:00:00+00:00,0.17,0.5021031746031747,0.18940024145704076,-1.7534464161625758,False,False
2016-04-04 00:00:00+00:00,0.14,0.5020634920634921,0.18946903145628843,-1.9109375779282545,False,False
2016-04-05 00:00:00+00:00,0.14,0.5023412698412698,0.18888347396273106,-1.9183323042478773,False,False
2016-04-06 00:00:00+00:00,0.17,0.5024603174603175,0.18864451067303856,-1.7623641222009505,False,False
2016-04-07 00:00:00+00:00,0.12,0.5030555555555556,0.18734831550775827,-2.0446170253379883,False,False
2016-04-08 00:00:00+00:00,0.14,0.5032539682539683,0.18691383005189402,-1.9434301258131401,False,False
2016-04-11 00:00:00+00:00,0.17,0.5036507936507937,0.1860304699139886,-1.793527661382877,False,False
2016-04-12 00:00:00+00:00,0.22,0.5040079365079365,0.18529885395060147,-1.5327020672434908,False,False
2016-04-13 00:00:00+00:00,0.21,0.5043650793650793,0.1846607572542548,-1.5940857372298947,False,False
2016-04-14 00:00:00+00:00,0.24,0.5046428571428572,0.18416245055870725,-1.4370076871804787,False,False
2016-04-15 00:00:00+00:00,0.2,0.5050396825396826,0.18348007700583233,-1.6625220978623536,False,False
2016-04-18 00:00:00+00:00,0.21,0.505436507936508,0.18270708912039665,-1.6169953194417497,False,False
2016-04-19 00:00:00+00:00,0.19,0.5059920634920635,0.1815872029834661,-1.740167028845283,False,False
2016-04-20 00:00:00+00:00,0.23,0.506547619047619,0.1803968227537479,-1.5329960629357786,False,False
2016-04-21 00:00:00+00:00,0.24,0.5075396825396825,0.17816321139092078,-1.5016550299638143,False,False
2016-04-22 00:00:00+00:00,0.25,0.508452380952381,0.176182362383485,-1.466959447335733,False,False
2016-04-25 00:00:00+00:00,0.26,0.5092063492063492,0.1746555091939499,-1.4268450526207723,False,False
2016-04-26 00:00:00+00:00,0.27,0.5097619047619046,0.17363222700903888,-1.3808606207039156,False,False
2016-04-27 00:00:00+00:00,0.19,0.5105555555555555,0.17206412941216845,-1.8630004792439074,False,False
2016-04-28 00:00:00+00:00,0.12,0.5111507936507936,0.17068372314307298,-2.2916701513647997,False,False
2016-04-29 00:00:00+00:00,0.12,0.5115079365079366,0.16976462477562027,-2.3061809079800746,False,False
2016-05-02 00:00:00+00:00,0.2,0.511547619047619,0.16967154147452185,-1.8361807545339093,False,False
2016-05-03 00:00:00+00:00,0.17,0.5117857142857143,0.16918949545640996,-2.020135548981361,False,False
2016-05-04 00:00:00+00:00,0.16,0.5120238095238095,0.1686632215373997,-2.087140316158085,False,False
2016-05-05 00:00:00+00:00,0.13,0.5119444444444445,0.16882470720200157,-2.262372911966266,False,False
2016-05-06 00:00:00+00:00,0.18,0.5115079365079366,0.16967072615877787,-1.9538310704093496,False,False
2016-05-09 00:00:00+00:00,0.18,0.5112301587301588,0.1701571648803955,-1.9466130560119665,False,False
2016-05-10 00:00:00+00:00,0.15,0.510595238095238,0.1710945629156744,-2.107578592505951,False,False
2016-05-11 00:00:00+00:00,0.14,0.51,0.17208818271305587,-2.1500604757791373,False,False
2016-05-12 00:00:00+00:00,0.15,0.5094444444444446,0.17305691003955653,-2.0770302923025983,False,False
2016-05-13 00:00:00+00:00,0.13,0.508452380952381,0.17439818464381307,-2.1700477084972163,False,False
2016-05-16 00:00:00+00:00,0.15,0.5073809523809524,0.17589012584227262,-2.0318420415562697,False,False
2016-05-17 00:00:00+00:00,0.15,0.5063492063492064,0.17722114923569202,-2.0107600469021127,False,False
2016-05-18 00:00:00+00:00,0.26,0.505515873015873,0.17840185776670966,-1.3761957195363186,False,False
2016-05-19 00:00:00+00:00,0.29,0.5053174603174603,0.178647805079323,-1.2052622769244508,False,False
2016-05-20 00:00:00+00:00,0.29,0.505,0.17896003248516593,-1.201385566455021,False,False
2016-05-23 00:00:00+00:00,0.3,0.5044841269841269,0.17939287758414513,-1.1398675897163901,False,False
2016-05-24 00:00:00+00:00,0.31,0.5041666666666667,0.17968459529091685,-1.080597178363024,False,False
2016-05-25 00:00:00+00:00,0.29,0.5040079365079365,0.17983892731385592,-1.1899978480990863,False,False
2016-05-26 00:00:00+00:00,0.25,0.5038095238095238,0.1800480553066116,-1.4096765631669868,False,False
2016-05-27 00:00:00+00:00,0.27,0.503531746031746,0.1803864460110819,-1.2946191423794622,False,False
2016-05-31 00:00:00+00:00,0.3,0.5032539682539683,0.1806929087568931,-1.1248585771975657,False,False
2016-06-01 00:00:00+00:00,0.31,0.5031349206349206,0.18081734981691996,-1.0681216201347512,False,False
2016-06-02 00:00:00+00:00,0.27,0.5030952380952382,0.18085879366004354,-1.2888244656402073,False,False
2016-06-03 00:00:00+00:00,0.19,0.5026190476190476,0.18131515373621748,-1.724174958226905,False,False
2016-06-06 00:00:00+00:00,0.19,0.5016269841269841,0.18234017655494197,-1.7090418031545889,False,False
2016-06-07 00:00:00+00:00,0.15,0.5001984126984127,0.18336702662052878,-1.90982217006297,False,False
2016-06-08 00:00:00+00:00,0.12,0.4988095238095238,0.1846892820521852,-2.0510639253147813,False,False
2016-06-09 00:00:00+00:00,0.12,0.4971031746031746,0.1861947029328179,-2.025316341782503,False,False
2016-06-10 00:00:00+00:00,0.12,0.49543650793650795,0.18768299950526884,-2.000375680941567,False,False
2016-06-13 00:00:00+00:00,0.15,0.4936904761904762,0.18912113634315045,-1.8173033582394924,False,False
2016-06-14 00:00:00+00:00,0.17,0.4917857142857143,0.19015716322919887,-1.6922092695391227,False,False
2016-06-15 00:00:00+00:00,0.13,0.49023809523809525,0.19118404093206726,-1.884247730521071,False,False
2016-06-16 00:00:00+00:00,0.15,0.4885714285714286,0.1924872398553067,-1.7589292091565858,False,False
2016-06-17 00:00:00+00:00,0.2,0.48714285714285716,0.19365989468481606,-1.4827172017736856,False,False
2016-06-20 00:00:00+00:00,0.24,0.4861904761904762,0.19448105282761002,-1.2658841188437102,False,False
2016-06-21 00:00:00+00:00,0.28,0.4854761904761905,0.19505482789470058,-1.0534278627910498,False,False
2016-06-22 00:00:00+00:00,0.25,0.4847619047619048,0.19547761219552523,-1.200965686684804,False,False
2016-06-23 00:00:00+00:00,0.24,0.4841666666666667,0.19596451626114889,-1.2459738697861098,False,False
2016-06-24 00:00:00+00:00,0.15,0.48325396825396827,0.19656544732936093,-1.6953842742034662,False,False
2016-06-27 00:00:00+00:00,0.12,0.4818650793650794,0.1976800043361398,-1.830559851413982,False,False
2016-06-28 00:00:00+00:00,0.09,0.4804365079365079,0.19898999938961645,-1.9620911057547414,False,False
2016-06-29 00:00:00+00:00,0.1,0.47884920634920636,0.20050301554439381,-1.8894938079638235,False,False
2016-06-30 00:00:00+00:00,0.09,0.476984126984127,0.20183330995157275,-1.9173451947895952,False,False
2016-07-01 00:00:00+00:00,0.03,0.475515873015873,0.20329783987842745,-2.1914442046324374,False,False
2016-07-05 00:00:00+00:00,-0.03,0.4737301587301587,0.20522549691701364,-2.4545203510158897,False,False
2016-07-06 00:00:00+00:00,-0.05,0.471468253968254,0.20761937233565342,-2.511655093173138,False,False
2016-07-07 00:00:00+00:00,-0.03,0.4693253968253968,0.21019802196047607,-2.375499979344648,False,False
2016-07-08 00:00:00+00:00,-0.06,0.4675,0.21252536759763493,-2.482056640874481,False,False
2016-07-11 00:00:00+00:00,0.01,0.46567460317460313,0.21506772135947813,-2.1187493887702424,False,False
2016-07-12 00:00:00+00:00,0.07,0.46416666666666667,0.21692458343949467,-1.817067758835222,False,False
2016-07-13 00:00:00+00:00,0.03,0.46257936507936503,0.21834056709150995,-1.9812138936969246,False,False
2016-07-14 00:00:00+00:00,0.08,0.460515873015873,0.21996226529434074,-1.7299143219255753,False,False
2016-07-15 00:00:00+00:00,0.11,0.458531746031746,0.2211321533994064,-1.57612423464367,False,False
2016-07-18 00:00:00+00:00,0.1,0.4567460317460318,0.22212422268387383,-1.6060654143683875,False,False
2016-07-19 00:00:00+00:00,0.12,0.4550793650793651,0.22322070628848428,-1.5011123773003288,False,False
2016-07-20 00:00:00+00:00,0.13,0.4534920634920635,0.22417735387977444,-1.4430184757446607,False,False
2016-07-21 00:00:00+00:00,0.05,0.451984126984127,0.22507199323212485,-1.7860246457654387,False,False
2016-07-22 00:00:00+00:00,0.06,0.44996031746031745,0.22638594485653016,-1.722546502202029,False,False
2016-07-25 00:00:00+00:00,0.08,0.4480952380952381,0.22765639267247495,-1.616889531517834,False,False
2016-07-26 00:00:00+00:00,0.07,0.4463095238095238,0.22877351712995805,-1.6448998491191436,False,False
2016-07-27 00:00:00+00:00,0.03,0.4446428571428572,0.22998066657997357,-1.8029465837671583,False,False
2016-07-28 00:00:00+00:00,0.0,0.4427380952380952,0.2314204424255836,-1.913133043034708,False,False
2016-07-29 00:00:00+00:00,-0.03,0.44075396825396823,0.23306511876680228,-2.0198387933159143,False,False
2016-08-01 00:00:00+00:00,0.05,0.4386111111111111,0.23490113109560665,-1.6543603229945423,False,False
2016-08-02 00:00:00+00:00,0.11,0.43674603174603177,0.23611506873006047,-1.3838423506954804,False,False
2016-08-03 00:00:00+00:00,0.09,0.43515873015873013,0.23696364179561857,-1.4565894056288597,False,False
2016-08-04 00:00:00+00:00,0.04,0.43369047619047624,0.23795332376624959,-1.6544861402197226,False,False
2016-08-05 00:00:00+00:00,0.09,0.43202380952380953,0.2392357341256541,-1.4296518485159406,False,False
2016-08-08 00:00:00+00:00,0.08,0.4303174603174603,0.24013753200113433,-1.4588201077864227,False,False
2016-08-09 00:00:00+00:00,0.06,0.42833333333333334,0.24096006513123205,-1.5286073778770397,False,False
2016-08-10 00:00:00+00:00,0.06,0.42634920634920637,0.24192818787197326,-1.5142890523491865,False,False
2016-08-11 00:00:00+00:00,0.1,0.4245238095238095,0.24295198857707867,-1.3357528432859544,False,False
2016-08-12 00:00:00+00:00,0.07,0.42273809523809525,0.24367873430999867,-1.447553871440236,False,False
2016-08-15 00:00:00+00:00,0.1,0.42107142857142865,0.24465123329615426,-1.312363826029712,False,False
2016-08-16 00:00:00+00:00,0.13,0.4194047619047619,0.245404055093061,-1.1792990209351477,False,False
2016-08-17 00:00:00+00:00,0.09,0.4176587301587302,0.24589310872713852,-1.3325250628407197,False,False
2016-08-18 00:00:00+00:00,0.06,0.41571428571428576,0.24654078017465778,-1.4428212868568266,False,False
2016-08-19 00:00:00+00:00,0.1,0.4136507936507937,0.24733512976063463,-1.2681206828740337,False,False
2016-08-22 00:00:00+00:00,0.08,0.41158730158730156,0.24777548215919823,-1.3382571136487724,False,False
2016-08-23 00:00:00+00:00,0.07,0.4097222222222222,0.24849732100775215,-1.3671061758111436,False,False
2016-08-24 00:00:00+00:00,0.08,0.4078968253968254,0.24929850039789336,-1.3152779694762906,False,False
2016-08-25 00:00:00+00:00,0.09,0.40615079365079365,0.25004992545188015,-1.264350681486742,False,False
2016-08-26 00:00:00+00:00,0.15,0.40444444444444444,0.2507361450432784,-1.0147896482995142,False,False
2016-08-29 00:00:00+00:00,0.11,0.40269841269841267,0.25097074542111697,-1.1662650649073807,False,False
2016-08-30 00:00:00+00:00,0.11,0.40055555555555555,0.2511560698117318,-1.1568725206337156,False,False
2016-08-31 00:00:00+00:00,0.11,0.3986111111111111,0.2515023693494788,-1.1475482789987848,False,False
2016-09-01 00:00:00+00:00,0.12,0.3967460317460317,0.2518942716454179,-1.098659488912859,False,False
2016-09-02 00:00:00+00:00,0.13,0.3949206349206349,0.252227513914899,-1.0503240935484086,False,False
2016-09-06 00:00:00+00:00,0.06,0.39305555555555555,0.25244262668933176,-1.3193316830973638,False,False
2016-09-07 00:00:00+00:00,0.03,0.39075396825396824,0.2528259148332732,-1.4268868303783988,False,False
2016-09-08 00:00:00+00:00,0.09,0.3883333333333333,0.2533496709626679,-1.1775556376281773,False,False
2016-09-09 00:00:00+00:00,0.17,0.3862301587301587,0.2536185818565402,-0.852580111233607,False,False
2016-09-12 00:00:00+00:00,0.17,0.3842460317460317,0.25334539944205187,-0.8456677414228577,False,False
2016-09-13 00:00:00+00:00,0.24,0.38234126984126987,0.2531437291593915,-0.5622942757220937,False,False
2016-09-14 00:00:00+00:00,0.21,0.3807539682539683,0.25277548378613257,-0.6755163344813899,False,False
2016-09-15 00:00:00+00:00,0.22,0.3791666666666667,0.2525860273158806,-0.6301483433508184,False,False
2016-09-16 00:00:00+00:00,0.19,0.3775793650793651,0.2523232560597594,-0.7434089429907302,False,False
2016-09-19 00:00:00+00:00,0.2,0.3754761904761905,0.25166570865519083,-0.6972590402318649,False,False
2016-09-20 00:00:00+00:00,0.2,0.3733730158730159,0.25090460192861264,-0.6909917735281076,False,False
2016-09-21 00:00:00+00:00,0.15,0.37166666666666665,0.2506143845055889,-0.8844929915095248,False,False
2016-09-22 00:00:00+00:00,0.08,0.3699603174603175,0.25065412116871844,-1.156814482476199,False,False
2016-09-23 00:00:00+00:00,0.05,0.3676587301587302,0.25064314603943993,-1.2673744930920434,False,False
2016-09-26 00:00:00+00:00,0.05,0.3653571428571428,0.25088741190970903,-1.2569667822578343,False,False
2016-09-27 00:00:00+00:00,0.04,0.363015873015873,0.2510671085071376,-1.2865718450200339,False,False
2016-09-28 00:00:00+00:00,0.01,0.36063492063492064,0.25127482464582496,-1.3954239989188928,False,False
2016-09-29 00:00:00+00:00,0.02,0.3578571428571429,0.2512664563768318,-1.3446169764516773,False,False
2016-09-30 00:00:00+00:00,0.0,0.3551190476190476,0.25117331382924707,-1.4138406752098873,False,False
2016-10-03 00:00:00+00:00,0.0,0.3525,0.25142244731119723,-1.4020227858322227,False,False
2016-10-04 00:00:00+00:00,0.07,0.34992063492063497,0.2516922677798279,-1.112154288209999,False,False
2016-10-05 00:00:00+00:00,0.1,0.34785714285714286,0.25184769679124475,-0.9841548920838071,False,False
2016-10-06 00:00:00+00:00,0.11,0.3462301587301587,0.25212024142979805,-0.9369741889444293,False,False
2016-10-07 00:00:00+00:00,0.1,0.34444444444444444,0.2521937393359467,-0.9692724533451664,False,False
2016-10-11 00:00:00+00:00,0.13,0.3427380952380952,0.2523878845745617,-0.842901376176189,False,False
2016-10-12 00:00:00+00:00,0.15,0.34115079365079365,0.25246329282189656,-0.75714291576496,False,False
2016-10-13 00:00:00+00:00,0.12,0.3396031746031746,0.25243483887595125,-0.8699400430662804,False,False
2016-10-14 00:00:00+00:00,0.13,0.3377777777777778,0.2523527187165756,-0.8233625491910741,False,False
2016-10-17 00:00:00+00:00,0.09,0.33615079365079364,0.2523654331164164,-0.9753744425736945,False,False
2016-10-18 00:00:00+00:00,0.09,0.3345238095238095,0.2526263863184399,-0.9679266409470902,False,False
2016-10-19 00:00:00+00:00,0.08,0.3327380952380953,0.2527585711227973,-0.999918990344774,False,False
2016-10-20 00:00:00+00:00,0.08,0.33083333333333337,0.25284772514609116,-0.992033181980997,False,False
2016-10-21 00:00:00+00:00,0.07,0.32880952380952383,0.25280610696282657,-1.023747119556649,False,False
2016-10-24 00:00:00+00:00,0.11,0.3267063492063492,0.25274561065337287,-0.857408952211441,False,False
2016-10-25 00:00:00+00:00,0.07,0.3248015873015873,0.25256209113393874,-1.0088671112817993,False,False
2016-10-26 00:00:00+00:00,0.08,0.3228174603174603,0.25259213618726,-0.9613025329396904,False,False
2016-10-27 00:00:00+00:00,0.13,0.3208333333333333,0.25252766011568994,-0.7556927951809606,False,False
2016-10-28 00:00:00+00:00,0.13,0.3190079365079365,0.2522366243783725,-0.7493278859631877,False,False
2016-10-31 00:00:00+00:00,0.11,0.3172619047619048,0.25201507191288636,-0.8224186878535134,False,False
2016-11-01 00:00:00+00:00,0.11,0.3151984126984127,0.2515726636522169,-0.815662599105308,False,False
2016-11-02 00:00:00+00:00,0.11,0.3129761904761905,0.25089852758435005,-0.8089971369319877,False,False
2016-11-03 00:00:00+00:00,0.14,0.3109126984126985,0.25041869384801435,-0.6825077464721138,False,False
2016-11-04 00:00:00+00:00,0.11,0.3088888888888889,0.24972725272293528,-0.79642444595164,False,False
2016-11-07 00:00:00+00:00,0.12,0.3067460317460317,0.24910462566163297,-0.7496690647555257,False,False
2016-11-08 00:00:00+00:00,0.15,0.3045238095238096,0.24825801750507198,-0.6224323027982475,False,False
2016-11-09 00:00:00+00:00,0.25,0.3023015873015873,0.24711776858666937,-0.21164640487292208,False,False
2016-11-10 00:00:00+00:00,0.27,0.30031746031746026,0.24551088780048724,-0.12348723345458114,False,False
2016-11-14 00:00:00+00:00,0.4,0.29837301587301585,0.24379006820747373,0.4168626920457486,False,False
2016-11-15 00:00:00+00:00,0.41,0.2969047619047619,0.24204627092370157,0.46724635609398935,False,False
2016-11-16 00:00:00+00:00,0.39,0.29543650793650794,0.24021945464708622,0.39365459472222264,False,False
2016-11-17 00:00:00+00:00,0.42,0.29396825396825393,0.2384932094219139,0.5284500398868197,False,False
2016-11-18 00:00:00+00:00,0.44,0.2926190476190476,0.23680199529224308,0.6223805344168067,False,False
2016-11-21 00:00:00+00:00,0.42,0.2915079365079365,0.23544166332488928,0.5457490474604552,False,False
2016-11-22 00:00:00+00:00,0.41,0.29035714285714287,0.23409287373697013,0.5110914109982237,False,False
2016-11-23 00:00:00+00:00,0.44,0.28928571428571426,0.23291733250054272,0.6470720066053245,False,False
2016-11-25 00:00:00+00:00,0.47,0.28841269841269845,0.2319325107854066,0.7829316423660565,False,False
2016-11-28 00:00:00+00:00,0.47,0.28773809523809524,0.23115172156747557,0.7884946887955606,False,False
2016-11-29 00:00:00+00:00,0.44,0.28714285714285714,0.23048487654358044,0.663198146227353,False,False
2016-11-30 00:00:00+00:00,0.43,0.2864285714285715,0.22972689236751287,0.6249657020639342,False,False
2016-12-01 00:00:00+00:00,0.48,0.28567460317460314,0.2289381805374747,0.8488116589779042,False,False
2016-12-02 00:00:00+00:00,0.49,0.2851190476190476,0.2282926097176129,0.8974489039937841,False,False
2016-12-05 00:00:00+00:00,0.45,0.2847619047619047,0.227899517543928,0.7250480256336891,False,False
2016-12-06 00:00:00+00:00,0.44,0.2840873015873016,0.22715361598802228,0.68637559536327,False,False
2016-12-07 00:00:00+00:00,0.42,0.28297619047619044,0.22569298203535415,0.6071248130451179,False,False
2016-12-08 00:00:00+00:00,0.45,0.28194444444444444,0.22446170422198802,0.7487048008392205,False,False
2016-12-09 00:00:00+00:00,0.51,0.2810714285714286,0.2233715814590747,1.0248777840636583,False,False
2016-12-12 00:00:00+00:00,0.51,0.2803968253968254,0.22241664643500716,1.0323111074793918,False,False
2016-12-13 00:00:00+00:00,0.53,0.27968253968253964,0.2213826040662749,1.1307006771070562,False,False
2016-12-14 00:00:00+00:00,0.6,0.2788888888888889,0.2201166739593689,1.458822293355135,False,False
2016-12-15 00:00:00+00:00,0.7,0.27861111111111114,0.21966484692743227,1.918326463169127,False,False
2016-12-16 00:00:00+00:00,0.74,0.2782936507936508,0.21899413543277496,2.1083046278564845,True,False
2016-12-19 00:00:00+00:00,0.68,0.2780555555555556,0.2184566220238332,1.839927948719234,True,True
2016-12-20 00:00:00+00:00,0.67,0.2774206349206349,0.21704483364398877,1.808747798730375,True,True
2016-12-21 00:00:00+00:00,0.64,0.2770238095238095,0.21623054556014462,1.6786536311782487,True,True
2016-12-22 00:00:00+00:00,0.6,0.27666666666666667,0.21555265762029152,1.5000201663154795,True,True
2016-12-23 00:00:00+00:00,0.58,0.2760714285714286,0.21444462424985966,1.4172823053584673,True,True
2016-12-27 00:00:00+00:00,0.58,0.2752777777777778,0.21293697097448896,1.4310442232163132,True,True
2016-12-28 00:00:00+00:00,0.56,0.27456349206349207,0.2116022351319943,1.3489295505714152,True,True
2016-12-29 00:00:00+00:00,0.55,0.2738888888888889,0.2104121253766824,1.3122395423591373,True,True
2016-12-30 00:00:00+00:00,0.5,0.2731349206349206,0.2090713998848091,1.0851081472170463,True,True
2017-01-03 00:00:00+00:00,0.47,0.271984126984127,0.20700297298043827,0.9565846816827381,False,True
2017-01-04 00:00:00+00:00,0.47,0.27079365079365075,0.20498023682639924,0.9718319789778562,False,False
2017-01-05 00:00:00+00:00,0.42,0.26976190476190476,0.2033071755414343,0.7389709430470962,False,False
2017-01-06 00:00:00+00:00,0.46,0.2686904761904762,0.20178948299349883,0.9480648890690073,False,False
2017-01-09 00:00:00+00:00,0.43,0.2677777777777777,0.20039160422046945,0.8095260420379015,False,False
2017-01-10 00:00:00+00:00,0.43,0.2669047619047619,0.199195450618116,0.8187698945389732,False,False
2017-01-11 00:00:00+00:00,0.39,0.2659920634920635,0.19790991536078917,0.6265877901158738,False,False
2017-01-12 00:00:00+00:00,0.38,0.26496031746031745,0.196573228786616,0.5852255836147471,False,False
2017-01-13 00:00:00+00:00,0.41,0.26361111111111113,0.19459441822707627,0.7522769163813559,False,False
2017-01-17 00:00:00+00:00,0.36,0.2625,0.19294245989072625,0.5053320044495104,False,False
2017-01-18 00:00:00+00:00,0.42,0.26134920634920633,0.1914813428528258,0.8285443964780109,False,False
2017-01-19 00:00:00+00:00,0.43,0.26035714285714284,0.18999756611088056,0.8928685804525274,False,False
2017-01-20 00:00:00+00:00,0.44,0.25940476190476186,0.18853186943847508,0.9579029722302363,False,False
2017-01-23 00:00:00+00:00,0.39,0.258452380952381,0.18699869429387597,0.7034681153489053,False,False
2017-01-24 00:00:00+00:00,0.41,0.2572619047619048,0.18518657238250014,0.8247795359731422,False,False
2017-01-25 00:00:00+00:00,0.45,0.25595238095238093,0.1829121600144733,1.0608787246964044,False,False
2017-01-26 00:00:00+00:00,0.43,0.2548809523809524,0.18096351714127454,0.9677036033861772,False,False
2017-01-27 00:00:00+00:00,0.41,0.2538492063492063,0.17920548722835825,0.8713505153545525,False,False
2017-01-30 00:00:00+00:00,0.42,0.2528968253968254,0.17772337739966315,0.9402430735231532,False,False
2017-01-31 00:00:00+00:00,0.4,0.2521031746031746,0.17651998202363936,0.8378474986306039,False,False
2017-02-01 00:00:00+00:00,0.43,0.2513888888888889,0.1755493811287752,1.0174408474849022,False,False
2017-02-02 00:00:00+00:00,0.43,0.2509920634920635,0.1750293314534196,1.0227310761086676,False,False
2017-02-03 00:00:00+00:00,0.44,0.25043650793650796,0.17423311745942163,1.0879877191409424,False,False
2017-02-06 00:00:00+00:00,0.4,0.25015873015873014,0.17387307788820133,0.8617853417054959,False,False
2017-02-07 00:00:00+00:00,0.4,0.24976190476190474,0.17341410855222306,0.8663545111316684,False,False
2017-02-08 00:00:00+00:00,0.38,0.2493253968253968,0.17289410569105476,0.7558071609919786,False,False
2017-02-09 00:00:00+00:00,0.41,0.24873015873015872,0.17218068952062712,0.9366314057565743,False,False
2017-02-10 00:00:00+00:00,0.4,0.2482936507936508,0.17162878348947172,0.883921368676807,False,False
2017-02-13 00:00:00+00:00,0.43,0.2477777777777778,0.1709727915209305,1.065796613608631,False,False
2017-02-14 00:00:00+00:00,0.46,0.24750000000000003,0.1706178717700167,1.2454732777726711,False,False
2017-02-15 00:00:00+00:00,0.45,0.24753968253968256,0.1706663131695708,1.1862933797553636,False,False
2017-02-16 00:00:00+00:00,0.43,0.24738095238095237,0.17045838632467236,1.07134093872749,False,False
2017-02-17 00:00:00+00:00,0.41,0.246984126984127,0.16991335894460907,0.9594058644265596,False,False
2017-02-21 00:00:00+00:00,0.4,0.24650793650793654,0.16928402056317948,0.9067132442945364,False,False
2017-02-22 00:00:00+00:00,0.38,0.24607142857142855,0.16874284065421508,0.7936844663117624,False,False
2017-02-23 00:00:00+00:00,0.35,0.2455952380952381,0.16819182174391206,0.6207481482882563,False,False
2017-02-24 00:00:00+00:00,0.31,0.24515873015873013,0.1677753864011214,0.3864766532931464,False,False
2017-02-27 00:00:00+00:00,0.35,0.24472222222222223,0.16746148460739782,0.6286686041545279,False,False
2017-02-28 00:00:00+00:00,0.34,0.24456349206349207,0.16734214758712412,0.5703076559766296,False,False
2017-03-01 00:00:00+00:00,0.43,0.24464285714285713,0.16738280501566152,1.1073846136095014,False,False
2017-03-02 00:00:00+00:00,0.48,0.24496031746031746,0.16765905931982783,1.4018907388196593,False,False
2017-03-03 00:00:00+00:00,0.45,0.2455952380952381,0.1682462944458599,1.2149139009450072,False,False
2017-03-06 00:00:00+00:00,0.48,0.24599206349206348,0.16861105888935032,1.3878563959526662,False,False
2017-03-07 00:00:00+00:00,0.49,0.24658730158730158,0.16917264195582643,1.4388419758571673,False,False
2017-03-08 00:00:00+00:00,0.56,0.24734126984126986,0.16983374399915557,1.8409694257242821,False,False
2017-03-09 00:00:00+00:00,0.6,0.2480952380952381,0.17079945270685792,2.0603389315815543,True,False
2017-03-10 00:00:00+00:00,0.57,0.24876984126984125,0.17185325263552087,1.8692119805928111,True,True
2017-03-13 00:00:00+00:00,0.61,0.24956349206349207,0.1728741336123431,2.0849649418620313,True,True
2017-03-14 00:00:00+00:00,0.61,0.25043650793650796,0.1741370525883864,2.064830469557816,True,True
2017-03-15 00:00:00+00:00,0.5,0.25107142857142856,0.17515628438996092,1.4211797897834306,True,True
2017-03-16 00:00:00+00:00,0.51,0.2513095238095238,0.1754546496739309,1.4744008019806414,True,True
2017-03-17 00:00:00+00:00,0.49,0.251547619047619,0.17576578526325332,1.3566484546195312,True,True
2017-03-20 00:00:00+00:00,0.47,0.2516269841269841,0.17586930289062389,1.2416778385073022,True,True
2017-03-21 00:00:00+00:00,0.45,0.25206349206349205,0.17627539780983356,1.122882208157275,True,True
2017-03-22 00:00:00+00:00,0.43,0.2525,0.1766298603569632,1.0049263450770909,True,True
2017-03-23 00:00:00+00:00,0.46,0.25313492063492066,0.17698024078489594,1.1688597464194088,True,True
2017-03-24 00:00:00+00:00,0.42,0.2538492063492063,0.17745170792298717,0.9363155508365237,False,True
2017-03-27 00:00:00+00:00,0.41,0.2542857142857143,0.177725463434122,0.8761506804116719,False,False
2017-03-28 00:00:00+00:00,0.45,0.25472222222222224,0.1779731005633293,1.09723198146054,False,False
2017-03-29 00:00:00+00:00,0.41,0.25515873015873014,0.1783176543692039,0.8683451472543118,False,False
2017-03-30 00:00:00+00:00,0.46,0.25547619047619047,0.17852252033707297,1.1456471101665093,False,False
2017-03-31 00:00:00+00:00,0.43,0.2565079365079365,0.17895142771874395,0.9694924801870768,False,False
2017-04-03 00:00:00+00:00,0.39,0.2575,0.17921836710440406,0.739321544665184,False,False
2017-04-04 00:00:00+00:00,0.4,0.2584126984126984,0.17930548927326634,0.7896428724026333,False,False
2017-04-05 00:00:00+00:00,0.37,0.25932539682539685,0.17943898093314947,0.6167812734950568,False,False
2017-04-06 00:00:00+00:00,0.39,0.2602380952380952,0.17941456049904594,0.7232518052100617,False,False
2017-04-07 00:00:00+00:00,0.44,0.2612301587301587,0.179438240835329,0.9962750439238808,False,False
2017-04-10 00:00:00+00:00,0.44,0.26230158730158726,0.1796972340736625,0.9888767270929145,False,False
2017-04-11 00:00:00+00:00,0.41,0.26357142857142857,0.17981825391039852,0.8143142770229277,False,False
2017-04-12 00:00:00+00:00,0.38,0.2646428571428571,0.179883404658364,0.6412884116588191,False,False
2017-04-13 00:00:00+00:00,0.32,0.2654761904761904,0.17992963273907997,0.30302851561352206,False,False
2017-04-17 00:00:00+00:00,0.38,0.26587301587301587,0.17993920992645035,0.6342530022980162,False,False
2017-04-18 00:00:00+00:00,0.33,0.26654761904761903,0.18004754162527115,0.3524201462547208,False,False
2017-04-19 00:00:00+00:00,0.36,0.2669047619047619,0.18008393034711634,0.5169547217000131,False,False
2017-04-20 00:00:00+00:00,0.39,0.2675396825396825,0.1801291546730975,0.679847288922003,False,False
2017-04-21 00:00:00+00:00,0.4,0.26825396825396824,0.18025691874959432,0.7308791954279884,False,False
2017-04-24 00:00:00+00:00,0.41,0.2690873015873016,0.18037908377085057,0.7812030944325598,False,False
2017-04-25 00:00:00+00:00,0.44,0.26980158730158726,0.1805799651738002,0.9425099430859027,False,False
2017-04-26 00:00:00+00:00,0.42,0.2705952380952381,0.18088770387037403,0.8259531118368711,False,False
2017-04-27 00:00:00+00:00,0.39,0.27126984126984127,0.18112743033317036,0.6555062284699976,False,False
2017-04-28 00:00:00+00:00,0.37,0.27178571428571424,0.18128026801612193,0.5417814458744687,False,False
2017-05-01 00:00:00+00:00,0.41,0.2721825396825397,0.18138576358626,0.7598030716005982,False,False
2017-05-02 00:00:00+00:00,0.41,0.27305555555555555,0.18151802586528984,0.7544399174221691,False,False
2017-05-03 00:00:00+00:00,0.46,0.2742063492063492,0.18146308076477094,1.0238647443360316,False,False
2017-05-04 00:00:00+00:00,0.5,0.27555555555555555,0.18157590602909576,1.2360915572602424,False,False
2017-05-05 00:00:00+00:00,0.5,0.2767460317460318,0.1820613677243353,1.2262566795170071,False,False
2017-05-08 00:00:00+00:00,0.53,0.27805555555555556,0.18247684153912733,1.3806927077396922,False,False
2017-05-09 00:00:00+00:00,0.56,0.2795238095238095,0.18301092708045422,1.5325652678262713,False,False
2017-05-10 00:00:00+00:00,0.56,0.2812301587301587,0.1836148603338852,1.5182313717033924,False,False
2017-05-11 00:00:00+00:00,0.51,0.28273809523809523,0.18433914174808472,1.2328467118094633,False,False
2017-05-12 00:00:00+00:00,0.49,0.28404761904761905,0.18477801291834695,1.1145935476824882,False,False
2017-05-15 00:00:00+00:00,0.52,0.2853968253968254,0.1850364486271781,1.2678754717988905,False,False
2017-05-16 00:00:00+00:00,0.51,0.2869047619047619,0.18539487000949836,1.2033517328921144,False,False
2017-05-17 00:00:00+00:00,0.44,0.28833333333333333,0.1857224506764281,0.8166307633475365,False,False
2017-05-18 00:00:00+00:00,0.43,0.2895634920634921,0.18569619175947408,0.7562702638426237,False,False
2017-05-19 00:00:00+00:00,0.41,0.2906746031746032,0.18569547660005534,0.6425864485778283,False,False
2017-05-22 00:00:00+00:00,0.43,0.29170634920634925,0.18563304278353063,0.7449840218097215,False,False
2017-05-23 00:00:00+00:00,0.46,0.29238095238095235,0.1858261560523498,0.9020207444415255,False,False
2017-05-24 00:00:00+00:00,0.45,0.2930555555555555,0.18612581126328112,0.8432169798440334,False,False
2017-05-25 00:00:00+00:00,0.45,0.2936904761904762,0.18638806128882485,0.8386241196388019,False,False
2017-05-26 00:00:00+00:00,0.44,0.2942857142857143,0.1866476262072727,0.7806918773907661,False,False
2017-05-30 00:00:00+00:00,0.4,0.29480158730158734,0.18687075107418902,0.5629474494735035,False,False
2017-05-31 00:00:00+00:00,0.4,0.2952380952380952,0.18698792719711155,0.5602602602865963,False,False
2017-06-01 00:00:00+00:00,0.4,0.29583333333333334,0.18708207074762254,0.5567966307535136,False,False
2017-06-02 00:00:00+00:00,0.36,0.2963492063492063,0.18718975682212927,0.34003352924527647,False,False
2017-06-05 00:00:00+00:00,0.39,0.2965873015873016,0.18723257241401284,0.4989126475608216,False,False
2017-06-06 00:00:00+00:00,0.37,0.2969047619047619,0.18732320445006387,0.3902092018435636,False,False
2017-06-07 00:00:00+00:00,0.4,0.2973015873015873,0.18737189599251092,0.5480993409092552,False,False
2017-06-08 00:00:00+00:00,0.41,0.2981349206349207,0.18735975804599228,0.5970603321211544,False,False
2017-06-09 00:00:00+00:00,0.43,0.2990079365079365,0.18736644097514502,0.6991223338091808,False,False
2017-06-12 00:00:00+00:00,0.46,0.3001190476190477,0.18730949342990913,0.853565665323736,False,False
2017-06-13 00:00:00+00:00,0.46,0.30146825396825394,0.18723141981479194,0.8467155042063166,False,False
2017-06-14 00:00:00+00:00,0.44,0.30281746031746026,0.18714354806503022,0.7330337652616824,False,False
2017-06-15 00:00:00+00:00,0.49,0.30408730158730163,0.18698371234609915,0.9942721538685766,False,False
2017-06-16 00:00:00+00:00,0.49,0.30543650793650795,0.18709407038123899,0.9864742997328007,False,False
2017-06-19 00:00:00+00:00,0.52,0.30670634920634915,0.1872570539721139,1.1390420081339863,False,False
2017-06-20 00:00:00+00:00,0.5,0.3082539682539683,0.1874023702906772,1.0231782631597302,False,False
2017-06-21 00:00:00+00:00,0.5,0.30964285714285716,0.1875217687989234,1.0151202395134176,False,False
2017-06-22 00:00:00+00:00,0.46,0.3108333333333334,0.1877750306920326,0.7943903197188817,False,False
2017-06-23 00:00:00+00:00,0.45,0.3117063492063492,0.1879557279168089,0.7357777936667137,False,False
2017-06-26 00:00:00+00:00,0.43,0.31238095238095237,0.18814645719985706,0.6251462258154972,False,False
2017-06-27 00:00:00+00:00,0.5,0.31309523809523804,0.18825033890209922,0.9928521934930644,False,False
2017-06-28 00:00:00+00:00,0.49,0.3141269841269841,0.18856036619404987,0.9327146495463566,False,False
2017-06-29 00:00:00+00:00,0.55,0.31547619047619047,0.18859770690116384,1.2435135791269916,False,False
2017-06-30 00:00:00+00:00,0.58,0.31718253968253973,0.1887672274207188,1.3922833105542227,False,False
2017-07-03 00:00:00+00:00,0.6,0.31912698412698415,0.1889413570408274,1.4865618638079505,False,False
2017-07-05 00:00:00+00:00,0.58,0.32111111111111107,0.189256133373471,1.3679286598231784,False,False
2017-07-06 00:00:00+00:00,0.61,0.3230555555555556,0.18938932289435628,1.5151035974953329,False,False
2017-07-07 00:00:00+00:00,0.66,0.3253571428571429,0.1893379938756914,1.7674363728738178,False,False
2017-07-10 00:00:00+00:00,0.66,0.3280952380952381,0.18916766435148868,1.7545533643004454,False,False
2017-07-11 00:00:00+00:00,0.62,0.33091269841269844,0.1888008930292048,1.531175498955844,False,False
2017-07-12 00:00:00+00:00,0.57,0.3334920634920635,0.18828992419747317,1.256083869150075,False,False
2017-07-13 00:00:00+00:00,0.58,0.3359920634920635,0.18722392141366265,1.3032946573574438,False,False
2017-07-14 00:00:00+00:00,0.57,0.33825396825396825,0.18671229488142144,1.2411932052638024,False,False
2017-07-17 00:00:00+00:00,0.54,0.3402380952380953,0.1865068461010802,1.0710700917307925,False,False
2017-07-18 00:00:00+00:00,0.51,0.34226190476190477,0.18589302833942292,0.9023366649975786,False,False
2017-07-19 00:00:00+00:00,0.51,0.343968253968254,0.18544908071482732,0.895295600235732,False,False
2017-07-20 00:00:00+00:00,0.5,0.34555555555555556,0.1851501191530774,0.8341579532916946,False,False
2017-07-21 00:00:00+00:00,0.48,0.34714285714285714,0.18475075119819595,0.719115575961134,False,False
2017-07-24 00:00:00+00:00,0.48,0.34857142857142853,0.18437885077926808,0.7128180421620761,False,False
2017-07-25 00:00:00+00:00,0.52,0.34996031746031747,0.18404377189355434,0.9239089200911871,False,False
2017-07-26 00:00:00+00:00,0.49,0.3518253968253968,0.1833721350429229,0.7535201743834192,False,False
2017-07-27 00:00:00+00:00,0.49,0.35353174603174603,0.18264498411736782,0.7471776716329607,False,False
2017-07-28 00:00:00+00:00,0.47,0.3551587301587302,0.1820237457780326,0.6309136720069044,False,False
2017-07-31 00:00:00+00:00,0.48,0.3567460317460317,0.18126966711302095,0.6799481138624253,False,False
2017-08-01 00:00:00+00:00,0.47,0.3585317460317461,0.18025166941479132,0.6184034485236611,False,False
2017-08-02 00:00:00+00:00,0.48,0.36039682539682544,0.17895402509429895,0.6683458197721467,False,False
2017-08-03 00:00:00+00:00,0.46,0.3624206349206349,0.17739845771481438,0.5500575728580099,False,False
2017-08-04 00:00:00+00:00,0.47,0.364047619047619,0.17639903411678845,0.6006403690523221,False,False
2017-08-07 00:00:00+00:00,0.46,0.36547619047619045,0.1757901100103789,0.5377083472911459,False,False
2017-08-08 00:00:00+00:00,0.46,0.36694444444444446,0.1750235865974261,0.5316743723781286,False,False
2017-08-09 00:00:00+00:00,0.42,0.3686111111111111,0.17389393077079893,0.2955185880329662,False,False
2017-08-10 00:00:00+00:00,0.4,0.3699206349206349,0.17302785641166432,0.1738411704517733,False,False
2017-08-11 00:00:00+00:00,0.4,0.37119047619047624,0.17206321057922766,0.16743569826774937,False,False
2017-08-14 00:00:00+00:00,0.45,0.3725396825396825,0.170942717778943,0.45313610586492736,False,False
2017-08-15 00:00:00+00:00,0.49,0.3740873015873016,0.16986390239281388,0.6823857027883878,False,False
2017-08-16 00:00:00+00:00,0.45,0.3756349206349206,0.16913181653766943,0.43968710847799974,False,False
2017-08-17 00:00:00+00:00,0.42,0.3771428571428571,0.16808675972067935,0.25497036725772665,False,False
2017-08-18 00:00:00+00:00,0.43,0.3784126984126984,0.16719105514881108,0.3085529996888019,False,False
2017-08-21 00:00:00+00:00,0.43,0.37960317460317466,0.16648176045316943,0.3027167976818802,False,False
2017-08-22 00:00:00+00:00,0.45,0.38095238095238093,0.16550022482346907,0.4172055906345068,False,False
2017-08-23 00:00:00+00:00,0.42,0.3825,0.16430615917920632,0.22823246667886185,False,False
2017-08-24 00:00:00+00:00,0.44,0.3837698412698413,0.16334792446025231,0.3442355261994238,False,False
2017-08-25 00:00:00+00:00,0.42,0.3851984126984127,0.1622512202836262,0.21449199112802805,False,False
2017-08-28 00:00:00+00:00,0.41,0.3865873015873016,0.1610358040830461,0.14538815480204928,False,False
2017-08-29 00:00:00+00:00,0.39,0.3878968253968254,0.1598702825445597,0.013155506887832022,False,False
2017-08-30 00:00:00+00:00,0.39,0.3890873015873016,0.1587562475398313,0.0057490550881748965,False,False
2017-08-31 00:00:00+00:00,0.36,0.3900396825396826,0.15803448616497695,-0.19008308419671932,False,False
2017-09-01 00:00:00+00:00,0.37,0.39103174603174606,0.15705115955400506,-0.1339165281649124,False,False
2017-09-05 00:00:00+00:00,0.3,0.3920634920634921,0.15604840121711552,-0.5899675443351772,False,False
2017-09-06 00:00:00+00:00,0.32,0.39281746031746034,0.15513648538081803,-0.46937675646520677,False,False
2017-09-07 00:00:00+00:00,0.26,0.3936111111111111,0.15424425562716831,-0.8662307102967214,False,False
2017-09-08 00:00:00+00:00,0.25,0.39412698412698416,0.1535750324229058,-0.9384792687531124,False,False
2017-09-11 00:00:00+00:00,0.31,0.3948809523809524,0.15238994367919143,-0.5569983840905031,False,False
2017-09-12 00:00:00+00:00,0.33,0.3959920634920635,0.15073065056724808,-0.4378144938916807,False,False
2017-09-13 00:00:00+00:00,0.35,0.39694444444444443,0.1495430919284286,-0.3139191776702871,False,False
2017-09-14 00:00:00+00:00,0.35,0.39765873015873016,0.1488832084693158,-0.3201081616168451,False,False
2017-09-15 00:00:00+00:00,0.35,0.3983730158730159,0.1482169312568123,-0.3263663298304363,False,False
2017-09-18 00:00:00+00:00,0.36,0.39880952380952384,0.14791031601021642,-0.26238551073640604,False,False
2017-09-19 00:00:00+00:00,0.37,0.3994047619047619,0.14744856236318685,-0.19942386303051063,False,False
2017-09-20 00:00:00+00:00,0.43,0.39999999999999997,0.14702359081106578,0.20404888653924827,False,False
2017-09-21 00:00:00+00:00,0.44,0.4009523809523809,0.14643399215364283,0.26665679514254587,False,False
2017-09-22 00:00:00+00:00,0.42,0.40190476190476193,0.14590131624087294,0.12402381665538968,False,False
2017-09-25 00:00:00+00:00,0.38,0.4027777777777778,0.1453455225951869,-0.15671468491821341,False,False
2017-09-26 00:00:00+00:00,0.4,0.4036904761904762,0.14447139334343218,-0.025544684695490698,False,False
2017-09-27 00:00:00+00:00,0.44,0.40496031746031746,0.1430139380159526,0.24500886435120756,False,False
2017-09-28 00:00:00+00:00,0.44,0.4065079365079365,0.1412568368634415,0.23710047765292663,False,False
2017-09-29 00:00:00+00:00,0.49,0.40805555555555556,0.13946036039106924,0.5875823367633574,False,False
2017-10-02 00:00:00+00:00,0.51,0.40984126984126984,0.1375973925386688,0.7279115418599427,False,False
2017-10-03 00:00:00+00:00,0.49,0.4118253968253968,0.13539613295277922,0.5773769270195285,False,False
2017-10-04 00:00:00+00:00,0.48,0.41369047619047616,0.1331964947127216,0.49783234876068094,False,False
2017-10-05 00:00:00+00:00,0.49,0.41559523809523813,0.1306650276826409,0.5694313407676006,False,False
2017-10-06 00:00:00+00:00,0.5,0.41753968253968254,0.12807608861453765,0.6438385053161091,False,False
2017-10-10 00:00:00+00:00,0.47,0.41924603174603176,0.12627921926924346,0.40191860978926597,False,False
2017-10-11 00:00:00+00:00,0.46,0.4207142857142857,0.12469359144437302,0.3150580060342559,False,False
2017-10-12 00:00:00+00:00,0.44,0.42210317460317465,0.12315871464847909,0.14531513622813183,False,False
2017-10-13 00:00:00+00:00,0.43,0.42345238095238097,0.12146674046064164,0.05390462461401623,False,False
2017-10-16 00:00:00+00:00,0.46,0.4246428571428571,0.12004096009350494,0.2945423198015224,False,False
2017-10-17 00:00:00+00:00,0.48,0.4258730158730159,0.11879722481412308,0.4556249879715141,False,False
2017-10-18 00:00:00+00:00,0.5,0.4273015873015873,0.11725895134605681,0.6199817742175077,False,False
2017-10-19 00:00:00+00:00,0.49,0.42876984126984125,0.11582922328715278,0.5286244437499401,False,False
2017-10-20 00:00:00+00:00,0.52,0.4303571428571429,0.11389286671349648,0.7870805233865829,False,False
2017-10-23 00:00:00+00:00,0.52,0.43206349206349204,0.11197835206495463,0.7852991789475449,False,False
2017-10-24 00:00:00+00:00,0.55,0.43380952380952376,0.10987756418906758,1.0574540585059387,False,False
2017-10-25 00:00:00+00:00,0.56,0.4356746031746032,0.10781763630800309,1.1531081656273372,False,False
2017-10-26 00:00:00+00:00,0.57,0.43761904761904763,0.10559207814234824,1.2537015532783635,False,False
2017-10-27 00:00:00+00:00,0.54,0.4394444444444444,0.10386787159602856,0.9681102925324641,False,False
2017-10-30 00:00:00+00:00,0.5,0.44130952380952376,0.1013979548491036,0.5788132145053326,False,False
2017-10-31 00:00:00+00:00,0.5,0.44297619047619047,0.09885535848383391,0.5768408551483306,False,False
2017-11-01 00:00:00+00:00,0.49,0.4444444444444444,0.09691706361631379,0.470046799353167,False,False
2017-11-02 00:00:00+00:00,0.48,0.44587301587301587,0.09489578969807787,0.35962590369460157,False,False
2017-11-03 00:00:00+00:00,0.48,0.4473412698412699,0.0925107649769899,0.35302626853051405,False,False
2017-11-06 00:00:00+00:00,0.46,0.44880952380952377,0.09003856759164587,0.12428536448101543,False,False
2017-11-07 00:00:00+00:00,0.44,0.4501984126984127,0.08745380292973316,-0.11661485672163238,False,False
2017-11-08 00:00:00+00:00,0.45,0.4513888888888889,0.08522793177203575,-0.01629617028140291,False,False
2017-11-09 00:00:00+00:00,0.46,0.4527380952380953,0.08244787594686744,0.08807873675950847,False,False
2017-11-10 00:00:00+00:00,0.52,0.45408730158730154,0.07971788102577207,0.8268245162134892,False,False
2017-11-13 00:00:00+00:00,0.52,0.45555555555555555,0.07747052446090508,0.8318575986530965,False,False
2017-11-14 00:00:00+00:00,0.51,0.45662698412698416,0.07647703445372472,0.6978959926239188,False,False
2017-11-15 00:00:00+00:00,0.48,0.4575793650793651,0.07563340533641416,0.2964382579484405,False,False
2017-11-16 00:00:00+00:00,0.53,0.4578968253968254,0.07555861863771277,0.9542680359059201,False,False
2017-11-17 00:00:00+00:00,0.49,0.4583730158730159,0.07563365617399812,0.4181601912014544,False,False
2017-11-20 00:00:00+00:00,0.52,0.45876984126984127,0.07553576633088217,0.8106114719474992,False,False
2017-11-21 00:00:00+00:00,0.52,0.4591666666666667,0.07559392985601095,0.8047383361231094,False,False
2017-11-22 00:00:00+00:00,0.48,0.459484126984127,0.0756810495499871,0.27108335756261304,False,False
2017-11-24 00:00:00+00:00,0.5,0.45972222222222225,0.07565071117851287,0.532417701701896,False,False
2017-11-27 00:00:00+00:00,0.49,0.46007936507936514,0.07562747905648912,0.39563179011012595,False,False
2017-11-28 00:00:00+00:00,0.5,0.46027777777777773,0.07564017765920941,0.5251471301559797,False,False
2017-11-29 00:00:00+00:00,0.53,0.46039682539682536,0.07567913809018167,0.9197141558382087,False,False
2017-11-30 00:00:00+00:00,0.56,0.4606349206349206,0.07580375198848231,1.310820068381009,False,False
2017-12-01 00:00:00+00:00,0.51,0.46111111111111114,0.07605012209898342,0.6428508928001101,False,False
2017-12-04 00:00:00+00:00,0.5,0.4614285714285714,0.07608670128670253,0.5069404760509655,False,False
2017-12-05 00:00:00+00:00,0.5,0.4615079365079365,0.07611657509695106,0.5056988368569589,False,False
2017-12-06 00:00:00+00:00,0.47,0.46154761904761904,0.07613409297962515,0.11101965783769097,False,False
2017-12-07 00:00:00+00:00,0.5,0.4616269841269841,0.07613243170556126,0.5040298203191749,False,False
2017-12-08 00:00:00+00:00,0.5,0.46186507936507937,0.07615834345416615,0.5007320131361721,False,False
2017-12-11 00:00:00+00:00,0.51,0.4621825396825397,0.07614987327565707,0.6279388035796796,False,False
2017-12-12 00:00:00+00:00,0.51,0.4624206349206349,0.07620541051935728,0.6243567845786916,False,False
2017-12-13 00:00:00+00:00,0.48,0.4624206349206349,0.07620541051935728,0.2306839495982988,False,False
2017-12-14 00:00:00+00:00,0.48,0.4623015873015873,0.07615420190370174,0.23240231341131504,False,False
2017-12-15 00:00:00+00:00,0.47,0.4621031746031746,0.07604217003313156,0.10384797531928272,False,False
2017-12-18 00:00:00+00:00,0.5,0.46158730158730155,0.07554226487424642,0.5084928083192004,False,False
2017-12-19 00:00:00+00:00,0.55,0.46079365079365076,0.07406364415704646,1.204455306265971,False,False
2017-12-20 00:00:00+00:00,0.57,0.4600396825396825,0.07215243942265334,1.5239999969535851,False,False
2017-12-21 00:00:00+00:00,0.55,0.4596031746031746,0.07114208658667141,1.2706518705590146,False,False
2017-12-22 00:00:00+00:00,0.54,0.45912698412698416,0.07012248636248519,1.153310729099904,False,False
2017-12-26 00:00:00+00:00,0.53,0.45873015873015877,0.06937379698662198,1.0273308419832479,False,False
2017-12-27 00:00:00+00:00,0.48,0.45845238095238094,0.06894470411412308,0.31253479617450536,False,False
2017-12-28 00:00:00+00:00,0.47,0.45805555555555555,0.06852885576600776,0.17429802834048203,False,False
2017-12-29 00:00:00+00:00,0.44,0.4576190476190476,0.06809799093079232,-0.25873079922363273,False,False
2018-01-02 00:00:00+00:00,0.46,0.45714285714285713,0.06779812009354207,0.04214191858418566,False,False
2018-01-03 00:00:00+00:00,0.46,0.4567857142857143,0.06754359455657523,0.04758831293163418,False,False
2018-01-04 00:00:00+00:00,0.45,0.4566269841269841,0.06748861307253044,-0.09819410749872767,False,False
2018-01-05 00:00:00+00:00,0.46,0.45654761904761904,0.0674845837071918,0.05115806844657272,False,False
2018-01-08 00:00:00+00:00,0.47,0.45650793650793653,0.06747958180564749,0.19994290318696475,False,False
2018-01-09 00:00:00+00:00,0.52,0.4567063492063492,0.06744530822052065,0.938444088456153,False,False
2018-01-10 00:00:00+00:00,0.52,0.4569444444444445,0.0675627853852447,0.9332882769117817,False,False
2018-01-11 00:00:00+00:00,0.54,0.45730158730158726,0.06765759467341524,1.222307903460061,False,False
2018-01-12 00:00:00+00:00,0.54,0.4577380952380953,0.06783536181001082,1.2126699492264659,False,False
2018-01-16 00:00:00+00:00,0.51,0.4583333333333333,0.06789668739608988,0.7609600504551587,False,False
2018-01-17 00:00:00+00:00,0.53,0.45884920634920634,0.0677929314394375,1.0495311552408073,False,False
2018-01-18 00:00:00+00:00,0.57,0.4593253968253968,0.06786984607185877,1.6306888784958176,False,False
2018-01-19 00:00:00+00:00,0.58,0.46015873015873016,0.0679346314230677,1.7640674179116371,False,False
2018-01-22 00:00:00+00:00,0.6,0.4607936507936508,0.06830448789864764,2.0380263945892976,True,False
2018-01-23 00:00:00+00:00,0.57,0.46146825396825397,0.06883656798359253,1.5766582967589982,True,True
2018-01-24 00:00:00+00:00,0.58,0.46198412698412694,0.06916139495285112,1.706383642150756,True,True
2018-01-25 00:00:00+00:00,0.56,0.4627380952380952,0.06940873552280843,1.4012919847811312,True,True
2018-01-26 00:00:00+00:00,0.57,0.4633333333333333,0.06959759120253398,1.5326200925008884,True,True
2018-01-29 00:00:00+00:00,0.61,0.4638095238095238,0.06991579617192262,2.0909506033657186,True,True
2018-01-30 00:00:00+00:00,0.63,0.4645238095238095,0.07048615634029658,2.347640998855099,True,True
2018-01-31 00:00:00+00:00,0.61,0.4653968253968254,0.0711672828009893,2.031877133872595,True,True
2018-02-01 00:00:00+00:00,0.67,0.46615079365079365,0.07168896601272062,2.843522757923932,True,True
2018-02-02 00:00:00+00:00,0.7,0.4672222222222222,0.07270678863604817,3.201596194036358,True,True
2018-02-05 00:00:00+00:00,0.67,0.4682936507936508,0.07413152599790321,2.7209253619310956,True,True
2018-02-06 00:00:00+00:00,0.69,0.46924603174603174,0.0751719607923682,2.936653054238013,True,True
2018-02-07 00:00:00+00:00,0.74,0.47023809523809523,0.07642369092763503,3.5298204193950817,True,True
2018-02-08 00:00:00+00:00,0.76,0.47158730158730156,0.07816024706062442,3.690017742510374,True,True
2018-02-09 00:00:00+00:00,0.78,0.473015873015873,0.08011217077576895,3.8319287071044976,True,True
2018-02-12 00:00:00+00:00,0.79,0.4746031746031746,0.08219741849602988,3.8370648515203563,True,True
2018-02-13 00:00:00+00:00,0.78,0.4761111111111111,0.08446194571792424,3.597938530847728,True,True
2018-02-14 00:00:00+00:00,0.82,0.4776190476190476,0.08646606382570869,3.9597147971381723,True,True
2018-02-15 00:00:00+00:00,0.79,0.4791666666666667,0.0890616197447231,3.4900929741034745,True,True
2018-02-16 00:00:00+00:00,0.78,0.48047619047619045,0.09117958413110915,3.2849876688746207,True,True
2018-02-20 00:00:00+00:00,0.78,0.48178571428571426,0.09308986423340412,3.203509728691551,True,True
2018-02-21 00:00:00+00:00,0.82,0.48317460317460315,0.09490738445109399,3.548990405472229,True,True
2018-02-22 00:00:00+00:00,0.81,0.4848015873015873,0.09713608311481706,3.3478641743668094,True,True
2018-02-23 00:00:00+00:00,0.76,0.4864285714285715,0.09912336300172457,2.7599086662008117,True,True
2018-02-26 00:00:00+00:00,0.73,0.4879365079365079,0.10038029250810032,2.4114643025567837,True,True
2018-02-27 00:00:00+00:00,0.77,0.48944444444444446,0.10115118703374393,2.773625933445176,True,True
2018-02-28 00:00:00+00:00,0.75,0.49126984126984125,0.10204665854936235,2.5354103937171537,True,True
2018-03-01 00:00:00+00:00,0.71,0.4928571428571429,0.10294745608181133,2.1092590862108898,True,True
2018-03-02 00:00:00+00:00,0.74,0.49432539682539683,0.10339621925975985,2.3760501586368523,True,True
2018-03-05 00:00:00+00:00,0.75,0.4955555555555555,0.10446643453812508,2.4356574010533962,True,True
2018-03-06 00:00:00+00:00,0.76,0.49662698412698414,0.10568375241226023,2.4920861519529307,True,True
2018-03-07 00:00:00+00:00,0.76,0.4978571428571429,0.10693563721484606,2.451407818482269,True,True
2018-03-08 00:00:00+00:00,0.75,0.49896825396825395,0.10819658488236164,2.3201448206954414,True,True
2018-03-09 00:00:00+00:00,0.78,0.5,0.10934429705661247,2.560718826104222,True,True
2018-03-12 00:00:00+00:00,0.77,0.5008730158730159,0.11069515831208125,2.4312444033752434,True,True
2018-03-13 00:00:00+00:00,0.75,0.501547619047619,0.11181402510171905,2.2220144630904737,True,True
2018-03-14 00:00:00+00:00,0.74,0.5022619047619048,0.1128234299768264,2.107169541707125,True,True
2018-03-15 00:00:00+00:00,0.74,0.5027777777777778,0.11361245995924125,2.087994770180368,True,True
2018-03-16 00:00:00+00:00,0.77,0.5032936507936507,0.11439371221264681,2.3314773517496143,True,True
2018-03-19 00:00:00+00:00,0.77,0.5043650793650793,0.11562059144516203,2.297470695441904,True,True
2018-03-20 00:00:00+00:00,0.81,0.5053968253968254,0.11682486496267405,2.6073488268143636,True,True
2018-03-21 00:00:00+00:00,0.8,0.5066666666666667,0.11838555419573381,2.477779787628042,True,True
2018-03-22 00:00:00+00:00,0.75,0.5079761904761905,0.11979510823378559,2.0203146279686903,True,True
2018-03-23 00:00:00+00:00,0.75,0.5091666666666667,0.12070386203745483,1.995241322590009,True,True
2018-03-26 00:00:00+00:00,0.77,0.510436507936508,0.12154798347713738,2.1354816808813184,True,True
2018-03-27 00:00:00+00:00,0.71,0.5116666666666668,0.1225996626864716,1.6177314764767168,True,True
2018-03-28 00:00:00+00:00,0.72,0.5128174603174602,0.12309584907890499,1.6830993183997196,True,True
2018-03-29 00:00:00+00:00,0.69,0.514047619047619,0.12361215899288451,1.4234229252682928,True,True
2018-04-02 00:00:00+00:00,0.68,0.515,0.1240405408602059,1.3302102591277443,True,True
2018-04-03 00:00:00+00:00,0.71,0.5160714285714285,0.1242957966981808,1.5602182582205517,True,True
2018-04-04 00:00:00+00:00,0.71,0.5170634920634921,0.12484296086283728,1.5454336119798033,True,True
2018-04-05 00:00:00+00:00,0.75,0.5181746031746032,0.12531013824449258,1.8500130960918928,True,True
2018-04-06 00:00:00+00:00,0.7,0.5196031746031746,0.12589378178715013,1.4329287978799783,True,True
2018-04-09 00:00:00+00:00,0.71,0.5207936507936508,0.12617639694799485,1.4995383747114992,True,True
2018-04-10 00:00:00+00:00,0.72,0.5221428571428572,0.1263751901042128,1.5656328009792408,True,True
2018-04-11 00:00:00+00:00,0.68,0.5234523809523809,0.12670976385920973,1.2354818940516927,True,True
2018-04-12 00:00:00+00:00,0.7,0.5244047619047619,0.1269816737771317,1.382839215077831,True,True
2018-04-13 00:00:00+00:00,0.69,0.5254365079365079,0.1273488790235459,1.292225682120574,True,True
2018-04-16 00:00:00+00:00,0.71,0.526547619047619,0.12755900796194986,1.4381766045648752,True,True
2018-04-17 00:00:00+00:00,0.68,0.5278571428571429,0.12774231496431276,1.1910137778962369,True,True
2018-04-18 00:00:00+00:00,0.71,0.5292857142857142,0.12742111736163275,1.4182443966599516,True,True
2018-04-19 00:00:00+00:00,0.75,0.5305952380952381,0.1275764080759161,1.7197910273050017,True,True
2018-04-20 00:00:00+00:00,0.79,0.5322619047619047,0.1276887824224071,2.018486591762401,True,True
2018-04-23 00:00:00+00:00,0.8,0.5339682539682539,0.12824950387098735,2.0743296309306656,True,True
2018-04-24 00:00:00+00:00,0.83,0.5355952380952381,0.12901420154518467,2.2819562372104625,True,True
2018-04-25 00:00:00+00:00,0.86,0.5373015873015873,0.1300530856883914,2.4812822470940947,True,True
2018-04-26 00:00:00+00:00,0.82,0.5390873015873016,0.13138080777212838,2.1381562739355626,True,True
2018-04-27 00:00:00+00:00,0.79,0.540595238095238,0.13241566081181635,1.8834989787137468,True,True
2018-04-30 00:00:00+00:00,0.78,0.5420634920634921,0.13312258054404286,1.7873489753887992,True,True
2018-05-01 00:00:00+00:00,0.81,0.5436111111111112,0.13361379036481608,1.9937230143800777,True,True
2018-05-02 00:00:00+00:00,0.8,0.5453571428571429,0.13420962163130418,1.8973517252168612,True,True
2018-05-03 00:00:00+00:00,0.78,0.5469047619047619,0.13488944439173028,1.728046543199555,True,True
2018-05-04 00:00:00+00:00,0.79,0.5483730158730159,0.13540602857970882,1.7844625284519495,True,True
2018-05-07 00:00:00+00:00,0.78,0.5496825396825397,0.13614169152765243,1.6917481906758842,True,True
2018-05-08 00:00:00+00:00,0.81,0.5507936507936507,0.13687521973045427,1.8937419769392838,True,True
2018-05-09 00:00:00+00:00,0.82,0.5520238095238095,0.1378067799282559,1.9445791463649507,True,True
2018-05-10 00:00:00+00:00,0.8,0.5531746031746032,0.13882920111242922,1.777906916179026,True,True
2018-05-11 00:00:00+00:00,0.82,0.554126984126984,0.13969671099129258,1.903216002627206,True,True
2018-05-14 00:00:00+00:00,0.85,0.5551587301587301,0.14069680960930767,2.095578930751852,True,True
2018-05-15 00:00:00+00:00,0.9,0.5565079365079365,0.14188720878374586,2.4208811099779197,True,True
2018-05-16 00:00:00+00:00,0.92,0.5581349206349205,0.1434634677695195,2.5223500100139225,True,True
2018-05-17 00:00:00+00:00,0.95,0.5597222222222222,0.14524166638950392,2.687092399030625,True,True
2018-05-18 00:00:00+00:00,0.91,0.5614682539682538,0.14727209749752948,2.3665837042729216,True,True
2018-05-21 00:00:00+00:00,0.9,0.5633333333333332,0.1486968626841592,2.264114121773816,True,True
2018-05-22 00:00:00+00:00,0.91,0.5651984126984128,0.1499600222870188,2.2992900510620613,True,True
2018-05-23 00:00:00+00:00,0.87,0.5671825396825397,0.15120102978177855,2.002747340772101,True,True
2018-05-24 00:00:00+00:00,0.86,0.5689285714285715,0.15214810767952777,1.913079518442105,True,True
2018-05-25 00:00:00+00:00,0.84,0.570515873015873,0.15309077244432961,1.7602898116026096,True,True
2018-05-29 00:00:00+00:00,0.73,0.572063492063492,0.1538370714693796,1.0266479102076789,True,True
2018-05-30 00:00:00+00:00,0.78,0.5731746031746031,0.15396305653865977,1.3433443156765568,True,True
2018-05-31 00:00:00+00:00,0.76,0.5745238095238095,0.1542807868266048,1.2021988887355495,True,True
2018-06-01 00:00:00+00:00,0.8,0.5759523809523809,0.1543250492660283,1.4517903614040117,True,True
2018-06-04 00:00:00+00:00,0.82,0.5775396825396826,0.15456499301083945,1.5686625589489978,True,True
2018-06-05 00:00:00+00:00,0.79,0.5792063492063493,0.15490700551599837,1.3607754542248935,True,True
2018-06-06 00:00:00+00:00,0.83,0.5809126984126983,0.15485104112568854,1.6085607160052866,True,True
2018-06-07 00:00:00+00:00,0.8,0.5826587301587302,0.15517011164840638,1.4006645192969545,True,True
2018-06-08 00:00:00+00:00,0.82,0.5843650793650793,0.1551865400155114,1.5183979268522139,True,True
2018-06-11 00:00:00+00:00,0.83,0.586031746031746,0.15545373437137874,1.5693946173426374,True,True
2018-06-12 00:00:00+00:00,0.83,0.5876984126984127,0.15580999102831491,1.555109436194977,True,True
2018-06-13 00:00:00+00:00,0.86,0.5892857142857143,0.1562339576283628,1.7327493319873506,True,True
2018-06-14 00:00:00+00:00,0.82,0.5908730158730159,0.15694554510884956,1.4599139081524939,True,True
2018-06-15 00:00:00+00:00,0.81,0.5923015873015873,0.15738734767644463,1.3832014829168797,True,True
2018-06-18 00:00:00+00:00,0.8,0.5937698412698412,0.15768644375784138,1.307849640181282,True,True
2018-06-19 00:00:00+00:00,0.77,0.595,0.15808238308122036,1.1070177244866537,True,True
2018-06-20 00:00:00+00:00,0.81,0.5961111111111111,0.1583252601562418,1.3509460756787304,True,True
2018-06-21 00:00:00+00:00,0.79,0.5972619047619049,0.15882299544340753,1.2135402351529907,True,True
2018-06-22 00:00:00+00:00,0.78,0.5984126984126985,0.15916571683562197,1.1408694359403753,True,True
2018-06-25 00:00:00+00:00,0.77,0.5995238095238096,0.15945303492622198,1.0691310488700878,True,True
2018-06-26 00:00:00+00:00,0.76,0.6007539682539682,0.15956810166150323,0.9979816146703641,False,True
2018-06-27 00:00:00+00:00,0.72,0.6019841269841271,0.15959620281891157,0.7394654191727954,False,False
2018-06-28 00:00:00+00:00,0.74,0.6031349206349207,0.15939656392916451,0.8586451049591122,False,False
2018-06-29 00:00:00+00:00,0.74,0.6040873015873016,0.1594948459790631,0.8521447673020083,False,False
2018-07-02 00:00:00+00:00,0.73,0.605079365079365,0.159559882883795,0.7829075370506053,False,False
2018-07-03 00:00:00+00:00,0.71,0.6057936507936509,0.1597151506962245,0.6524512468109415,False,False
2018-07-05 00:00:00+00:00,0.71,0.6063095238095237,0.15984140368267147,0.6487084935535847,False,False
2018-07-06 00:00:00+00:00,0.7,0.6067460317460318,0.15997424775366154,0.5829311252493995,False,False
2018-07-09 00:00:00+00:00,0.73,0.6072222222222221,0.1600728862318542,0.7670117074039822,False,False
2018-07-10 00:00:00+00:00,0.74,0.6076984126984127,0.16025956385263151,0.8255456593108332,False,False
2018-07-11 00:00:00+00:00,0.74,0.608015873015873,0.16044271341783192,0.8226246251545756,False,False
2018-07-12 00:00:00+00:00,0.75,0.6083333333333333,0.16062502422217656,0.8819713326281798,False,False
2018-07-13 00:00:00+00:00,0.72,0.6088492063492064,0.16087121212882743,0.6909302924987153,False,False
2018-07-16 00:00:00+00:00,0.75,0.6094444444444443,0.16100434556782095,0.8729923099892263,False,False
2018-07-17 00:00:00+00:00,0.77,0.6101190476190477,0.16123646276999415,0.9915930282409169,False,False
2018-07-18 00:00:00+00:00,0.79,0.6109126984126985,0.1615301592522844,1.108692657868279,False,False
2018-07-19 00:00:00+00:00,0.75,0.6119047619047618,0.1618602726603426,0.8531756176206718,False,False
2018-07-20 00:00:00+00:00,0.78,0.6128571428571429,0.16196432218832657,1.0319733067416486,False,False
2018-07-23 00:00:00+00:00,0.85,0.6139285714285715,0.16217410734384233,1.4556665822794308,False,False
2018-07-24 00:00:00+00:00,0.84,0.6153174603174604,0.16269241875458695,1.3810264879119014,False,False
2018-07-25 00:00:00+00:00,0.81,0.6167460317460317,0.16307957320077193,1.1850286609227745,False,False
2018-07-26 00:00:00+00:00,0.87,0.6180555555555556,0.16330192532127322,1.5428136805416084,False,False
2018-07-27 00:00:00+00:00,0.84,0.6194444444444445,0.16395172526089846,1.3452469329284742,False,False
2018-07-30 00:00:00+00:00,0.85,0.6208333333333333,0.16433282960036472,1.3945276012344525,False,False
2018-07-31 00:00:00+00:00,0.84,0.6222619047619048,0.16475516924809172,1.3215858187139529,False,False
2018-08-01 00:00:00+00:00,0.87,0.6237301587301588,0.1650412679383076,1.4921712874982083,False,False
2018-08-02 00:00:00+00:00,0.86,0.6252777777777778,0.1655159812887405,1.418124222172554,False,False
2018-08-03 00:00:00+00:00,0.83,0.6268253968253968,0.165881207404461,1.2248198958379368,False,False
2018-08-06 00:00:00+00:00,0.83,0.6282142857142857,0.1661120491199683,1.214756637792012,False,False
2018-08-07 00:00:00+00:00,0.85,0.6296825396825396,0.16625443232476025,1.3251824762608058,False,False
2018-08-08 00:00:00+00:00,0.85,0.6311904761904762,0.16652342545022641,1.3139864449577132,False,False
2018-08-09 00:00:00+00:00,0.82,0.6327380952380953,0.16673822690641663,1.1230892173694944,False,False
2018-08-10 00:00:00+00:00,0.78,0.6341666666666667,0.16679453925921445,0.8743291835633457,False,False
2018-08-13 00:00:00+00:00,0.78,0.6355952380952382,0.16649432846645942,0.867325411230764,False,False
2018-08-14 00:00:00+00:00,0.8,0.6371031746031747,0.16607233720611414,0.9808787431867861,False,False
2018-08-15 00:00:00+00:00,0.78,0.6386904761904761,0.16570828129761475,0.8527607836070045,False,False
2018-08-16 00:00:00+00:00,0.79,0.64,0.16551501177689718,0.9062622078182835,False,False
2018-08-17 00:00:00+00:00,0.79,0.6411904761904762,0.16551071338012377,0.8990929999060376,False,False
2018-08-20 00:00:00+00:00,0.75,0.6425396825396825,0.16533166717846529,0.6499681476284923,False,False
2018-08-21 00:00:00+00:00,0.77,0.6438492063492064,0.1648682471662474,0.7651612473540012,False,False
2018-08-22 00:00:00+00:00,0.74,0.6451984126984127,0.1645020262819195,0.5762943438709908,False,False
2018-08-23 00:00:00+00:00,0.73,0.6464285714285714,0.16404481112463037,0.5094426821457742,False,False
2018-08-24 00:00:00+00:00,0.73,0.6475396825396825,0.1636568487906161,0.5038610853727109,False,False
2018-08-27 00:00:00+00:00,0.74,0.6487698412698413,0.16310384161807098,0.5593378906659114,False,False
2018-08-28 00:00:00+00:00,0.77,0.6499603174603176,0.1626682347427475,0.7379417544520589,False,False
2018-08-29 00:00:00+00:00,0.77,0.6513492063492063,0.1621904501224467,0.7315522804284562,False,False
2018-08-30 00:00:00+00:00,0.76,0.6527777777777778,0.16164068601907086,0.6633368421213692,False,False
2018-08-31 00:00:00+00:00,0.78,0.6542460317460318,0.16092309348276657,0.7814538332090625,False,False
2018-09-04 00:00:00+00:00,0.8,0.6557936507936507,0.160245594252871,0.899908355538241,False,False
2018-09-05 00:00:00+00:00,0.81,0.6575396825396826,0.15940470186538336,0.9564355108487925,False,False
2018-09-06 00:00:00+00:00,0.8,0.6592857142857144,0.15865057734379712,0.8869446810102471,False,False
2018-09-07 00:00:00+00:00,0.84,0.6612698412698412,0.15725982320730986,1.1365277862136811,False,False
2018-09-10 00:00:00+00:00,0.84,0.6633333333333333,0.1561718330374062,1.1312325867645514,False,False
2018-09-11 00:00:00+00:00,0.86,0.6656349206349207,0.15446860990186365,1.2582820515350175,False,False
2018-09-12 00:00:00+00:00,0.85,0.6680555555555556,0.15269879241196752,1.1915251035749825,False,False
2018-09-13 00:00:00+00:00,0.87,0.6701984126984127,0.15143786386177271,1.3193634815395923,False,False
2018-09-14 00:00:00+00:00,0.89,0.6723412698412699,0.1504219649288062,1.4469876807003998,False,False
2018-09-17 00:00:00+00:00,0.89,0.674484126984127,0.14965608564355715,1.440074234797088,False,False
2018-09-18 00:00:00+00:00,0.92,0.6766269841269842,0.14885529935293043,1.6349637327723712,False,False
2018-09-19 00:00:00+00:00,0.93,0.6788888888888889,0.14820155448761652,1.6943891849129937,False,False
2018-09-20 00:00:00+00:00,0.92,0.6811507936507937,0.14766396477608243,1.6175185781541028,False,False
2018-09-21 00:00:00+00:00,0.92,0.6833333333333332,0.14711027925657952,1.6087704262588562,False,False
2018-09-24 00:00:00+00:00,0.92,0.6852777777777778,0.14698674026919226,1.596893854454836,False,False
2018-09-25 00:00:00+00:00,0.94,0.6871825396825396,0.1469056612912564,1.7209511062764444,False,False
2018-09-26 00:00:00+00:00,0.92,0.6892460317460317,0.14678977495724835,1.5720030112531616,False,False
2018-09-27 00:00:00+00:00,0.91,0.6913888888888889,0.14619767615629936,1.4953118056226475,False,False
2018-09-28 00:00:00+00:00,0.91,0.6934126984126985,0.1456769481577738,1.4867644080018005,False,False
2018-10-01 00:00:00+00:00,0.95,0.6952777777777778,0.14542807473982713,1.751534032736965,False,False
2018-10-02 00:00:00+00:00,0.93,0.6973015873015873,0.1454100546094899,1.6002910756298288,False,False
2018-10-03 00:00:00+00:00,0.99,0.699047619047619,0.1455525456325855,1.998950823483531,False,False
2018-10-04 00:00:00+00:00,1.03,0.700952380952381,0.14620799772887544,2.250544595089777,True,False
2018-10-05 00:00:00+00:00,1.07,0.7030952380952381,0.1470586206433389,2.4949558230565456,True,True
2018-10-09 00:00:00+00:00,1.04,0.705436507936508,0.14818492786085946,2.257743057226681,True,True
2018-10-10 00:00:00+00:00,1.06,0.7076190476190476,0.1490470583803621,2.3642261458236256,True,True
2018-10-11 00:00:00+00:00,1.02,0.7098412698412698,0.15011010103734376,2.06620825657542,True,True
2018-10-12 00:00:00+00:00,1.03,0.7120238095238095,0.15060658040182318,2.1113034346030557,True,True
2018-10-15 00:00:00+00:00,1.03,0.7142857142857143,0.1510859947284134,2.0896330350261922,True,True
2018-10-16 00:00:00+00:00,1.03,0.7166269841269841,0.15138974972153663,2.069975123477172,True,True
2018-10-17 00:00:00+00:00,1.06,0.7190079365079365,0.15158198949200816,2.249555271274769,True,True
2018-10-18 00:00:00+00:00,1.07,0.721388888888889,0.15220836380274996,2.2903545009056376,True,True
2018-10-19 00:00:00+00:00,1.09,0.7237301587301587,0.15301607408199153,2.39366905383797,True,True
2018-10-22 00:00:00+00:00,1.09,0.7260714285714286,0.15408915919434038,2.361805160930091,True,True
2018-10-23 00:00:00+00:00,1.08,0.7284523809523811,0.15505938238630523,2.267180570678369,True,True
2018-10-24 00:00:00+00:00,1.03,0.7306746031746032,0.15606956919313117,1.917897245266251,True,True
2018-10-25 00:00:00+00:00,1.09,0.7326984126984126,0.1566324532649538,2.281146594168381,True,True
2018-10-26 00:00:00+00:00,1.02,0.7348412698412699,0.15781240629574095,1.8069474818370224,True,True
2018-10-29 00:00:00+00:00,1.02,0.7366666666666667,0.15844111100775374,1.7882564160981405,True,True
2018-10-30 00:00:00+00:00,1.07,0.738452380952381,0.15908974676009072,2.084028831522354,True,True
2018-10-31 00:00:00+00:00,1.1,0.7405555555555555,0.15995669511353117,2.2471359775802107,True,True
2018-11-01 00:00:00+00:00,1.12,0.7429365079365079,0.1608249027332278,2.3445591177440686,True,True
2018-11-02 00:00:00+00:00,1.16,0.7453968253968254,0.16183288214349598,2.5619217127675515,True,True
2018-11-05 00:00:00+00:00,1.14,0.7480555555555556,0.16311884580715966,2.402815214299665,True,True
2018-11-06 00:00:00+00:00,1.15,0.7506746031746031,0.16409337198960378,2.433525449466029,True,True
2018-11-07 00:00:00+00:00,1.15,0.7533333333333333,0.16511495452312067,2.4023666893910707,True,True
2018-11-08 00:00:00+00:00,1.17,0.7560714285714286,0.16595024832001268,2.4942931729174993,True,True
2018-11-09 00:00:00+00:00,1.15,0.758968253968254,0.16678028758465618,2.3445921079447816,True,True
2018-11-13 00:00:00+00:00,1.12,0.7617460317460317,0.16744187010622294,2.139572187211578,True,True
2018-11-14 00:00:00+00:00,1.12,0.7643650793650794,0.16786446834237173,2.1185836654221406,True,True
2018-11-15 00:00:00+00:00,1.11,0.7667460317460317,0.1686379906680039,2.0354486370140012,True,True
2018-11-16 00:00:00+00:00,1.06,0.7690873015873015,0.16929299996783342,1.7183976801638194,True,True
2018-11-19 00:00:00+00:00,1.07,0.7712698412698412,0.16948473177826895,1.76257858507855,True,True
2018-11-20 00:00:00+00:00,1.09,0.773611111111111,0.169520226306622,1.866378400867731,True,True
2018-11-21 00:00:00+00:00,1.09,0.7758333333333333,0.1699838872139109,1.8482143914694316,True,True
2018-11-23 00:00:00+00:00,1.09,0.7782142857142856,0.1701662700901127,1.8322415724373944,True,True
2018-11-26 00:00:00+00:00,1.11,0.7804761904761905,0.1705082963146484,1.9325969272235355,True,True
2018-11-27 00:00:00+00:00,1.15,0.7828174603174604,0.1709674790628644,2.147674760692513,True,True
2018-11-28 00:00:00+00:00,1.12,0.7854761904761904,0.17144851430195324,1.9511619035359502,True,True
2018-11-29 00:00:00+00:00,1.05,0.7879365079365079,0.1717837863695846,1.525542646380346,True,True
2018-11-30 00:00:00+00:00,1.04,0.7901587301587302,0.1715362232870286,1.4564927748421672,True,True
2018-12-03 00:00:00+00:00,1.02,0.7923015873015873,0.17126974925369534,1.3294724473563149,True,True
2018-12-04 00:00:00+00:00,0.97,0.7942460317460318,0.17106133130505158,1.0274324823331829,True,True
2018-12-06 00:00:00+00:00,0.97,0.7958730158730158,0.1707740514231448,1.019633736366255,True,True
2018-12-07 00:00:00+00:00,0.96,0.7976984126984127,0.17016356180568096,0.9537975438415441,False,True
2018-12-10 00:00:00+00:00,0.99,0.7995238095238096,0.1694230055492322,1.124264026946685,False,False
2018-12-11 00:00:00+00:00,1.06,0.8014682539682539,0.16878233638572718,1.5317464585921472,False,False
2018-12-12 00:00:00+00:00,1.08,0.8038095238095239,0.16825733063176537,1.6414766307859998,False,False
2018-12-13 00:00:00+00:00,1.08,0.8061111111111112,0.16805174796941078,1.6297889917737889,False,False
2018-12-14 00:00:00+00:00,1.07,0.8084126984126984,0.16781422425412387,1.5587909949229077,False,False
2018-12-17 00:00:00+00:00,1.05,0.8106349206349206,0.16755445582891038,1.4285808048548396,False,False
2018-12-18 00:00:00+00:00,1.01,0.8127777777777777,0.16714685142847752,1.1799338159032813,False,False
2018-12-19 00:00:00+00:00,0.97,0.8148809523809524,0.166275061659191,0.9329062703160529,False,False
2018-12-20 00:00:00+00:00,1.03,0.8168253968253968,0.16520493511845352,1.2903646190820812,False,False
2018-12-21 00:00:00+00:00,1.02,0.8190476190476189,0.16428489767434915,1.22319448590287,False,False
2018-12-24 00:00:00+00:00,0.99,0.821111111111111,0.16352551233011137,1.0327984085318167,False,False
2018-12-26 00:00:00+00:00,1.04,0.822857142857143,0.16296729143072702,1.3324321416678795,False,False
2018-12-27 00:00:00+00:00,1.03,0.8247222222222222,0.16275125296248857,1.2612976799944566,False,False
2018-12-28 00:00:00+00:00,0.99,0.8266269841269841,0.1623315300348613,1.0064157951195982,False,False
2018-12-31 00:00:00+00:00,0.98,0.8284126984126985,0.16163957100229595,0.9378105908555543,False,False
2019-01-02 00:00:00+00:00,0.96,0.8301984126984128,0.16081329749388906,0.8071570530821288,False,False
2019-01-03 00:00:00+00:00,0.88,0.8321031746031746,0.15948604351958928,0.3003198545767569,False,False
2019-01-04 00:00:00+00:00,0.91,0.8337301587301587,0.15786036558643676,0.4831475018222967,False,False
2019-01-07 00:00:00+00:00,0.92,0.8355952380952381,0.15595497759608726,0.5412123627330738,False,False
2019-01-08 00:00:00+00:00,0.91,0.837420634920635,0.15422371359636317,0.47061092867547544,False,False
2019-01-09 00:00:00+00:00,0.91,0.8392063492063493,0.1524310473054481,0.46443065271205075,False,False
2019-01-10 00:00:00+00:00,0.93,0.841031746031746,0.15049363325247378,0.5911761982581518,False,False
2019-01-11 00:00:00+00:00,0.88,0.8428968253968255,0.14865379064105522,0.24959454073233242,False,False
2019-01-14 00:00:00+00:00,0.9,0.8445238095238096,0.1467882294034744,0.37793350803151904,False,False
2019-01-15 00:00:00+00:00,0.91,0.846031746031746,0.14538630702732647,0.4399881617202828,False,False
2019-01-16 00:00:00+00:00,0.91,0.847579365079365,0.14397077244192583,0.4335646316394801,False,False
2019-01-17 00:00:00+00:00,0.96,0.849047619047619,0.14270259141271172,0.7775078213646053,False,False
2019-01-18 00:00:00+00:00,0.96,0.8507142857142856,0.14152655810022435,0.7721922708550705,False,False
2019-01-22 00:00:00+00:00,0.95,0.8524999999999999,0.14004161305289023,0.6962216292322819,False,False
2019-01-23 00:00:00+00:00,0.96,0.8541666666666667,0.13868082245908966,0.763143248335967,False,False
2019-01-24 00:00:00+00:00,0.95,0.8557142857142856,0.13766943821130861,0.6848703351356407,False,False
2019-01-25 00:00:00+00:00,0.97,0.8571825396825398,0.13668674168072964,0.825372372844889,False,False
2019-01-28 00:00:00+00:00,0.97,0.8586507936507938,0.13589809384873464,0.819358117510807,False,False
2019-01-29 00:00:00+00:00,0.94,0.8602380952380952,0.13484513345714721,0.5915074776299023,False,False
2019-01-30 00:00:00+00:00,0.86,0.8616666666666667,0.13376705684887163,-0.012459470260676248,False,False
2019-01-31 00:00:00+00:00,0.78,0.8628571428571429,0.13239959523089,-0.6258111492912747,False,False
2019-02-01 00:00:00+00:00,0.82,0.8636904761904762,0.13120447010931474,-0.3329953328120222,False,False
2019-02-04 00:00:00+00:00,0.86,0.8645238095238096,0.13025018612130349,-0.03473169335509833,False,False
2019-02-05 00:00:00+00:00,0.84,0.865436507936508,0.1294033501436329,-0.19656761519909957,False,False
2019-02-06 00:00:00+00:00,0.84,0.8663492063492063,0.12840177962676805,-0.20520904325311468,False,False
2019-02-07 00:00:00+00:00,0.81,0.8670238095238095,0.12781130041789998,-0.44615624234602724,False,False
2019-02-08 00:00:00+00:00,0.81,0.8674603174603176,0.1274258569389792,-0.4509313795537882,False,False
2019-02-11 00:00:00+00:00,0.83,0.868015873015873,0.12686548914770446,-0.2996549595265635,False,False
2019-02-12 00:00:00+00:00,0.85,0.8685714285714285,0.12638847522801408,-0.14693925643081265,False,False
2019-02-13 00:00:00+00:00,0.85,0.8690079365079364,0.1261323529261644,-0.15069834239168853,False,False
2019-02-14 00:00:00+00:00,0.81,0.8693650793650795,0.12594975303523395,-0.47133938681461524,False,False
2019-02-15 00:00:00+00:00,0.8,0.869484126984127,0.1258791068757707,-0.5519909436019469,False,False
2019-02-19 00:00:00+00:00,0.78,0.8695238095238096,0.12585552421990098,-0.7113220502533456,False,False
2019-02-20 00:00:00+00:00,0.76,0.8695238095238096,0.12585552421990098,-0.8702344231822846,False,False
2019-02-21 00:00:00+00:00,0.78,0.8692857142857143,0.1260062514823629,-0.7085816238110346,False,False
2019-02-22 00:00:00+00:00,0.74,0.8692460317460317,0.12603289183712713,-1.0254944551542695,False,False
2019-02-25 00:00:00+00:00,0.75,0.8690873015873015,0.12617085234528416,-0.9438574708317138,False,False
2019-02-26 00:00:00+00:00,0.72,0.868968253968254,0.12626935962224034,-1.1797656566400736,False,False
2019-02-27 00:00:00+00:00,0.76,0.8685714285714285,0.12658061560978273,-0.857725553382738,False,False
2019-02-28 00:00:00+00:00,0.78,0.8683730158730159,0.12671190991212605,-0.6974325928344224,False,False
2019-03-01 00:00:00+00:00,0.8,0.868452380952381,0.12665000913946642,-0.5404846112328463,False,False
2019-03-04 00:00:00+00:00,0.78,0.8687301587301588,0.1264216944352527,-0.7018586416400409,False,False
2019-03-05 00:00:00+00:00,0.79,0.8687698412698412,0.12639214652959452,-0.6232178456704774,False,False
2019-03-06 00:00:00+00:00,0.78,0.8689285714285714,0.12626745020479072,-0.7042873779769833,False,False
2019-03-07 00:00:00+00:00,0.74,0.8692063492063492,0.12599312682577987,-1.02550315609686,False,False
2019-03-08 00:00:00+00:00,0.72,0.8692063492063492,0.12599312682577987,-1.184241973871067,False,False
2019-03-11 00:00:00+00:00,0.73,0.8690873015873015,0.12612031944754754,-1.1028143775448243,False,False
2019-03-12 00:00:00+00:00,0.71,0.868968253968254,0.12623780357690254,-1.2592761396661378,False,False
2019-03-13 00:00:00+00:00,0.69,0.8687698412698412,0.12644887241031674,-1.413771731310874,False,False
2019-03-14 00:00:00+00:00,0.69,0.8685317460317461,0.12672957603637308,-1.408761487377699,False,False
2019-03-15 00:00:00+00:00,0.65,0.8681746031746032,0.1271063224274797,-1.7164732564667053,False,False
2019-03-18 00:00:00+00:00,0.64,0.8676984126984126,0.1276989905547683,-1.7830870213555523,False,False
2019-03-19 00:00:00+00:00,0.66,0.8672619047619047,0.1282895553701698,-1.6155789468898392,False,False
2019-03-20 00:00:00+00:00,0.58,0.8669444444444445,0.12870404022024384,-2.229490573515897,False,False
2019-03-21 00:00:00+00:00,0.58,0.8663095238095239,0.12972339339301583,-2.207077045403119,False,False
2019-03-22 00:00:00+00:00,0.54,0.8655555555555555,0.1308327940879303,-2.4883329735873074,False,False
2019-03-25 00:00:00+00:00,0.55,0.8646428571428572,0.13229611626596036,-2.3783227053341274,False,False
2019-03-26 00:00:00+00:00,0.55,0.8636111111111112,0.13373002906178325,-2.345106131445039,False,False
2019-03-27 00:00:00+00:00,0.55,0.8626190476190476,0.1351238391500936,-2.313574344729762,False,False
2019-03-28 00:00:00+00:00,0.56,0.8618253968253968,0.13636955177471843,-2.213290231561443,False,False
2019-03-29 00:00:00+00:00,0.53,0.8610714285714286,0.13751074879082034,-2.407603998106725,False,False
2019-04-01 00:00:00+00:00,0.59,0.8601190476190477,0.1389673989194489,-1.9437583902366884,False,False
2019-04-02 00:00:00+00:00,0.58,0.8596428571428573,0.13968758335941509,-2.0019163508852347,False,False
2019-04-03 00:00:00+00:00,0.61,0.8590873015873016,0.14052108601559266,-1.772597327917478,False,False
2019-04-04 00:00:00+00:00,0.61,0.8587698412698413,0.1409941742572294,-1.7643980155945047,False,False
2019-04-05 00:00:00+00:00,0.6,0.8584920634920635,0.14141610191553605,-1.8278828223284909,False,False
2019-04-08 00:00:00+00:00,0.61,0.8580555555555555,0.14204464847451723,-1.7463210210278113,False,False
2019-04-09 00:00:00+00:00,0.6,0.8576587301587302,0.142598517713752,-1.8068822473733326,False,False
2019-04-10 00:00:00+00:00,0.54,0.857063492063492,0.14336072942595907,-2.211648150320304,False,False
2019-04-11 00:00:00+00:00,0.57,0.8564285714285714,0.14440957846257008,-1.9834457968645876,False,False
2019-04-12 00:00:00+00:00,0.61,0.8558730158730159,0.1452420419267809,-1.6928501734846504,False,False
2019-04-15 00:00:00+00:00,0.61,0.8554365079365079,0.1458161805236278,-1.683191172990146,False,False
2019-04-16 00:00:00+00:00,0.64,0.8551587301587301,0.14621783741821257,-1.4714944083281212,False,False
2019-04-17 00:00:00+00:00,0.65,0.8549206349206349,0.14652003673945213,-1.3985843812272107,False,False
2019-04-18 00:00:00+00:00,0.62,0.8547619047619048,0.1467209416486653,-1.6000572387550542,False,False
2019-04-22 00:00:00+00:00,0.64,0.8544047619047619,0.1471835279288068,-1.4567170995416705,False,False
2019-04-23 00:00:00+00:00,0.62,0.8542460317460318,0.14739378302706033,-1.5892531349373538,False,False
2019-04-24 00:00:00+00:00,0.57,0.8538888888888889,0.1478530131635829,-1.9200750990092945,False,False
2019-04-25 00:00:00+00:00,0.56,0.8531746031746031,0.14878873920490687,-1.9704085453056555,False,False
2019-04-26 00:00:00+00:00,0.54,0.8522619047619048,0.14987924374748773,-2.0834232743260612,False,False
2019-04-29 00:00:00+00:00,0.58,0.8512301587301587,0.151130120590757,-1.794679695020021,False,False
2019-04-30 00:00:00+00:00,0.56,0.8502380952380952,0.1520875418160263,-1.908362064193158,False,False
2019-05-01 00:00:00+00:00,0.59,0.849047619047619,0.15318103016456658,-1.6911207528067747,False,False
2019-05-02 00:00:00+00:00,0.66,0.8481349206349207,0.15403760358277716,-1.2213570989100735,False,False
2019-05-03 00:00:00+00:00,0.63,0.8476190476190476,0.15445020637503143,-1.4089916273121155,False,False
2019-05-06 00:00:00+00:00,0.6,0.8470238095238095,0.15499990820127302,-1.5937029407981336,False,False
2019-05-07 00:00:00+00:00,0.58,0.8461904761904762,0.15576239512038237,-1.7089521253493085,False,False
2019-05-08 00:00:00+00:00,0.62,0.8453174603174604,0.15663638970043361,-1.4384745508267842,False,False
2019-05-09 00:00:00+00:00,0.6,0.8446825396825397,0.1572253768834886,-1.556253478494512,False,False
2019-05-10 00:00:00+00:00,0.59,0.8439285714285715,0.15794258266682304,-1.6077271065285106,False,False
2019-05-13 00:00:00+00:00,0.55,0.8431746031746032,0.1587006543122176,-1.8473433801843695,False,False
2019-05-14 00:00:00+00:00,0.56,0.8421428571428572,0.15975881793796834,-1.7660549870393287,False,False
2019-05-15 00:00:00+00:00,0.54,0.841111111111111,0.1607389421560779,-1.8732928503332527,False,False
2019-05-16 00:00:00+00:00,0.56,0.8400793650793651,0.16183458197524553,-1.7306521366502892,False,False
2019-05-17 00:00:00+00:00,0.58,0.8390476190476192,0.1627890800268341,-1.5913083298026987,False,False
2019-05-20 00:00:00+00:00,0.6,0.8379761904761904,0.16360320106580045,-1.4545937299874563,False,False
2019-05-21 00:00:00+00:00,0.6,0.8367857142857144,0.16424033052088177,-1.441702616737057,False,False
2019-05-22 00:00:00+00:00,0.6,0.8355158730158729,0.16483038410419726,-1.428837737021786,False,False
2019-05-23 00:00:00+00:00,0.58,0.8341269841269842,0.16533568336345275,-1.5370365244648612,False,False
2019-05-24 00:00:00+00:00,0.56,0.8328174603174603,0.16603771955624377,-1.6431053199634302,False,False
2019-05-28 00:00:00+00:00,0.53,0.831468253968254,0.16686894857979917,-1.8066168483352516,False,False
2019-05-29 00:00:00+00:00,0.5,0.8299603174603175,0.1678704158172991,-1.9655656171092595,False,False
2019-05-30 00:00:00+00:00,0.48,0.8284920634920635,0.16913215305117538,-2.0604719871721735,False,False
2019-05-31 00:00:00+00:00,0.4,0.8269841269841269,0.17053826125484456,-2.503743874496653,False,False
2019-06-03 00:00:00+00:00,0.34,0.8252380952380952,0.17264390861082338,-2.810629689414218,False,False
2019-06-04 00:00:00+00:00,0.38,0.8236904761904762,0.17522970533003926,-2.532050575299434,False,False
2019-06-05 00:00:00+00:00,0.37,0.8221031746031745,0.17742497788847975,-2.548137133697959,False,False
2019-06-06 00:00:00+00:00,0.39,0.8205555555555556,0.1796557378774219,-2.396558888919658,False,False
2019-06-07 00:00:00+00:00,0.35,0.8189285714285715,0.18168764749463698,-2.5809601142114698,False,False
2019-06-10 00:00:00+00:00,0.42,0.817063492063492,0.1840732898396168,-2.1570945595064543,False,False
2019-06-11 00:00:00+00:00,0.43,0.8155952380952382,0.18575795752003718,-2.075793916142974,False,False
2019-06-12 00:00:00+00:00,0.42,0.8140079365079365,0.18733666972914897,-2.1032077546675323,False,False
2019-06-13 00:00:00+00:00,0.42,0.8125,0.18897210949590368,-2.0770260809757652,False,False
2019-06-14 00:00:00+00:00,0.46,0.8109126984126984,0.19058193623683836,-1.8412694578599262,False,False
2019-06-17 00:00:00+00:00,0.48,0.8094444444444445,0.19185529721280972,-1.7171506298260724,False,False
2019-06-18 00:00:00+00:00,0.42,0.8080555555555555,0.1929695310902043,-2.0109680184389194,False,False
2019-06-19 00:00:00+00:00,0.36,0.8063095238095238,0.19448233317426272,-2.2948589546671854,False,False
2019-06-20 00:00:00+00:00,0.27,0.804484126984127,0.19650160361974744,-2.7199988047853974,False,False
2019-06-21 00:00:00+00:00,0.34,0.80234126984127,0.19936471464477895,-2.3190727138704226,False,False
2019-06-24 00:00:00+00:00,0.31,0.800515873015873,0.20148090115915512,-2.434552705461653,False,False
2019-06-25 00:00:00+00:00,0.33,0.7986904761904762,0.20382857277685953,-2.299434617067025,False,False
2019-06-26 00:00:00+00:00,0.35,0.7967857142857142,0.20595416297153496,-2.1693453914183065,False,False
2019-06-27 00:00:00+00:00,0.33,0.7950396825396825,0.20786813552258787,-2.237185999530694,False,False
2019-06-28 00:00:00+00:00,0.31,0.7932539682539683,0.20992060485516195,-2.3020797247959393,False,False
2019-07-01 00:00:00+00:00,0.34,0.7914285714285715,0.21211217916692143,-2.128253894715401,False,False
2019-07-02 00:00:00+00:00,0.33,0.7897619047619048,0.21400176595955628,-2.148402386776538,False,False
2019-07-03 00:00:00+00:00,0.31,0.7882142857142856,0.21590997486291727,-2.2148781501081976,False,False
2019-07-05 00:00:00+00:00,0.35,0.7865079365079365,0.21798175098265257,-2.0024976152369502,False,False
2019-07-08 00:00:00+00:00,0.35,0.7849603174603175,0.2196910144847035,-1.9798730434220952,False,False
2019-07-09 00:00:00+00:00,0.36,0.7834523809523809,0.2213675030996476,-1.9128931528932036,False,False
2019-07-10 00:00:00+00:00,0.33,0.7820634920634921,0.22292269919691898,-2.0278934971272773,False,False
2019-07-11 00:00:00+00:00,0.36,0.7805555555555556,0.22469033335964603,-1.871711832312794,False,False
2019-07-12 00:00:00+00:00,0.35,0.7792063492063492,0.22619176426757057,-1.8975330538499415,False,False
2019-07-15 00:00:00+00:00,0.32,0.7776984126984127,0.22778217979406207,-2.0093688325935677,False,False
2019-07-16 00:00:00+00:00,0.33,0.7760317460317461,0.22958850896838612,-1.9427442080438082,False,False
2019-07-17 00:00:00+00:00,0.31,0.7744047619047619,0.23129128867356585,-2.0078783103681954,False,False
2019-07-18 00:00:00+00:00,0.25,0.7726587301587302,0.2331297421960357,-2.2419221384426935,False,False
2019-07-19 00:00:00+00:00,0.25,0.7707936507936508,0.23542147733671304,-2.2121756123753418,False,False
2019-07-22 00:00:00+00:00,0.26,0.7688095238095238,0.23769345534473085,-2.1406122565368437,False,False
2019-07-23 00:00:00+00:00,0.27,0.7667857142857143,0.23984470763218863,-2.071280701542745,False,False
2019-07-24 00:00:00+00:00,0.26,0.7647222222222223,0.2418725138794027,-2.086728310410153,False,False
2019-07-25 00:00:00+00:00,0.28,0.7627777777777778,0.24395198694514722,-1.9789868646830522,False,False
2019-07-26 00:00:00+00:00,0.3,0.7607936507936508,0.24583738730181895,-1.8743839407466782,False,False
2019-07-29 00:00:00+00:00,0.29,0.7586111111111111,0.24747822866044783,-1.8935447923949238,False,False
2019-07-30 00:00:00+00:00,0.28,0.7564285714285715,0.24917701762540836,-1.912008482840074,False,False
2019-07-31 00:00:00+00:00,0.26,0.7543253968253968,0.2509534433851323,-1.969789257152241,False,False
2019-08-01 00:00:00+00:00,0.2,0.7519047619047619,0.2527686194077789,-2.183438605622171,False,False
2019-08-02 00:00:00+00:00,0.2,0.7493650793650793,0.2550845372932865,-2.1536588818531177,False,False
2019-08-05 00:00:00+00:00,0.15,0.7467857142857143,0.25733925419045084,-2.3190621118535106,False,False
2019-08-06 00:00:00+00:00,0.11,0.7440476190476191,0.26000054726092925,-2.4386395556748837,False,False
2019-08-07 00:00:00+00:00,0.09,0.7410317460317459,0.2629251006464164,-2.4761110461920417,False,False
2019-08-08 00:00:00+00:00,0.07,0.7379761904761905,0.26599334875564723,-2.5112514790353715,False,False
2019-08-09 00:00:00+00:00,0.08,0.7349603174603175,0.2692345620737411,-2.4326754797585366,False,False
2019-08-12 00:00:00+00:00,0.04,0.7319841269841271,0.2723075945357844,-2.5411855595279484,False,False
2019-08-13 00:00:00+00:00,0.05,0.7287698412698412,0.2756688255816844,-2.46226550948436,False,False
2019-08-14 00:00:00+00:00,0.02,0.7255952380952381,0.27885516321012943,-2.530328755517937,False,False
2019-08-15 00:00:00+00:00,-0.02,0.722420634920635,0.2823085213836296,-2.629820138910218,False,False
2019-08-16 00:00:00+00:00,0.01,0.7192460317460317,0.28613064150505696,-2.478748965910723,False,False
2019-08-19 00:00:00+00:00,0.04,0.7161904761904762,0.28956997143203855,-2.335153996964691,False,False
2019-08-20 00:00:00+00:00,0.02,0.7131746031746032,0.29263509712535135,-2.3687336549302533,False,False
2019-08-21 00:00:00+00:00,0.05,0.7101587301587302,0.29584232940487837,-2.2314546112678233,False,False
2019-08-22 00:00:00+00:00,0.07,0.7072222222222222,0.298705410952153,-2.1332798096660297,False,False
2019-08-23 00:00:00+00:00,-0.02,0.7043650793650794,0.3013422721604639,-2.40379510704478,False,False
2019-08-26 00:00:00+00:00,0.0,0.7013095238095237,0.30476212301085553,-2.301170227064415,False,False
2019-08-27 00:00:00+00:00,-0.06,0.6982539682539681,0.307914406705339,-2.4625478761037156,False,False
2019-08-28 00:00:00+00:00,-0.08,0.6950793650793652,0.3115844255316028,-2.4875420642639012,False,False
2019-08-29 00:00:00+00:00,-0.09,0.6918650793650793,0.31537761728577846,-2.479139407843882,False,False
2019-08-30 00:00:00+00:00,-0.05,0.6886111111111111,0.31918979784348805,-2.31401854351649,False,False
2019-09-03 00:00:00+00:00,-0.03,0.6854761904761904,0.3225449278884198,-2.21822179985946,False,False
2019-09-04 00:00:00+00:00,-0.04,0.6823015873015874,0.3256318716803452,-2.2181538421725224,False,False
2019-09-05 00:00:00+00:00,0.01,0.6790873015873016,0.3287455941223268,-2.0352738213073454,False,False
2019-09-06 00:00:00+00:00,0.01,0.6761111111111112,0.3313944273665413,-2.010025082209225,False,False
2019-09-09 00:00:00+00:00,0.06,0.6730555555555556,0.3339725113471876,-1.8356467515323198,False,False
2019-09-10 00:00:00+00:00,0.12,0.6701190476190476,0.33609840399148555,-1.6367797082219524,False,False
2019-09-11 00:00:00+00:00,0.15,0.6673809523809524,0.33776079744270177,-1.5317969293601092,False,False
2019-09-12 00:00:00+00:00,0.16,0.6648015873015873,0.33922274692205345,-1.4881124331487727,False,False
2019-09-13 00:00:00+00:00,0.23,0.6621031746031747,0.34052563842995626,-1.2689299301968868,False,False
2019-09-16 00:00:00+00:00,0.17,0.6596825396825398,0.34142293410514635,-1.4342403241480393,False,False
2019-09-17 00:00:00+00:00,0.15,0.6569444444444443,0.3425748949562305,-1.4798061735061312,False,False
2019-09-18 00:00:00+00:00,0.21,0.6541666666666667,0.34383891461436966,-1.2917870775761928,False,False
2019-09-19 00:00:00+00:00,0.18,0.651547619047619,0.34470090059470837,-1.3679906789743326,False,False
2019-09-20 00:00:00+00:00,0.13,0.6487301587301588,0.3456444621663568,-1.5007622441828588,False,False
2019-09-23 00:00:00+00:00,0.11,0.6457142857142857,0.34684446281976494,-1.5445375179383085,False,False
2019-09-24 00:00:00+00:00,0.06,0.6425,0.3480436216191891,-1.6736407847098564,False,False
2019-09-25 00:00:00+00:00,0.13,0.639047619047619,0.3494923548375937,-1.456534347608746,False,False
2019-09-26 00:00:00+00:00,0.13,0.6359126984126984,0.35050384951290814,-1.4433869959367363,False,False
2019-09-27 00:00:00+00:00,0.16,0.6327777777777778,0.3514843626584957,-1.3450890793600723,False,False
2019-09-30 00:00:00+00:00,0.15,0.6297619047619049,0.3522697361244457,-1.3619163259384288,False,False
2019-10-01 00:00:00+00:00,0.13,0.6266269841269841,0.3530122676361626,-1.4068264183918961,False,False
2019-10-02 00:00:00+00:00,0.1,0.6234920634920635,0.35390326060245364,-1.4791953671207123,False,False
2019-10-03 00:00:00+00:00,0.06,0.6202777777777778,0.3549674838122033,-1.5783918339804743,False,False
2019-10-04 00:00:00+00:00,0.02,0.616904761904762,0.35623968896400443,-1.6755706351547905,False,False
2019-10-07 00:00:00+00:00,0.05,0.6132142857142857,0.35758985402201804,-1.575028707832428,False,False
2019-10-08 00:00:00+00:00,0.06,0.6097222222222223,0.3587788083054326,-1.5322037129747008,False,False
2019-10-09 00:00:00+00:00,0.1,0.606031746031746,0.35963367675774494,-1.4070755291713608,False,False
2019-10-10 00:00:00+00:00,0.15,0.6023412698412698,0.3600371752097869,-1.2563737885614146,False,False
2019-10-11 00:00:00+00:00,0.2,0.5986904761904762,0.3599406096271117,-1.1076562786386017,False,False
2019-10-15 00:00:00+00:00,0.21,0.5953571428571428,0.3597269208693993,-1.0712491073111783,False,False
2019-10-16 00:00:00+00:00,0.18,0.5919841269841271,0.3593376373212935,-1.1465098119286652,False,False
2019-10-17 00:00:00+00:00,0.17,0.5886507936507936,0.3592474497595362,-1.1653549494395,False,False
2019-10-18 00:00:00+00:00,0.16,0.5852380952380952,0.35912291181984934,-1.1841018248688402,False,False
2019-10-21 00:00:00+00:00,0.19,0.5817857142857142,0.35901201540542366,-1.0912885849886669,False,False
2019-10-22 00:00:00+00:00,0.17,0.5784523809523808,0.3587333650574813,-1.1385960179280585,False,False
2019-10-23 00:00:00+00:00,0.16,0.5749206349206349,0.35835446413145483,-1.1578497729232415,False,False
2019-10-24 00:00:00+00:00,0.15,0.5713095238095238,0.35793046052311683,-1.177070884645521,False,False
2019-10-25 00:00:00+00:00,0.15,0.5675793650793651,0.3574011072241017,-1.16837736828143,False,False
2019-10-28 00:00:00+00:00,0.21,0.5638492063492063,0.3568318221266657,-0.9916413963315173,False,False
2019-10-29 00:00:00+00:00,0.23,0.5603968253968253,0.3560258748680204,-0.9280135201389624,False,False
2019-10-30 00:00:00+00:00,0.21,0.5572222222222223,0.3553879848042832,-0.9770229638276661,False,False
2019-10-31 00:00:00+00:00,0.15,0.5537301587301587,0.3544542612382238,-1.1390190579732296,False,False
2019-11-01 00:00:00+00:00,0.14,0.5502777777777778,0.35413145282325253,-1.158546563731937,False,False
2019-11-04 00:00:00+00:00,0.15,0.5467857142857143,0.3538197733116968,-1.1214345387536235,False,False
2019-11-05 00:00:00+00:00,0.18,0.5431349206349205,0.3531453625103176,-1.0282873830016983,False,False
2019-11-06 00:00:00+00:00,0.15,0.539484126984127,0.35211955218350516,-1.1061133202315032,False,False
2019-11-07 00:00:00+00:00,0.23,0.5356349206349206,0.3510485058179932,-0.8706344438719303,False,False
2019-11-08 00:00:00+00:00,0.23,0.5319444444444443,0.349342850478106,-0.8643212363762625,False,False
2019-11-12 00:00:00+00:00,0.22,0.5283333333333334,0.3477319799507635,-0.8866982363169226,False,False
2019-11-13 00:00:00+00:00,0.22,0.5246428571428572,0.3460388704022346,-0.8803717824784865,False,False
2019-11-14 00:00:00+00:00,0.2,0.520952380952381,0.34429772294655253,-0.9321943177713213,False,False
2019-11-15 00:00:00+00:00,0.21,0.5171031746031746,0.3424297137143669,-0.8968356491964378,False,False
2019-11-18 00:00:00+00:00,0.18,0.5133730158730159,0.34062301097197956,-0.9787154864309503,False,False
2019-11-19 00:00:00+00:00,0.16,0.5096428571428572,0.3390969249793481,-1.031100052482491,False,False
2019-11-20 00:00:00+00:00,0.13,0.5058333333333334,0.33760183648789593,-1.1132443390805078,False,False
2019-11-21 00:00:00+00:00,0.14,0.5019444444444444,0.3362563242920248,-1.076394459513899,False,False
2019-11-22 00:00:00+00:00,0.15,0.49829365079365084,0.33516581060271816,-1.039168196085768,False,False
2019-11-25 00:00:00+00:00,0.14,0.49464285714285716,0.3339219310026719,-1.062053205304504,False,False
2019-11-26 00:00:00+00:00,0.12,0.4908730158730159,0.3325334835401247,-1.1152952536530507,False,False
2019-11-27 00:00:00+00:00,0.14,0.4870238095238095,0.33118204245940186,-1.0478340158384332,False,False
2019-11-29 00:00:00+00:00,0.17,0.48325396825396827,0.3296946054346599,-0.9501337391947411,False,False
2019-12-02 00:00:00+00:00,0.18,0.4795238095238095,0.3278879828711721,-0.9134943187030221,False,False
2019-12-03 00:00:00+00:00,0.09,0.4756746031746032,0.3256717563717311,-1.1842433236193288,False,False
2019-12-04 00:00:00+00:00,0.11,0.47158730158730156,0.32401222911949523,-1.115968068766777,False,False
2019-12-05 00:00:00+00:00,0.13,0.4678571428571428,0.32273509209550133,-1.0468559234245487,False,False
2019-12-06 00:00:00+00:00,0.15,0.4642460317460318,0.3213960877224762,-0.977753133128931,False,False
2019-12-09 00:00:00+00:00,0.14,0.46079365079365076,0.3200724598604517,-1.0022532114556606,False,False
2019-12-10 00:00:00+00:00,0.14,0.45749999999999996,0.3190806327547992,-0.9950462905217632,False,False
2019-12-11 00:00:00+00:00,0.1,0.45420634920634917,0.3180514708767395,-1.113676186530266,False,False
2019-12-12 00:00:00+00:00,0.18,0.4507936507936508,0.31721548264491495,-0.8536583666591461,False,False
2019-12-13 00:00:00+00:00,0.12,0.447579365079365,0.31583080480179015,-1.0371989055499131,False,False
2019-12-16 00:00:00+00:00,0.16,0.4438492063492064,0.3141152519590726,-0.9036466856636122,False,False
2019-12-17 00:00:00+00:00,0.14,0.4401984126984127,0.3120315777216758,-0.9620770272365896,False,False
2019-12-18 00:00:00+00:00,0.16,0.43646825396825395,0.30996437750624733,-0.8919355707662946,False,False
2019-12-19 00:00:00+00:00,0.15,0.43285714285714283,0.30784783622351675,-0.9188212797824276,False,False
2019-12-20 00:00:00+00:00,0.15,0.4292857142857143,0.30587391244274714,-0.9130746458738631,False,False
2019-12-23 00:00:00+00:00,0.18,0.42587301587301585,0.3041617567167762,-0.8083626900602215,False,False
2019-12-24 00:00:00+00:00,0.15,0.42273809523809525,0.30259838026365876,-0.9013204069382467,False,False
2019-12-26 00:00:00+00:00,0.16,0.41924603174603176,0.30063383736275745,-0.8623315127139684,False,False
2019-12-27 00:00:00+00:00,0.15,0.41583333333333333,0.2986618562563185,-0.890081300188495,False,False
2019-12-30 00:00:00+00:00,0.15,0.4125,0.2969105530189583,-0.8841046481201995,False,False
2019-12-31 00:00:00+00:00,0.15,0.408968253968254,0.2947017652853094,-0.8787468704761209,False,False
2020-01-02 00:00:00+00:00,0.08,0.4054761904761905,0.29251923256921003,-1.1126659523119828,False,False
2020-01-03 00:00:00+00:00,0.03,0.4018650793650794,0.2908869758512981,-1.2783833936765099,False,False
2020-01-06 00:00:00+00:00,0.06,0.3980952380952381,0.28951729103786344,-1.167789450098929,False,False
2020-01-07 00:00:00+00:00,0.09,0.3945238095238095,0.2881057993551722,-1.0569860454228395,False,False
2020-01-08 00:00:00+00:00,0.12,0.3913888888888889,0.2870985080807395,-0.9452814321576598,False,False
2020-01-09 00:00:00+00:00,0.11,0.38825396825396824,0.2857229019127045,-0.9738595205048765,False,False
2020-01-10 00:00:00+00:00,0.07,0.38503968253968257,0.2842695231037536,-1.1082429065907933,False,False
2020-01-13 00:00:00+00:00,0.08,0.3817063492063492,0.2830114540911332,-1.0660570264735505,False,False
2020-01-14 00:00:00+00:00,0.05,0.3784126984126984,0.28166526062206315,-1.1659680632513667,False,False
2020-01-15 00:00:00+00:00,0.04,0.37492063492063493,0.2802510144964476,-1.1950737645764358,False,False
2020-01-16 00:00:00+00:00,0.07,0.3715873015873016,0.27921321644312225,-1.080132614885503,False,False
2020-01-17 00:00:00+00:00,0.09,0.3682936507936508,0.27784720406033975,-1.0016068066433164,False,False
2020-01-21 00:00:00+00:00,0.04,0.36503968253968255,0.2762750203424787,-1.1765076775191392,False,False
2020-01-22 00:00:00+00:00,0.05,0.3615873015873016,0.2748702343552713,-1.133579641019163,False,False
2020-01-23 00:00:00+00:00,0.04,0.35797619047619045,0.2729481063381036,-1.1649693956195106,False,False
2020-01-24 00:00:00+00:00,0.02,0.3543253968253969,0.2710095139349682,-1.2336297422592406,False,False
2020-01-27 00:00:00+00:00,-0.02,0.35063492063492063,0.26919163639010707,-1.3768441159806466,False,False
2020-01-28 00:00:00+00:00,0.0,0.34674603174603175,0.2674263628476869,-1.296603775535479,False,False
2020-01-29 00:00:00+00:00,-0.04,0.3429761904761905,0.26557813247850026,-1.4420471553967047,False,False
2020-01-30 00:00:00+00:00,-0.07,0.338968253968254,0.2636922308557303,-1.5509302365150313,False,False
2020-01-31 00:00:00+00:00,-0.14,0.33484126984126983,0.2619091236421254,-1.8130001094963633,False,False
2020-02-03 00:00:00+00:00,-0.09,0.33055555555555555,0.2608011119777922,-1.612552770063982,False,False
2020-02-04 00:00:00+00:00,-0.03,0.3267857142857143,0.2599823502174461,-1.3723459072791018,False,False
2020-02-05 00:00:00+00:00,0.0,0.32357142857142857,0.2593631928280619,-1.2475610939364548,False,False
2020-02-06 00:00:00+00:00,-0.02,0.32031746031746033,0.2582516654773219,-1.3177745037518256,False,False
2020-02-07 00:00:00+00:00,-0.07,0.31682539682539684,0.2568709995856445,-1.5059130748483875,False,False
2020-02-10 00:00:00+00:00,-0.1,0.31321428571428567,0.2558813877091908,-1.6148665184820075,False,False
2020-02-11 00:00:00+00:00,-0.06,0.309484126984127,0.2550215437857197,-1.4488349552717938,False,False
2020-02-12 00:00:00+00:00,-0.04,0.30603174603174604,0.2541059770917468,-1.361761537418731,False,False
2020-02-13 00:00:00+00:00,-0.06,0.3026587301587302,0.25302881314594544,-1.4332704866680575,False,False
2020-02-14 00:00:00+00:00,-0.07,0.2991269841269842,0.251847420580436,-1.4656770487315394,False,False
2020-02-18 00:00:00+00:00,-0.1,0.29547619047619045,0.25049467280593846,-1.5787808421082514,False,False
2020-02-19 00:00:00+00:00,-0.09,0.29170634920634925,0.24926158893917547,-1.5313484553750993,False,False
2020-02-20 00:00:00+00:00,-0.11,0.28813492063492063,0.24825144216428308,-1.603756728113791,False,False
2020-02-21 00:00:00+00:00,-0.15,0.2845238095238095,0.24739312439230077,-1.756410209827693,False,False
2020-02-24 00:00:00+00:00,-0.21,0.2808333333333334,0.24690857543129854,-1.9879152940554956,False,False
2020-02-25 00:00:00+00:00,-0.2,0.276984126984127,0.24696974617133835,-1.9313463870720964,False,False
2020-02-26 00:00:00+00:00,-0.21,0.27309523809523806,0.24673312287055485,-1.9579666988963105,False,False
2020-02-27 00:00:00+00:00,-0.23,0.26932539682539686,0.24682837011306027,-2.022965984812361,False,False
2020-02-28 00:00:00+00:00,-0.28,0.2654365079365079,0.24694509595221323,-2.2087359371657915,False,False
2020-03-02 00:00:00+00:00,-0.31,0.26146825396825396,0.24764513830483761,-2.307609419995186,False,False
2020-03-03 00:00:00+00:00,-0.43,0.2572222222222222,0.2482356510824907,-2.768426772002434,False,False
2020-03-04 00:00:00+00:00,-0.44,0.25242063492063493,0.24978096709856437,-2.772111273984313,False,False
2020-03-05 00:00:00+00:00,-0.48,0.2475,0.25116085066818383,-2.896550151285808,False,False
2020-03-06 00:00:00+00:00,-0.57,0.2425,0.2530524802662948,-3.2107964290450015,False,False
2020-03-09 00:00:00+00:00,-0.45,0.2371031746031746,0.25581667768056554,-2.6859201707761606,False,False
2020-03-10 00:00:00+00:00,-0.24,0.23222222222222222,0.257147666783296,-1.83638540504501,False,False
2020-03-11 00:00:00+00:00,-0.14,0.22833333333333336,0.25684804132922745,-1.4340515560373859,False,False
2020-03-12 00:00:00+00:00,-0.04,0.2249206349206349,0.2560012637909091,-1.034841121475911,False,False
2020-03-13 00:00:00+00:00,0.04,0.22186507936507938,0.2545398427058012,-0.7144857065668898,False,False
2020-03-16 00:00:00+00:00,0.0,0.2192063492063492,0.25291481070405963,-0.8667200967635172,False,False
2020-03-17 00:00:00+00:00,0.39,0.21646825396825398,0.2515288451536895,0.6899079345182634,False,False
2020-03-18 00:00:00+00:00,0.55,0.2152777777777778,0.2499839082913197,1.3389750744762037,False,False
2020-03-19 00:00:00+00:00,0.62,0.21488095238095237,0.2493696949016529,1.6245720947720594,False,False
2020-03-20 00:00:00+00:00,0.17,0.21480158730158727,0.24923700363616413,-0.17975495872590636,False,False
2020-03-23 00:00:00+00:00,-0.04,0.21285714285714286,0.24765628778822948,-1.0210002948657642,False,False
2020-03-24 00:00:00+00:00,-0.13,0.21039682539682542,0.24707339036999648,-1.377715442715525,False,False
2020-03-25 00:00:00+00:00,-0.19,0.20757936507936506,0.24689000577380363,-1.610350179357282,False,False
2020-03-26 00:00:00+00:00,-0.24,0.2046825396825397,0.2472564567228386,-1.79846684521976,False,False
2020-03-27 00:00:00+00:00,-0.22,0.20154761904761903,0.24786817300639202,-1.7006928075301875,False,False
2020-03-30 00:00:00+00:00,-0.25,0.19849206349206347,0.24830121618845194,-1.8062419120479607,False,False
2020-03-31 00:00:00+00:00,-0.17,0.1953174603174603,0.24890256820463308,-1.467712699601869,False,False
2020-04-01 00:00:00+00:00,-0.29,0.1924206349206349,0.24888935294775005,-1.9382935798861218,False,False
2020-04-02 00:00:00+00:00,-0.4,0.18916666666666665,0.24981686519420024,-2.3583942829827196,False,False
2020-04-03 00:00:00+00:00,-0.46,0.18523809523809523,0.25126838173257665,-2.567923949638909,False,False
2020-04-06 00:00:00+00:00,-0.47,0.1811111111111111,0.2532913923484242,-2.5706010183537997,False,False
2020-04-07 00:00:00+00:00,-0.42,0.17682539682539683,0.25513577603501303,-2.3392462088244836,False,False
2020-04-08 00:00:00+00:00,-0.42,0.17273809523809525,0.2564157691532641,-2.311628872106557,False,False
2020-04-09 00:00:00+00:00,-0.5,0.16869047619047622,0.25769177562288575,-2.5949236236745827,False,False
2020-04-13 00:00:00+00:00,-0.5,0.1642857142857143,0.25959799927843674,-2.558901517469794,False,False
2020-04-14 00:00:00+00:00,-0.53,0.15992063492063494,0.26148364930788914,-2.6384848029571213,False,False
2020-04-15 00:00:00+00:00,-0.56,0.1556746031746032,0.2639629434745137,-2.7112692173918855,False,False
2020-04-16 00:00:00+00:00,-0.42,0.1511904761904762,0.26648249426476794,-2.143444648273822,False,False
2020-04-17 00:00:00+00:00,-0.36,0.1471031746031746,0.26731500523119384,-1.8970247261824833,False,False
2020-04-20 00:00:00+00:00,-0.31,0.14325396825396827,0.26760656548106515,-1.693732616160491,False,False
2020-04-21 00:00:00+00:00,-0.38,0.13948412698412702,0.2672721350409602,-1.9436524009677052,False,False
2020-04-22 00:00:00+00:00,-0.43,0.1353968253968254,0.26730960247536567,-2.1151384767366537,False,False
2020-04-23 00:00:00+00:00,-0.44,0.13123015873015872,0.26790851928290016,-2.132183628423416,False,False
2020-04-24 00:00:00+00:00,-0.51,0.12694444444444444,0.26837527408078415,-2.3733350496838863,False,False
2020-04-27 00:00:00+00:00,-0.5,0.12246031746031748,0.26954199462279776,-2.3093259302002287,False,False
2020-04-28 00:00:00+00:00,-0.52,0.11821428571428573,0.2708882866770898,-2.3560054720087025,False,False
2020-04-29 00:00:00+00:00,-0.51,0.11392857142857142,0.2724100108313517,-2.2904025058566733,False,False
2020-04-30 00:00:00+00:00,-0.43,0.10976190476190477,0.2738931780188776,-1.9707022594213817,False,False
2020-05-01 00:00:00+00:00,-0.42,0.10575396825396827,0.27437401949497786,-1.9161944313156503,False,False
2020-05-04 00:00:00+00:00,-0.43,0.10186507936507935,0.274854712890284,-1.9350771677594927,False,False
2020-05-05 00:00:00+00:00,-0.44,0.09781746031746032,0.2751479109879142,-1.9546485320802014,False,False
2020-05-06 00:00:00+00:00,-0.38,0.09345238095238095,0.27491901327272567,-1.7221521906260657,False,False
2020-05-07 00:00:00+00:00,-0.45,0.08944444444444444,0.27442748969533964,-1.965708482934118,False,False
2020-05-08 00:00:00+00:00,-0.43,0.08527777777777777,0.2746158530660606,-1.8763584550008638,False,False
2020-05-11 00:00:00+00:00,-0.4,0.08126984126984127,0.27473706119125124,-1.7517470674799767,False,False
2020-05-12 00:00:00+00:00,-0.4,0.07722222222222222,0.2742817898099245,-1.7398975796130471,False,False
2020-05-13 00:00:00+00:00,-0.43,0.07325396825396825,0.2739218761021042,-1.8372171489741866,False,False
2020-05-14 00:00:00+00:00,-0.43,0.06920634920634922,0.2737917409450565,-1.8233068224893172,False,False
2020-05-15 00:00:00+00:00,-0.45,0.06531746031746032,0.2738952791068678,-1.881439731264572,False,False
2020-05-18 00:00:00+00:00,-0.44,0.061309523809523814,0.2740173887024779,-1.8294806989560606,False,False
2020-05-19 00:00:00+00:00,-0.45,0.057420634920634914,0.2741507961227423,-1.8508814933130944,False,False
2020-05-20 00:00:00+00:00,-0.48,0.05341269841269842,0.274156911764751,-1.9456474577974896,False,False
2020-05-21 00:00:00+00:00,-0.46,0.049206349206349205,0.27417708290119897,-1.8572170358594273,False,False
2020-05-22 00:00:00+00:00,-0.46,0.045000000000000005,0.27382417949278887,-1.8442491124612286,False,False
2020-05-26 00:00:00+00:00,-0.44,0.04079365079365079,0.27340585588322497,-1.7585345757883244,False,False
2020-05-27 00:00:00+00:00,-0.46,0.03666666666666667,0.27277970038153077,-1.8207610975889714,False,False
2020-05-28 00:00:00+00:00,-0.48,0.032539682539682535,0.272393658501679,-1.8816138575286372,False,False
2020-05-29 00:00:00+00:00,-0.5,0.028412698412698414,0.27224875167080875,-1.9409187192587458,False,False
2020-06-01 00:00:00+00:00,-0.52,0.024325396825396826,0.27242006260150636,-1.998110534251037,False,False
2020-06-02 00:00:00+00:00,-0.5,0.020277777777777777,0.2729014865054299,-1.9064673646159338,False,False
2020-06-03 00:00:00+00:00,-0.44,0.01638888888888889,0.2733065489095473,-1.669879081602007,False,False
2020-06-04 00:00:00+00:00,-0.4,0.013055555555555556,0.2737313891304873,-1.5089813297175527,False,False
2020-06-05 00:00:00+00:00,-0.36,0.01011904761904762,0.27417893674908156,-1.3499178748284626,False,False
2020-06-08 00:00:00+00:00,-0.4,0.0071825396825396836,0.2741644285409547,-1.4851764025314276,False,False
2020-06-09 00:00:00+00:00,-0.42,0.004126984126984127,0.27439544512402364,-1.545677931844982,False,False
2020-06-10 00:00:00+00:00,-0.52,0.0009126984126984135,0.2746014140006824,-1.8969774802813066,False,False
2020-06-11 00:00:00+00:00,-0.55,-0.0025396825396825392,0.2756620036415795,-1.9859839594438082,False,False
2020-06-12 00:00:00+00:00,-0.5,-0.006388888888888888,0.27650935942955984,-1.7851515483216671,False,False
2020-06-15 00:00:00+00:00,-0.52,-0.01007936507936508,0.2768677853570511,-1.8417478012584123,False,False
2020-06-16 00:00:00+00:00,-0.52,-0.01380952380952381,0.27738206177722957,-1.8248854051600738,False,False
2020-06-17 00:00:00+00:00,-0.52,-0.01753968253968254,0.2778451129416436,-1.8084187702299097,False,False
2020-06-18 00:00:00+00:00,-0.57,-0.02142857142857143,0.27799284660954326,-1.9733292970014016,False,False
2020-06-19 00:00:00+00:00,-0.6,-0.025595238095238095,0.278316013988723,-2.0638581074534788,False,False
2020-06-22 00:00:00+00:00,-0.63,-0.029642857142857144,0.27922536455652275,-2.1500809706548503,False,False
2020-06-23 00:00:00+00:00,-0.66,-0.033571428571428565,0.280682050021593,-2.231808451521499,False,False
2020-06-24 00:00:00+00:00,-0.64,-0.03726190476190476,0.2827808036721014,-2.13146750914889,False,False
2020-06-25 00:00:00+00:00,-0.65,-0.041150793650793646,0.2843064271193286,-2.1415245955507762,False,False
2020-06-26 00:00:00+00:00,-0.68,-0.04496031746031746,0.2860090796428398,-2.2203479810245974,False,False
2020-06-29 00:00:00+00:00,-0.7,-0.048968253968253966,0.28780479596733305,-2.262060101686563,False,False
2020-06-30 00:00:00+00:00,-0.68,-0.05313492063492063,0.2896007927718701,-2.164583436962086,False,False
2020-07-01 00:00:00+00:00,-0.68,-0.057142857142857134,0.29126146067523445,-2.1384811482204573,False,False
2020-07-02 00:00:00+00:00,-0.73,-0.061071428571428575,0.2929613242513639,-2.2833340651294423,False,False
2020-07-06 00:00:00+00:00,-0.76,-0.06531746031746032,0.29487302016395855,-2.3558701277460874,False,False
2020-07-07 00:00:00+00:00,-0.78,-0.06964285714285715,0.2970376172211059,-2.3914719943648564,False,False
2020-07-08 00:00:00+00:00,-0.75,-0.07396825396825397,0.29941398106284506,-2.2578496289051087,False,False
2020-07-09 00:00:00+00:00,-0.77,-0.07833333333333334,0.3012212856824788,-2.2962078031755078,False,False
2020-07-10 00:00:00+00:00,-0.76,-0.08277777777777777,0.30313275039949333,-2.2340780444532076,False,False
2020-07-13 00:00:00+00:00,-0.78,-0.08722222222222223,0.3048208640914835,-2.2727373988739163,False,False
2020-07-14 00:00:00+00:00,-0.78,-0.09162698412698413,0.3067814731319381,-2.243854587584453,False,False
2020-07-15 00:00:00+00:00,-0.77,-0.09615079365079365,0.308495683490764,-2.1843067582803974,False,False
2020-07-16 00:00:00+00:00,-0.79,-0.10059523809523808,0.310106078202586,-2.223125602376577,False,False
2020-07-17 00:00:00+00:00,-0.82,-0.105,0.31198567236486113,-2.2917719092042836,False,False
2020-07-20 00:00:00+00:00,-0.84,-0.10956349206349206,0.3140016239720392,-2.3262188860575796,False,False
2020-07-21 00:00:00+00:00,-0.87,-0.11412698412698412,0.316228445946797,-2.3902752126233,False,False
2020-07-22 00:00:00+00:00,-0.88,-0.11857142857142856,0.31894925669103863,-2.3873031695639155,False,False
2020-07-23 00:00:00+00:00,-0.9,-0.12305555555555554,0.321678536067641,-2.415282206709223,False,False
2020-07-24 00:00:00+00:00,-0.92,-0.12765873015873017,0.3244628945249039,-2.4420088805576943,False,False
2020-07-27 00:00:00+00:00,-0.9,-0.13238095238095238,0.3272995352443983,-2.3453105335021562,False,False
2020-07-28 00:00:00+00:00,-0.92,-0.13698412698412699,0.32990586570282354,-2.3734524130019783,False,False
2020-07-29 00:00:00+00:00,-0.95,-0.14174603174603176,0.3325132579571169,-2.430742079938978,False,False
2020-07-30 00:00:00+00:00,-0.97,-0.1467063492063492,0.33520978904066706,-2.456054917578109,False,False
2020-07-31 00:00:00+00:00,-1.0,-0.1517063492063492,0.3380549371290028,-2.5093366717195416,False,False
2020-08-03 00:00:00+00:00,-1.02,-0.15678571428571428,0.3411446424115429,-2.530346892192841,False,False
2020-08-04 00:00:00+00:00,-1.05,-0.16186507936507935,0.34442760075543194,-2.5785823165361235,False,False
2020-08-05 00:00:00+00:00,-1.06,-0.16682539682539682,0.34817601170862145,-2.565296209786203,False,False
2020-08-06 00:00:00+00:00,-1.08,-0.17182539682539683,0.35191428871733194,-2.580669874146759,False,False
2020-08-07 00:00:00+00:00,-1.04,-0.1767063492063492,0.3559397318487064,-2.425392766100631,False,False
2020-08-10 00:00:00+00:00,-1.02,-0.18126984126984128,0.3596024456639065,-2.332381686619721,False,False
2020-08-11 00:00:00+00:00,-0.99,-0.18567460317460316,0.36304810365510665,-2.2154788545308057,False,False
2020-08-12 00:00:00+00:00,-0.98,-0.1898809523809524,0.36620100084816126,-2.15761028994745,False,False
2020-08-13 00:00:00+00:00,-0.96,-0.19408730158730159,0.36916450343319585,-2.0747192411236206,False,False
2020-08-14 00:00:00+00:00,-0.94,-0.19805555555555557,0.37200194502244877,-1.9944638848586427,False,False
2020-08-17 00:00:00+00:00,-0.97,-0.201984126984127,0.37459038950085755,-2.050281839956588,False,False
2020-08-18 00:00:00+00:00,-1.01,-0.2059126984126984,0.37743361770563166,-2.13040721299613,False,False
2020-08-19 00:00:00+00:00,-0.99,-0.20984126984126986,0.380629556349092,-2.04965357299582,False,False
2020-08-20 00:00:00+00:00,-0.97,-0.21380952380952378,0.38353016813425916,-1.971658396180618,False,False
2020-08-21 00:00:00+00:00,-1.0,-0.21781746031746033,0.3861357212584318,-2.0256673926291393,False,False
2020-08-24 00:00:00+00:00,-1.02,-0.22186507936507938,0.3889685175182053,-2.0519267876160816,False,False
2020-08-25 00:00:00+00:00,-1.01,-0.2261111111111111,0.3918186673490949,-2.000642016860506,False,False
2020-08-26 00:00:00+00:00,-1.03,-0.23039682539682538,0.39446448806005,-2.027059973219819,False,False
2020-08-27 00:00:00+00:00,-0.99,-0.2344047619047619,0.3974380641030109,-1.9011647507909493,False,False
2020-08-28 00:00:00+00:00,-1.03,-0.23833333333333334,0.3999965139290297,-1.9791839156056497,False,False
2020-08-31 00:00:00+00:00,-1.08,-0.2421825396825397,0.40293000392184064,-2.079312665134707,False,False
2020-09-01 00:00:00+00:00,-1.08,-0.24615079365079365,0.4062370624104349,-2.0526172609695092,False,False
2020-09-02 00:00:00+00:00,-1.07,-0.25007936507936507,0.40949487109484006,-2.0022732707944937,False,False
2020-09-03 00:00:00+00:00,-1.02,-0.25412698412698415,0.4125390621925285,-1.8564860544420139,False,False
2020-09-04 00:00:00+00:00,-0.98,-0.25805555555555554,0.4151020957419144,-1.739197300736603,False,False
2020-09-08 00:00:00+00:00,-0.99,-0.2617857142857143,0.4173521945516702,-1.7448435523300674,False,False
2020-09-09 00:00:00+00:00,-1.0,-0.26575396825396824,0.4195062395768972,-1.750262481164935,False,False
2020-09-10 00:00:00+00:00,-1.01,-0.26976190476190476,0.42168031222038765,-1.755448556135616,False,False
2020-09-11 00:00:00+00:00,-0.98,-0.27400793650793653,0.42372871491219616,-1.6661416577310724,False,False
2020-09-14 00:00:00+00:00,-0.97,-0.2783730158730158,0.42531653521292523,-1.6261464741330516,False,False
2020-09-15 00:00:00+00:00,-0.99,-0.2828174603174603,0.42667200799101396,-1.6574383283597867,False,False
2020-09-16 00:00:00+00:00,-0.99,-0.2873809523809524,0.4280646311022213,-1.6413854277329047,False,False
2020-09-17 00:00:00+00:00,-0.97,-0.2922222222222222,0.42908758731971336,-1.5795790831692489,False,False
2020-09-18 00:00:00+00:00,-0.97,-0.29674603174603176,0.4302030084393226,-1.5649680616980772,False,False
2020-09-21 00:00:00+00:00,-0.94,-0.3011904761904762,0.4313531145024981,-1.4809433439382855,False,False
2020-09-22 00:00:00+00:00,-0.94,-0.3057539682539683,0.43200614549464944,-1.468141225212934,False,False
2020-09-23 00:00:00+00:00,-0.92,-0.3101984126984127,0.4327494333090925,-1.4091331850827287,False,False
2020-09-24 00:00:00+00:00,-0.91,-0.3143650793650794,0.43354830999829985,-1.3738605523275051,False,False
2020-09-25 00:00:00+00:00,-0.92,-0.3184126984126984,0.43433130853664853,-1.3850885021717014,False,False
2020-09-28 00:00:00+00:00,-0.94,-0.3223015873015873,0.4353158173946384,-1.4189661574792585,False,False
2020-09-29 00:00:00+00:00,-0.98,-0.3265476190476191,0.4361041599902941,-1.4983860299955039,False,False
2020-09-30 00:00:00+00:00,-0.94,-0.330952380952381,0.4370790925925846,-1.393449445122125,False,False
2020-10-01 00:00:00+00:00,-0.95,-0.3353174603174603,0.4376488914688127,-1.4045106743434825,False,False
2020-10-02 00:00:00+00:00,-0.94,-0.33968253968253964,0.438274298777399,-1.369730011529523,False,False
2020-10-05 00:00:00+00:00,-0.9,-0.3439285714285714,0.4388885396727922,-1.2669991998105046,False,False
2020-10-06 00:00:00+00:00,-0.9,-0.3478968253968254,0.4393792493629574,-1.2565526829126596,False,False
2020-10-07 00:00:00+00:00,-0.9,-0.35170634920634924,0.43998988701634506,-1.246150575213749,False,False
2020-10-08 00:00:00+00:00,-0.94,-0.35535714285714287,0.4407096227022953,-1.3265942630387955,False,False
2020-10-09 00:00:00+00:00,-0.94,-0.3592857142857143,0.4414936230992855,-1.315340143845501,False,False
2020-10-13 00:00:00+00:00,-0.96,-0.3632539682539683,0.4422035178279419,-1.3494827781497232,False,False
2020-10-14 00:00:00+00:00,-0.96,-0.36746031746031743,0.44282043613417815,-1.3381037418068442,False,False
2020-10-15 00:00:00+00:00,-0.95,-0.3718650793650794,0.4431731983276149,-1.3045349376194348,False,False
2020-10-16 00:00:00+00:00,-0.95,-0.37642857142857145,0.44318201864531714,-1.2942118688043236,False,False
2020-10-19 00:00:00+00:00,-0.93,-0.381031746031746,0.4430909709641179,-1.238951569637627,False,False
2020-10-20 00:00:00+00:00,-0.91,-0.38543650793650797,0.4430087818692226,-1.184092761886478,False,False
2020-10-21 00:00:00+00:00,-0.91,-0.3897222222222222,0.442838006748895,-1.17487155539654,False,False
2020-10-22 00:00:00+00:00,-0.89,-0.39396825396825397,0.4426758175756379,-1.1205304792755966,False,False
2020-10-23 00:00:00+00:00,-0.9,-0.39825396825396825,0.4422273925451197,-1.1345883140760882,False,False
2020-10-26 00:00:00+00:00,-0.91,-0.4025,0.44188623673422656,-1.1484856458773054,False,False
2020-10-27 00:00:00+00:00,-0.92,-0.40674603174603174,0.4416003662253046,-1.1622589280012192,False,False
2020-10-28 00:00:00+00:00,-0.91,-0.4109920634920635,0.4413698884414456,-1.1305889902685047,False,False
2020-10-29 00:00:00+00:00,-0.86,-0.4151984126984127,0.44105311349288834,-1.0084989170102738,False,False
2020-10-30 00:00:00+00:00,-0.82,-0.41944444444444445,0.4401598868422093,-0.910022851989574,False,False
2020-11-02 00:00:00+00:00,-0.84,-0.4236111111111111,0.438955723333645,-0.9485897250105944,False,False
2020-11-03 00:00:00+00:00,-0.82,-0.42777777777777776,0.43789952983452995,-0.8956899825182093,False,False
2020-11-04 00:00:00+00:00,-0.86,-0.43162698412698414,0.4370629652620028,-0.9801173970808128,False,False
2020-11-05 00:00:00+00:00,-0.87,-0.4355952380952381,0.43639144456049755,-0.9954474756998581,False,False
2020-11-06 00:00:00+00:00,-0.82,-0.43964285714285717,0.43566804432867473,-0.8730434738293439,False,False
2020-11-09 00:00:00+00:00,-0.77,-0.44361111111111107,0.43455437580746925,-0.751088717683277,False,False
2020-11-10 00:00:00+00:00,-0.78,-0.44726190476190475,0.43341050310339596,-0.7677204240680713,False,False
2020-11-12 00:00:00+00:00,-0.83,-0.45126984126984127,0.4317895387570798,-0.877117495297236,False,False
2020-11-13 00:00:00+00:00,-0.83,-0.4554761904761905,0.4302868627920252,-0.8704049365895509,False,False
2020-11-16 00:00:00+00:00,-0.81,-0.4596428571428572,0.42880110758846274,-0.8170621219416121,False,False
2020-11-17 00:00:00+00:00,-0.83,-0.4637301587301587,0.4272029554469416,-0.8573672925241075,False,False
2020-11-18 00:00:00+00:00,-0.82,-0.4678174603174603,0.42575220335080294,-0.8272007447307447,False,False
2020-11-19 00:00:00+00:00,-0.84,-0.47190476190476194,0.4241602235901382,-0.8678212091167813,False,False
2020-11-20 00:00:00+00:00,-0.86,-0.47595238095238096,0.42277904068827943,-0.9083885010533964,False,False
2020-11-23 00:00:00+00:00,-0.85,-0.48000000000000004,0.421547140936657,-0.8777191542039121,False,False
2020-11-24 00:00:00+00:00,-0.86,-0.48388888888888887,0.4204161706326662,-0.8946161860166266,False,False
2020-11-25 00:00:00+00:00,-0.87,-0.4878571428571428,0.4192216410103408,-0.9115532686286846,False,False
2020-11-27 00:00:00+00:00,-0.91,-0.49190476190476196,0.41796073756342456,-1.000321801833822,False,False
2020-11-30 00:00:00+00:00,-0.93,-0.4960714285714286,0.4168684751272521,-1.040924409782034,False,False
2020-12-01 00:00:00+00:00,-0.89,-0.5002380952380953,0.4159326184429407,-0.9370794390230633,False,False
2020-12-02 00:00:00+00:00,-0.9,-0.5043253968253968,0.41467495703246776,-0.9541801270232558,False,False
2020-12-03 00:00:00+00:00,-0.94,-0.5085714285714286,0.413218278244367,-1.0440694280552498,False,False
2020-12-04 00:00:00+00:00,-0.92,-0.513015873015873,0.4118034765913204,-0.9882969671672389,False,False
2020-12-07 00:00:00+00:00,-0.94,-0.5170238095238096,0.41082497827841336,-1.0295775886088947,False,False
2020-12-08 00:00:00+00:00,-0.97,-0.5211904761904762,0.4097635255134403,-1.0952891017987954,False,False
2020-12-09 00:00:00+00:00,-0.96,-0.5255555555555556,0.408656443158244,-1.0631043550589865,False,False
2020-12-10 00:00:00+00:00,-0.96,-0.5299603174603174,0.40732584137088773,-1.0557633198334524,False,False
2020-12-11 00:00:00+00:00,-0.97,-0.5343253968253968,0.4060095641792424,-1.0730648773147238,False,False
2020-12-14 00:00:00+00:00,-0.98,-0.5387301587301587,0.4046837024234398,-1.0904067513154252,False,False
2020-12-15 00:00:00+00:00,-0.99,-0.5430158730158731,0.40360974769237135,-1.107466134154954,False,False
2020-12-16 00:00:00+00:00,-1.0,-0.5476587301587301,0.4019857019656699,-1.1252670620605814,False,False
2020-12-17 00:00:00+00:00,-1.0,-0.5521031746031746,0.4007641372366771,-1.1176070505837539,False,False
2020-12-18 00:00:00+00:00,-1.0,-0.5567063492063492,0.39921120566992163,-1.1104238671100273,False,False
2020-12-21 00:00:00+00:00,-1.0,-0.5612301587301587,0.39774122526345623,-1.1031540443895613,False,False
2020-12-22 00:00:00+00:00,-1.01,-0.5658333333333333,0.39606996142427486,-1.1214348724387864,False,False
2020-12-23 00:00:00+00:00,-1.01,-0.5704365079365079,0.3944548509257171,-1.1143569182427668,False,False
2020-12-24 00:00:00+00:00,-1.03,-0.5750396825396825,0.3927789419301909,-1.1583113779586947,False,False
2020-12-28 00:00:00+00:00,-1.03,-0.5798412698412698,0.39090350777857863,-1.1515852920248437,False,False
2020-12-29 00:00:00+00:00,-1.02,-0.5845238095238096,0.3891897951411374,-1.1189301361775623,False,False
2020-12-30 00:00:00+00:00,-1.03,-0.5892063492063492,0.38729031735854613,-1.1381478726347096,False,False
2020-12-31 00:00:00+00:00,-1.06,-0.5938888888888889,0.38544633872357764,-1.2092762708673233,False,False
2021-01-04 00:00:00+00:00,-1.08,-0.5986904761904761,0.383675181434989,-1.2544713525888522,False,False
2021-01-05 00:00:00+00:00,-1.07,-0.6035714285714285,0.3819325242041584,-1.2212329190882067,False,False
2021-01-06 00:00:00+00:00,-1.02,-0.6081349206349206,0.3806004032878305,-1.0821456724879108,False,False
2021-01-07 00:00:00+00:00,-1.01,-0.6123015873015873,0.3793318989476372,-1.048418057647482,False,False
2021-01-08 00:00:00+00:00,-0.93,-0.616547619047619,0.3777617898027048,-0.8297620072058879,False,False
2021-01-11 00:00:00+00:00,-0.91,-0.6205952380952382,0.37561959816685775,-0.7704730086426492,False,False
2021-01-12 00:00:00+00:00,-0.93,-0.6246825396825396,0.37312439101192957,-0.8182725859583347,False,False
2021-01-13 00:00:00+00:00,-0.96,-0.6288095238095238,0.37070968257324244,-0.8933958074457407,False,False
2021-01-14 00:00:00+00:00,-0.94,-0.6328968253968253,0.3686466328480398,-0.8330556886702012,False,False
2021-01-15 00:00:00+00:00,-0.99,-0.6369444444444445,0.3663807438866324,-0.9636302165072297,False,False
2021-01-19 00:00:00+00:00,-1.0,-0.6410714285714285,0.36446440928381657,-0.9848110330824259,False,False
2021-01-20 00:00:00+00:00,-1.02,-0.6451984126984127,0.36260506145816124,-1.0336358400359322,False,False
2021-01-21 00:00:00+00:00,-0.98,-0.6495238095238095,0.36053492162303696,-0.9166274073769894,False,False
2021-01-22 00:00:00+00:00,-0.99,-0.6537698412698413,0.35808320301578417,-0.9389721603761957,False,False
2021-01-25 00:00:00+00:00,-1.03,-0.6578571428571428,0.356005074369259,-1.045330204357873,False,False
2021-01-26 00:00:00+00:00,-1.03,-0.6621428571428571,0.353944437404362,-1.0393075974150328,False,False
2021-01-27 00:00:00+00:00,-1.04,-0.6663888888888889,0.3518998742109376,-1.0616971999460256,False,False
2021-01-28 00:00:00+00:00,-1.06,-0.6705952380952381,0.3499926619281118,-1.1126083608711355,False,False
2021-01-29 00:00:00+00:00,-1.02,-0.6747222222222222,0.3484186276047409,-0.9909854135855038,False,False
2021-02-01 00:00:00+00:00,-1.02,-0.6787698412698413,0.3464683439360259,-0.9848812011326658,False,False
2021-02-02 00:00:00+00:00,-1.03,-0.6826587301587301,0.3447657478919468,-1.007470353319815,False,False
2021-02-03 00:00:00+00:00,-1.04,-0.6864682539682538,0.3432697053653835,-1.0298949790965084,False,False
2021-02-04 00:00:00+00:00,-1.02,-0.6900396825396826,0.34224184503174393,-0.9641144770877232,False,False
2021-02-05 00:00:00+00:00,-1.02,-0.6937301587301588,0.3407566787996752,-0.9574862697310462,False,False
2021-02-08 00:00:00+00:00,-1.03,-0.6976587301587301,0.3387751469667778,-0.9810084146280693,False,False
2021-02-09 00:00:00+00:00,-1.04,-0.7017460317460318,0.3365304089077912,-1.0051215560334381,False,False
2021-02-10 00:00:00+00:00,-1.06,-0.7057936507936508,0.33442548267962446,-1.0591488016051536,False,False
2021-02-11 00:00:00+00:00,-1.04,-0.7097222222222223,0.3327375319400753,-0.9926075241709116,False,False
2021-02-12 00:00:00+00:00,-1.01,-0.713452380952381,0.3311401072533428,-0.8955351905492428,False,False
2021-02-16 00:00:00+00:00,-0.94,-0.7172222222222222,0.3290724351142327,-0.6769870521073686,False,False
2021-02-17 00:00:00+00:00,-0.92,-0.7207936507936509,0.3265675727336033,-0.6100003975864782,False,False
2021-02-18 00:00:00+00:00,-0.87,-0.7242063492063492,0.3241190405846034,-0.4498151374590254,False,False
2021-02-19 00:00:00+00:00,-0.8,-0.7273809523809525,0.321593835968525,-0.2258098243716181,False,False
2021-02-22 00:00:00+00:00,-0.79,-0.7301587301587301,0.31916720349688055,-0.18749191391105693,False,False
2021-02-23 00:00:00+00:00,-0.79,-0.732936507936508,0.31660944674697694,-0.18023306837428374,False,False
2021-02-24 00:00:00+00:00,-0.79,-0.7356349206349206,0.31416745358997555,-0.1730449120169909,False,False
2021-02-25 00:00:00+00:00,-0.6,-0.7381746031746032,0.31199371940161497,0.44287623302037515,False,False
2021-02-26 00:00:00+00:00,-0.71,-0.7397222222222223,0.310326139682653,0.0957773723238944,False,False
2021-03-01 00:00:00+00:00,-0.71,-0.7417460317460317,0.3084496106899544,0.10292128972061514,False,False
2021-03-02 00:00:00+00:00,-0.78,-0.7437301587301587,0.3066181921220761,-0.11828991952115148,False,False
2021-03-03 00:00:00+00:00,-0.74,-0.7459126984126984,0.3048995006481234,0.01939228631116081,False,False
2021-03-04 00:00:00+00:00,-0.66,-0.7477380952380953,0.30347266798885586,0.28911366489623114,False,False
2021-03-05 00:00:00+00:00,-0.66,-0.7491269841269841,0.3022598018176564,0.29486879694558754,False,False
2021-03-08 00:00:00+00:00,-0.62,-0.7500396825396825,0.3016389467491082,0.43111038525089573,False,False
2021-03-09 00:00:00+00:00,-0.66,-0.7507539682539682,0.30111450844378485,0.3013935420216096,False,False
2021-03-10 00:00:00+00:00,-0.73,-0.751468253968254,0.30068286655406035,0.0713983281265353,False,False
2021-03-11 00:00:00+00:00,-0.74,-0.7521031746031747,0.30046700250022784,0.04028121059038919,False,False
2021-03-12 00:00:00+00:00,-0.62,-0.7532539682539682,0.2998600719222064,0.4443871683207582,False,False
2021-03-15 00:00:00+00:00,-0.65,-0.7547619047619049,0.29821972242921224,0.35129100083839,False,False
2021-03-16 00:00:00+00:00,-0.68,-0.7567857142857143,0.29575143291958256,0.2596292214976113,False,False
2021-03-17 00:00:00+00:00,-0.67,-0.7593253968253968,0.2922994788372427,0.30559547071630133,False,False
2021-03-18 00:00:00+00:00,-0.56,-0.7621428571428571,0.2879536459565831,0.7019979082790833,False,False
2021-03-19 00:00:00+00:00,-0.57,-0.7643650793650794,0.28418471079807345,0.683939254927704,False,False
2021-03-22 00:00:00+00:00,-0.64,-0.7681746031746032,0.27493251846770295,0.4662038666395884,False,False
2021-03-23 00:00:00+00:00,-0.66,-0.7728968253968254,0.26212269653291576,0.4307022127046081,False,False
2021-03-24 00:00:00+00:00,-0.69,-0.7779761904761905,0.24698878030828694,0.35619508856386206,False,False
2021-03-25 00:00:00+00:00,-0.69,-0.781388888888889,0.2396712047992257,0.3813094233220307,False,False
2021-03-26 00:00:00+00:00,-0.67,-0.783968253968254,0.23511488881047501,0.48473431242426845,False,False
2021-03-29 00:00:00+00:00,-0.63,-0.7861111111111111,0.2315648213559082,0.6741572843276267,False,False
2021-03-30 00:00:00+00:00,-0.62,-0.7878571428571428,0.2286931768810781,0.7339840442394554,False,False
2021-03-31 00:00:00+00:00,-0.63,-0.7893650793650793,0.2263067270585264,0.7041994793370195,False,False
2021-04-01 00:00:00+00:00,-0.66,-0.7909920634920634,0.22365536222566904,0.5856871133717417,False,False
2021-04-02 00:00:00+00:00,-0.64,-0.7926190476190476,0.22118182591213698,0.6900162207706634,False,False
2021-04-05 00:00:00+00:00,-0.62,-0.7944841269841271,0.21786754388690152,0.8008725112112364,False,False
2021-04-06 00:00:00+00:00,-0.65,-0.7957936507936508,0.21580518429612666,0.6755799276517546,False,False
2021-04-07 00:00:00+00:00,-0.66,-0.7967857142857143,0.21454943457111003,0.6375487055426295,False,False
2021-04-08 00:00:00+00:00,-0.69,-0.7975793650793651,0.21366674924251233,0.5034913736496375,False,False
2021-04-09 00:00:00+00:00,-0.64,-0.798452380952381,0.2127705348779131,0.7447101688365844,False,False
2021-04-12 00:00:00+00:00,-0.64,-0.7993253968253968,0.21165996670089132,0.7527422370360123,False,False
2021-04-13 00:00:00+00:00,-0.69,-0.8001984126984127,0.2105399062149992,0.5234086719212288,False,False
2021-04-14 00:00:00+00:00,-0.69,-0.800952380952381,0.20979948146881539,0.5288496433623121,False,False
2021-04-15 00:00:00+00:00,-0.77,-0.8017063492063492,0.20905370428257056,0.15166604827768476,False,False
2021-04-16 00:00:00+00:00,-0.77,-0.8026587301587301,0.20835648514878727,0.15674448594872642,False,False
2021-04-19 00:00:00+00:00,-0.73,-0.8034920634920635,0.20780130511350706,0.35366507179500156,False,False
2021-04-20 00:00:00+00:00,-0.74,-0.8047222222222222,0.20643512390263402,0.31352330455523036,False,False
2021-04-21 00:00:00+00:00,-0.76,-0.8062301587301587,0.2045529441862667,0.2260058339129126,False,False
2021-04-22 00:00:00+00:00,-0.76,-0.808015873015873,0.2021538203391598,0.23752147219041037,False,False
2021-04-23 00:00:00+00:00,-0.76,-0.8095238095238095,0.20035767675342944,0.24717700028412734,False,False
2021-04-26 00:00:00+00:00,-0.78,-0.8108333333333333,0.19894067064892346,0.15498758113541183,False,False
2021-04-27 00:00:00+00:00,-0.76,-0.8121825396825396,0.19756384416842168,0.2641300077055313,False,False
2021-04-28 00:00:00+00:00,-0.78,-0.8131746031746031,0.19666603963383372,0.16868496074039943,False,False
2021-04-29 00:00:00+00:00,-0.77,-0.8142857142857143,0.19567811837362184,0.22631919528762265,False,False
2021-04-30 00:00:00+00:00,-0.76,-0.8152777777777778,0.19481200004305566,0.28374934688602726,False,False
2021-05-03 00:00:00+00:00,-0.79,-0.8162698412698413,0.1938855543110137,0.1354914829172962,False,False
2021-05-04 00:00:00+00:00,-0.81,-0.8176984126984127,0.19234830085573504,0.04002329453477527,False,False
2021-05-05 00:00:00+00:00,-0.88,-0.8192460317460318,0.19069757398882267,-0.31858805008987234,False,False
2021-05-06 00:00:00+00:00,-0.87,-0.821031746031746,0.18913866143948177,-0.2589013456877099,False,False
2021-05-07 00:00:00+00:00,-0.89,-0.8227380952380953,0.18762099112810293,-0.35849882445179065,False,False
2021-05-10 00:00:00+00:00,-0.91,-0.8247619047619048,0.18556563377786772,-0.4593420317262512,False,False
2021-05-11 00:00:00+00:00,-0.89,-0.8265873015873015,0.18412131241849725,-0.34440716058206794,False,False
2021-05-12 00:00:00+00:00,-0.85,-0.8284126984126985,0.18244646739140302,-0.1183212911488726,False,False
2021-05-13 00:00:00+00:00,-0.85,-0.8301984126984128,0.18042766900474758,-0.10974806364685769,False,False
2021-05-14 00:00:00+00:00,-0.88,-0.8319841269841269,0.1783680774740284,-0.26919543954194664,False,False
2021-05-17 00:00:00+00:00,-0.9,-0.8337698412698412,0.17657113337859212,-0.3750905227988342,False,False
2021-05-18 00:00:00+00:00,-0.88,-0.8356349206349207,0.17476219941797594,-0.2538596991387825,False,False
2021-05-19 00:00:00+00:00,-0.8,-0.8373412698412698,0.17307298337082958,0.215754470247165,False,False
2021-05-20 00:00:00+00:00,-0.78,-0.8387698412698413,0.1712564146679222,0.34316870047641723,False,False
2021-05-21 00:00:00+00:00,-0.8,-0.8400793650793651,0.16952474478497928,0.23642191663642176,False,False
2021-05-24 00:00:00+00:00,-0.83,-0.8413492063492063,0.16800850469177556,0.067551380032977,False,False
2021-05-25 00:00:00+00:00,-0.86,-0.8428174603174604,0.1662703074877966,-0.1033409990163198,False,False
2021-05-26 00:00:00+00:00,-0.82,-0.8444047619047619,0.1645010652102835,0.1483562545541274,False,False
2021-05-27 00:00:00+00:00,-0.81,-0.8459126984126984,0.16250884228917514,0.22098919607582837,False,False
2021-05-28 00:00:00+00:00,-0.84,-0.8473015873015873,0.1606828689684651,0.04544098165822731,False,False
2021-06-01 00:00:00+00:00,-0.84,-0.8487301587301587,0.15899577346349159,0.054908118247327546,False,False
2021-06-02 00:00:00+00:00,-0.85,-0.8500793650793651,0.15745989703443103,0.0005040336038564098,False,False
2021-06-03 00:00:00+00:00,-0.79,-0.851388888888889,0.15606993387106252,0.39334218555897826,False,False
2021-06-04 00:00:00+00:00,-0.84,-0.8525396825396826,0.15453019152361605,0.0811471364659912,False,False
2021-06-07 00:00:00+00:00,-0.82,-0.8541269841269842,0.15231425807578022,0.2240563986465744,False,False
2021-06-08 00:00:00+00:00,-0.83,-0.8557936507936508,0.14959894951695055,0.17241866254367127,False,False
2021-06-09 00:00:00+00:00,-0.82,-0.8576587301587302,0.1462862806266283,0.2574317290549477,False,False
2021-06-10 00:00:00+00:00,-0.9,-0.8593253968253969,0.14341572087418503,-0.28361328121263596,False,False
2021-06-11 00:00:00+00:00,-0.85,-0.8612301587301586,0.1407198150148715,0.07980509872736703,False,False
2021-06-14 00:00:00+00:00,-0.85,-0.8625396825396826,0.13905736445889416,0.09017632822596319,False,False
2021-06-15 00:00:00+00:00,-0.87,-0.8637301587301587,0.13764805358792673,-0.04554979969866606,False,False
2021-06-16 00:00:00+00:00,-0.75,-0.8651984126984127,0.13571252249666207,0.8488414376149117,False,False
2021-06-17 00:00:00+00:00,-0.75,-0.8661111111111112,0.13414609519522874,0.8655571445604103,False,False
2021-06-18 00:00:00+00:00,-0.79,-0.8670238095238095,0.13255485006391085,0.5810712281495,False,False
2021-06-21 00:00:00+00:00,-0.75,-0.868095238095238,0.13081853424317613,0.9027408752013151,False,False
2021-06-22 00:00:00+00:00,-0.83,-0.8688095238095238,0.12967078844160498,0.2992927264184952,False,False
2021-06-23 00:00:00+00:00,-0.84,-0.8697222222222223,0.12857602825585465,0.2311645695189603,False,False
2021-06-24 00:00:00+00:00,-0.81,-0.8705555555555555,0.12769364206564573,0.47422529873824576,False,False
2021-06-25 00:00:00+00:00,-0.8,-0.8711507936507936,0.12705625490984115,0.5599944190176392,False,False
2021-06-28 00:00:00+00:00,-0.84,-0.8717857142857143,0.1262940417216287,0.25168023647366405,False,False
2021-06-29 00:00:00+00:00,-0.83,-0.8725396825396825,0.12552954927716348,0.3388818233207934,False,False
2021-06-30 00:00:00+00:00,-0.87,-0.8731349206349206,0.12496730110476231,0.02508592733624408,False,False
2021-07-01 00:00:00+00:00,-0.87,-0.8738095238095238,0.1244868808131579,0.030601809480964703,False,False
2021-07-02 00:00:00+00:00,-0.89,-0.874563492063492,0.12388228547249477,-0.12460625728393826,False,False
2021-07-06 00:00:00+00:00,-0.94,-0.8753968253968255,0.12327309619238962,-0.5240654822391229,False,False
2021-07-07 00:00:00+00:00,-0.95,-0.8762301587301587,0.12299578347310228,-0.5997753677952203,False,False
2021-07-08 00:00:00+00:00,-0.92,-0.876984126984127,0.12286273130227826,-0.35011327324346575,False,False
2021-07-09 00:00:00+00:00,-0.91,-0.8775396825396825,0.12273890604233378,-0.26446640683860795,False,False
2021-07-12 00:00:00+00:00,-0.95,-0.8781746031746033,0.12249010558397637,-0.586377132119907,False,False
2021-07-13 00:00:00+00:00,-0.94,-0.8788888888888888,0.12238156139416902,-0.4993490066226824,False,False
2021-07-14 00:00:00+00:00,-0.97,-0.8796031746031746,0.12221006533653166,-0.7396839625925925,False,False
2021-07-15 00:00:00+00:00,-1.01,-0.8803571428571428,0.12217921421837534,-1.061087665133791,False,False
2021-07-16 00:00:00+00:00,-1.02,-0.8812698412698412,0.12228556564415631,-1.1344769760795423,False,False
2021-07-19 00:00:00+00:00,-1.05,-0.8822619047619047,0.12239331014262375,-1.370484179589814,False,False
2021-07-20 00:00:00+00:00,-1.03,-0.8832936507936509,0.12270793020347988,-1.1955734968642533,False,False
2021-07-21 00:00:00+00:00,-0.98,-0.8841269841269842,0.12298913139081427,-0.7795242944546584,False,False
2021-07-22 00:00:00+00:00,-1.01,-0.8846825396825396,0.12310515382024542,-1.0179708682257553,False,False
2021-07-23 00:00:00+00:00,-1.05,-0.8852380952380952,0.12335427737275484,-1.3356805152692315,False,False
2021-07-26 00:00:00+00:00,-1.11,-0.8859126984126984,0.12378959915123934,-1.8102272171794025,False,False
2021-07-27 00:00:00+00:00,-1.13,-0.8867460317460316,0.12458907349837124,-1.9524502544530788,False,False
2021-07-28 00:00:00+00:00,-1.15,-0.8875793650793652,0.12551127967433046,-2.090813157204268,False,False
2021-07-29 00:00:00+00:00,-1.15,-0.8885714285714286,0.12659320479055178,-2.065107458659447,False,False
2021-07-30 00:00:00+00:00,-1.16,-0.889484126984127,0.1276454398432507,-2.1192756540936197,False,False
2021-08-02 00:00:00+00:00,-1.17,-0.8903174603174603,0.1287230357510374,-2.172746610975461,False,False
2021-08-03 00:00:00+00:00,-1.19,-0.8911111111111111,0.12982809487424954,-2.302189592925863,False,False
2021-08-04 00:00:00+00:00,-1.16,-0.8918650793650794,0.13100931223094428,-2.0466859650575837,False,False
2021-08-05 00:00:00+00:00,-1.1,-0.892420634920635,0.13184899325629737,-1.574372014171225,False,False
2021-08-06 00:00:00+00:00,-1.06,-0.8926190476190476,0.13212440456311383,-1.2668435701520764,False,False
2021-08-09 00:00:00+00:00,-1.04,-0.8926190476190476,0.13212440456311383,-1.1154710809731652,False,False
2021-08-10 00:00:00+00:00,-1.04,-0.8924603174603174,0.13192226678917976,-1.1183834702860322,False,False
2021-08-11 00:00:00+00:00,-1.07,-0.8924603174603175,0.13192226678917976,-1.3457901145937883,False,False
2021-08-12 00:00:00+00:00,-1.05,-0.8926587301587302,0.13215225208917905,-1.1906060423025764,False,False
2021-08-13 00:00:00+00:00,-1.08,-0.8928968253968254,0.13238217820165937,-1.4133562171651095,False,False
2021-08-16 00:00:00+00:00,-1.1,-0.8932936507936508,0.13279355618817115,-1.55659924426937,False,False
2021-08-17 00:00:00+00:00,-1.07,-0.8938492063492064,0.13336536207036942,-1.3208136724275437,False,False
2021-08-18 00:00:00+00:00,-1.05,-0.8943650793650794,0.133795324638827,-1.1632313838697161,False,False
2021-08-19 00:00:00+00:00,-1.04,-0.8946825396825397,0.13407012797723206,-1.083891411979097,False,False
2021-08-20 00:00:00+00:00,-1.01,-0.8948015873015872,0.13418620112057694,-0.8584967137932304,False,False
2021-08-23 00:00:00+00:00,-1.02,-0.8948809523809524,0.13424863103415186,-0.9319949608068496,False,False
2021-08-24 00:00:00+00:00,-1.01,-0.8950793650793651,0.13439696230526352,-0.8550835744308644,False,False
2021-08-25 00:00:00+00:00,-1.0,-0.8951190476190477,0.13442953735036461,-0.7801927645380521,False,False
2021-08-26 00:00:00+00:00,-0.99,-0.8950396825396826,0.13436140244440514,-0.7067529493792627,False,False
2021-08-27 00:00:00+00:00,-1.08,-0.8949603174603175,0.13429911913001633,-1.3778175444363403,False,False
2021-08-30 00:00:00+00:00,-1.08,-0.8951587301587302,0.13453614646017437,-1.3739152986367642,False,False
2021-08-31 00:00:00+00:00,-1.03,-0.895515873015873,0.13490786196935844,-0.9968590786404453,False,False
2021-09-01 00:00:00+00:00,-1.03,-0.895515873015873,0.13490786196935844,-0.9968590786404453,False,False
2021-09-02 00:00:00+00:00,-1.03,-0.8953174603174602,0.1346720171523364,-1.0000781344961334,False,False
2021-09-03 00:00:00+00:00,-1.01,-0.8951190476190476,0.13443546458331257,-0.8545434996414819,False,False
2021-09-07 00:00:00+00:00,-0.98,-0.8948809523809524,0.13417738791826192,-0.6343769910836266,False,False
2021-09-08 00:00:00+00:00,-1.03,-0.8947222222222222,0.13405238548419235,-1.0091411450020782,False,False
2021-09-09 00:00:00+00:00,-1.08,-0.894920634920635,0.13421601208199108,-1.3789663558644711,False,False
2021-09-10 00:00:00+00:00,-1.05,-0.8952777777777778,0.13458924608441875,-1.1495882971599038,False,False
2021-09-13 00:00:00+00:00,-1.04,-0.8954761904761904,0.13478096229578646,-1.0722865237201809,False,False
2021-09-14 00:00:00+00:00,-1.05,-0.8955952380952381,0.13489572059705066,-1.1446231297876903,False,False
2021-09-15 00:00:00+00:00,-1.04,-0.8958730158730158,0.13514206685224128,-1.0664849775056842,False,False
2021-09-16 00:00:00+00:00,-1.01,-0.8961507936507936,0.13536679210847252,-0.8410423603595214,False,False
2021-09-17 00:00:00+00:00,-0.96,-0.8962301587301588,0.1354278839683553,-0.47087674562457127,False,False
2021-09-20 00:00:00+00:00,-0.98,-0.8961111111111111,0.13535829521392093,-0.6197543250401498,False,False
2021-09-21 00:00:00+00:00,-0.96,-0.8961507936507938,0.1353815071177871,-0.47162428391091077,False,False
2021-09-22 00:00:00+00:00,-0.96,-0.8961111111111111,0.13536123852849447,-0.4719880638166578,False,False
2021-09-23 00:00:00+00:00,-0.9,-0.8961904761904762,0.13539293350391865,-0.028136799395173457,False,False
2021-09-24 00:00:00+00:00,-0.87,-0.8960317460317461,0.1353648124672954,0.19230807147932505,False,False
2021-09-27 00:00:00+00:00,-0.87,-0.8958333333333334,0.13536618478800402,0.1908403740106199,False,False
2021-09-28 00:00:00+00:00,-0.84,-0.8956746031746032,0.13537295859278878,0.41126827509234193,False,False
2021-09-29 00:00:00+00:00,-0.82,-0.895357142857143,0.13540948458106503,0.5565130322317213,False,False
2021-09-30 00:00:00+00:00,-0.85,-0.8948809523809524,0.1354628545926317,0.33131556629247133,False,False
2021-10-01 00:00:00+00:00,-0.9,-0.8943650793650794,0.13538492287335488,-0.04162147833988735,False,False
2021-10-04 00:00:00+00:00,-0.89,-0.8942063492063492,0.13535465102148794,0.031076502909984552,False,False
2021-10-05 00:00:00+00:00,-0.91,-0.893968253968254,0.13530888001929134,-0.1184825861352217,False,False
2021-10-06 00:00:00+00:00,-0.9,-0.8938492063492064,0.13528141349060965,-0.045466657185841544,False,False
2021-10-07 00:00:00+00:00,-0.88,-0.8938492063492064,0.13528141349060965,0.10237331198618582,False,False
2021-10-08 00:00:00+00:00,-0.89,-0.8937698412698413,0.13528365729623484,0.027866198661278926,False,False
2021-10-12 00:00:00+00:00,-0.9,-0.8937301587301587,0.13528328917442647,-0.04634601441244781,False,False
2021-10-13 00:00:00+00:00,-0.96,-0.8935714285714286,0.1352522464746276,-0.4911457898855154,False,False
2021-10-14 00:00:00+00:00,-1.0,-0.8936507936507936,0.1352854628315518,-0.786109639005524,False,False
2021-10-15 00:00:00+00:00,-0.97,-0.8938095238095237,0.1353870481888815,-0.5627604502033401,False,False
2021-10-18 00:00:00+00:00,-0.95,-0.8938492063492064,0.13540799010481055,-0.41467858438287775,False,False
2021-10-19 00:00:00+00:00,-0.89,-0.8938492063492064,0.13540799010481055,0.028426729812819455,False,False
2021-10-20 00:00:00+00:00,-0.92,-0.8936111111111111,0.13536160643831618,-0.19495106170237594,False,False
2021-10-21 00:00:00+00:00,-0.96,-0.8935714285714286,0.13535236167093484,-0.4907825072906435,False,False
2021-10-22 00:00:00+00:00,-0.98,-0.8937698412698413,0.13541317399869662,-0.6367929809472503,False,False
2021-10-25 00:00:00+00:00,-1.02,-0.8940476190476191,0.1355183560076712,-0.9294119605852599,False,False
2021-10-26 00:00:00+00:00,-1.06,-0.894563492063492,0.13575012174685913,-1.218684048365031,False,False
2021-10-27 00:00:00+00:00,-1.11,-0.8951984126984127,0.1361492337914855,-1.577692222863032,False,False
2021-10-28 00:00:00+00:00,-1.0,-0.8959920634920635,0.13681714880698811,-0.7601966377377406,False,False
2021-10-29 00:00:00+00:00,-0.96,-0.8963095238095238,0.13696580922617074,-0.46501003827389153,False,False
2021-11-01 00:00:00+00:00,-0.92,-0.8965079365079366,0.13702192490577808,-0.1714474782646468,False,False
2021-11-02 00:00:00+00:00,-0.95,-0.8967460317460317,0.13701036320519988,-0.38868569506826256,False,False
2021-11-03 00:00:00+00:00,-0.93,-0.8972619047619047,0.13696497813745806,-0.23902530182014406,False,False
2021-11-04 00:00:00+00:00,-1.03,-0.8976190476190475,0.1369324058766417,-0.9667613121484955,False,False
2021-11-05 00:00:00+00:00,-1.09,-0.8984523809523809,0.13709705795923444,-1.3971679764607023,False,False
2021-11-08 00:00:00+00:00,-1.11,-0.8993650793650795,0.13760469990898483,-1.5307247555805854,False,False
2021-11-09 00:00:00+00:00,-1.17,-0.9003174603174604,0.13822976719411972,-1.9509729717175692,False,False
2021-11-10 00:00:00+00:00,-1.14,-0.9017063492063492,0.13917466268122097,-1.7121913299654363,False,False
2021-11-12 00:00:00+00:00,-1.15,-0.9031746031746032,0.1397302511893819,-1.7664420891283203,False,False
2021-11-15 00:00:00+00:00,-1.13,-0.9046428571428572,0.14037326247294574,-1.6054135872248176,False,False
2021-11-16 00:00:00+00:00,-1.1,-0.9058333333333333,0.14100839171432614,-1.3769866055917857,False,False
2021-11-17 00:00:00+00:00,-1.1,-0.906904761904762,0.14145495692194032,-1.3650651931681308,False,False
2021-11-18 00:00:00+00:00,-1.14,-0.9080555555555556,0.14184255934773563,-1.635224614608218,False,False
2021-11-19 00:00:00+00:00,-1.11,-0.9092857142857143,0.14250562900143143,-1.4084656663791837,False,False
2021-11-22 00:00:00+00:00,-0.98,-0.910436507936508,0.1429519739948634,-0.4866214164065449,False,False
2021-11-23 00:00:00+00:00,-0.95,-0.9109920634920635,0.14294918697313075,-0.27287973673658256,False,False
2021-11-24 00:00:00+00:00,-0.97,-0.9113492063492065,0.14293370805993352,-0.41033563353859576,False,False
2021-11-26 00:00:00+00:00,-1.07,-0.9118253968253969,0.14292839872185226,-1.106670225015401,False,False
2021-11-29 00:00:00+00:00,-1.02,-0.9126587301587302,0.1432368925021629,-0.7493968066896517,False,False
2021-11-30 00:00:00+00:00,-1.07,-0.9132539682539682,0.14337052192794617,-1.0932933049152729,False,False
2021-12-01 00:00:00+00:00,-1.01,-0.913888888888889,0.1437099348481364,-0.6687854337466314,False,False
2021-12-02 00:00:00+00:00,-1.03,-0.9142063492063491,0.14383397453466826,-0.8050507619515248,False,False
2021-12-03 00:00:00+00:00,-1.08,-0.9147619047619048,0.14401037084009308,-1.1474041367588252,False,False
2021-12-06 00:00:00+00:00,-1.01,-0.9154761904761906,0.14438277558291915,-0.6546751102559623,False,False
2021-12-07 00:00:00+00:00,-0.99,-0.9157539682539683,0.1444974357846185,-0.5138224864882696,False,False
2021-12-08 00:00:00+00:00,-1.0,-0.9160317460317461,0.1445728940615561,-0.5808021933385521,False,False
2021-12-09 00:00:00+00:00,-0.98,-0.9162698412698413,0.14466190354692418,-0.44054555600041856,False,False
2021-12-10 00:00:00+00:00,-0.96,-0.9163095238095238,0.1446780717688919,-0.3019840923804067,False,False
2021-12-13 00:00:00+00:00,-0.98,-0.9163095238095239,0.1446780717688919,-0.4402220420259329,False,False
2021-12-14 00:00:00+00:00,-0.93,-0.9163888888888889,0.14470761686255382,-0.09405939650045674,False,False
2021-12-15 00:00:00+00:00,-0.92,-0.9162301587301588,0.14467050970277334,-0.026058118393212436,False,False
2021-12-16 00:00:00+00:00,-0.98,-0.9159920634920634,0.1446145031400049,-0.44261076944660865,False,False
2021-12-17 00:00:00+00:00,-0.97,-0.9159523809523811,0.14459548505086045,-0.37378497003974936,False,False
2021-12-20 00:00:00+00:00,-0.96,-0.9158333333333334,0.14453835014054528,-0.3055705743404437,False,False
2021-12-21 00:00:00+00:00,-0.96,-0.9156746031746031,0.1444674975158205,-0.30681916408597576,False,False
2021-12-22 00:00:00+00:00,-1.01,-0.915515873015873,0.14439643494328622,-0.6543383638331307,False,False
2021-12-23 00:00:00+00:00,-0.97,-0.9155555555555556,0.1444211170593638,-0.37698395880752816,False,False
2021-12-27 00:00:00+00:00,-1.02,-0.9153968253968253,0.14433885978509492,-0.7247055627217619,False,False
2021-12-28 00:00:00+00:00,-1.01,-0.9154365079365079,0.14436634431549525,-0.6550244969619443,False,False
2021-12-29 00:00:00+00:00,-0.98,-0.9153571428571428,0.14430859829683784,-0.4479487563858744,False,False
2021-12-30 00:00:00+00:00,-1.06,-0.9151587301587302,0.14418466538519936,-1.004553913235616,False,False
2021-12-31 00:00:00+00:00,-1.04,-0.9153174603174604,0.14432249472193734,-0.8639161893837994,False,False
2022-01-03 00:00:00+00:00,-0.97,-0.9153571428571429,0.1443555241725483,-0.37852972690911674,False,False
2022-01-04 00:00:00+00:00,-0.91,-0.915,0.14410736369427005,0.03469635327315902,False,False
2022-01-05 00:00:00+00:00,-0.82,-0.9143253968253968,0.1437292901064343,0.6562712217916551,False,False
2022-01-06 00:00:00+00:00,-0.73,-0.9133333333333333,0.14351312112922385,1.2774673973416975,False,False
2022-01-07 00:00:00+00:00,-0.72,-0.9121825396825397,0.14381677701606838,1.3363012554583082,False,False
2022-01-10 00:00:00+00:00,-0.7,-0.9110317460317461,0.14419071791067856,1.4635598538490766,False,False
2022-01-11 00:00:00+00:00,-0.79,-0.9101190476190476,0.1447968274147073,0.8295696098024232,False,False
2022-01-12 00:00:00+00:00,-0.74,-0.9096428571428571,0.14499440650211343,1.1699958724986015,False,False
2022-01-13 00:00:00+00:00,-0.73,-0.9088888888888889,0.14538160924383295,1.2304781176885844,False,False
2022-01-14 00:00:00+00:00,-0.66,-0.9079761904761905,0.14578087383420452,1.7010200580784822,False,False
2022-01-18 00:00:00+00:00,-0.59,-0.9068650793650793,0.14660056870222118,2.16141780465193,True,False
2022-01-19 00:00:00+00:00,-0.57,-0.9052777777777777,0.14785694275257405,2.267582242240978,True,True
2022-01-20 00:00:00+00:00,-0.5,-0.9035714285714287,0.1492342434545815,2.704281666387468,True,True
2022-01-21 00:00:00+00:00,-0.59,-0.9015079365079365,0.1512000730428118,2.0602366800427014,True,True
2022-01-24 00:00:00+00:00,-0.63,-0.8999603174603176,0.15238475631396745,1.771570359072545,True,True
2022-01-25 00:00:00+00:00,-0.63,-0.898531746031746,0.1532224478008459,1.752561389573777,True,True
2022-01-26 00:00:00+00:00,-0.53,-0.8969444444444444,0.1539253612034053,2.383911537225787,True,True
2022-01-27 00:00:00+00:00,-0.59,-0.8949603174603175,0.1554187199107621,1.9621852350567472,True,True
2022-01-28 00:00:00+00:00,-0.66,-0.8931746031746032,0.15632813988708286,1.4915715324382874,True,True
2022-01-31 00:00:00+00:00,-0.65,-0.8915873015873016,0.15665788694886537,1.5421330281708572,True,True
2022-02-01 00:00:00+00:00,-0.62,-0.8901190476190476,0.1571825698771631,1.71850509779897,True,True
2022-02-02 00:00:00+00:00,-0.63,-0.888531746031746,0.15788387413941365,1.6374803787970067,True,True
2022-02-03 00:00:00+00:00,-0.56,-0.8869444444444445,0.15846559094903187,2.063188875808385,True,True
2022-02-04 00:00:00+00:00,-0.48,-0.8850396825396826,0.15949996069856365,2.5394343720570594,True,True
2022-02-07 00:00:00+00:00,-0.48,-0.8828968253968255,0.1612968523299552,2.4978591930153966,True,True
2022-02-08 00:00:00+00:00,-0.46,-0.8807539682539682,0.16304567279891086,2.5805896043183973,True,True
2022-02-09 00:00:00+00:00,-0.48,-0.8784920634920634,0.16491005618210283,2.4164206399397887,True,True
2022-02-10 00:00:00+00:00,-0.42,-0.8762698412698412,0.1664905348971214,2.740515198367172,True,True
2022-02-11 00:00:00+00:00,-0.51,-0.8737301587301588,0.16854537794157703,2.1580547812841164,True,True
2022-02-14 00:00:00+00:00,-0.5,-0.8716269841269841,0.16976469462131574,2.189071084279042,True,True
2022-02-15 00:00:00+00:00,-0.43,-0.8696031746031746,0.17114286938948442,2.568632722890325,True,True
2022-02-16 00:00:00+00:00,-0.43,-0.8675793650793651,0.17330882796725744,2.5248532934631305,True,True
2022-02-17 00:00:00+00:00,-0.46,-0.8656349206349206,0.1754538612316798,2.311917889907797,True,True
2022-02-18 00:00:00+00:00,-0.49,-0.8640079365079365,0.1773044288632581,2.1094111348813596,True,True
2022-02-22 00:00:00+00:00,-0.51,-0.8627777777777778,0.1788192298227485,1.9728179017852983,True,True
2022-02-23 00:00:00+00:00,-0.54,-0.8616666666666666,0.18013828242994073,1.7856652252236775,True,True
2022-02-24 00:00:00+00:00,-0.59,-0.8606746031746032,0.18121969802982654,1.4936268304014804,True,True
2022-02-25 00:00:00+00:00,-0.57,-0.8598809523809525,0.18196685951687003,1.593042563632736,True,True
2022-02-28 00:00:00+00:00,-0.79,-0.8597619047619047,0.1821472819666214,0.3829972317384819,False,True
2022-03-01 00:00:00+00:00,-0.9,-0.8600793650793651,0.1819548388947136,-0.21939858902974602,False,False
2022-03-02 00:00:00+00:00,-0.85,-0.8608333333333333,0.18172398184523028,0.05961421945156274,False,False
2022-03-03 00:00:00+00:00,-0.83,-0.8611111111111112,0.18165341643015936,0.17126631429512668,False,False
2022-03-04 00:00:00+00:00,-0.93,-0.861468253968254,0.18150276573168334,-0.3775796239549152,False,False
2022-03-07 00:00:00+00:00,-0.99,-0.8625396825396825,0.18110522357092862,-0.7037915027911855,False,False
2022-03-08 00:00:00+00:00,-1.04,-0.8638492063492064,0.18082773680431422,-0.9741359194326378,False,False
2022-03-09 00:00:00+00:00,-0.9,-0.865515873015873,0.18050651329153033,-0.1910409012689356,False,False
2022-03-10 00:00:00+00:00,-0.88,-0.866468253968254,0.18005042173418168,-0.07515531428037234,False,False
2022-03-11 00:00:00+00:00,-0.94,-0.8670634920634921,0.17984529633562304,-0.4055513790051838,False,False
2022-03-14 00:00:00+00:00,-0.79,-0.8678571428571428,0.179723590972248,0.43320491447984166,False,False
2022-03-15 00:00:00+00:00,-0.69,-0.8685317460317461,0.17910753459396953,0.9967852353976695,False,False
2022-03-16 00:00:00+00:00,-0.61,-0.8686904761904761,0.17893073129610554,1.4457576645253816,False,False
2022-03-17 00:00:00+00:00,-0.71,-0.8684126984126984,0.17927882398803968,0.883610762770659,False,False
2022-03-18 00:00:00+00:00,-0.72,-0.8685714285714285,0.17912009052537883,0.8294515044942883,False,False
2022-03-21 00:00:00+00:00,-0.58,-0.8692063492063492,0.178303663154139,1.6219877039561306,False,False
2022-03-22 00:00:00+00:00,-0.53,-0.8692460317460318,0.17823790835907619,1.9033326572851736,False,False
2022-03-23 00:00:00+00:00,-0.62,-0.8688095238095239,0.17893490611410484,1.3905030002969951,False,False
2022-03-24 00:00:00+00:00,-0.58,-0.8686507936507936,0.17913850135771112,1.6113275005823782,False,False
2022-03-25 00:00:00+00:00,-0.47,-0.8682142857142857,0.17970866672117747,2.215888042462222,True,False
2022-03-28 00:00:00+00:00,-0.49,-0.8673412698412698,0.18110680798791812,2.0835289077948014,True,True
2022-03-29 00:00:00+00:00,-0.45,-0.8666269841269841,0.18223964058247472,2.286149066116242,True,True
2022-03-30 00:00:00+00:00,-0.51,-0.8659126984126985,0.1835190544441648,1.9393773550690563,True,True
2022-03-31 00:00:00+00:00,-0.52,-0.8654761904761904,0.18423571919597223,1.8751857239404595,True,True
2022-04-01 00:00:00+00:00,-0.41,-0.8650396825396826,0.18492487548839168,2.4606731860054536,True,True
2022-04-04 00:00:00+00:00,-0.38,-0.8640476190476191,0.18669137909973615,2.5927689933075393,True,True
2022-04-05 00:00:00+00:00,-0.3,-0.863015873015873,0.18864275071266937,2.9845614045006634,True,True
2022-04-06 00:00:00+00:00,-0.22,-0.8617460317460317,0.1913428302013053,3.353906864818883,True,True
2022-04-07 00:00:00+00:00,-0.16,-0.8600396825396825,0.1951187155555677,3.5877628680900107,True,True
2022-04-08 00:00:00+00:00,-0.15,-0.8580555555555555,0.1996505634825248,3.5464741155991315,True,True
2022-04-11 00:00:00+00:00,-0.12,-0.8559126984126985,0.20430515883294198,3.602027000279743,True,True
2022-04-12 00:00:00+00:00,-0.14,-0.8538492063492064,0.2090651385352383,3.414482258259838,True,True
2022-04-13 00:00:00+00:00,-0.1,-0.8518650793650793,0.21342981167760758,3.522774412136928,True,True
2022-04-14 00:00:00+00:00,-0.06,-0.8495238095238095,0.21839091798044716,3.615186093015538,True,True
2022-04-18 00:00:00+00:00,-0.07,-0.8470238095238095,0.2237641389255468,3.4725126789970093,True,True
2022-04-19 00:00:00+00:00,0.0,-0.8442460317460319,0.22900753085296963,3.686542659106113,True,True
2022-04-20 00:00:00+00:00,-0.07,-0.8411904761904763,0.23505905723247444,3.280837102259648,True,True
2022-04-21 00:00:00+00:00,-0.12,-0.8385714285714286,0.2399293198901863,2.994929627193179,True,True
2022-04-22 00:00:00+00:00,-0.08,-0.8361111111111111,0.24408695538352373,3.0977120834788776,True,True
2022-04-25 00:00:00+00:00,-0.1,-0.8334126984126985,0.24864785800063402,2.9496039270558625,True,True
2022-04-26 00:00:00+00:00,-0.08,-0.8307936507936508,0.25286439738622646,2.9691552411266677,True,True
2022-04-27 00:00:00+00:00,-0.06,-0.8280952380952381,0.25721373841267947,2.9862138890220904,True,True
2022-04-28 00:00:00+00:00,-0.12,-0.8252380952380952,0.26170971506100027,2.694734106732399,True,True
2022-04-29 00:00:00+00:00,0.01,-0.8226984126984128,0.26542430197166966,3.137235010181139,True,True
2022-05-02 00:00:00+00:00,0.18,-0.8195634920634921,0.27054653247006877,3.6946084022499024,True,True
2022-05-03 00:00:00+00:00,0.14,-0.8157936507936508,0.2777624115145172,3.441047496607353,True,True
2022-05-04 00:00:00+00:00,0.07,-0.8122222222222223,0.28419422371863656,3.104293291673855,True,True
2022-05-05 00:00:00+00:00,0.18,-0.8088095238095238,0.2895747868854758,3.4146948166471036,True,True
2022-05-06 00:00:00+00:00,0.26,-0.8048809523809524,0.29619833204570123,3.595161880306095,True,True
2022-05-09 00:00:00+00:00,0.3,-0.8003571428571429,0.30365809469643507,3.6236713661697784,True,True
2022-05-10 00:00:00+00:00,0.34,-0.7957142857142856,0.3114339757145399,3.6467257084220006,True,True
2022-05-11 00:00:00+00:00,0.21,-0.7908333333333333,0.31948492535623163,3.132646500354862,True,True
2022-05-12 00:00:00+00:00,0.25,-0.7863888888888889,0.3255532458630754,3.1834696844791535,True,True
2022-05-13 00:00:00+00:00,0.24,-0.7818650793650793,0.3319651940948453,3.07822957810789,True,True
2022-05-16 00:00:00+00:00,0.2,-0.7775396825396825,0.33811803146223246,2.8911196433748105,True,True
2022-05-17 00:00:00+00:00,0.27,-0.7733730158730159,0.34364598280792985,3.0361856912966636,True,True
2022-05-18 00:00:00+00:00,0.17,-0.7688095238095238,0.34980497046087167,2.683808416365933,True,True
2022-05-19 00:00:00+00:00,0.25,-0.7645634920634921,0.3546663994753901,2.8606135048716155,True,True
2022-05-20 00:00:00+00:00,0.23,-0.760079365079365,0.36029977786707806,2.7479322106177526,True,True
2022-05-23 00:00:00+00:00,0.26,-0.7559920634920635,0.36564766521365827,2.7786094652030404,True,True
2022-05-24 00:00:00+00:00,0.21,-0.7518650793650794,0.37120254354925997,2.591213600446238,True,True
2022-05-25 00:00:00+00:00,0.19,-0.7478571428571429,0.37610100182566747,2.4936310679966334,True,True
2022-05-26 00:00:00+00:00,0.13,-0.7438095238095238,0.3806742961503568,2.295425597803932,True,True
2022-05-27 00:00:00+00:00,0.11,-0.7398809523809524,0.38455902426248595,2.2100143248773554,True,True
2022-05-31 00:00:00+00:00,0.21,-0.7361904761904762,0.388231986224803,2.437178052718694,True,True
2022-06-01 00:00:00+00:00,0.29,-0.7321428571428571,0.3927502519248329,2.6025262928118535,True,True
2022-06-02 00:00:00+00:00,0.26,-0.7276587301587302,0.3979304962975776,2.4819880339609512,True,True
2022-06-03 00:00:00+00:00,0.22,-0.7232936507936508,0.40269790497181224,2.3424349596744953,True,True
2022-06-06 00:00:00+00:00,0.28,-0.719047619047619,0.40697490270109754,2.4548138286093995,True,True
2022-06-07 00:00:00+00:00,0.25,-0.7148015873015873,0.4117850079185385,2.342974048954326,True,True
2022-06-08 00:00:00+00:00,0.28,-0.7104761904761905,0.4161660661922929,2.3800022898035444,True,True
2022-06-09 00:00:00+00:00,0.29,-0.7061111111111111,0.42075623858277683,2.3674304021404136,True,True
2022-06-10 00:00:00+00:00,0.39,-0.7016666666666668,0.4253327733992367,2.566617798911016,True,True
2022-06-13 00:00:00+00:00,0.69,-0.6968650793650794,0.43078647345054627,3.2193793557547474,True,True
2022-06-14 00:00:00+00:00,0.89,-0.6905555555555555,0.4393581075865984,3.597419800075101,True,True
2022-06-15 00:00:00+00:00,0.63,-0.6836507936507936,0.45037674034787356,2.916782053700469,True,True
2022-06-16 00:00:00+00:00,0.66,-0.6777777777777778,0.45778766261885484,2.9222669962855368,True,True
2022-06-17 00:00:00+00:00,0.67,-0.6717063492063491,0.4653121570145137,2.8834543198158893,True,True
2022-06-21 00:00:00+00:00,0.7,-0.6660714285714285,0.4728965197414809,2.8887322522868657,True,True
2022-06-22 00:00:00+00:00,0.62,-0.6603174603174603,0.48062946194955536,2.6638347452196687,True,True
2022-06-23 00:00:00+00:00,0.59,-0.6547222222222222,0.4872750499716961,2.554455070692668,True,True
2022-06-24 00:00:00+00:00,0.57,-0.6494047619047619,0.49350284964396346,2.470917367112467,True,True
2022-06-27 00:00:00+00:00,0.65,-0.6438492063492064,0.499307752944773,2.591286032949533,True,True
2022-06-28 00:00:00+00:00,0.72,-0.637936507936508,0.505756216505904,2.6849625642132984,True,True
2022-06-29 00:00:00+00:00,0.74,-0.6318650793650794,0.5128167019235071,2.675156784518516,True,True
2022-06-30 00:00:00+00:00,0.65,-0.6257539682539682,0.5199316410248258,2.4536955776327782,True,True
2022-07-01 00:00:00+00:00,0.54,-0.6198412698412697,0.5259231824400399,2.2053434960979357,True,True
2022-07-05 00:00:00+00:00,0.52,-0.614404761904762,0.530800383073013,2.137158898298537,True,True
2022-07-06 00:00:00+00:00,0.64,-0.6088888888888889,0.5353365433974827,2.3329042343399298,True,True
2022-07-07 00:00:00+00:00,0.68,-0.6028968253968254,0.540824902320481,2.3721112321055977,True,True
2022-07-08 00:00:00+00:00,0.72,-0.5966666666666666,0.5465174058530934,2.409194387160275,True,True
2022-07-11 00:00:00+00:00,0.67,-0.590079365079365,0.5523358526064481,2.2813644255268004,True,True
2022-07-12 00:00:00+00:00,0.64,-0.5836507936507938,0.5575331311322413,2.1947588857469276,True,True
2022-07-13 00:00:00+00:00,0.6,-0.5774603174603175,0.5624228131306337,2.0935500658413537,True,True
2022-07-14 00:00:00+00:00,0.62,-0.571468253968254,0.5668918428924264,2.1017558620866366,True,True
2022-07-15 00:00:00+00:00,0.57,-0.5652380952380952,0.5713250333062693,1.987026699440159,True,True
2022-07-18 00:00:00+00:00,0.59,-0.5592460317460318,0.5752836014486598,1.9977034437485082,True,True
2022-07-19 00:00:00+00:00,0.62,-0.5530555555555555,0.5792258441873834,2.025212734078323,True,True
2022-07-20 00:00:00+00:00,0.66,-0.5465873015873016,0.5831903773661281,2.0689424044282605,True,True
2022-07-21 00:00:00+00:00,0.58,-0.5399206349206349,0.5873446167756785,1.9067521910196723,True,True
2022-07-22 00:00:00+00:00,0.43,-0.5334523809523809,0.5906708200374446,1.6311155863282774,True,True
2022-07-25 00:00:00+00:00,0.45,-0.5276587301587301,0.5929369088626585,1.648841074902936,True,True
2022-07-26 00:00:00+00:00,0.45,-0.521984126984127,0.595428159372843,1.6324120915072369,True,True
2022-07-27 00:00:00+00:00,0.36,-0.5161904761904762,0.5977592383230607,1.4657916097600094,True,True
2022-07-28 00:00:00+00:00,0.2,-0.510595238095238,0.599339645621649,1.1856302904143645,True,True
2022-07-29 00:00:00+00:00,0.14,-0.5053968253968254,0.599800964057163,1.0760183195292714,True,True
2022-08-01 00:00:00+00:00,0.09,-0.5003571428571428,0.5998674085140635,0.9841460537413115,False,True
2022-08-02 00:00:00+00:00,0.27,-0.4954365079365079,0.5996029628714052,1.2765722575334713,False,False
2022-08-03 00:00:00+00:00,0.23,-0.48980158730158735,0.6000992284460385,1.199470942773113,False,False
2022-08-04 00:00:00+00:00,0.22,-0.48428571428571426,0.6003026176714121,1.1732177964135073,False,False
2022-08-05 00:00:00+00:00,0.37,-0.47876984126984123,0.6003628340206262,1.4137614675206238,False,False
2022-08-08 00:00:00+00:00,0.29,-0.47257936507936504,0.6010423330401651,1.268761488433137,False,False
2022-08-09 00:00:00+00:00,0.33,-0.4668253968253968,0.6013757809806092,1.3250041355607731,False,False
2022-08-10 00:00:00+00:00,0.35,-0.4611507936507937,0.6021236199192842,1.3471499320347704,False,False
2022-08-11 00:00:00+00:00,0.4,-0.45555555555555555,0.6030870855505479,1.4186268883117163,False,False
2022-08-12 00:00:00+00:00,0.37,-0.4498412698412698,0.6043481017516376,1.3565712665681395,False,False
2022-08-15 00:00:00+00:00,0.35,-0.4442460317460318,0.6053886728402755,1.3119605096337572,False,False
2022-08-16 00:00:00+00:00,0.38,-0.4386111111111111,0.606149146994322,1.350511033745263,False,False
2022-08-17 00:00:00+00:00,0.43,-0.4329365079365079,0.6070955836979234,1.4214178641857573,False,False
2022-08-18 00:00:00+00:00,0.36,-0.42694444444444446,0.6081345888667906,1.294030069743034,False,False
2022-08-19 00:00:00+00:00,0.43,-0.4211507936507936,0.6086513282020118,1.3984209911529117,False,False
2022-08-22 00:00:00+00:00,0.46,-0.4151984126984127,0.6096145019220278,1.4356587809821397,False,False
2022-08-23 00:00:00+00:00,0.47,-0.40920634920634924,0.6107700099539309,1.4395047806500287,False,False
2022-08-24 00:00:00+00:00,0.49,-0.4032142857142857,0.6119627375467392,1.4595893359374117,False,False
2022-08-25 00:00:00+00:00,0.43,-0.39726190476190476,0.6133306976488504,1.3488023800751225,False,False
2022-08-26 00:00:00+00:00,0.47,-0.39150793650793647,0.614266079699852,1.4024996088484878,False,False
2022-08-29 00:00:00+00:00,0.54,-0.38563492063492066,0.6154032086477403,1.5041113007338225,False,False
2022-08-30 00:00:00+00:00,0.56,-0.37952380952380954,0.6169225217458177,1.5229202637392267,False,False
2022-08-31 00:00:00+00:00,0.67,-0.37337301587301586,0.6185364841439505,1.686841508334041,False,False
2022-09-01 00:00:00+00:00,0.81,-0.36642857142857144,0.6203924529476817,1.8962651235342813,False,False
2022-09-02 00:00:00+00:00,0.73,-0.35892857142857143,0.6231497256157618,1.7474589599675312,False,False
2022-09-06 00:00:00+00:00,0.85,-0.35194444444444445,0.6254571148200085,1.9217056069309166,False,False
2022-09-07 00:00:00+00:00,0.82,-0.344484126984127,0.6285417035120365,1.8526759966402568,False,False
2022-09-08 00:00:00+00:00,0.88,-0.33714285714285713,0.6313008856288613,1.9279916832849326,False,False
2022-09-09 00:00:00+00:00,0.91,-0.3296428571428572,0.6344940822944695,1.9537500691259995,False,False
2022-09-12 00:00:00+00:00,0.95,-0.3221428571428572,0.6379369227119019,1.994151477758826,False,False
2022-09-13 00:00:00+00:00,0.98,-0.3142857142857143,0.6413679709943524,2.0180080278706516,True,False
2022-09-14 00:00:00+00:00,0.95,-0.3061111111111111,0.6446889638539592,1.948398656620492,True,True
2022-09-15 00:00:00+00:00,1.02,-0.2981746031746032,0.6477978642894139,2.0348548148125536,True,True
2022-09-16 00:00:00+00:00,1.07,-0.29,0.651387119371319,2.087852153589701,True,True
2022-09-19 00:00:00+00:00,1.15,-0.28158730158730155,0.6552113040125555,2.184924608016025,True,True
2022-09-20 00:00:00+00:00,1.17,-0.27289682539682536,0.659620757024404,2.187464251285595,True,True
2022-09-21 00:00:00+00:00,1.13,-0.2642460317460318,0.6641945568481696,2.0991530529280547,True,True
2022-09-22 00:00:00+00:00,1.29,-0.25595238095238093,0.6685069033264366,2.3125451259513494,True,True
2022-09-23 00:00:00+00:00,1.32,-0.24694444444444444,0.6739830681731913,2.3249017941824492,True,True
2022-09-26 00:00:00+00:00,1.56,-0.23789682539682538,0.679652434368967,2.6453180103240683,True,True
2022-09-27 00:00:00+00:00,1.64,-0.2278968253968254,0.6874793305620449,2.717022523236788,True,True
2022-09-28 00:00:00+00:00,1.39,-0.21781746031746033,0.6961513424867544,2.3095803486840967,True,True
2022-09-29 00:00:00+00:00,1.57,-0.20884920634920637,0.7022467253226999,2.533082949631101,True,True
2022-09-30 00:00:00+00:00,1.68,-0.19916666666666666,0.7098743646208201,2.647182037162907,True,True
2022-10-03 00:00:00+00:00,1.43,-0.18916666666666668,0.7185080963093928,2.253512068943265,True,True
2022-10-04 00:00:00+00:00,1.38,-0.18023809523809525,0.7245918914949698,2.1532646356544642,True,True
2022-10-05 00:00:00+00:00,1.54,-0.17138888888888887,0.7299768426411775,2.3444427123150917,True,True
2022-10-06 00:00:00+00:00,1.61,-0.16170634920634921,0.7364277031937598,2.405811652009783,True,True
2022-10-07 00:00:00+00:00,1.62,-0.15178571428571427,0.7433838225866554,2.38340633795428,True,True
2022-10-11 00:00:00+00:00,1.62,-0.14174603174603176,0.7501565088918393,2.3485046265192744,True,True
2022-10-12 00:00:00+00:00,1.62,-0.13174603174603172,0.7567755874926357,2.3147496572265926,True,True
2022-10-13 00:00:00+00:00,1.63,-0.12182539682539684,0.763285935669898,2.295110279069805,True,True
2022-10-14 00:00:00+00:00,1.59,-0.11182539682539683,0.7696627302892173,2.211131356439592,True,True
2022-10-17 00:00:00+00:00,1.57,-0.10194444444444443,0.7754652817991158,2.1560532543319733,True,True
2022-10-18 00:00:00+00:00,1.6,-0.09190476190476189,0.7806721123934578,2.167241195176758,True,True
2022-10-19 00:00:00+00:00,1.72,-0.08158730158730158,0.7857870038729541,2.2927171010817355,True,True
2022-10-20 00:00:00+00:00,1.73,-0.0709126984126984,0.7919175630146187,2.274116375897896,True,True
2022-10-21 00:00:00+00:00,1.69,-0.06027777777777778,0.7980366359590811,2.1932298580181,True,True
2022-10-24 00:00:00+00:00,1.66,-0.05003968253968254,0.8038778018650404,2.1272383421613297,True,True
2022-10-25 00:00:00+00:00,1.59,-0.039801587301587296,0.8091658438577302,2.014174967558497,True,True
2022-10-26 00:00:00+00:00,1.6,-0.029682539682539685,0.8135451282564816,2.0031864036542535,True,True
2022-10-27 00:00:00+00:00,1.51,-0.01944444444444444,0.8177613066599595,1.8702822351564454,True,True
2022-10-28 00:00:00+00:00,1.51,-0.009404761904761904,0.8209527326831547,1.8507822696914922,True,True
2022-10-31 00:00:00+00:00,1.58,0.0007936507936507953,0.8238077012052636,1.9169599251086233,True,True
2022-11-01 00:00:00+00:00,1.56,0.011468253968253971,0.8267797578028101,1.8729676572476952,True,True
2022-11-02 00:00:00+00:00,1.57,0.02162698412698413,0.8300233590926643,1.8654571572125533,True,True
2022-11-03 00:00:00+00:00,1.74,0.03166666666666667,0.8333967837730017,2.0498439238021398,True,True
2022-11-04 00:00:00+00:00,1.69,0.042222222222222223,0.8381271940752338,1.9660235217589972,True,True
2022-11-07 00:00:00+00:00,1.69,0.052698412698412696,0.8421651215466346,1.9441574406390592,True,True
2022-11-08 00:00:00+00:00,1.64,0.06309523809523811,0.8461480230724063,1.8636275437705814,True,True
2022-11-09 00:00:00+00:00,1.7,0.0736904761904762,0.8491173478072267,1.915294191090701,True,True
2022-11-10 00:00:00+00:00,1.43,0.08476190476190477,0.8520677584541914,1.578792392847496,True,True
2022-11-14 00:00:00+00:00,1.51,0.09484126984126985,0.852901057420014,1.6592296584078807,True,True
2022-11-15 00:00:00+00:00,1.45,0.10547619047619047,0.8537749380540347,1.5747988721574722,True,True
2022-11-16 00:00:00+00:00,1.38,0.11575396825396826,0.8543112058485302,1.4798425012935896,True,True
2022-11-17 00:00:00+00:00,1.49,0.1257936507936508,0.8542430802288571,1.596976763149044,True,True
2022-11-18 00:00:00+00:00,1.57,0.1361904761904762,0.8548417128407559,1.6772807202455982,True,True
2022-11-21 00:00:00+00:00,1.52,0.1467857142857143,0.8560045621796605,1.6042137464987856,True,True
2022-11-22 00:00:00+00:00,1.44,0.15718253968253967,0.8567117242682627,1.4973735318180037,True,True
2022-11-23 00:00:00+00:00,1.39,0.16742063492063491,0.8565641162864293,1.4273063064791554,True,True
2022-11-25 00:00:00+00:00,1.36,0.17734126984126983,0.8561875065763929,1.381308090896802,True,True
2022-11-28 00:00:00+00:00,1.43,0.1866269841269841,0.8562747840051903,1.4520724411119401,True,True
2022-11-29 00:00:00+00:00,1.5,0.19607142857142856,0.8568133556100372,1.5218350214676515,True,True
2022-11-30 00:00:00+00:00,1.34,0.20587301587301585,0.857548409506681,1.322522404046449,True,True
2022-12-01 00:00:00+00:00,1.17,0.21543650793650793,0.8567009175249851,1.1142319011647992,True,True
2022-12-02 00:00:00+00:00,1.08,0.22412698412698415,0.8552251117564966,1.0007575831294155,True,True
2022-12-05 00:00:00+00:00,1.21,0.23265873015873018,0.8529847260249409,1.1457898834787492,True,True
2022-12-06 00:00:00+00:00,1.2,0.24146825396825397,0.8515623250299894,1.1256154926745843,True,True
2022-12-07 00:00:00+00:00,1.16,0.2503174603174603,0.8498820508817976,1.07036328010304,True,True
2022-12-08 00:00:00+00:00,1.2,0.25920634920634916,0.8476239141741118,1.1099187210996986,True,True
2022-12-09 00:00:00+00:00,1.31,0.2679761904761905,0.8458708420926669,1.2318947026780878,True,True
2022-12-12 00:00:00+00:00,1.33,0.2771031746031746,0.8446508161748134,1.2465468631938343,True,True
2022-12-13 00:00:00+00:00,1.27,0.28634920634920635,0.8433669981125299,1.1663377815971236,True,True
2022-12-14 00:00:00+00:00,1.3,0.2952777777777778,0.8418157205663529,1.1935180083668073,True,True
2022-12-15 00:00:00+00:00,1.28,0.30424603174603176,0.840426653044472,1.1610221602554711,True,True
2022-12-16 00:00:00+00:00,1.35,0.3132142857142857,0.8387243596726216,1.2361459427390447,True,True
2022-12-19 00:00:00+00:00,1.42,0.32226190476190475,0.8375567072774937,1.3106433101184636,True,True
2022-12-20 00:00:00+00:00,1.45,0.33154761904761904,0.8367002548395024,1.336742010634292,True,True
2022-12-21 00:00:00+00:00,1.41,0.3411904761904762,0.8355265125749781,1.279204798080673,True,True
2022-12-22 00:00:00+00:00,1.48,0.35063492063492063,0.8340963533931885,1.353998341763164,True,True
2022-12-23 00:00:00+00:00,1.55,0.36031746031746037,0.8329828669224533,1.428219699257384,True,True
2022-12-27 00:00:00+00:00,1.58,0.37027777777777776,0.8321385126319999,1.4537510328610435,True,True
2022-12-28 00:00:00+00:00,1.6,0.3805555555555556,0.8310165670730553,1.4674129166154666,True,True
2022-12-29 00:00:00+00:00,1.56,0.39075396825396824,0.8301455657550382,1.408483138354866,True,True
2022-12-30 00:00:00+00:00,1.58,0.40099206349206346,0.8285855369052914,1.4229163846033908,True,True
2023-01-03 00:00:00+00:00,1.53,0.4112698412698413,0.8270756664122613,1.3526333855075847,True,True
2023-01-04 00:00:00+00:00,1.47,0.4212301587301587,0.8253660751274466,1.270672339068332,True,True
2023-01-05 00:00:00+00:00,1.49,0.43126984126984125,0.8226596495557215,1.2869601168623348,True,True
2023-01-06 00:00:00+00:00,1.34,0.4413095238095238,0.820066725147285,1.0958748216848702,True,True
2023-01-09 00:00:00+00:00,1.31,0.45047619047619053,0.817133613346267,1.051876701050088,True,True
2023-01-10 00:00:00+00:00,1.37,0.45928571428571424,0.8143701191414627,1.1183051346166684,True,True
2023-01-11 00:00:00+00:00,1.31,0.4679761904761905,0.8123466275276495,1.0365326585850199,True,True
2023-01-12 00:00:00+00:00,1.22,0.4760714285714286,0.8105234418927738,0.9178372061532399,False,True
2023-01-13 00:00:00+00:00,1.31,0.48376984126984124,0.808327964510897,1.022147191493114,False,False
2023-01-17 00:00:00+00:00,1.36,0.49174603174603176,0.8065153803549732,1.0765497960768238,False,False
2023-01-18 00:00:00+00:00,1.25,0.5002777777777778,0.8042711692999758,0.9321759262796501,False,False
2023-01-19 00:00:00+00:00,1.19,0.5081746031746032,0.8018106012697783,0.8503571738084177,False,False
2023-01-20 00:00:00+00:00,1.25,0.5157936507936508,0.7991158991026066,0.9187732968782755,False,False
2023-01-23 00:00:00+00:00,1.24,0.5233730158730159,0.7969744404378245,0.8991844001086147,False,False
2023-01-24 00:00:00+00:00,1.19,0.5306349206349207,0.7951243316862039,0.8292603472047916,False,False
2023-01-25 00:00:00+00:00,1.17,0.5376190476190477,0.7931453633757839,0.79730775918479,False,False
2023-01-26 00:00:00+00:00,1.16,0.5442460317460318,0.791415990427604,0.7780408479253429,False,False
2023-01-27 00:00:00+00:00,1.19,0.5511904761904762,0.7890981358213571,0.809543825806405,False,False
2023-01-30 00:00:00+00:00,1.26,0.5584126984126984,0.78656894009829,0.8919590716353877,False,False
2023-01-31 00:00:00+00:00,1.28,0.5659126984126984,0.7841992644551312,0.9105941996559458,False,False
2023-02-01 00:00:00+00:00,1.14,0.5730952380952382,0.7824086462318434,0.7245635188657877,False,False
2023-02-02 00:00:00+00:00,1.18,0.5799603174603175,0.779747889594698,0.7695303707094028,False,False
2023-02-03 00:00:00+00:00,1.31,0.5872619047619048,0.7766995520024561,0.9305246711868965,False,False
2023-02-06 00:00:00+00:00,1.38,0.5950396825396826,0.7740695471065014,1.0140694985282988,False,False
2023-02-07 00:00:00+00:00,1.36,0.6029761904761904,0.7718118277396457,0.9808398657751272,False,False
2023-02-08 00:00:00+00:00,1.29,0.610873015873016,0.7693226905125562,0.8827595916539522,False,False
2023-02-09 00:00:00+00:00,1.34,0.6182142857142858,0.7669282040930225,0.941138571294696,False,False
2023-02-10 00:00:00+00:00,1.41,0.625436507936508,0.7651124230183929,1.0254224980014885,False,False
2023-02-13 00:00:00+00:00,1.41,0.6329365079365079,0.7634948659259754,1.0177717319959454,False,False
2023-02-14 00:00:00+00:00,1.46,0.6403571428571428,0.7619158799997443,1.075765551891545,False,False
2023-02-15 00:00:00+00:00,1.46,0.6480555555555556,0.760349959325507,1.0678562344695934,False,False
2023-02-16 00:00:00+00:00,1.49,0.655515873015873,0.7590506571668628,1.0993787029956836,False,False
2023-02-17 00:00:00+00:00,1.46,0.6634523809523809,0.7572694090498777,1.0518682116672617,False,False
2023-02-21 00:00:00+00:00,1.53,0.6712301587301588,0.7553351243012326,1.1369388416357533,False,False
2023-02-22 00:00:00+00:00,1.52,0.6790079365079366,0.7540405158466957,1.1153141586135218,False,False
2023-02-23 00:00:00+00:00,1.49,0.6867460317460318,0.7526186204398562,1.067278893238808,False,False
2023-02-24 00:00:00+00:00,1.57,0.694484126984127,0.7508036409852853,1.1661049910026102,False,False
2023-02-27 00:00:00+00:00,1.56,0.7026587301587301,0.7490682622811777,1.144543579019571,False,False
2023-02-28 00:00:00+00:00,1.49,0.7108730158730158,0.7470643954187742,1.0429181057280035,False,False
2023-03-01 00:00:00+00:00,1.57,0.7189285714285715,0.7444627216198356,1.143202209936891,False,False
2023-03-02 00:00:00+00:00,1.6,0.7274999999999999,0.7417619945600487,1.1762533082023088,False,False
2023-03-03 00:00:00+00:00,1.45,0.7361111111111112,0.73923075363992,0.9657186005503023,False,False
2023-03-06 00:00:00+00:00,1.49,0.745,0.7342576270956972,1.0146302503479514,False,False
2023-03-07 00:00:00+00:00,1.59,0.7544841269841269,0.728336621904186,1.147156202075181,False,False
2023-03-08 00:00:00+00:00,1.66,0.7641666666666667,0.7231216221895762,1.2388418570873245,False,False
2023-03-09 00:00:00+00:00,1.63,0.7740476190476191,0.7182472896141897,1.191723788351725,False,False
2023-03-10 00:00:00+00:00,1.44,0.7842063492063492,0.7121275605041859,0.9208935128551256,False,False
2023-03-13 00:00:00+00:00,1.31,0.7938492063492064,0.704417948730289,0.7327337336891454,False,False
2023-03-14 00:00:00+00:00,1.33,0.8031746031746032,0.6955431834112662,0.7574301774357142,False,False
2023-03-15 00:00:00+00:00,1.22,0.8120238095238095,0.6879320239314102,0.5930472434539077,False,False
2023-03-16 00:00:00+00:00,1.34,0.8203571428571428,0.6800277351302536,0.7641495049364774,False,False
2023-03-17 00:00:00+00:00,1.29,0.8294047619047619,0.6716288421818535,0.6857883538755549,False,False
2023-03-20 00:00:00+00:00,1.33,0.8376587301587302,0.6643899596841111,0.7410426100890463,False,False
2023-03-21 00:00:00+00:00,1.36,0.8456746031746032,0.6580406304965526,0.7816012765614347,False,False
2023-03-22 00:00:00+00:00,1.2,0.8534920634920634,0.6523556059314152,0.5311641892203902,False,False
2023-03-23 00:00:00+00:00,1.19,0.8610714285714286,0.6451739649713338,0.5098292697585622,False,False
2023-03-24 00:00:00+00:00,1.16,0.8686507936507937,0.6377017414396957,0.4568737819210702,False,False
2023-03-27 00:00:00+00:00,1.29,0.8755555555555556,0.6313421554276296,0.6564498202464035,False,False
2023-03-28 00:00:00+00:00,1.24,0.8827777777777777,0.6255829331091353,0.5710229664464065,False,False
2023-03-29 00:00:00+00:00,1.24,0.8901587301587301,0.6187166825535663,0.5654304784500164,False,False
2023-03-30 00:00:00+00:00,1.21,0.8973809523809524,0.6120739722649422,0.5107537026320854,False,False
2023-03-31 00:00:00+00:00,1.16,0.904047619047619,0.6062426618558494,0.42219460466350445,False,False
2023-04-03 00:00:00+00:00,1.14,0.9105952380952381,0.6000046836280836,0.38233828529071895,False,False
2023-04-04 00:00:00+00:00,1.1,0.9169047619047619,0.5939696482858362,0.30825689262682193,False,False
2023-04-05 00:00:00+00:00,1.07,0.9232936507936508,0.5871803318495245,0.24984888159357735,False,False
2023-04-06 00:00:00+00:00,1.06,0.9296031746031745,0.5801097585302881,0.22477957572578458,False,False
2023-04-07 00:00:00+00:00,1.14,0.9354365079365079,0.5739436927840205,0.35641735354076076,False,False
2023-04-10 00:00:00+00:00,1.14,0.941468253968254,0.5680208063428397,0.34951491884598035,False,False
2023-04-11 00:00:00+00:00,1.14,0.9471825396825396,0.5627001621846259,0.3426646609961266,False,False
2023-04-12 00:00:00+00:00,1.14,0.9525793650793651,0.5579630834033967,0.3359014968829635,False,False
2023-04-13 00:00:00+00:00,1.16,0.9577380952380952,0.5536284179452072,0.3653387329945962,False,False
2023-04-14 00:00:00+00:00,1.22,0.9629365079365079,0.5493191257627837,0.4679674892195572,False,False
2023-04-17 00:00:00+00:00,1.28,0.9682539682539683,0.545265137984557,0.5717329240932711,False,False
2023-04-18 00:00:00+00:00,1.3,0.9738888888888888,0.5410878406970084,0.602695323352725,False,False
2023-04-19 00:00:00+00:00,1.32,0.9794444444444445,0.5371910201412562,0.633956158585833,False,False
2023-04-20 00:00:00+00:00,1.28,0.9849206349206349,0.5335743503032951,0.5530238942551037,False,False
2023-04-21 00:00:00+00:00,1.29,0.9902777777777777,0.5297036702808302,0.5658299895549528,False,False
2023-04-24 00:00:00+00:00,1.24,0.9953968253968253,0.5263179636629745,0.46474411190685744,False,False
2023-04-25 00:00:00+00:00,1.15,1.000595238095238,0.5222065149727826,0.28610283024245453,False,False
2023-04-26 00:00:00+00:00,1.18,1.0056349206349207,0.5174554599563476,0.33696635335491226,False,False
2023-04-27 00:00:00+00:00,1.26,1.0106349206349206,0.5129917654748561,0.4860995753689186,False,False
2023-04-28 00:00:00+00:00,1.26,1.0160317460317458,0.5083942056228411,0.47988008374203467,False,False
2023-05-01 00:00:00+00:00,1.36,1.0213492063492062,0.5038724197827169,0.6720963092142035,False,False
2023-05-02 00:00:00+00:00,1.24,1.0269841269841269,0.4996536965540308,0.4263270230661414,False,False
2023-05-03 00:00:00+00:00,1.18,1.0323809523809522,0.4945341541247665,0.2985012185463834,False,False
2023-05-04 00:00:00+00:00,1.18,1.0370238095238096,0.49037211603011055,0.29156672209194523,False,False
2023-05-05 00:00:00+00:00,1.23,1.0409920634920635,0.4874466034057646,0.3877510586541123,False,False
2023-05-08 00:00:00+00:00,1.29,1.0453174603174604,0.484245314190476,0.5052863342448259,False,False
2023-05-09 00:00:00+00:00,1.3,1.05015873015873,0.4805400085361831,0.5199177288116641,False,False
2023-05-10 00:00:00+00:00,1.26,1.0546031746031745,0.4776305241496189,0.43003287062215567,False,False
2023-05-11 00:00:00+00:00,1.23,1.0585714285714285,0.4751501574959911,0.36078820289566643,False,False
2023-05-12 00:00:00+00:00,1.28,1.0622619047619049,0.4728409127203042,0.46048911881466575,False,False
2023-05-15 00:00:00+00:00,1.31,1.0659920634920634,0.47082386038356017,0.5182573718952004,False,False
2023-05-16 00:00:00+00:00,1.35,1.0703571428571428,0.4679465519976205,0.597595721026446,False,False
2023-05-17 00:00:00+00:00,1.35,1.0747222222222221,0.4653871307806367,0.5915027717161606,False,False
2023-05-18 00:00:00+00:00,1.42,1.0791269841269842,0.4627004053225858,0.7367035169017535,False,False
2023-05-19 00:00:00+00:00,1.46,1.0839682539682538,0.4598390145549805,0.8177465028617881,False,False
2023-05-22 00:00:00+00:00,1.48,1.0886904761904763,0.4575513724107793,0.8552253307596132,False,False
2023-05-23 00:00:00+00:00,1.44,1.0938888888888887,0.4545037523628426,0.7615143094237898,False,False
2023-05-24 00:00:00+00:00,1.48,1.098611111111111,0.4518753040319595,0.8440135707480813,False,False
2023-05-25 00:00:00+00:00,1.58,1.1035714285714286,0.449154964492907,1.0607220427062543,False,False
2023-05-26 00:00:00+00:00,1.57,1.1088095238095237,0.4469696231874804,1.0318161509535761,False,False
2023-05-30 00:00:00+00:00,1.47,1.1142063492063492,0.4442763096565841,0.8008386741770488,False,False
2023-05-31 00:00:00+00:00,1.46,1.1192857142857142,0.44097262758719763,0.7726427093185351,False,False
2023-06-01 00:00:00+00:00,1.45,1.124563492063492,0.43702658841377356,0.7446606603907292,False,False
2023-06-02 00:00:00+00:00,1.51,1.1298809523809525,0.4327641925217081,0.8783514306119033,False,False
2023-06-05 00:00:00+00:00,1.5,1.1350396825396827,0.4294910339224969,0.849750725008559,False,False
2023-06-06 00:00:00+00:00,1.5,1.1398412698412699,0.42676114432542595,0.843935149550756,False,False
2023-06-07 00:00:00+00:00,1.58,1.1447619047619049,0.42371382939462576,1.0271982291914676,False,False
2023-06-08 00:00:00+00:00,1.53,1.1501587301587302,0.42053747458822105,0.9032281135306673,False,False
2023-06-09 00:00:00+00:00,1.55,1.1551190476190476,0.41759459375731933,0.9456083921681068,False,False
2023-06-12 00:00:00+00:00,1.56,1.1602777777777777,0.4143861228215421,0.9646129544602658,False,False
2023-06-13 00:00:00+00:00,1.64,1.1653571428571428,0.4113870612596854,1.1537622396034521,False,False
2023-06-14 00:00:00+00:00,1.62,1.1707142857142856,0.40872394676071927,1.0992400074584852,False,False
2023-06-15 00:00:00+00:00,1.51,1.1755952380952381,0.40670285713421606,0.822233618571322,False,False
2023-06-16 00:00:00+00:00,1.55,1.1788492063492066,0.406082078478619,0.9139797428177693,False,False
2023-06-20 00:00:00+00:00,1.52,1.1814682539682537,0.4063399786767714,0.8331243879427279,False,False
2023-06-21 00:00:00+00:00,1.51,1.185,0.4053944024205816,0.8016884250484163,False,False
2023-06-22 00:00:00+00:00,1.56,1.188373015873016,0.40454407437703704,0.9186316341408723,False,False
2023-06-23 00:00:00+00:00,1.53,1.191904761904762,0.40388494729875857,0.8371077960604084,False,False
2023-06-26 00:00:00+00:00,1.54,1.1951984126984128,0.4032413001329661,0.8550750808210649,False,False
2023-06-27 00:00:00+00:00,1.57,1.1988492063492064,0.4021761832206893,0.9228562235549616,False,False
2023-06-28 00:00:00+00:00,1.53,1.202738095238095,0.4010017869344731,0.8161108389658678,False,False
2023-06-29 00:00:00+00:00,1.65,1.2065476190476192,0.399524101505213,1.1099515130167799,False,False
2023-06-30 00:00:00+00:00,1.59,1.2105158730158732,0.39893999457180546,0.9512310927648127,False,False
2023-07-03 00:00:00+00:00,1.61,1.2139682539682537,0.39844234435739273,0.9939499444278842,False,False
2023-07-05 00:00:00+00:00,1.69,1.217420634920635,0.398088177246369,1.187122331409744,False,False
2023-07-06 00:00:00+00:00,1.78,1.2215476190476189,0.39757279735602125,1.4046544045927125,False,False
2023-07-07 00:00:00+00:00,1.79,1.2264682539682539,0.39677663764817306,1.4202745135701185,False,False
2023-07-10 00:00:00+00:00,1.76,1.2315079365079364,0.39583200481059466,1.3351423257069541,False,False
2023-07-11 00:00:00+00:00,1.75,1.235952380952381,0.3954515872806062,1.2999002547506757,False,False
2023-07-12 00:00:00+00:00,1.6,1.2401984126984127,0.3952027573786622,0.9104227654890695,False,False
2023-07-13 00:00:00+00:00,1.52,1.2436904761904763,0.3944751309181809,0.7004485255290623,False,False
2023-07-14 00:00:00+00:00,1.59,1.247063492063492,0.39318206899474467,0.8722079031052961,False,False
2023-07-17 00:00:00+00:00,1.56,1.2508333333333335,0.391890529677603,0.7889107882270313,False,False
2023-07-18 00:00:00+00:00,1.57,1.2546428571428572,0.39020103030663333,0.8081914663560075,False,False
2023-07-19 00:00:00+00:00,1.53,1.2584126984126984,0.3886310896237817,0.6988306104131157,False,False
2023-07-20 00:00:00+00:00,1.5,1.2622222222222221,0.3865557151801852,0.6151190331436246,False,False
2023-07-21 00:00:00+00:00,1.49,1.2658333333333331,0.38449597058281176,0.5830143455778724,False,False
2023-07-24 00:00:00+00:00,1.48,1.2692857142857144,0.38257500073779493,0.5507790245257104,False,False
2023-07-25 00:00:00+00:00,1.52,1.2725396825396826,0.3808554776202662,0.6497486106975435,False,False
2023-07-26 00:00:00+00:00,1.5,1.2762698412698412,0.3786424358497944,0.590874496747933,False,False
2023-07-27 00:00:00+00:00,1.64,1.280515873015873,0.3750975062424046,0.958375145133096,False,False
2023-07-28 00:00:00+00:00,1.58,1.2852380952380953,0.3720787182396643,0.7922030750816604,False,False
2023-07-31 00:00:00+00:00,1.6,1.2897222222222222,0.36876708849893103,0.8413922702287933,False,False
2023-08-01 00:00:00+00:00,1.68,1.2946428571428572,0.3645609041261807,1.057044621339221,False,False
2023-08-02 00:00:00+00:00,1.72,1.3005158730158728,0.35873079129555313,1.1693563450998001,False,False
2023-08-03 00:00:00+00:00,1.83,1.3067857142857142,0.35211312260386207,1.4859266869838241,False,False
2023-08-04 00:00:00+00:00,1.67,1.3136904761904762,0.3451488959666819,1.0323356904027854,False,False
2023-08-07 00:00:00+00:00,1.68,1.3192460317460317,0.3395037199805042,1.0625920925835048,False,False
2023-08-08 00:00:00+00:00,1.66,1.3250000000000002,0.3331983126275472,1.00540725239046,False,False
2023-08-09 00:00:00+00:00,1.66,1.3307142857142855,0.3264518379551028,1.0086808404828198,False,False
2023-08-10 00:00:00+00:00,1.76,1.3358333333333332,0.32140208896153843,1.3197383627379784,False,False
2023-08-11 00:00:00+00:00,1.8,1.3416666666666668,0.315633177579355,1.4521075916301647,False,False
2023-08-14 00:00:00+00:00,1.83,1.3475,0.3104021617064351,1.554435050798157,False,False
2023-08-15 00:00:00+00:00,1.89,1.353373015873016,0.30541483079664866,1.7570429789779298,False,False
2023-08-16 00:00:00+00:00,1.96,1.3592857142857142,0.30127928717183095,1.993878475195926,False,False
2023-08-17 00:00:00+00:00,1.97,1.3655952380952383,0.2970989258985272,2.0343552575184782,True,False
2023-08-18 00:00:00+00:00,1.94,1.3720238095238095,0.2925275745993247,1.9416159015236356,True,True
2023-08-21 00:00:00+00:00,2.0,1.3782142857142856,0.28792080880981635,2.159571990840126,True,True
2023-08-22 00:00:00+00:00,1.99,1.3844444444444444,0.28428439706607866,2.1301047887436506,True,True
2023-08-23 00:00:00+00:00,1.84,1.3909126984126983,0.2793838559430551,1.6074203717727922,True,True
2023-08-24 00:00:00+00:00,1.91,1.3965079365079363,0.2741326559973604,1.8731517470031298,True,True
2023-08-25 00:00:00+00:00,1.92,1.4022619047619047,0.2695769942591606,1.9205574150009344,True,True
2023-08-28 00:00:00+00:00,1.9,1.408015873015873,0.2650355755757038,1.8562946725753744,True,True
2023-08-29 00:00:00+00:00,1.83,1.4136111111111112,0.2604211566677919,1.5989057656327759,True,True
2023-08-30 00:00:00+00:00,1.86,1.4191666666666667,0.25421330097072825,1.734108056698787,True,True
2023-08-31 00:00:00+00:00,1.85,1.4246825396825396,0.24855338114693976,1.7111714930404485,True,True
2023-09-01 00:00:00+00:00,1.92,1.4298809523809526,0.24362711063863354,2.0117590621760875,True,True
2023-09-05 00:00:00+00:00,1.98,1.4352777777777779,0.23930577345601273,2.2762602604836384,True,True
2023-09-06 00:00:00+00:00,2.0,1.4404761904761905,0.2368311959330924,2.3625426849674045,True,True
2023-09-07 00:00:00+00:00,1.95,1.4451984126984128,0.23607252987168165,2.1383326030181253,True,True
2023-09-08 00:00:00+00:00,1.93,1.4500396825396824,0.23384623615538055,2.052461161450574,True,True
2023-09-11 00:00:00+00:00,1.94,1.4543253968253969,0.23269925974932854,2.0871342852477834,True,True
2023-09-12 00:00:00+00:00,1.93,1.4587698412698413,0.23122675311853383,2.037956907558148,True,True
2023-09-13 00:00:00+00:00,1.9,1.4629365079365078,0.2302140609975415,1.8985091100415437,True,True
2023-09-14 00:00:00+00:00,1.95,1.4668650793650795,0.22918549188816748,2.1080519393028125,True,True
2023-09-15 00:00:00+00:00,1.98,1.4708333333333334,0.2288575906819451,2.224818784246842,True,True
2023-09-18 00:00:00+00:00,1.96,1.4748015873015872,0.22898259367174062,2.1189314214597985,True,True
2023-09-19 00:00:00+00:00,2.0,1.478809523809524,0.2285990841265841,2.2799324773404286,True,True
2023-09-20 00:00:00+00:00,2.0,1.4826984126984126,0.22909805029910796,2.25799209825751,True,True
2023-09-21 00:00:00+00:00,2.11,1.4863888888888888,0.22991262751399646,2.7123830380875766,True,True
2023-09-22 00:00:00+00:00,2.07,1.490198412698413,0.2322580142357826,2.4963684857521717,True,True
2023-09-25 00:00:00+00:00,2.18,1.4937698412698412,0.2342260175428731,2.9297776819543553,True,True
2023-09-26 00:00:00+00:00,2.23,1.497936507936508,0.23705133325529124,3.088206600699014,True,True
2023-09-27 00:00:00+00:00,2.27,1.5016666666666667,0.2411270019630586,3.1864259376933832,True,True
2023-09-28 00:00:00+00:00,2.2,1.505436507936508,0.2456591424705908,2.8273463998867543,True,True
2023-09-29 00:00:00+00:00,2.24,1.5079761904761904,0.24950363359250627,2.9339204362825595,True,True
2023-10-02 00:00:00+00:00,2.34,1.510357142857143,0.2535977605028067,3.2714912604035984,True,True
2023-10-03 00:00:00+00:00,2.45,1.5141269841269842,0.2588090093731217,3.616075878269677,True,True
2023-10-04 00:00:00+00:00,2.4,1.5176190476190476,0.2654183454883896,3.324491194296707,True,True
2023-10-05 00:00:00+00:00,2.41,1.5204761904761905,0.2709900900640379,3.2824957152994245,True,True
2023-10-06 00:00:00+00:00,2.47,1.5243650793650794,0.27665905501159654,3.4180515819201482,True,True
2023-10-10 00:00:00+00:00,2.34,1.5286904761904763,0.2828445989583809,2.8683931982342843,True,True
2023-10-11 00:00:00+00:00,2.26,1.5318650793650792,0.28742449840203704,2.533308485125846,True,True
2023-10-12 00:00:00+00:00,2.36,1.5344444444444445,0.2910225290920412,2.8367410527672874,True,True
2023-10-13 00:00:00+00:00,2.29,1.5373809523809525,0.2955868727075227,2.5461856297107923,True,True
2023-10-16 00:00:00+00:00,2.33,1.5400396825396827,0.2993226057674234,2.6391602312660747,True,True
2023-10-17 00:00:00+00:00,2.42,1.542857142857143,0.30339212958051726,2.891119352224567,True,True
2023-10-18 00:00:00+00:00,2.47,1.5459920634920636,0.30833734813590385,2.9967434762417025,True,True
2023-10-19 00:00:00+00:00,2.49,1.5494841269841269,0.31377303529036077,2.9974400832293773,True,True
2023-10-20 00:00:00+00:00,2.46,1.5531349206349205,0.3193158985682913,2.8400248262963657,True,True
2023-10-23 00:00:00+00:00,2.45,1.556547619047619,0.3243743375651009,2.7543867608610313,True,True
2023-10-24 00:00:00+00:00,2.43,1.5594444444444444,0.329065574437323,2.64553822454427,True,True
2023-10-25 00:00:00+00:00,2.52,1.5622222222222222,0.33343650461785174,2.8724442720375727,True,True
2023-10-26 00:00:00+00:00,2.44,1.565515873015873,0.3387605304019264,2.5814227116322703,True,True
2023-10-27 00:00:00+00:00,2.42,1.5686111111111112,0.34316208225380035,2.4810109651310697,True,True
2023-10-30 00:00:00+00:00,2.44,1.571904761904762,0.3473260733836863,2.4993667467523095,True,True
2023-10-31 00:00:00+00:00,2.46,1.5752380952380953,0.3516012643050289,2.516378621421385,True,True
2023-11-01 00:00:00+00:00,2.36,1.5790079365079366,0.35596483545454705,2.194014648932332,True,True
2023-11-02 00:00:00+00:00,2.27,1.5823809523809524,0.3593196948981706,1.913669240462634,True,True
2023-11-03 00:00:00+00:00,2.18,1.5851190476190475,0.36192103884803095,1.643676074412299,True,True
2023-11-06 00:00:00+00:00,2.25,1.587579365079365,0.36385181198730265,1.8205780845300599,True,True
2023-11-07 00:00:00+00:00,2.19,1.5902777777777777,0.3662346392387052,1.6375354976494565,True,True
2023-11-08 00:00:00+00:00,2.15,1.592063492063492,0.36806009699031134,1.5158842604749811,True,True
2023-11-09 00:00:00+00:00,2.29,1.5938888888888887,0.3696848495726284,1.8829852289479694,True,True
2023-11-10 00:00:00+00:00,2.29,1.5962698412698413,0.37222970701441066,1.8637151889204302,True,True
2023-11-13 00:00:00+00:00,2.32,1.5988492063492064,0.374777311142991,1.9242114509318535,True,True
2023-11-14 00:00:00+00:00,2.16,1.6013095238095238,0.3774693879946752,1.4800947943316598,True,True
2023-11-15 00:00:00+00:00,2.22,1.6042063492063492,0.37894770040309966,1.6250095993157108,True,True
2023-11-16 00:00:00+00:00,2.18,1.6070238095238096,0.3808789784742557,1.5043523608770626,True,True
2023-11-17 00:00:00+00:00,2.16,1.609920634920635,0.3824527594331059,1.4382936232300305,True,True
2023-11-20 00:00:00+00:00,2.12,1.6130158730158728,0.3837387263563646,1.3211700882993735,True,True
2023-11-21 00:00:00+00:00,2.16,1.615515873015873,0.3849842597108702,1.4143023078217383,True,True
2023-11-22 00:00:00+00:00,2.16,1.6178571428571429,0.38649741322143355,1.402707595438034,True,True
2023-11-24 00:00:00+00:00,2.21,1.6203968253968253,0.387951820218174,1.5197845296140053,True,True
2023-11-27 00:00:00+00:00,2.18,1.623452380952381,0.38955432921818584,1.4286777922981362,True,True
2023-11-28 00:00:00+00:00,2.12,1.6265873015873018,0.39084475412897035,1.2624263040508477,True,True
2023-11-29 00:00:00+00:00,2.06,1.6296031746031747,0.391710725027323,1.0987619125486132,True,True
2023-11-30 00:00:00+00:00,2.14,1.6321031746031744,0.3924414606913476,1.2941976734621394,True,True
2023-12-01 00:00:00+00:00,2.0,1.634642857142857,0.393652160333493,0.9281217777329631,False,True
2023-12-04 00:00:00+00:00,2.07,1.6372619047619048,0.3938795228784641,1.0986559851490965,False,False
2023-12-05 00:00:00+00:00,2.01,1.6408333333333334,0.39370608589620343,0.9376707139954993,False,False
2023-12-06 00:00:00+00:00,1.98,1.6445238095238095,0.39278575436646634,0.8540945967281531,False,False
2023-12-07 00:00:00+00:00,1.97,1.647579365079365,0.39238682948713927,0.8216907670984978,False,False
2023-12-08 00:00:00+00:00,2.02,1.6506349206349205,0.39188531136257476,0.9425336154621541,False,False
2023-12-11 00:00:00+00:00,2.04,1.6540476190476192,0.39133987545584215,0.9862332084171442,False,False
2023-12-12 00:00:00+00:00,2.04,1.6573809523809522,0.3910343390254785,0.9784794056005338,False,False
2023-12-13 00:00:00+00:00,1.88,1.6602777777777777,0.3911545916437156,0.5617273244803345,False,False
2023-12-14 00:00:00+00:00,1.7,1.6624603174603174,0.39083868654101467,0.09604904486788342,False,False
2023-12-15 00:00:00+00:00,1.69,1.6641666666666668,0.3900563091436728,0.06622975382720381,False,False
2023-12-18 00:00:00+00:00,1.74,1.6657142857142857,0.38937876473246835,0.19078008616302947,False,False
2023-12-19 00:00:00+00:00,1.74,1.6675396825396827,0.3886408772719964,0.18644543509921332,False,False
2023-12-20 00:00:00+00:00,1.67,1.6690873015873016,0.3881475572673432,0.0023514212458890437,False,False
2023-12-21 00:00:00+00:00,1.7,1.670079365079365,0.3878277352663447,0.07714929129575171,False,False
2023-12-22 00:00:00+00:00,1.71,1.6710714285714285,0.3875822016103396,0.10043952293688843,False,False
2023-12-26 00:00:00+00:00,1.71,1.672261904761905,0.3872376928117943,0.09745460201477991,False,False
2023-12-27 00:00:00+00:00,1.64,1.673174603174603,0.3870537415842139,-0.08571058643902857,False,False
2023-12-28 00:00:00+00:00,1.68,1.673531746031746,0.38698114856764737,0.016714648742439192,False,False
2023-12-29 00:00:00+00:00,1.72,1.6739285714285717,0.38693612470114935,0.11906727139269214,False,False
2024-01-02 00:00:00+00:00,1.74,1.674404761904762,0.38691862036093627,0.16953238909527707,False,False
2024-01-03 00:00:00+00:00,1.71,1.6751190476190476,0.38687272286823643,0.09016131228469246,False,False
2024-01-04 00:00:00+00:00,1.77,1.6756349206349206,0.3868320533523379,0.24394327860708317,False,False
2024-01-05 00:00:00+00:00,1.83,1.6765873015873016,0.3867675062642264,0.39665353456009333,False,False
2024-01-08 00:00:00+00:00,1.79,1.678015873015873,0.38666624961542817,0.28961443388323815,False,False
2024-01-09 00:00:00+00:00,1.8,1.6792063492063494,0.3865468808759178,0.3124941805763157,False,False
2024-01-10 00:00:00+00:00,1.82,1.681031746031746,0.3860244390114002,0.35999859056630845,False,False
2024-01-11 00:00:00+00:00,1.76,1.6830555555555555,0.3854078773987894,0.19964419244298034,False,False
2024-01-12 00:00:00+00:00,1.69,1.6846031746031747,0.3849285146934951,0.014020331544215656,False,False
2024-01-16 00:00:00+00:00,1.77,1.6861111111111113,0.3841988035807239,0.218347605737046,False,False
2024-01-17 00:00:00+00:00,1.8,1.6882936507936508,0.3831010303841989,0.2915845699875116,False,False
2024-01-18 00:00:00+00:00,1.8,1.6902380952380953,0.382416231559928,0.28702208667809664,False,False
2024-01-19 00:00:00+00:00,1.81,1.6919841269841271,0.3819065609032966,0.3090176632125363,False,False
2024-01-22 00:00:00+00:00,1.8,1.6942063492063495,0.3809525765983124,0.2777081907105789,False,False
2024-01-23 00:00:00+00:00,1.85,1.6966269841269839,0.3796718699491767,0.40396202092492894,False,False
2024-01-24 00:00:00+00:00,1.88,1.6990079365079365,0.3787400583636044,0.47787937794080493,False,False
2024-01-25 00:00:00+00:00,1.85,1.701547619047619,0.3777944825300664,0.3929448094588479,False,False
2024-01-26 00:00:00+00:00,1.85,1.7041666666666668,0.3765196301290354,0.3873193365332781,False,False
2024-01-29 00:00:00+00:00,1.78,1.7068650793650793,0.37511020113933735,0.19496915949708946,False,False
2024-01-30 00:00:00+00:00,1.8,1.7093253968253967,0.3735390416106559,0.24274464801222706,False,False
2024-01-31 00:00:00+00:00,1.73,1.7117460317460316,0.3721341046139889,0.049052124026372365,False,False
2024-02-01 00:00:00+00:00,1.68,1.713611111111111,0.3710371696078827,-0.09058691113516129,False,False
2024-02-02 00:00:00+00:00,1.82,1.7151984126984128,0.37002901834825985,0.28322532046108684,False,False
2024-02-05 00:00:00+00:00,1.9,1.7178968253968252,0.3682930655622935,0.49445181468499183,False,False
2024-02-06 00:00:00+00:00,1.85,1.7207539682539685,0.3668936944837223,0.3522710629516303,False,False
2024-02-07 00:00:00+00:00,1.86,1.7228968253968255,0.3660611128166589,0.37453629954909323,False,False
2024-02-08 00:00:00+00:00,1.91,1.7248015873015874,0.36551818851176787,0.5066735897670659,False,False
2024-02-09 00:00:00+00:00,1.92,1.7269841269841268,0.36497289064041144,0.5288498898567277,False,False
2024-02-12 00:00:00+00:00,1.93,1.729484126984127,0.36412440924004225,0.5506795697502569,False,False
2024-02-13 00:00:00+00:00,2.02,1.731825396825397,0.3635063874198866,0.7927635198380497,False,False
2024-02-14 00:00:00+00:00,1.97,1.7342460317460315,0.3633857868214815,0.6487704715038455,False,False
2024-02-15 00:00:00+00:00,1.94,1.736468253968254,0.36310720128581886,0.560527979921655,False,False
2024-02-16 00:00:00+00:00,1.97,1.7383730158730157,0.36291006720469104,0.6382489907515858,False,False
2024-02-20 00:00:00+00:00,1.95,1.7403968253968254,0.36277351443941175,0.5777797062364685,False,False
2024-02-21 00:00:00+00:00,1.98,1.7422222222222223,0.3626658464173151,0.6556387377712146,False,False
2024-02-22 00:00:00+00:00,2.02,1.7442857142857142,0.3625329847807854,0.7605219312140751,False,False
2024-02-23 00:00:00+00:00,1.96,1.7462301587301587,0.3626931064211019,0.5893959313956342,False,False
2024-02-26 00:00:00+00:00,1.97,1.7479761904761906,0.362658773346278,0.6122113287793374,False,False
2024-02-27 00:00:00+00:00,1.99,1.7498809523809524,0.3625589465938751,0.6622896769611919,False,False
2024-02-28 00:00:00+00:00,1.94,1.751547619047619,0.36269408283481536,0.5195904479043001,False,False
2024-02-29 00:00:00+00:00,1.92,1.7530555555555556,0.3626844755070025,0.4603021516459176,False,False
2024-03-01 00:00:00+00:00,1.87,1.7547619047619047,0.3624533805125271,0.3179390824694281,False,False
2024-03-04 00:00:00+00:00,1.88,1.755952380952381,0.36233676873644494,0.3423544882850358,False,False
2024-03-05 00:00:00+00:00,1.81,1.757063492063492,0.3622859416571584,0.14611802957179995,False,False
2024-03-06 00:00:00+00:00,1.81,1.7584920634920633,0.3617797253272662,0.14237375093737661,False,False
2024-03-07 00:00:00+00:00,1.81,1.7597619047619046,0.361394960654948,0.13901160975529386,False,False
2024-03-08 00:00:00+00:00,1.81,1.7606349206349206,0.36124893147085435,0.1366511429226533,False,False
2024-03-11 00:00:00+00:00,1.83,1.7612301587301586,0.36120602904919014,0.19038951661705553,False,False
2024-03-12 00:00:00+00:00,1.86,1.7620238095238094,0.36113625386155085,0.2712997917781799,False,False
2024-03-13 00:00:00+00:00,1.89,1.7636904761904761,0.36061295679734895,0.3502634096436668,False,False
2024-03-14 00:00:00+00:00,1.99,1.7659920634920634,0.3595551256524815,0.623014165356234,False,False
2024-03-15 00:00:00+00:00,1.99,1.7686111111111111,0.3587695544257065,0.6170782502525134,False,False
2024-03-18 00:00:00+00:00,2.03,1.7716666666666665,0.3573547123492885,0.7229045102974074,False,False
2024-03-19 00:00:00+00:00,2.0,1.7744047619047618,0.3566768416642999,0.6324919696007788,False,False
2024-03-20 00:00:00+00:00,1.96,1.777222222222222,0.35563789025675097,0.5139434879838659,False,False
2024-03-21 00:00:00+00:00,1.93,1.7797222222222222,0.35469464200344797,0.4236821197212133,False,False
2024-03-22 00:00:00+00:00,1.87,1.781984126984127,0.3538237791320847,0.24875624027241033,False,False
2024-03-25 00:00:00+00:00,1.92,1.7846428571428572,0.3519454630942084,0.38459692495285974,False,False
2024-03-26 00:00:00+00:00,1.92,1.7875396825396825,0.3500305883228601,0.37842497735694763,False,False
2024-03-27 00:00:00+00:00,1.88,1.7905555555555557,0.3478695674316801,0.25712063606141883,False,False
2024-03-28 00:00:00+00:00,1.88,1.7928968253968254,0.34646987714196736,0.2514018688195616,False,False
2024-04-01 00:00:00+00:00,1.98,1.795436507936508,0.34474225018158516,0.5353666165556364,False,False
2024-04-02 00:00:00+00:00,2.0,1.7983730158730158,0.343140133387894,0.5875937102905422,False,False
2024-04-03 00:00:00+00:00,2.0,1.8015079365079365,0.34134738287165817,0.5814957824554164,False,False
2024-04-04 00:00:00+00:00,1.97,1.80484126984127,0.3391522924781692,0.4869751253984554,False,False
2024-04-05 00:00:00+00:00,2.02,1.8081349206349207,0.3366913266672867,0.6292561244811669,False,False
2024-04-08 00:00:00+00:00,2.04,1.8117857142857143,0.33395908586256623,0.6833600143707498,False,False
2024-04-09 00:00:00+00:00,2.0,1.8156349206349205,0.3309517749482903,0.5570753605835342,False,False
2024-04-10 00:00:00+00:00,2.15,1.8193650793650793,0.3276823017607764,1.0090106144221966,False,False
2024-04-11 00:00:00+00:00,2.16,1.823373015873016,0.3255093032771073,1.0341547253425576,False,False
2024-04-12 00:00:00+00:00,2.11,1.8274206349206348,0.3233121874729059,0.8740139593501891,False,False
2024-04-15 00:00:00+00:00,2.2,1.8312698412698414,0.32086035767396354,1.149192008022497,False,False
2024-04-16 00:00:00+00:00,2.24,1.8354761904761903,0.3187028168790179,1.2692821904908684,False,False
2024-04-17 00:00:00+00:00,2.2,1.8397619047619047,0.31683938214940305,1.1369738597338512,False,False
2024-04-18 00:00:00+00:00,2.24,1.8436507936507935,0.31521219861979655,1.2574044027632196,False,False
2024-04-19 00:00:00+00:00,2.21,1.8474603174603175,0.31417237511841195,1.1539514968591393,False,False
2024-04-22 00:00:00+00:00,2.21,1.8510714285714287,0.31308267249700567,1.1464338430674539,False,False
2024-04-23 00:00:00+00:00,2.2,1.8546031746031746,0.31208628593764864,1.106735031176064,False,False
2024-04-24 00:00:00+00:00,2.24,1.858253968253968,0.3107158663244924,1.2286016683401686,False,False
2024-04-25 00:00:00+00:00,2.28,1.8620238095238095,0.30955480085059056,1.3502494205474471,False,False
2024-04-26 00:00:00+00:00,2.24,1.8661507936507935,0.3081584310138882,1.2131720852782961,False,False
2024-04-29 00:00:00+00:00,2.22,1.8704761904761906,0.305706306844314,1.1433320206305406,False,False
2024-04-30 00:00:00+00:00,2.28,1.8746031746031748,0.303358756473783,1.336361046930453,False,False
2024-05-01 00:00:00+00:00,2.25,1.8786507936507937,0.3019270199532491,1.2299303533903878,False,False
2024-05-02 00:00:00+00:00,2.21,1.882579365079365,0.3002815638371224,1.0903787456569705,False,False
2024-05-03 00:00:00+00:00,2.15,1.885952380952381,0.29915998883307793,0.8826301273695705,False,False
2024-05-06 00:00:00+00:00,2.14,1.889563492063492,0.2968147770730901,0.8437467649221471,False,False
2024-05-07 00:00:00+00:00,2.15,1.8933730158730158,0.29381698057418815,0.873424618364378,False,False
2024-05-08 00:00:00+00:00,2.17,1.8972222222222224,0.2907721247096866,0.9381152957840267,False,False
2024-05-09 00:00:00+00:00,2.13,1.9009523809523807,0.2881965591181332,0.7947618103022924,False,False
2024-05-10 00:00:00+00:00,2.16,1.9042857142857144,0.2859510686457444,0.8942588916535298,False,False
2024-05-13 00:00:00+00:00,2.15,1.9076984126984127,0.28383448040783005,0.8536721364981241,False,False
2024-05-14 00:00:00+00:00,2.12,1.9112301587301588,0.28126860204648146,0.7422436765101167,False,False
2024-05-15 00:00:00+00:00,2.05,1.9147619047619047,0.2782521264494566,0.48602717601391127,False,False
2024-05-16 00:00:00+00:00,2.07,1.9178174603174605,0.27546772685478127,0.5524514302278526,False,False
2024-05-17 00:00:00+00:00,2.1,1.9208333333333334,0.27293538630891695,0.6564435234641219,False,False
2024-05-20 00:00:00+00:00,2.11,1.9238095238095239,0.270766529273962,0.6876421420687792,False,False
2024-05-21 00:00:00+00:00,2.09,1.9268253968253968,0.2685734804707804,0.6075603700282529,False,False
2024-05-22 00:00:00+00:00,2.1,1.929484126984127,0.26684696463682017,0.6390024831196635,False,False
2024-05-23 00:00:00+00:00,2.17,1.9320238095238096,0.26540255718272776,0.8966612567803762,False,False
2024-05-24 00:00:00+00:00,2.14,1.9347619047619047,0.2642774537618969,0.776600850040755,False,False
2024-05-28 00:00:00+00:00,2.2,1.9375396825396827,0.2627306393576233,0.998971106308854,False,False
2024-05-29 00:00:00+00:00,2.25,1.9403968253968256,0.26164786041243265,1.183281889311651,False,False
2024-05-30 00:00:00+00:00,2.19,1.9430555555555558,0.2613750584965383,0.9447896286084035,False,False
2024-05-31 00:00:00+00:00,2.16,1.9455158730158733,0.2607668199913371,0.822513105736582,False,False
2024-06-03 00:00:00+00:00,2.08,1.9482539682539681,0.2593727627640723,0.5079408891745093,False,False
2024-06-04 00:00:00+00:00,2.02,1.9507142857142858,0.2576577877185046,0.2689059581673113,False,False
2024-06-05 00:00:00+00:00,1.99,1.9529761904761904,0.25573943924515435,0.1447716067302321,False,False
2024-06-06 00:00:00+00:00,2.0,1.9548809523809523,0.2542099426351059,0.1774873443239465,False,False
2024-06-07 00:00:00+00:00,2.13,1.9568650793650793,0.2525915353212103,0.6854343729878044,False,False
2024-06-10 00:00:00+00:00,2.16,1.9593650793650794,0.2511653985347216,0.7988159268968117,False,False
2024-06-11 00:00:00+00:00,2.12,1.9616666666666667,0.25033125464429956,0.6324952653567462,False,False
2024-06-12 00:00:00+00:00,2.09,1.9640079365079366,0.2490336061429261,0.5059239411236471,False,False
2024-06-13 00:00:00+00:00,2.03,1.9661507936507938,0.24777709965794212,0.2576880851271172,False,False
2024-06-14 00:00:00+00:00,2.03,1.968015873015873,0.24647319449305966,0.25148425211761594,False,False
2024-06-17 00:00:00+00:00,2.06,1.9695634920634921,0.2456283266179934,0.36818435879000544,False,False
2024-06-18 00:00:00+00:00,2.01,1.971309523809524,0.24469566313756855,0.1581167221943118,False,False
2024-06-20 00:00:00+00:00,2.0,1.9732936507936507,0.242961199580007,0.10992022286898077,False,False
2024-06-21 00:00:00+00:00,2.02,1.9750793650793652,0.24148691461664282,0.18601684895409634,False,False
2024-06-24 00:00:00+00:00,2.03,1.977063492063492,0.23978100054760354,0.22077023540486224,False,False
2024-06-25 00:00:00+00:00,2.01,1.979126984126984,0.23797626129985963,0.1297314938237242,False,False
2024-06-26 00:00:00+00:00,2.06,1.9809126984126983,0.23650248753662748,0.33440367757253864,False,False
2024-06-27 00:00:00+00:00,2.03,1.9830158730158731,0.23482729040881328,0.20007950056542204,False,False
2024-06-28 00:00:00+00:00,2.08,1.9849603174603174,0.23316717326831204,0.40760318533483186,False,False
2024-07-01 00:00:00+00:00,2.16,1.986984126984127,0.23176017911525265,0.7465297691620851,False,False
2024-07-02 00:00:00+00:00,2.13,1.9894841269841268,0.2302037287255607,0.6103979018662651,False,False
2024-07-03 00:00:00+00:00,2.09,1.9913888888888889,0.22936786411178692,0.4299255760739479,False,False
2024-07-05 00:00:00+00:00,2.0,1.993373015873016,0.22804061405677412,0.029060543247502565,False,False
2024-07-08 00:00:00+00:00,2.01,1.994920634920635,0.2267481746606625,0.06650269666748879,False,False
2024-07-09 00:00:00+00:00,2.04,1.9961904761904763,0.22592830066285682,0.19390896882324993,False,False
2024-07-10 00:00:00+00:00,2.01,1.997222222222222,0.22553041115732372,0.056656562244567346,False,False
2024-07-11 00:00:00+00:00,1.95,1.9980952380952381,0.2251505535637411,-0.2136136790870568,False,False
2024-07-12 00:00:00+00:00,1.94,1.9988492063492065,0.2246676719691761,-0.26193891552532983,False,False
2024-07-15 00:00:00+00:00,1.96,1.9996031746031748,0.22414743580493177,-0.17668359426444752,False,False
2024-07-16 00:00:00+00:00,1.91,2.001031746031746,0.22273321853188657,-0.4087030512636079,False,False
2024-07-17 00:00:00+00:00,1.9,2.0025793650793653,0.2207233978926588,-0.46474169054452175,False,False
2024-07-18 00:00:00+00:00,1.89,2.0038095238095237,0.21927390916296777,-0.5190290274112768,False,False
2024-07-19 00:00:00+00:00,1.93,2.0051190476190475,0.21759182179171996,-0.3452291864670901,False,False
2024-07-22 00:00:00+00:00,1.96,2.006547619047619,0.21589890312089813,-0.2155991455943308,False,False
2024-07-23 00:00:00+00:00,1.96,2.0082539682539684,0.21380662732611727,-0.22568976863550214,False,False
2024-07-24 00:00:00+00:00,2.0,2.010079365079365,0.21140017388054166,-0.047679076579477155,False,False
2024-07-25 00:00:00+00:00,1.99,2.012103174603175,0.20882697728996016,-0.10584444064659386,False,False
2024-07-26 00:00:00+00:00,1.93,2.014126984126984,0.2061031724048103,-0.4081789869869106,False,False
2024-07-29 00:00:00+00:00,1.92,2.0157539682539682,0.20379230058325426,-0.4698605785396216,False,False
2024-07-30 00:00:00+00:00,1.9,2.0174206349206347,0.20125921733065547,-0.5834298497132707,False,False
2024-07-31 00:00:00+00:00,1.85,2.018452380952381,0.19997904699576138,-0.8423501535935983,False,False
2024-08-01 00:00:00+00:00,1.79,2.0195238095238093,0.19833713960019903,-1.1572406962532342,False,False
2024-08-02 00:00:00+00:00,1.76,2.020277777777778,0.19709322480785116,-1.3205820648148923,False,False
2024-08-05 00:00:00+00:00,1.71,2.020595238095238,0.19660678002888435,-1.579778876647118,False,False
2024-08-06 00:00:00+00:00,1.78,2.0205555555555557,0.19666869245134916,-1.223151242616122,False,False
2024-08-07 00:00:00+00:00,1.85,2.0203571428571427,0.1968868044676283,-0.8652542424962381,False,False
2024-08-08 00:00:00+00:00,1.87,2.0210714285714286,0.19593488952559165,-0.7710287276411617,False,False
2024-08-09 00:00:00+00:00,1.84,2.0218253968253967,0.1949804394874189,-0.932531474969462,False,False
2024-08-12 00:00:00+00:00,1.79,2.0225396825396826,0.1939767781227728,-1.1988016544562996,False,False
2024-08-13 00:00:00+00:00,1.76,2.0230555555555556,0.19318000628835066,-1.3617121181935619,False,False
2024-08-14 00:00:00+00:00,1.77,2.0230555555555556,0.19318000628835066,-1.3099469267944401,False,False
2024-08-15 00:00:00+00:00,1.8,2.022936507936508,0.19332720013298565,-1.153156450738203,False,False
2024-08-16 00:00:00+00:00,1.81,2.0228174603174605,0.19345567456296686,-1.1000838346987416,False,False
2024-08-19 00:00:00+00:00,1.79,2.0225,0.19373992712537702,-1.200062390079974,False,False
2024-08-20 00:00:00+00:00,1.75,2.0218253968253967,0.19425370847633924,-1.3993318272145419,False,False
2024-08-21 00:00:00+00:00,1.72,2.020952380952381,0.19498055300486236,-1.543499473739189,False,False
2024-08-22 00:00:00+00:00,1.76,2.020079365079365,0.19583510435669244,-1.3280528326814098,False,False
2024-08-23 00:00:00+00:00,1.68,2.019126984126984,0.19651554216594977,-1.7257005750751477,False,False
2024-08-26 00:00:00+00:00,1.67,2.0178968253968255,0.1976655120430291,-1.7600279472176872,False,False
2024-08-27 00:00:00+00:00,1.68,2.0172222222222222,0.19856312087177067,-1.698312459744203,False,False
2024-08-28 00:00:00+00:00,1.69,2.016309523809524,0.1995839083759946,-1.6349490620996956,False,False
2024-08-29 00:00:00+00:00,1.71,2.0153968253968255,0.20054964629070898,-1.5227991225381379,False,False
2024-08-30 00:00:00+00:00,1.76,2.014642857142857,0.20134080300017906,-1.2647354800836395,False,False
2024-09-03 00:00:00+00:00,1.73,2.0143650793650796,0.20164461670228176,-1.4102289662655885,False,False
2024-09-04 00:00:00+00:00,1.7,2.013849206349206,0.2022066146773751,-1.5521213628444313,False,False
2024-09-05 00:00:00+00:00,1.7,2.0132539682539683,0.20291041481000924,-1.5438042869671174,False,False
2024-09-06 00:00:00+00:00,1.69,2.0123809523809526,0.20378462410641643,-1.5819689723627293,False,False
2024-09-09 00:00:00+00:00,1.66,2.0112301587301586,0.20478458851290907,-1.7151200746144923,False,False
2024-09-10 00:00:00+00:00,1.63,2.009880952380952,0.2059754407339381,-1.8443021703332627,False,False
2024-09-11 00:00:00+00:00,1.61,2.008611111111111,0.20732803932894386,-1.922610720678644,False,False
2024-09-12 00:00:00+00:00,1.63,2.00734126984127,0.20878627294935542,-1.807308806804557,False,False
2024-09-13 00:00:00+00:00,1.58,2.006111111111111,0.21009378373406773,-2.028194759205601,False,False
2024-09-16 00:00:00+00:00,1.54,2.004722222222222,0.21174931201226602,-2.194681143499073,False,False
2024-09-17 00:00:00+00:00,1.53,2.0032936507936507,0.2136643518660242,-2.2151268878508295,False,False
2024-09-18 00:00:00+00:00,1.58,2.001626984126984,0.21571001022664718,-1.9546009185386388,False,False
2024-09-19 00:00:00+00:00,1.56,2.0000396825396827,0.2173353624553547,-2.024703562127751,False,False
2024-09-20 00:00:00+00:00,1.58,1.998452380952381,0.21908262579806687,-1.9100208399824343,False,False
2024-09-23 00:00:00+00:00,1.58,1.9967857142857144,0.22066267841143242,-1.8887911507563795,False,False
2024-09-24 00:00:00+00:00,1.55,1.9951190476190475,0.22221894759807426,-2.0030652310717034,False,False
2024-09-25 00:00:00+00:00,1.61,1.9928968253968253,0.22385952942454979,-1.7104334418154747,False,False
2024-09-26 00:00:00+00:00,1.63,1.9910714285714286,0.22510033809016358,-1.6040465848914103,False,False
2024-09-27 00:00:00+00:00,1.6,1.988888888888889,0.22592606138888244,-1.721310443329074,False,False
2024-09-30 00:00:00+00:00,1.63,1.9863888888888888,0.22673161810598008,-1.571853506211488,False,False
2024-10-01 00:00:00+00:00,1.55,1.9838492063492061,0.22712621997506297,-1.9101678634762644,False,False
2024-10-02 00:00:00+00:00,1.58,1.981269841269841,0.2283492960338922,-1.7572633165038682,False,False
2024-10-03 00:00:00+00:00,1.64,1.9786507936507935,0.2291534852455023,-1.4778339211728855,False,False
2024-10-04 00:00:00+00:00,1.75,1.975873015873016,0.22899840755641607,-0.986351906475026,False,False
2024-10-07 00:00:00+00:00,1.76,1.9730952380952382,0.2274646832557189,-0.9368277969361672,False,False
2024-10-08 00:00:00+00:00,1.77,1.9705555555555554,0.22624883369839827,-0.8864379642412062,False,False
2024-10-09 00:00:00+00:00,1.77,1.968015873015873,0.22488428132282506,-0.8805234045309639,False,False
2024-10-10 00:00:00+00:00,1.76,1.9652380952380952,0.2229741531327742,-0.9204568886326583,False,False
2024-10-11 00:00:00+00:00,1.75,1.962936507936508,0.2220820259083965,-0.9588191888358365,False,False
2024-10-15 00:00:00+00:00,1.75,1.9609126984126986,0.22168757024751606,-0.9513961390673041,False,False
2024-10-16 00:00:00+00:00,1.75,1.9584920634920635,0.22064038438061484,-0.9449406285134324,False,False
2024-10-17 00:00:00+00:00,1.79,1.9563492063492063,0.22002934673733512,-0.7560319058156786,False,False
2024-10-18 00:00:00+00:00,1.77,1.954206349206349,0.21900300412573495,-0.8411133442744543,False,False
2024-10-21 00:00:00+00:00,1.88,1.9516269841269842,0.21731641917227576,-0.3295976640872341,False,False
2024-10-22 00:00:00+00:00,1.87,1.9492857142857143,0.21487392234579003,-0.36898714101808083,False,False
2024-10-23 00:00:00+00:00,1.93,1.946825396825397,0.2121908139006538,-0.07929370982701732,False,False
2024-10-24 00:00:00+00:00,1.91,1.9447222222222225,0.20969604786988505,-0.16558357954255506,False,False
2024-10-25 00:00:00+00:00,1.96,1.942579365079365,0.20725701861151674,0.08405329304330217,False,False
2024-10-28 00:00:00+00:00,1.99,1.9407142857142854,0.20495526116196602,0.2404705983456874,False,False
2024-10-29 00:00:00+00:00,1.98,1.938611111111111,0.2016803305546203,0.20522025511892805,False,False
2024-10-30 00:00:00+00:00,1.95,1.9367857142857143,0.19919055751083095,0.06633992032261418,False,False
2024-10-31 00:00:00+00:00,1.95,1.9349206349206347,0.19683449488664417,0.07660936203305913,False,False
2024-11-01 00:00:00+00:00,2.04,1.9329761904761904,0.19422814712606187,0.5510211115505668,False,False
2024-11-04 00:00:00+00:00,2.03,1.9313095238095237,0.1914701755263801,0.5154352416461794,False,False
2024-11-05 00:00:00+00:00,1.99,1.93,0.18964634731992233,0.3163783581804692,False,False
2024-11-06 00:00:00+00:00,2.04,1.9288888888888889,0.18846294708999942,0.5895647543814047,False,False
2024-11-07 00:00:00+00:00,1.98,1.9283333333333332,0.1879253475584809,0.2749318670308085,False,False
2024-11-08 00:00:00+00:00,1.95,1.9272619047619048,0.1868507160723544,0.12169123948816025,False,False
2024-11-12 00:00:00+00:00,2.08,1.9263095238095238,0.18611639952427525,0.8257761088400506,False,False
2024-11-13 00:00:00+00:00,2.09,1.926031746031746,0.18583323443357097,0.882340849676525,False,False
2024-11-14 00:00:00+00:00,2.1,1.9252380952380954,0.18469621568614625,0.9462126991214432,False,False
2024-11-15 00:00:00+00:00,2.1,1.9244841269841269,0.1835857207914423,0.9560431620673995,False,False
2024-11-18 00:00:00+00:00,2.08,1.9236111111111112,0.1822153829193941,0.8582639203303162,False,False
2024-11-19 00:00:00+00:00,2.05,1.9232936507936509,0.1818712634077924,0.6966815253394238,False,False
2024-11-20 00:00:00+00:00,2.06,1.9226190476190477,0.1810798884753369,0.7586759277227172,False,False
2024-11-21 00:00:00+00:00,2.09,1.9221428571428572,0.18055738023778975,0.9296609345797933,False,False
2024-11-22 00:00:00+00:00,2.07,1.9218650793650793,0.18024356487838633,0.821859691550541,False,False
2024-11-25 00:00:00+00:00,1.98,1.9216666666666666,0.18005200665251497,0.3239804677429211,False,False
2024-11-26 00:00:00+00:00,2.02,1.920952380952381,0.17945880825093544,0.5519239763875049,False,False
2024-11-27 00:00:00+00:00,1.99,1.9203968253968253,0.1789317606518114,0.3889928448120372,False,False
2024-11-29 00:00:00+00:00,1.92,1.9195238095238094,0.1780476553014214,0.002674511356998013,False,False
2024-12-02 00:00:00+00:00,1.93,1.9184920634920635,0.1772839236315319,0.06491246511361425,False,False
2024-12-03 00:00:00+00:00,1.95,1.9177380952380951,0.17682695430860726,0.1824490213499902,False,False
2024-12-04 00:00:00+00:00,1.9,1.9173015873015875,0.17661001085363504,-0.09796492972262047,False,False
2024-12-05 00:00:00+00:00,1.92,1.9163492063492062,0.17605053229025464,0.020737191778407216,False,False
2024-12-06 00:00:00+00:00,1.91,1.916031746031746,0.1759712008540108,-0.0342768930510971,False,False
2024-12-09 00:00:00+00:00,1.93,1.9153968253968254,0.1757018970963713,0.08311335759320097,False,False
2024-12-10 00:00:00+00:00,1.93,1.9150793650793652,0.17560253032392392,0.0849682227990197,False,False
2024-12-11 00:00:00+00:00,1.96,1.9148809523809522,0.17555712601969808,0.2570049341886881,False,False
2024-12-12 00:00:00+00:00,2.0,1.91484126984127,0.1755457472162382,0.4851084774718638,False,False
2024-12-13 00:00:00+00:00,2.07,1.9147619047619047,0.17550253076215963,0.8845347959595709,False,False
2024-12-16 00:00:00+00:00,2.07,1.9148809523809525,0.17559797016417422,0.8833760861473501,False,False
2024-12-17 00:00:00+00:00,2.09,1.915,0.1756932767354388,0.9960540508531642,False,False
2024-12-18 00:00:00+00:00,2.18,1.9158333333333333,0.17602432148138988,1.5007395821411862,False,False
2024-12-19 00:00:00+00:00,2.28,1.9177380952380951,0.17627634401501893,2.0550795217935742,True,False
2024-12-20 00:00:00+00:00,2.23,1.920079365079365,0.1771554611664707,1.7494274965049283,True,True
2024-12-23 00:00:00+00:00,2.27,1.9220238095238096,0.17785875430418538,1.9564749108782094,True,True
2024-12-24 00:00:00+00:00,2.24,1.9241269841269841,0.17882872502606972,1.7663438344537097,True,True
2024-12-26 00:00:00+00:00,2.23,1.926388888888889,0.17920601655656265,1.6942015505114614,True,True
2024-12-27 00:00:00+00:00,2.28,1.9284920634920633,0.17964802887698533,1.9566478892380887,True,True
2024-12-30 00:00:00+00:00,2.24,1.9307539682539683,0.18047256190821892,1.7135348912667512,True,True
2024-12-31 00:00:00+00:00,2.24,1.932857142857143,0.1809772372068354,1.6971352965888715,True,True
2025-01-02 00:00:00+00:00,2.23,1.9352380952380952,0.18105584217361753,1.628016534695702,True,True
2025-01-03 00:00:00+00:00,2.26,1.9374206349206349,0.18128166339939103,1.779437362998339,True,True
2025-01-06 00:00:00+00:00,2.28,1.939563492063492,0.18189191642144506,1.871641767453335,True,True
2025-01-07 00:00:00+00:00,2.29,1.9417063492063493,0.18271051570493782,1.9062594697949176,True,True
2025-01-08 00:00:00+00:00,2.27,1.9440079365079364,0.18343178312457964,1.7771841822562597,True,True
2025-01-09 00:00:00+00:00,2.29,1.9459920634920633,0.18424446759981516,1.8671276320498962,True,True
2025-01-10 00:00:00+00:00,2.34,1.9478174603174603,0.18536600602036668,2.115719856635684,True,True
2025-01-13 00:00:00+00:00,2.34,1.95,0.1867332929853682,2.088540258488126,True,True
2025-01-14 00:00:00+00:00,2.34,1.9521428571428572,0.18809850408657963,2.061989513104349,True,True
2025-01-15 00:00:00+00:00,2.24,1.9542063492063493,0.18949020798887328,1.5082238487512374,True,True
2025-01-16 00:00:00+00:00,2.19,1.9561111111111111,0.18994221063792938,1.2313686784173068,True,True
2025-01-17 00:00:00+00:00,2.2,1.958095238095238,0.1897627551553842,1.274774713861433,True,True
2025-01-21 00:00:00+00:00,2.19,1.9598015873015873,0.189997799099898,1.2115846277639133,True,True
2025-01-22 00:00:00+00:00,2.2,1.9613492063492064,0.1902791121413279,1.2542143536676706,True,True
2025-01-23 00:00:00+00:00,2.23,1.9629365079365078,0.19059590954049827,1.4012026423198025,True,True
2025-01-24 00:00:00+00:00,2.2,1.9646031746031745,0.1910889356934608,1.2318705138137476,True,True
2025-01-27 00:00:00+00:00,2.13,1.9661904761904763,0.19137729841122458,0.8559506543850132,False,True
2025-01-28 00:00:00+00:00,2.13,1.9673015873015873,0.1915127977724049,0.8495432920977137,False,False
2025-01-29 00:00:00+00:00,2.15,1.9682936507936508,0.19170618153623648,0.9478377157702804,False,False
2025-01-30 00:00:00+00:00,2.14,1.9694841269841268,0.19190005010189942,0.8885660682492212,False,False
2025-01-31 00:00:00+00:00,2.16,1.9706349206349207,0.19205015128438835,0.9860189023473723,False,False
2025-02-03 00:00:00+00:00,2.09,1.972142857142857,0.192039202268018,0.6137139785274492,False,False
2025-02-04 00:00:00+00:00,2.08,1.973293650793651,0.1918723665855113,0.5561319282461322,False,False
2025-02-05 00:00:00+00:00,2.01,1.9746825396825396,0.1913703424796319,0.18455033240701407,False,False
2025-02-06 00:00:00+00:00,2.03,1.9759920634920634,0.19047280221326174,0.28354671050340713,False,False
2025-02-07 00:00:00+00:00,2.07,1.9768253968253968,0.19024685491910534,0.4897563390165987,False,False
2025-02-10 00:00:00+00:00,2.07,1.9775,0.19027475416278813,0.48613911187010195,False,False
2025-02-11 00:00:00+00:00,2.08,1.978373015873016,0.19019211231719718,0.5343385847542059,False,False
2025-02-12 00:00:00+00:00,2.16,1.9792460317460316,0.19015150958573107,0.9505786656533188,False,False
2025-02-13 00:00:00+00:00,2.08,1.9802380952380954,0.19044073137977946,0.523847519588434,False,False
2025-02-14 00:00:00+00:00,2.04,1.980873015873016,0.19050580541924264,0.3103684110668673,False,False
2025-02-18 00:00:00+00:00,2.1,1.981309523809524,0.19051479700290874,0.6229987279605582,False,False
2025-02-19 00:00:00+00:00,2.08,1.9816269841269842,0.19064613280686088,0.5159979613783996,False,False
2025-02-20 00:00:00+00:00,2.05,1.982063492063492,0.19074530884172167,0.3561634535027055,False,False
2025-02-21 00:00:00+00:00,2.0,1.9825,0.19077452743676618,0.09173132406683902,False,False
2025-02-24 00:00:00+00:00,1.98,1.9826190476190477,0.1907760564103476,-0.01372838745242921,False,False
2025-02-25 00:00:00+00:00,1.92,1.982738095238095,0.1907649803977517,-0.3288763750416036,False,False
2025-02-26 00:00:00+00:00,1.89,1.9825000000000002,0.19080585030327693,-0.48478597408295315,False,False
2025-02-27 00:00:00+00:00,1.92,1.981984126984127,0.19087978253473065,-0.3247286127479163,False,False
2025-02-28 00:00:00+00:00,1.86,1.981825396825397,0.19091476496048687,-0.6381140654606297,False,False
2025-03-03 00:00:00+00:00,1.8,1.9813888888888886,0.19106760123731487,-0.9493440421832435,False,False
2025-03-04 00:00:00+00:00,1.87,1.9806349206349207,0.1914080600939112,-0.5780055478365929,False,False
2025-03-05 00:00:00+00:00,1.94,1.980357142857143,0.19151802737426685,-0.21072242342114647,False,False
2025-03-06 00:00:00+00:00,1.95,1.9804365079365078,0.1914970585746249,-0.15893981956201694,False,False
2025-03-07 00:00:00+00:00,1.99,1.980753968253968,0.19137952475159595,0.048312544186913005,False,False
2025-03-10 00:00:00+00:00,1.91,1.9811904761904762,0.191274222299042,-0.37219064511043004,False,False
2025-03-11 00:00:00+00:00,1.97,1.9815873015873016,0.1910212132247339,-0.06065976334088762,False,False
2025-03-12 00:00:00+00:00,1.99,1.982222222222222,0.19071427446387287,0.040782357794886676,False,False
2025-03-13 00:00:00+00:00,1.98,1.982936507936508,0.19040350301573142,-0.015422552053915711,False,False
2025-03-14 00:00:00+00:00,2.01,1.9836111111111112,0.19008924187351509,0.13882368422747288,False,False
2025-03-17 00:00:00+00:00,2.02,1.9843253968253969,0.18984776158680292,0.18791163444027154,False,False
2025-03-18 00:00:00+00:00,1.99,1.9849603174603174,0.18969780542526615,0.026566899539952837,False,False
2025-03-19 00:00:00+00:00,1.94,1.9853571428571428,0.18960293861447094,-0.2392217293075283,False,False
2025-03-20 00:00:00+00:00,1.93,1.9851587301587301,0.1896242210854981,-0.290884412565946,False,False
2025-03-21 00:00:00+00:00,1.92,1.984920634920635,0.18965578394883992,-0.34230769855217036,False,False
2025-03-24 00:00:00+00:00,1.98,1.9844841269841271,0.18967820239598285,-0.023640707933143688,False,False
2025-03-25 00:00:00+00:00,1.96,1.9844047619047618,0.18967586856707036,-0.1286656130225241,False,False
2025-03-26 00:00:00+00:00,1.98,1.9844047619047618,0.18967586856707036,-0.023222574057723395,False,False
2025-03-27 00:00:00+00:00,1.99,1.9846031746031747,0.18964488009869146,0.028457532805614225,False,False
2025-03-28 00:00:00+00:00,1.9,1.985079365079365,0.18950657687813832,-0.4489520442030629,False,False
2025-03-31 00:00:00+00:00,1.85,1.985,0.18953812596735128,-0.7122577545335355,False,False
2025-04-01 00:00:00+00:00,1.84,1.984722222222222,0.18968500367646263,-0.7629608003649477,False,False
2025-04-02 00:00:00+00:00,1.88,1.984563492063492,0.18978969262527703,-0.5509439981545442,False,False
2025-04-03 00:00:00+00:00,1.78,1.984563492063492,0.18978969262527703,-1.0778430020822287,False,False
2025-04-04 00:00:00+00:00,1.83,1.9837698412698412,0.1902265230793004,-0.8083512161221523,False,False
2025-04-07 00:00:00+00:00,1.96,1.983095238095238,0.19047001744881376,-0.12125392964509278,False,False
2025-04-08 00:00:00+00:00,2.04,1.982936507936508,0.1904725407542483,0.29958907377161814,False,False
2025-04-09 00:00:00+00:00,2.07,1.9832142857142858,0.1905046394283017,0.4555569593798616,False,False
2025-04-10 00:00:00+00:00,2.21,1.9834126984126983,0.19056913166011413,1.189003169681368,False,False
2025-04-11 00:00:00+00:00,2.28,1.9840873015873017,0.19107048072123672,1.548709655702502,False,False
2025-04-14 00:00:00+00:00,2.15,1.9851984126984128,0.19197536859936287,0.8584517300524879,False,False
2025-04-15 00:00:00+00:00,2.16,1.9851984126984126,0.19197536859936287,0.9105417459381698,False,False
2025-04-16 00:00:00+00:00,2.12,1.9851984126984128,0.19197536859936287,0.7021816823954502,False,False
2025-04-17 00:00:00+00:00,2.11,1.985238095238095,0.19200230030873028,0.6497938022684824,False,False
2025-04-21 00:00:00+00:00,2.2,1.9848809523809523,0.1916846724692496,1.1222548201059614,False,False
2025-04-22 00:00:00+00:00,2.14,1.984722222222222,0.1914890336863447,0.8108964507707529,False,False
2025-04-23 00:00:00+00:00,2.11,1.9844841269841271,0.1912574549910916,0.6562665649907296,False,False
2025-04-24 00:00:00+00:00,2.02,1.983968253968254,0.19074013679606977,0.1889048977157309,False,False
2025-04-25 00:00:00+00:00,2.02,1.9832142857142856,0.19021791266096283,0.19338722505739972,False,False
2025-04-28 00:00:00+00:00,1.98,1.9824603174603175,0.1896912421365875,-0.012970116240505928,False,False
2025-04-29 00:00:00+00:00,1.96,1.9815873015873016,0.1891916657043031,-0.11410281476691182,False,False
2025-04-30 00:00:00+00:00,1.94,1.9804761904761905,0.18848888347008835,-0.21474046496017254,False,False
2025-05-01 00:00:00+00:00,2.0,1.979126984126984,0.18755087422971597,0.11129255440020105,False,False
2025-05-02 00:00:00+00:00,2.06,1.9781746031746033,0.1868288553331556,0.43796980225289456,False,False
2025-05-05 00:00:00+00:00,2.08,1.9775396825396825,0.18627481094320564,0.550049236080327,False,False
2025-05-06 00:00:00+00:00,2.04,1.9767460317460317,0.1854050346582228,0.34116640020359335,False,False
2025-05-07 00:00:00+00:00,2.01,1.9759126984126985,0.18464232765217553,0.1846126076330348,False,False
2025-05-08 00:00:00+00:00,2.08,1.9751190476190474,0.1840610546176841,0.5698161004173445,False,False
2025-05-09 00:00:00+00:00,2.08,1.9748412698412696,0.18384877783310924,0.5719849291257701,False,False
2025-05-12 00:00:00+00:00,2.16,1.9746031746031747,0.1836728027660432,1.0093863795010427,False,False
2025-05-13 00:00:00+00:00,2.17,1.974642857142857,0.18371192433805636,1.0633884738894672,False,False
2025-05-14 00:00:00+00:00,2.16,1.9746428571428571,0.18371192433805636,1.0089554258658746,False,False
2025-05-15 00:00:00+00:00,2.11,1.974761904761905,0.18382268559181258,0.7356986152318428,False,False
2025-05-16 00:00:00+00:00,2.09,1.974563492063492,0.18364885062303973,0.6285719052685741,False,False
2025-05-19 00:00:00+00:00,2.1,1.9743253968253969,0.18345929254674057,0.68502718739409,False,False
2025-05-20 00:00:00+00:00,2.13,1.9742460317460317,0.18340033873233363,0.8492567098323935,False,False
2025-05-21 00:00:00+00:00,2.23,1.974563492063492,0.1836011177925817,1.3912579128471336,False,False
2025-05-22 00:00:00+00:00,2.2,1.9751984126984128,0.18420811545169105,1.2203674455403788,False,False
2025-05-23 00:00:00+00:00,2.18,1.975595238095238,0.18458536191638794,1.107372544510609,False,False
2025-05-27 00:00:00+00:00,2.11,1.9758730158730158,0.18484092370932675,0.7256346778373964,False,False
2025-05-28 00:00:00+00:00,2.15,1.975952380952381,0.1848944075587361,0.9413352266608099,False,False
2025-05-29 00:00:00+00:00,2.11,1.9761507936507934,0.18505481334887514,0.7232949196347943,False,False
2025-05-30 00:00:00+00:00,2.07,1.9759126984126985,0.18484288665369492,0.5090122930376809,False,False
2025-06-02 00:00:00+00:00,2.13,1.9756349206349204,0.1846478117747867,0.8359973393746859,False,False
2025-06-03 00:00:00+00:00,2.14,1.9753571428571428,0.18436137059778257,0.8930442240096775,False,False
2025-06-04 00:00:00+00:00,2.06,1.974920634920635,0.18383799394770128,0.462795330020674,False,False
2025-06-05 00:00:00+00:00,2.11,1.974404761904762,0.1834139584017333,0.7392852718343408,False,False
2025-06-06 00:00:00+00:00,2.2,1.9742063492063493,0.18323934742728984,1.2322334365616903,False,False
2025-06-09 00:00:00+00:00,2.18,1.9746825396825396,0.18367078858212907,1.1178558218344672,False,False
2025-06-10 00:00:00+00:00,2.18,1.9753174603174601,0.1841041040503496,1.1117760830935226,False,False
2025-06-11 00:00:00+00:00,2.14,1.9760714285714285,0.18455298329360287,0.8882466623028243,False,False
2025-06-12 00:00:00+00:00,2.11,1.9766269841269841,0.184835804560259,0.721575650293092,False,False
2025-06-13 00:00:00+00:00,2.13,1.976547619047619,0.18477397012064606,0.8304870044854582,False,False
2025-06-16 00:00:00+00:00,2.16,1.9764285714285714,0.18466493523114622,0.9940784282714596,False,False
2025-06-17 00:00:00+00:00,2.08,1.9765873015873017,0.18480597211168262,0.55957444032276,False,False
2025-06-18 00:00:00+00:00,2.07,1.976547619047619,0.18478259464879646,0.5057423353644284,False,False
2025-06-20 00:00:00+00:00,2.05,1.9767063492063492,0.1848458631047328,0.39651225925528416,False,False
2025-06-23 00:00:00+00:00,2.04,1.9767857142857141,0.18487312790289342,0.34193333791317615,False,False
2025-06-24 00:00:00+00:00,2.01,1.9767063492063492,0.18484155236698163,0.18011994796251132,False,False
2025-06-25 00:00:00+00:00,2.01,1.9767063492063492,0.18484155236698163,0.18011994796251132,False,False
2025-06-26 00:00:00+00:00,1.98,1.9767460317460317,0.18484764638648973,0.017603514665070222,False,False
2025-06-27 00:00:00+00:00,2.0,1.9765873015873017,0.18482752894424045,0.12667322095596253,False,False
2025-06-30 00:00:00+00:00,1.95,1.9764682539682539,0.1848026485429505,-0.14322442982792186,False,False
2025-07-01 00:00:00+00:00,1.97,1.9762301587301587,0.1847979261494412,-0.033713358477413795,False,False
2025-07-02 00:00:00+00:00,2.0,1.9758730158730158,0.18472233859639695,0.13061216261288078,False,False
2025-07-03 00:00:00+00:00,2.02,1.9757539682539682,0.1846969817939321,0.23956012337763843,False,False
2025-07-07 00:00:00+00:00,2.05,1.975515873015873,0.18460070979765167,0.40348776050629404,False,False
2025-07-08 00:00:00+00:00,2.07,1.9750793650793652,0.18429253564918432,0.5150541479407701,False,False
2025-07-09 00:00:00+00:00,2.01,1.9748412698412698,0.18413027661983908,0.19094486145436973,False,False
2025-07-10 00:00:00+00:00,2.01,1.9745238095238096,0.1839998577119439,0.19280553212018797,False,False
2025-07-11 00:00:00+00:00,2.06,1.974563492063492,0.18400645216608352,0.4643125658408617,False,False
2025-07-14 00:00:00+00:00,2.04,1.9747619047619047,0.18407176101814698,0.35441664097331976,False,False
2025-07-15 00:00:00+00:00,2.09,1.974761904761905,0.18407176101814698,0.6260498329601681,False,False
2025-07-16 00:00:00+00:00,2.05,1.975079365079365,0.18420171704017232,0.40673146876418903,False,False
2025-07-17 00:00:00+00:00,2.04,1.9754761904761904,0.18425518050355622,0.35018722050294976,False,False
2025-07-18 00:00:00+00:00,2.03,1.9758730158730158,0.18428615303712623,0.29371161769316234,False,False
2025-07-21 00:00:00+00:00,1.98,1.9761507936507936,0.18431488591722214,0.02088386041122637,False,False
2025-07-22 00:00:00+00:00,1.96,1.9764285714285714,0.18426753582252814,-0.08915608142930914,False,False
2025-07-23 00:00:00+00:00,2.03,1.9766666666666668,0.18420714132826374,0.2895291298087684,False,False
2025-07-24 00:00:00+00:00,1.98,1.9772222222222222,0.18415582735072375,0.015083844034365013,False,False
2025-07-25 00:00:00+00:00,1.96,1.977420634920635,0.18413168045667405,-0.09460965585840075,False,False
2025-07-28 00:00:00+00:00,1.98,1.977420634920635,0.18413168045667405,0.0140082633958907,False,False
2025-07-29 00:00:00+00:00,1.91,1.9775,0.1841284520452663,-0.36659190500013467,False,False
2025-07-30 00:00:00+00:00,1.96,1.977142857142857,0.18417191493699966,-0.09308073464252811,False,False
2025-07-31 00:00:00+00:00,1.98,1.9770238095238095,0.18417326695134006,0.016159731135012102,False,False
2025-08-01 00:00:00+00:00,1.9,1.9772222222222222,0.18414933697676608,-0.4193456435412816,False,False
2025-08-04 00:00:00+00:00,1.85,1.977142857142857,0.18417840451531892,-0.6903244572969574,False,False
2025-08-05 00:00:00+00:00,1.86,1.9769444444444444,0.18428873956582942,-0.6345718393861541,False,False
2025-08-06 00:00:00+00:00,1.88,1.976984126984127,0.1842623707135672,-0.5263371279146701,False,False
2025-08-07 00:00:00+00:00,1.88,1.97734126984127,0.1839855209398523,-0.5290702732694519,False,False
2025-08-08 00:00:00+00:00,1.88,1.9778174603174603,0.1835755932007809,-0.5328456719759864,False,False
2025-08-11 00:00:00+00:00,1.87,1.9784920634920635,0.18289860670645783,-0.5931814651064411,False,False
2025-08-12 00:00:00+00:00,1.91,1.9788492063492065,0.18259709276496291,-0.3770553260551006,False,False
2025-08-13 00:00:00+00:00,1.87,1.9790873015873014,0.18246748418913253,-0.5978451562045396,False,False
2025-08-14 00:00:00+00:00,1.9,1.9790873015873014,0.18246748418913253,-0.4334323013152597,False,False
2025-08-15 00:00:00+00:00,1.95,1.979325396825397,0.1823243609052818,-0.16084190110301105,False,False
2025-08-18 00:00:00+00:00,1.96,1.9799603174603173,0.1819406190416687,-0.10970786823444831,False,False
2025-08-19 00:00:00+00:00,1.95,1.980753968253968,0.18141274664571147,-0.16952484774418225,False,False
2025-08-20 00:00:00+00:00,1.94,1.981468253968254,0.180933356422353,-0.22919076276601333,False,False
2025-08-21 00:00:00+00:00,1.94,1.9820238095238094,0.18058854487041542,-0.2327047352530827,False,False
2025-08-22 00:00:00+00:00,1.85,1.9825396825396824,0.1802805980591048,-0.7351855050770871,False,False
2025-08-25 00:00:00+00:00,1.87,1.9827777777777778,0.18006479085760252,-0.626317767291684,False,False
2025-08-26 00:00:00+00:00,1.84,1.983253968253968,0.17960483123377616,-0.7976064300158306,False,False
2025-08-27 00:00:00+00:00,1.81,1.9837301587301586,0.17906233919476003,-0.9702216530367009,False,False
2025-08-28 00:00:00+00:00,1.81,1.9839285714285715,0.17884100880786125,-0.972531817998368,False,False
2025-08-29 00:00:00+00:00,1.82,1.9844444444444445,0.17814697166897303,-0.9230830190591719,False,False
2025-09-02 00:00:00+00:00,1.87,1.9850396825396823,0.17734091241400385,-0.6486922897471121,False,False
2025-09-03 00:00:00+00:00,1.82,1.9857936507936507,0.17644047188467232,-0.9396577158443509,False,False
2025-09-04 00:00:00+00:00,1.79,1.9863095238095236,0.175760928005386,-1.1169121945208886,False,False
2025-09-05 00:00:00+00:00,1.73,1.9866269841269841,0.1753315917845874,-1.4636665390129826,False,False
2025-09-08 00:00:00+00:00,1.7,1.9865079365079366,0.17549618881148055,-1.6325593076879052,False,False
2025-09-09 00:00:00+00:00,1.72,1.9863888888888888,0.17568096184315285,-1.5163218944959986,False,False
2025-09-10 00:00:00+00:00,1.69,1.986468253968254,0.17555554104657214,-1.688743358374577,False,False
2025-09-11 00:00:00+00:00,1.67,1.9864285714285717,0.17562166999902426,-1.8017626835590947,False,False
2025-09-12 00:00:00+00:00,1.7,1.9863492063492063,0.17576062667107828,-1.6291999623162792,False,False
2025-09-15 00:00:00+00:00,1.68,1.9865079365079363,0.17548256725629702,-1.7466574674638382,False,False
2025-09-16 00:00:00+00:00,1.67,1.986706349206349,0.1751057309493785,-1.8086578177038994,False,False
2025-09-17 00:00:00+00:00,1.68,1.9869444444444444,0.17463162391902226,-1.7576681562943974,False,False
2025-09-18 00:00:00+00:00,1.73,1.987142857142857,0.17425244837736348,-1.4756915012521663,False,False
2025-09-19 00:00:00+00:00,1.75,1.9877380952380954,0.17310856868143598,-1.3733467791279257,False,False
2025-09-22 00:00:00+00:00,1.78,1.9885714285714287,0.17144204082920983,-1.2165710788476147,False,False
2025-09-23 00:00:00+00:00,1.75,1.9895634920634921,0.16949011869475936,-1.4134363342734473,False,False
2025-09-24 00:00:00+00:00,1.78,1.9902380952380951,0.16818678804960105,-1.250027411047843,False,False
2025-09-25 00:00:00+00:00,1.8,1.991111111111111,0.1665072278546506,-1.1477646560660892,False,False
2025-09-26 00:00:00+00:00,1.82,1.9919841269841267,0.16491224198283422,-1.0428827169909471,False,False
2025-09-29 00:00:00+00:00,1.8,1.992936507936508,0.16320772314119378,-1.1821530514802618,False,False
2025-09-30 00:00:00+00:00,1.8,1.9939285714285713,0.16125269958869107,-1.2026376731876542,False,False
2025-10-01 00:00:00+00:00,1.77,1.9946825396825396,0.15988883841623966,-1.4052421789294764,False,False
2025-10-02 00:00:00+00:00,1.76,1.995238095238095,0.158856542994397,-1.4808209394711054,False,False
2025-10-03 00:00:00+00:00,1.8,1.995873015873016,0.15758521297581693,-1.2429657083566255,False,False
2025-10-06 00:00:00+00:00,1.84,1.996547619047619,0.15637191885455987,-1.0011236045087002,False,False
2025-10-07 00:00:00+00:00,1.79,1.9976984126984128,0.15412347044137414,-1.347610536562746,False,False
2025-10-08 00:00:00+00:00,1.78,1.998531746031746,0.15241425969341518,-1.4338011841630018,False,False
2025-10-09 00:00:00+00:00,1.8,1.9990873015873014,0.15135365407893042,-1.3153782298739745,False,False
2025-10-10 00:00:00+00:00,1.75,1.9992857142857143,0.15105830420471852,-1.6502615701807113,False,False
2025-10-14 00:00:00+00:00,1.73,1.9992460317460317,0.15112271399555346,-1.7816384091272592,False,False
2025-10-15 00:00:00+00:00,1.76,1.9990873015873014,0.1513852382368657,-1.5793303519674238,False,False
2025-10-16 00:00:00+00:00,1.71,1.999047619047619,0.15144682614595587,-1.9085749526969373,False,False
2025-10-17 00:00:00+00:00,1.75,1.9988492063492063,0.15179360948288337,-1.6393918505328589,False,False
2025-10-20 00:00:00+00:00,1.74,1.9988492063492063,0.15179360948288337,-1.7052707767542399,False,False
2025-10-21 00:00:00+00:00,1.7,1.9988095238095238,0.15186021640725653,-1.9676616488427805,False,False
2025-10-22 00:00:00+00:00,1.68,1.9986111111111111,0.15221883346847045,-2.093112290057761,False,False
2025-10-23 00:00:00+00:00,1.71,1.9981746031746033,0.15297527750498363,-1.8837985318589479,False,False
2025-10-24 00:00:00+00:00,1.73,1.9979365079365077,0.1533779928858685,-1.7469032088318195,False,False
2025-10-27 00:00:00+00:00,1.73,1.9973412698412698,0.15412674779423743,-1.734554667942363,False,False
2025-10-28 00:00:00+00:00,1.71,1.9967857142857144,0.15483825809406304,-1.8521631398842935,False,False
2025-10-29 00:00:00+00:00,1.78,1.9959126984126982,0.1558333219198461,-1.3855361340737786,False,False
2025-10-30 00:00:00+00:00,1.82,1.9953968253968253,0.15633323685657322,-1.1219420062142111,False,False
2025-10-31 00:00:00+00:00,1.81,1.99484126984127,0.15670783395313023,-1.1795279481468313,False,False
2025-11-03 00:00:00+00:00,1.82,1.9941269841269842,0.1571396204170319,-1.1081036320748998,False,False
2025-11-04 00:00:00+00:00,1.81,1.9934920634920636,0.15751970703403412,-1.1648832196749694,False,False
2025-11-05 00:00:00+00:00,1.87,1.992936507936508,0.1579200839817566,-0.7784729138740193,False,False
2025-11-06 00:00:00+00:00,1.83,1.9926190476190477,0.15808706346737894,-1.0286676471323277,False,False
2025-11-07 00:00:00+00:00,1.83,1.9917857142857143,0.15838950965014445,-1.0214421058760228,False,False
2025-11-10 00:00:00+00:00,1.84,1.9909920634920635,0.1586980392627486,-0.9514425269115846,False,False
2025-11-12 00:00:00+00:00,1.81,1.9903968253968256,0.1589828264731259,-1.1346937867362639,False,False
2025-11-13 00:00:00+00:00,1.83,1.9894841269841268,0.15935668649887416,-1.0007997184683772,False,False
2025-11-14 00:00:00+00:00,1.86,1.988888888888889,0.1596720854004461,-0.8072099050102888,False,False
2025-11-17 00:00:00+00:00,1.85,1.988531746031746,0.1598599579616026,-0.866581899546229,False,False
2025-11-18 00:00:00+00:00,1.85,1.9876190476190476,0.1599921739690932,-0.8601611204160046,False,False
2025-11-19 00:00:00+00:00,1.86,1.9866666666666666,0.16009459355162017,-0.791198902202932,False,False
2025-11-20 00:00:00+00:00,1.86,1.9857142857142855,0.1601315623020671,-0.785068751637744,False,False
2025-11-21 00:00:00+00:00,1.82,1.9847619047619047,0.16016283688752425,-1.0287149501329709,False,False
2025-11-24 00:00:00+00:00,1.81,1.9837301587301586,0.16038417089624082,-1.0832126247829765,False,False
2025-11-25 00:00:00+00:00,1.79,1.9827777777777778,0.16070134576938092,-1.1996027591108602,False,False
2025-11-26 00:00:00+00:00,1.77,1.9817063492063491,0.16108405504024445,-1.31426011813185,False,False
2025-11-28 00:00:00+00:00,1.79,1.9804365079365078,0.16148775420283198,-1.1792628417961375,False,False
2025-12-01 00:00:00+00:00,1.85,1.979325396825397,0.161831958951516,-0.7991338525670452,False,False
2025-12-02 00:00:00+00:00,1.85,1.978809523809524,0.16203687123002466,-0.7949395889449644,False,False
2025-12-03 00:00:00+00:00,1.82,1.9781349206349206,0.16221847710275095,-0.9748268104795247,False,False
2025-12-04 00:00:00+00:00,1.85,1.9774603174603174,0.1625221358281942,-0.7842643515038372,False,False
2025-12-05 00:00:00+00:00,1.88,1.9771825396825398,0.16268048026134663,-0.5973829160475544,False,False
2025-12-08 00:00:00+00:00,1.91,1.9769841269841268,0.16276872278652843,-0.4115294746889227,False,False
2025-12-09 00:00:00+00:00,1.92,1.9768253968253968,0.16281463952135147,-0.34901896409594557,False,False
2025-12-10 00:00:00+00:00,1.88,1.976904761904762,0.16278191254843818,-0.5953042348972684,False,False
2025-12-11 00:00:00+00:00,1.89,1.9767460317460317,0.16285710679974172,-0.5326511900564438,False,False
2025-12-12 00:00:00+00:00,1.93,1.9766666666666668,0.1628946326757819,-0.2864837588574823,False,False
2025-12-15 00:00:00+00:00,1.93,1.9766666666666663,0.1628946326757819,-0.28648375885747956,False,False
2025-12-16 00:00:00+00:00,1.92,1.9766666666666668,0.1628946326757819,-0.34787313575551404,False,False
2025-12-17 00:00:00+00:00,1.92,1.9765079365079365,0.1629304227144841,-0.34682249985295843,False,False
2025-12-18 00:00:00+00:00,1.88,1.9761904761904763,0.16296240195445263,-0.5902617722667174,False,False
2025-12-19 00:00:00+00:00,1.92,1.975436507936508,0.16296618063995563,-0.3401718547910561,False,False
2025-12-22 00:00:00+00:00,1.94,1.9748412698412698,0.16289333213044838,-0.21389009228056236,False,False
2025-12-23 00:00:00+00:00,1.94,1.974246031746032,0.16274484154750313,-0.21042775562281676,False,False
2025-12-24 00:00:00+00:00,1.91,1.973293650793651,0.16223742217732104,-0.390129785990268,False,False
2025-12-26 00:00:00+00:00,1.91,1.9718253968253967,0.16112107641391407,-0.38372010789308303,False,False
2025-12-29 00:00:00+00:00,1.9,1.9705555555555554,0.16033732148890387,-0.44004449432216736,False,False
2025-12-30 00:00:00+00:00,1.9,1.9690873015873016,0.1592748767758701,-0.43376145055519716,False,False
2025-12-31 00:00:00+00:00,1.93,1.9677380952380952,0.1584085533613223,-0.23823268653944749,False,False
2026-01-02 00:00:00+00:00,1.94,1.966547619047619,0.1575547261978919,-0.16849776384539997,False,False
2026-01-05 00:00:00+00:00,1.91,1.9651984126984126,0.15631067847283467,-0.3531327049290852,False,False
2026-01-06 00:00:00+00:00,1.91,1.9638888888888888,0.15537884416706446,-0.34682256247798543,False,False
2026-01-07 00:00:00+00:00,1.88,1.962579365079365,0.1544302394460628,-0.5347357187010469,False,False
2026-01-08 00:00:00+00:00,1.92,1.9611904761904764,0.15358715886134208,-0.26818958365954965,False,False
2026-01-09 00:00:00+00:00,1.9,1.9598412698412697,0.15244087941331705,-0.39255395318876746,False,False
2026-01-12 00:00:00+00:00,1.9,1.9583333333333333,0.15113514703509176,-0.38596801920461987,False,False
2026-01-13 00:00:00+00:00,1.88,1.9567857142857144,0.14971548619649727,-0.5128775668866707,False,False
2026-01-14 00:00:00+00:00,1.86,1.9552380952380952,0.14847546263648564,-0.6414399628527695,False,False
2026-01-15 00:00:00+00:00,1.88,1.953531746031746,0.14707719124116242,-0.4999534286127085,False,False
2026-01-16 00:00:00+00:00,1.91,1.9517063492063491,0.1451028796977331,-0.28742606137954374,False,False
2026-01-20 00:00:00+00:00,1.97,1.9500000000000002,0.143032050012133,0.1398288005961129,False,False
2026-01-21 00:00:00+00:00,1.92,1.948531746031746,0.1408957788654952,-0.20250248986510502,False,False
2026-01-22 00:00:00+00:00,1.95,1.9472619047619046,0.13969532462559314,0.019600478723492507,False,False
2026-01-23 00:00:00+00:00,1.92,1.9463095238095236,0.1388493961431957,-0.18948245034058772,False,False
2026-01-26 00:00:00+00:00,1.9,1.9451984126984128,0.13792847155101334,-0.3276945810401158,False,False
2026-01-27 00:00:00+00:00,1.9,1.944047619047619,0.13708507011519425,-0.3213159464455565,False,False
2026-01-28 00:00:00+00:00,1.9,1.9428571428571428,0.13615293219313432,-0.3147720887593492,False,False
2026-01-29 00:00:00+00:00,1.89,1.941547619047619,0.13496194577381226,-0.3819418781499323,False,False
2026-01-30 00:00:00+00:00,1.9,1.9403174603174602,0.134006222772405,-0.300862597895436,False,False
2026-02-02 00:00:00+00:00,1.94,1.939404761904762,0.13349143420129364,0.004458998427871432,False,False
2026-02-03 00:00:00+00:00,1.92,1.9386507936507937,0.13294610341678378,-0.14028838131738156,False,False
2026-02-04 00:00:00+00:00,1.94,1.937738095238095,0.1322771856435254,0.017099734552870224,False,False
2026-02-05 00:00:00+00:00,1.89,1.9369444444444444,0.13165733656654915,-0.35656535115090476,False,False
2026-02-06 00:00:00+00:00,1.88,1.935873015873016,0.13093150693395253,-0.4267346888568297,False,False
2026-02-09 00:00:00+00:00,1.87,1.9350396825396825,0.13061453893639877,-0.49795132356094535,False,False
2026-02-10 00:00:00+00:00,1.84,1.9342063492063493,0.1303556469837756,-0.7226871362011217,False,False
2026-02-11 00:00:00+00:00,1.86,1.933531746031746,0.13040171988867005,-0.5638863206292324,False,False
2026-02-12 00:00:00+00:00,1.8,1.9328571428571428,0.1303403888314148,-1.0193090879066136,False,False
2026-02-13 00:00:00+00:00,1.77,1.9317857142857142,0.13031828074791807,-1.241465996613824,False,False
2026-02-17 00:00:00+00:00,1.79,1.930595238095238,0.13042087424711268,-1.0780117746247246,False,False
2026-02-18 00:00:00+00:00,1.8,1.9294444444444445,0.13037674832144433,-0.9928491553209989,False,False
2026-02-19 00:00:00+00:00,1.79,1.9280158730158727,0.12981150810111416,-1.06320213850661,False,False
2026-02-20 00:00:00+00:00,1.8,1.9268650793650794,0.12974420762845992,-0.9778091961405684,False,False
2026-02-23 00:00:00+00:00,1.77,1.9259126984126984,0.12979128325362083,-1.2012570837136618,False,False
2026-02-24 00:00:00+00:00,1.78,1.9246031746031746,0.12969256195837814,-1.114968911243975,False,False
2026-02-25 00:00:00+00:00,1.77,1.9234126984126985,0.1296373286116996,-1.183399103141139,False,False
2026-02-26 00:00:00+00:00,1.74,1.9223015873015874,0.12974791801235933,-1.4050444129995365,False,False
2026-02-27 00:00:00+00:00,1.72,1.9212698412698415,0.13016069826823942,-1.546318081784242,False,False
2026-03-02 00:00:00+00:00,1.76,1.920238095238095,0.1307225661465489,-1.2257875588095268,False,False
2026-03-03 00:00:00+00:00,1.77,1.9196031746031745,0.13111170866570254,-1.1410359618195498,False,False
2026-03-04 00:00:00+00:00,1.8,1.9191269841269842,0.13143716685437445,-0.9063416914560453,False,False
2026-03-05 00:00:00+00:00,1.82,1.9186507936507937,0.13165119418992857,-0.7493345902238729,False,False
2026-03-06 00:00:00+00:00,1.8,1.9184920634920637,0.13174626984484816,-0.8993959649226243,False,False
2026-03-09 00:00:00+00:00,1.78,1.9184920634920637,0.13174626984484816,-1.051202919484246,False,False
2026-03-10 00:00:00+00:00,1.82,1.9181349206349207,0.13199999113692693,-0.7434464183647017,False,False
2026-03-11 00:00:00+00:00,1.85,1.9176587301587302,0.1321371774653006,-0.5120340199221934,False,False
2026-03-12 00:00:00+00:00,1.89,1.9172619047619048,0.13218981152891618,-0.20623302542451588,False,False
2026-03-13 00:00:00+00:00,1.92,1.9168650793650794,0.13212066518947344,0.023727708533897555,False,False
2026-03-16 00:00:00+00:00,1.87,1.916904761904762,0.13212009679541437,-0.3550161030943913,False,False
2026-03-17 00:00:00+00:00,1.83,1.9165079365079367,0.13211016446241566,-0.6548166589600113,False,False
2026-03-18 00:00:00+00:00,1.86,1.915873015873016,0.13214003100820004,-0.42283186591312827,False,False
2026-03-19 00:00:00+00:00,1.88,1.9153968253968254,0.1321242370414371,-0.26790561814729197,False,False
2026-03-20 00:00:00+00:00,2.01,1.9148809523809525,0.13200712929815295,0.7205599282763756,False,False
2026-03-23 00:00:00+00:00,2.01,1.91484126984127,0.13197690324903633,0.7210256326379185,False,False
2026-03-24 00:00:00+00:00,2.06,1.914920634920635,0.13202828401395922,1.0988506452452722,False,False
2026-03-25 00:00:00+00:00,2.02,1.9153968253968254,0.1323351461487542,0.7904413728881451,False,False
2026-03-26 00:00:00+00:00,2.08,1.9157539682539682,0.13249606092063554,1.239629545246741,False,False
2026-03-27 00:00:00+00:00,2.13,1.916388888888889,0.13289923524473995,1.607316330434381,False,False
2026-03-30 00:00:00+00:00,2.04,1.9169841269841272,0.13351974258284768,0.921330963018766,False,False
2026-03-31 00:00:00+00:00,2.0,1.9173015873015873,0.133717384664858,0.6184567018393572,False,False
2026-04-01 00:00:00+00:00,2.02,1.9173809523809522,0.1337606744978246,0.7671839874036875,False,False
2026-04-02 00:00:00+00:00,1.97,1.9175000000000002,0.1338388904824507,0.3922626660363992,False,False
2026-04-03 00:00:00+00:00,1.99,1.9177777777777776,0.13387506150826817,0.539474801419695,False,False
2026-04-06 00:00:00+00:00,1.98,1.9183333333333334,0.1338831624783896,0.46060061269183344,False,False
2026-04-07 00:00:00+00:00,1.96,1.9188888888888889,0.13384728303126622,0.307149388318235,False,False
2026-04-08 00:00:00+00:00,1.96,1.9192063492063491,0.13384955087813968,0.30477241444605585,False,False
2026-04-09 00:00:00+00:00,1.95,1.9199206349206348,0.13358373849398467,0.22517235569597147,False,False
2026-04-10 00:00:00+00:00,1.95,1.9203968253968253,0.13347575868751668,0.2217868989415474,False,False
2026-04-13 00:00:00+00:00,1.92,1.9203571428571429,0.1334654238039296,-0.0026759204516340765,False,False
2026-04-14 00:00:00+00:00,1.89,1.9198809523809524,0.13325075108091122,-0.22424603342617133,False,False
2026-04-15 00:00:00+00:00,1.9,1.9191666666666667,0.13292488068220423,-0.14419171616554086,False,False
2026-04-16 00:00:00+00:00,1.93,1.9179365079365078,0.13165097803069264,0.09163237709240314,False,False
2026-04-17 00:00:00+00:00,1.9,1.916547619047619,0.12964702968082684,-0.12763592878569602,False,False
2026-04-20 00:00:00+00:00,1.91,1.9155555555555555,0.1288073118829307,-0.04313074680577778,False,False
2026-04-21 00:00:00+00:00,1.92,1.914563492063492,0.12787649644532464,0.04251373854954194,False,False
2026-04-22 00:00:00+00:00,1.92,1.9137698412698414,0.12721532786811482,0.04897333391002527,False,False
2026-04-23 00:00:00+00:00,1.92,1.913015873015873,0.12660928914434716,0.05516283229553775,False,False
2026-04-24 00:00:00+00:00,1.89,1.911904761904762,0.12530259333927757,-0.17481491261279258,False,False
2026-04-27 00:00:00+00:00,1.91,1.9109126984126983,0.12447643466259292,-0.007332298801554966,False,False
2026-04-28 00:00:00+00:00,1.92,1.9101190476190477,0.12383796810712695,0.07978936130803294,False,False
2026-04-29 00:00:00+00:00,1.96,1.9097222222222223,0.12364453219149842,0.406631630907126,False,False
2026-04-30 00:00:00+00:00,1.94,1.909484126984127,0.12348900198633521,0.2471140953851887,False,False
2026-05-01 00:00:00+00:00,1.91,1.9093253968253967,0.12342369156397741,0.005465751073030675,False,False
2026-05-04 00:00:00+00:00,1.95,1.9091269841269842,0.12338208617652055,0.33127188183979506,False,False
2026-05-05 00:00:00+00:00,1.96,1.9091666666666667,0.1233936627867572,0.4119606484263372,False,False
2026-05-06 00:00:00+00:00,1.94,1.9090079365079364,0.12330204523472976,0.25135076578060006,False,False
2026-05-07 00:00:00+00:00,1.96,1.908531746031746,0.12294780329385119,0.4186187356698227,False,False
2026-05-08 00:00:00+00:00,1.93,1.9080555555555556,0.12251265846006586,0.1791198127628364,False,False
2026-05-11 00:00:00+00:00,1.95,1.9076190476190475,0.12223632372959226,0.34671324437657625,False,False
2026-05-12 00:00:00+00:00,1.99,1.9073809523809524,0.12209446131722768,0.6766813721744964,False,False
2026-05-13 00:00:00+00:00,1.99,1.9070238095238097,0.12171856797304778,0.6817052801226168,False,False
2026-05-14 00:00:00+00:00,2.0,1.9066666666666665,0.12134045482068746,0.7691856229751085,False,False
2026-05-15 00:00:00+00:00,2.1,1.906031746031746,0.12042474210095827,1.6107010119701193,False,False
2026-05-18 00:00:00+00:00,2.13,1.9057539682539681,0.11989299256195417,1.8703848069365157,False,False
2026-05-19 00:00:00+00:00,2.18,1.9056349206349206,0.11965418985638802,2.292983469232289,True,False
2026-05-20 00:00:00+00:00,2.13,1.9059126984126984,0.12021047410735686,1.864124596889743,True,True
2026-05-21 00:00:00+00:00,2.18,1.9060714285714284,0.12048062306860187,2.273631762948274,True,True
2026-05-22 00:00:00+00:00,2.16,1.906388888888889,0.12109746969645437,2.0942725867585716,True,True
2026-05-26 00:00:00+00:00,2.1,1.9065079365079365,0.1213326891266356,1.5947232760176844,True,True
2026-05-27 00:00:00+00:00,2.09,1.9059920634920635,0.12022309912098664,1.5305539272678355,True,True
2026-05-28 00:00:00+00:00,2.06,1.9055555555555554,0.11934786649094645,1.294069588216397,True,True
2026-05-29 00:00:00+00:00,2.07,1.905079365079365,0.11848476313185444,1.3919142897479977,True,True
2026-06-01 00:00:00+00:00,2.07,1.904920634920635,0.11823567545789788,1.3961891319185422,True,True
2026-06-02 00:00:00+00:00,2.07,1.9046031746031749,0.11768111949795407,1.405466111322135,True,True
2026-06-03 00:00:00+00:00,2.11,1.9044444444444446,0.11742968095421402,1.7504565616226244,True,True
2026-06-04 00:00:00+00:00,2.11,1.9046031746031749,0.11768111949795407,1.745367704463382,True,True
2026-06-05 00:00:00+00:00,2.19,1.9045238095238095,0.11753515803820916,2.428857843398533,True,True
2026-06-08 00:00:00+00:00,2.21,1.904722222222222,0.11797562979410874,2.5876342284465808,True,True
2026-06-09 00:00:00+00:00,2.2,1.9053174603174603,0.1191349063417512,2.473519715852309,True,True
2026-06-10 00:00:00+00:00,2.21,1.9056746031746032,0.11988349785356822,2.538509488579614,True,True
2026-06-11 00:00:00+00:00,2.16,1.9057142857142855,0.1199829242261495,2.119349198444479,True,True
2026-06-12 00:00:00+00:00,2.17,1.9056349206349208,0.11980725577627896,2.2065865514751377,True,True
2026-06-15 00:00:00+00:00,2.15,1.9055952380952383,0.1197176411508663,2.0415100026634043,True,True
2026-06-16 00:00:00+00:00,2.14,1.9056349206349206,0.11979727917776646,1.9563472640919217,True,True
2026-06-17 00:00:00+00:00,2.23,1.9057539682539681,0.12001588118734094,2.701692713815884,True,True
2026-06-18 00:00:00+00:00,2.21,1.9061507936507938,0.1209221914036678,2.512766290637947,True,True
2026-06-22 00:00:00+00:00,2.28,1.9063492063492062,0.12138052624188818,3.078342179092048,True,True
2026-06-23 00:00:00+00:00,2.29,1.9071428571428573,0.12316126274928774,3.1085840978790786,True,True
2026-06-24 00:00:00+00:00,2.23,1.908015873015873,0.12508495816440698,2.5741234734309395,True,True
2026-06-25 00:00:00+00:00,2.19,1.9087301587301588,0.12640593641174355,2.2251315820616013,True,True
2026-06-26 00:00:00+00:00,2.18,1.9093253968253967,0.12737598949190065,2.1250049106924864,True,True
2026-06-29 00:00:00+00:00,2.16,1.91,0.12835769245024264,1.947682255949808,True,True
2026-06-30 00:00:00+00:00,2.2,1.9105952380952382,0.12916851333737414,2.2405209630993284,True,True
2026-07-01 00:00:00+00:00,2.25,1.911468253968254,0.13037727581112807,2.596554836152294,True,True
2026-07-02 00:00:00+00:00,2.26,1.9124603174603174,0.13199472709457388,2.6329815606245472,True,True
2026-07-06 00:00:00+00:00,2.24,1.9136904761904763,0.13377849113294676,2.4391777859509802,True,True
2026-07-07 00:00:00+00:00,2.3,1.9147619047619049,0.1353037856068352,2.8472085500809055,True,True
2026-07-08 00:00:00+00:00,2.31,1.915952380952381,0.13736088839128438,2.86870319246291,True,True
2026-07-09 00:00:00+00:00,2.31,1.9171031746031744,0.13943519132385104,2.8177737748018483,True,True
2026-07-10 00:00:00+00:00,2.32,1.9181349206349205,0.14137096819431005,2.8426280480213455,True,True
2026-07-13 00:00:00+00:00,2.36,1.9191269841269842,0.14330487290957344,3.0764691173566034,True,True
2026-07-14 00:00:00+00:00,2.33,1.920515873015873,0.14586236125984772,2.8073323607770773,True,True
2026-07-15 00:00:00+00:00,2.32,1.9217857142857144,0.14802143201892679,2.6902474883729517,True,True
2026-07-16 00:00:00+00:00,2.35,1.9228174603174604,0.14988308329515362,2.850105097193129,True,True
2026-07-17 00:00:00+00:00,2.31,1.9240476190476188,0.1521043810786142,2.5374179114071946,True,True
2026-07-20 00:00:00+00:00,2.35,1.924920634920635,0.15368382730686636,2.765934272515175,True,True
2026-07-21 00:00:00+00:00,2.37,1.926111111111111,0.15580390281063974,2.849022912015116,True,True
2026-07-22 00:00:00+00:00,2.39,1.927420634920635,0.15813433460090445,2.925230414045194,True,True
2026-07-23 00:00:00+00:00,2.43,1.9288492063492064,0.1606704859615618,3.1191216647635405,True,True
2026-07-24 00:00:00+00:00,2.43,1.9306349206349205,0.1637131201460582,3.0502447141656477,True,True
2026-07-27 00:00:00+00:00,2.44,1.9325,0.166698967653459,3.044409975321579,True,True
