date,rsp,sma200_prior,risk_on_signal_close,risk_on_actionable
2004-02-17 00:00:00+00:00,25.116802215576172,21.503944902420045,True,False
2004-02-18 00:00:00+00:00,25.028661727905273,21.540340662002563,True,True
2004-02-19 00:00:00+00:00,24.873519897460938,21.574634103775026,True,True
2004-02-20 00:00:00+00:00,24.767742156982425,21.6079594039917,True,True
2004-02-23 00:00:00+00:00,24.610841751098633,21.640029907226562,True,True
2004-02-24 00:00:00+00:00,24.54560661315918,21.67167450904846,True,True
2004-02-25 00:00:00+00:00,24.721912384033203,21.703981142044068,True,True
2004-02-26 00:00:00+00:00,24.825918197631836,21.735892477035524,True,True
2004-02-27 00:00:00+00:00,24.910541534423828,21.766618413925173,True,True
2004-03-01 00:00:00+00:00,25.222579956054688,21.79798607826233,True,True
2004-03-02 00:00:00+00:00,25.122098922729492,21.83069532394409,True,True
2004-03-03 00:00:00+00:00,25.13266944885254,21.861931447982787,True,True
2004-03-04 00:00:00+00:00,25.227876663208008,21.893054180145263,True,True
2004-03-05 00:00:00+00:00,25.32308006286621,21.92711049079895,True,True
2004-03-08 00:00:00+00:00,25.033933639526367,21.961756505966186,True,True
2004-03-09 00:00:00+00:00,24.83120346069336,21.994589471817015,True,True
2004-03-10 00:00:00+00:00,24.446882247924805,22.02509696960449,True,True
2004-03-11 00:00:00+00:00,24.03964614868164,22.053158121109007,True,True
2004-03-12 00:00:00+00:00,24.399280548095703,22.077154130935668,True,True
2004-03-15 00:00:00+00:00,24.020248413085938,22.10269464492798,True,True
2004-03-16 00:00:00+00:00,24.140119552612305,22.126681051254273,True,True
2004-03-17 00:00:00+00:00,24.513872146606445,22.149386501312257,True,True
2004-03-18 00:00:00+00:00,24.505064010620117,22.173418550491334,True,True
2004-03-19 00:00:00+00:00,24.281328201293945,22.19744153022766,True,True
2004-03-22 00:00:00+00:00,23.889005661010746,22.218281841278078,True,True
2004-03-23 00:00:00+00:00,23.89078140258789,22.236452093124388,True,True
2004-03-24 00:00:00+00:00,23.825389862060547,22.25515601158142,True,True
2004-03-25 00:00:00+00:00,24.22831916809082,22.275168380737306,True,True
2004-03-26 00:00:00+00:00,24.27779197692871,22.296478300094606,True,True
2004-03-29 00:00:00+00:00,24.514602661132812,22.316321420669556,True,True
2004-03-30 00:00:00+00:00,24.701919555664062,22.33692876815796,True,True
2004-03-31 00:00:00+00:00,24.740800857543945,22.360038232803344,True,True
2004-04-01 00:00:00+00:00,24.89278793334961,22.381313123703002,True,True
2004-04-02 00:00:00+00:00,25.17376708984375,22.403164205551146,True,True
2004-04-05 00:00:00+00:00,25.32043838500977,22.4269012260437,True,True
2004-04-06 00:00:00+00:00,25.26919174194336,22.452700910568236,True,True
2004-04-07 00:00:00+00:00,25.138437271118164,22.478340606689454,True,True
2004-04-08 00:00:00+00:00,25.111913681030273,22.504743309020995,True,True
2004-04-12 00:00:00+00:00,25.19321060180664,22.53130202293396,True,True
2004-04-13 00:00:00+00:00,24.80795669555664,22.55879193305969,True,True
2004-04-14 00:00:00+00:00,24.65244483947754,22.58350724220276,True,True
2004-04-15 00:00:00+00:00,24.703685760498047,22.60799599647522,True,True
2004-04-16 00:00:00+00:00,24.86450958251953,22.632670955657957,True,True
2004-04-19 00:00:00+00:00,24.86450958251953,22.657817783355714,True,True
2004-04-20 00:00:00+00:00,24.500463485717773,22.68170518875122,True,True
2004-04-21 00:00:00+00:00,24.65244483947754,22.70432333946228,True,True
2004-04-22 00:00:00+00:00,25.118982315063477,22.726022176742553,True,True
2004-04-23 00:00:00+00:00,25.05537796020508,22.74910922050476,True,True
2004-04-26 00:00:00+00:00,24.889251708984375,22.771817016601563,True,True
2004-04-27 00:00:00+00:00,24.928136825561523,22.7956095123291,True,True
2004-04-28 00:00:00+00:00,24.555246353149418,22.818984184265137,True,True
2004-04-29 00:00:00+00:00,24.272499084472656,22.8390163898468,True,True
2004-04-30 00:00:00+00:00,24.157625198364254,22.858929252624513,True,True
2004-05-03 00:00:00+00:00,24.31667709350586,22.87915104866028,True,True
2004-05-04 00:00:00+00:00,24.387357711791992,22.901646127700804,True,True
2004-05-05 00:00:00+00:00,24.459827423095703,22.923147773742677,True,True
2004-05-06 00:00:00+00:00,24.219478607177734,22.946323595046998,True,True
2004-05-07 00:00:00+00:00,23.788286209106445,22.96705580711365,True,True
2004-05-10 00:00:00+00:00,23.433067321777344,22.986454124450685,True,True
2004-05-11 00:00:00+00:00,23.698158264160156,23.00365655899048,True,True
2004-05-12 00:00:00+00:00,23.708763122558594,23.02065396308899,True,True
2004-05-13 00:00:00+00:00,23.797117233276367,23.03750326156616,True,True
2004-05-14 00:00:00+00:00,23.738805770874023,23.055563955307008,True,True
2004-05-17 00:00:00+00:00,23.440147399902344,23.073542985916138,True,True
2004-05-18 00:00:00+00:00,23.66811752319336,23.089573945999145,True,True
2004-05-19 00:00:00+00:00,23.620384216308594,23.107391939163207,True,True
2004-05-20 00:00:00+00:00,23.653972625732425,23.12514615058899,True,True
2004-05-21 00:00:00+00:00,23.708763122558594,23.144887437820433,True,True
2004-05-24 00:00:00+00:00,23.901376724243164,23.164649028778076,True,True
2004-05-25 00:00:00+00:00,24.330808639526367,23.185032596588133,True,True
2004-05-26 00:00:00+00:00,24.37852668762207,23.207196016311645,True,True
2004-05-27 00:00:00+00:00,24.49692726135254,23.229195728302003,True,True
2004-05-28 00:00:00+00:00,24.57999038696289,23.250834159851074,True,True
2004-06-01 00:00:00+00:00,24.551719665527344,23.273071546554565,True,True
2004-06-02 00:00:00+00:00,24.634763717651367,23.29410940170288,True,True
2004-06-03 00:00:00+00:00,24.387357711791992,23.31534378051758,True,True
2004-06-04 00:00:00+00:00,24.539331436157227,23.334169254302978,True,True
2004-06-07 00:00:00+00:00,25.00588035583496,23.353107385635376,True,True
2004-06-08 00:00:00+00:00,24.995290756225582,23.374334564208983,True,True
2004-06-09 00:00:00+00:00,24.730195999145508,23.394651708602904,True,True
2004-06-10 00:00:00+00:00,24.836238861083984,23.414797859191893,True,True
2004-06-14 00:00:00+00:00,24.54641914367676,23.435675325393678,True,True
2004-06-15 00:00:00+00:00,24.753177642822266,23.454710130691527,True,True
2004-06-16 00:00:00+00:00,24.806190490722656,23.474446420669555,True,True
2004-06-17 00:00:00+00:00,24.784984588623047,23.49355567932129,True,True
2004-06-18 00:00:00+00:00,24.850011825561523,23.51194673538208,True,True
2004-06-21 00:00:00+00:00,24.77737808227539,23.52911497116089,True,True
2004-06-22 00:00:00+00:00,24.919097900390625,23.545648918151855,True,True
2004-06-23 00:00:00+00:00,25.223840713500977,23.56280396461487,True,True
2004-06-24 00:00:00+00:00,25.16360092163086,23.58191129684448,True,True
2004-06-25 00:00:00+00:00,25.184850692749023,23.599851598739622,True,True
2004-06-28 00:00:00+00:00,25.090953826904297,23.61883388519287,True,True
2004-06-29 00:00:00+00:00,25.154739379882812,23.639253244400024,True,True
2004-06-30 00:00:00+00:00,25.32659149169922,23.659265670776367,True,True
2004-07-01 00:00:00+00:00,24.981107711791992,23.67983998298645,True,True
2004-07-02 00:00:00+00:00,24.896074295043945,23.69898425102234,True,True
2004-07-06 00:00:00+00:00,24.612598419189453,23.716199102401735,True,True
2004-07-07 00:00:00+00:00,24.65157699584961,23.73221520423889,True,True
2004-07-08 00:00:00+00:00,24.384052276611328,23.747158069610595,True,True
2004-07-09 00:00:00+00:00,24.460227966308594,23.760783519744873,True,True
2004-07-12 00:00:00+00:00,24.431880950927734,23.77625772476196,True,True
2004-07-13 00:00:00+00:00,24.47086524963379,23.790807905197145,True,True
2004-07-14 00:00:00+00:00,24.37518882751465,23.807319717407225,True,True
2004-07-15 00:00:00+00:00,24.43719482421875,23.824530906677246,True,True
2004-07-16 00:00:00+00:00,24.24939727783203,23.84289593696594,True,True
2004-07-19 00:00:00+00:00,24.23699378967285,23.859689121246337,True,True
2004-07-20 00:00:00+00:00,24.44959259033203,23.87690371513367,True,True
2004-07-21 00:00:00+00:00,24.070457458496097,23.893344316482544,True,True
2004-07-22 00:00:00+00:00,24.042104721069336,23.907344303131104,True,True
2004-07-23 00:00:00+00:00,23.83304023742676,23.91995445251465,False,True
2004-07-26 00:00:00+00:00,23.71788215637207,23.930859985351564,False,False
2004-07-27 00:00:00+00:00,23.9322509765625,23.940662355422972,False,False
2004-07-28 00:00:00+00:00,23.903905868530273,23.951835412979126,False,False
2004-07-29 00:00:00+00:00,24.130695343017575,23.96218999862671,True,False
2004-07-30 00:00:00+00:00,24.167898178100582,23.9737664604187,True,True
2004-08-02 00:00:00+00:00,24.26179313659668,23.98443021774292,True,True
2004-08-03 00:00:00+00:00,24.033241271972656,23.995167942047118,True,True
2004-08-04 00:00:00+00:00,23.985414505004883,24.005088119506837,False,True
2004-08-05 00:00:00+00:00,23.55134391784668,24.014593372344972,False,False
2004-08-06 00:00:00+00:00,23.12789535522461,24.02323790550232,False,False
2004-08-09 00:00:00+00:00,23.25547218322754,24.029360866546632,False,False
2004-08-10 00:00:00+00:00,23.521221160888672,24.03591953277588,False,False
2004-08-11 00:00:00+00:00,23.43617057800293,24.045415449142457,False,False
2004-08-12 00:00:00+00:00,23.17397117614746,24.054398193359376,False,False
2004-08-13 00:00:00+00:00,23.138538360595703,24.062597312927245,False,False
2004-08-16 00:00:00+00:00,23.572603225708008,24.069916076660157,False,False
2004-08-17 00:00:00+00:00,23.634613037109375,24.07760335922241,False,False
2004-08-18 00:00:00+00:00,23.93048667907715,24.085178861618044,False,False
2004-08-19 00:00:00+00:00,23.84190368652344,24.093688764572143,False,False
2004-08-20 00:00:00+00:00,24.079309463500977,24.10172932624817,False,False
2004-08-23 00:00:00+00:00,23.962373733520508,24.110007734298705,False,False
2004-08-24 00:00:00+00:00,23.962373733520508,24.118193616867064,False,False
2004-08-25 00:00:00+00:00,24.21041679382324,24.126221313476563,True,False
2004-08-26 00:00:00+00:00,24.183841705322266,24.134812469482423,True,True
2004-08-27 00:00:00+00:00,24.22814178466797,24.143455286026,True,True
2004-08-30 00:00:00+00:00,24.047422409057617,24.153479871749877,False,True
2004-08-31 00:00:00+00:00,24.143091201782227,24.162627124786376,False,False
2004-09-01 00:00:00+00:00,24.224594116210938,24.17069700241089,True,False
2004-09-02 00:00:00+00:00,24.539949417114254,24.17891954421997,True,True
2004-09-03 00:00:00+00:00,24.399993896484375,24.189861478805543,True,True
2004-09-07 00:00:00+00:00,24.603736877441406,24.201175966262817,True,True
2004-09-08 00:00:00+00:00,24.460227966308594,24.214625396728515,True,True
2004-09-09 00:00:00+00:00,24.52931785583496,24.226698083877565,True,True
2004-09-10 00:00:00+00:00,24.706504821777344,24.239872102737426,True,True
2004-09-13 00:00:00+00:00,24.74547004699707,24.25345742225647,True,True
2004-09-14 00:00:00+00:00,24.80039405822754,24.26516330718994,True,True
2004-09-15 00:00:00+00:00,24.62322998046875,24.276431827545167,True,True
2004-09-16 00:00:00+00:00,24.764955520629883,24.28631353378296,True,True
2004-09-17 00:00:00+00:00,24.853586196899418,24.296622610092165,True,True
2004-09-20 00:00:00+00:00,24.773670196533203,24.306030025482176,True,True
2004-09-21 00:00:00+00:00,24.937082290649418,24.31545976638794,True,True
2004-09-22 00:00:00+00:00,24.626251220703125,24.325838441848756,True,True
2004-09-23 00:00:00+00:00,24.55519676208496,24.33474208831787,True,True
2004-09-24 00:00:00+00:00,24.54987907409668,24.344090242385864,True,True
2004-09-27 00:00:00+00:00,24.386463165283203,24.352576837539672,True,True
2004-09-28 00:00:00+00:00,24.523239135742188,24.361265935897826,True,True
2004-09-29 00:00:00+00:00,24.626251220703125,24.37151782989502,True,True
2004-09-30 00:00:00+00:00,24.763010025024418,24.380298337936402,True,True
2004-10-01 00:00:00+00:00,25.169757843017575,24.38932321548462,True,True
2004-10-04 00:00:00+00:00,25.292293548583984,24.40130473136902,True,True
2004-10-05 00:00:00+00:00,25.249677658081055,24.413520956039427,True,True
2004-10-06 00:00:00+00:00,25.413076400756836,24.425181331634523,True,True
2004-10-07 00:00:00+00:00,25.17506980895996,24.435979957580567,True,True
2004-10-08 00:00:00+00:00,24.949506759643555,24.44547390937805,True,True
2004-10-11 00:00:00+00:00,24.931737899780273,24.45336401939392,True,True
2004-10-12 00:00:00+00:00,24.871353149414062,24.460398454666137,True,True
2004-10-13 00:00:00+00:00,24.668880462646484,24.4673512840271,True,True
2004-10-14 00:00:00+00:00,24.48771095275879,24.473009643554686,True,True
2004-10-15 00:00:00+00:00,24.580076217651367,24.47636067390442,True,True
2004-10-18 00:00:00+00:00,24.665327072143555,24.48001485824585,True,True
2004-10-19 00:00:00+00:00,24.453956604003903,24.483945455551147,False,True
2004-10-20 00:00:00+00:00,24.480602264404297,24.48738332748413,False,False
2004-10-21 00:00:00+00:00,24.67597770690918,24.489464740753174,True,False
2004-10-22 00:00:00+00:00,24.482378005981445,24.49227620124817,False,True
2004-10-25 00:00:00+00:00,24.51436233520508,24.494049167633058,True,False
2004-10-26 00:00:00+00:00,24.8678035736084,24.49506534576416,True,True
2004-10-27 00:00:00+00:00,25.23369026184082,24.498492183685304,True,True
2004-10-28 00:00:00+00:00,25.21770477294922,24.50301682472229,True,True
2004-10-29 00:00:00+00:00,25.35091781616211,24.508131484985352,True,True
2004-11-01 00:00:00+00:00,25.384668350219727,24.51281910896301,True,True
2004-11-02 00:00:00+00:00,25.354461669921875,24.517340621948243,True,True
2004-11-03 00:00:00+00:00,25.649301528930664,24.520573930740355,True,True
2004-11-04 00:00:00+00:00,26.102231979370117,24.5250345993042,True,True
2004-11-05 00:00:00+00:00,26.283388137817383,24.531231060028077,True,True
2004-11-08 00:00:00+00:00,26.233665466308594,24.53880928993225,True,True
2004-11-09 00:00:00+00:00,26.25141334533691,24.5464386177063,True,True
2004-11-10 00:00:00+00:00,26.2691707611084,24.553054809570312,True,True
2004-11-11 00:00:00+00:00,26.528499603271484,24.56072063446045,True,True
2004-11-12 00:00:00+00:00,26.75229835510254,24.571322631835937,True,True
2004-11-15 00:00:00+00:00,26.77892684936523,24.5830171585083,True,True
2004-11-16 00:00:00+00:00,26.624399185180664,24.59468623161316,True,True
2004-11-17 00:00:00+00:00,26.78604507446289,24.605450401306154,True,True
2004-11-18 00:00:00+00:00,26.86952781677246,24.616987571716308,True,True
2004-11-19 00:00:00+00:00,26.55158042907715,24.630246725082397,True,True
2004-11-22 00:00:00+00:00,26.739849090576172,24.641589975357057,True,True
2004-11-23 00:00:00+00:00,26.768280029296875,24.65203227043152,True,True
2004-11-24 00:00:00+00:00,26.968990325927734,24.66251097679138,True,True
2004-11-26 00:00:00+00:00,27.029375076293945,24.673446712493895,True,True
2004-11-29 00:00:00+00:00,26.889047622680664,24.68318588256836,True,True
2004-11-30 00:00:00+00:00,26.819774627685547,24.692593631744383,True,True
2004-12-01 00:00:00+00:00,27.18923568725586,24.70249238014221,True,True
2004-12-02 00:00:00+00:00,27.137720108032227,24.712854547500612,True,True
2004-12-03 00:00:00+00:00,27.175010681152344,24.723399839401246,True,True
2004-12-06 00:00:00+00:00,27.160802841186523,24.7349072933197,True,True
2004-12-07 00:00:00+00:00,26.819774627685547,24.746872596740722,True,True
2004-12-08 00:00:00+00:00,26.883731842041016,24.75791726112366,True,True
2004-12-09 00:00:00+00:00,27.02583122253418,24.769607887268066,True,True
2004-12-10 00:00:00+00:00,27.052461624145508,24.781127481460572,True,True
2004-12-13 00:00:00+00:00,27.27448081970215,24.79226019859314,True,True
2004-12-14 00:00:00+00:00,27.4503173828125,24.80407989501953,True,True
2004-12-15 00:00:00+00:00,27.553342819213867,24.81521858215332,True,True
2004-12-16 00:00:00+00:00,27.4148006439209,24.82737480163574,True,True
2004-12-17 00:00:00+00:00,27.35833740234375,24.838785457611085,True,True
2004-12-20 00:00:00+00:00,27.287094116210938,24.849437761306763,True,True
2004-12-21 00:00:00+00:00,27.547136306762695,24.859257831573487,True,True
2004-12-22 00:00:00+00:00,27.643314361572266,24.871823844909667,True,True
2004-12-23 00:00:00+00:00,27.657567977905273,24.885884399414063,True,True
2004-12-27 00:00:00+00:00,27.500822067260746,24.901937828063964,True,True
2004-12-28 00:00:00+00:00,27.72879981994629,24.91924370765686,True,True
2004-12-29 00:00:00+00:00,27.771549224853516,24.935891304016113,True,True
2004-12-30 00:00:00+00:00,27.82499122619629,24.954647808074952,True,True
2004-12-31 00:00:00+00:00,27.814306259155273,24.973072166442872,True,True
2005-01-03 00:00:00+00:00,27.429588317871097,24.989574337005614,True,True
2005-01-04 00:00:00+00:00,27.046632766723633,25.00419695854187,True,True
2005-01-05 00:00:00+00:00,26.838239669799805,25.018023481369017,True,True
2005-01-06 00:00:00+00:00,26.91838836669922,25.032769651412963,True,True
2005-01-07 00:00:00+00:00,26.847139358520508,25.047907686233522,True,True
2005-01-10 00:00:00+00:00,26.90058708190918,25.06301643371582,True,True
2005-01-11 00:00:00+00:00,26.761646270751953,25.07637777328491,True,True
2005-01-12 00:00:00+00:00,26.89522171020508,25.088797044754028,True,True
2005-01-13 00:00:00+00:00,26.711772918701172,25.10070013999939,True,True
2005-01-14 00:00:00+00:00,26.94332504272461,25.110749406814577,True,True
2005-01-18 00:00:00+00:00,27.205137252807617,25.121762027740477,True,True
2005-01-19 00:00:00+00:00,26.966480255126953,25.133323774337768,True,True
2005-01-20 00:00:00+00:00,26.758087158203125,25.142287340164184,True,True
2005-01-21 00:00:00+00:00,26.603132247924805,25.149475584030153,True,True
2005-01-24 00:00:00+00:00,26.4499454498291,25.156145286560058,True,True
2005-01-25 00:00:00+00:00,26.485572814941406,25.162702827453614,True,True
2005-01-26 00:00:00+00:00,26.679706573486328,25.16957112312317,True,True
2005-01-27 00:00:00+00:00,26.765216827392575,25.177003602981568,True,True
2005-01-28 00:00:00+00:00,26.65834045410156,25.186789903640747,True,True
2005-01-31 00:00:00+00:00,26.95758628845215,25.196819381713865,True,True
2005-02-01 00:00:00+00:00,27.157068252563477,25.20808888435364,True,True
2005-02-02 00:00:00+00:00,27.26572608947754,25.21955167770386,True,True
2005-02-03 00:00:00+00:00,27.206937789916992,25.231557760238648,True,True
2005-02-04 00:00:00+00:00,27.529321670532227,25.245090131759643,True,True
2005-02-07 00:00:00+00:00,27.47945022583008,25.259474515914917,True,True
2005-02-08 00:00:00+00:00,27.447397232055664,25.27127685546875,True,True
2005-02-09 00:00:00+00:00,27.199817657470703,25.283236951828002,True,True
2005-02-10 00:00:00+00:00,27.306676864624023,25.294789781570433,True,True
2005-02-11 00:00:00+00:00,27.59699821472168,25.306682481765748,True,True
2005-02-14 00:00:00+00:00,27.570293426513672,25.321891241073608,True,True
2005-02-15 00:00:00+00:00,27.6735897064209,25.338380212783814,True,True
2005-02-16 00:00:00+00:00,27.662906646728516,25.355960035324095,True,True
2005-02-17 00:00:00+00:00,27.4687557220459,25.37269118309021,True,True
2005-02-18 00:00:00+00:00,27.46697998046875,25.38809817314148,True,True
2005-02-22 00:00:00+00:00,27.016353607177734,25.403133935928345,True,True
2005-02-23 00:00:00+00:00,27.16419982910156,25.417118310928345,True,True
2005-02-24 00:00:00+00:00,27.393949508666992,25.433997879028322,True,True
2005-02-25 00:00:00+00:00,27.68071937561035,25.45380228996277,True,True
2005-02-28 00:00:00+00:00,27.531105041503903,25.47371509552002,True,True
2005-03-01 00:00:00+00:00,27.7216854095459,25.492826805114746,True,True
2005-03-02 00:00:00+00:00,27.6825008392334,25.512449645996092,True,True
2005-03-03 00:00:00+00:00,27.735933303833008,25.53216812133789,True,True
2005-03-04 00:00:00+00:00,28.01913070678711,25.553647050857546,True,True
2005-03-07 00:00:00+00:00,28.10641098022461,25.575402116775514,True,True
2005-03-08 00:00:00+00:00,27.955020904541016,25.597832250595093,True,True
2005-03-09 00:00:00+00:00,27.65933609008789,25.619337491989135,True,True
2005-03-10 00:00:00+00:00,27.643314361572266,25.63909035682678,True,True
2005-03-11 00:00:00+00:00,27.55781364440918,25.657800045013428,True,True
2005-03-14 00:00:00+00:00,27.714561462402344,25.673935070037842,True,True
2005-03-15 00:00:00+00:00,27.529321670532227,25.690615243911743,True,True
2005-03-16 00:00:00+00:00,27.251466751098633,25.705777215957642,True,True
2005-03-17 00:00:00+00:00,27.333396911621097,25.71913459777832,True,True
2005-03-18 00:00:00+00:00,27.268049240112305,25.73304298400879,True,True
2005-03-21 00:00:00+00:00,27.227006912231445,25.746209411621095,True,True
2005-03-22 00:00:00+00:00,26.9681453704834,25.76040765762329,True,True
2005-03-23 00:00:00+00:00,26.966346740722656,25.77255172729492,True,True
2005-03-24 00:00:00+00:00,26.984201431274418,25.78235405921936,True,True
2005-03-28 00:00:00+00:00,27.007421493530273,25.792298612594603,True,True
2005-03-29 00:00:00+00:00,26.71283721923828,25.80368474006653,True,True
2005-03-30 00:00:00+00:00,27.112733840942383,25.8130677318573,True,True
2005-03-31 00:00:00+00:00,27.155590057373047,25.82589930534363,True,True
2005-04-01 00:00:00+00:00,27.064542770385746,25.837911367416382,True,True
2005-04-04 00:00:00+00:00,27.064542770385746,25.849203128814697,True,True
2005-04-05 00:00:00+00:00,27.17164421081543,25.86060091972351,True,True
2005-04-06 00:00:00+00:00,27.21092987060547,25.872209081649782,True,True
2005-04-07 00:00:00+00:00,27.39659881591797,25.88437684059143,True,True
2005-04-08 00:00:00+00:00,27.185937881469727,25.896764345169068,True,True
2005-04-11 00:00:00+00:00,27.17164421081543,25.90657483100891,True,True
2005-04-12 00:00:00+00:00,27.310911178588867,25.916615047454833,True,True
2005-04-13 00:00:00+00:00,26.925294876098633,25.927245349884032,True,True
2005-04-14 00:00:00+00:00,26.528963088989254,25.936417055130004,True,True
2005-04-15 00:00:00+00:00,25.993383407592773,25.943288173675537,True,True
2005-04-18 00:00:00+00:00,26.11833381652832,25.946622133255005,True,True
2005-04-19 00:00:00+00:00,26.37721061706543,25.952308263778686,True,True
2005-04-20 00:00:00+00:00,26.020158767700195,25.959713945388796,True,True
2005-04-21 00:00:00+00:00,26.516460418701172,25.966751747131347,True,True
2005-04-22 00:00:00+00:00,26.261173248291016,25.976076164245605,True,True
2005-04-25 00:00:00+00:00,26.543231964111328,25.985461769104003,True,True
2005-04-26 00:00:00+00:00,26.287952423095703,25.995876789093018,True,True
2005-04-27 00:00:00+00:00,26.343286514282227,26.005157146453858,True,True
2005-04-28 00:00:00+00:00,26.014793395996097,26.0145192527771,True,True
2005-04-29 00:00:00+00:00,26.287952423095703,26.022717275619506,True,True
2005-05-02 00:00:00+00:00,26.434349060058594,26.03197106361389,True,True
2005-05-03 00:00:00+00:00,26.441482543945312,26.042895822525026,True,True
2005-05-04 00:00:00+00:00,26.802106857299805,26.053918266296385,True,True
2005-05-05 00:00:00+00:00,26.7485408782959,26.065680837631227,True,True
2005-05-06 00:00:00+00:00,26.7967529296875,26.079071254730223,True,True
2005-05-09 00:00:00+00:00,26.966346740722656,26.092844495773317,True,True
2005-05-10 00:00:00+00:00,26.671781539916992,26.108511028289794,True,True
2005-05-11 00:00:00+00:00,26.778898239135746,26.12328052520752,True,True
2005-05-12 00:00:00+00:00,26.5111083984375,26.137513761520385,True,True
2005-05-13 00:00:00+00:00,26.3682861328125,26.15054977416992,True,True
2005-05-16 00:00:00+00:00,26.659282684326172,26.161737728118897,True,True
2005-05-17 00:00:00+00:00,26.8627986907959,26.174194650650023,True,True
2005-05-18 00:00:00+00:00,27.228776931762695,26.18719967842102,True,True
2005-05-19 00:00:00+00:00,27.339466094970703,26.20317735671997,True,True
2005-05-20 00:00:00+00:00,27.37874984741211,26.2199476146698,True,True
2005-05-23 00:00:00+00:00,27.48586654663086,26.23908464431763,True,True
2005-05-24 00:00:00+00:00,27.435876846313477,26.260874500274657,True,True
2005-05-25 00:00:00+00:00,27.343032836914062,26.28177652359009,True,True
2005-05-26 00:00:00+00:00,27.539417266845703,26.300885581970213,True,True
2005-05-27 00:00:00+00:00,27.59833526611328,26.32140181541443,True,True
2005-05-31 00:00:00+00:00,27.46979331970215,26.34352363586426,True,True
2005-06-01 00:00:00+00:00,27.748294830322266,26.36517991065979,True,True
2005-06-02 00:00:00+00:00,27.82684326171875,26.38605836868286,True,True
2005-06-03 00:00:00+00:00,27.68937110900879,26.407019519805907,True,True
2005-06-06 00:00:00+00:00,27.69830894470215,26.425813941955568,True,True
2005-06-07 00:00:00+00:00,27.728662490844727,26.44509596824646,True,True
2005-06-08 00:00:00+00:00,27.65723991394043,26.46334273338318,True,True
2005-06-09 00:00:00+00:00,27.823272705078125,26.481817064285277,True,True
2005-06-10 00:00:00+00:00,27.78935432434082,26.501121559143066,True,True
2005-06-13 00:00:00+00:00,27.8911075592041,26.519016246795655,True,True
2005-06-14 00:00:00+00:00,28.001800537109375,26.537552576065064,True,True
2005-06-15 00:00:00+00:00,28.07500267028809,26.55642086982727,True,True
2005-06-16 00:00:00+00:00,28.21780586242676,26.576558771133424,True,True
2005-06-17 00:00:00+00:00,28.33218002319336,26.596932344436645,True,True
2005-06-20 00:00:00+00:00,28.274921417236328,26.61747027397156,True,True
2005-06-21 00:00:00+00:00,28.2641658782959,26.636145133972168,True,True
2005-06-22 00:00:00+00:00,28.289220809936523,26.655465993881226,True,True
2005-06-23 00:00:00+00:00,27.981407165527344,26.673893413543702,True,True
2005-06-24 00:00:00+00:00,27.745201110839844,26.691499309539793,True,True
2005-06-27 00:00:00+00:00,27.748769760131836,26.70757872581482,True,True
2005-06-28 00:00:00+00:00,28.05657958984375,26.722790050506593,True,True
2005-06-29 00:00:00+00:00,28.024356842041016,26.739345598220826,True,True
2005-06-30 00:00:00+00:00,27.89194679260254,26.75546541213989,True,True
2005-07-01 00:00:00+00:00,27.979623794555664,26.771808996200562,True,True
2005-07-05 00:00:00+00:00,28.269519805908203,26.787882337570192,True,True
2005-07-06 00:00:00+00:00,28.07267189025879,26.804962005615234,True,True
2005-07-07 00:00:00+00:00,28.151416778564453,26.82145701408386,True,True
2005-07-08 00:00:00+00:00,28.50397300720215,26.837528686523438,True,True
2005-07-11 00:00:00+00:00,28.70439338684082,26.856917295455933,True,True
2005-07-12 00:00:00+00:00,28.758071899414062,26.87766327857971,True,True
2005-07-13 00:00:00+00:00,28.775978088378903,26.898704242706298,True,True
2005-07-14 00:00:00+00:00,28.84754753112793,26.920651817321776,True,True
2005-07-15 00:00:00+00:00,28.874406814575195,26.942273359298706,True,True
2005-07-18 00:00:00+00:00,28.849348068237305,26.963514137268067,True,True
2005-07-19 00:00:00+00:00,29.033676147460938,26.98394582748413,True,True
2005-07-20 00:00:00+00:00,29.207258224487305,27.003265419006347,True,True
2005-07-21 00:00:00+00:00,28.954944610595703,27.022840242385865,True,True
2005-07-22 00:00:00+00:00,29.203685760498047,27.041366577148438,True,True
2005-07-25 00:00:00+00:00,29.04440689086914,27.060319623947144,True,True
2005-07-26 00:00:00+00:00,29.153568267822266,27.07966630935669,True,True
2005-07-27 00:00:00+00:00,29.285991668701172,27.100686616897583,True,True
2005-07-28 00:00:00+00:00,29.47568130493164,27.122457885742186,True,True
2005-07-29 00:00:00+00:00,29.31640625,27.145479526519775,True,True
2005-08-01 00:00:00+00:00,29.31822395324707,27.168717155456545,True,True
2005-08-02 00:00:00+00:00,29.464937210083008,27.192869720458983,True,True
2005-08-03 00:00:00+00:00,29.497167587280273,27.217294025421143,True,True
2005-08-04 00:00:00+00:00,29.259153366088867,27.241453227996825,True,True
2005-08-05 00:00:00+00:00,28.990711212158203,27.26547921180725,True,True
2005-08-08 00:00:00+00:00,28.87619400024414,27.28802975654602,True,True
2005-08-09 00:00:00+00:00,29.047996520996097,27.309030838012696,True,True
2005-08-10 00:00:00+00:00,29.03546142578125,27.331858930587767,True,True
2005-08-11 00:00:00+00:00,29.166093826293945,27.35446442604065,True,True
2005-08-12 00:00:00+00:00,29.073036193847656,27.375955877304076,True,True
2005-08-15 00:00:00+00:00,29.26809883117676,27.39515260696411,True,True
2005-08-16 00:00:00+00:00,28.808202743530273,27.41540457725525,True,True
2005-08-17 00:00:00+00:00,28.856504440307617,27.43269100189209,True,True
2005-08-18 00:00:00+00:00,28.74734687805176,27.45005018234253,True,True
2005-08-19 00:00:00+00:00,28.84754753112793,27.467014608383177,True,True
2005-08-22 00:00:00+00:00,28.867244720458984,27.483005838394163,True,True
2005-08-23 00:00:00+00:00,28.808202743530273,27.49683090209961,True,True
2005-08-24 00:00:00+00:00,28.650714874267575,27.509454975128175,True,True
2005-08-25 00:00:00+00:00,28.759885787963867,27.521540222167967,True,True
2005-08-26 00:00:00+00:00,28.605972290039062,27.534082584381103,True,True
2005-08-29 00:00:00+00:00,28.811771392822266,27.545766592025757,True,True
2005-08-30 00:00:00+00:00,28.580904006958008,27.557182950973512,True,True
2005-08-31 00:00:00+00:00,29.060523986816406,27.566325979232786,True,True
2005-09-01 00:00:00+00:00,28.990711212158203,27.577733964920043,True,True
2005-09-02 00:00:00+00:00,28.91734313964844,27.589565525054933,True,True
2005-09-06 00:00:00+00:00,29.25735855102539,27.600222015380858,True,True
2005-09-07 00:00:00+00:00,29.33968162536621,27.612161169052126,True,True
2005-09-08 00:00:00+00:00,29.18577003479004,27.62610167503357,True,True
2005-09-09 00:00:00+00:00,29.500755310058594,27.638331279754638,True,True
2005-09-12 00:00:00+00:00,29.518638610839844,27.651993656158446,True,True
2005-09-13 00:00:00+00:00,29.319995880126953,27.664741897583006,True,True
2005-09-14 00:00:00+00:00,29.24484062194824,27.676195001602174,True,True
2005-09-15 00:00:00+00:00,29.1643123626709,27.68797396659851,True,True
2005-09-16 00:00:00+00:00,29.377641677856445,27.69969665527344,True,True
2005-09-19 00:00:00+00:00,29.14618492126465,27.710638685226442,True,True
2005-09-20 00:00:00+00:00,28.88243103027344,27.7206810092926,True,True
2005-09-21 00:00:00+00:00,28.5128116607666,27.729218111038207,True,True
2005-09-22 00:00:00+00:00,28.627639770507812,27.73597815513611,True,True
2005-09-23 00:00:00+00:00,28.728118896484375,27.74501748085022,True,True
2005-09-26 00:00:00+00:00,28.76759147644043,27.754239416122438,True,True
2005-09-27 00:00:00+00:00,28.787330627441406,27.76294821739197,True,True
2005-09-28 00:00:00+00:00,28.84115219116211,27.771622562408446,True,True
2005-09-29 00:00:00+00:00,29.067228317260746,27.779455919265747,True,True
2005-09-30 00:00:00+00:00,29.20539093017578,27.787540473937987,True,True
2005-10-03 00:00:00+00:00,29.228715896606445,27.7958007144928,True,True
2005-10-04 00:00:00+00:00,28.891401290893555,27.804870290756227,True,True
2005-10-05 00:00:00+00:00,28.385408401489254,27.812535610198974,True,True
2005-10-06 00:00:00+00:00,28.23470115661621,27.818027181625368,True,True
2005-10-07 00:00:00+00:00,28.34054946899414,27.821465005874632,True,True
2005-10-10 00:00:00+00:00,28.005029678344727,27.824951181411745,True,True
2005-10-11 00:00:00+00:00,27.863269805908203,27.82668848991394,True,True
2005-10-12 00:00:00+00:00,27.57799530029297,27.828500728607178,False,True
2005-10-13 00:00:00+00:00,27.594139099121097,27.82774670600891,False,False
2005-10-14 00:00:00+00:00,27.906335830688477,27.82685965538025,True,False
2005-10-17 00:00:00+00:00,28.00144386291504,27.82726637840271,True,True
2005-10-18 00:00:00+00:00,27.701791763305664,27.828202066421508,False,True
2005-10-19 00:00:00+00:00,28.09653091430664,27.829563083648683,True,False
2005-10-20 00:00:00+00:00,27.701791763305664,27.834812574386596,False,True
2005-10-21 00:00:00+00:00,27.830984115600582,27.839130334854126,False,False
2005-10-24 00:00:00+00:00,28.29569625854492,27.84369331359863,True,False
2005-10-25 00:00:00+00:00,28.1898250579834,27.850936098098757,True,True
2005-10-26 00:00:00+00:00,28.080398559570312,27.857382287979124,True,True
2005-10-27 00:00:00+00:00,27.707170486450195,27.86397604942322,False,True
2005-10-28 00:00:00+00:00,28.14318084716797,27.868035793304443,True,False
2005-10-31 00:00:00+00:00,28.4230899810791,27.875192832946777,True,True
2005-11-01 00:00:00+00:00,28.39258575439453,27.88259165763855,True,True
2005-11-02 00:00:00+00:00,28.76759147644043,27.888528900146483,True,True
2005-11-03 00:00:00+00:00,28.84115219116211,27.89753445625305,True,True
2005-11-04 00:00:00+00:00,28.85911750793457,27.907949781417848,True,True
2005-11-07 00:00:00+00:00,28.93087387084961,27.919229707717896,True,True
2005-11-08 00:00:00+00:00,28.828594207763672,27.931634349823,True,True
2005-11-09 00:00:00+00:00,28.868070602416992,27.94334945678711,True,True
2005-11-10 00:00:00+00:00,29.121063232421875,27.954291276931762,True,True
2005-11-11 00:00:00+00:00,29.19281959533691,27.96607050895691,True,True
2005-11-14 00:00:00+00:00,29.17670249938965,27.978742904663086,True,True
2005-11-15 00:00:00+00:00,29.04033088684082,27.989838485717772,True,True
2005-11-16 00:00:00+00:00,29.11388778686523,27.99925479888916,True,True
2005-11-17 00:00:00+00:00,29.478126525878903,28.008495607376098,True,True
2005-11-18 00:00:00+00:00,29.551687240600582,28.019851551055908,True,True
2005-11-21 00:00:00+00:00,29.729331970214844,28.02996337890625,True,True
2005-11-22 00:00:00+00:00,29.86748504638672,28.041212787628172,True,True
2005-11-23 00:00:00+00:00,29.98410987854004,28.053313226699828,True,True
2005-11-25 00:00:00+00:00,30.00922393798828,28.067234687805175,True,True
2005-11-28 00:00:00+00:00,29.759824752807617,28.080747423171996,True,True
2005-11-29 00:00:00+00:00,29.849533081054688,28.091561555862427,True,True
2005-11-30 00:00:00+00:00,29.716766357421875,28.102957754135133,True,True
2005-12-01 00:00:00+00:00,30.16354179382324,28.113173637390137,True,True
2005-12-02 00:00:00+00:00,30.19762420654297,28.12567681312561,True,True
2005-12-05 00:00:00+00:00,30.080997467041016,28.139321155548096,True,True
2005-12-06 00:00:00+00:00,30.120466232299805,28.152391242980958,True,True
2005-12-07 00:00:00+00:00,29.964372634887695,28.167911806106567,True,True
2005-12-08 00:00:00+00:00,29.989486694335938,28.1819126701355,True,True
2005-12-09 00:00:00+00:00,30.118661880493164,28.194890356063844,True,True
2005-12-12 00:00:00+00:00,30.17072296142578,28.207080068588258,True,True
2005-12-13 00:00:00+00:00,30.321439743041992,28.220278158187867,True,True
2005-12-14 00:00:00+00:00,30.447031021118164,28.233276929855347,True,True
2005-12-15 00:00:00+00:00,30.35552215576172,28.247099580764772,True,True
2005-12-16 00:00:00+00:00,30.32329368591309,28.260197525024413,True,True
2005-12-19 00:00:00+00:00,30.037015914916992,28.271718339920042,True,True
2005-12-20 00:00:00+00:00,30.056838989257812,28.281371364593507,True,True
2005-12-21 00:00:00+00:00,30.18465805053711,28.29188045501709,True,True
2005-12-22 00:00:00+00:00,30.337709426879883,28.304507064819337,True,True
2005-12-23 00:00:00+00:00,30.371896743774418,28.317979040145875,True,True
2005-12-27 00:00:00+00:00,30.082021713256836,28.3320494556427,True,True
2005-12-28 00:00:00+00:00,30.19006729125977,28.34388675689697,True,True
2005-12-29 00:00:00+00:00,30.06764030456543,28.35719048500061,True,True
2005-12-30 00:00:00+00:00,29.874977111816406,28.371271352767945,True,True
2006-01-03 00:00:00+00:00,30.38813018798828,28.38397925376892,True,True
2006-01-04 00:00:00+00:00,30.562763214111328,28.3995796585083,True,True
2006-01-05 00:00:00+00:00,30.562763214111328,28.4162584400177,True,True
2006-01-06 00:00:00+00:00,30.863431930541992,28.43423152923584,True,True
2006-01-09 00:00:00+00:00,31.07410049438477,28.453716955184937,True,True
2006-01-10 00:00:00+00:00,31.0812931060791,28.474166450500487,True,True
2006-01-11 00:00:00+00:00,31.147899627685547,28.49453580856323,True,True
2006-01-12 00:00:00+00:00,30.96065902709961,28.516711120605468,True,True
2006-01-13 00:00:00+00:00,30.989465713500977,28.535950746536255,True,True
2006-01-17 00:00:00+00:00,30.838232040405273,28.555120124816895,True,True
2006-01-18 00:00:00+00:00,30.80940818786621,28.573988571166993,True,True
2006-01-19 00:00:00+00:00,31.05427360534668,28.592712898254394,True,True
2006-01-20 00:00:00+00:00,30.562763214111328,28.61212604522705,True,True
2006-01-23 00:00:00+00:00,30.64378547668457,28.62888521194458,True,True
2006-01-24 00:00:00+00:00,30.832828521728516,28.645121145248414,True,True
2006-01-25 00:00:00+00:00,30.841825485229492,28.66335559844971,True,True
2006-01-26 00:00:00+00:00,31.063278198242188,28.681706504821776,True,True
2006-01-27 00:00:00+00:00,31.248733520507812,28.700468339920043,True,True
2006-01-30 00:00:00+00:00,31.266740798950195,28.72208553314209,True,True
2006-01-31 00:00:00+00:00,31.077701568603516,28.745774421691895,True,True
2006-02-01 00:00:00+00:00,31.21634292602539,28.771196012496947,True,True
2006-02-02 00:00:00+00:00,30.944446563720703,28.796686058044433,True,True
2006-02-03 00:00:00+00:00,30.71220016479492,28.81952223777771,True,True
2006-02-06 00:00:00+00:00,30.881450653076172,28.842982444763184,True,True
2006-02-07 00:00:00+00:00,30.620359420776367,28.86480739593506,True,True
2006-02-08 00:00:00+00:00,30.8076171875,28.886603326797484,True,True
2006-02-09 00:00:00+00:00,30.764402389526367,28.907925252914428,True,True
2006-02-10 00:00:00+00:00,30.777013778686523,28.930307502746583,True,True
2006-02-13 00:00:00+00:00,30.679786682128903,28.952476139068605,True,True
2006-02-14 00:00:00+00:00,30.96065902709961,28.97580110549927,True,True
2006-02-15 00:00:00+00:00,31.13349723815918,28.999164638519286,True,True
2006-02-16 00:00:00+00:00,31.354961395263672,29.02266037940979,True,True
2006-02-17 00:00:00+00:00,31.32796859741211,29.047227773666382,True,True
2006-02-21 00:00:00+00:00,31.239717483520508,29.069857082366944,True,True
2006-02-22 00:00:00+00:00,31.441377639770508,29.092312965393067,True,True
2006-02-23 00:00:00+00:00,31.41078186035156,29.115536088943482,True,True
2006-02-24 00:00:00+00:00,31.443174362182617,29.137758264541628,True,True
2006-02-27 00:00:00+00:00,31.563814163208008,29.161615228652956,True,True
2006-02-28 00:00:00+00:00,31.182113647460938,29.185539808273315,True,True
2006-03-01 00:00:00+00:00,31.48278045654297,29.208894834518432,True,True
2006-03-02 00:00:00+00:00,31.471994400024418,29.234467306137084,True,True
2006-03-03 00:00:00+00:00,31.392765045166016,29.258530864715578,True,True
2006-03-06 00:00:00+00:00,31.092086791992188,29.281180696487425,True,True
2006-03-07 00:00:00+00:00,30.97505569458008,29.300497245788574,True,True
2006-03-08 00:00:00+00:00,30.98405647277832,29.31867519378662,True,True
2006-03-09 00:00:00+00:00,30.91385078430176,29.336701726913454,True,True
2006-03-10 00:00:00+00:00,31.16592788696289,29.353841648101806,True,True
2006-03-13 00:00:00+00:00,31.237947463989254,29.372491903305054,True,True
2006-03-14 00:00:00+00:00,31.580015182495117,29.39196647644043,True,True
2006-03-15 00:00:00+00:00,31.790668487548828,29.41216946601868,True,True
2006-03-16 00:00:00+00:00,31.90231132507324,29.433131132125855,True,True
2006-03-17 00:00:00+00:00,31.96240234375,29.45529372215271,True,True
2006-03-20 00:00:00+00:00,31.85591506958008,29.476364259719848,True,True
2006-03-21 00:00:00+00:00,31.603256225585938,29.496509618759156,True,True
2006-03-22 00:00:00+00:00,31.81260871887207,29.516079044342042,True,True
2006-03-23 00:00:00+00:00,31.825239181518555,29.53665054321289,True,True
2006-03-24 00:00:00+00:00,31.861326217651367,29.557133426666258,True,True
2006-03-27 00:00:00+00:00,31.843286514282227,29.578153858184816,True,True
2006-03-28 00:00:00+00:00,31.68988609313965,29.598253927230836,True,True
2006-03-29 00:00:00+00:00,31.971418380737305,29.61775658607483,True,True
2006-03-30 00:00:00+00:00,31.84870719909668,29.638158140182494,True,True
2006-03-31 00:00:00+00:00,31.8360652923584,29.65739267349243,True,True
2006-04-03 00:00:00+00:00,31.80719757080078,29.676197986602784,True,True
2006-04-04 00:00:00+00:00,31.980459213256836,29.694144945144654,True,True
2006-04-05 00:00:00+00:00,32.11219787597656,29.71238634109497,True,True
2006-04-06 00:00:00+00:00,32.123023986816406,29.731572723388673,True,True
2006-04-07 00:00:00+00:00,31.830659866333008,29.750867013931273,True,True
2006-04-10 00:00:00+00:00,31.81260871887207,29.768574209213256,True,True
2006-04-11 00:00:00+00:00,31.439014434814453,29.78773021697998,True,True
2006-04-12 00:00:00+00:00,31.52023124694824,29.806199283599852,True,True
2006-04-13 00:00:00+00:00,31.585208892822266,29.825056591033935,True,True
2006-04-17 00:00:00+00:00,31.49135971069336,29.842699737548827,True,True
2006-04-18 00:00:00+00:00,32.08332824707031,29.86003475189209,True,True
2006-04-19 00:00:00+00:00,32.23130416870117,29.88099165916443,True,True
2006-04-20 00:00:00+00:00,32.222293853759766,29.902250061035158,True,True
2006-04-21 00:00:00+00:00,32.14287567138672,29.922013931274414,True,True
2006-04-24 00:00:00+00:00,32.11940002441406,29.942364950180053,True,True
2006-04-25 00:00:00+00:00,31.99128532409668,29.9622048664093,True,True
2006-04-26 00:00:00+00:00,32.07427978515625,29.979641427993773,True,True
2006-04-27 00:00:00+00:00,32.081512451171875,29.99649085998535,True,True
2006-04-28 00:00:00+00:00,32.11037826538086,30.01310806274414,True,True
2006-05-01 00:00:00+00:00,31.944360733032227,30.02978006362915,True,True
2006-05-02 00:00:00+00:00,32.13203811645508,30.04526412963867,True,True
2006-05-03 00:00:00+00:00,32.0598258972168,30.06155228614807,True,True
2006-05-04 00:00:00+00:00,32.21144485473633,30.077604675292967,True,True
2006-05-05 00:00:00+00:00,32.54352569580078,30.093493518829344,True,True
2006-05-08 00:00:00+00:00,32.586849212646484,30.110174856185914,True,True
2006-05-09 00:00:00+00:00,32.57240295410156,30.12833437919617,True,True
2006-05-10 00:00:00+00:00,32.550750732421875,30.145177965164184,True,True
2006-05-11 00:00:00+00:00,32.06707000732422,30.162709684371947,True,True
2006-05-12 00:00:00+00:00,31.69170188903809,30.177277193069457,True,True
2006-05-15 00:00:00+00:00,31.698902130126953,30.189305744171143,True,True
2006-05-16 00:00:00+00:00,31.547313690185547,30.20042184829712,True,True
2006-05-17 00:00:00+00:00,31.049175262451172,30.21157638549805,True,True
2006-05-18 00:00:00+00:00,30.854276657104492,30.220231142044067,True,True
2006-05-19 00:00:00+00:00,31.056411743164062,30.227177839279175,True,True
2006-05-22 00:00:00+00:00,30.861492156982425,30.234974060058594,True,True
2006-05-23 00:00:00+00:00,30.681013107299805,30.242985754013063,True,True
2006-05-24 00:00:00+00:00,30.767641067504883,30.251437263488768,True,True
2006-05-25 00:00:00+00:00,31.099714279174805,30.260894498825074,True,True
2006-05-26 00:00:00+00:00,31.309051513671875,30.271153087615968,True,True
2006-05-30 00:00:00+00:00,30.767641067504883,30.28252103805542,True,True
2006-05-31 00:00:00+00:00,31.15746307373047,30.290528774261475,True,True
2006-06-01 00:00:00+00:00,31.518421173095703,30.300950908660887,True,True
2006-06-02 00:00:00+00:00,31.554523468017575,30.312202520370484,True,True
2006-06-05 00:00:00+00:00,31.034746170043945,30.32593412399292,True,True
2006-06-06 00:00:00+00:00,30.8470516204834,30.336825332641602,True,True
2006-06-07 00:00:00+00:00,30.666580200195312,30.34732385635376,True,True
2006-06-08 00:00:00+00:00,30.6304874420166,30.356419019699096,True,True
2006-06-09 00:00:00+00:00,30.623260498046875,30.365235233306883,True,True
2006-06-12 00:00:00+00:00,30.13237571716309,30.37431052207947,False,True
2006-06-13 00:00:00+00:00,29.78585624694824,30.381718826293945,False,False
2006-06-14 00:00:00+00:00,29.93024444580078,30.386848678588866,False,False
2006-06-15 00:00:00+00:00,30.69544792175293,30.393470039367674,True,False
2006-06-16 00:00:00+00:00,30.410898208618164,30.402888422012328,True,True
2006-06-19 00:00:00+00:00,30.193679809570312,30.41203839302063,False,True
2006-06-20 00:00:00+00:00,30.186437606811523,30.4177041721344,False,False
2006-06-21 00:00:00+00:00,30.555721282958984,30.423682804107667,True,False
2006-06-22 00:00:00+00:00,30.36745262145996,30.43187469482422,False,True
2006-06-23 00:00:00+00:00,30.44709587097168,30.437425165176393,True,False
2006-06-26 00:00:00+00:00,30.555721282958984,30.44296223640442,True,True
2006-06-27 00:00:00+00:00,30.25882911682129,30.449811992645262,False,True
2006-06-28 00:00:00+00:00,30.33847999572754,30.453602361679078,False,False
2006-06-29 00:00:00+00:00,31.09875106811523,30.457701568603515,True,False
2006-06-30 00:00:00+00:00,31.06979751586914,30.466595344543457,True,True
2006-07-03 00:00:00+00:00,31.27977180480957,30.475720129013062,True,True
2006-07-05 00:00:00+00:00,30.968421936035156,30.486297426223754,True,True
2006-07-06 00:00:00+00:00,30.975650787353516,30.494251327514647,True,True
2006-07-07 00:00:00+00:00,30.794649124145508,30.503398656845093,True,True
2006-07-10 00:00:00+00:00,30.72947883605957,30.512959747314454,True,True
2006-07-11 00:00:00+00:00,30.888782501220703,30.524043083190918,True,True
2006-07-12 00:00:00+00:00,30.6136417388916,30.53534879684448,True,True
2006-07-13 00:00:00+00:00,30.10678482055664,30.544776411056517,False,True
2006-07-14 00:00:00+00:00,29.846118927001953,30.5514723777771,False,False
2006-07-17 00:00:00+00:00,29.82438087463379,30.556766319274903,False,False
2006-07-18 00:00:00+00:00,29.81715965270996,30.56168246269226,False,False
2006-07-19 00:00:00+00:00,30.33847999572754,30.565432119369508,False,False
2006-07-20 00:00:00+00:00,30.02713966369629,30.571097564697265,False,False
2006-07-21 00:00:00+00:00,29.70131492614746,30.575089683532713,False,False
2006-07-24 00:00:00+00:00,30.23711395263672,30.579139251708984,False,False
2006-07-25 00:00:00+00:00,30.38917350769043,30.58839777946472,False,False
2006-07-26 00:00:00+00:00,30.48328971862793,30.599170141220092,False,False
2006-07-27 00:00:00+00:00,30.30228614807129,30.60988384246826,False,False
2006-07-28 00:00:00+00:00,30.6136417388916,30.621370124816895,False,False
2006-07-31 00:00:00+00:00,30.657081604003903,30.635121984481813,True,False
2006-08-01 00:00:00+00:00,30.461578369140625,30.650517416000366,False,True
2006-08-02 00:00:00+00:00,30.63534927368164,30.664854612350464,False,False
2006-08-03 00:00:00+00:00,30.787397384643555,30.67849967956543,True,False
2006-08-04 00:00:00+00:00,30.722251892089844,30.69242944717407,True,True
2006-08-07 00:00:00+00:00,30.628114700317383,30.707531747817992,False,True
2006-08-08 00:00:00+00:00,30.490550994873047,30.72018966674805,False,False
2006-08-09 00:00:00+00:00,30.27331161499023,30.734133462905884,False,False
2006-08-10 00:00:00+00:00,30.47604179382324,30.74634510040283,False,False
2006-08-11 00:00:00+00:00,30.316761016845703,30.757246828079225,False,False
2006-08-14 00:00:00+00:00,30.38917350769043,30.767881507873536,False,False
2006-08-15 00:00:00+00:00,30.86703872680664,30.779425382614136,True,False
2006-08-16 00:00:00+00:00,31.221843719482425,30.795224723815917,True,True
2006-08-17 00:00:00+00:00,31.344947814941406,30.81061803817749,True,True
2006-08-18 00:00:00+00:00,31.37388610839844,30.825227327346802,True,True
2006-08-21 00:00:00+00:00,31.229097366333008,30.840133829116823,True,True
2006-08-22 00:00:00+00:00,31.258052825927734,30.852441358566285,True,True
2006-08-23 00:00:00+00:00,31.06256103515625,30.864525861740113,True,True
2006-08-24 00:00:00+00:00,31.004629135131836,30.87554307937622,True,True
2006-08-25 00:00:00+00:00,31.04082489013672,30.885911855697632,True,True
2006-08-28 00:00:00+00:00,31.250802993774418,30.896973009109498,True,True
2006-08-29 00:00:00+00:00,31.395641326904297,30.908886671066284,True,True
2006-08-30 00:00:00+00:00,31.44632148742676,30.920259561538696,True,True
2006-08-31 00:00:00+00:00,31.496999740600582,30.931527070999145,True,True
2006-09-01 00:00:00+00:00,31.6273250579834,30.9431285572052,True,True
2006-09-05 00:00:00+00:00,31.678022384643555,30.956063528060913,True,True
2006-09-06 00:00:00+00:00,31.308753967285156,30.968884201049804,True,True
2006-09-07 00:00:00+00:00,31.16392707824707,30.978037338256836,True,True
2006-09-08 00:00:00+00:00,31.366670608520508,30.98609853744507,True,True
2006-09-11 00:00:00+00:00,31.410099029541016,30.994285230636596,True,True
2006-09-12 00:00:00+00:00,31.837305068969727,31.00199830055237,True,True
2006-09-13 00:00:00+00:00,31.9893798828125,31.011264276504516,True,True
2006-09-14 00:00:00+00:00,31.916967391967773,31.02116505622864,True,True
2006-09-15 00:00:00+00:00,32.04110336303711,31.031950769424437,True,True
2006-09-18 00:00:00+00:00,32.02659225463867,31.04290862083435,True,True
2006-09-19 00:00:00+00:00,31.968503952026367,31.054457750320434,True,True
2006-09-20 00:00:00+00:00,32.12824249267578,31.06348256111145,True,True
2006-09-21 00:00:00+00:00,31.89588737487793,31.073135652542113,True,True
2006-09-22 00:00:00+00:00,31.82329368591309,31.082210102081298,True,True
2006-09-25 00:00:00+00:00,32.12824249267578,31.090724239349367,True,True
2006-09-26 00:00:00+00:00,32.338802337646484,31.101543588638307,True,True
2006-09-27 00:00:00+00:00,32.3460693359375,31.11329016685486,True,True
2006-09-28 00:00:00+00:00,32.37511444091797,31.12442720413208,True,True
2006-09-29 00:00:00+00:00,32.251678466796875,31.13544916152954,True,True
2006-10-02 00:00:00+00:00,32.2081298828125,31.145100355148315,True,True
2006-10-03 00:00:00+00:00,32.12824249267578,31.153905849456788,True,True
2006-10-04 00:00:00+00:00,32.56386947631836,31.162769451141358,True,True
2006-10-05 00:00:00+00:00,32.73813247680664,31.173972330093385,True,True
2006-10-06 00:00:00+00:00,32.63648986816406,31.187477912902832,True,True
2006-10-09 00:00:00+00:00,32.69457244873047,31.200376167297364,True,True
2006-10-10 00:00:00+00:00,32.77442932128906,31.21292573928833,True,True
2006-10-11 00:00:00+00:00,32.73813247680664,31.225109338760376,True,True
2006-10-12 00:00:00+00:00,33.064849853515625,31.236940517425538,True,True
2006-10-13 00:00:00+00:00,33.1374626159668,31.25185465812683,True,True
2006-10-16 00:00:00+00:00,33.26091003417969,31.266591634750366,True,True
2006-10-17 00:00:00+00:00,33.1519889831543,31.282557983398437,True,True
2006-10-18 00:00:00+00:00,33.1374626159668,31.298943042755127,True,True
2006-10-19 00:00:00+00:00,33.1810302734375,31.31268970489502,True,True
2006-10-20 00:00:00+00:00,33.0430908203125,31.32578104019165,True,True
2006-10-23 00:00:00+00:00,33.282676696777344,31.338182678222655,True,True
2006-10-24 00:00:00+00:00,33.36980056762695,31.350278902053834,True,True
2006-10-25 00:00:00+00:00,33.44242477416992,31.361757402420043,True,True
2006-10-26 00:00:00+00:00,33.58762741088867,31.3735630607605,True,True
2006-10-27 00:00:00+00:00,33.377071380615234,31.385761699676515,True,True
2006-10-30 00:00:00+00:00,33.47145462036133,31.397843761444094,True,True
2006-10-31 00:00:00+00:00,33.46419143676758,31.410253705978395,True,True
2006-11-01 00:00:00+00:00,33.1810302734375,31.423383502960206,True,True
2006-11-02 00:00:00+00:00,33.1810302734375,31.43524161338806,True,True
2006-11-03 00:00:00+00:00,33.093910217285156,31.445875396728514,True,True
2006-11-06 00:00:00+00:00,33.42788314819336,31.458531131744383,True,True
2006-11-07 00:00:00+00:00,33.5295524597168,31.47245162010193,True,True
2006-11-08 00:00:00+00:00,33.64571762084961,31.48593523979187,True,True
2006-11-09 00:00:00+00:00,33.50050735473633,31.49995470046997,True,True
2006-11-10 00:00:00+00:00,33.616668701171875,31.512140846252443,True,True
2006-11-13 00:00:00+00:00,33.73284149169922,31.52398052215576,True,True
2006-11-14 00:00:00+00:00,33.95065689086914,31.536311025619508,True,True
2006-11-15 00:00:00+00:00,34.14671325683594,31.550675802230835,True,True
2006-11-16 00:00:00+00:00,34.20478820800781,31.56532765388489,True,True
2006-11-17 00:00:00+00:00,34.19026184082031,31.581629362106323,True,True
2006-11-20 00:00:00+00:00,34.153961181640625,31.59901967048645,True,True
2006-11-21 00:00:00+00:00,34.342735290527344,31.615382223129274,True,True
2006-11-22 00:00:00+00:00,34.41533279418945,31.633994102478027,True,True
2006-11-24 00:00:00+00:00,34.3499870300293,31.652032680511475,True,True
2006-11-27 00:00:00+00:00,33.79092025756836,31.66996060371399,True,True
2006-11-28 00:00:00+00:00,33.85627365112305,31.6850301361084,True,True
2006-11-29 00:00:00+00:00,34.19752883911133,31.70091257095337,True,True
2006-11-30 00:00:00+00:00,34.299163818359375,31.71709692001343,True,True
2006-12-01 00:00:00+00:00,34.161216735839844,31.732925252914427,True,True
2006-12-04 00:00:00+00:00,34.546024322509766,31.74695652961731,True,True
2006-12-05 00:00:00+00:00,34.65494155883789,31.763046808242798,True,True
2006-12-06 00:00:00+00:00,34.70576477050781,31.780122928619384,True,True
2006-12-07 00:00:00+00:00,34.531517028808594,31.79644486427307,True,True
2006-12-08 00:00:00+00:00,34.582332611083984,31.812048540115356,True,True
2006-12-11 00:00:00+00:00,34.596858978271484,31.827744331359863,True,True
2006-12-12 00:00:00+00:00,34.546024322509766,31.84290955543518,True,True
2006-12-13 00:00:00+00:00,34.6041145324707,31.859729108810424,True,True
2006-12-14 00:00:00+00:00,34.858245849609375,31.875335779190063,True,True
2006-12-15 00:00:00+00:00,34.828369140625,31.89226703643799,True,True
2006-12-18 00:00:00+00:00,34.63164138793945,31.909445056915285,True,True
2006-12-19 00:00:00+00:00,34.67533874511719,31.92714282989502,True,True
2006-12-20 00:00:00+00:00,34.69720458984375,31.945644245147705,True,True
2006-12-21 00:00:00+00:00,34.51504898071289,31.96420998573303,True,True
2006-12-22 00:00:00+00:00,34.347476959228516,31.98221597671509,True,True
2006-12-26 00:00:00+00:00,34.50777816772461,31.998123722076414,True,True
2006-12-27 00:00:00+00:00,34.72635269165039,32.01447287559509,True,True
2006-12-28 00:00:00+00:00,34.62435531616211,32.03020456314087,True,True
2006-12-29 00:00:00+00:00,34.493202209472656,32.044372997283936,True,True
2007-01-03 00:00:00+00:00,34.47861862182617,32.05732745170593,True,True
2007-01-04 00:00:00+00:00,34.52962112426758,32.06990853309631,True,True
2007-01-05 00:00:00+00:00,34.296451568603516,32.08327706336975,True,True
2007-01-08 00:00:00+00:00,34.36933517456055,32.09674304008484,True,True
2007-01-09 00:00:00+00:00,34.41303634643555,32.10952667236328,True,True
2007-01-10 00:00:00+00:00,34.51504898071289,32.12246565818786,True,True
2007-01-11 00:00:00+00:00,34.74822998046875,32.13573427200318,True,True
2007-01-12 00:00:00+00:00,34.908512115478516,32.150258989334105,True,True
2007-01-16 00:00:00+00:00,34.93766784667969,32.166352119445804,True,True
2007-01-17 00:00:00+00:00,34.93037414550781,32.181183366775514,True,True
2007-01-18 00:00:00+00:00,34.71907424926758,32.19659170150757,True,True
2007-01-19 00:00:00+00:00,34.95222854614258,32.211006746292114,True,True
2007-01-22 00:00:00+00:00,34.7555046081543,32.226731901168826,True,True
2007-01-23 00:00:00+00:00,34.95222854614258,32.24060712814331,True,True
2007-01-24 00:00:00+00:00,35.214542388916016,32.25480728149414,True,True
2007-01-25 00:00:00+00:00,34.85023880004883,32.27026487350464,True,True
2007-01-26 00:00:00+00:00,34.86479187011719,32.285362768173215,True,True
2007-01-29 00:00:00+00:00,34.88665771484375,32.300623683929444,True,True
2007-01-30 00:00:00+00:00,35.09794998168945,32.31786190032959,True,True
2007-01-31 00:00:00+00:00,35.32383728027344,32.33575049400329,True,True
2007-02-01 00:00:00+00:00,35.57883834838867,32.354443635940555,True,True
2007-02-02 00:00:00+00:00,35.673580169677734,32.37488102912903,True,True
2007-02-05 00:00:00+00:00,35.673580169677734,32.39283228874206,True,True
2007-02-06 00:00:00+00:00,35.746429443359375,32.41004366874695,True,True
2007-02-07 00:00:00+00:00,35.85572814941406,32.42766434669495,True,True
2007-02-08 00:00:00+00:00,36.096168518066406,32.44622860908508,True,True
2007-02-09 00:00:00+00:00,35.64441680908203,32.46611245155334,True,True
2007-02-12 00:00:00+00:00,35.498695373535156,32.48437810897827,True,True
2007-02-13 00:00:00+00:00,35.782859802246094,32.50150018692017,True,True
2007-02-14 00:00:00+00:00,36.10346603393555,32.52000692367554,True,True
2007-02-15 00:00:00+00:00,36.1909065246582,32.53997236251831,True,True
2007-02-16 00:00:00+00:00,36.17632293701172,32.56120509147644,True,True
2007-02-20 00:00:00+00:00,36.33659744262695,32.581426515579224,True,True
2007-02-21 00:00:00+00:00,36.380340576171875,32.602810373306276,True,True
2007-02-22 00:00:00+00:00,36.35848236083984,32.62365485191345,True,True
2007-02-23 00:00:00+00:00,36.32204818725586,32.642729635238645,True,True
2007-02-26 00:00:00+00:00,36.27104568481445,32.661405630111695,True,True
2007-02-27 00:00:00+00:00,34.901214599609375,32.67989884376526,True,True
2007-02-28 00:00:00+00:00,35.15623474121094,32.6916511631012,True,True
2007-03-01 00:00:00+00:00,35.04694366455078,32.70709698677063,True,True
2007-03-02 00:00:00+00:00,34.55149459838867,32.723873195648196,True,True
2007-03-05 00:00:00+00:00,34.187156677246094,32.7381361579895,True,True
2007-03-06 00:00:00+00:00,34.67533874511719,32.75133537292481,True,True
2007-03-07 00:00:00+00:00,34.704498291015625,32.769466190338136,True,True
2007-03-08 00:00:00+00:00,35.003238677978516,32.78871729850769,True,True
2007-03-09 00:00:00+00:00,35.05423355102539,32.808451433181766,True,True
2007-03-12 00:00:00+00:00,35.14167022705078,32.82941514015198,True,True
2007-03-13 00:00:00+00:00,34.44220733642578,32.85171842575073,True,True
2007-03-14 00:00:00+00:00,34.62435531616211,32.87009125709534,True,True
2007-03-15 00:00:00+00:00,34.835662841796875,32.88771446228027,True,True
2007-03-16 00:00:00+00:00,34.701324462890625,32.9053475189209,True,True
2007-03-19 00:00:00+00:00,35.102867126464844,32.925015935897825,True,True
2007-03-20 00:00:00+00:00,35.26345443725586,32.9447429561615,True,True
2007-03-21 00:00:00+00:00,35.789154052734375,32.9634681224823,True,True
2007-03-22 00:00:00+00:00,35.81104278564453,32.984641275405885,True,True
2007-03-23 00:00:00+00:00,35.88405990600586,33.008522758483885,True,True
2007-03-26 00:00:00+00:00,35.88405990600586,33.0337077999115,True,True
2007-03-27 00:00:00+00:00,35.65772247314453,33.059795198440554,True,True
2007-03-28 00:00:00+00:00,35.37297821044922,33.08493137359619,True,True
2007-03-29 00:00:00+00:00,35.453311920166016,33.108679962158206,True,True
2007-03-30 00:00:00+00:00,35.44600296020508,33.135284643173215,True,True
2007-04-02 00:00:00+00:00,35.61391830444336,33.163585376739505,True,True
2007-04-03 00:00:00+00:00,35.95706558227539,33.19200374603272,True,True
2007-04-04 00:00:00+00:00,35.94977951049805,33.218311834335324,True,True
2007-04-05 00:00:00+00:00,36.08118438720703,33.24600624084473,True,True
2007-04-09 00:00:00+00:00,36.13230895996094,33.27544376373291,True,True
2007-04-10 00:00:00+00:00,36.17610549926758,33.30517312049866,True,True
2007-04-11 00:00:00+00:00,35.94977951049805,33.3332750415802,True,True
2007-04-12 00:00:00+00:00,36.19800567626953,33.36118667602539,True,True
2007-04-13 00:00:00+00:00,36.30020904541016,33.38994122505188,True,True
2007-04-16 00:00:00+00:00,36.67256546020508,33.41866366386414,True,True
2007-04-17 00:00:00+00:00,36.71636962890625,33.45073234558105,True,True
2007-04-18 00:00:00+00:00,36.81127166748047,33.48262179374695,True,True
2007-04-19 00:00:00+00:00,36.77476119995117,33.51118439674377,True,True
2007-04-20 00:00:00+00:00,37.0084114074707,33.53970921516419,True,True
2007-04-23 00:00:00+00:00,37.06681060791016,33.56835241317749,True,True
2007-04-24 00:00:00+00:00,37.06681060791016,33.598844356536866,True,True
2007-04-25 00:00:00+00:00,37.43915939331055,33.62930015563965,True,True
2007-04-26 00:00:00+00:00,37.47566223144531,33.66252270698547,True,True
2007-04-27 00:00:00+00:00,37.39533996582031,33.696253623962406,True,True
2007-04-30 00:00:00+00:00,37.0084114074707,33.7287864112854,True,True
2007-05-01 00:00:00+00:00,37.08871078491211,33.7607602596283,True,True
2007-05-02 00:00:00+00:00,37.380741119384766,33.795669889450075,True,True
2007-05-03 00:00:00+00:00,37.52676010131836,33.833343000411986,True,True
2007-05-04 00:00:00+00:00,37.55598068237305,33.87185489654541,True,True
2007-05-07 00:00:00+00:00,37.62168884277344,33.910549001693724,True,True
2007-05-08 00:00:00+00:00,37.59977722167969,33.946965045928955,True,True
2007-05-09 00:00:00+00:00,37.76039505004883,33.98482823371887,True,True
2007-05-10 00:00:00+00:00,37.30773162841797,34.02512363433838,True,True
2007-05-11 00:00:00+00:00,37.57057189941406,34.06047672271728,True,True
2007-05-14 00:00:00+00:00,37.47566223144531,34.0963837146759,True,True
2007-05-15 00:00:00+00:00,37.42454147338867,34.13134557723999,True,True
2007-05-16 00:00:00+00:00,37.650882720947266,34.16695685386658,True,True
2007-05-17 00:00:00+00:00,37.68008804321289,34.202143058776855,True,True
2007-05-18 00:00:00+00:00,37.86990737915039,34.2372580909729,True,True
2007-05-21 00:00:00+00:00,37.95752716064453,34.27429973602295,True,True
2007-05-22 00:00:00+00:00,37.928314208984375,34.310910625457765,True,True
2007-05-23 00:00:00+00:00,37.891815185546875,34.34661520957947,True,True
2007-05-24 00:00:00+00:00,37.46836471557617,34.38246302604675,True,True
2007-05-25 00:00:00+00:00,37.6581916809082,34.41666427612304,True,True
2007-05-29 00:00:00+00:00,37.76769256591797,34.452502479553225,True,True
2007-05-30 00:00:00+00:00,38.0743522644043,34.489974384307864,True,True
2007-05-31 00:00:00+00:00,38.20576477050781,34.52796593666076,True,True
2007-06-01 00:00:00+00:00,38.35906982421875,34.567410955429075,True,True
2007-06-04 00:00:00+00:00,38.45399475097656,34.60726043701172,True,True
2007-06-05 00:00:00+00:00,38.25685501098633,34.64519521713257,True,True
2007-06-06 00:00:00+00:00,37.891815185546875,34.680370273590086,True,True
2007-06-07 00:00:00+00:00,37.10333633422851,34.71310461044312,True,True
2007-06-08 00:00:00+00:00,37.60708236694336,34.74175186157227,True,True
2007-06-11 00:00:00+00:00,37.6143913269043,34.77364178657532,True,True
2007-06-12 00:00:00+00:00,37.19822311401367,34.8054234790802,True,True
2007-06-13 00:00:00+00:00,37.811519622802734,34.83610178947449,True,True
2007-06-14 00:00:00+00:00,37.94293212890625,34.87013624191284,True,True
2007-06-15 00:00:00+00:00,38.082801818847656,34.90464677810669,True,True
2007-06-18 00:00:00+00:00,38.148719787597656,34.938806772232056,True,True
2007-06-19 00:00:00+00:00,38.19997787475586,34.97257216453552,True,True
2007-06-20 00:00:00+00:00,37.73127365112305,35.006340446472166,True,True
2007-06-21 00:00:00+00:00,37.929012298583984,35.03751181602478,True,True
2007-06-22 00:00:00+00:00,37.64339065551758,35.06902025222778,True,True
2007-06-25 00:00:00+00:00,37.27720642089844,35.09884709358215,True,True
2007-06-26 00:00:00+00:00,37.21861267089844,35.12868935585022,True,True
2007-06-27 00:00:00+00:00,37.504241943359375,35.15896278381348,True,True
2007-06-28 00:00:00+00:00,37.57014846801758,35.18965064048767,True,True
2007-06-29 00:00:00+00:00,37.49691390991211,35.22045088768005,True,True
2007-07-02 00:00:00+00:00,37.90703201293945,35.24874893188476,True,True
2007-07-03 00:00:00+00:00,37.965633392333984,35.2783371925354,True,True
2007-07-05 00:00:00+00:00,38.060829162597656,35.308580522537234,True,True
2007-07-06 00:00:00+00:00,38.236602783203125,35.33867915153503,True,True
2007-07-09 00:00:00+00:00,38.21462631225586,35.36972920417786,True,True
2007-07-10 00:00:00+00:00,37.68733215332031,35.40095981597901,True,True
2007-07-11 00:00:00+00:00,37.78986358642578,35.42875526428222,True,True
2007-07-12 00:00:00+00:00,38.4270133972168,35.458225145339966,True,True
2007-07-13 00:00:00+00:00,38.522220611572266,35.49124374389648,True,True
2007-07-16 00:00:00+00:00,38.3684196472168,35.523213634490965,True,True
2007-07-17 00:00:00+00:00,38.4196891784668,35.55336172103882,True,True
2007-07-18 00:00:00+00:00,38.35377883911133,35.58372982025146,True,True
2007-07-19 00:00:00+00:00,38.55885314941406,35.61362314224243,True,True
2007-07-20 00:00:00+00:00,38.038875579833984,35.645159015655516,True,True
2007-07-23 00:00:00+00:00,38.082801818847656,35.67431274414062,True,True
2007-07-24 00:00:00+00:00,37.409034729003906,35.70408554077149,True,True
2007-07-25 00:00:00+00:00,37.343116760253906,35.72831136703491,True,True
2007-07-26 00:00:00+00:00,36.35443115234375,35.75133628845215,True,True
2007-07-27 00:00:00+00:00,35.6733283996582,35.76992599487305,False,True
2007-07-30 00:00:00+00:00,36.215301513671875,35.784819774627685,True,False
2007-07-31 00:00:00+00:00,35.805152893066406,35.8020241355896,True,True
2007-08-01 00:00:00+00:00,35.94430923461914,35.8173592376709,True,True
2007-08-02 00:00:00+00:00,36.17866897583008,35.831756534576414,True,True
2007-08-03 00:00:00+00:00,35.16801452636719,35.84696256637573,False,True
2007-08-06 00:00:00+00:00,35.76121520996094,35.85649808883667,False,False
2007-08-07 00:00:00+00:00,35.958961486816406,35.869544219970706,True,False
2007-08-08 00:00:00+00:00,36.43498611450195,35.88365171432495,True,True
2007-08-09 00:00:00+00:00,35.526859283447266,35.89992149353027,False,True
2007-08-10 00:00:00+00:00,35.526859283447266,35.91234033584595,False,False
2007-08-13 00:00:00+00:00,35.62205505371094,35.92356124877929,False,False
2007-08-14 00:00:00+00:00,34.81646728515625,35.93482252120972,False,False
2007-08-15 00:00:00+00:00,34.29650115966797,35.94169273376465,False,False
2007-08-16 00:00:00+00:00,34.369728088378906,35.94523710250854,False,False
2007-08-17 00:00:00+00:00,35.20462417602539,35.950200386047364,False,False
2007-08-20 00:00:00+00:00,35.18998336791992,35.95886623382568,False,False
2007-08-21 00:00:00+00:00,35.18998336791992,35.96749519348145,False,False
2007-08-22 00:00:00+00:00,35.75389099121094,35.977539958953855,False,False
2007-08-23 00:00:00+00:00,35.66603088378906,35.990404262542725,False,False
2007-08-24 00:00:00+00:00,36.12006759643555,36.003264865875245,True,False
2007-08-27 00:00:00+00:00,35.57080841064453,36.01672578811645,False,True
2007-08-28 00:00:00+00:00,34.911678314208984,36.026932067871094,False,False
2007-08-29 00:00:00+00:00,35.578121185302734,36.03326187133789,False,False
2007-08-30 00:00:00+00:00,35.424339294433594,36.043649940490724,False,False
2007-08-31 00:00:00+00:00,35.8344612121582,36.05268829345703,False,False
2007-09-04 00:00:00+00:00,36.31047439575195,36.063196392059325,True,False
2007-09-05 00:00:00+00:00,35.62205505371094,36.07499547958374,False,True
2007-09-06 00:00:00+00:00,35.90767288208008,36.082372188568115,False,False
2007-09-07 00:00:00+00:00,35.35108947753906,36.09088661193848,False,False
2007-09-10 00:00:00+00:00,35.080135345458984,36.09669075012207,False,False
2007-09-11 00:00:00+00:00,35.54151153564453,36.101321620941164,False,False
2007-09-12 00:00:00+00:00,35.48291778564453,36.10731550216675,False,False
2007-09-13 00:00:00+00:00,35.71727752685547,36.11265342712402,False,False
2007-09-14 00:00:00+00:00,35.84178924560547,36.11948987960815,False,False
2007-09-17 00:00:00+00:00,35.62940979003906,36.12974422454834,False,False
2007-09-18 00:00:00+00:00,36.720611572265625,36.13860990524292,True,False
2007-09-19 00:00:00+00:00,36.976932525634766,36.15122531890869,True,True
2007-09-20 00:00:00+00:00,36.64003372192383,36.16461416244507,True,True
2007-09-21 00:00:00+00:00,36.71940231323242,36.17700824737549,True,True
2007-09-24 00:00:00+00:00,36.52838516235352,36.1878751373291,True,True
2007-09-25 00:00:00+00:00,36.49163818359375,36.19724235534668,True,True
2007-09-26 00:00:00+00:00,36.69001770019531,36.20617172241211,True,True
2007-09-27 00:00:00+00:00,36.822261810302734,36.21696422576904,True,True
2007-09-28 00:00:00+00:00,36.72673034667969,36.22816387176513,True,True
2007-10-01 00:00:00+00:00,37.226341247558594,36.23881322860718,True,True
2007-10-02 00:00:00+00:00,37.299800872802734,36.25221481323242,True,True
2007-10-03 00:00:00+00:00,37.24836730957031,36.265693244934084,True,True
2007-10-04 00:00:00+00:00,37.241024017333984,36.277643852233886,True,True
2007-10-05 00:00:00+00:00,37.72591400146485,36.28970712661743,True,True
2007-10-08 00:00:00+00:00,37.571632385253906,36.30517848968506,True,True
2007-10-09 00:00:00+00:00,37.83610534667969,36.31965995788574,True,True
2007-10-10 00:00:00+00:00,37.78470230102539,36.33535446166992,True,True
2007-10-11 00:00:00+00:00,37.527530670166016,36.35170272827148,True,True
2007-10-12 00:00:00+00:00,37.65980529785156,36.36760299682617,True,True
2007-10-15 00:00:00+00:00,37.30714797973633,36.38336313247681,True,True
2007-10-16 00:00:00+00:00,37.02063751220703,36.396267108917236,True,True
2007-10-17 00:00:00+00:00,37.07939529418945,36.40824851989746,True,True
2007-10-18 00:00:00+00:00,36.9838981628418,36.42117948532105,True,True
2007-10-19 00:00:00+00:00,35.97736740112305,36.43370588302612,False,True
2007-10-22 00:00:00+00:00,36.29328918457031,36.4409446144104,False,False
2007-10-23 00:00:00+00:00,36.587158203125,36.45092880249023,True,False
2007-10-24 00:00:00+00:00,36.403507232666016,36.462017917633055,False,True
2007-10-25 00:00:00+00:00,36.41082763671875,36.47197027206421,False,False
2007-10-26 00:00:00+00:00,36.9030647277832,36.48144916534424,True,False
2007-10-29 00:00:00+00:00,36.939788818359375,36.49222333908081,True,True
2007-10-30 00:00:00+00:00,36.75611114501953,36.502379722595215,True,True
2007-10-31 00:00:00+00:00,37.13814926147461,36.51147193908692,True,True
2007-11-01 00:00:00+00:00,36.12429428100586,36.522510814666745,False,True
2007-11-02 00:00:00+00:00,36.17572784423828,36.52953691482544,False,False
2007-11-05 00:00:00+00:00,36.05083084106445,36.53565441131592,False,False
2007-11-06 00:00:00+00:00,36.37410354614258,36.54213104248047,False,False
2007-11-07 00:00:00+00:00,35.46308517456055,36.54924041748047,False,False
2007-11-08 00:00:00+00:00,35.38962173461914,36.55048313140869,False,False
2007-11-09 00:00:00+00:00,35.044315338134766,36.55318004608154,False,False
2007-11-12 00:00:00+00:00,34.64759063720703,36.55407766342163,False,False
2007-11-13 00:00:00+00:00,35.57329177856445,36.55288232803345,False,False
2007-11-14 00:00:00+00:00,35.286766052246094,36.55525903701782,False,False
2007-11-15 00:00:00+00:00,34.95616912841797,36.55507368087768,False,False
2007-11-16 00:00:00+00:00,34.941444396972656,36.55196033477783,False,False
2007-11-19 00:00:00+00:00,34.287601470947266,36.548299655914306,False,False
2007-11-20 00:00:00+00:00,34.23617172241211,36.54136976242066,False,False
2007-11-21 00:00:00+00:00,33.802734375,36.53381847381592,False,False
2007-11-23 00:00:00+00:00,34.35371398925781,36.52355350494385,False,False
2007-11-26 00:00:00+00:00,33.57495880126953,36.5148412322998,False,False
2007-11-27 00:00:00+00:00,34.08189392089844,36.504493942260744,False,False
2007-11-28 00:00:00+00:00,35.059017181396484,36.497409934997556,False,False
2007-11-29 00:00:00+00:00,34.992889404296875,36.49379072189331,False,False
2007-11-30 00:00:00+00:00,35.41166305541992,36.488237838745114,False,False
2007-12-03 00:00:00+00:00,35.220645904541016,36.484341621398926,False,False
2007-12-04 00:00:00+00:00,35.02228546142578,36.47956323623657,False,False
2007-12-05 00:00:00+00:00,35.52186965942383,36.472991676330565,False,False
2007-12-06 00:00:00+00:00,36.05817413330078,36.468699321746826,False,False
2007-12-07 00:00:00+00:00,36.09490966796875,36.46719778060913,False,False
2007-12-10 00:00:00+00:00,36.440216064453125,36.4660620880127,False,False
2007-12-11 00:00:00+00:00,35.30145263671875,36.46690793991089,False,False
2007-12-12 00:00:00+00:00,35.53657913208008,36.468909130096435,False,False
2007-12-13 00:00:00+00:00,35.49248123168945,36.47081085205078,False,False
2007-12-14 00:00:00+00:00,34.95616912841797,36.473038539886474,False,False
2007-12-17 00:00:00+00:00,34.47126007080078,36.475061912536624,False,False
2007-12-18 00:00:00+00:00,34.63291931152344,36.476482429504394,False,False
2007-12-19 00:00:00+00:00,34.63291931152344,36.476270332336426,False,False
2007-12-20 00:00:00+00:00,34.77248764038086,36.475912437438964,False,False
2007-12-21 00:00:00+00:00,35.30809020996094,36.47475868225098,False,False
2007-12-24 00:00:00+00:00,35.640071868896484,36.476027965545654,False,False
2007-12-26 00:00:00+00:00,35.57368469238281,36.478519973754885,False,False
2007-12-27 00:00:00+00:00,35.07939529418945,36.484177360534666,False,False
2007-12-28 00:00:00+00:00,35.02037048339844,36.4864525604248,False,False
2007-12-31 00:00:00+00:00,34.806419372558594,36.487376098632815,False,False
2008-01-02 00:00:00+00:00,34.275264739990234,36.487901573181155,False,False
2008-01-03 00:00:00+00:00,34.12033462524414,36.48376356124878,False,False
2008-01-04 00:00:00+00:00,33.153892517089844,36.47804796218872,False,False
2008-01-07 00:00:00+00:00,33.2424201965332,36.464871654510496,False,False
2008-01-08 00:00:00+00:00,32.386653900146484,36.45202854156494,False,False
2008-01-09 00:00:00+00:00,32.73337936401367,36.43454151153564,False,False
2008-01-10 00:00:00+00:00,33.190792083740234,36.41878810882568,False,False
2008-01-11 00:00:00+00:00,32.74076843261719,36.406453456878666,False,False
2008-01-14 00:00:00+00:00,33.072757720947266,36.3932924079895,False,False
2008-01-15 00:00:00+00:00,32.2243537902832,36.38138963699341,False,False
2008-01-16 00:00:00+00:00,32.28337860107422,36.365281391143796,False,False
2008-01-17 00:00:00+00:00,31.331693649291992,36.34862869262695,False,False
2008-01-18 00:00:00+00:00,31.102981567382812,36.32550183296203,False,False
2008-01-22 00:00:00+00:00,31.1103572845459,36.30126784324646,False,False
2008-01-23 00:00:00+00:00,32.09894561767578,36.276413707733155,False,False
2008-01-24 00:00:00+00:00,32.239112854003906,36.25624689102173,False,False
2008-01-25 00:00:00+00:00,31.89974594116211,36.23656192779541,False,False
2008-01-28 00:00:00+00:00,32.578460693359375,36.21631175994873,False,False
2008-01-29 00:00:00+00:00,32.85879898071289,36.19821403503418,False,False
2008-01-30 00:00:00+00:00,32.49732208251953,36.18100698471069,False,False
2008-01-31 00:00:00+00:00,33.3088264465332,36.16013076782227,False,False
2008-02-01 00:00:00+00:00,33.994911193847656,36.1430930519104,False,False
2008-02-04 00:00:00+00:00,33.55965805053711,36.12901124954224,False,False
2008-02-05 00:00:00+00:00,32.6005859375,36.11293573379517,False,False
2008-02-06 00:00:00+00:00,32.34238052368164,36.09089660644531,False,False
2008-02-07 00:00:00+00:00,32.630104064941406,36.06727445602417,False,False
2008-02-08 00:00:00+00:00,32.36451721191406,36.045090923309324,False,False
2008-02-11 00:00:00+00:00,32.70387649536133,36.01971771240235,False,False
2008-02-12 00:00:00+00:00,32.89567947387695,35.99585878372192,False,False
2008-02-13 00:00:00+00:00,33.3088264465332,35.973360481262205,False,False
2008-02-14 00:00:00+00:00,32.79979705810547,35.95486255645752,False,False
2008-02-15 00:00:00+00:00,32.79241943359375,35.93341798782349,False,False
2008-02-19 00:00:00+00:00,32.82930374145508,35.91047637939453,False,False
2008-02-20 00:00:00+00:00,33.139156341552734,35.88698909759521,False,False
2008-02-21 00:00:00+00:00,32.637474060058594,35.864904975891115,False,False
2008-02-22 00:00:00+00:00,32.903079986572266,35.83998390197754,False,False
2008-02-25 00:00:00+00:00,33.478492736816406,35.816500415802004,False,False
2008-02-26 00:00:00+00:00,33.780982971191406,35.79509090423584,False,False
2008-02-27 00:00:00+00:00,33.53752136230469,35.77745716094971,False,False
2008-02-28 00:00:00+00:00,33.249794006347656,35.75729190826416,False,False
2008-02-29 00:00:00+00:00,32.30548858642578,35.73616256713867,False,False
2008-03-03 00:00:00+00:00,32.24647521972656,35.71056730270386,False,False
2008-03-04 00:00:00+00:00,32.15795135498047,35.68354526519775,False,False
2008-03-05 00:00:00+00:00,32.34238052368164,35.65593458175659,False,False
2008-03-06 00:00:00+00:00,31.405458450317383,35.62829694747925,False,False
2008-03-07 00:00:00+00:00,31.265281677246097,35.59553660392761,False,False
2008-03-10 00:00:00+00:00,30.741498947143555,35.56222144126892,False,False
2008-03-11 00:00:00+00:00,31.892372131347656,35.5264698600769,False,False
2008-03-12 00:00:00+00:00,31.553001403808594,35.49858989715576,False,False
2008-03-13 00:00:00+00:00,31.766956329345703,35.46806394577026,False,False
2008-03-14 00:00:00+00:00,31.16938018798828,35.4380602645874,False,False
2008-03-17 00:00:00+00:00,30.601320266723633,35.40353540420532,False,False
2008-03-18 00:00:00+00:00,31.87023162841797,35.3655131816864,False,False
2008-03-19 00:00:00+00:00,31.184141159057617,35.333068990707396,False,False
2008-03-20 00:00:00+00:00,31.84699821472168,35.2967197227478,False,False
2008-03-24 00:00:00+00:00,32.646881103515625,35.26467043876648,False,False
2008-03-25 00:00:00+00:00,32.80241775512695,35.23844576835632,False,False
2008-03-26 00:00:00+00:00,32.29878234863281,35.21694117546082,False,False
2008-03-27 00:00:00+00:00,31.98772621154785,35.190399675369264,False,False
2008-03-28 00:00:00+00:00,31.64703941345215,35.16226634979248,False,False
2008-03-31 00:00:00+00:00,31.706283569335938,35.13451043128967,False,False
2008-04-01 00:00:00+00:00,33.12830352783203,35.10398425102234,False,False
2008-04-02 00:00:00+00:00,33.217159271240234,35.079911108016965,False,False
2008-04-03 00:00:00+00:00,33.239376068115234,35.05558289527893,False,False
2008-04-04 00:00:00+00:00,33.3282585144043,35.03103617668152,False,False
2008-04-07 00:00:00+00:00,33.224571228027344,35.006677579879764,False,False
2008-04-08 00:00:00+00:00,33.120872497558594,34.984144067764284,False,False
2008-04-09 00:00:00+00:00,32.71352767944336,34.96010336875916,False,False
2008-04-10 00:00:00+00:00,32.78759765625,34.935454053878786,False,False
2008-04-11 00:00:00+00:00,32.23211669921875,34.91300601005554,False,False
2008-04-14 00:00:00+00:00,32.084007263183594,34.88807353019715,False,False
2008-04-15 00:00:00+00:00,32.20249557495117,34.86097235679627,False,False
2008-04-16 00:00:00+00:00,33.076454162597656,34.834134092330935,False,False
2008-04-17 00:00:00+00:00,33.05421447753906,34.81203179359436,False,False
2008-04-18 00:00:00+00:00,33.58747482299805,34.78776770591736,False,False
2008-04-21 00:00:00+00:00,33.5356330871582,34.76587691307068,False,False
2008-04-22 00:00:00+00:00,33.113460540771484,34.743250932693485,False,False
2008-04-23 00:00:00+00:00,33.209747314453125,34.71763522148132,False,False
2008-04-24 00:00:00+00:00,33.4615592956543,34.69261082649231,False,False
2008-04-25 00:00:00+00:00,33.83928680419922,34.67148196220398,False,False
2008-04-28 00:00:00+00:00,33.87632751464844,34.651729078292846,False,False
2008-04-29 00:00:00+00:00,33.82449722290039,34.62897564888001,False,False
2008-04-30 00:00:00+00:00,33.520809173583984,34.60548703193665,False,False
2008-05-01 00:00:00+00:00,34.26144790649414,34.58124897956848,False,False
2008-05-02 00:00:00+00:00,34.35773849487305,34.56045777320862,False,False
2008-05-05 00:00:00+00:00,34.1651611328125,34.54047757148743,False,False
2008-05-06 00:00:00+00:00,34.454010009765625,34.51850911140442,False,False
2008-05-07 00:00:00+00:00,33.89854049682617,34.500584783554075,False,False
2008-05-08 00:00:00+00:00,33.89854049682617,34.47966347694397,False,False
2008-05-09 00:00:00+00:00,33.743003845214844,34.46211100578308,False,False
2008-05-12 00:00:00+00:00,34.27626037597656,34.44411044120788,False,False
2008-05-13 00:00:00+00:00,34.32068634033203,34.43371958732605,False,False
2008-05-14 00:00:00+00:00,34.49845886230469,34.42695637702942,True,False
2008-05-15 00:00:00+00:00,34.9354133605957,34.41837216377258,True,True
2008-05-16 00:00:00+00:00,34.9354133605957,34.41402346611023,True,True
2008-05-19 00:00:00+00:00,34.88359069824219,34.40897898674011,True,True
2008-05-20 00:00:00+00:00,34.62434768676758,34.40250359535217,True,True
2008-05-21 00:00:00+00:00,33.98741149902344,34.39978526115417,False,True
2008-05-22 00:00:00+00:00,34.068885803222656,34.39091624259949,False,False
2008-05-23 00:00:00+00:00,33.60969543457031,34.38146586418152,False,False
2008-05-27 00:00:00+00:00,33.9355583190918,34.36733941078186,False,False
2008-05-28 00:00:00+00:00,34.150360107421875,34.35938290596008,False,False
2008-05-29 00:00:00+00:00,34.335506439208984,34.352500410079955,False,False
2008-05-30 00:00:00+00:00,34.40958023071289,34.346067667007446,True,False
2008-06-02 00:00:00+00:00,34.031856536865234,34.34403323173523,False,True
2008-06-03 00:00:00+00:00,33.913352966308594,34.34271000862122,False,False
2008-06-04 00:00:00+00:00,33.89854049682617,34.34042813301087,False,False
2008-06-05 00:00:00+00:00,34.4836311340332,34.33389771461487,True,False
2008-06-06 00:00:00+00:00,33.32084655761719,34.33036595344544,False,True
2008-06-09 00:00:00+00:00,33.3282585144043,34.32102026939392,False,False
2008-06-10 00:00:00+00:00,33.1949462890625,34.30889210700989,False,False
2008-06-11 00:00:00+00:00,32.535789489746094,34.296536684036255,False,False
2008-06-12 00:00:00+00:00,32.68391418457031,34.27861529350281,False,False
2008-06-13 00:00:00+00:00,33.276424407958984,34.26418082237244,False,False
2008-06-16 00:00:00+00:00,33.3282585144043,34.25600455284118,False,False
2008-06-17 00:00:00+00:00,33.00237274169922,34.24475523948669,False,False
2008-06-18 00:00:00+00:00,32.654293060302734,34.23264540672302,False,False
2008-06-19 00:00:00+00:00,32.86906433105469,34.216744565963744,False,False
2008-06-20 00:00:00+00:00,32.24919891357422,34.19953751564026,False,False
2008-06-23 00:00:00+00:00,32.04109573364258,34.18267323493958,False,False
2008-06-24 00:00:00+00:00,31.95192527770996,34.16334034919739,False,False
2008-06-25 00:00:00+00:00,32.18232345581055,34.14634452819824,False,False
2008-06-26 00:00:00+00:00,31.21610641479492,34.13185546875,False,False
2008-06-27 00:00:00+00:00,31.178937911987305,34.11022844314575,False,False
2008-06-30 00:00:00+00:00,31.02286148071289,34.088708543777464,False,False
2008-07-01 00:00:00+00:00,31.08974838256836,34.06523646354675,False,False
2008-07-02 00:00:00+00:00,30.45056915283203,34.041476259231565,False,False
2008-07-03 00:00:00+00:00,30.264753341674805,34.01558205604553,False,False
2008-07-07 00:00:00+00:00,30.056644439697266,33.98330276489258,False,False
2008-07-08 00:00:00+00:00,30.79244613647461,33.94870132446289,False,False
2008-07-09 00:00:00+00:00,30.01947593688965,33.91946338653565,False,False
2008-07-10 00:00:00+00:00,30.01947593688965,33.88596375465393,False,False
2008-07-11 00:00:00+00:00,29.789079666137695,33.85341920852661,False,False
2008-07-14 00:00:00+00:00,29.25394630432129,33.81990641593933,False,False
2008-07-15 00:00:00+00:00,29.038402557373047,33.78272605895996,False,False
2008-07-16 00:00:00+00:00,30.056644439697266,33.743806762695314,False,False
2008-07-17 00:00:00+00:00,30.673545837402344,33.7104563331604,False,False
2008-07-18 00:00:00+00:00,30.65122985839844,33.67769235610962,False,False
2008-07-21 00:00:00+00:00,30.621509552001953,33.6444495010376,False,False
2008-07-22 00:00:00+00:00,31.134347915649418,33.61131521224976,False,False
2008-07-23 00:00:00+00:00,31.416786193847656,33.580781831741334,False,False
2008-07-24 00:00:00+00:00,30.465429306030273,33.54923619270325,False,False
2008-07-25 00:00:00+00:00,30.49516487121582,33.51370517730713,False,False
2008-07-28 00:00:00+00:00,29.9302921295166,33.47700047492981,False,False
2008-07-29 00:00:00+00:00,30.80731964111328,33.43772842407227,False,False
2008-07-30 00:00:00+00:00,31.245832443237305,33.404127368927,False,False
2008-07-31 00:00:00+00:00,30.866769790649418,33.37205750465393,False,False
2008-08-01 00:00:00+00:00,30.68095970153809,33.339855613708494,False,False
2008-08-04 00:00:00+00:00,30.480281829833984,33.308157224655154,False,False
2008-08-05 00:00:00+00:00,31.40190887451172,33.27516165733337,False,False
2008-08-06 00:00:00+00:00,31.520830154418945,33.247251710891724,False,False
2008-08-07 00:00:00+00:00,30.933670043945312,33.2249690246582,False,False
2008-08-08 00:00:00+00:00,31.795818328857425,33.19817092895508,False,False
2008-08-11 00:00:00+00:00,32.21205139160156,33.17421422958374,False,False
2008-08-12 00:00:00+00:00,31.72894287109375,33.15325695037842,False,False
2008-08-13 00:00:00+00:00,31.587726593017575,33.12984752655029,False,False
2008-08-14 00:00:00+00:00,31.95933723449707,33.103270835876465,False,False
2008-08-15 00:00:00+00:00,32.19718551635742,33.07836857795715,False,False
2008-08-18 00:00:00+00:00,31.65460968017578,33.05557394981384,False,False
2008-08-19 00:00:00+00:00,31.171510696411133,33.02815625190735,False,False
2008-08-20 00:00:00+00:00,31.253263473510746,33.00339233398437,False,False
2008-08-21 00:00:00+00:00,31.1046142578125,32.978780012130734,False,False
2008-08-22 00:00:00+00:00,31.706632614135746,32.95404892921448,False,False
2008-08-25 00:00:00+00:00,31.067455291748047,32.930711574554444,False,False
2008-08-26 00:00:00+00:00,31.11948013305664,32.90873342514038,False,False
2008-08-27 00:00:00+00:00,31.47623062133789,32.88738271713257,False,False
2008-08-28 00:00:00+00:00,32.04853057861328,32.869542293548584,False,False
2008-08-29 00:00:00+00:00,31.78095245361328,32.85654699325561,False,False
2008-09-02 00:00:00+00:00,31.810680389404297,32.83758529663086,False,False
2008-09-03 00:00:00+00:00,31.632314682006836,32.82020486831665,False,False
2008-09-04 00:00:00+00:00,30.777585983276367,32.803585596084595,False,False
2008-09-05 00:00:00+00:00,31.06001853942871,32.782766304016114,False,False
2008-09-08 00:00:00+00:00,31.706632614135746,32.76662838935852,False,False
2008-09-09 00:00:00+00:00,30.576921463012695,32.75398069381714,False,False
2008-09-10 00:00:00+00:00,30.695831298828125,32.7378516292572,False,False
2008-09-11 00:00:00+00:00,31.08974838256836,32.719562215805055,False,False
2008-09-12 00:00:00+00:00,31.23095703125,32.707136163711546,False,False
2008-09-15 00:00:00+00:00,29.9302921295166,32.692881479263306,False,False
2008-09-16 00:00:00+00:00,30.197856903076172,32.66723785400391,False,False
2008-09-17 00:00:00+00:00,28.822858810424805,32.6432626914978,False,False
2008-09-18 00:00:00+00:00,30.071502685546875,32.610318670272825,False,False
2008-09-19 00:00:00+00:00,31.207839965820312,32.58457295417786,False,False
2008-09-22 00:00:00+00:00,30.005800247192383,32.56550072669983,False,False
2008-09-23 00:00:00+00:00,29.54291725158691,32.53792037963867,False,False
2008-09-24 00:00:00+00:00,29.931150436401367,32.5053440952301,False,False
2008-09-25 00:00:00+00:00,29.90129280090332,32.47452529907227,False,False
2008-09-26 00:00:00+00:00,29.863954544067383,32.441830682754514,False,False
2008-09-29 00:00:00+00:00,27.54949378967285,32.41464319229126,False,False
2008-09-30 00:00:00+00:00,28.318504333496097,32.374707765579224,False,False
2008-10-01 00:00:00+00:00,28.273700714111328,32.33883788108826,False,False
2008-10-02 00:00:00+00:00,27.02687644958496,32.305425539016724,False,False
2008-10-03 00:00:00+00:00,26.340011596679688,32.26820362091065,False,False
2008-10-06 00:00:00+00:00,25.414226531982425,32.22673908233642,False,False
2008-10-07 00:00:00+00:00,23.704519271850582,32.18064561843872,False,False
2008-10-08 00:00:00+00:00,23.502931594848633,32.12530577659607,False,False
2008-10-09 00:00:00+00:00,21.800682067871097,32.06627998352051,False,False
2008-10-10 00:00:00+00:00,21.509511947631836,31.99708303451538,False,False
2008-10-13 00:00:00+00:00,23.891162872314453,31.926762170791626,False,False
2008-10-14 00:00:00+00:00,23.674652099609375,31.870821008682253,False,False
2008-10-15 00:00:00+00:00,21.5617733001709,31.814092416763305,False,False
2008-10-16 00:00:00+00:00,22.22625160217285,31.747869186401367,False,False
2008-10-17 00:00:00+00:00,21.87534523010254,31.68762412071228,False,False
2008-10-20 00:00:00+00:00,23.219228744506836,31.626399173736573,False,False
2008-10-21 00:00:00+00:00,22.420366287231445,31.576725854873658,False,False
2008-10-22 00:00:00+00:00,20.986900329589844,31.52261558532715,False,False
2008-10-23 00:00:00+00:00,20.85250473022461,31.465616817474366,False,False
2008-10-24 00:00:00+00:00,20.016319274902344,31.40621244430542,False,False
2008-10-27 00:00:00+00:00,19.038270950317383,31.34034008026123,False,False
2008-10-28 00:00:00+00:00,21.315401077270508,31.271827592849732,False,False
2008-10-29 00:00:00+00:00,21.233274459838867,31.213040809631348,False,False
2008-10-30 00:00:00+00:00,21.935075759887695,31.158085412979126,False,False
2008-10-31 00:00:00+00:00,22.39796257019043,31.106343898773194,False,False
2008-11-03 00:00:00+00:00,22.353174209594727,31.061675243377685,False,False
2008-11-04 00:00:00+00:00,23.234155654907227,31.017926206588744,False,False
2008-11-05 00:00:00+00:00,21.987335205078125,30.978545198440553,False,False
2008-11-06 00:00:00+00:00,20.845041275024418,30.927987146377564,False,False
2008-11-07 00:00:00+00:00,21.434850692749023,30.871016788482667,False,False
2008-11-10 00:00:00+00:00,21.039159774780273,30.8186923122406,False,False
2008-11-11 00:00:00+00:00,20.397077560424805,30.760995807647706,False,False
2008-11-12 00:00:00+00:00,19.366775512695312,30.698687200546264,False,False
2008-11-13 00:00:00+00:00,20.695724487304688,30.633034467697144,False,False
2008-11-14 00:00:00+00:00,19.74754524230957,30.569968957901,False,False
2008-11-17 00:00:00+00:00,19.157726287841797,30.49873212814331,False,False
2008-11-18 00:00:00+00:00,19.12039375305176,30.426722469329835,False,False
2008-11-19 00:00:00+00:00,17.881038665771484,30.359321508407593,False,False
2008-11-20 00:00:00+00:00,16.66408348083496,30.28701479911804,False,False
2008-11-21 00:00:00+00:00,17.604799270629883,30.20718469619751,False,False
2008-11-24 00:00:00+00:00,18.874011993408203,30.133386106491088,False,False
2008-11-25 00:00:00+00:00,19.1502685546875,30.064236783981322,False,False
2008-11-26 00:00:00+00:00,20.031251907348633,29.995509729385375,False,False
2008-11-28 00:00:00+00:00,20.24028968811035,29.929121856689452,False,False
2008-12-01 00:00:00+00:00,18.403667449951172,29.866324319839478,False,False
2008-12-02 00:00:00+00:00,19.098003387451172,29.794380559921265,False,False
2008-12-03 00:00:00+00:00,19.620620727539062,29.725724058151243,False,False
2008-12-04 00:00:00+00:00,19.00840950012207,29.658131380081176,False,False
2008-12-05 00:00:00+00:00,19.740076065063477,29.589986057281493,False,False
2008-12-08 00:00:00+00:00,20.456804275512695,29.524171037673952,False,False
2008-12-09 00:00:00+00:00,20.202957153320312,29.45906259536743,False,False
2008-12-10 00:00:00+00:00,20.456804275512695,29.391172466278075,False,False
2008-12-11 00:00:00+00:00,19.911792755126953,29.325768880844116,False,False
2008-12-12 00:00:00+00:00,20.068578720092773,29.259078874588013,False,False
2008-12-15 00:00:00+00:00,19.69527816772461,29.197894325256346,False,False
2008-12-16 00:00:00+00:00,20.88983726501465,29.135138339996338,False,False
2008-12-17 00:00:00+00:00,20.777843475341797,29.078797769546508,False,False
2008-12-18 00:00:00+00:00,20.412010192871097,29.02097508430481,False,False
2008-12-19 00:00:00+00:00,20.526845932006836,28.96600784301758,False,False
2008-12-22 00:00:00+00:00,19.896408081054688,28.91231566429138,False,False
2008-12-23 00:00:00+00:00,19.603702545166016,28.858090209960938,False,False
2008-12-24 00:00:00+00:00,19.716283798217773,28.79664686203003,False,False
2008-12-26 00:00:00+00:00,19.971450805664062,28.737463274002074,False,False
2008-12-29 00:00:00+00:00,19.738792419433594,28.678485746383668,False,False
2008-12-30 00:00:00+00:00,20.361724853515625,28.621332807540895,False,False
2008-12-31 00:00:00+00:00,20.86458396911621,28.570134830474853,False,False
2009-01-02 00:00:00+00:00,21.57758140563965,28.515106592178345,False,False
2009-01-05 00:00:00+00:00,21.690162658691406,28.467073793411256,False,False
2009-01-06 00:00:00+00:00,22.193002700805664,28.416289615631104,False,False
2009-01-07 00:00:00+00:00,21.45749855041504,28.364020223617555,False,False
2009-01-08 00:00:00+00:00,21.630111694335938,28.307295627593994,False,False
2009-01-09 00:00:00+00:00,21.05971908569336,28.25395227432251,False,False
2009-01-12 00:00:00+00:00,20.376739501953125,28.19931223869324,False,False
2009-01-13 00:00:00+00:00,20.384248733520508,28.14296073913574,False,False
2009-01-14 00:00:00+00:00,19.611196517944336,28.086350564956664,False,False
2009-01-15 00:00:00+00:00,19.746292114257812,28.018765029907225,False,False
2009-01-16 00:00:00+00:00,20.01648330688477,27.951410694122316,False,False
2009-01-20 00:00:00+00:00,18.73309326171875,27.88529623031616,False,False
2009-01-21 00:00:00+00:00,19.641225814819336,27.812320404052734,False,False
2009-01-22 00:00:00+00:00,19.22093391418457,27.744403676986693,False,False
2009-01-23 00:00:00+00:00,19.40855598449707,27.674903984069825,False,False
2009-01-26 00:00:00+00:00,19.48361015319824,27.608379125595093,False,False
2009-01-27 00:00:00+00:00,19.746292114257812,27.541859188079833,False,False
2009-01-28 00:00:00+00:00,20.54935836791992,27.47943006515503,False,False
2009-01-29 00:00:00+00:00,19.746292114257812,27.42175682067871,False,False
2009-01-30 00:00:00+00:00,19.123363494873047,27.359475803375243,False,False
2009-02-02 00:00:00+00:00,19.07832908630371,27.28971035003662,False,False
2009-02-03 00:00:00+00:00,19.393556594848633,27.219830923080444,False,False
2009-02-04 00:00:00+00:00,19.288475036621097,27.1488613319397,False,False
2009-02-05 00:00:00+00:00,19.67125129699707,27.077625541687013,False,False
2009-02-06 00:00:00+00:00,20.27166175842285,27.01041449546814,False,False
2009-02-09 00:00:00+00:00,20.30919075012207,26.945724067687987,False,False
2009-02-10 00:00:00+00:00,19.228439331054688,26.879962224960327,False,False
2009-02-11 00:00:00+00:00,19.40104866027832,26.806907987594606,False,False
2009-02-12 00:00:00+00:00,19.491117477416992,26.734531593322753,False,False
2009-02-13 00:00:00+00:00,19.295978546142575,26.66286469459534,False,False
2009-02-17 00:00:00+00:00,18.29778480529785,26.59174054145813,False,False
2009-02-18 00:00:00+00:00,18.162694931030273,26.511922225952148,False,False
2009-02-19 00:00:00+00:00,17.915014266967773,26.430947008132936,False,False
2009-02-20 00:00:00+00:00,17.75741195678711,26.349696273803712,False,False
2009-02-23 00:00:00+00:00,17.066926956176758,26.266213283538818,False,False
2009-02-24 00:00:00+00:00,17.839963912963867,26.18205521583557,False,False
2009-02-25 00:00:00+00:00,17.629817962646484,26.10176233291626,False,False
2009-02-26 00:00:00+00:00,17.29207992553711,26.021196403503417,False,False
2009-02-27 00:00:00+00:00,16.97686767578125,25.93627550125122,False,False
2009-03-02 00:00:00+00:00,16.053720474243164,25.849556407928468,False,False
2009-03-03 00:00:00+00:00,15.888593673706056,25.75733271598816,False,False
2009-03-04 00:00:00+00:00,16.383947372436523,25.66209861755371,False,False
2009-03-05 00:00:00+00:00,15.633419036865234,25.569341287612914,False,False
2009-03-06 00:00:00+00:00,15.565872192382812,25.47309042930603,False,False
2009-03-09 00:00:00+00:00,15.45329761505127,25.377798051834105,False,False
2009-03-10 00:00:00+00:00,16.534061431884766,25.285127482414246,False,False
2009-03-11 00:00:00+00:00,16.624116897583008,25.197453360557557,False,False
2009-03-12 00:00:00+00:00,17.29207992553711,25.11252546787262,False,False
2009-03-13 00:00:00+00:00,17.487218856811523,25.029308075904847,False,False
2009-03-16 00:00:00+00:00,17.367141723632812,24.945992369651794,False,False
2009-03-17 00:00:00+00:00,17.96755027770996,24.861150546073915,False,False
2009-03-18 00:00:00+00:00,18.620508193969727,24.778940396308897,False,False
2009-03-19 00:00:00+00:00,18.447887420654297,24.701883654594422,False,False
2009-03-20 00:00:00+00:00,17.884246826171875,24.62455632686615,False,False
2009-03-23 00:00:00+00:00,19.37270164489746,24.544484858512877,False,False
2009-03-24 00:00:00+00:00,18.95713806152344,24.4689302110672,False,False
2009-03-25 00:00:00+00:00,19.1686954498291,24.39711166858673,False,False
2009-03-26 00:00:00+00:00,19.780715942382812,24.326313853263855,False,False
2009-03-27 00:00:00+00:00,19.365150451660156,24.259242701530457,False,False
2009-03-30 00:00:00+00:00,18.473575592041016,24.193389506340026,False,False
2009-03-31 00:00:00+00:00,18.715368270874023,24.12233781337738,False,False
2009-04-01 00:00:00+00:00,19.115808486938477,24.049532532691956,False,False
2009-04-02 00:00:00+00:00,19.95448112487793,23.978470282554625,False,False
2009-04-03 00:00:00+00:00,20.339815139770508,23.91323082447052,False,False
2009-04-06 00:00:00+00:00,20.04515838623047,23.851658434867858,False,False
2009-04-07 00:00:00+00:00,19.440698623657227,23.787538905143737,False,False
2009-04-08 00:00:00+00:00,19.841156005859375,23.723496403694153,False,False
2009-04-09 00:00:00+00:00,21.04251289367676,23.662496705055236,False,False
2009-04-13 00:00:00+00:00,21.10295295715332,23.607949643135072,False,False
2009-04-14 00:00:00+00:00,20.558940887451172,23.552552790641784,False,False
2009-04-15 00:00:00+00:00,20.936723709106445,23.499266963005066,False,False
2009-04-16 00:00:00+00:00,21.4202880859375,23.448055891990663,False,False
2009-04-17 00:00:00+00:00,21.76029586791992,23.400043025016785,False,False
2009-04-20 00:00:00+00:00,20.513607025146484,23.353395762443544,False,False
2009-04-21 00:00:00+00:00,21.11806297302246,23.303710951805115,False,False
2009-04-22 00:00:00+00:00,21.163393020629883,23.257977499961854,False,False
2009-04-23 00:00:00+00:00,21.405170440673828,23.213511242866517,False,False
2009-04-24 00:00:00+00:00,21.918956756591797,23.166574864387513,False,False
2009-04-27 00:00:00+00:00,21.518505096435547,23.126072268486023,False,False
2009-04-28 00:00:00+00:00,21.427846908569336,23.083567414283753,False,False
2009-04-29 00:00:00+00:00,22.100284576416016,23.04176125049591,False,False
2009-04-30 00:00:00+00:00,22.21363067626953,23.005992941856384,False,False
2009-05-01 00:00:00+00:00,22.326963424682617,22.971869082450866,False,False
2009-05-04 00:00:00+00:00,23.369644165039062,22.933220677375793,True,False
2009-05-05 00:00:00+00:00,23.33942413330078,22.896701169013976,True,True
2009-05-06 00:00:00+00:00,23.792770385742188,22.86014214038849,True,True
2009-05-07 00:00:00+00:00,23.24875259399414,22.82599844455719,True,True
2009-05-08 00:00:00+00:00,24.215879440307617,22.786570467948913,True,True
2009-05-11 00:00:00+00:00,23.505651473999023,22.750565934181214,True,True
2009-05-12 00:00:00+00:00,23.15808868408203,22.715767045021057,True,True
2009-05-13 00:00:00+00:00,22.138071060180664,22.679081664085388,False,True
2009-05-14 00:00:00+00:00,22.553634643554688,22.640120558738708,False,False
2009-05-15 00:00:00+00:00,22.236299514770508,22.598852133750917,False,False
2009-05-18 00:00:00+00:00,23.18830680847168,22.55380446910858,True,False
2009-05-19 00:00:00+00:00,23.2336368560791,22.515412154197694,True,True
2009-05-20 00:00:00+00:00,23.074974060058594,22.478175539970398,True,True
2009-05-21 00:00:00+00:00,22.61408042907715,22.44114900112152,True,True
2009-05-22 00:00:00+00:00,22.568742752075195,22.39720985889435,True,True
2009-05-26 00:00:00+00:00,23.286531448364254,22.35244942188263,True,True
2009-05-27 00:00:00+00:00,22.818086624145508,22.314213728904726,True,True
2009-05-28 00:00:00+00:00,23.142972946166992,22.269325070381164,True,True
2009-05-29 00:00:00+00:00,23.64921188354492,22.22397967815399,True,True
2009-06-01 00:00:00+00:00,24.502986907958984,22.18358102321625,True,True
2009-06-02 00:00:00+00:00,24.502986907958984,22.148157324790954,True,True
2009-06-03 00:00:00+00:00,23.966543197631836,22.110875573158264,True,True
2009-06-04 00:00:00+00:00,24.457658767700195,22.069722361564637,True,True
2009-06-05 00:00:00+00:00,24.450103759765625,22.03373760700226,True,True
2009-06-08 00:00:00+00:00,24.155427932739254,22.00013057231903,True,True
2009-06-09 00:00:00+00:00,24.397214889526367,21.964641394615175,True,True
2009-06-10 00:00:00+00:00,24.66166305541992,21.931104397773744,True,True
2009-06-11 00:00:00+00:00,24.427440643310547,21.895879549980165,True,True
2009-06-12 00:00:00+00:00,24.412322998046875,21.862679476737977,True,True
2009-06-15 00:00:00+00:00,23.686981201171875,21.829143691062928,True,True
2009-06-16 00:00:00+00:00,23.29408836364746,21.790197443962096,True,True
2009-06-17 00:00:00+00:00,23.173200607299805,21.74642523288727,True,True
2009-06-18 00:00:00+00:00,23.24875259399414,21.7033864736557,True,True
2009-06-19 00:00:00+00:00,23.41939353942871,21.66057683467865,True,True
2009-06-22 00:00:00+00:00,22.58515167236328,21.61951222896576,True,True
2009-06-23 00:00:00+00:00,22.57757568359375,21.578550057411192,True,True
2009-06-24 00:00:00+00:00,22.83542251586914,21.536137843132018,True,True
2009-06-25 00:00:00+00:00,23.41180992126465,21.491781792640687,True,True
2009-06-26 00:00:00+00:00,23.328388214111328,21.455956234931946,True,True
2009-06-29 00:00:00+00:00,23.57107162475586,21.41911901950836,True,True
2009-06-30 00:00:00+00:00,23.366302490234375,21.3815256357193,True,True
2009-07-01 00:00:00+00:00,23.517980575561523,21.34220236301422,True,True
2009-07-02 00:00:00+00:00,22.76716423034668,21.310140805244444,True,True
2009-07-06 00:00:00+00:00,22.698911666870117,21.2729873418808,True,True
2009-07-07 00:00:00+00:00,22.168031692504883,21.242367606163025,True,True
2009-07-08 00:00:00+00:00,22.084604263305664,21.202850251197816,True,True
2009-07-09 00:00:00+00:00,22.25904083251953,21.15723407268524,True,True
2009-07-10 00:00:00+00:00,22.183195114135746,21.11850027561188,True,True
2009-07-13 00:00:00+00:00,22.698911666870117,21.081701664924623,True,True
2009-07-14 00:00:00+00:00,22.94159889221191,21.045540471076965,True,True
2009-07-15 00:00:00+00:00,23.6696720123291,21.010742001533508,True,True
2009-07-16 00:00:00+00:00,23.935104370117188,20.979770588874818,True,True
2009-07-17 00:00:00+00:00,23.88202476501465,20.961698641777037,True,True
2009-07-20 00:00:00+00:00,24.268802642822266,20.93951624393463,True,True
2009-07-21 00:00:00+00:00,24.25363540649414,20.919491753578185,True,True
2009-07-22 00:00:00+00:00,24.329479217529297,20.905625548362732,True,True
2009-07-23 00:00:00+00:00,25.01203155517578,20.89557288646698,True,True
2009-07-24 00:00:00+00:00,25.201631546020508,20.893561911582946,True,True
2009-07-27 00:00:00+00:00,25.368492126464844,20.901047472953795,True,True
2009-07-28 00:00:00+00:00,25.277477264404297,20.910375275611877,True,True
2009-07-29 00:00:00+00:00,25.110626220703125,20.927759251594544,True,True
2009-07-30 00:00:00+00:00,25.504993438720703,20.9457648229599,True,True
2009-07-31 00:00:00+00:00,25.512584686279297,20.95383397579193,True,True
2009-08-03 00:00:00+00:00,26.051040649414062,20.963023638725282,True,True
2009-08-04 00:00:00+00:00,26.21030616760254,20.985469975471496,True,True
2009-08-05 00:00:00+00:00,26.164804458618164,21.005390248298646,True,True
2009-08-06 00:00:00+00:00,26.02829360961914,21.02683754444122,True,True
2009-08-07 00:00:00+00:00,26.627422332763672,21.040882868766786,True,True
2009-08-10 00:00:00+00:00,26.483333587646484,21.061918148994447,True,True
2009-08-11 00:00:00+00:00,26.12688636779785,21.089400315284728,True,True
2009-08-12 00:00:00+00:00,26.490921020507812,21.115772223472597,True,True
2009-08-13 00:00:00+00:00,26.75635528564453,21.148145232200623,True,True
2009-08-14 00:00:00+00:00,26.407493591308594,21.186735653877257,True,True
2009-08-17 00:00:00+00:00,25.66425895690918,21.212196116447448,True,True
2009-08-18 00:00:00+00:00,25.96762466430664,21.2343510389328,True,True
2009-08-19 00:00:00+00:00,26.14963722229004,21.254513783454897,True,True
2009-08-20 00:00:00+00:00,26.4529972076416,21.273272156715393,True,True
2009-08-21 00:00:00+00:00,27.01420211791992,21.293771271705626,True,True
2009-08-24 00:00:00+00:00,26.93836975097656,21.31267150402069,True,True
2009-08-25 00:00:00+00:00,27.09004592895508,21.337426676750184,True,True
2009-08-26 00:00:00+00:00,27.17346954345703,21.368651700019836,True,True
2009-08-27 00:00:00+00:00,27.218976974487305,21.397344794273376,True,True
2009-08-28 00:00:00+00:00,27.317583084106445,21.42824388027191,True,True
2009-08-31 00:00:00+00:00,26.953542709350582,21.46284640789032,True,True
2009-09-01 00:00:00+00:00,26.21788024902344,21.500780243873596,True,True
2009-09-02 00:00:00+00:00,26.088960647583008,21.52839102268219,True,True
2009-09-03 00:00:00+00:00,26.46057891845703,21.560098099708558,True,True
2009-09-04 00:00:00+00:00,26.771522521972656,21.596612362861634,True,True
2009-09-08 00:00:00+00:00,27.08245849609375,21.634868006706238,True,True
2009-09-09 00:00:00+00:00,27.446508407592773,21.68087510585785,True,True
2009-09-10 00:00:00+00:00,27.810529708862305,21.734787230491637,True,True
2009-09-11 00:00:00+00:00,27.833276748657227,21.7858158826828,True,True
2009-09-14 00:00:00+00:00,28.07596778869629,21.830612206459044,True,True
2009-09-15 00:00:00+00:00,28.33382797241211,21.87524070262909,True,True
2009-09-16 00:00:00+00:00,28.88746452331543,21.916753582954406,True,True
2009-09-17 00:00:00+00:00,28.71303367614746,21.959989457130433,True,True
2009-09-18 00:00:00+00:00,28.751068115234375,22.011536288261414,True,True
2009-09-21 00:00:00+00:00,28.67498016357422,22.05980161190033,True,True
2009-09-22 00:00:00+00:00,28.8727970123291,22.105073409080504,True,True
2009-09-23 00:00:00+00:00,28.553251266479492,22.15439534664154,True,True
2009-09-24 00:00:00+00:00,28.081546783447266,22.19846122264862,True,True
2009-09-25 00:00:00+00:00,27.8685302734375,22.236584935188294,True,True
2009-09-28 00:00:00+00:00,28.44674301147461,22.27491280078888,True,True
2009-09-29 00:00:00+00:00,28.46956443786621,22.314862494468688,True,True
2009-09-30 00:00:00+00:00,28.37826156616211,22.357651352882385,True,True
2009-10-01 00:00:00+00:00,27.47291374206543,22.399199767112734,True,True
2009-10-02 00:00:00+00:00,27.320741653442383,22.438087944984435,True,True
2009-10-05 00:00:00+00:00,27.792444229125977,22.470242466926575,True,True
2009-10-06 00:00:00+00:00,28.18806266784668,22.505315470695496,True,True
2009-10-07 00:00:00+00:00,28.241331100463867,22.544195733070374,True,True
2009-10-08 00:00:00+00:00,28.58369255065918,22.582768158912657,True,True
2009-10-09 00:00:00+00:00,28.72825050354004,22.62620458126068,True,True
2009-10-12 00:00:00+00:00,28.8499755859375,22.67182732105255,True,True
2009-10-13 00:00:00+00:00,28.789106369018555,22.71749577999115,True,True
2009-10-14 00:00:00+00:00,29.32167625427246,22.761584057807923,True,True
2009-10-15 00:00:00+00:00,29.42057991027832,22.809498476982117,True,True
2009-10-16 00:00:00+00:00,29.16951560974121,22.85479275226593,True,True
2009-10-19 00:00:00+00:00,29.46622085571289,22.896317410469056,True,True
2009-10-20 00:00:00+00:00,29.253196716308594,22.93576060771942,True,True
2009-10-21 00:00:00+00:00,28.948877334594727,22.973575778007508,True,True
2009-10-22 00:00:00+00:00,29.344505310058594,23.00735515117645,True,True
2009-10-23 00:00:00+00:00,28.88802146911621,23.04679018497467,True,True
2009-10-26 00:00:00+00:00,28.515222549438477,23.08307973384857,True,True
2009-10-27 00:00:00+00:00,28.271751403808594,23.1203572511673,True,True
2009-10-28 00:00:00+00:00,27.495718002319336,23.159832310676574,True,True
2009-10-29 00:00:00+00:00,28.172855377197266,23.19538965702057,True,True
2009-10-30 00:00:00+00:00,27.328350067138672,23.238197951316835,True,True
2009-11-02 00:00:00+00:00,27.495718002319336,23.27610824108124,True,True
2009-11-03 00:00:00+00:00,27.73918342590332,23.31350441455841,True,True
2009-11-04 00:00:00+00:00,27.693544387817383,23.358534865379333,True,True
2009-11-05 00:00:00+00:00,28.317405700683594,23.398796458244323,True,True
2009-11-06 00:00:00+00:00,28.355459213256836,23.44427881717682,True,True
2009-11-09 00:00:00+00:00,29.108652114868164,23.489013333320617,True,True
2009-11-10 00:00:00+00:00,28.994525909423828,23.537138543128968,True,True
2009-11-11 00:00:00+00:00,29.16951560974121,23.583379712104797,True,True
2009-11-12 00:00:00+00:00,28.811939239501953,23.626480498313903,True,True
2009-11-13 00:00:00+00:00,28.994525909423828,23.671808733940125,True,True
2009-11-16 00:00:00+00:00,29.46622085571289,23.72116454601288,True,True
2009-11-17 00:00:00+00:00,29.47384452819824,23.773104004859924,True,True
2009-11-18 00:00:00+00:00,29.39015007019043,23.823505444526674,True,True
2009-11-19 00:00:00+00:00,28.926063537597656,23.874013819694518,True,True
2009-11-20 00:00:00+00:00,28.781496047973633,23.920287880897522,True,True
2009-11-23 00:00:00+00:00,29.101045608520508,23.962837052345275,True,True
2009-11-24 00:00:00+00:00,29.09343910217285,24.006796326637268,True,True
2009-11-25 00:00:00+00:00,29.329288482666016,24.05612132549286,True,True
2009-11-27 00:00:00+00:00,28.74345016479492,24.1057625246048,True,True
2009-11-30 00:00:00+00:00,28.84236717224121,24.152024188041686,True,True
2009-12-01 00:00:00+00:00,29.20755386352539,24.19975613117218,True,True
2009-12-02 00:00:00+00:00,29.37493133544922,24.254304976463317,True,True
2009-12-03 00:00:00+00:00,29.07822036743164,24.31036615848541,True,True
2009-12-04 00:00:00+00:00,29.37493133544922,24.366182188987732,True,True
2009-12-07 00:00:00+00:00,29.352113723754883,24.42426978588104,True,True
2009-12-08 00:00:00+00:00,29.101045608520508,24.485695719718933,True,True
2009-12-09 00:00:00+00:00,29.154298782348633,24.542001128196716,True,True
2009-12-10 00:00:00+00:00,29.367326736450195,24.599623532295226,True,True
2009-12-11 00:00:00+00:00,29.542314529418945,24.65999976634979,True,True
2009-12-14 00:00:00+00:00,29.915111541748047,24.722827000617983,True,True
2009-12-15 00:00:00+00:00,29.79338264465332,24.792133955955507,True,True
2009-12-16 00:00:00+00:00,29.92270851135254,24.861657900810243,True,True
2009-12-17 00:00:00+00:00,29.557519912719727,24.92935170650482,True,True
2009-12-18 00:00:00+00:00,29.684246063232425,24.998972210884094,True,True
2009-12-21 00:00:00+00:00,30.073514938354492,25.069564080238344,True,True
2009-12-22 00:00:00+00:00,30.22616958618164,25.142665166854858,True,True
2009-12-23 00:00:00+00:00,30.4169864654541,25.211125707626344,True,True
2009-12-24 00:00:00+00:00,30.569650650024418,25.2800900554657,True,True
2009-12-28 00:00:00+00:00,30.57728576660156,25.346477909088136,True,True
2009-12-29 00:00:00+00:00,30.500946044921875,25.411928243637085,True,True
2009-12-30 00:00:00+00:00,30.508567810058594,25.47759726524353,True,True
2009-12-31 00:00:00+00:00,30.17274284362793,25.54030235290527,True,True
2010-01-04 00:00:00+00:00,30.66887664794922,25.598063526153563,True,True
2010-01-05 00:00:00+00:00,30.84442710876465,25.659168472290037,True,True
2010-01-06 00:00:00+00:00,30.95892333984375,25.723969373703003,True,True
2010-01-07 00:00:00+00:00,31.111587524414062,25.781900482177733,True,True
2010-01-08 00:00:00+00:00,31.218433380126953,25.842672729492186,True,True
2010-01-11 00:00:00+00:00,31.24133682250977,25.902921419143677,True,True
2010-01-12 00:00:00+00:00,30.882606506347656,25.960224523544312,True,True
2010-01-13 00:00:00+00:00,31.2108154296875,26.01781180381775,True,True
2010-01-14 00:00:00+00:00,31.256616592407227,26.081498003005983,True,True
2010-01-15 00:00:00+00:00,30.890230178833008,26.144204244613647,True,True
2010-01-19 00:00:00+00:00,31.32530212402344,26.20307635307312,True,True
2010-01-20 00:00:00+00:00,30.951282501220703,26.259930458068848,True,True
2010-01-21 00:00:00+00:00,30.432260513305664,26.312987794876097,True,True
2010-01-22 00:00:00+00:00,29.69187355041504,26.364923305511475,True,True
2010-01-25 00:00:00+00:00,29.87506675720215,26.416179180145264,True,True
2010-01-26 00:00:00+00:00,29.76820182800293,26.466348733901977,True,True
2010-01-27 00:00:00+00:00,29.852153778076172,26.509977178573607,True,True
2010-01-28 00:00:00+00:00,29.53921127319336,26.553723182678223,True,True
2010-01-29 00:00:00+00:00,29.17283821105957,26.598624534606934,True,True
2010-02-01 00:00:00+00:00,29.668973922729492,26.6398051071167,True,True
2010-02-02 00:00:00+00:00,30.119304656982425,26.681048536300658,True,True
2010-02-03 00:00:00+00:00,29.920869827270508,26.72284358024597,True,True
2010-02-04 00:00:00+00:00,28.920957565307617,26.76987989425659,True,True
2010-02-05 00:00:00+00:00,28.99727439880371,26.808894367218016,True,True
2010-02-08 00:00:00+00:00,28.77592086791992,26.848063774108887,True,True
2010-02-09 00:00:00+00:00,29.218629837036133,26.88491752624512,True,True
2010-02-10 00:00:00+00:00,29.149932861328125,26.92141589164734,True,True
2010-02-11 00:00:00+00:00,29.47051429748535,26.9595730304718,True,True
2010-02-12 00:00:00+00:00,29.44761657714844,26.99978636741638,True,True
2010-02-16 00:00:00+00:00,29.981914520263672,27.036523027420046,True,True
2010-02-17 00:00:00+00:00,30.17274284362793,27.075364446640016,True,True
2010-02-18 00:00:00+00:00,30.378822326660156,27.11459334373474,True,True
2010-02-19 00:00:00+00:00,30.516216278076172,27.149639234542846,True,True
2010-02-22 00:00:00+00:00,30.493314743041992,27.185523195266725,True,True
2010-02-23 00:00:00+00:00,30.058259963989254,27.219025917053223,True,True
2010-02-24 00:00:00+00:00,30.363561630249023,27.2530734539032,True,True
2010-02-25 00:00:00+00:00,30.4169864654541,27.283811864852904,True,True
2010-02-26 00:00:00+00:00,30.39407730102539,27.31836853981018,True,True
2010-03-01 00:00:00+00:00,30.897857666015625,27.3545484828949,True,True
2010-03-02 00:00:00+00:00,30.981822967529297,27.39834741592407,True,True
2010-03-03 00:00:00+00:00,31.08104705810547,27.440488357543945,True,True
2010-03-04 00:00:00+00:00,31.111587524414062,27.48471209526062,True,True
2010-03-05 00:00:00+00:00,31.63824462890625,27.524328498840333,True,True
2010-03-08 00:00:00+00:00,31.699308395385746,27.566351537704467,True,True
2010-03-09 00:00:00+00:00,31.699308395385746,27.609473209381104,True,True
2010-03-10 00:00:00+00:00,31.91303825378418,27.654899349212645,True,True
2010-03-11 00:00:00+00:00,31.996992111206055,27.701620826721193,True,True
2010-03-12 00:00:00+00:00,32.01225662231445,27.7451731300354,True,True
2010-03-15 00:00:00+00:00,31.996992111206055,27.791143980026245,True,True
2010-03-16 00:00:00+00:00,32.325199127197266,27.83541407585144,True,True
2010-03-17 00:00:00+00:00,32.58473205566406,27.8787940120697,True,True
2010-03-18 00:00:00+00:00,32.4397087097168,27.919202737808227,True,True
2010-03-19 00:00:00+00:00,32.27510070800781,27.958886346817017,True,True
2010-03-22 00:00:00+00:00,32.48945617675781,28.000429134368897,True,True
2010-03-23 00:00:00+00:00,32.742088317871094,28.040588121414185,True,True
2010-03-24 00:00:00+00:00,32.49711608886719,28.08204804420471,True,True
2010-03-25 00:00:00+00:00,32.359317779541016,28.12375648498535,True,True
2010-03-26 00:00:00+00:00,32.41289138793945,28.163566999435425,True,True
2010-03-29 00:00:00+00:00,32.67317199707031,28.202323141098024,True,True
2010-03-30 00:00:00+00:00,32.69614791870117,28.24355179786682,True,True
2010-03-31 00:00:00+00:00,32.5889778137207,28.284970922470094,True,True
2010-04-01 00:00:00+00:00,32.85692596435547,28.329480905532836,True,True
2010-04-05 00:00:00+00:00,33.285614013671875,28.377295093536375,True,True
2010-04-06 00:00:00+00:00,33.354530334472656,28.427857160568237,True,True
2010-04-07 00:00:00+00:00,33.1478271484375,28.47838604927063,True,True
2010-04-08 00:00:00+00:00,33.19376754760742,28.527028217315674,True,True
2010-04-09 00:00:00+00:00,33.43872833251953,28.580071296691894,True,True
2010-04-12 00:00:00+00:00,33.49231719970703,28.634377059936522,True,True
2010-04-13 00:00:00+00:00,33.545921325683594,28.687661533355712,True,True
2010-04-14 00:00:00+00:00,33.98225784301758,28.738332090377806,True,True
2010-04-15 00:00:00+00:00,33.98225784301758,28.79160143852234,True,True
2010-04-16 00:00:00+00:00,33.42341995239258,28.84365736961365,True,True
2010-04-19 00:00:00+00:00,33.43107986450195,28.893942956924437,True,True
2010-04-20 00:00:00+00:00,33.88273239135742,28.94350845336914,True,True
2010-04-21 00:00:00+00:00,33.95164108276367,28.999086294174194,True,True
2010-04-22 00:00:00+00:00,34.22722625732422,29.055349941253663,True,True
2010-04-23 00:00:00+00:00,34.5104866027832,29.11564591407776,True,True
2010-04-26 00:00:00+00:00,34.38800048828125,29.177775325775148,True,True
2010-04-27 00:00:00+00:00,33.4616813659668,29.238420124053956,True,True
2010-04-28 00:00:00+00:00,33.645423889160156,29.29481255531311,True,True
2010-04-29 00:00:00+00:00,34.11241149902344,29.34954511642456,True,True
2010-04-30 00:00:00+00:00,33.454044342041016,29.40539917945862,True,True
2010-05-03 00:00:00+00:00,33.94398498535156,29.45432104110718,True,True
2010-05-04 00:00:00+00:00,33.02534103393555,29.50436544418335,True,True
2010-05-05 00:00:00+00:00,32.78036880493164,29.550082025527953,True,True
2010-05-06 00:00:00+00:00,31.578474044799805,29.5926398563385,True,True
2010-05-07 00:00:00+00:00,31.07321548461914,29.62926404953003,True,True
2010-05-10 00:00:00+00:00,32.68085479736328,29.66298273086548,True,True
2010-05-11 00:00:00+00:00,32.56603240966797,29.701326847076416,True,True
2010-05-12 00:00:00+00:00,33.16313552856445,29.738148851394655,True,True
2010-05-13 00:00:00+00:00,32.75738525390625,29.777122068405152,True,True
2010-05-14 00:00:00+00:00,32.06074523925781,29.81452160835266,True,True
2010-05-17 00:00:00+00:00,32.09137725830078,29.849272203445434,True,True
2010-05-18 00:00:00+00:00,31.670331954956055,29.882204122543335,True,True
2010-05-19 00:00:00+00:00,31.38710021972656,29.912992858886717,True,True
2010-05-20 00:00:00+00:00,30.13926887512207,29.93967315673828,True,True
2010-05-21 00:00:00+00:00,30.636852264404297,29.95931797027588,True,True
2010-05-24 00:00:00+00:00,30.246437072753903,29.98167820930481,True,True
2010-05-25 00:00:00+00:00,30.330636978149418,30.002768926620483,True,True
2010-05-26 00:00:00+00:00,30.23879051208496,30.021284999847413,True,True
2010-05-27 00:00:00+00:00,31.36412239074707,30.040062284469606,True,True
2010-05-28 00:00:00+00:00,30.98900604248047,30.06624846458435,True,True
2010-06-01 00:00:00+00:00,30.23879051208496,30.088738889694213,True,True
2010-06-02 00:00:00+00:00,31.134450912475582,30.106151065826417,True,True
2010-06-03 00:00:00+00:00,31.31818962097168,30.12978585243225,True,True
2010-06-04 00:00:00+00:00,30.047393798828125,30.158055505752564,False,True
2010-06-07 00:00:00+00:00,29.557449340820312,30.17845435142517,False,False
2010-06-08 00:00:00+00:00,29.83304214477539,30.19549341201782,False,False
2010-06-09 00:00:00+00:00,29.802425384521484,30.212393636703492,False,False
2010-06-10 00:00:00+00:00,30.820575714111328,30.2263347530365,True,False
2010-06-11 00:00:00+00:00,31.02726173400879,30.245745782852172,True,True
2010-06-14 00:00:00+00:00,31.02726173400879,30.265431861877442,True,True
2010-06-15 00:00:00+00:00,31.815797805786133,30.2847008228302,True,True
2010-06-16 00:00:00+00:00,31.785167694091797,30.307684926986695,True,True
2010-06-17 00:00:00+00:00,31.785167694091797,30.33002285003662,True,True
2010-06-18 00:00:00+00:00,31.78439140319824,30.35418097496033,True,True
2010-06-21 00:00:00+00:00,31.638463973999023,30.3820135307312,True,True
2010-06-22 00:00:00+00:00,31.04701042175293,30.409761047363283,True,True
2010-06-23 00:00:00+00:00,30.9625301361084,30.43269320487976,True,True
2010-06-24 00:00:00+00:00,30.386425018310547,30.45364824295044,False,True
2010-06-25 00:00:00+00:00,30.56310653686523,30.470168075561524,True,False
2010-06-28 00:00:00+00:00,30.470924377441406,30.485751066207886,False,True
2010-06-29 00:00:00+00:00,29.372535705566406,30.49905303955078,False,False
2010-06-30 00:00:00+00:00,29.034557342529297,30.50674933433533,False,False
2010-07-01 00:00:00+00:00,28.97312355041504,30.511542282104493,False,False
2010-07-02 00:00:00+00:00,28.79645538330078,30.514738759994508,False,False
2010-07-06 00:00:00+00:00,28.87325859069824,30.514283714294432,False,False
2010-07-07 00:00:00+00:00,29.8487548828125,30.51508483886719,False,False
2010-07-08 00:00:00+00:00,30.1560001373291,30.52057327270508,False,False
2010-07-09 00:00:00+00:00,30.43252182006836,30.527978372573852,False,False
2010-07-12 00:00:00+00:00,30.371070861816406,30.535776996612547,False,False
2010-07-13 00:00:00+00:00,30.954845428466797,30.544866094589235,True,False
2010-07-14 00:00:00+00:00,30.893386840820312,30.559232587814332,True,True
2010-07-15 00:00:00+00:00,30.947160720825195,30.574356870651243,True,True
2010-07-16 00:00:00+00:00,29.97165298461914,30.586858959197997,False,True
2010-07-19 00:00:00+00:00,30.20975875854492,30.59436940193176,False,False
2010-07-20 00:00:00+00:00,30.655282974243164,30.603526887893675,True,False
2010-07-21 00:00:00+00:00,30.186729431152344,30.619438734054565,False,True
2010-07-22 00:00:00+00:00,30.947160720825195,30.633768672943116,True,False
2010-07-23 00:00:00+00:00,31.323522567749023,30.649542255401613,True,True
2010-07-26 00:00:00+00:00,31.7536678314209,30.665219554901125,True,True
2010-07-27 00:00:00+00:00,31.57699203491211,30.682781238555908,True,True
2010-07-28 00:00:00+00:00,31.29279327392578,30.697747735977174,True,True
2010-07-29 00:00:00+00:00,31.139179229736328,30.710570449829103,True,True
2010-07-30 00:00:00+00:00,31.169910430908203,30.722016468048096,True,True
2010-08-02 00:00:00+00:00,31.868886947631836,30.733920488357544,True,True
2010-08-03 00:00:00+00:00,31.607738494873047,30.74665654182434,True,True
2010-08-04 00:00:00+00:00,31.884254455566406,30.757592334747315,True,True
2010-08-05 00:00:00+00:00,31.838171005249023,30.77116602897644,True,True
2010-08-06 00:00:00+00:00,31.692216873168945,30.78302577972412,True,True
2010-08-09 00:00:00+00:00,31.91497230529785,30.795220880508424,True,True
2010-08-10 00:00:00+00:00,31.6615047454834,30.81005135536194,True,True
2010-08-11 00:00:00+00:00,30.67062759399414,30.821636352539063,False,True
2010-08-12 00:00:00+00:00,30.48629570007324,30.83054938316345,False,False
2010-08-13 00:00:00+00:00,30.378761291503903,30.840404748916626,False,False
2010-08-16 00:00:00+00:00,30.35572052001953,30.850939798355103,False,False
2010-08-17 00:00:00+00:00,30.854976654052734,30.865239810943603,False,False
2010-08-18 00:00:00+00:00,30.91643524169922,30.87865041732788,True,False
2010-08-19 00:00:00+00:00,30.378761291503903,30.896590843200684,False,True
2010-08-20 00:00:00+00:00,30.31731414794922,30.911006059646606,False,False
2010-08-23 00:00:00+00:00,30.163686752319336,30.923896713256838,False,False
2010-08-24 00:00:00+00:00,29.718172073364254,30.936247425079344,False,False
2010-08-25 00:00:00+00:00,29.833398818969727,30.943251256942748,False,False
2010-08-26 00:00:00+00:00,29.641374588012695,30.950640954971313,False,False
2010-08-27 00:00:00+00:00,30.179054260253903,30.953304567337035,False,False
2010-08-30 00:00:00+00:00,29.69513702392578,30.959227209091186,False,False
2010-08-31 00:00:00+00:00,29.68745231628418,30.961855316162108,False,False
2010-09-01 00:00:00+00:00,30.616870880126953,30.96623288154602,False,False
2010-09-02 00:00:00+00:00,31.016298294067383,30.974344606399537,True,False
2010-09-03 00:00:00+00:00,31.454105377197266,30.982094993591307,True,True
2010-09-07 00:00:00+00:00,31.054697036743164,30.991996297836305,True,True
2010-09-08 00:00:00+00:00,31.262086868286133,31.00031903266907,True,True
2010-09-09 00:00:00+00:00,31.369617462158203,31.01199914932251,True,True
2010-09-10 00:00:00+00:00,31.538593292236328,31.024939756393433,True,True
2010-09-13 00:00:00+00:00,31.91497230529785,31.03712749481201,True,True
2010-09-14 00:00:00+00:00,31.92264938354492,31.051235160827638,True,True
2010-09-15 00:00:00+00:00,32.030189514160156,31.064201965332032,True,True
2010-09-16 00:00:00+00:00,31.961061477661133,31.08063566207886,True,True
2010-09-17 00:00:00+00:00,32.001976013183594,31.096229133605956,True,True
2010-09-20 00:00:00+00:00,32.58860397338867,31.110201244354247,True,True
2010-09-21 00:00:00+00:00,32.41878890991211,31.126269607543946,True,True
2010-09-22 00:00:00+00:00,32.20265197753906,31.142972450256348,True,True
2010-09-23 00:00:00+00:00,31.955656051635746,31.157111053466796,True,True
2010-09-24 00:00:00+00:00,32.6966552734375,31.170128765106202,True,True
2010-09-27 00:00:00+00:00,32.57316970825195,31.188106813430785,True,True
2010-09-28 00:00:00+00:00,32.804718017578125,31.205201168060302,True,True
2010-09-29 00:00:00+00:00,32.766136169433594,31.222388124465944,True,True
2010-09-30 00:00:00+00:00,32.712100982666016,31.238507232666016,True,True
2010-10-01 00:00:00+00:00,32.804718017578125,31.252492179870604,True,True
2010-10-04 00:00:00+00:00,32.54228210449219,31.267548856735228,True,True
2010-10-05 00:00:00+00:00,33.236976623535156,31.28064672470093,True,True
2010-10-06 00:00:00+00:00,33.12118148803711,31.299044008255006,True,True
2010-10-07 00:00:00+00:00,33.10575485229492,31.316228685379027,True,True
2010-10-08 00:00:00+00:00,33.3604736328125,31.33138988494873,True,True
2010-10-11 00:00:00+00:00,33.453094482421875,31.347061405181886,True,True
2010-10-12 00:00:00+00:00,33.56887435913086,31.362241945266724,True,True
2010-10-13 00:00:00+00:00,33.83904266357422,31.377238063812257,True,True
2010-10-14 00:00:00+00:00,33.669212341308594,31.39354684829712,True,True
2010-10-15 00:00:00+00:00,33.70009994506836,31.409388179779054,True,True
2010-10-18 00:00:00+00:00,33.815887451171875,31.425345840454103,True,True
2010-10-19 00:00:00+00:00,33.3218879699707,31.443561563491823,True,True
2010-10-20 00:00:00+00:00,33.65377426147461,31.45682662010193,True,True
2010-10-21 00:00:00+00:00,33.67693328857422,31.47087335586548,True,True
2010-10-22 00:00:00+00:00,33.80043411254883,31.48446340560913,True,True
2010-10-25 00:00:00+00:00,33.923946380615234,31.497907638549805,True,True
2010-10-26 00:00:00+00:00,33.862186431884766,31.511435203552246,True,True
2010-10-27 00:00:00+00:00,33.77729415893555,31.52453945159912,True,True
2010-10-28 00:00:00+00:00,33.75413513183594,31.53901288986206,True,True
2010-10-29 00:00:00+00:00,33.877628326416016,31.551729488372803,True,True
2010-11-01 00:00:00+00:00,33.82360076904297,31.564834547042846,True,True
2010-11-02 00:00:00+00:00,34.147804260253906,31.579501399993898,True,True
2010-11-03 00:00:00+00:00,34.23268508911133,31.59361391067505,True,True
2010-11-04 00:00:00+00:00,34.92738342285156,31.610020923614503,True,True
2010-11-05 00:00:00+00:00,35.10490417480469,31.632496538162233,True,True
2010-11-08 00:00:00+00:00,35.06632614135742,31.65956169128418,True,True
2010-11-09 00:00:00+00:00,34.71896743774414,31.685517988204957,True,True
2010-11-10 00:00:00+00:00,34.86561584472656,31.710271816253663,True,True
2010-11-11 00:00:00+00:00,34.85020065307617,31.735339126586915,True,True
2010-11-12 00:00:00+00:00,34.3870735168457,31.761894073486328,True,True
2010-11-15 00:00:00+00:00,34.33305358886719,31.787965250015258,True,True
2010-11-16 00:00:00+00:00,33.74641036987305,31.811285648345947,True,True
2010-11-17 00:00:00+00:00,33.82360076904297,31.8294211769104,True,True
2010-11-18 00:00:00+00:00,34.309871673583984,31.848934831619264,True,True
2010-11-19 00:00:00+00:00,34.47195053100586,31.875879402160646,True,True
2010-11-22 00:00:00+00:00,34.5260009765625,31.903252782821657,True,True
2010-11-23 00:00:00+00:00,34.04745101928711,31.93200318336487,True,True
2010-11-24 00:00:00+00:00,34.634063720703125,31.956147289276124,True,True
2010-11-26 00:00:00+00:00,34.37934875488281,31.983567943572996,True,True
2010-11-29 00:00:00+00:00,34.29443359375,32.00811211585999,True,True
2010-11-30 00:00:00+00:00,34.15549850463867,32.032346200942996,True,True
2010-12-01 00:00:00+00:00,34.919673919677734,32.053214120864865,True,True
2010-12-02 00:00:00+00:00,35.42909622192383,32.07694877624512,True,True
2010-12-03 00:00:00+00:00,35.56803512573242,32.10220014572143,True,True
2010-12-06 00:00:00+00:00,35.544891357421875,32.12745923995972,True,True
2010-12-07 00:00:00+00:00,35.5526008605957,32.152717123031614,True,True
2010-12-08 00:00:00+00:00,35.645233154296875,32.18018882751465,True,True
2010-12-09 00:00:00+00:00,35.799591064453125,32.20659718513489,True,True
2010-12-10 00:00:00+00:00,36.03115463256836,32.233510208129886,True,True
2010-12-13 00:00:00+00:00,35.97713851928711,32.2616955947876,True,True
2010-12-14 00:00:00+00:00,35.97713851928711,32.287091999053956,True,True
2010-12-15 00:00:00+00:00,35.83047103881836,32.31206857681274,True,True
2010-12-16 00:00:00+00:00,36.08519744873047,32.33581569671631,True,True
2010-12-17 00:00:00+00:00,36.21754837036133,32.36068374633789,True,True
2010-12-20 00:00:00+00:00,36.33366775512695,32.38358026504517,True,True
2010-12-21 00:00:00+00:00,36.58910369873047,32.406752061843875,True,True
2010-12-22 00:00:00+00:00,36.67424392700195,32.4312010383606,True,True
2010-12-23 00:00:00+00:00,36.58910369873047,32.45500706672669,True,True
2010-12-27 00:00:00+00:00,36.61231994628906,32.47796762466431,True,True
2010-12-28 00:00:00+00:00,36.61231994628906,32.50096794128418,True,True
2010-12-29 00:00:00+00:00,36.6277961730957,32.524044580459595,True,True
2010-12-30 00:00:00+00:00,36.6432991027832,32.54555756568909,True,True
2010-12-31 00:00:00+00:00,36.62005615234375,32.56585040092468,True,True
2011-01-03 00:00:00+00:00,36.99160385131836,32.58675213813782,True,True
2011-01-04 00:00:00+00:00,36.813575744628906,32.61033465385437,True,True
2011-01-05 00:00:00+00:00,37.007080078125,32.631955251693725,True,True
2011-01-06 00:00:00+00:00,36.92967987060547,32.653280210495,True,True
2011-01-07 00:00:00+00:00,36.86001205444336,32.67544302940369,True,True
2011-01-10 00:00:00+00:00,36.84453201293945,32.6979465007782,True,True
2011-01-11 00:00:00+00:00,37.022586822509766,32.720104703903196,True,True
2011-01-12 00:00:00+00:00,37.363155364990234,32.741851778030394,True,True
2011-01-13 00:00:00+00:00,37.31669616699219,32.76518681526184,True,True
2011-01-14 00:00:00+00:00,37.533443450927734,32.7888254070282,True,True
2011-01-18 00:00:00+00:00,37.69597244262695,32.81220799446106,True,True
2011-01-19 00:00:00+00:00,37.200584411621094,32.834259786605834,True,True
2011-01-20 00:00:00+00:00,37.1231803894043,32.853490056991575,True,True
2011-01-21 00:00:00+00:00,37.13093185424805,32.87336682319641,True,True
2011-01-24 00:00:00+00:00,37.370880126953125,32.893052644729615,True,True
2011-01-25 00:00:00+00:00,37.34764862060547,32.91271340370178,True,True
2011-01-26 00:00:00+00:00,37.62632369995117,32.93199006080627,True,True
2011-01-27 00:00:00+00:00,37.80434036254883,32.95239207267761,True,True
2011-01-28 00:00:00+00:00,37.05352020263672,32.971502485275266,True,True
2011-01-31 00:00:00+00:00,37.39409255981445,32.98685879707337,True,True
2011-02-01 00:00:00+00:00,37.92819595336914,33.006712160110474,True,True
2011-02-02 00:00:00+00:00,37.8585319519043,33.02919774055481,True,True
2011-02-03 00:00:00+00:00,38.059776306152344,33.04907673835754,True,True
2011-02-04 00:00:00+00:00,38.2378044128418,33.069617414474486,True,True
2011-02-07 00:00:00+00:00,38.48551177978515,33.08967030525208,True,True
2011-02-08 00:00:00+00:00,38.64805603027344,33.109545431137086,True,True
2011-02-09 00:00:00+00:00,38.55518341064453,33.13084570884705,True,True
2011-02-10 00:00:00+00:00,38.66352844238281,33.156313219070434,True,True
2011-02-11 00:00:00+00:00,38.96540832519531,33.18140374183655,True,True
2011-02-14 00:00:00+00:00,39.02734375,33.205668725967406,True,True
2011-02-15 00:00:00+00:00,38.88800811767578,33.2335352230072,True,True
2011-02-16 00:00:00+00:00,39.20536422729492,33.258255338668825,True,True
2011-02-17 00:00:00+00:00,39.391136169433594,33.28915545463562,True,True
2011-02-18 00:00:00+00:00,39.43758392333984,33.32220929145813,True,True
2011-02-22 00:00:00+00:00,38.50873565673828,33.36150484085083,True,True
2011-02-23 00:00:00+00:00,38.160400390625,33.39868244171143,True,True
2011-02-24 00:00:00+00:00,38.17588806152344,33.42608016967773,True,True
2011-02-25 00:00:00+00:00,38.70998001098633,33.454129447937014,True,True
2011-02-28 00:00:00+00:00,38.89574432373047,33.48186367034912,True,True
2011-03-01 00:00:00+00:00,38.21458053588867,33.51255546569824,True,True
2011-03-02 00:00:00+00:00,38.330711364746094,33.543324642181396,True,True
2011-03-03 00:00:00+00:00,39.02734375,33.57452131271362,True,True
2011-03-04 00:00:00+00:00,38.77190399169922,33.61130637168884,True,True
2011-03-07 00:00:00+00:00,38.39263153076172,33.648230390548704,True,True
2011-03-08 00:00:00+00:00,38.74868392944336,33.6894972038269,True,True
2011-03-09 00:00:00+00:00,38.67901611328125,33.7300563621521,True,True
2011-03-10 00:00:00+00:00,37.93593978881836,33.772219257354735,True,True
2011-03-11 00:00:00+00:00,38.29199981689453,33.810245771408084,True,True
2011-03-14 00:00:00+00:00,38.05204391479492,33.85051181793213,True,True
2011-03-15 00:00:00+00:00,37.70371627807617,33.88395142555237,True,True
2011-03-16 00:00:00+00:00,37.07674789428711,33.91752497673035,True,True
2011-03-17 00:00:00+00:00,37.47924041748047,33.951714763641355,True,True
2011-03-18 00:00:00+00:00,37.70463562011719,33.98343871116638,True,True
2011-03-21 00:00:00+00:00,38.25651550292969,34.01537094116211,True,True
2011-03-22 00:00:00+00:00,38.077728271484375,34.056416549682616,True,True
2011-03-23 00:00:00+00:00,38.22541809082031,34.09901794433594,True,True
2011-03-24 00:00:00+00:00,38.637351989746094,34.140979824066164,True,True
2011-03-25 00:00:00+00:00,38.77726745605469,34.18515445709229,True,True
2011-03-28 00:00:00+00:00,38.6218147277832,34.224937915802,True,True
2011-03-29 00:00:00+00:00,38.886077880859375,34.26291068077087,True,True
2011-03-30 00:00:00+00:00,39.25138092041016,34.30220476150512,True,True
2011-03-31 00:00:00+00:00,39.22029495239258,34.33938267707825,True,True
2011-04-01 00:00:00+00:00,39.42238998413086,34.37655831336975,True,True
2011-04-04 00:00:00+00:00,39.43015670776367,34.41474442481994,True,True
2011-04-05 00:00:00+00:00,39.53119659423828,34.452973251342776,True,True
2011-04-06 00:00:00+00:00,39.61669921875,34.49243691444397,True,True
2011-04-07 00:00:00+00:00,39.53119659423828,34.53528535842896,True,True
2011-04-08 00:00:00+00:00,39.29023742675781,34.5781286907196,True,True
2011-04-11 00:00:00+00:00,39.13480758666992,34.62264775276184,True,True
2011-04-12 00:00:00+00:00,38.87831497192383,34.665506258010865,True,True
2011-04-13 00:00:00+00:00,38.91717147827149,34.707543210983275,True,True
2011-04-14 00:00:00+00:00,38.96380233764648,34.7552663898468,True,True
2011-04-15 00:00:00+00:00,39.22029495239258,34.804912614822385,True,True
2011-04-18 00:00:00+00:00,38.73062896728515,34.85614847183228,True,True
2011-04-19 00:00:00+00:00,38.932716369628906,34.9058193397522,True,True
2011-04-20 00:00:00+00:00,39.546749114990234,34.95611662864685,True,True
2011-04-21 00:00:00+00:00,39.764381408691406,35.00460659980774,True,True
2011-04-25 00:00:00+00:00,39.7099723815918,35.05264850616455,True,True
2011-04-26 00:00:00+00:00,40.02865219116211,35.09903575897217,True,True
2011-04-27 00:00:00+00:00,40.23072052001953,35.1473236656189,True,True
2011-04-28 00:00:00+00:00,40.370643615722656,35.19370304107666,True,True
2011-04-29 00:00:00+00:00,40.44837951660156,35.24108932495117,True,True
2011-05-02 00:00:00+00:00,40.370643615722656,35.28859541893005,True,True
2011-05-03 00:00:00+00:00,40.145233154296875,35.34059037208557,True,True
2011-05-04 00:00:00+00:00,39.8576545715332,35.39026774406433,True,True
2011-05-05 00:00:00+00:00,39.65557098388672,35.43627960205078,True,True
2011-05-06 00:00:00+00:00,39.81877517700195,35.48362380981445,True,True
2011-05-09 00:00:00+00:00,40.02865219116211,35.52798188209534,True,True
2011-05-10 00:00:00+00:00,40.471675872802734,35.5715075302124,True,True
2011-05-11 00:00:00+00:00,40.04419708251953,35.61509757041931,True,True
2011-05-12 00:00:00+00:00,40.308467864990234,35.65743359565735,True,True
2011-05-13 00:00:00+00:00,39.9742546081543,35.70251196861267,True,True
2011-05-16 00:00:00+00:00,39.741058349609375,35.74668734550476,True,True
2011-05-17 00:00:00+00:00,39.67110824584961,35.789543085098266,True,True
2011-05-18 00:00:00+00:00,40.08306121826172,35.828554191589355,True,True
2011-05-19 00:00:00+00:00,40.18409729003906,35.8709308052063,True,True
2011-05-20 00:00:00+00:00,39.90428924560547,35.91243001937866,True,True
2011-05-23 00:00:00+00:00,39.375755310058594,35.95276061058044,True,True
2011-05-24 00:00:00+00:00,39.313575744628906,35.991178302764894,True,True
2011-05-25 00:00:00+00:00,39.44570541381836,36.02817131996155,True,True
2011-05-26 00:00:00+00:00,39.66333770751953,36.06709232330322,True,True
2011-05-27 00:00:00+00:00,39.8576545715332,36.11205587387085,True,True
2011-05-31 00:00:00+00:00,40.199649810791016,36.15891266822815,True,True
2011-06-01 00:00:00+00:00,39.25138092041016,36.208017110824585,True,True
2011-06-02 00:00:00+00:00,39.2125358581543,36.25249541282654,True,True
2011-06-03 00:00:00+00:00,38.72286605834961,36.29428320884705,True,True
2011-06-06 00:00:00+00:00,38.22541809082031,36.3333153629303,True,True
2011-06-07 00:00:00+00:00,38.31869125366211,36.37254864692688,True,True
2011-06-08 00:00:00+00:00,38.03886795043945,36.41255553245544,True,True
2011-06-09 00:00:00+00:00,38.31869125366211,36.451931438446046,True,True
2011-06-10 00:00:00+00:00,37.75130462646485,36.49493403434754,True,True
2011-06-13 00:00:00+00:00,37.72796249389648,36.53452356338501,True,True
2011-06-14 00:00:00+00:00,38.33424377441406,36.57495650291443,True,True
2011-06-15 00:00:00+00:00,37.650245666503906,36.61573245048523,True,True
2011-06-16 00:00:00+00:00,37.650245666503906,36.65550799369812,True,True
2011-06-17 00:00:00+00:00,37.814022064208984,36.69532196044922,True,True
2011-06-20 00:00:00+00:00,38.07135009765625,36.73130771636963,True,True
2011-06-21 00:00:00+00:00,38.679630279541016,36.76658297538757,True,True
2011-06-22 00:00:00+00:00,38.46126556396485,36.80271059989929,True,True
2011-06-23 00:00:00+00:00,38.383296966552734,36.8397434425354,True,True
2011-06-24 00:00:00+00:00,37.96218490600586,36.87534949302673,True,True
2011-06-27 00:00:00+00:00,38.21952438354492,36.90831233024597,True,True
2011-06-28 00:00:00+00:00,38.76540756225586,36.94171698570251,True,True
2011-06-29 00:00:00+00:00,39.10853576660156,36.97596916198731,True,True
2011-06-30 00:00:00+00:00,39.47505569458008,37.011898593902586,True,True
2011-07-01 00:00:00+00:00,40.07552337646485,37.049122924804685,True,True
2011-07-05 00:00:00+00:00,39.98195266723633,37.08969523429871,True,True
2011-07-06 00:00:00+00:00,40.00533676147461,37.12959511756897,True,True
2011-07-07 00:00:00+00:00,40.488826751708984,37.1666787815094,True,True
2011-07-08 00:00:00+00:00,40.13011169433594,37.20702897071838,True,True
2011-07-11 00:00:00+00:00,39.280086517333984,37.24666626930237,True,True
2011-07-12 00:00:00+00:00,39.1163330078125,37.28328842163086,True,True
2011-07-13 00:00:00+00:00,39.20210266113281,37.31538681030273,True,True
2011-07-14 00:00:00+00:00,38.804386138916016,37.34853147506714,True,True
2011-07-15 00:00:00+00:00,39.02275466918945,37.37852981567383,True,True
2011-07-18 00:00:00+00:00,38.55485153198242,37.409812908172604,True,True
2011-07-19 00:00:00+00:00,39.23331832885742,37.43902666091919,True,True
2011-07-20 00:00:00+00:00,39.21770858764648,37.47116966247559,True,True
2011-07-21 00:00:00+00:00,39.73239517211914,37.504546794891354,True,True
2011-07-22 00:00:00+00:00,39.77136993408203,37.53702388763428,True,True
2011-07-25 00:00:00+00:00,39.5218391418457,37.5702748298645,True,True
2011-07-26 00:00:00+00:00,39.342472076416016,37.602355251312254,True,True
2011-07-27 00:00:00+00:00,38.40667724609375,37.63226524353027,True,True
2011-07-28 00:00:00+00:00,38.23512268066406,37.657033157348636,True,True
2011-07-29 00:00:00+00:00,38.04795837402344,37.6803643989563,True,True
2011-08-01 00:00:00+00:00,37.7594108581543,37.70140897750854,True,True
2011-08-02 00:00:00+00:00,36.613075256347656,37.72185997009277,False,True
2011-08-03 00:00:00+00:00,36.839210510253906,37.73642484664917,False,False
2011-08-04 00:00:00+00:00,34.88964080810547,37.75154146194458,False,False
2011-08-05 00:00:00+00:00,34.757076263427734,37.75938022613526,False,False
2011-08-08 00:00:00+00:00,32.207027435302734,37.76489673614502,False,False
2011-08-09 00:00:00+00:00,33.83686828613281,37.75754720687866,False,False
2011-08-10 00:00:00+00:00,32.38639831542969,37.757729377746585,False,False
2011-08-11 00:00:00+00:00,34.04742431640625,37.75004163742065,False,False
2011-08-12 00:00:00+00:00,34.23457717895508,37.750967826843265,False,False
2011-08-15 00:00:00+00:00,35.06901931762695,37.75325424194336,False,False
2011-08-16 00:00:00+00:00,34.65568161010742,37.759828662872316,False,False
2011-08-17 00:00:00+00:00,34.59331512451172,37.763718929290775,False,False
2011-08-18 00:00:00+00:00,32.91666793823242,37.767567501068115,False,False
2011-08-19 00:00:00+00:00,32.37078857421875,37.761411819458004,False,False
2011-08-22 00:00:00+00:00,32.41758728027344,37.752102336883546,False,False
2011-08-23 00:00:00+00:00,33.595130920410156,37.73955335617065,False,False
2011-08-24 00:00:00+00:00,34.10202407836914,37.732004489898685,False,False
2011-08-25 00:00:00+00:00,33.45476531982422,37.72718297958374,False,False
2011-08-26 00:00:00+00:00,34.05523681640625,37.72086196899414,False,False
2011-08-29 00:00:00+00:00,35.232784271240234,37.71681007385254,False,False
2011-08-30 00:00:00+00:00,35.38092803955078,37.71872299194336,False,False
2011-08-31 00:00:00+00:00,35.630489349365234,37.72369226455689,False,False
2011-09-01 00:00:00+00:00,35.139190673828125,37.730179443359376,False,False
2011-09-02 00:00:00+00:00,34.11760711669922,37.73714334487915,False,False
2011-09-06 00:00:00+00:00,33.89146423339844,37.73861337661743,False,False
2011-09-07 00:00:00+00:00,35.022212982177734,37.736521339416505,False,False
2011-09-08 00:00:00+00:00,34.5543212890625,37.739272651672366,False,False
2011-09-09 00:00:00+00:00,33.6107177734375,37.73941425323486,False,False
2011-09-12 00:00:00+00:00,33.8212776184082,37.73723058700561,False,False
2011-09-13 00:00:00+00:00,34.22679138183594,37.73316665649414,False,False
2011-09-14 00:00:00+00:00,34.757076263427734,37.732403869628904,False,False
2011-09-15 00:00:00+00:00,35.33415603637695,37.7347170829773,False,False
2011-09-16 00:00:00+00:00,35.482879638671875,37.740610370635984,False,False
2011-09-19 00:00:00+00:00,35.021034240722656,37.743426399230955,False,False
2011-09-20 00:00:00+00:00,34.87230682373047,37.74138608932495,False,False
2011-09-21 00:00:00+00:00,33.63555908203125,37.73790744781494,False,False
2011-09-22 00:00:00+00:00,32.51618194580078,37.72836078643799,False,False
2011-09-23 00:00:00+00:00,32.743194580078125,37.713178691864016,False,False
2011-09-26 00:00:00+00:00,33.5572624206543,37.69866849899292,False,False
2011-09-27 00:00:00+00:00,34.01127624511719,37.687456855773924,False,False
2011-09-28 00:00:00+00:00,33.07194137573242,37.67735746383667,False,False
2011-09-29 00:00:00+00:00,33.34592819213867,37.662831478118896,False,False
2011-09-30 00:00:00+00:00,32.40659713745117,37.64967542648316,False,False
2011-10-03 00:00:00+00:00,31.22461700439453,37.63255605697632,False,False
2011-10-04 00:00:00+00:00,32.14045715332031,37.608253154754635,False,False
2011-10-05 00:00:00+00:00,32.868431091308594,37.587867698669434,False,False
2011-10-06 00:00:00+00:00,33.6276969909668,37.57054151535034,False,False
2011-10-07 00:00:00+00:00,33.25197982788086,37.55573448181153,False,False
2011-10-10 00:00:00+00:00,34.41048812866211,37.53862316131592,False,False
2011-10-11 00:00:00+00:00,34.45745086669922,37.52773008346558,False,False
2011-10-12 00:00:00+00:00,34.82535171508789,37.51695573806763,False,False
2011-10-13 00:00:00+00:00,34.723594665527344,37.508020896911624,False,False
2011-10-14 00:00:00+00:00,35.326316833496094,37.49849988937378,False,False
2011-10-17 00:00:00+00:00,34.52006149291992,37.491914978027346,False,False
2011-10-18 00:00:00+00:00,35.34196853637695,37.48141500473022,False,False
2011-10-19 00:00:00+00:00,34.89580154418945,37.47316682815552,False,False
2011-10-20 00:00:00+00:00,35.06018829345703,37.46357795715332,False,False
2011-10-21 00:00:00+00:00,35.905555725097656,37.45384349822998,False,False
2011-10-24 00:00:00+00:00,36.578731536865234,37.44872287750244,False,False
2011-10-25 00:00:00+00:00,35.749019622802734,37.44731647491455,False,False
2011-10-26 00:00:00+00:00,36.1403923034668,37.44183891296387,False,False
2011-10-27 00:00:00+00:00,37.60417556762695,37.43742794036865,True,False
2011-10-28 00:00:00+00:00,37.62765884399414,37.438633041381834,True,True
2011-10-31 00:00:00+00:00,36.64136505126953,37.44018785476685,False,True
2011-11-01 00:00:00+00:00,35.506351470947266,37.435727462768554,False,False
2011-11-02 00:00:00+00:00,36.17952346801758,37.424779357910154,False,False
2011-11-03 00:00:00+00:00,36.89968490600586,37.41967405319214,False,False
2011-11-04 00:00:00+00:00,36.758792877197266,37.41855657577515,False,False
2011-11-07 00:00:00+00:00,36.93098831176758,37.41669588088989,False,False
2011-11-08 00:00:00+00:00,37.34585952758789,37.414496421813965,False,False
2011-11-09 00:00:00+00:00,35.81162643432617,37.414487476348874,False,False
2011-11-10 00:00:00+00:00,36.13257598876953,37.405413990020755,False,False
2011-11-11 00:00:00+00:00,36.93098831176758,37.39705516815186,False,False
2011-11-14 00:00:00+00:00,36.59440231323242,37.39644250869751,False,False
2011-11-15 00:00:00+00:00,36.75095748901367,37.3924440574646,False,False
2011-11-16 00:00:00+00:00,36.11691665649414,37.38655786514282,False,False
2011-11-17 00:00:00+00:00,35.4359016418457,37.37784978866577,False,False
2011-11-18 00:00:00+00:00,35.36545181274414,37.36473041534424,False,False
2011-11-21 00:00:00+00:00,34.71574401855469,37.35036865234375,False,False
2011-11-22 00:00:00+00:00,34.52006149291992,37.3315198135376,False,False
2011-11-23 00:00:00+00:00,33.69816589355469,37.31087984085083,False,False
2011-11-25 00:00:00+00:00,33.6276969909668,37.28659475326538,False,False
2011-11-28 00:00:00+00:00,34.6844482421875,37.2614155960083,False,False
2011-11-29 00:00:00+00:00,34.75490188598633,37.240010795593264,False,False
2011-11-30 00:00:00+00:00,36.32042694091797,37.21864858627319,False,False
2011-12-01 00:00:00+00:00,36.29695892333984,37.205810680389405,False,False
2011-12-02 00:00:00+00:00,36.25782012939453,37.19126865386963,False,False
2011-12-05 00:00:00+00:00,36.68833923339844,37.17560207366943,False,False
2011-12-06 00:00:00+00:00,36.66487121582031,37.16185585021972,False,False
2011-12-07 00:00:00+00:00,36.71183013916016,37.15263652801514,False,False
2011-12-08 00:00:00+00:00,35.78816604614258,37.14539367675781,False,False
2011-12-09 00:00:00+00:00,36.46134185791016,37.13345506668091,False,False
2011-12-12 00:00:00+00:00,35.889923095703125,37.122211875915525,False,False
2011-12-13 00:00:00+00:00,35.34980392456055,37.10718276977539,False,False
2011-12-14 00:00:00+00:00,34.94276809692383,37.09285888671875,False,False
2011-12-15 00:00:00+00:00,35.107147216796875,37.07591917037964,False,False
2011-12-16 00:00:00+00:00,35.19831848144531,37.05631818771362,False,False
2011-12-19 00:00:00+00:00,34.711002349853516,37.03845026016236,False,False
2011-12-20 00:00:00+00:00,35.85859298706055,37.02004211425781,False,False
2011-12-21 00:00:00+00:00,35.992210388183594,37.0055916595459,False,False
2011-12-22 00:00:00+00:00,36.40094375610352,36.99215763092041,False,False
2011-12-23 00:00:00+00:00,36.6917724609375,36.98448265075684,False,False
2011-12-27 00:00:00+00:00,36.676048278808594,36.97648151397705,False,False
2011-12-28 00:00:00+00:00,36.15727233886719,36.96960153579712,False,False
2011-12-29 00:00:00+00:00,36.54243087768555,36.96186931610107,False,False
2011-12-30 00:00:00+00:00,36.37736892700195,36.959197731018065,False,False
2012-01-03 00:00:00+00:00,36.935447692871094,36.953688373565676,False,False
2012-01-04 00:00:00+00:00,36.90400314331055,36.94984243392944,False,False
2012-01-05 00:00:00+00:00,37.053348541259766,36.94307987213135,True,False
2012-01-06 00:00:00+00:00,37.00619888305664,36.93795797348022,True,True
2012-01-09 00:00:00+00:00,37.10836410522461,36.931861877441406,True,True
2012-01-10 00:00:00+00:00,37.58782958984375,36.9242169380188,True,True
2012-01-11 00:00:00+00:00,37.64286422729492,36.91826974868774,True,True
2012-01-12 00:00:00+00:00,37.800086975097656,36.913374996185304,True,True
2012-01-13 00:00:00+00:00,37.572120666503906,36.9079450416565,True,True
2012-01-17 00:00:00+00:00,37.65074157714844,36.89954874038696,True,True
2012-01-18 00:00:00+00:00,38.20094299316406,36.891700973510744,True,True
2012-01-19 00:00:00+00:00,38.49177169799805,36.88559373855591,True,True
2012-01-20 00:00:00+00:00,38.444618225097656,36.88090181350708,True,True
2012-01-23 00:00:00+00:00,38.468204498291016,36.87546892166138,True,True
2012-01-24 00:00:00+00:00,38.53107833862305,36.86972644805908,True,True
2012-01-25 00:00:00+00:00,38.91624069213867,36.86472585678101,True,True
2012-01-26 00:00:00+00:00,38.65685272216797,36.86285587310791,True,True
2012-01-27 00:00:00+00:00,38.672576904296875,36.8604660987854,True,True
2012-01-30 00:00:00+00:00,38.45247650146485,36.85943740844726,True,True
2012-01-31 00:00:00+00:00,38.444618225097656,36.857113933563234,True,True
2012-02-01 00:00:00+00:00,38.94767761230469,36.85451801300049,True,True
2012-02-02 00:00:00+00:00,39.00270080566406,36.85315492630005,True,True
2012-02-03 00:00:00+00:00,39.64724349975586,36.85451528549194,True,True
2012-02-06 00:00:00+00:00,39.5843505859375,36.85808792114258,True,True
2012-02-07 00:00:00+00:00,39.66294860839844,36.858275928497314,True,True
2012-02-08 00:00:00+00:00,39.788726806640625,36.85776876449585,True,True
2012-02-09 00:00:00+00:00,39.83589172363281,36.858162536621094,True,True
2012-02-10 00:00:00+00:00,39.529335021972656,36.85719873428345,True,True
2012-02-13 00:00:00+00:00,39.76515197753906,36.853691806793215,True,True
2012-02-14 00:00:00+00:00,39.70226287841797,36.850664348602294,True,True
2012-02-15 00:00:00+00:00,39.5843505859375,36.84693376541138,True,True
2012-02-16 00:00:00+00:00,40.07957077026367,36.84300230026245,True,True
2012-02-17 00:00:00+00:00,40.18961334228515,36.842673988342284,True,True
2012-02-21 00:00:00+00:00,40.07169342041016,36.844333782196045,True,True
2012-02-22 00:00:00+00:00,39.89091110229492,36.84641439437866,True,True
2012-02-23 00:00:00+00:00,40.12671661376953,36.84677507400513,True,True
2012-02-24 00:00:00+00:00,40.17387008666992,36.84726539611816,True,True
2012-02-27 00:00:00+00:00,40.22103500366211,36.8457763671875,True,True
2012-02-28 00:00:00+00:00,40.260345458984375,36.84666055679321,True,True
2012-02-29 00:00:00+00:00,39.9852294921875,36.846419944763184,True,True
2012-03-01 00:00:00+00:00,40.22889709472656,36.84647481918335,True,True
2012-03-02 00:00:00+00:00,40.040252685546875,36.848914012908935,True,True
2012-03-05 00:00:00+00:00,39.788726806640625,36.850759735107424,True,True
2012-03-06 00:00:00+00:00,39.09702682495117,36.849288063049315,True,True
2012-03-07 00:00:00+00:00,39.41929244995117,36.84385271072388,True,True
2012-03-08 00:00:00+00:00,39.89091110229492,36.84142772674561,True,True
2012-03-09 00:00:00+00:00,40.15814971923828,36.84400350570679,True,True
2012-03-12 00:00:00+00:00,40.05596923828125,36.848226375579834,True,True
2012-03-13 00:00:00+00:00,40.8105583190918,36.85127769470215,True,True
2012-03-14 00:00:00+00:00,40.708377838134766,36.85701379776001,True,True
2012-03-15 00:00:00+00:00,41.03850936889648,36.86126741409302,True,True
2012-03-16 00:00:00+00:00,41.08662796020508,36.86546171188355,True,True
2012-03-19 00:00:00+00:00,41.19705581665039,36.87463794708252,True,True
2012-03-20 00:00:00+00:00,40.991973876953125,36.884560546875,True,True
2012-03-21 00:00:00+00:00,40.94464492797851,36.895906085968015,True,True
2012-03-22 00:00:00+00:00,40.58971405029297,36.90950222015381,True,True
2012-03-23 00:00:00+00:00,40.75533676147461,36.92085733413696,True,True
2012-03-26 00:00:00+00:00,41.268043518066406,36.93443967819214,True,True
2012-03-27 00:00:00+00:00,41.17338943481445,36.94918643951416,True,True
2012-03-28 00:00:00+00:00,40.834224700927734,36.96629686355591,True,True
2012-03-29 00:00:00+00:00,40.79478073120117,36.981828174591065,True,True
2012-03-30 00:00:00+00:00,40.913108825683594,36.994130859375,True,True
2012-04-02 00:00:00+00:00,41.228607177734375,37.0104451751709,True,True
2012-04-03 00:00:00+00:00,41.078739166259766,37.02833698272705,True,True
2012-04-04 00:00:00+00:00,40.60548782348633,37.044660568237305,True,True
2012-04-05 00:00:00+00:00,40.487159729003906,37.057331256866455,True,True
2012-04-09 00:00:00+00:00,39.95869445800781,37.06636890411377,True,True
2012-04-10 00:00:00+00:00,39.225135803222656,37.073856048583984,True,True
2012-04-11 00:00:00+00:00,39.58797454833984,37.07806524276734,True,True
2012-04-12 00:00:00+00:00,40.23476791381836,37.086194190979,True,True
2012-04-13 00:00:00+00:00,39.76150131225586,37.096270408630375,True,True
2012-04-16 00:00:00+00:00,39.769386291503906,37.10125087738037,True,True
2012-04-17 00:00:00+00:00,40.32941436767578,37.10455513000488,True,True
2012-04-18 00:00:00+00:00,40.16376495361328,37.10882692337036,True,True
2012-04-19 00:00:00+00:00,39.99813461303711,37.1092681312561,True,True
2012-04-20 00:00:00+00:00,40.069114685058594,37.10934904098511,True,True
2012-04-23 00:00:00+00:00,39.64320373535156,37.109667930603024,True,True
2012-04-24 00:00:00+00:00,39.79306411743164,37.10543981552124,True,True
2012-04-25 00:00:00+00:00,40.28208541870117,37.10375457763672,True,True
2012-04-26 00:00:00+00:00,40.60548782348633,37.108764572143556,True,True
2012-04-27 00:00:00+00:00,40.72379684448242,37.116210346221926,True,True
2012-04-30 00:00:00+00:00,40.60548782348633,37.12381881713867,True,True
2012-05-01 00:00:00+00:00,40.86576461791992,37.13282432556152,True,True
2012-05-02 00:00:00+00:00,40.75533676147461,37.142039375305174,True,True
2012-05-03 00:00:00+00:00,40.345191955566406,37.15304180145264,True,True
2012-05-04 00:00:00+00:00,39.70629119873047,37.158601169586184,True,True
2012-05-07 00:00:00+00:00,39.66686248779297,37.1610440826416,True,True
2012-05-08 00:00:00+00:00,39.43812561035156,37.16071641921997,True,True
2012-05-09 00:00:00+00:00,39.27246856689453,37.15905019760132,True,True
2012-05-10 00:00:00+00:00,39.2961311340332,37.15780334472656,True,True
2012-05-11 00:00:00+00:00,39.24879837036133,37.15757164001465,True,True
2012-05-14 00:00:00+00:00,38.7834358215332,37.16178224563598,True,True
2012-05-15 00:00:00+00:00,38.50737380981445,37.16452381134033,True,True
2012-05-16 00:00:00+00:00,38.254974365234375,37.16682088851929,True,True
2012-05-17 00:00:00+00:00,37.50563430786133,37.16929870605469,True,True
2012-05-18 00:00:00+00:00,37.15070343017578,37.173761501312256,False,True
2012-05-21 00:00:00+00:00,37.892147064208984,37.17531896591186,True,False
2012-05-22 00:00:00+00:00,37.96311950683594,37.19033149719238,True,True
2012-05-23 00:00:00+00:00,38.08932876586914,37.20636171340942,True,True
2012-05-24 00:00:00+00:00,38.128780364990234,37.235773220062256,True,True
2012-05-25 00:00:00+00:00,38.128780364990234,37.25723278045654,True,True
2012-05-29 00:00:00+00:00,38.594139099121094,37.28594469070435,True,True
2012-05-30 00:00:00+00:00,37.892147064208984,37.30867826461792,True,True
2012-05-31 00:00:00+00:00,37.76593399047851,37.32696611404419,True,True
2012-06-01 00:00:00+00:00,36.716888427734375,37.34045068740845,False,True
2012-06-04 00:00:00+00:00,36.63800811767578,37.35075672149658,False,False
2012-06-05 00:00:00+00:00,37.00083541870117,37.3609801864624,False,False
2012-06-06 00:00:00+00:00,37.8842658996582,37.38140102386475,True,False
2012-06-07 00:00:00+00:00,37.84481430053711,37.408968410491944,True,True
2012-06-08 00:00:00+00:00,38.13664627075195,37.43610454559326,True,True
2012-06-11 00:00:00+00:00,37.552982330322266,37.45881212234497,True,True
2012-06-12 00:00:00+00:00,37.994686126708984,37.47606691360474,True,True
2012-06-13 00:00:00+00:00,37.655513763427734,37.49876651763916,True,True
2012-06-14 00:00:00+00:00,38.034122467041016,37.51676790237427,True,True
2012-06-15 00:00:00+00:00,38.471343994140625,37.53077459335327,True,True
2012-06-18 00:00:00+00:00,38.57431411743164,37.54622667312622,True,True
2012-06-19 00:00:00+00:00,39.04164505004883,37.56094579696655,True,True
2012-06-20 00:00:00+00:00,38.994117736816406,37.580458068847655,True,True
2012-06-21 00:00:00+00:00,37.98817825317383,37.60484062194824,True,True
2012-06-22 00:00:00+00:00,38.273338317871094,37.62532419204712,True,True
2012-06-25 00:00:00+00:00,37.592140197753906,37.64157981872559,False,True
2012-06-26 00:00:00+00:00,37.79808044433594,37.65676891326904,True,False
2012-06-27 00:00:00+00:00,38.15452194213867,37.677705726623536,True,True
2012-06-28 00:00:00+00:00,38.17035675048828,37.69937194824219,True,True
2012-06-29 00:00:00+00:00,39.22381210327149,37.71908977508545,True,True
2012-07-02 00:00:00+00:00,39.31887435913086,37.74142345428467,True,True
2012-07-03 00:00:00+00:00,39.6753044128418,37.76134704589844,True,True
2012-07-05 00:00:00+00:00,39.50898742675781,37.782309169769285,True,True
2012-07-06 00:00:00+00:00,39.07332229614258,37.804748935699465,True,True
2012-07-09 00:00:00+00:00,38.851539611816406,37.82575401306153,True,True
2012-07-10 00:00:00+00:00,38.43966293334961,37.85183391571045,True,True
2012-07-11 00:00:00+00:00,38.44757461547851,37.881451320648196,True,True
2012-07-12 00:00:00+00:00,38.22578430175781,37.909973220825194,True,True
2012-07-13 00:00:00+00:00,38.83571243286133,37.93331583023071,True,True
2012-07-16 00:00:00+00:00,38.685203552246094,37.95743801116944,True,True
2012-07-17 00:00:00+00:00,38.96243667602539,37.985504322052,True,True
2012-07-18 00:00:00+00:00,39.30302429199219,38.013586864471435,True,True
2012-07-19 00:00:00+00:00,39.42975997924805,38.04806900024414,True,True
2012-07-20 00:00:00+00:00,38.994117736816406,38.08909471511841,True,True
2012-07-23 00:00:00+00:00,38.52679061889648,38.12336301803589,True,True
2012-07-24 00:00:00+00:00,38.10698318481445,38.15165481567383,False,True
2012-07-25 00:00:00+00:00,38.1228141784668,38.17405124664307,False,False
2012-07-26 00:00:00+00:00,38.78816604614258,38.19840541839599,True,False
2012-07-27 00:00:00+00:00,39.59608840942383,38.220293807983396,True,True
2012-07-30 00:00:00+00:00,39.55649185180664,38.245986995697024,True,True
2012-07-31 00:00:00+00:00,39.27135467529297,38.269642696380615,True,True
2012-08-01 00:00:00+00:00,39.12876510620117,38.29238149642944,True,True
2012-08-02 00:00:00+00:00,38.827781677246094,38.31139373779297,True,True
2012-08-03 00:00:00+00:00,39.64361572265625,38.3329323387146,True,True
2012-08-06 00:00:00+00:00,39.83372116088867,38.354440574646,True,True
2012-08-07 00:00:00+00:00,40.2297477722168,38.37913017272949,True,True
2012-08-08 00:00:00+00:00,40.34064865112305,38.40497797012329,True,True
2012-08-09 00:00:00+00:00,40.40402603149414,38.42715343475342,True,True
2012-08-10 00:00:00+00:00,40.459468841552734,38.44627990722656,True,True
2012-08-13 00:00:00+00:00,40.41193771362305,38.46983215332031,True,True
2012-08-14 00:00:00+00:00,40.33272933959961,38.491189880371095,True,True
2012-08-15 00:00:00+00:00,40.48323059082031,38.504832649230956,True,True
2012-08-16 00:00:00+00:00,40.831748962402344,38.51911050796509,True,True
2012-08-17 00:00:00+00:00,40.91093826293945,38.54006242752075,True,True
2012-08-20 00:00:00+00:00,40.871341705322266,38.567085361480714,True,True
2012-08-21 00:00:00+00:00,40.831748962402344,38.59054445266724,True,True
2012-08-22 00:00:00+00:00,40.77629852294922,38.61020477294922,True,True
2012-08-23 00:00:00+00:00,40.40402603149414,38.63029230117798,True,True
2012-08-24 00:00:00+00:00,40.617889404296875,38.64765748977661,True,True
2012-08-27 00:00:00+00:00,40.53866958618164,38.66401763916016,True,True
2012-08-28 00:00:00+00:00,40.51491165161133,38.687652854919435,True,True
2012-08-29 00:00:00+00:00,40.60995864868164,38.709564533233646,True,True
2012-08-30 00:00:00+00:00,40.29312515258789,38.727959384918215,True,True
2012-08-31 00:00:00+00:00,40.47529983520508,38.74645299911499,True,True
2012-09-04 00:00:00+00:00,40.443634033203125,38.765074710845944,True,True
2012-09-05 00:00:00+00:00,40.40402603149414,38.78670829772949,True,True
2012-09-06 00:00:00+00:00,41.275299072265625,38.81154891967773,True,True
2012-09-07 00:00:00+00:00,41.56045913696289,38.841098155975345,True,True
2012-09-10 00:00:00+00:00,41.34660339355469,38.87532173156738,True,True
2012-09-11 00:00:00+00:00,41.5762939453125,38.90945444107056,True,True
2012-09-12 00:00:00+00:00,41.73471450805664,38.948845081329345,True,True
2012-09-13 00:00:00+00:00,42.34461975097656,38.98938016891479,True,True
2012-09-14 00:00:00+00:00,42.669376373291016,39.02768102645874,True,True
2012-09-17 00:00:00+00:00,42.36045455932617,39.06725339889526,True,True
2012-09-18 00:00:00+00:00,42.22580337524414,39.0974535369873,True,True
2012-09-19 00:00:00+00:00,42.32085037231445,39.12709775924682,True,True
2012-09-20 00:00:00+00:00,42.209957122802734,39.157412910461424,True,True
2012-09-21 00:00:00+00:00,42.19248580932617,39.185020999908446,True,True
2012-09-24 00:00:00+00:00,42.05728530883789,39.21265907287598,True,True
2012-09-25 00:00:00+00:00,41.516563415527344,39.239386348724366,True,True
2012-09-26 00:00:00+00:00,41.25414276123047,39.26802833557129,True,True
2012-09-27 00:00:00+00:00,41.627891540527344,39.29199234008789,True,True
2012-09-28 00:00:00+00:00,41.49271011352539,39.32068218231201,True,True
2012-10-01 00:00:00+00:00,41.548370361328125,39.35139671325683,True,True
2012-10-02 00:00:00+00:00,41.627891540527344,39.38442472457886,True,True
2012-10-03 00:00:00+00:00,41.715362548828125,39.41702844619751,True,True
2012-10-04 00:00:00+00:00,42.08909225463867,39.449613666534425,True,True
2012-10-05 00:00:00+00:00,42.12089920043945,39.48650411605835,True,True
2012-10-08 00:00:00+00:00,42.02547454833984,39.517815647125246,True,True
2012-10-09 00:00:00+00:00,41.627891540527344,39.54798196792603,True,True
2012-10-10 00:00:00+00:00,41.34163665771485,39.574116706848145,True,True
2012-10-11 00:00:00+00:00,41.516563415527344,39.59736602783203,True,True
2012-10-12 00:00:00+00:00,41.317779541015625,39.62156860351563,True,True
2012-10-15 00:00:00+00:00,41.61994552612305,39.64737113952637,True,True
2012-10-16 00:00:00+00:00,42.10499572753906,39.672758712768555,True,True
2012-10-17 00:00:00+00:00,42.33560562133789,39.70139684677124,True,True
2012-10-18 00:00:00+00:00,42.35150146484375,39.728397636413575,True,True
2012-10-19 00:00:00+00:00,41.675594329833984,39.75563512802124,True,True
2012-10-22 00:00:00+00:00,41.64379119873047,39.77874635696411,True,True
2012-10-23 00:00:00+00:00,41.15079116821289,39.80193431854248,True,True
2012-10-24 00:00:00+00:00,40.95199966430664,39.82214645385742,True,True
2012-10-25 00:00:00+00:00,41.11101531982422,39.83896730422973,True,True
2012-10-26 00:00:00+00:00,41.071266174316406,39.85630805969238,True,True
2012-10-31 00:00:00+00:00,41.15079116821289,39.87266395568847,True,True
2012-11-01 00:00:00+00:00,41.73921585083008,39.890557308197025,True,True
2012-11-02 00:00:00+00:00,41.33366775512695,39.91099967956543,True,True
2012-11-05 00:00:00+00:00,41.48474884033203,39.92666330337524,True,True
2012-11-06 00:00:00+00:00,41.85053634643555,39.94162818908691,True,True
2012-11-07 00:00:00+00:00,40.99968719482422,39.9586577796936,True,True
2012-11-08 00:00:00+00:00,40.458980560302734,39.97131519317627,True,True
2012-11-09 00:00:00+00:00,40.48283004760742,39.98095470428467,True,True
2012-11-12 00:00:00+00:00,40.5146369934082,39.98878765106201,True,True
2012-11-13 00:00:00+00:00,40.38740921020508,39.99807657241821,True,True
2012-11-14 00:00:00+00:00,39.838722229003906,40.00665073394775,False,True
2012-11-15 00:00:00+00:00,39.838722229003906,40.01358196258545,False,False
2012-11-16 00:00:00+00:00,40.069332122802734,40.020552482604984,True,False
2012-11-19 00:00:00+00:00,40.792938232421875,40.02616075515747,True,True
2012-11-20 00:00:00+00:00,40.81680679321289,40.03511194229126,True,True
2012-11-21 00:00:00+00:00,40.91223907470703,40.04095975875855,True,True
2012-11-23 00:00:00+00:00,41.40523910522461,40.047599201202395,True,True
2012-11-26 00:00:00+00:00,41.28595352172851,40.05631065368652,True,True
2012-11-27 00:00:00+00:00,41.12691879272461,40.063796787261964,True,True
2012-11-28 00:00:00+00:00,41.49271011352539,40.07025192260742,True,True
2012-11-29 00:00:00+00:00,41.627891540527344,40.080068798065184,True,True
2012-11-30 00:00:00+00:00,41.675594329833984,40.08938249588013,True,True
2012-12-03 00:00:00+00:00,41.50064849853515,40.09924915313721,True,True
2012-12-04 00:00:00+00:00,41.460899353027344,40.1088306427002,True,True
2012-12-05 00:00:00+00:00,41.627891540527344,40.11573728561402,True,True
2012-12-06 00:00:00+00:00,41.74716567993164,40.12292867660523,True,True
2012-12-07 00:00:00+00:00,41.953914642333984,40.13130603790283,True,True
2012-12-10 00:00:00+00:00,42.04933547973633,40.141621055603025,True,True
2012-12-11 00:00:00+00:00,42.28789520263672,40.15123414993286,True,True
2012-12-12 00:00:00+00:00,42.31174850463867,40.161804275512694,True,True
2012-12-13 00:00:00+00:00,42.09705352783203,40.172257843017576,True,True
2012-12-14 00:00:00+00:00,42.01753616333008,40.181441383361815,True,True
2012-12-17 00:00:00+00:00,42.51847839355469,40.19160291671753,True,True
2012-12-18 00:00:00+00:00,43.051265716552734,40.20305082321167,True,True
2012-12-19 00:00:00+00:00,42.84451675415039,40.2181058883667,True,True
2012-12-20 00:00:00+00:00,43.051265716552734,40.23338483810425,True,True
2012-12-21 00:00:00+00:00,42.724342346191406,40.25315603256226,True,True
2012-12-24 00:00:00+00:00,42.580448150634766,40.26968128204346,True,True
2012-12-26 00:00:00+00:00,42.34066009521485,40.28312896728516,True,True
2012-12-27 00:00:00+00:00,42.25273513793945,40.29404151916504,True,True
2012-12-28 00:00:00+00:00,41.82109451293945,40.30502534866333,True,True
2012-12-31 00:00:00+00:00,42.620418548583984,40.31007802963257,True,True
2013-01-02 00:00:00+00:00,43.643577575683594,40.31963823318481,True,True
2013-01-03 00:00:00+00:00,43.61958694458008,40.33266357421875,True,True
2013-01-04 00:00:00+00:00,43.971290588378906,40.345328369140624,True,True
2013-01-07 00:00:00+00:00,43.803436279296875,40.35919954299927,True,True
2013-01-08 00:00:00+00:00,43.61958694458008,40.373256855010986,True,True
2013-01-09 00:00:00+00:00,43.771461486816406,40.38663156509399,True,True
2013-01-10 00:00:00+00:00,44.03524017333984,40.40254030227661,True,True
2013-01-11 00:00:00+00:00,44.051239013671875,40.41893981933594,True,True
2013-01-14 00:00:00+00:00,44.07521438598633,40.43285579681397,True,True
2013-01-15 00:00:00+00:00,44.25905990600586,40.44736492156982,True,True
2013-01-16 00:00:00+00:00,44.19511795043945,40.46448909759521,True,True
2013-01-17 00:00:00+00:00,44.5867805480957,40.481490783691406,True,True
2013-01-18 00:00:00+00:00,44.71467971801758,40.499859142303464,True,True
2013-01-22 00:00:00+00:00,45.04241180419922,40.51728950500488,True,True
2013-01-23 00:00:00+00:00,44.99444961547851,40.53710786819458,True,True
2013-01-24 00:00:00+00:00,45.19428253173828,40.55905267715454,True,True
2013-01-25 00:00:00+00:00,45.52200698852539,40.582588291168214,True,True
2013-01-28 00:00:00+00:00,45.4180793762207,40.6104048538208,True,True
2013-01-29 00:00:00+00:00,45.54598617553711,40.64136957168579,True,True
2013-01-30 00:00:00+00:00,45.41008758544922,40.67115962982178,True,True
2013-01-31 00:00:00+00:00,45.39410781860352,40.69703622817993,True,True
2013-02-01 00:00:00+00:00,45.80976104736328,40.72519926071167,True,True
2013-02-04 00:00:00+00:00,45.354148864746094,40.75540113449097,True,True
2013-02-05 00:00:00+00:00,45.737831115722656,40.78052480697632,True,True
2013-02-06 00:00:00+00:00,45.88969039916992,40.80839513778687,True,True
2013-02-07 00:00:00+00:00,45.79378128051758,40.83785291671753,True,True
2013-02-08 00:00:00+00:00,46.017601013183594,40.86647624969483,True,True
2013-02-11 00:00:00+00:00,46.0335578918457,40.89834823608398,True,True
2013-02-12 00:00:00+00:00,46.185455322265625,40.92955070495606,True,True
2013-02-13 00:00:00+00:00,46.19345474243164,40.959067554473876,True,True
2013-02-14 00:00:00+00:00,46.30534744262695,40.9870073890686,True,True
2013-02-15 00:00:00+00:00,46.265377044677734,41.01491514205932,True,True
2013-02-19 00:00:00+00:00,46.58512115478515,41.043214588165284,True,True
2013-02-20 00:00:00+00:00,45.84172821044922,41.07181137084961,True,True
2013-02-21 00:00:00+00:00,45.4180793762207,41.097243328094486,True,True
2013-02-22 00:00:00+00:00,45.86572265625,41.122607765197756,True,True
2013-02-25 00:00:00+00:00,44.954471588134766,41.15340492248535,True,True
2013-02-26 00:00:00+00:00,45.25822830200195,41.179842967987064,True,True
2013-02-27 00:00:00+00:00,45.88969039916992,41.20894348144531,True,True
2013-02-28 00:00:00+00:00,45.8337516784668,41.24202959060669,True,True
2013-03-01 00:00:00+00:00,46.025604248046875,41.27471769332886,True,True
2013-03-04 00:00:00+00:00,46.201446533203125,41.308601722717285,True,True
2013-03-05 00:00:00+00:00,46.68904113769531,41.345691776275636,True,True
2013-03-06 00:00:00+00:00,46.73699569702149,41.38660011291504,True,True
2013-03-07 00:00:00+00:00,46.87287902832031,41.429010219573975,True,True
2013-03-08 00:00:00+00:00,47.17662048339844,41.475846443176266,True,True
2013-03-11 00:00:00+00:00,47.320518493652344,41.525976028442386,True,True
2013-03-12 00:00:00+00:00,47.31250762939453,41.573117885589596,True,True
2013-03-13 00:00:00+00:00,47.432403564453125,41.619864826202395,True,True
2013-03-14 00:00:00+00:00,47.70418930053711,41.66658020019531,True,True
2013-03-15 00:00:00+00:00,47.6416130065918,41.714457244873046,True,True
2013-03-18 00:00:00+00:00,47.32880783081055,41.762021408081054,True,True
2013-03-19 00:00:00+00:00,47.13633728027344,41.8056947517395,True,True
2013-03-20 00:00:00+00:00,47.537349700927734,41.851915702819824,True,True
2013-03-21 00:00:00+00:00,47.11226272583008,41.90077278137207,True,True
2013-03-22 00:00:00+00:00,47.3528938293457,41.95274965286255,True,True
2013-03-25 00:00:00+00:00,47.25664138793945,42.0063240814209,True,True
2013-03-26 00:00:00+00:00,47.601524353027344,42.05760311126709,True,True
2013-03-27 00:00:00+00:00,47.601524353027344,42.10618940353393,True,True
2013-03-28 00:00:00+00:00,47.8341064453125,42.15497295379639,True,True
2013-04-01 00:00:00+00:00,47.585479736328125,42.20346025466919,True,True
2013-04-02 00:00:00+00:00,47.585479736328125,42.25362274169922,True,True
2013-04-03 00:00:00+00:00,47.04810333251953,42.301576709747316,True,True
2013-04-04 00:00:00+00:00,47.29673767089844,42.348539657592774,True,True
2013-04-05 00:00:00+00:00,47.12831497192383,42.39485273361206,True,True
2013-04-08 00:00:00+00:00,47.537349700927734,42.43813758850098,True,True
2013-04-09 00:00:00+00:00,47.71381759643555,42.48295276641846,True,True
2013-04-10 00:00:00+00:00,48.28327178955078,42.526313629150394,True,True
2013-04-11 00:00:00+00:00,48.523887634277344,42.57275939941406,True,True
2013-04-12 00:00:00+00:00,48.32337188720703,42.62543794631958,True,True
2013-04-15 00:00:00+00:00,47.040077209472656,42.67568811416626,True,True
2013-04-16 00:00:00+00:00,47.745880126953125,42.722927799224856,True,True
2013-04-17 00:00:00+00:00,46.95988845825195,42.77266679763794,True,True
2013-04-18 00:00:00+00:00,46.73530960083008,42.81669363021851,True,True
2013-04-19 00:00:00+00:00,47.160400390625,42.859518394470214,True,True
2013-04-22 00:00:00+00:00,47.36892318725586,42.89920133590698,True,True
2013-04-23 00:00:00+00:00,47.858184814453125,42.93945158004761,True,True
2013-04-24 00:00:00+00:00,48.08275604248047,42.980365982055666,True,True
2013-04-25 00:00:00+00:00,48.34743118286133,43.023234825134274,True,True
2013-04-26 00:00:00+00:00,48.18701171875,43.069605369567874,True,True
2013-04-29 00:00:00+00:00,48.45970916748047,43.11628273010254,True,True
2013-04-30 00:00:00+00:00,48.64419174194336,43.16638296127319,True,True
2013-05-01 00:00:00+00:00,48.14691162109375,43.21736604690552,True,True
2013-05-02 00:00:00+00:00,48.64419174194336,43.2669716835022,True,True
2013-05-03 00:00:00+00:00,49.22166442871094,43.31601408004761,True,True
2013-05-06 00:00:00+00:00,49.390098571777344,43.36869638442993,True,True
2013-05-07 00:00:00+00:00,49.7028923034668,43.42083469390869,True,True
2013-05-08 00:00:00+00:00,49.94350051879883,43.472834033966066,True,True
2013-05-09 00:00:00+00:00,49.799129486083984,43.52540273666382,True,True
2013-05-10 00:00:00+00:00,50.11193084716797,43.579427795410155,True,True
2013-05-13 00:00:00+00:00,50.04776382446289,43.63735349655151,True,True
2013-05-14 00:00:00+00:00,50.633262634277344,43.69705739974975,True,True
2013-05-15 00:00:00+00:00,50.96210861206055,43.759609642028806,True,True
2013-05-16 00:00:00+00:00,50.64128112792969,43.8204793548584,True,True
2013-05-17 00:00:00+00:00,51.22677993774414,43.875705318450926,True,True
2013-05-20 00:00:00+00:00,51.25083541870117,43.934056758880615,True,True
2013-05-21 00:00:00+00:00,51.2989501953125,43.99395416259765,True,True
2013-05-22 00:00:00+00:00,50.66535186767578,44.05480508804321,True,True
2013-05-23 00:00:00+00:00,50.59316635131836,44.11399293899536,True,True
2013-05-24 00:00:00+00:00,50.42473220825195,44.16874069213867,True,True
2013-05-28 00:00:00+00:00,50.77763366699219,44.22169574737549,True,True
2013-05-29 00:00:00+00:00,50.416709899902344,44.274435176849366,True,True
2013-05-30 00:00:00+00:00,50.65732192993164,44.32481548309326,True,True
2013-05-31 00:00:00+00:00,49.95151901245117,44.37608196258545,True,True
2013-06-03 00:00:00+00:00,50.07182312011719,44.423542213439944,True,True
2013-06-04 00:00:00+00:00,49.8392333984375,44.47184164047241,True,True
2013-06-05 00:00:00+00:00,49.109371185302734,44.5193741607666,True,True
2013-06-06 00:00:00+00:00,49.566532135009766,44.562504863739015,True,True
2013-06-07 00:00:00+00:00,50.2723388671875,44.606178779602054,True,True
2013-06-10 00:00:00+00:00,50.248287200927734,44.65298578262329,True,True
2013-06-11 00:00:00+00:00,49.69487762451172,44.69987051010132,True,True
2013-06-12 00:00:00+00:00,49.205623626708984,44.74418615341187,True,True
2013-06-13 00:00:00+00:00,50.08785629272461,44.786332778930664,True,True
2013-06-14 00:00:00+00:00,49.82318878173828,44.83475193023682,True,True
2013-06-17 00:00:00+00:00,50.240264892578125,44.88077842712402,True,True
2013-06-18 00:00:00+00:00,50.633262634277344,44.92928640365601,True,True
2013-06-19 00:00:00+00:00,49.8953857421875,44.979878158569335,True,True
2013-06-20 00:00:00+00:00,48.628135681152344,45.02630529403687,True,True
2013-06-21 00:00:00+00:00,48.71671676635742,45.06798034667969,True,True
2013-06-24 00:00:00+00:00,48.112796783447266,45.10918743133545,True,True
2013-06-25 00:00:00+00:00,48.66840744018555,45.14753324508667,True,True
2013-06-26 00:00:00+00:00,49.103233337402344,45.188855152130124,True,True
2013-06-27 00:00:00+00:00,49.57026672363281,45.22799482345581,True,True
2013-06-28 00:00:00+00:00,49.336761474609375,45.26804386138916,True,True
2013-07-01 00:00:00+00:00,49.77157974243164,45.30799465179443,True,True
2013-07-02 00:00:00+00:00,49.64274215698242,45.34897108078003,True,True
2013-07-03 00:00:00+00:00,49.602481842041016,45.38851121902466,True,True
2013-07-05 00:00:00+00:00,50.166141510009766,45.42480052947998,True,True
2013-07-08 00:00:00+00:00,50.3916015625,45.462284355163575,True,True
2013-07-09 00:00:00+00:00,50.81838607788086,45.50244009017944,True,True
2013-07-10 00:00:00+00:00,50.890846252441406,45.54540300369263,True,True
2013-07-11 00:00:00+00:00,51.631690979003906,45.58825298309326,True,True
2013-07-12 00:00:00+00:00,51.76051330566406,45.635361652374264,True,True
2013-07-15 00:00:00+00:00,51.881309509277344,45.68320178985596,True,True
2013-07-16 00:00:00+00:00,51.62361907958984,45.732321910858154,True,True
2013-07-17 00:00:00+00:00,51.74440002441406,45.782857189178465,True,True
2013-07-18 00:00:00+00:00,52.12287521362305,45.83530847549439,True,True
2013-07-19 00:00:00+00:00,52.21949005126953,45.88778339385986,True,True
2013-07-22 00:00:00+00:00,52.33221435546875,45.94141729354858,True,True
2013-07-23 00:00:00+00:00,52.211429595947266,45.995336513519284,True,True
2013-07-24 00:00:00+00:00,51.84103775024414,46.04825420379639,True,True
2013-07-25 00:00:00+00:00,52.11481094360352,46.098882579803465,True,True
2013-07-26 00:00:00+00:00,52.09870147705078,46.14901117324829,True,True
2013-07-29 00:00:00+00:00,51.91350173950195,46.19890018463135,True,True
2013-07-30 00:00:00+00:00,52.01819610595703,46.24834032058716,True,True
2013-07-31 00:00:00+00:00,52.11481094360352,46.30029184341431,True,True
2013-08-01 00:00:00+00:00,52.879783630371094,46.35415771484375,True,True
2013-08-02 00:00:00+00:00,52.96031188964844,46.41097381591797,True,True
2013-08-05 00:00:00+00:00,52.920047760009766,46.46918647766113,True,True
2013-08-06 00:00:00+00:00,52.58989334106445,46.525686988830564,True,True
2013-08-07 00:00:00+00:00,52.32416534423828,46.578111476898194,True,True
2013-08-08 00:00:00+00:00,52.63016128540039,46.628054275512696,True,True
2013-08-09 00:00:00+00:00,52.56575775146485,46.67944757461548,True,True
2013-08-12 00:00:00+00:00,52.525482177734375,46.733898391723635,True,True
2013-08-13 00:00:00+00:00,52.58989334106445,46.78830684661865,True,True
2013-08-14 00:00:00+00:00,52.316123962402344,46.84550235748291,True,True
2013-08-15 00:00:00+00:00,51.51894760131836,46.90232297897339,True,True
2013-08-16 00:00:00+00:00,51.365943908691406,46.95436264038086,True,True
2013-08-19 00:00:00+00:00,50.94721984863281,47.00583602905274,True,True
2013-08-20 00:00:00+00:00,51.35788345336914,47.05481817245484,True,True
2013-08-21 00:00:00+00:00,51.00359725952149,47.10291151046753,True,True
2013-08-22 00:00:00+00:00,51.535057067871094,47.1512611579895,True,True
2013-08-23 00:00:00+00:00,51.71218490600586,47.2015126991272,True,True
2013-08-26 00:00:00+00:00,51.54310989379883,47.25082094192505,True,True
2013-08-27 00:00:00+00:00,50.57681655883789,47.30353805541992,True,True
2013-08-28 00:00:00+00:00,50.71370315551758,47.3541272354126,True,True
2013-08-29 00:00:00+00:00,50.858642578125,47.40528160095215,True,True
2013-08-30 00:00:00+00:00,50.59291458129883,47.45700162887573,True,True
2013-09-03 00:00:00+00:00,50.890846252441406,47.5080291557312,True,True
2013-09-04 00:00:00+00:00,51.365943908691406,47.56328977584839,True,True
2013-09-05 00:00:00+00:00,51.502830505371094,47.62092588424682,True,True
2013-09-06 00:00:00+00:00,51.551143646240234,47.678093376159666,True,True
2013-09-09 00:00:00+00:00,52.15508270263672,47.73188440322876,True,True
2013-09-10 00:00:00+00:00,52.605995178222656,47.78857578277588,True,True
2013-09-11 00:00:00+00:00,52.758995056152344,47.84704456329346,True,True
2013-09-12 00:00:00+00:00,52.533538818359375,47.90381334304809,True,True
2013-09-13 00:00:00+00:00,52.702632904052734,47.96005126953125,True,True
2013-09-16 00:00:00+00:00,53.07304000854492,48.01792984008789,True,True
2013-09-17 00:00:00+00:00,53.32265853881836,48.07583148956299,True,True
2013-09-18 00:00:00+00:00,53.97489547729492,48.13430532455445,True,True
2013-09-19 00:00:00+00:00,53.8460693359375,48.19580183029175,True,True
2013-09-20 00:00:00+00:00,53.39124298095703,48.257528934478756,True,True
2013-09-23 00:00:00+00:00,53.1165657043457,48.31718065261841,True,True
2013-09-24 00:00:00+00:00,53.1165657043457,48.3746240234375,True,True
2013-09-25 00:00:00+00:00,52.9792366027832,48.43147102355957,True,True
2013-09-26 00:00:00+00:00,53.15696716308594,48.48659763336182,True,True
2013-09-27 00:00:00+00:00,52.83382797241211,48.54213579177856,True,True
2013-09-30 00:00:00+00:00,52.672237396240234,48.59486545562744,True,True
2013-10-01 00:00:00+00:00,53.10041046142578,48.64666790008545,True,True
2013-10-02 00:00:00+00:00,53.084259033203125,48.70168468475342,True,True
2013-10-03 00:00:00+00:00,52.607627868652344,48.75701829910278,True,True
2013-10-04 00:00:00+00:00,53.019630432128906,48.80746404647827,True,True
2013-10-07 00:00:00+00:00,52.551082611083984,48.85730587005615,True,True
2013-10-08 00:00:00+00:00,51.856327056884766,48.90583869934082,True,True
2013-10-09 00:00:00+00:00,51.86439514160156,48.94986400604248,True,True
2013-10-10 00:00:00+00:00,53.03578186035156,48.99556427001953,True,True
2013-10-11 00:00:00+00:00,53.38317108154297,49.047840938568115,True,True
2013-10-14 00:00:00+00:00,53.55282211303711,49.10305349349976,True,True
2013-10-15 00:00:00+00:00,53.076175689697266,49.159553928375246,True,True
2013-10-16 00:00:00+00:00,53.827484130859375,49.215829334259034,True,True
2013-10-17 00:00:00+00:00,54.2879524230957,49.27186466217041,True,True
2013-10-18 00:00:00+00:00,54.53839492797851,49.32508653640747,True,True
2013-10-21 00:00:00+00:00,54.56265640258789,49.37968057632446,True,True
2013-10-22 00:00:00+00:00,54.94233322143555,49.43263740539551,True,True
2013-10-23 00:00:00+00:00,54.63533782958984,49.4883318901062,True,True
2013-10-24 00:00:00+00:00,54.78884506225586,49.54341064453125,True,True
2013-10-25 00:00:00+00:00,55.063514709472656,49.59849756240845,True,True
2013-10-28 00:00:00+00:00,55.07158279418945,49.65363893508911,True,True
2013-10-29 00:00:00+00:00,55.435115814208984,49.7087406539917,True,True
2013-10-30 00:00:00+00:00,55.03118896484375,49.76554016113281,True,True
2013-10-31 00:00:00+00:00,54.9261589050293,49.819400806427005,True,True
2013-11-01 00:00:00+00:00,55.09581756591797,49.87305601119995,True,True
2013-11-04 00:00:00+00:00,55.38665008544922,49.925601196289065,True,True
2013-11-05 00:00:00+00:00,55.17659378051758,49.97896104812622,True,True
2013-11-06 00:00:00+00:00,55.281612396240234,50.02963195800781,True,True
2013-11-07 00:00:00+00:00,54.49801254272461,50.08106777191162,True,True
2013-11-08 00:00:00+00:00,55.20084381103515,50.127586421966555,True,True
2013-11-11 00:00:00+00:00,55.28971481323242,50.1759806060791,True,True
2013-11-12 00:00:00+00:00,55.128143310546875,50.225338783264164,True,True
2013-11-13 00:00:00+00:00,55.66132736206055,50.27324956893921,True,True
2013-11-14 00:00:00+00:00,55.95215606689453,50.32450576782227,True,True
2013-11-15 00:00:00+00:00,56.186424255371094,50.37729600906372,True,True
2013-11-18 00:00:00+00:00,55.87944793701172,50.42917932510376,True,True
2013-11-19 00:00:00+00:00,55.62903594970703,50.48180582046509,True,True
2013-11-20 00:00:00+00:00,55.47551727294922,50.53126184463501,True,True
2013-11-21 00:00:00+00:00,55.960227966308594,50.579190979003904,True,True
2013-11-22 00:00:00+00:00,56.186424255371094,50.63002321243286,True,True
2013-11-25 00:00:00+00:00,56.06525421142578,50.6808673286438,True,True
2013-11-26 00:00:00+00:00,56.11371612548828,50.7310258102417,True,True
2013-11-27 00:00:00+00:00,56.23491668701172,50.78066711425781,True,True
2013-11-29 00:00:00+00:00,56.146018981933594,50.83087442398071,True,True
2013-12-02 00:00:00+00:00,56.02485656738281,50.880077781677244,True,True
2013-12-03 00:00:00+00:00,55.83097839355469,50.92887517929077,True,True
2013-12-04 00:00:00+00:00,55.74211120605469,50.97510446548462,True,True
2013-12-05 00:00:00+00:00,55.5482292175293,51.02460638046264,True,True
2013-12-06 00:00:00+00:00,56.1783447265625,51.07525712966919,True,True
2013-12-09 00:00:00+00:00,56.23491668701172,51.12682024002075,True,True
2013-12-10 00:00:00+00:00,56.10562896728515,51.183222465515136,True,True
2013-12-11 00:00:00+00:00,55.378562927246094,51.23745946884155,True,True
2013-12-12 00:00:00+00:00,55.265472412109375,51.284903831481934,True,True
2013-12-13 00:00:00+00:00,55.32203674316406,51.33206243515015,True,True
2013-12-16 00:00:00+00:00,55.7259521484375,51.378544597625734,True,True
2013-12-17 00:00:00+00:00,55.66132736206055,51.4261671257019,True,True
2013-12-18 00:00:00+00:00,56.485328674316406,51.47102855682373,True,True
2013-12-19 00:00:00+00:00,56.39646911621094,51.5197702217102,True,True
2013-12-20 00:00:00+00:00,56.84968185424805,51.567388172149656,True,True
2013-12-23 00:00:00+00:00,57.12532806396485,51.61575347900391,True,True
2013-12-24 00:00:00+00:00,57.30368423461914,51.66477752685547,True,True
2013-12-26 00:00:00+00:00,57.49827194213867,51.71473340988159,True,True
2013-12-27 00:00:00+00:00,57.51451110839844,51.76506275177002,True,True
2013-12-30 00:00:00+00:00,57.61988830566406,51.81411436080933,True,True
2013-12-31 00:00:00+00:00,57.765838623046875,51.86400573730469,True,True
2014-01-02 00:00:00+00:00,57.238826751708984,51.91619089126587,True,True
2014-01-03 00:00:00+00:00,57.19019317626953,51.96670333862305,True,True
2014-01-06 00:00:00+00:00,57.011837005615234,52.01496755599975,True,True
2014-01-07 00:00:00+00:00,57.352325439453125,52.06446542739868,True,True
2014-01-08 00:00:00+00:00,57.4415283203125,52.11446258544922,True,True
2014-01-09 00:00:00+00:00,57.50637435913086,52.16538702011108,True,True
2014-01-10 00:00:00+00:00,57.757713317871094,52.2149112701416,True,True
2014-01-13 00:00:00+00:00,56.930755615234375,52.26569221496582,True,True
2014-01-14 00:00:00+00:00,57.58746337890625,52.31117546081543,True,True
2014-01-15 00:00:00+00:00,57.79825973510742,52.36118537902832,True,True
2014-01-16 00:00:00+00:00,57.74150085449219,52.41224927902222,True,True
2014-01-17 00:00:00+00:00,57.54692459106445,52.46571626663208,True,True
2014-01-21 00:00:00+00:00,57.72529220581055,52.51696720123291,True,True
2014-01-22 00:00:00+00:00,57.86311721801758,52.56995208740234,True,True
2014-01-23 00:00:00+00:00,57.29558181762695,52.621580924987796,True,True
2014-01-24 00:00:00+00:00,55.97406005859375,52.66948974609375,True,True
2014-01-27 00:00:00+00:00,55.70651626586914,52.70794368743896,True,True
2014-01-28 00:00:00+00:00,56.20917892456055,52.743856830596926,True,True
2014-01-29 00:00:00+00:00,55.69841003417969,52.78328586578369,True,True
2014-01-30 00:00:00+00:00,56.32268905639648,52.826577529907226,True,True
2014-01-31 00:00:00+00:00,56.05515670776367,52.86946157455444,True,True
2014-02-03 00:00:00+00:00,54.676876068115234,52.914937915802,True,True
2014-02-04 00:00:00+00:00,55.13088607788086,52.954645748138425,True,True
2014-02-05 00:00:00+00:00,55.033599853515625,52.99449817657471,True,True
2014-02-06 00:00:00+00:00,55.82815170288086,53.032821559906004,True,True
2014-02-07 00:00:00+00:00,56.51726531982422,53.07267139434814,True,True
2014-02-10 00:00:00+00:00,56.61458206176758,53.114843940734865,True,True
2014-02-11 00:00:00+00:00,57.19019317626953,53.156179695129396,True,True
2014-02-12 00:00:00+00:00,57.26315689086914,53.201195602416995,True,True
2014-02-13 00:00:00+00:00,57.61988830566406,53.24521284103393,True,True
2014-02-14 00:00:00+00:00,57.911773681640625,53.290091323852536,True,True
2014-02-18 00:00:00+00:00,58.12255096435547,53.33891563415527,True,True
2014-02-19 00:00:00+00:00,57.86311721801758,53.38630743026734,True,True
2014-02-20 00:00:00+00:00,58.276588439941406,53.429514694213864,True,True
2014-02-21 00:00:00+00:00,58.30904006958008,53.47394714355469,True,True
2014-02-24 00:00:00+00:00,58.61710739135742,53.516977882385255,True,True
2014-02-25 00:00:00+00:00,58.5684700012207,53.56034591674805,True,True
2014-02-26 00:00:00+00:00,58.64143753051758,53.60419261932373,True,True
2014-02-27 00:00:00+00:00,58.884639739990234,53.64684015274048,True,True
2014-02-28 00:00:00+00:00,59.04680633544922,53.69102453231812,True,True
2014-03-03 00:00:00+00:00,58.633331298828125,53.73309225082397,True,True
2014-03-04 00:00:00+00:00,59.50892639160156,53.771448364257814,True,True
2014-03-05 00:00:00+00:00,59.47649765014648,53.815786590576174,True,True
2014-03-06 00:00:00+00:00,59.63054275512695,53.85703517913819,True,True
2014-03-07 00:00:00+00:00,59.63054275512695,53.89893371582031,True,True
2014-03-10 00:00:00+00:00,59.49274063110352,53.940591678619384,True,True
2014-03-11 00:00:00+00:00,59.18461608886719,53.98472862243652,True,True
2014-03-12 00:00:00+00:00,59.208961486816406,54.02768587112427,True,True
2014-03-13 00:00:00+00:00,58.53604888916016,54.07160701751709,True,True
2014-03-14 00:00:00+00:00,58.50360870361328,54.11039909362793,True,True
2014-03-17 00:00:00+00:00,58.99007034301758,54.15083358764648,True,True
2014-03-18 00:00:00+00:00,59.44405746459961,54.19249732971191,True,True
2014-03-19 00:00:00+00:00,59.11978530883789,54.23996002197266,True,True
2014-03-20 00:00:00+00:00,59.37110137939453,54.28519983291626,True,True
2014-03-21 00:00:00+00:00,59.28319549560547,54.332859172821045,True,True
2014-03-24 00:00:00+00:00,58.8599853515625,54.38372829437256,True,True
2014-03-25 00:00:00+00:00,59.05531311035156,54.430195560455324,True,True
2014-03-26 00:00:00+00:00,58.59955596923828,54.47411043167114,True,True
2014-03-27 00:00:00+00:00,58.48561096191406,54.5158667755127,True,True
2014-03-28 00:00:00+00:00,58.868133544921875,54.55982044219971,True,True
2014-03-31 00:00:00+00:00,59.4052848815918,54.60813299179077,True,True
2014-04-01 00:00:00+00:00,59.90176773071289,54.65472013473511,True,True
2014-04-02 00:00:00+00:00,60.13778305053711,54.70511302947998,True,True
2014-04-03 00:00:00+00:00,60.06454086303711,54.75460062026978,True,True
2014-04-04 00:00:00+00:00,59.3808708190918,54.80175701141357,True,True
2014-04-07 00:00:00+00:00,58.59141159057617,54.8491844367981,True,True
2014-04-08 00:00:00+00:00,58.9088249206543,54.899000816345215,True,True
2014-04-09 00:00:00+00:00,59.47852325439453,54.9499613571167,True,True
2014-04-10 00:00:00+00:00,58.23331832885742,55.006789989471436,True,True
2014-04-11 00:00:00+00:00,57.57404708862305,55.054614543914795,True,True
2014-04-14 00:00:00+00:00,58.08679962158203,55.0969686126709,True,True
2014-04-15 00:00:00+00:00,58.453067779541016,55.13955127716064,True,True
2014-04-16 00:00:00+00:00,59.05531311035156,55.1851328086853,True,True
2014-04-17 00:00:00+00:00,59.1611328125,55.2315514755249,True,True
2014-04-21 00:00:00+00:00,59.31575393676758,55.27914342880249,True,True
2014-04-22 00:00:00+00:00,59.58434295654297,55.32770978927612,True,True
2014-04-23 00:00:00+00:00,59.535526275634766,55.37480079650879,True,True
2014-04-24 00:00:00+00:00,59.61689758300781,55.42052042007446,True,True
2014-04-25 00:00:00+00:00,59.07158660888672,55.464512977600094,True,True
2014-04-28 00:00:00+00:00,59.05531311035156,55.50541667938232,True,True
2014-04-29 00:00:00+00:00,59.31575393676758,55.54253479003906,True,True
2014-04-30 00:00:00+00:00,59.633182525634766,55.58031099319458,True,True
2014-05-01 00:00:00+00:00,59.657588958740234,55.61907035827637,True,True
2014-05-02 00:00:00+00:00,59.61689758300781,55.65924020767212,True,True
2014-05-05 00:00:00+00:00,59.69829559326172,55.69860269546509,True,True
2014-05-06 00:00:00+00:00,59.19368743896485,55.73647979736328,True,True
2014-05-07 00:00:00+00:00,59.551788330078125,55.77135078430176,True,True
2014-05-08 00:00:00+00:00,59.47041320800781,55.807448654174806,True,True
2014-05-09 00:00:00+00:00,59.5599365234375,55.843743572235105,True,True
2014-05-12 00:00:00+00:00,60.219146728515625,55.88233806610108,True,True
2014-05-13 00:00:00+00:00,60.19476318359375,55.92285974502563,True,True
2014-05-14 00:00:00+00:00,59.84477615356445,55.96334005355835,True,True
2014-05-15 00:00:00+00:00,59.332027435302734,56.00299642562866,True,True
2014-05-16 00:00:00+00:00,59.57619857788086,56.039565582275394,True,True
2014-05-19 00:00:00+00:00,59.79595184326172,56.07687252044678,True,True
2014-05-20 00:00:00+00:00,59.275054931640625,56.11145336151123,True,True
2014-05-21 00:00:00+00:00,59.70641326904297,56.14302707672119,True,True
2014-05-22 00:00:00+00:00,59.88548278808594,56.17695890426636,True,True
2014-05-23 00:00:00+00:00,60.19476318359375,56.21343685150146,True,True
2014-05-27 00:00:00+00:00,60.54473876953125,56.25278984069824,True,True
2014-05-28 00:00:00+00:00,60.47959518432617,56.292362728118896,True,True
2014-05-29 00:00:00+00:00,60.83771133422851,56.33193191528321,True,True
2014-05-30 00:00:00+00:00,60.91911315917969,56.37349306106567,True,True
2014-06-02 00:00:00+00:00,61.02491760253906,56.41513916015625,True,True
2014-06-03 00:00:00+00:00,61.00862121582031,56.45868312835693,True,True
2014-06-04 00:00:00+00:00,61.19583511352539,56.50613149642945,True,True
2014-06-05 00:00:00+00:00,61.61091232299805,56.555280952453614,True,True
2014-06-06 00:00:00+00:00,61.93648147583008,56.60859941482544,True,True
2014-06-09 00:00:00+00:00,62.02600860595703,56.661492404937746,True,True
2014-06-10 00:00:00+00:00,61.91203308105469,56.716604461669924,True,True
2014-06-11 00:00:00+00:00,61.69231033325195,56.76848934173584,True,True
2014-06-12 00:00:00+00:00,61.33418655395508,56.81838996887207,True,True
2014-06-13 00:00:00+00:00,61.54579544067383,56.867345352172855,True,True
2014-06-16 00:00:00+00:00,61.651615142822266,56.92219024658203,True,True
2014-06-17 00:00:00+00:00,61.93648147583008,56.97687980651855,True,True
2014-06-18 00:00:00+00:00,62.40036392211914,57.03226900100708,True,True
2014-06-19 00:00:00+00:00,62.48992919921875,57.09130624771118,True,True
2014-06-20 00:00:00+00:00,62.67779541015625,57.14930166244507,True,True
2014-06-23 00:00:00+00:00,62.62061309814453,57.20586091995239,True,True
2014-06-24 00:00:00+00:00,62.171329498291016,57.26144983291626,True,True
2014-06-25 00:00:00+00:00,62.46540069580078,57.314550762176516,True,True
2014-06-26 00:00:00+00:00,62.47358322143555,57.366102352142335,True,True
2014-06-27 00:00:00+00:00,62.63692855834961,57.4154402923584,True,True
2014-06-30 00:00:00+00:00,62.66143035888672,57.464829959869384,True,True
2014-07-01 00:00:00+00:00,62.98817825317383,57.51546941757202,True,True
2014-07-02 00:00:00+00:00,62.94734191894531,57.56689714431763,True,True
2014-07-03 00:00:00+00:00,63.30677795410156,57.61626865386963,True,True
2014-07-07 00:00:00+00:00,62.89834213256836,57.66618925094605,True,True
2014-07-08 00:00:00+00:00,62.571590423583984,57.71080648422241,True,True
2014-07-09 00:00:00+00:00,62.824832916259766,57.75443408966064,True,True
2014-07-10 00:00:00+00:00,62.53073501586914,57.801602039337155,True,True
2014-07-11 00:00:00+00:00,62.54707336425781,57.84867288589478,True,True
2014-07-14 00:00:00+00:00,62.76763916015625,57.895825424194335,True,True
2014-07-15 00:00:00+00:00,62.61245346069336,57.9447674369812,True,True
2014-07-16 00:00:00+00:00,62.824832916259766,57.992044868469236,True,True
2014-07-17 00:00:00+00:00,62.06515121459961,58.041999893188475,True,True
2014-07-18 00:00:00+00:00,62.66962432861328,58.08896446228027,True,True
2014-07-21 00:00:00+00:00,62.53888702392578,58.13681053161621,True,True
2014-07-22 00:00:00+00:00,62.81664276123047,58.18408367156982,True,True
2014-07-23 00:00:00+00:00,62.84115982055664,58.235128746032714,True,True
2014-07-24 00:00:00+00:00,62.97184371948242,58.284236392974854,True,True
2014-07-25 00:00:00+00:00,62.685943603515625,58.336340198516844,True,True
2014-07-28 00:00:00+00:00,62.694129943847656,58.39048828125,True,True
2014-07-29 00:00:00+00:00,62.40005874633789,58.44463695526123,True,True
2014-07-30 00:00:00+00:00,62.39187240600586,58.491458339691164,True,True
2014-07-31 00:00:00+00:00,61.19926071166992,58.53650184631348,True,True
2014-08-01 00:00:00+00:00,61.0685920715332,58.57473403930664,True,True
2014-08-04 00:00:00+00:00,61.49334335327149,58.61469612121582,True,True
2014-08-05 00:00:00+00:00,60.9296989440918,58.65302541732788,True,True
2014-08-06 00:00:00+00:00,60.937870025634766,58.68623414993286,True,True
2014-08-07 00:00:00+00:00,60.59478759765625,58.718231525421146,True,True
2014-08-08 00:00:00+00:00,61.403472900390625,58.74839218139648,True,True
2014-08-11 00:00:00+00:00,61.583221435546875,58.78069787979126,True,True
2014-08-12 00:00:00+00:00,61.452484130859375,58.81543729782104,True,True
2014-08-13 00:00:00+00:00,61.860931396484375,58.84875549316406,True,True
2014-08-14 00:00:00+00:00,62.15502166748047,58.88274257659912,True,True
2014-08-15 00:00:00+00:00,62.13044357299805,58.91815977096557,True,True
2014-08-18 00:00:00+00:00,62.67779541015625,58.95163640975952,True,True
2014-08-19 00:00:00+00:00,63.01268768310547,58.98986944198609,True,True
2014-08-20 00:00:00+00:00,63.233245849609375,59.030302085876464,True,True
2014-08-21 00:00:00+00:00,63.339454650878906,59.07098922729492,True,True
2014-08-22 00:00:00+00:00,63.233245849609375,59.11075325012207,True,True
2014-08-25 00:00:00+00:00,63.543643951416016,59.15103651046753,True,True
2014-08-26 00:00:00+00:00,63.600830078125,59.19234666824341,True,True
2014-08-27 00:00:00+00:00,63.568153381347656,59.23786075592041,True,True
2014-08-28 00:00:00+00:00,63.543643951416016,59.279697303771975,True,True
2014-08-29 00:00:00+00:00,63.77240753173828,59.32096694946289,True,True
2014-09-02 00:00:00+00:00,63.723384857177734,59.364188270568846,True,True
2014-09-03 00:00:00+00:00,63.77240753173828,59.40449855804443,True,True
2014-09-04 00:00:00+00:00,63.690677642822266,59.44359981536865,True,True
2014-09-05 00:00:00+00:00,63.976593017578125,59.48112108230591,True,True
2014-09-08 00:00:00+00:00,63.788719177246094,59.52160680770874,True,True
2014-09-09 00:00:00+00:00,63.331268310546875,59.56240522384643,True,True
2014-09-10 00:00:00+00:00,63.46195602416992,59.601683979034426,True,True
2014-09-11 00:00:00+00:00,63.57633972167969,59.63919261932373,True,True
2014-09-12 00:00:00+00:00,63.118896484375,59.67614219665527,True,True
2014-09-15 00:00:00+00:00,62.98002243041992,59.71141040802002,True,True
2014-09-16 00:00:00+00:00,63.412933349609375,59.74574193954468,True,True
2014-09-17 00:00:00+00:00,63.470123291015625,59.781632022857664,True,True
2014-09-18 00:00:00+00:00,63.707035064697266,59.81825254440307,True,True
2014-09-19 00:00:00+00:00,63.56605911254883,59.85666343688965,True,True
2014-09-22 00:00:00+00:00,62.97587585449219,59.89533884048462,True,True
2014-09-23 00:00:00+00:00,62.533260345458984,59.931507663726805,True,True
2014-09-24 00:00:00+00:00,63.025054931640625,59.96643281936645,True,True
2014-09-25 00:00:00+00:00,62.09062957763672,60.00066637039185,True,True
2014-09-26 00:00:00+00:00,62.525054931640625,60.02994493484497,True,True
2014-09-29 00:00:00+00:00,62.410301208496094,60.06204206466675,True,True
2014-09-30 00:00:00+00:00,62.123416900634766,60.097200756073,True,True
2014-10-01 00:00:00+00:00,61.29555130004883,60.13149047851562,True,True
2014-10-02 00:00:00+00:00,61.36110305786133,60.16135805130005,True,True
2014-10-03 00:00:00+00:00,61.96766662597656,60.18953380584717,True,True
2014-10-06 00:00:00+00:00,61.869327545166016,60.221065502166745,True,True
2014-10-07 00:00:00+00:00,60.869293212890625,60.247985496521,True,True
2014-10-08 00:00:00+00:00,61.88568878173828,60.27034961700439,True,True
2014-10-09 00:00:00+00:00,60.508636474609375,60.29552965164184,True,True
2014-10-10 00:00:00+00:00,59.77092361450195,60.31244619369507,False,True
2014-10-13 00:00:00+00:00,58.754539489746094,60.324782390594486,False,False
2014-10-14 00:00:00+00:00,59.07421112060547,60.331063728332516,False,False
2014-10-15 00:00:00+00:00,58.844696044921875,60.33886222839355,False,False
2014-10-16 00:00:00+00:00,59.033203125,60.344986267089844,False,False
2014-10-17 00:00:00+00:00,59.68896484375,60.35132308959961,False,False
2014-10-20 00:00:00+00:00,60.32015228271485,60.363573780059816,False,False
2014-10-21 00:00:00+00:00,61.5742073059082,60.37922357559204,True,False
2014-10-22 00:00:00+00:00,61.05781555175781,60.40203542709351,True,True
2014-10-23 00:00:00+00:00,61.787357330322266,60.42056287765503,True,True
2014-10-24 00:00:00+00:00,62.2299690246582,60.442292022705075,True,True
2014-10-27 00:00:00+00:00,62.123416900634766,60.465909996032714,True,True
2014-10-28 00:00:00+00:00,62.91030502319336,60.48773851394653,True,True
2014-10-29 00:00:00+00:00,62.77915573120117,60.51763626098633,True,True
2014-10-30 00:00:00+00:00,63.229976654052734,60.543594722747805,True,True
2014-10-31 00:00:00+00:00,64.00044250488281,60.57075330734253,True,True
2014-11-03 00:00:00+00:00,64.01686096191406,60.602048015594484,True,True
2014-11-04 00:00:00+00:00,63.69719314575195,60.63439769744873,True,True
2014-11-05 00:00:00+00:00,64.18899536132812,60.664257202148434,True,True
2014-11-06 00:00:00+00:00,64.47586059570312,60.69588659286499,True,True
2014-11-07 00:00:00+00:00,64.557861328125,60.73178798675537,True,True
2014-11-10 00:00:00+00:00,64.7217788696289,60.774706993103024,True,True
2014-11-11 00:00:00+00:00,64.7381591796875,60.81978330612183,True,True
2014-11-12 00:00:00+00:00,64.74639129638672,60.862428207397464,True,True
2014-11-13 00:00:00+00:00,64.6234359741211,60.907668113708496,True,True
2014-11-14 00:00:00+00:00,64.65621185302734,60.94917184829712,True,True
2014-11-17 00:00:00+00:00,64.74639129638672,60.992177124023435,True,True
2014-11-18 00:00:00+00:00,65.1562271118164,61.0425247001648,True,True
2014-11-19 00:00:00+00:00,65.01685333251953,61.09265140533447,True,True
2014-11-20 00:00:00+00:00,65.2463607788086,61.14256767272949,True,True
2014-11-21 00:00:00+00:00,65.63985443115234,61.18965871810913,True,True
2014-11-24 00:00:00+00:00,65.86933898925781,61.23527166366577,True,True
2014-11-25 00:00:00+00:00,65.82015991210938,61.28154544830322,True,True
2014-11-26 00:00:00+00:00,65.86113739013672,61.32469528198242,True,True
2014-11-28 00:00:00+00:00,65.70540618896484,61.36768518447876,True,True
2014-12-01 00:00:00+00:00,65.18901062011719,61.40811277389526,True,True
2014-12-02 00:00:00+00:00,65.54147338867188,61.444498958587644,True,True
2014-12-03 00:00:00+00:00,65.9349136352539,61.48159357070923,True,True
2014-12-04 00:00:00+00:00,65.79556274414062,61.52195255279541,True,True
2014-12-05 00:00:00+00:00,65.91851043701172,61.559547424316406,True,True
2014-12-08 00:00:00+00:00,65.42671966552734,61.597594776153564,True,True
2014-12-09 00:00:00+00:00,65.49229431152344,61.63164283752442,True,True
2014-12-10 00:00:00+00:00,64.41850280761719,61.666261959075925,True,True
2014-12-11 00:00:00+00:00,64.74639129638672,61.695147285461424,True,True
2014-12-12 00:00:00+00:00,63.73817825317383,61.72445604324341,True,True
2014-12-15 00:00:00+00:00,63.418514251708984,61.747912902832034,True,True
2014-12-16 00:00:00+00:00,63.025054931640625,61.77183881759643,True,True
2014-12-17 00:00:00+00:00,64.32013702392578,61.78941946029663,True,True
2014-12-18 00:00:00+00:00,65.73818969726562,61.81363765716553,True,True
2014-12-19 00:00:00+00:00,66.0468521118164,61.84417589187622,True,True
2014-12-22 00:00:00+00:00,66.3185043334961,61.87625743865967,True,True
2014-12-23 00:00:00+00:00,66.54074096679688,61.91038625717163,True,True
2014-12-24 00:00:00+00:00,66.5489730834961,61.94716688156128,True,True
2014-12-26 00:00:00+00:00,66.71356201171875,61.983866939544676,True,True
2014-12-29 00:00:00+00:00,66.8946533203125,62.02475450515747,True,True
2014-12-30 00:00:00+00:00,66.49957275390625,62.066709728240966,True,True
2014-12-31 00:00:00+00:00,65.89047241210938,62.10425724029541,True,True
2015-01-02 00:00:00+00:00,65.87399291992188,62.13648931503296,True,True
2015-01-05 00:00:00+00:00,64.56525421142578,62.17026035308838,True,True
2015-01-06 00:00:00+00:00,63.865577697753906,62.19623111724854,True,True
2015-01-07 00:00:00+00:00,64.6310806274414,62.219143028259275,True,True
2015-01-08 00:00:00+00:00,65.76701354980469,62.24799850463867,True,True
2015-01-09 00:00:00+00:00,65.23197937011719,62.28155700683594,True,True
2015-01-12 00:00:00+00:00,64.58171081542969,62.314719123840334,True,True
2015-01-13 00:00:00+00:00,64.41710662841797,62.34519962310791,True,True
2015-01-14 00:00:00+00:00,64.0796127319336,62.37294448852539,True,True
2015-01-15 00:00:00+00:00,63.48698806762695,62.3963161277771,True,True
2015-01-16 00:00:00+00:00,64.35948181152344,62.41424222946167,True,True
2015-01-20 00:00:00+00:00,64.39239501953125,62.4353507232666,True,True
2015-01-21 00:00:00+00:00,64.83687591552734,62.456989994049074,True,True
2015-01-22 00:00:00+00:00,65.7423095703125,62.48427001953125,True,True
2015-01-23 00:00:00+00:00,65.38836669921875,62.52002450942993,True,True
2015-01-26 00:00:00+00:00,65.70938873291016,62.552422218322754,True,True
2015-01-27 00:00:00+00:00,65.18258666992188,62.58357654571533,True,True
2015-01-28 00:00:00+00:00,64.18663024902344,62.61832288742065,True,True
2015-01-29 00:00:00+00:00,64.77925109863281,62.65138580322266,True,True
2015-01-30 00:00:00+00:00,63.964359283447266,62.68484806060791,True,True
2015-02-02 00:00:00+00:00,64.65579223632812,62.71240451812744,True,True
2015-02-03 00:00:00+00:00,65.98103332519531,62.740406913757326,True,True
2015-02-04 00:00:00+00:00,65.61061096191406,62.774506416320804,True,True
2015-02-05 00:00:00+00:00,66.38434600830078,62.805980701446536,True,True
2015-02-06 00:00:00+00:00,66.10448455810547,62.83998071670532,True,True
2015-02-09 00:00:00+00:00,65.87399291992188,62.87282550811768,True,True
2015-02-10 00:00:00+00:00,66.51603698730469,62.904110984802244,True,True
2015-02-11 00:00:00+00:00,66.45016479492188,62.941333236694334,True,True
2015-02-12 00:00:00+00:00,67.15807342529297,62.978307495117186,True,True
2015-02-13 00:00:00+00:00,67.42145538330078,63.017519092559816,True,True
2015-02-17 00:00:00+00:00,67.59431457519531,63.05646045684814,True,True
2015-02-18 00:00:00+00:00,67.6601791381836,63.09614408493042,True,True
2015-02-19 00:00:00+00:00,67.62723541259766,63.1363604927063,True,True
2015-02-20 00:00:00+00:00,67.99765014648438,63.17600519180298,True,True
2015-02-23 00:00:00+00:00,67.91534423828125,63.220025005340574,True,True
2015-02-24 00:00:00+00:00,68.03878784179688,63.261842784881594,True,True
2015-02-25 00:00:00+00:00,68.03057098388672,63.30468465805054,True,True
2015-02-26 00:00:00+00:00,67.75069427490234,63.34703783035278,True,True
2015-02-27 00:00:00+00:00,67.62723541259766,63.384695568084716,True,True
2015-03-02 00:00:00+00:00,67.95648956298828,63.42185792922974,True,True
2015-03-03 00:00:00+00:00,67.70133209228516,63.46241649627686,True,True
2015-03-04 00:00:00+00:00,67.38030242919922,63.50426301956177,True,True
2015-03-05 00:00:00+00:00,67.5037841796875,63.54328353881836,True,True
2015-03-06 00:00:00+00:00,66.4913558959961,63.58182270050049,True,True
2015-03-09 00:00:00+00:00,66.65597534179688,63.61790420532227,True,True
2015-03-10 00:00:00+00:00,65.64351654052734,63.65265201568604,True,True
2015-03-11 00:00:00+00:00,65.64351654052734,63.681442184448244,True,True
2015-03-12 00:00:00+00:00,66.48309326171875,63.70868595123291,True,True
2015-03-13 00:00:00+00:00,66.02218627929688,63.738377723693844,True,True
2015-03-16 00:00:00+00:00,66.92757415771484,63.7660906791687,True,True
2015-03-17 00:00:00+00:00,66.6806640625,63.79653999328613,True,True
2015-03-18 00:00:00+00:00,67.62723541259766,63.82534774780274,True,True
2015-03-19 00:00:00+00:00,67.23214721679688,63.85835933685303,True,True
2015-03-20 00:00:00+00:00,67.88996887207031,63.88947696685791,True,True
2015-03-23 00:00:00+00:00,67.8486557006836,63.92294763565064,True,True
2015-03-24 00:00:00+00:00,67.44371795654297,63.95413635253906,True,True
2015-03-25 00:00:00+00:00,66.54289245605469,63.981672534942625,True,True
2015-03-26 00:00:00+00:00,66.3693618774414,64.00425695419311,True,True
2015-03-27 00:00:00+00:00,66.65862274169922,64.02654359817505,True,True
2015-03-30 00:00:00+00:00,67.44371795654297,64.05137516021729,True,True
2015-03-31 00:00:00+00:00,66.98094177246094,64.08192281723022,True,True
2015-04-01 00:00:00+00:00,66.807373046875,64.10909854888916,True,True
2015-04-02 00:00:00+00:00,67.10486602783203,64.13487733840942,True,True
2015-04-06 00:00:00+00:00,67.62549591064453,64.16071926116943,True,True
2015-04-07 00:00:00+00:00,67.37762451171875,64.18684492111205,True,True
2015-04-08 00:00:00+00:00,67.6007308959961,64.21128339767456,True,True
2015-04-09 00:00:00+00:00,67.86517333984375,64.23589807510376,True,True
2015-04-10 00:00:00+00:00,68.04698181152344,64.26212087631225,True,True
2015-04-13 00:00:00+00:00,67.70814514160156,64.29149913787842,True,True
2015-04-14 00:00:00+00:00,67.88996887207031,64.31771286010742,True,True
2015-04-15 00:00:00+00:00,68.31143951416016,64.3447947883606,True,True
2015-04-16 00:00:00+00:00,68.17921447753906,64.37316734313964,True,True
2015-04-17 00:00:00+00:00,67.41067504882812,64.40075626373292,True,True
2015-04-20 00:00:00+00:00,67.93958282470703,64.42286874771118,True,True
2015-04-21 00:00:00+00:00,67.85690307617188,64.44782995223999,True,True
2015-04-22 00:00:00+00:00,68.08832550048828,64.47058057785034,True,True
2015-04-23 00:00:00+00:00,68.30318450927734,64.49653049468994,True,True
2015-04-24 00:00:00+00:00,68.22054290771484,64.5251884651184,True,True
2015-04-27 00:00:00+00:00,67.8486557006836,64.55216701507568,True,True
2015-04-28 00:00:00+00:00,68.0387191772461,64.57875661849975,True,True
2015-04-29 00:00:00+00:00,67.75773620605469,64.6062148475647,True,True
2015-04-30 00:00:00+00:00,67.2536392211914,64.63116533279418,True,True
2015-05-01 00:00:00+00:00,67.93958282470703,64.65437126159668,True,True
2015-05-04 00:00:00+00:00,68.17921447753906,64.67994501113891,True,True
2015-05-05 00:00:00+00:00,67.34452819824219,64.7105153274536,True,True
2015-05-06 00:00:00+00:00,67.1131362915039,64.73388984680176,True,True
2015-05-07 00:00:00+00:00,67.2701644897461,64.75676109313964,True,True
2015-05-08 00:00:00+00:00,68.09657287597656,64.77902870178222,True,True
2015-05-11 00:00:00+00:00,67.82386779785156,64.80530576705932,True,True
2015-05-12 00:00:00+00:00,67.62549591064453,64.82956588745117,True,True
2015-05-13 00:00:00+00:00,67.62549591064453,64.85426364898682,True,True
2015-05-14 00:00:00+00:00,68.17921447753906,64.8789204788208,True,True
2015-05-15 00:00:00+00:00,68.32799530029297,64.90781625747681,True,True
2015-05-18 00:00:00+00:00,68.58417510986328,64.93749687194824,True,True
2015-05-19 00:00:00+00:00,68.43538665771484,64.9744214439392,True,True
2015-05-20 00:00:00+00:00,68.43538665771484,65.01125541687011,True,True
2015-05-21 00:00:00+00:00,68.61719512939453,65.04596563339233,True,True
2015-05-22 00:00:00+00:00,68.50153350830078,65.08440311431885,True,True
2015-05-26 00:00:00+00:00,67.71643829345703,65.12222143173217,True,True
2015-05-27 00:00:00+00:00,68.2701187133789,65.15782968521118,True,True
2015-05-28 00:00:00+00:00,68.14618682861328,65.19216291427612,True,True
2015-05-29 00:00:00+00:00,67.7412109375,65.22497774124146,True,True
2015-06-01 00:00:00+00:00,67.8486557006836,65.25642137527466,True,True
2015-06-02 00:00:00+00:00,67.85690307617188,65.28635999679565,True,True
2015-06-03 00:00:00+00:00,67.98088073730469,65.31486940383911,True,True
2015-06-04 00:00:00+00:00,67.36930084228516,65.34412158966065,True,True
2015-06-05 00:00:00+00:00,67.36105346679688,65.36757911682129,True,True
2015-06-08 00:00:00+00:00,66.93132019042969,65.38932094573974,True,True
2015-06-09 00:00:00+00:00,66.8900146484375,65.40781131744384,True,True
2015-06-10 00:00:00+00:00,67.65031433105469,65.42556411743163,True,True
2015-06-11 00:00:00+00:00,67.7907943725586,65.44764945983887,True,True
2015-06-12 00:00:00+00:00,67.36930084228516,65.46888521194458,True,True
2015-06-15 00:00:00+00:00,67.05530548095703,65.48772756576538,True,True
2015-06-16 00:00:00+00:00,67.41067504882812,65.50516332626343,True,True
2015-06-17 00:00:00+00:00,67.56768035888672,65.52449848175048,True,True
2015-06-18 00:00:00+00:00,68.17921447753906,65.54347484588624,True,True
2015-06-19 00:00:00+00:00,67.84571838378906,65.56575399398804,True,True
2015-06-22 00:00:00+00:00,68.25222778320312,65.58612054824829,True,True
2015-06-23 00:00:00+00:00,68.20246124267578,65.60892829895019,True,True
2015-06-24 00:00:00+00:00,67.67979431152344,65.63005764007568,True,True
2015-06-25 00:00:00+00:00,67.4143295288086,65.64951301574708,True,True
2015-06-26 00:00:00+00:00,67.48896026611328,65.66992832183838,True,True
2015-06-29 00:00:00+00:00,66.03716278076172,65.6900633430481,True,True
2015-06-30 00:00:00+00:00,66.20308685302734,65.7023674583435,True,True
2015-07-01 00:00:00+00:00,66.61790466308594,65.71778841018677,True,True
2015-07-02 00:00:00+00:00,66.5929946899414,65.7359778213501,True,True
2015-07-06 00:00:00+00:00,66.29432678222656,65.75187812805176,True,True
2015-07-07 00:00:00+00:00,66.84188079833984,65.7659991455078,True,True
2015-07-08 00:00:00+00:00,65.65552520751953,65.78167337417602,False,True
2015-07-09 00:00:00+00:00,65.81317138671875,65.79212070465088,True,False
2015-07-10 00:00:00+00:00,66.52662658691406,65.80630718231201,True,True
2015-07-13 00:00:00+00:00,67.1986312866211,65.82627401351928,True,True
2015-07-14 00:00:00+00:00,67.39771270751953,65.84714189529419,True,True
2015-07-15 00:00:00+00:00,67.16543579101562,65.8736773109436,True,True
2015-07-16 00:00:00+00:00,67.58025360107422,65.89687921524047,True,True
2015-07-17 00:00:00+00:00,67.24009704589844,65.92272897720336,True,True
2015-07-20 00:00:00+00:00,67.10736083984375,65.94831237792968,True,True
2015-07-21 00:00:00+00:00,66.85846710205078,65.97737142562866,True,True
2015-07-22 00:00:00+00:00,66.87507629394531,66.0048582458496,True,True
2015-07-23 00:00:00+00:00,66.55982208251953,66.02939529418946,True,True
2015-07-24 00:00:00+00:00,65.82144927978516,66.05284776687623,False,True
2015-07-27 00:00:00+00:00,65.42325592041016,66.07760854721069,False,False
2015-07-28 00:00:00+00:00,66.24456787109375,66.09529638290405,True,False
2015-07-29 00:00:00+00:00,66.80036926269531,66.12397603988647,True,True
2015-07-30 00:00:00+00:00,66.83358764648438,66.15912326812744,True,True
2015-07-31 00:00:00+00:00,66.84188079833984,66.19951850891113,True,True
2015-08-03 00:00:00+00:00,66.58470916748047,66.2383568572998,True,True
2015-08-04 00:00:00+00:00,66.5100326538086,66.27705692291259,True,True
2015-08-05 00:00:00+00:00,66.74234771728516,66.31444107055664,True,True
2015-08-06 00:00:00+00:00,66.29432678222656,66.34970798492432,False,True
2015-08-07 00:00:00+00:00,66.1781997680664,66.37957885742188,False,False
2015-08-10 00:00:00+00:00,67.11565399169922,66.40259881973266,True,False
2015-08-11 00:00:00+00:00,66.55982208251953,66.43288801193238,True,True
2015-08-12 00:00:00+00:00,66.67595672607422,66.45675033569336,True,True
2015-08-13 00:00:00+00:00,66.56807708740234,66.47898027420044,True,True
2015-08-14 00:00:00+00:00,66.83358764648438,66.50120357513428,True,True
2015-08-17 00:00:00+00:00,67.17372131347656,66.52081998825074,True,True
2015-08-18 00:00:00+00:00,67.03270721435547,66.5427928161621,True,True
2015-08-19 00:00:00+00:00,66.51834106445312,66.56180646896362,False,True
2015-08-20 00:00:00+00:00,65.14115905761719,66.57439596176147,False,False
2015-08-21 00:00:00+00:00,63.36583709716797,66.58001745223999,False,False
2015-08-24 00:00:00+00:00,60.835487365722656,66.57836067199707,False,False
2015-08-25 00:00:00+00:00,59.95610809326172,66.56159313201904,False,False
2015-08-26 00:00:00+00:00,61.92227554321289,66.53899436950684,False,False
2015-08-27 00:00:00+00:00,63.5151481628418,66.52581644058228,False,False
2015-08-28 00:00:00+00:00,63.65617752075195,66.51978328704834,False,False
2015-08-31 00:00:00+00:00,63.19157791137695,66.51437337875366,False,False
2015-09-01 00:00:00+00:00,61.391300201416016,66.50659931182861,False,False
2015-09-02 00:00:00+00:00,62.37028121948242,66.4904386329651,False,False
2015-09-03 00:00:00+00:00,62.63576126098633,66.47900897979736,False,False
2015-09-04 00:00:00+00:00,61.68169403076172,66.46845582962037,False,False
2015-09-08 00:00:00+00:00,63.24135971069336,66.45108316421509,False,False
2015-09-09 00:00:00+00:00,62.4366455078125,66.44220569610596,False,False
2015-09-10 00:00:00+00:00,62.660648345947266,66.42815711975098,False,False
2015-09-11 00:00:00+00:00,62.901214599609375,66.41326108932495,False,False
2015-09-14 00:00:00+00:00,62.63576126098633,66.39842046737671,False,False
2015-09-15 00:00:00+00:00,63.382423400878906,66.38249847412109,False,False
2015-09-16 00:00:00+00:00,64.02949523925781,66.37010490417481,False,False
2015-09-17 00:00:00+00:00,63.913333892822266,66.36172534942627,False,False
2015-09-18 00:00:00+00:00,62.79035568237305,66.35534696578979,False,False
2015-09-21 00:00:00+00:00,63.05692672729492,66.3415913772583,False,False
2015-09-22 00:00:00+00:00,62.107200622558594,66.3272014427185,False,False
2015-09-23 00:00:00+00:00,61.84894180297851,66.3087596321106,False,False
2015-09-24 00:00:00+00:00,61.61567306518555,66.28841178894044,False,False
2015-09-25 00:00:00+00:00,61.6573486328125,66.26935655593871,False,False
2015-09-28 00:00:00+00:00,59.94947814941406,66.25018182754516,False,False
2015-09-29 00:00:00+00:00,59.99946594238281,66.22783670425414,False,False
2015-09-30 00:00:00+00:00,61.28242111206055,66.20410207748414,False,False
2015-10-01 00:00:00+00:00,61.14914321899414,66.19182329177856,False,False
2015-10-02 00:00:00+00:00,62.16551208496094,66.180476436615,False,False
2015-10-05 00:00:00+00:00,63.44013977050781,66.1761787223816,False,False
2015-10-06 00:00:00+00:00,63.256874084472656,66.1717787361145,False,False
2015-10-07 00:00:00+00:00,63.90669250488281,66.15937215805053,False,False
2015-10-08 00:00:00+00:00,64.67314147949219,66.14867136001587,False,False
2015-10-09 00:00:00+00:00,64.65646362304688,66.14044454574585,False,False
2015-10-12 00:00:00+00:00,64.55648803710938,66.1310231590271,False,False
2015-10-13 00:00:00+00:00,64.03164672851562,66.12106073379516,False,False
2015-10-14 00:00:00+00:00,63.80670928955078,66.10765115737915,False,False
2015-10-15 00:00:00+00:00,64.63978576660156,66.09221143722534,False,False
2015-10-16 00:00:00+00:00,64.73146057128906,66.08291250228882,False,False
2015-10-19 00:00:00+00:00,64.63978576660156,66.07711744308472,False,False
2015-10-20 00:00:00+00:00,64.73146057128906,66.07094640731812,False,False
2015-10-21 00:00:00+00:00,64.2232894897461,66.07177743911743,False,False
2015-10-22 00:00:00+00:00,65.21463012695312,66.0735659980774,False,False
2015-10-23 00:00:00+00:00,65.47290802001953,66.07648374557495,False,False
2015-10-26 00:00:00+00:00,65.23133087158203,66.07501321792603,False,False
2015-10-27 00:00:00+00:00,64.91473388671875,66.07500997543335,False,False
2015-10-28 00:00:00+00:00,65.68119049072266,66.07667509078979,False,False
2015-10-29 00:00:00+00:00,65.59786224365234,66.08299551010131,False,False
2015-10-30 00:00:00+00:00,65.56453704833984,66.0905867576599,False,False
2015-11-02 00:00:00+00:00,66.42264556884766,66.10097450256347,True,False
2015-11-03 00:00:00+00:00,66.53092956542969,66.1112903213501,True,True
2015-11-04 00:00:00+00:00,66.30599212646484,66.12198299407959,True,True
2015-11-05 00:00:00+00:00,66.2060317993164,66.12932857513428,True,True
2015-11-06 00:00:00+00:00,66.08940124511719,66.1316471862793,False,True
2015-11-09 00:00:00+00:00,65.45622253417969,66.13515235900879,False,False
2015-11-10 00:00:00+00:00,65.67284393310547,66.13388652801514,False,False
2015-11-11 00:00:00+00:00,65.28126525878906,66.13633781433106,False,False
2015-11-12 00:00:00+00:00,64.2899169921875,66.14181098937988,False,False
2015-11-13 00:00:00+00:00,63.59843063354492,66.13936431884765,False,False
2015-11-16 00:00:00+00:00,64.5898208618164,66.13753467559815,False,False
2015-11-17 00:00:00+00:00,64.44819641113281,66.13720481872559,False,False
2015-11-18 00:00:00+00:00,65.47290802001953,66.12954063415528,False,False
2015-11-19 00:00:00+00:00,65.40626525878906,66.1288521194458,False,False
2015-11-20 00:00:00+00:00,65.6395263671875,66.12396171569824,False,False
2015-11-23 00:00:00+00:00,65.6395263671875,66.12163692474365,False,False
2015-11-24 00:00:00+00:00,65.85614013671875,66.12046459197998,False,False
2015-11-25 00:00:00+00:00,65.89778137207031,66.11716510772705,False,False
2015-11-27 00:00:00+00:00,65.8811264038086,66.11440319061279,False,False
2015-11-30 00:00:00+00:00,65.76451873779297,66.10801845550537,False,False
2015-12-01 00:00:00+00:00,66.37262725830078,66.09973377227783,True,False
2015-12-02 00:00:00+00:00,65.49790954589844,66.09362533569336,False,True
2015-12-03 00:00:00+00:00,64.5648422241211,66.08281398773194,False,False
2015-12-04 00:00:00+00:00,65.58951568603516,66.06750202178955,False,False
2015-12-07 00:00:00+00:00,65.0646743774414,66.0554613494873,False,False
2015-12-08 00:00:00+00:00,64.60650634765625,66.0412080001831,False,False
2015-12-09 00:00:00+00:00,64.1566162109375,66.02404659271241,False,False
2015-12-10 00:00:00+00:00,64.24825286865234,66.00467681884766,False,False
2015-12-11 00:00:00+00:00,62.99861526489258,65.98716461181641,False,False
2015-12-14 00:00:00+00:00,63.09025192260742,65.96402151107787,False,False
2015-12-15 00:00:00+00:00,63.74840545654297,65.93969032287598,False,False
2015-12-16 00:00:00+00:00,64.66480255126953,65.91992568969727,False,False
2015-12-17 00:00:00+00:00,63.57343673706055,65.90634819030761,False,False
2015-12-18 00:00:00+00:00,62.60025405883789,65.88669645309449,False,False
2015-12-21 00:00:00+00:00,63.09395980834961,65.8672409439087,False,False
2015-12-22 00:00:00+00:00,63.78849029541016,65.84943086624145,False,False
2015-12-23 00:00:00+00:00,64.89306640625,65.84015573501587,False,False
2015-12-24 00:00:00+00:00,64.77592468261719,65.83640348434449,False,False
2015-12-28 00:00:00+00:00,64.47469329833984,65.82786764144898,False,False
2015-12-29 00:00:00+00:00,65.15248107910156,65.82013017654418,False,False
2015-12-30 00:00:00+00:00,64.62528991699219,65.81125471115112,False,False
2015-12-31 00:00:00+00:00,64.13157653808594,65.80097784042358,False,False
2016-01-04 00:00:00+00:00,63.42033767700195,65.78349954605102,False,False
2016-01-05 00:00:00+00:00,63.57093811035156,65.76444049835204,False,False
2016-01-06 00:00:00+00:00,62.40781021118164,65.74284534454345,False,False
2016-01-07 00:00:00+00:00,60.99362564086914,65.71564111709594,False,False
2016-01-08 00:00:00+00:00,60.24889373779297,65.68339065551758,False,False
2016-01-11 00:00:00+00:00,60.05641174316406,65.65192066192627,False,False
2016-01-12 00:00:00+00:00,60.340946197509766,65.62035591125488,False,False
2016-01-13 00:00:00+00:00,58.82633590698242,65.58876752853394,False,False
2016-01-14 00:00:00+00:00,59.62965393066406,65.54568061828613,False,False
2016-01-15 00:00:00+00:00,58.49161148071289,65.50892417907716,False,False
2016-01-19 00:00:00+00:00,58.31589126586914,65.46734537124634,False,False
2016-01-20 00:00:00+00:00,57.69666290283203,65.42340049743652,False,False
2016-01-21 00:00:00+00:00,58.223846435546875,65.37375633239746,False,False
2016-01-22 00:00:00+00:00,59.370243072509766,65.3279874420166,False,False
2016-01-25 00:00:00+00:00,58.240596771240234,65.28683500289917,False,False
2016-01-26 00:00:00+00:00,59.311676025390625,65.23871212005615,False,False
2016-01-27 00:00:00+00:00,58.85981750488281,65.19503559112549,False,False
2016-01-28 00:00:00+00:00,58.90166473388672,65.1507939529419,False,False
2016-01-29 00:00:00+00:00,60.56687927246094,65.10585243225097,False,False
2016-02-01 00:00:00+00:00,60.54176712036133,65.06712963104248,False,False
2016-02-02 00:00:00+00:00,59.286582946777344,65.02894239425659,False,False
2016-02-03 00:00:00+00:00,59.863975524902344,64.98832193374633,False,False
2016-02-04 00:00:00+00:00,60.20704650878906,64.94794389724731,False,False
2016-02-05 00:00:00+00:00,59.1861457824707,64.9096946144104,False,False
2016-02-08 00:00:00+00:00,57.9393310546875,64.86518371582031,False,False
2016-02-09 00:00:00+00:00,57.76362228393555,64.81336444854736,False,False
2016-02-10 00:00:00+00:00,57.79709243774414,64.76107984542847,False,False
2016-02-11 00:00:00+00:00,56.97703552246094,64.71082202911377,False,False
2016-02-12 00:00:00+00:00,58.21548843383789,64.65551361083985,False,False
2016-02-16 00:00:00+00:00,59.37861633300781,64.60780237197876,False,False
2016-02-17 00:00:00+00:00,60.47481155395508,64.56842725753785,False,False
2016-02-18 00:00:00+00:00,60.34928512573242,64.53110340118408,False,False
2016-02-19 00:00:00+00:00,60.165225982666016,64.49195375442505,False,False
2016-02-22 00:00:00+00:00,61.21957778930664,64.45605724334717,False,False
2016-02-23 00:00:00+00:00,60.49156188964844,64.42658945083618,False,False
2016-02-24 00:00:00+00:00,60.85136795043945,64.3926964378357,False,False
2016-02-25 00:00:00+00:00,61.529178619384766,64.356470413208,False,False
2016-02-26 00:00:00+00:00,61.63798141479492,64.32499696731567,False,False
2016-02-29 00:00:00+00:00,61.16934967041016,64.29505939483643,False,False
2016-03-01 00:00:00+00:00,62.58354568481445,64.26277866363526,False,False
2016-03-02 00:00:00+00:00,63.035404205322266,64.23480031967163,False,False
2016-03-03 00:00:00+00:00,63.61278533935547,64.20833736419678,False,False
2016-03-04 00:00:00+00:00,63.93911361694336,64.18348041534423,False,False
2016-03-07 00:00:00+00:00,64.24874114990234,64.16099905014038,True,False
2016-03-08 00:00:00+00:00,63.19438934326172,64.14006582260131,False,True
2016-03-09 00:00:00+00:00,63.52908706665039,64.11295179367066,False,False
2016-03-10 00:00:00+00:00,63.62116241455078,64.0880895614624,False,False
2016-03-11 00:00:00+00:00,64.8177490234375,64.06761318206787,True,False
2016-03-14 00:00:00+00:00,64.7257308959961,64.05035133361817,True,True
2016-03-15 00:00:00+00:00,64.35751342773438,64.03324905395507,True,True
2016-03-16 00:00:00+00:00,64.96837615966797,64.01633056640625,True,True
2016-03-17 00:00:00+00:00,65.57087707519531,64.00192916870117,True,True
2016-03-18 00:00:00+00:00,65.87533569335938,63.99049903869629,True,True
2016-03-21 00:00:00+00:00,65.89216613769531,63.97997131347656,True,True
2016-03-22 00:00:00+00:00,65.8416976928711,63.972585639953614,True,True
2016-03-23 00:00:00+00:00,65.16883087158203,63.96498886108398,True,True
2016-03-24 00:00:00+00:00,65.09310913085938,63.95617641448975,True,True
2016-03-28 00:00:00+00:00,65.18563842773438,63.947191886901855,True,True
2016-03-29 00:00:00+00:00,65.85010528564453,63.934868507385254,True,True
2016-03-30 00:00:00+00:00,66.05195617675781,63.925165061950686,True,True
2016-03-31 00:00:00+00:00,66.05195617675781,63.91857833862305,True,True
2016-04-01 00:00:00+00:00,66.31271362304688,63.91356159210205,True,True
2016-04-04 00:00:00+00:00,65.8837661743164,63.908071784973146,True,True
2016-04-05 00:00:00+00:00,65.14356231689453,63.89965221405029,True,True
2016-04-06 00:00:00+00:00,65.83330535888672,63.88447395324707,True,True
2016-04-07 00:00:00+00:00,65.00902557373047,63.87441188812256,True,True
2016-04-08 00:00:00+00:00,65.29498291015625,63.8581958770752,True,True
2016-04-11 00:00:00+00:00,65.21929168701172,63.8436584854126,True,True
2016-04-12 00:00:00+00:00,65.92581176757812,63.83135597229004,True,True
2016-04-13 00:00:00+00:00,66.7585220336914,63.823913383483884,True,True
2016-04-14 00:00:00+00:00,66.62390899658203,63.82026119232178,True,True
2016-04-15 00:00:00+00:00,66.6070785522461,63.82319492340088,True,True
2016-04-18 00:00:00+00:00,67.0865478515625,63.825214881896976,True,True
2016-04-19 00:00:00+00:00,67.38095092773438,63.82755809783936,True,True
2016-04-20 00:00:00+00:00,67.50709533691406,63.83149787902832,True,True
2016-04-21 00:00:00+00:00,67.05292510986328,63.837561721801755,True,True
2016-04-22 00:00:00+00:00,67.47345733642578,63.838616943359376,True,True
2016-04-25 00:00:00+00:00,67.18748474121094,63.8477066040039,True,True
2016-04-26 00:00:00+00:00,67.6584701538086,63.854578170776364,True,True
2016-04-27 00:00:00+00:00,68.09587860107422,63.86023738861084,True,True
2016-04-28 00:00:00+00:00,67.28839874267578,63.8647236251831,True,True
2016-04-29 00:00:00+00:00,66.87627410888672,63.86417705535889,True,True
2016-05-02 00:00:00+00:00,67.27159118652344,63.86273124694824,True,True
2016-05-03 00:00:00+00:00,66.51461029052734,63.86118793487549,True,True
2016-05-04 00:00:00+00:00,66.08563232421875,63.85756050109863,True,True
2016-05-05 00:00:00+00:00,66.06880950927734,63.85245185852051,True,True
2016-05-06 00:00:00+00:00,66.27909088134766,63.84850357055664,True,True
2016-05-09 00:00:00+00:00,66.25386047363281,63.84552364349365,True,True
2016-05-10 00:00:00+00:00,67.0697021484375,63.84399383544922,True,True
2016-05-11 00:00:00+00:00,66.3968505859375,63.85023509979248,True,True
2016-05-12 00:00:00+00:00,66.38002014160156,63.85510307312012,True,True
2016-05-13 00:00:00+00:00,65.74077606201172,63.855780334472655,True,True
2016-05-16 00:00:00+00:00,66.41365051269531,63.85048236846924,True,True
2016-05-17 00:00:00+00:00,65.95947265625,63.84838268280029,True,True
2016-05-18 00:00:00+00:00,65.79962921142578,63.84397064208984,True,True
2016-05-19 00:00:00+00:00,65.60620880126953,63.84004524230957,True,True
2016-05-20 00:00:00+00:00,66.09406280517578,63.835526123046876,True,True
2016-05-23 00:00:00+00:00,66.05195617675781,63.832284698486326,True,True
2016-05-24 00:00:00+00:00,66.90147399902344,63.83107284545898,True,True
2016-05-25 00:00:00+00:00,67.42298889160156,63.83468921661377,True,True
2016-05-26 00:00:00+00:00,67.37254333496094,63.83622589111328,True,True
2016-05-27 00:00:00+00:00,67.75943756103516,63.84028949737549,True,True
2016-05-31 00:00:00+00:00,67.78466796875,63.845706901550294,True,True
2016-06-01 00:00:00+00:00,67.9276351928711,63.85178985595703,True,True
2016-06-02 00:00:00+00:00,68.2220458984375,63.857260093688964,True,True
2016-06-03 00:00:00+00:00,67.98651885986328,63.86250171661377,True,True
2016-06-06 00:00:00+00:00,68.44912719726562,63.86727077484131,True,True
2016-06-07 00:00:00+00:00,68.70147705078125,63.876924705505374,True,True
2016-06-08 00:00:00+00:00,68.89494323730469,63.894726295471195,True,True
2016-06-09 00:00:00+00:00,68.71827697753906,63.922371826171876,True,True
2016-06-10 00:00:00+00:00,67.8014907836914,63.961785774230954,True,True
2016-06-13 00:00:00+00:00,67.19588470458984,64.0010126876831,True,True
2016-06-14 00:00:00+00:00,66.98560333251953,64.02738073348999,True,True
2016-06-15 00:00:00+00:00,66.9940414428711,64.04473300933837,True,True
2016-06-16 00:00:00+00:00,67.0697021484375,64.06142232894898,True,True
2016-06-17 00:00:00+00:00,67.18522644042969,64.08081295013427,True,True
2016-06-20 00:00:00+00:00,67.74163818359375,64.10978258132934,True,True
2016-06-21 00:00:00+00:00,67.78380584716797,64.13663936614991,True,True
2016-06-22 00:00:00+00:00,67.71636199951172,64.16237958908081,True,True
2016-06-23 00:00:00+00:00,68.7027587890625,64.19255292892456,True,True
2016-06-24 00:00:00+00:00,65.86160278320312,64.21985992431641,True,True
2016-06-27 00:00:00+00:00,64.19227600097656,64.23698471069336,False,True
2016-06-28 00:00:00+00:00,65.44847106933594,64.24464284896851,True,False
2016-06-29 00:00:00+00:00,66.70466613769531,64.25737913131714,True,True
2016-06-30 00:00:00+00:00,67.74163818359375,64.27772365570068,True,True
2016-07-01 00:00:00+00:00,67.95243835449219,64.29951972961426,True,True
2016-07-05 00:00:00+00:00,67.13462829589844,64.31913444519043,True,True
2016-07-06 00:00:00+00:00,67.53934478759766,64.33524091720581,True,True
2016-07-07 00:00:00+00:00,67.5308837890625,64.35898586273193,True,True
2016-07-08 00:00:00+00:00,68.79551696777344,64.38135564804077,True,True
2016-07-11 00:00:00+00:00,69.06529998779297,64.41479722976685,True,True
2016-07-12 00:00:00+00:00,69.88308715820312,64.45087902069092,True,True
2016-07-13 00:00:00+00:00,69.84091186523438,64.49221609115601,True,True
2016-07-14 00:00:00+00:00,70.13601684570312,64.53313390731812,True,True
2016-07-15 00:00:00+00:00,70.09385681152344,64.58406660079956,True,True
2016-07-18 00:00:00+00:00,70.2203140258789,64.63453855514527,True,True
2016-07-19 00:00:00+00:00,70.03482055664062,64.67922801971436,True,True
2016-07-20 00:00:00+00:00,70.38050842285156,64.72365640640258,True,True
2016-07-21 00:00:00+00:00,70.11912536621094,64.76473138809204,True,True
2016-07-22 00:00:00+00:00,70.56597900390625,64.79812631607055,True,True
2016-07-25 00:00:00+00:00,70.40581512451172,64.83467184066772,True,True
2016-07-26 00:00:00+00:00,70.71774291992188,64.86716745376587,True,True
2016-07-27 00:00:00+00:00,70.34676361083984,64.89739046096801,True,True
2016-07-28 00:00:00+00:00,70.48168182373047,64.92584196090698,True,True
2016-07-29 00:00:00+00:00,70.54911041259766,64.95546792984008,True,True
2016-08-01 00:00:00+00:00,70.28777313232422,64.9880552482605,True,True
2016-08-02 00:00:00+00:00,69.5711441040039,65.02046056747436,True,True
2016-08-03 00:00:00+00:00,69.9674072265625,65.04511735916138,True,True
2016-08-04 00:00:00+00:00,70.00953674316406,65.07129709243775,True,True
2016-08-05 00:00:00+00:00,70.59127807617188,65.09814584732055,True,True
2016-08-08 00:00:00+00:00,70.64186096191406,65.12744493484497,True,True
2016-08-09 00:00:00+00:00,70.53226470947266,65.15953779220581,True,True
2016-08-10 00:00:00+00:00,70.34676361083984,65.1861259651184,True,True
2016-08-11 00:00:00+00:00,70.86949157714844,65.21049524307251,True,True
2016-08-12 00:00:00+00:00,70.80206298828125,65.23868604660034,True,True
2016-08-15 00:00:00+00:00,71.1392822265625,65.26812269210815,True,True
2016-08-16 00:00:00+00:00,70.7345962524414,65.29541315078735,True,True
2016-08-17 00:00:00+00:00,70.7851791381836,65.3210968208313,True,True
2016-08-18 00:00:00+00:00,71.16455841064453,65.34720003128052,True,True
2016-08-19 00:00:00+00:00,71.18987274169922,65.37090959548951,True,True
2016-08-22 00:00:00+00:00,71.10552215576172,65.39420431137086,True,True
2016-08-23 00:00:00+00:00,71.41748046875,65.41820196151734,True,True
2016-08-24 00:00:00+00:00,70.9200668334961,65.44425920486451,True,True
2016-08-25 00:00:00+00:00,70.91165924072266,65.4684125328064,True,True
2016-08-26 00:00:00+00:00,70.69244384765625,65.49568971633911,True,True
2016-08-29 00:00:00+00:00,71.08867645263672,65.52078771591187,True,True
2016-08-30 00:00:00+00:00,70.9791030883789,65.5498247718811,True,True
2016-08-31 00:00:00+00:00,70.65869903564453,65.58327070236206,True,True
2016-09-01 00:00:00+00:00,70.64186096191406,65.61857204437256,True,True
2016-09-02 00:00:00+00:00,70.99595642089844,65.64883224487305,True,True
2016-09-06 00:00:00+00:00,71.114013671875,65.68157104492188,True,True
2016-09-07 00:00:00+00:00,71.31631469726562,65.70977657318116,True,True
2016-09-08 00:00:00+00:00,71.19831848144531,65.73932682037353,True,True
2016-09-09 00:00:00+00:00,69.27604675292969,65.76712078094482,True,True
2016-09-12 00:00:00+00:00,70.25403594970703,65.78530338287354,True,True
2016-09-13 00:00:00+00:00,69.07372283935547,65.80729286193848,True,True
2016-09-14 00:00:00+00:00,68.97254943847656,65.8231725692749,True,True
2016-09-15 00:00:00+00:00,69.66387939453125,65.83862968444824,True,True
2016-09-16 00:00:00+00:00,69.35926818847656,65.85812648773194,True,True
2016-09-19 00:00:00+00:00,69.52003479003906,65.87305969238281,True,True
2016-09-20 00:00:00+00:00,69.35082244873047,65.89317031860351,True,True
2016-09-21 00:00:00+00:00,70.2900390625,65.91710021972656,True,True
2016-09-22 00:00:00+00:00,70.84004211425781,65.94060283660889,True,True
2016-09-23 00:00:00+00:00,70.48466491699219,65.96947967529297,True,True
2016-09-26 00:00:00+00:00,69.9431381225586,65.99887046813964,True,True
2016-09-27 00:00:00+00:00,70.25617980957031,66.02780307769775,True,True
2016-09-28 00:00:00+00:00,70.74695587158203,66.05784271240235,True,True
2016-09-29 00:00:00+00:00,70.15467071533203,66.09658441543579,True,True
2016-09-30 00:00:00+00:00,70.73003387451172,66.13190650939941,True,True
2016-10-03 00:00:00+00:00,70.43389892578125,66.16681465148926,True,True
2016-10-04 00:00:00+00:00,70.00233459472656,66.19566013336181,True,True
2016-10-05 00:00:00+00:00,70.4169692993164,66.22780462265014,True,True
2016-10-06 00:00:00+00:00,70.45081329345703,66.26688819885254,True,True
2016-10-07 00:00:00+00:00,70.07003021240234,66.30367246627807,True,True
2016-10-10 00:00:00+00:00,70.38313293457031,66.33508016586303,True,True
2016-10-11 00:00:00+00:00,69.3338623046875,66.36253049850464,True,True
2016-10-12 00:00:00+00:00,69.42695617675781,66.38532018661499,True,True
2016-10-13 00:00:00+00:00,69.17311096191406,66.41008150100708,True,True
2016-10-14 00:00:00+00:00,69.12236022949219,66.43018465042114,True,True
2016-10-17 00:00:00+00:00,68.88544464111328,66.45267000198365,True,True
2016-10-18 00:00:00+00:00,69.35926818847656,66.47643934249878,True,True
2016-10-19 00:00:00+00:00,69.69773864746094,66.50613399505615,True,True
2016-10-20 00:00:00+00:00,69.56236267089844,66.5367679977417,True,True
2016-10-21 00:00:00+00:00,69.52003479003906,66.57254076004028,True,True
2016-10-24 00:00:00+00:00,69.74003601074219,66.61517280578613,True,True
2016-10-25 00:00:00+00:00,69.34234619140625,66.66262851715088,True,True
2016-10-26 00:00:00+00:00,69.30850982666016,66.7090581893921,True,True
2016-10-27 00:00:00+00:00,68.90232849121094,66.75389600753785,True,True
2016-10-28 00:00:00+00:00,68.89388275146484,66.80427597045899,True,True
2016-10-31 00:00:00+00:00,69.00387573242188,66.85059711456299,True,True
2016-11-01 00:00:00+00:00,68.43695068359375,66.90315843582154,True,True
2016-11-02 00:00:00+00:00,67.94618225097656,66.95376373291016,True,True
2016-11-03 00:00:00+00:00,67.72620391845703,67.00501132965088,True,True
2016-11-04 00:00:00+00:00,67.73464965820312,67.05252311706543,True,True
2016-11-07 00:00:00+00:00,69.1985092163086,67.0943451499939,True,True
2016-11-08 00:00:00+00:00,69.46080017089844,67.14913471221924,True,True
2016-11-09 00:00:00+00:00,70.28156280517578,67.19988033294678,True,True
2016-11-10 00:00:00+00:00,70.79773712158203,67.25698905944824,True,True
2016-11-11 00:00:00+00:00,70.79773712158203,67.31646942138671,True,True
2016-11-14 00:00:00+00:00,71.3900375366211,67.36762371063233,True,True
2016-11-15 00:00:00+00:00,71.9146728515625,67.42186506271362,True,True
2016-11-16 00:00:00+00:00,71.60157775878906,67.48500551223755,True,True
2016-11-17 00:00:00+00:00,71.98233795166016,67.54369352340699,True,True
2016-11-18 00:00:00+00:00,71.81309509277344,67.60256998062134,True,True
2016-11-21 00:00:00+00:00,72.38003540039062,67.66570472717285,True,True
2016-11-22 00:00:00+00:00,72.60003662109375,67.73790824890136,True,True
2016-11-23 00:00:00+00:00,72.77772521972656,67.81209032058716,True,True
2016-11-25 00:00:00+00:00,73.0400390625,67.88699348449707,True,True
2016-11-28 00:00:00+00:00,72.54925537109375,67.96730850219727,True,True
2016-11-29 00:00:00+00:00,72.60003662109375,68.03897733688355,True,True
2016-11-30 00:00:00+00:00,72.616943359375,68.10508443832397,True,True
2016-12-01 00:00:00+00:00,72.39695739746094,68.16579509735108,True,True
2016-12-02 00:00:00+00:00,72.41387939453125,68.22603345870972,True,True
2016-12-05 00:00:00+00:00,72.95539855957031,68.28727672576905,True,True
2016-12-06 00:00:00+00:00,73.32775115966797,68.34595582962037,True,True
2016-12-07 00:00:00+00:00,74.37696838378906,68.41013677597046,True,True
2016-12-08 00:00:00+00:00,74.68157958984375,68.47776477813721,True,True
2016-12-09 00:00:00+00:00,74.89308166503906,68.5435267829895,True,True
2016-12-12 00:00:00+00:00,74.50390625,68.60980228424073,True,True
2016-12-13 00:00:00+00:00,74.81695556640625,68.67647506713867,True,True
2016-12-14 00:00:00+00:00,74.03851318359375,68.73764211654662,True,True
2016-12-15 00:00:00+00:00,74.30082702636719,68.79265766143799,True,True
2016-12-16 00:00:00+00:00,74.09484100341797,68.84609786987305,True,True
2016-12-19 00:00:00+00:00,74.20502471923828,68.89687650680543,True,True
2016-12-20 00:00:00+00:00,74.45082092285156,68.9466579246521,True,True
2016-12-21 00:00:00+00:00,74.28132629394531,69.00294008255005,True,True
2016-12-22 00:00:00+00:00,73.98466491699219,69.05670127868652,True,True
2016-12-23 00:00:00+00:00,74.13723754882812,69.10851879119873,True,True
2016-12-27 00:00:00+00:00,74.38299560546875,69.15511623382568,True,True
2016-12-28 00:00:00+00:00,73.62020874023438,69.20340255737305,True,True
2016-12-29 00:00:00+00:00,73.64563751220703,69.24971603393554,True,True
2016-12-30 00:00:00+00:00,73.43374633789062,69.29310234069824,True,True
2017-01-03 00:00:00+00:00,74.01856994628906,69.33241668701172,True,True
2017-01-04 00:00:00+00:00,74.73902893066406,69.37313285827636,True,True
2017-01-05 00:00:00+00:00,74.53557586669922,69.41736717224121,True,True
2017-01-06 00:00:00+00:00,74.73902893066406,69.46083656311035,True,True
2017-01-09 00:00:00+00:00,74.3321533203125,69.50868755340576,True,True
2017-01-10 00:00:00+00:00,74.39998626708984,69.55488277435303,True,True
2017-01-11 00:00:00+00:00,74.59492492675781,69.60095451354981,True,True
2017-01-12 00:00:00+00:00,74.47627258300781,69.64467861175537,True,True
2017-01-13 00:00:00+00:00,74.62883758544922,69.68680019378662,True,True
2017-01-17 00:00:00+00:00,74.43389129638672,69.72968460083008,True,True
2017-01-18 00:00:00+00:00,74.65423583984375,69.77029048919678,True,True
2017-01-19 00:00:00+00:00,74.28132629394531,69.81414283752441,True,True
2017-01-20 00:00:00+00:00,74.56101989746094,69.85983165740967,True,True
2017-01-23 00:00:00+00:00,74.34065246582031,69.90347023010254,True,True
2017-01-24 00:00:00+00:00,75.07804107666016,69.95012836456299,True,True
2017-01-25 00:00:00+00:00,75.64590454101562,69.99904365539551,True,True
2017-01-26 00:00:00+00:00,75.4424819946289,70.05117671966553,True,True
2017-01-27 00:00:00+00:00,75.21365356445312,70.09876007080078,True,True
2017-01-30 00:00:00+00:00,74.78986358642578,70.1410357284546,True,True
2017-01-31 00:00:00+00:00,74.90851593017578,70.1818655014038,True,True
2017-02-01 00:00:00+00:00,74.7220458984375,70.22337268829345,True,True
2017-02-02 00:00:00+00:00,74.88309478759766,70.26155017852783,True,True
2017-02-03 00:00:00+00:00,75.40009307861328,70.29906089782715,True,True
2017-02-06 00:00:00+00:00,75.1966781616211,70.33852588653565,True,True
2017-02-07 00:00:00+00:00,75.12040710449219,70.37924465179444,True,True
2017-02-08 00:00:00+00:00,75.28144073486328,70.41747940063476,True,True
2017-02-09 00:00:00+00:00,75.74761199951172,70.45794918060302,True,True
2017-02-10 00:00:00+00:00,76.17138671875,70.49839488983154,True,True
2017-02-13 00:00:00+00:00,76.51041412353516,70.53877243041993,True,True
2017-02-14 00:00:00+00:00,76.71387481689453,70.58488250732422,True,True
2017-02-15 00:00:00+00:00,77.08679962158203,70.63407051086426,True,True
2017-02-16 00:00:00+00:00,76.89183044433594,70.68314655303955,True,True
2017-02-17 00:00:00+00:00,77.04440307617188,70.73503265380859,True,True
2017-02-21 00:00:00+00:00,77.58683776855469,70.78982650756836,True,True
2017-02-22 00:00:00+00:00,77.40037536621094,70.84741664886475,True,True
2017-02-23 00:00:00+00:00,77.26475524902344,70.90302307128906,True,True
2017-02-24 00:00:00+00:00,77.47665405273438,70.95807754516602,True,True
2017-02-27 00:00:00+00:00,77.65467071533203,71.0101123046875,True,True
2017-02-28 00:00:00+00:00,77.25630950927734,71.06640140533447,True,True
2017-03-01 00:00:00+00:00,78.20559692382812,71.12078285217285,True,True
2017-03-02 00:00:00+00:00,77.69701385498047,71.18310695648194,True,True
2017-03-03 00:00:00+00:00,77.6885757446289,71.23952377319335,True,True
2017-03-06 00:00:00+00:00,77.34105682373047,71.29816928863525,True,True
2017-03-07 00:00:00+00:00,76.99352264404297,71.35587642669678,True,True
2017-03-08 00:00:00+00:00,76.81555938720703,71.41281299591064,True,True
2017-03-09 00:00:00+00:00,76.74775695800781,71.4664204788208,True,True
2017-03-10 00:00:00+00:00,77.05289459228516,71.51989948272706,True,True
2017-03-13 00:00:00+00:00,77.20543670654297,71.57065658569336,True,True
2017-03-14 00:00:00+00:00,76.84098052978516,71.61956882476807,True,True
2017-03-15 00:00:00+00:00,77.68009185791016,71.66691101074218,True,True
2017-03-16 00:00:00+00:00,77.50210571289062,71.71651428222657,True,True
2017-03-17 00:00:00+00:00,77.4765396118164,71.76510147094727,True,True
2017-03-20 00:00:00+00:00,77.25534057617188,71.81284599304199,True,True
2017-03-21 00:00:00+00:00,76.24287414550781,71.85801246643067,True,True
2017-03-22 00:00:00+00:00,76.3790054321289,71.89929424285889,True,True
2017-03-23 00:00:00+00:00,76.41301727294922,71.93894363403321,True,True
2017-03-24 00:00:00+00:00,76.41301727294922,71.97750133514404,True,True
2017-03-27 00:00:00+00:00,76.2768783569336,72.01509170532226,True,True
2017-03-28 00:00:00+00:00,76.9065170288086,72.05288471221924,True,True
2017-03-29 00:00:00+00:00,77.1702651977539,72.09840984344483,True,True
2017-03-30 00:00:00+00:00,77.32340240478516,72.14828174591065,True,True
2017-03-31 00:00:00+00:00,77.27234649658203,72.19997074127197,True,True
2017-04-03 00:00:00+00:00,76.96607208251953,72.25136226654053,True,True
2017-04-04 00:00:00+00:00,76.87247467041016,72.30084411621094,True,True
2017-04-05 00:00:00+00:00,76.65973663330078,72.34928035736084,True,True
2017-04-06 00:00:00+00:00,77.06817626953125,72.39387084960937,True,True
2017-04-07 00:00:00+00:00,77.00008392333984,72.44029270172119,True,True
2017-04-10 00:00:00+00:00,77.17877197265625,72.48671131134033,True,True
2017-04-11 00:00:00+00:00,77.20429992675781,72.5290913772583,True,True
2017-04-12 00:00:00+00:00,76.72783660888672,72.58580486297608,True,True
2017-04-13 00:00:00+00:00,76.19183349609375,72.64848266601562,True,True
2017-04-17 00:00:00+00:00,76.81290435791016,72.70219947814941,True,True
2017-04-18 00:00:00+00:00,76.59169006347656,72.75274066925049,True,True
2017-04-19 00:00:00+00:00,76.6172103881836,72.7969909286499,True,True
2017-04-20 00:00:00+00:00,77.24684143066406,72.84031478881836,True,True
2017-04-21 00:00:00+00:00,77.00008392333984,72.8908758544922,True,True
2017-04-24 00:00:00+00:00,77.75733947753906,72.9381795501709,True,True
2017-04-25 00:00:00+00:00,78.1657485961914,72.98931182861328,True,True
2017-04-26 00:00:00+00:00,78.1827392578125,73.03616298675537,True,True
2017-04-27 00:00:00+00:00,78.14873504638672,73.08175018310547,True,True
2017-04-28 00:00:00+00:00,77.78286743164062,73.12307842254639,True,True
2017-05-01 00:00:00+00:00,77.74884033203125,73.16278820037842,True,True
2017-05-02 00:00:00+00:00,77.81689453125,73.20085231781006,True,True
2017-05-03 00:00:00+00:00,77.57014465332031,73.23946750640869,True,True
2017-05-04 00:00:00+00:00,77.63823699951172,73.2762166595459,True,True
2017-05-05 00:00:00+00:00,78.14873504638672,73.31423374176025,True,True
2017-05-08 00:00:00+00:00,77.97006225585938,73.35307487487793,True,True
2017-05-09 00:00:00+00:00,77.91898345947266,73.39232955932617,True,True
2017-05-10 00:00:00+00:00,78.21680450439453,73.429094581604,True,True
2017-05-11 00:00:00+00:00,77.89347839355469,73.46814952850342,True,True
2017-05-12 00:00:00+00:00,77.54460906982422,73.50402820587158,True,True
2017-05-15 00:00:00+00:00,78.01258850097656,73.5400174331665,True,True
2017-05-16 00:00:00+00:00,77.80836486816406,73.57767196655273,True,True
2017-05-17 00:00:00+00:00,76.60871887207031,73.61396823883057,True,True
2017-05-18 00:00:00+00:00,76.77886962890625,73.64557296752929,True,True
2017-05-19 00:00:00+00:00,77.4000015258789,73.68161159515381,True,True
2017-05-22 00:00:00+00:00,77.79988861083984,73.7187745666504,True,True
2017-05-23 00:00:00+00:00,77.81689453125,73.75772632598877,True,True
2017-05-24 00:00:00+00:00,77.987060546875,73.79385440826417,True,True
2017-05-25 00:00:00+00:00,78.30186462402344,73.83058040618897,True,True
2017-05-26 00:00:00+00:00,78.28485870361328,73.86942840576172,True,True
2017-05-30 00:00:00+00:00,78.14020538330078,73.90911888122558,True,True
2017-05-31 00:00:00+00:00,78.21680450439453,73.94547245025635,True,True
2017-06-01 00:00:00+00:00,79.02507019042969,73.98254615783691,True,True
2017-06-02 00:00:00+00:00,79.13568878173828,74.02197509765625,True,True
2017-06-05 00:00:00+00:00,78.96551513671875,74.06398056030274,True,True
2017-06-06 00:00:00+00:00,78.65074920654297,74.10488224029541,True,True
2017-06-07 00:00:00+00:00,78.7273178100586,74.1423131942749,True,True
2017-06-08 00:00:00+00:00,78.78685760498047,74.1800004196167,True,True
2017-06-09 00:00:00+00:00,79.02507019042969,74.21840709686279,True,True
2017-06-12 00:00:00+00:00,79.12715911865234,74.2564450454712,True,True
2017-06-13 00:00:00+00:00,79.62919616699219,74.29748050689697,True,True
2017-06-14 00:00:00+00:00,79.45048522949219,74.34106819152832,True,True
2017-06-15 00:00:00+00:00,79.28030395507812,74.3848583984375,True,True
2017-06-16 00:00:00+00:00,79.29824829101562,74.4258165359497,True,True
2017-06-19 00:00:00+00:00,79.79344177246094,74.46741226196289,True,True
2017-06-20 00:00:00+00:00,79.14459228515625,74.51308597564697,True,True
2017-06-21 00:00:00+00:00,78.9226303100586,74.55559963226318,True,True
2017-06-22 00:00:00+00:00,78.94822692871094,74.59523300170899,True,True
2017-06-23 00:00:00+00:00,79.12750244140625,74.63440406799316,True,True
2017-06-26 00:00:00+00:00,79.3580093383789,74.67346000671387,True,True
2017-06-27 00:00:00+00:00,78.82867431640625,74.71425846099854,True,True
2017-06-28 00:00:00+00:00,79.44341278076172,74.76202159881592,True,True
2017-06-29 00:00:00+00:00,78.87992095947266,74.80796848297119,True,True
2017-06-30 00:00:00+00:00,79.12750244140625,74.85699947357178,True,True
2017-07-03 00:00:00+00:00,79.46049499511719,74.90777423858643,True,True
2017-07-05 00:00:00+00:00,79.3409423828125,74.95675731658936,True,True
2017-07-06 00:00:00+00:00,78.47010040283203,75.00666568756104,True,True
2017-07-07 00:00:00+00:00,78.97381591796875,75.051416015625,True,True
2017-07-10 00:00:00+00:00,78.99089050292969,75.09953098297119,True,True
2017-07-11 00:00:00+00:00,78.9226303100586,75.14303524017333,True,True
2017-07-12 00:00:00+00:00,79.46898651123047,75.18344818115234,True,True
2017-07-13 00:00:00+00:00,79.69950866699219,75.22836978912353,True,True
2017-07-14 00:00:00+00:00,80.04957580566406,75.2771516418457,True,True
2017-07-17 00:00:00+00:00,80.14350128173828,75.32611862182617,True,True
2017-07-18 00:00:00+00:00,79.97274017333984,75.37310134887696,True,True
2017-07-19 00:00:00+00:00,80.54475402832031,75.42219169616699,True,True
2017-07-20 00:00:00+00:00,80.50206756591797,75.47126529693604,True,True
2017-07-21 00:00:00+00:00,80.51913452148438,75.52160614013673,True,True
2017-07-24 00:00:00+00:00,80.45938110351562,75.57419013977051,True,True
2017-07-25 00:00:00+00:00,80.77526092529297,75.6244021987915,True,True
2017-07-26 00:00:00+00:00,80.61306762695312,75.67602443695068,True,True
2017-07-27 00:00:00+00:00,80.52769470214844,75.72873962402343,True,True
2017-07-28 00:00:00+00:00,80.42522430419922,75.77946243286132,True,True
2017-07-31 00:00:00+00:00,80.39108276367188,75.83491924285889,True,True
2017-08-01 00:00:00+00:00,80.47644805908203,75.88973987579345,True,True
2017-08-02 00:00:00+00:00,80.2203369140625,75.9462565612793,True,True
2017-08-03 00:00:00+00:00,80.01543426513672,76.00174644470215,True,True
2017-08-04 00:00:00+00:00,80.13494873046875,76.05739639282227,True,True
2017-08-07 00:00:00+00:00,80.2203369140625,76.11127479553222,True,True
2017-08-08 00:00:00+00:00,80.02396392822266,76.16388778686523,True,True
2017-08-09 00:00:00+00:00,79.91294860839844,76.21619579315185,True,True
2017-08-10 00:00:00+00:00,78.76892852783203,76.26816036224365,True,True
2017-08-11 00:00:00+00:00,78.7859878540039,76.3133048248291,True,True
2017-08-14 00:00:00+00:00,79.52876281738281,76.36052303314209,True,True
2017-08-15 00:00:00+00:00,79.38365173339844,76.4116242980957,True,True
2017-08-16 00:00:00+00:00,79.58854675292969,76.46403091430665,True,True
2017-08-17 00:00:00+00:00,78.36764526367188,76.51750423431396,True,True
2017-08-18 00:00:00+00:00,78.18833923339844,76.56432308197022,True,True
2017-08-21 00:00:00+00:00,78.25666046142578,76.61308002471924,True,True
2017-08-22 00:00:00+00:00,78.99946594238281,76.66463241577148,True,True
2017-08-23 00:00:00+00:00,78.76892852783203,76.7209987258911,True,True
2017-08-24 00:00:00+00:00,78.66646575927734,76.77617012023926,True,True
2017-08-25 00:00:00+00:00,78.9396743774414,76.8235099029541,True,True
2017-08-28 00:00:00+00:00,78.84575653076172,76.87090427398681,True,True
2017-08-29 00:00:00+00:00,78.76892852783203,76.91372524261475,True,True
2017-08-30 00:00:00+00:00,79.14459228515625,76.953581199646,True,True
2017-08-31 00:00:00+00:00,79.58854675292969,76.99531547546387,True,True
2017-09-01 00:00:00+00:00,79.91294860839844,77.03630802154541,True,True
2017-09-05 00:00:00+00:00,79.36656951904297,77.07629940032959,True,True
2017-09-06 00:00:00+00:00,79.6482925415039,77.11512435913086,True,True
2017-09-07 00:00:00+00:00,79.61414337158203,77.15345413208007,True,True
2017-09-08 00:00:00+00:00,79.68247985839844,77.19245937347412,True,True
2017-09-11 00:00:00+00:00,80.48500061035156,77.22897159576416,True,True
2017-09-12 00:00:00+00:00,80.80089569091797,77.26839641571046,True,True
2017-09-13 00:00:00+00:00,80.80943298339844,77.30851226806641,True,True
2017-09-14 00:00:00+00:00,80.80089569091797,77.3473592376709,True,True
2017-09-15 00:00:00+00:00,80.9209213256836,77.38861743927002,True,True
2017-09-18 00:00:00+00:00,81.04956817626953,77.43022186279296,True,True
2017-09-19 00:00:00+00:00,80.93809509277344,77.47238498687744,True,True
2017-09-20 00:00:00+00:00,81.07530212402344,77.515090675354,True,True
2017-09-21 00:00:00+00:00,80.90377807617188,77.55839778900146,True,True
2017-09-22 00:00:00+00:00,81.07530212402344,77.59813968658447,True,True
2017-09-25 00:00:00+00:00,81.16961669921875,77.63687744140626,True,True
2017-09-26 00:00:00+00:00,81.263916015625,77.6708406829834,True,True
2017-09-27 00:00:00+00:00,81.58979034423828,77.70375236511231,True,True
2017-09-28 00:00:00+00:00,81.64124298095703,77.7372359085083,True,True
2017-09-29 00:00:00+00:00,81.9241943359375,77.77292259216308,True,True
2017-10-02 00:00:00+00:00,82.27574920654297,77.80845878601075,True,True
2017-10-03 00:00:00+00:00,82.41297149658203,77.84964496612548,True,True
2017-10-04 00:00:00+00:00,82.58446502685547,77.89020568847656,True,True
2017-10-05 00:00:00+00:00,82.9103012084961,77.93265380859376,True,True
2017-10-06 00:00:00+00:00,82.73881530761719,77.97618019104004,True,True
2017-10-09 00:00:00+00:00,82.44725799560547,78.01762016296387,True,True
2017-10-10 00:00:00+00:00,82.653076171875,78.05844982147217,True,True
2017-10-11 00:00:00+00:00,82.6701889038086,78.10179187774658,True,True
2017-10-12 00:00:00+00:00,82.69593811035156,78.14445663452149,True,True
2017-10-13 00:00:00+00:00,82.78169250488281,78.1860213470459,True,True
2017-10-16 00:00:00+00:00,82.80741119384766,78.23182876586914,True,True
2017-10-17 00:00:00+00:00,82.798828125,78.27763763427734,True,True
2017-10-18 00:00:00+00:00,82.86743927001953,78.32446304321289,True,True
2017-10-19 00:00:00+00:00,82.97032928466797,78.36870738983154,True,True
2017-10-20 00:00:00+00:00,83.52767944335938,78.40986389160156,True,True
2017-10-23 00:00:00+00:00,83.24470520019531,78.45482440948486,True,True
2017-10-24 00:00:00+00:00,83.33048248291016,78.49735279083252,True,True
2017-10-25 00:00:00+00:00,82.77310180664062,78.54234443664551,True,True
2017-10-26 00:00:00+00:00,82.93605041503906,78.58421001434326,True,True
2017-10-27 00:00:00+00:00,83.06466674804688,78.62591564178467,True,True
2017-10-30 00:00:00+00:00,82.66163635253906,78.66885761260987,True,True
2017-10-31 00:00:00+00:00,82.81600189208984,78.70902160644532,True,True
2017-11-01 00:00:00+00:00,82.84172058105469,78.75093215942383,True,True
2017-11-02 00:00:00+00:00,82.82454681396484,78.79186958312988,True,True
2017-11-03 00:00:00+00:00,82.94462585449219,78.83458568572998,True,True
2017-11-06 00:00:00+00:00,83.28760528564453,78.87650371551514,True,True
2017-11-07 00:00:00+00:00,83.15898132324219,78.92123847961426,True,True
2017-11-08 00:00:00+00:00,83.26187133789062,78.96164318084716,True,True
2017-11-09 00:00:00+00:00,83.03893280029297,78.99972301483155,True,True
2017-11-10 00:00:00+00:00,83.09036254882812,79.03770526885987,True,True
2017-11-13 00:00:00+00:00,83.21900177001953,79.07708881378174,True,True
2017-11-14 00:00:00+00:00,83.1761474609375,79.1192345046997,True,True
2017-11-15 00:00:00+00:00,82.72164916992188,79.16057266235352,True,True
2017-11-16 00:00:00+00:00,83.4333724975586,79.20057067871093,True,True
2017-11-17 00:00:00+00:00,83.57913970947266,79.24332206726075,True,True
2017-11-20 00:00:00+00:00,83.70777893066406,79.28421730041504,True,True
2017-11-21 00:00:00+00:00,84.0164566040039,79.32677280426026,True,True
2017-11-22 00:00:00+00:00,83.982177734375,79.37125305175782,True,True
2017-11-24 00:00:00+00:00,84.02503204345703,79.41475673675536,True,True
2017-11-27 00:00:00+00:00,83.93928527832031,79.4561438369751,True,True
2017-11-28 00:00:00+00:00,84.90824890136719,79.49498332977295,True,True
2017-11-29 00:00:00+00:00,85.3027114868164,79.53697250366211,True,True
2017-11-30 00:00:00+00:00,85.96294403076172,79.57991668701172,True,True
2017-12-01 00:00:00+00:00,85.79145812988281,79.62429740905762,True,True
2017-12-04 00:00:00+00:00,85.9715347290039,79.66879554748535,True,True
2017-12-05 00:00:00+00:00,85.42273712158203,79.71343120574952,True,True
2017-12-06 00:00:00+00:00,85.26839447021484,79.75261070251464,True,True
2017-12-07 00:00:00+00:00,85.65424346923828,79.79195079803466,True,True
2017-12-08 00:00:00+00:00,86.1859130859375,79.83389823913575,True,True
2017-12-11 00:00:00+00:00,86.26307678222656,79.87744453430176,True,True
2017-12-12 00:00:00+00:00,86.27164459228516,79.92048656463624,True,True
2017-12-13 00:00:00+00:00,86.19446563720703,79.96556324005127,True,True
2017-12-14 00:00:00+00:00,85.67142486572266,80.00550758361817,True,True
2017-12-15 00:00:00+00:00,86.43639373779297,80.04537963867188,True,True
2017-12-18 00:00:00+00:00,87.09107208251953,80.0891187286377,True,True
2017-12-19 00:00:00+00:00,86.79817962646484,80.13786880493164,True,True
2017-12-20 00:00:00+00:00,86.8067626953125,80.18689208984375,True,True
2017-12-21 00:00:00+00:00,86.97908020019531,80.23684810638427,True,True
2017-12-22 00:00:00+00:00,87.06520080566406,80.28800472259522,True,True
2017-12-26 00:00:00+00:00,87.1686019897461,80.3380662536621,True,True
2017-12-27 00:00:00+00:00,87.1686019897461,80.38788208007813,True,True
2017-12-28 00:00:00+00:00,87.3839340209961,80.43952018737792,True,True
2017-12-29 00:00:00+00:00,87.03074645996094,80.48803939819337,True,True
2018-01-02 00:00:00+00:00,87.67681884765625,80.53568260192871,True,True
2018-01-03 00:00:00+00:00,88.12480163574219,80.58668399810792,True,True
2018-01-04 00:00:00+00:00,88.42630004882812,80.64103130340577,True,True
2018-01-05 00:00:00+00:00,88.84838104248047,80.70194843292236,True,True
2018-01-08 00:00:00+00:00,89.1412582397461,80.76429531097412,True,True
2018-01-09 00:00:00+00:00,89.1843490600586,80.8279365158081,True,True
2018-01-10 00:00:00+00:00,88.91728973388672,80.89179317474365,True,True
2018-01-11 00:00:00+00:00,89.77010345458984,80.95499523162842,True,True
2018-01-12 00:00:00+00:00,90.34728240966795,81.01931316375732,True,True
2018-01-16 00:00:00+00:00,89.73565673828125,81.0851982498169,True,True
2018-01-17 00:00:00+00:00,90.48509216308594,81.14725952148437,True,True
2018-01-18 00:00:00+00:00,90.23529052734376,81.2133232498169,True,True
2018-01-19 00:00:00+00:00,90.82971954345705,81.27966934204102,True,True
2018-01-22 00:00:00+00:00,91.47574615478516,81.34945556640625,True,True
2018-01-23 00:00:00+00:00,91.72557067871094,81.42353561401367,True,True
2018-01-24 00:00:00+00:00,91.7686538696289,81.49682258605957,True,True
2018-01-25 00:00:00+00:00,91.69110870361328,81.57066543579101,True,True
2018-01-26 00:00:00+00:00,92.54395294189452,81.6432271194458,True,True
2018-01-29 00:00:00+00:00,91.88064575195312,81.71992538452149,True,True
2018-01-30 00:00:00+00:00,90.86414337158205,81.79568943023682,True,True
2018-01-31 00:00:00+00:00,90.846923828125,81.86905097961426,True,True
2018-02-01 00:00:00+00:00,90.63153839111328,81.93922107696534,True,True
2018-02-02 00:00:00+00:00,88.77086639404297,82.00942031860352,True,True
2018-02-05 00:00:00+00:00,85.48017120361328,82.07018859863281,True,True
2018-02-06 00:00:00+00:00,86.65174102783203,82.11135524749756,True,True
2018-02-07 00:00:00+00:00,86.41912841796875,82.15961353302002,True,True
2018-02-08 00:00:00+00:00,83.3782730102539,82.20292247772217,True,True
2018-02-09 00:00:00+00:00,84.52397918701172,82.22898509979248,True,True
2018-02-12 00:00:00+00:00,85.56631469726562,82.26069129943848,True,True
2018-02-13 00:00:00+00:00,85.7730712890625,82.29777919769288,True,True
2018-02-14 00:00:00+00:00,87.0738296508789,82.33773021697998,True,True
2018-02-15 00:00:00+00:00,87.97833251953125,82.38435516357421,True,True
2018-02-16 00:00:00+00:00,88.02142333984375,82.43516235351562,True,True
2018-02-20 00:00:00+00:00,87.46146392822266,82.48741874694824,True,True
2018-02-21 00:00:00+00:00,86.93598937988281,82.53653488159179,True,True
2018-02-22 00:00:00+00:00,86.97908020019531,82.58047115325928,True,True
2018-02-23 00:00:00+00:00,88.30567169189453,82.62551624298095,True,True
2018-02-26 00:00:00+00:00,88.96897888183594,82.67744968414307,True,True
2018-02-27 00:00:00+00:00,87.8146743774414,82.73121055603028,True,True
2018-02-28 00:00:00+00:00,86.85848236083984,82.78081653594971,True,True
2018-03-01 00:00:00+00:00,85.9281234741211,82.82738590240479,True,True
2018-03-02 00:00:00+00:00,86.49665832519531,82.86696357727051,True,True
2018-03-05 00:00:00+00:00,87.53900146484375,82.91040504455566,True,True
2018-03-06 00:00:00+00:00,87.92665100097656,82.96505645751954,True,True
2018-03-07 00:00:00+00:00,87.84912872314453,83.02079536437988,True,True
2018-03-08 00:00:00+00:00,88.15065002441406,83.07304100036622,True,True
2018-03-09 00:00:00+00:00,89.52030181884766,83.12479480743409,True,True
2018-03-12 00:00:00+00:00,89.39970397949219,83.18331184387208,True,True
2018-03-13 00:00:00+00:00,89.02066802978516,83.24037506103515,True,True
2018-03-14 00:00:00+00:00,88.48658752441406,83.29396907806397,True,True
2018-03-15 00:00:00+00:00,88.25398254394531,83.34497772216797,True,True
2018-03-16 00:00:00+00:00,88.61647033691406,83.3955466079712,True,True
2018-03-19 00:00:00+00:00,87.62162017822266,83.44754493713378,True,True
2018-03-20 00:00:00+00:00,87.71678924560547,83.49052768707276,True,True
2018-03-21 00:00:00+00:00,87.74273681640625,83.53343318939208,True,True
2018-03-22 00:00:00+00:00,85.79637908935547,83.57731929779052,True,True
2018-03-23 00:00:00+00:00,84.16138458251953,83.6130474472046,True,True
2018-03-26 00:00:00+00:00,86.09915161132812,83.6402177810669,True,True
2018-03-27 00:00:00+00:00,85.078369140625,83.67677925109864,True,True
2018-03-28 00:00:00+00:00,84.97455596923828,83.70704574584961,True,True
2018-03-29 00:00:00+00:00,86.05587768554688,83.73628273010254,True,True
2018-04-02 00:00:00+00:00,84.17005157470703,83.76841613769531,True,True
2018-04-03 00:00:00+00:00,85.18217468261719,83.79201396942139,True,True
2018-04-04 00:00:00+00:00,86.17699432373047,83.82152332305908,True,True
2018-04-05 00:00:00+00:00,86.73063659667969,83.85591705322265,True,True
2018-04-06 00:00:00+00:00,84.89669799804688,83.89060302734374,True,True
2018-04-09 00:00:00+00:00,85.0697021484375,83.9193635559082,True,True
2018-04-10 00:00:00+00:00,86.28080749511719,83.9500989151001,True,True
2018-04-11 00:00:00+00:00,85.97801971435547,83.98676181793213,True,True
2018-04-12 00:00:00+00:00,86.38461303710938,84.02101440429688,True,True
2018-04-13 00:00:00+00:00,86.20294952392578,84.05614742279053,True,True
2018-04-16 00:00:00+00:00,87.03340148925781,84.09301879882813,True,True
2018-04-17 00:00:00+00:00,87.74273681640625,84.13096874237061,True,True
2018-04-18 00:00:00+00:00,87.97630310058594,84.17528282165527,True,True
2018-04-19 00:00:00+00:00,87.36211395263672,84.21952682495117,True,True
2018-04-20 00:00:00+00:00,86.7479248046875,84.25903491973877,True,True
2018-04-23 00:00:00+00:00,86.86038970947266,84.29606983184814,True,True
2018-04-24 00:00:00+00:00,86.02992248535156,84.33802127838135,True,True
2018-04-25 00:00:00+00:00,86.27216339111328,84.37330181121825,True,True
2018-04-26 00:00:00+00:00,86.93824005126953,84.40970817565918,True,True
2018-04-27 00:00:00+00:00,87.1717758178711,84.44978622436524,True,True
2018-04-30 00:00:00+00:00,86.37593078613281,84.48830017089844,True,True
2018-05-01 00:00:00+00:00,86.4105453491211,84.52168228149414,True,True
2018-05-02 00:00:00+00:00,85.69254302978516,84.55348712921142,True,True
2018-05-03 00:00:00+00:00,85.40709686279297,84.58123233795166,True,True
2018-05-04 00:00:00+00:00,86.35865783691406,84.60840412139892,True,True
2018-05-07 00:00:00+00:00,86.50572967529297,84.6374736404419,True,True
2018-05-08 00:00:00+00:00,86.44515228271484,84.66749195098878,True,True
2018-05-09 00:00:00+00:00,87.14584350585938,84.69712203979492,True,True
2018-05-10 00:00:00+00:00,87.90709686279297,84.73055435180665,True,True
2018-05-11 00:00:00+00:00,87.99359893798828,84.76621353149415,True,True
2018-05-14 00:00:00+00:00,88.02821350097656,84.80311618804932,True,True
2018-05-15 00:00:00+00:00,87.58702087402344,84.84061878204346,True,True
2018-05-16 00:00:00+00:00,88.07146453857422,84.87642776489258,True,True
2018-05-17 00:00:00+00:00,88.1839370727539,84.91482967376709,True,True
2018-05-18 00:00:00+00:00,88.00226593017578,84.95336711883544,True,True
2018-05-21 00:00:00+00:00,88.57319641113281,84.99227676391601,True,True
2018-05-22 00:00:00+00:00,88.23580932617188,85.035065574646,True,True
2018-05-23 00:00:00+00:00,88.40019226074219,85.07556987762452,True,True
2018-05-24 00:00:00+00:00,88.38289642333984,85.11646915435792,True,True
2018-05-25 00:00:00+00:00,88.19254302978516,85.1582638168335,True,True
2018-05-29 00:00:00+00:00,87.25830078125,85.19966178894043,True,True
2018-05-30 00:00:00+00:00,88.41748046875,85.24210865020751,True,True
2018-05-31 00:00:00+00:00,87.63027954101562,85.29026611328125,True,True
2018-06-01 00:00:00+00:00,88.37423706054688,85.33077369689941,True,True
2018-06-04 00:00:00+00:00,88.67701721191406,85.37572662353516,True,True
2018-06-05 00:00:00+00:00,88.84135437011719,85.42116897583008,True,True
2018-06-06 00:00:00+00:00,89.51609802246094,85.4735375213623,True,True
2018-06-07 00:00:00+00:00,89.55936431884766,85.53017631530761,True,True
2018-06-08 00:00:00+00:00,89.98323822021484,85.58668983459472,True,True
2018-06-11 00:00:00+00:00,90.17355346679688,85.64160869598389,True,True
2018-06-12 00:00:00+00:00,90.43306732177734,85.69863182067871,True,True
2018-06-13 00:00:00+00:00,89.98323822021484,85.75746482849121,True,True
2018-06-14 00:00:00+00:00,90.2168197631836,85.81268264770507,True,True
2018-06-15 00:00:00+00:00,90.21855926513672,85.86953796386719,True,True
2018-06-18 00:00:00+00:00,90.05354309082031,85.92678611755372,True,True
2018-06-19 00:00:00+00:00,89.6888198852539,85.98133087158203,True,True
2018-06-20 00:00:00+00:00,89.94063568115234,86.03183223724365,True,True
2018-06-21 00:00:00+00:00,89.41961669921875,86.08197067260743,True,True
2018-06-22 00:00:00+00:00,89.654052734375,86.1322359085083,True,True
2018-06-25 00:00:00+00:00,88.67279815673828,86.18226470947266,True,True
2018-06-26 00:00:00+00:00,88.7596206665039,86.22755798339844,True,True
2018-06-27 00:00:00+00:00,87.9693603515625,86.27294368743897,True,True
2018-06-28 00:00:00+00:00,88.32542419433594,86.31036548614502,True,True
2018-06-29 00:00:00+00:00,88.48172760009766,86.34798812866211,True,True
2018-07-02 00:00:00+00:00,88.44699096679688,86.38634960174561,True,True
2018-07-03 00:00:00+00:00,88.40359497070312,86.424580078125,True,True
2018-07-05 00:00:00+00:00,89.06355285644531,86.46199344635009,True,True
2018-07-06 00:00:00+00:00,89.74091339111328,86.50206336975097,True,True
2018-07-09 00:00:00+00:00,90.42696380615234,86.54607746124267,True,True
2018-07-10 00:00:00+00:00,90.66141510009766,86.59283576965332,True,True
2018-07-11 00:00:00+00:00,89.9493408203125,86.64162395477295,True,True
2018-07-12 00:00:00+00:00,90.45301055908205,86.6859941482544,True,True
2018-07-13 00:00:00+00:00,90.53985595703124,86.73241111755371,True,True
2018-07-16 00:00:00+00:00,90.27064514160156,86.77879081726074,True,True
2018-07-17 00:00:00+00:00,90.5572280883789,86.82219509124756,True,True
2018-07-18 00:00:00+00:00,90.76560974121094,86.86677501678467,True,True
2018-07-19 00:00:00+00:00,90.74827575683594,86.91098209381103,True,True
2018-07-20 00:00:00+00:00,90.45301055908205,86.9533447265625,True,True
2018-07-23 00:00:00+00:00,90.4616928100586,86.993544921875,True,True
2018-07-24 00:00:00+00:00,90.41828918457033,87.03293106079101,True,True
2018-07-25 00:00:00+00:00,91.21717834472656,87.07047100067139,True,True
2018-07-26 00:00:00+00:00,91.53852081298828,87.11286281585693,True,True
2018-07-27 00:00:00+00:00,91.00008392333984,87.15831912994385,True,True
2018-07-30 00:00:00+00:00,90.6093292236328,87.20005416870117,True,True
2018-07-31 00:00:00+00:00,91.22588348388672,87.23974987030029,True,True
2018-08-01 00:00:00+00:00,90.63536071777344,87.28239959716797,True,True
2018-08-02 00:00:00+00:00,91.00008392333984,87.32166793823242,True,True
2018-08-03 00:00:00+00:00,91.46035766601562,87.36263130187989,True,True
2018-08-06 00:00:00+00:00,91.67745971679688,87.40593894958496,True,True
2018-08-07 00:00:00+00:00,91.8598403930664,87.44998905181885,True,True
2018-08-08 00:00:00+00:00,91.69483947753906,87.49443660736084,True,True
2018-08-09 00:00:00+00:00,91.5906219482422,87.53527240753174,True,True
2018-08-10 00:00:00+00:00,90.97403717041016,87.57700199127197,True,True
2018-08-13 00:00:00+00:00,90.5051040649414,87.61521976470948,True,True
2018-08-14 00:00:00+00:00,91.26929473876952,87.65387977600098,True,True
2018-08-15 00:00:00+00:00,90.66141510009766,87.69554599761963,True,True
2018-08-16 00:00:00+00:00,91.38218688964844,87.73352973937989,True,True
2018-08-17 00:00:00+00:00,91.86849975585938,87.77713249206543,True,True
2018-08-20 00:00:00+00:00,92.30271911621094,87.82239498138428,True,True
2018-08-21 00:00:00+00:00,92.53718566894533,87.86969997406005,True,True
2018-08-22 00:00:00+00:00,92.33744049072266,87.91826316833496,True,True
2018-08-23 00:00:00+00:00,92.11166381835938,87.96522724151612,True,True
2018-08-24 00:00:00+00:00,92.6066436767578,88.00934753417968,True,True
2018-08-27 00:00:00+00:00,93.12770080566406,88.05658584594727,True,True
2018-08-28 00:00:00+00:00,93.21453857421876,88.10591499328613,True,True
2018-08-29 00:00:00+00:00,93.57926177978516,88.15679302215577,True,True
2018-08-30 00:00:00+00:00,92.9800796508789,88.20923751831054,True,True
2018-08-31 00:00:00+00:00,93.01482391357422,88.25804290771484,True,True
2018-09-04 00:00:00+00:00,92.92796325683594,88.30723628997802,True,True
2018-09-05 00:00:00+00:00,92.9713897705078,88.3582678604126,True,True
2018-09-06 00:00:00+00:00,92.79769897460938,88.40595794677735,True,True
2018-09-07 00:00:00+00:00,92.46771240234376,88.45205074310303,True,True
2018-09-10 00:00:00+00:00,92.81507873535156,88.49585041046143,True,True
2018-09-11 00:00:00+00:00,92.88453674316406,88.53984352111816,True,True
2018-09-12 00:00:00+00:00,93.04955291748048,88.5843553161621,True,True
2018-09-13 00:00:00+00:00,93.4403305053711,88.62947792053222,True,True
2018-09-14 00:00:00+00:00,93.56188201904295,88.67698314666748,True,True
2018-09-17 00:00:00+00:00,93.249267578125,88.72025131225585,True,True
2018-09-18 00:00:00+00:00,93.6834716796875,88.7599840927124,True,True
2018-09-19 00:00:00+00:00,93.64006042480467,88.79858673095703,True,True
2018-09-20 00:00:00+00:00,94.23057556152344,88.83782974243164,True,True
2018-09-21 00:00:00+00:00,94.29138946533205,88.87912494659423,True,True
2018-09-24 00:00:00+00:00,93.62493133544922,88.92346820831298,True,True
2018-09-25 00:00:00+00:00,93.37193298339844,88.96525089263916,True,True
2018-09-26 00:00:00+00:00,93.01429748535156,89.00383934020996,True,True
2018-09-27 00:00:00+00:00,93.02300262451172,89.03798126220703,True,True
2018-09-28 00:00:00+00:00,93.17130279541016,89.07178089141846,True,True
2018-10-01 00:00:00+00:00,93.17130279541016,89.10627918243408,True,True
2018-10-02 00:00:00+00:00,93.04047393798828,89.1411633682251,True,True
2018-10-03 00:00:00+00:00,93.04920196533205,89.17800861358643,True,True
2018-10-04 00:00:00+00:00,92.40367889404295,89.21107265472412,True,True
2018-10-05 00:00:00+00:00,91.95008850097656,89.23763568878174,True,True
2018-10-08 00:00:00+00:00,92.0634765625,89.2633952331543,True,True
2018-10-09 00:00:00+00:00,91.62732696533205,89.28967880249023,True,True
2018-10-10 00:00:00+00:00,89.00167083740234,89.31292003631592,False,True
2018-10-11 00:00:00+00:00,87.0302505493164,89.32260238647461,False,False
2018-10-12 00:00:00+00:00,87.78915405273438,89.32191062927247,False,False
2018-10-15 00:00:00+00:00,87.7542953491211,89.3250133895874,False,False
2018-10-16 00:00:00+00:00,89.51634216308594,89.32686519622803,True,False
2018-10-17 00:00:00+00:00,89.33316040039062,89.33929317474366,False,True
2018-10-18 00:00:00+00:00,88.19042205810547,89.34757488250733,False,False
2018-10-19 00:00:00+00:00,87.92874908447266,89.34790298461914,False,False
2018-10-22 00:00:00+00:00,87.34428405761719,89.34541522979737,False,False
2018-10-23 00:00:00+00:00,86.7860336303711,89.33789474487304,False,False
2018-10-24 00:00:00+00:00,84.48310852050781,89.32611862182617,False,False
2018-10-25 00:00:00+00:00,85.5909423828125,89.30261241912842,False,False
2018-10-26 00:00:00+00:00,84.25630950927734,89.28598068237305,False,False
2018-10-29 00:00:00+00:00,84.29120635986328,89.25841171264648,False,False
2018-10-30 00:00:00+00:00,85.92241668701172,89.22813133239747,False,False
2018-10-31 00:00:00+00:00,86.41962432861328,89.20906513214112,False,False
2018-11-01 00:00:00+00:00,87.67576599121094,89.18873779296875,False,False
2018-11-02 00:00:00+00:00,87.36174011230469,89.17594017028809,False,False
2018-11-05 00:00:00+00:00,88.01596069335938,89.15860027313232,False,False
2018-11-06 00:00:00+00:00,88.62657165527344,89.1413013458252,False,False
2018-11-07 00:00:00+00:00,89.9874038696289,89.125806350708,True,False
2018-11-08 00:00:00+00:00,89.9176025390625,89.11690010070801,True,True
2018-11-09 00:00:00+00:00,89.12382507324219,89.10803256988525,True,True
2018-11-12 00:00:00+00:00,87.76300048828125,89.090931930542,False,True
2018-11-13 00:00:00+00:00,87.72811889648438,89.07034370422363,False,False
2018-11-14 00:00:00+00:00,87.16983032226562,89.05466358184815,False,False
2018-11-15 00:00:00+00:00,87.9112777709961,89.03627811431885,False,False
2018-11-16 00:00:00+00:00,88.19042205810547,89.02267681121826,False,False
2018-11-19 00:00:00+00:00,87.03897857666016,89.01977458953857,False,False
2018-11-20 00:00:00+00:00,85.512451171875,89.0275686264038,False,False
2018-11-21 00:00:00+00:00,86.04454803466797,89.02187217712402,False,False
2018-11-23 00:00:00+00:00,85.79159545898438,89.01999927520752,False,False
2018-11-26 00:00:00+00:00,86.95175170898438,89.03206588745117,False,False
2018-11-27 00:00:00+00:00,86.99536895751953,89.04420475006104,False,False
2018-11-28 00:00:00+00:00,88.58296966552734,89.05135002136231,False,False
2018-11-29 00:00:00+00:00,88.32127380371094,89.06539951324463,False,False
2018-11-30 00:00:00+00:00,88.6789321899414,89.07163673400879,False,False
2018-12-03 00:00:00+00:00,89.75187683105469,89.07513973236084,True,False
2018-12-04 00:00:00+00:00,87.05644226074219,89.0837919998169,False,True
2018-12-06 00:00:00+00:00,86.79473114013672,89.08176689147949,False,False
2018-12-07 00:00:00+00:00,84.9105453491211,89.08106060028076,False,False
2018-12-10 00:00:00+00:00,84.75352478027344,89.0707179260254,False,False
2018-12-11 00:00:00+00:00,84.69246673583984,89.05295719146729,False,False
2018-12-12 00:00:00+00:00,85.11988830566406,89.03157463073731,False,False
2018-12-13 00:00:00+00:00,84.71864318847656,89.01810070037841,False,False
2018-12-14 00:00:00+00:00,83.51483917236328,89.00740150451661,False,False
2018-12-17 00:00:00+00:00,81.70918273925781,88.99533508300782,False,False
2018-12-18 00:00:00+00:00,81.59576416015625,88.97139770507812,False,False
2018-12-19 00:00:00+00:00,80.3134765625,88.94168151855469,False,False
2018-12-20 00:00:00+00:00,79.04863739013672,88.90361564636231,False,False
2018-12-21 00:00:00+00:00,77.64424896240234,88.85961318969727,False,False
2018-12-24 00:00:00+00:00,75.6363525390625,88.8070811843872,False,False
2018-12-26 00:00:00+00:00,79.05883026123047,88.73766143798828,False,False
2018-12-27 00:00:00+00:00,79.76966094970703,88.68595706939698,False,False
2018-12-28 00:00:00+00:00,79.56780242919922,88.63970203399658,False,False
2018-12-31 00:00:00+00:00,80.20840454101562,88.5951081085205,False,False
2019-01-02 00:00:00+00:00,80.25230407714844,88.55488021850586,False,False
2019-01-03 00:00:00+00:00,78.69902801513672,88.51305938720704,False,False
2019-01-04 00:00:00+00:00,81.31415557861328,88.46844642639161,False,False
2019-01-07 00:00:00+00:00,82.16536712646484,88.43643325805664,False,False
2019-01-08 00:00:00+00:00,83.05168914794922,88.40854640960693,False,False
2019-01-09 00:00:00+00:00,83.63966369628906,88.3948229598999,False,False
2019-01-10 00:00:00+00:00,84.1486587524414,88.39221435546875,False,False
2019-01-11 00:00:00+00:00,84.2100830078125,88.38246189117432,False,False
2019-01-14 00:00:00+00:00,83.7537612915039,88.37812046051026,False,False
2019-01-15 00:00:00+00:00,84.39437103271484,88.37201648712158,False,False
2019-01-16 00:00:00+00:00,84.60497283935547,88.36370895385743,False,False
2019-01-17 00:00:00+00:00,85.394775390625,88.36588356018066,False,False
2019-01-18 00:00:00+00:00,86.69356536865234,88.3669465637207,False,False
2019-01-22 00:00:00+00:00,85.53517150878906,88.36952941894532,False,False
2019-01-23 00:00:00+00:00,85.46497344970703,88.36355209350586,False,False
2019-01-24 00:00:00+00:00,85.85985565185547,88.36639347076417,False,False
2019-01-25 00:00:00+00:00,86.77253723144531,88.37034423828125,False,False
2019-01-28 00:00:00+00:00,86.43028259277344,88.37280288696289,False,False
2019-01-29 00:00:00+00:00,86.57948303222656,88.37506420135497,False,False
2019-01-30 00:00:00+00:00,87.50090026855469,88.37603855133057,False,False
2019-01-31 00:00:00+00:00,88.08009338378906,88.38252830505371,False,False
2019-02-01 00:00:00+00:00,88.29948425292969,88.38776176452637,False,False
2019-02-04 00:00:00+00:00,88.7821273803711,88.39054550170898,True,False
2019-02-05 00:00:00+00:00,89.12438201904297,88.39457462310791,True,True
2019-02-06 00:00:00+00:00,89.04540252685547,88.40338596343994,True,True
2019-02-07 00:00:00+00:00,88.40476989746094,88.41487335205078,False,True
2019-02-08 00:00:00+00:00,88.57151794433594,88.42259525299072,True,False
2019-02-11 00:00:00+00:00,88.81724548339844,88.43530323028564,True,True
2019-02-12 00:00:00+00:00,89.9141845703125,88.44802864074707,True,True
2019-02-13 00:00:00+00:00,90.30908966064452,88.46290836334228,True,True
2019-02-14 00:00:00+00:00,90.09847259521484,88.47859493255615,True,True
2019-02-15 00:00:00+00:00,91.10765075683594,88.49720764160156,True,True
2019-02-19 00:00:00+00:00,91.2743911743164,88.52069316864014,True,True
2019-02-20 00:00:00+00:00,91.5990753173828,88.54860240936279,True,True
2019-02-21 00:00:00+00:00,91.24803161621094,88.57956230163575,True,True
2019-02-22 00:00:00+00:00,91.730712890625,88.60400917053222,True,True
2019-02-25 00:00:00+00:00,91.7482681274414,88.63013408660889,True,True
2019-02-26 00:00:00+00:00,91.50254821777344,88.65664966583252,True,True
2019-02-27 00:00:00+00:00,91.52886199951172,88.6784331893921,True,True
2019-02-28 00:00:00+00:00,91.30949401855467,88.69654201507568,True,True
2019-03-01 00:00:00+00:00,91.92378997802734,88.71312149047851,True,True
2019-03-04 00:00:00+00:00,91.48500061035156,88.73259937286377,True,True
2019-03-05 00:00:00+00:00,91.20417785644533,88.75208927154542,True,True
2019-03-06 00:00:00+00:00,90.4056167602539,88.76775283813477,True,True
2019-03-07 00:00:00+00:00,89.70355224609375,88.77886123657227,True,True
2019-03-08 00:00:00+00:00,89.42274475097656,88.78736766815186,True,True
2019-03-11 00:00:00+00:00,90.58112335205078,88.79161540985108,True,True
2019-03-12 00:00:00+00:00,90.87948608398438,88.80334197998047,True,True
2019-03-13 00:00:00+00:00,91.42357635498048,88.81573844909668,True,True
2019-03-14 00:00:00+00:00,91.29193878173828,88.83094184875489,True,True
2019-03-15 00:00:00+00:00,91.62540435791016,88.84643882751465,True,True
2019-03-18 00:00:00+00:00,92.05651092529295,88.86827434539795,True,True
2019-03-19 00:00:00+00:00,91.89781188964844,88.88646949768066,True,True
2019-03-20 00:00:00+00:00,91.2542495727539,88.90780715942383,True,True
2019-03-21 00:00:00+00:00,92.4267807006836,88.92220722198486,True,True
2019-03-22 00:00:00+00:00,90.5313491821289,88.94095603942871,True,True
2019-03-25 00:00:00+00:00,90.55780029296876,88.94940601348877,True,True
2019-03-26 00:00:00+00:00,91.31597900390624,88.9546145248413,True,True
2019-03-27 00:00:00+00:00,91.01622772216795,88.9633975982666,True,True
2019-03-28 00:00:00+00:00,91.52757263183594,88.96856254577636,True,True
2019-03-29 00:00:00+00:00,92.07412719726562,88.97533264160157,True,True
2019-04-01 00:00:00+00:00,93.24667358398438,88.983537940979,True,True
2019-04-02 00:00:00+00:00,93.17613983154295,88.99985511779785,True,True
2019-04-03 00:00:00+00:00,93.43181610107422,89.01465171813965,True,True
2019-04-04 00:00:00+00:00,93.7403793334961,89.03071800231933,True,True
2019-04-05 00:00:00+00:00,94.3486557006836,89.04915218353271,True,True
2019-04-08 00:00:00+00:00,94.41038513183594,89.07245136260987,True,True
2019-04-09 00:00:00+00:00,93.66981506347656,89.09480010986329,True,True
2019-04-10 00:00:00+00:00,94.12825775146484,89.11605110168458,True,True
2019-04-11 00:00:00+00:00,94.251708984375,89.13842212677002,True,True
2019-04-12 00:00:00+00:00,95.00985717773438,89.16631668090821,True,True
2019-04-15 00:00:00+00:00,94.7453842163086,89.19756786346436,True,True
2019-04-16 00:00:00+00:00,94.78065490722656,89.23144798278808,True,True
2019-04-17 00:00:00+00:00,94.22522735595705,89.26372413635254,True,True
2019-04-18 00:00:00+00:00,94.44562530517578,89.29244163513184,True,True
2019-04-22 00:00:00+00:00,94.20760345458984,89.32243480682374,True,True
2019-04-23 00:00:00+00:00,95.08039855957033,89.35145484924317,True,True
2019-04-24 00:00:00+00:00,95.05394744873048,89.38153907775879,True,True
2019-04-25 00:00:00+00:00,94.49852752685548,89.40810424804687,True,True
2019-04-26 00:00:00+00:00,95.07156372070312,89.4284620666504,True,True
2019-04-29 00:00:00+00:00,95.06275177001952,89.45051280975342,True,True
2019-04-30 00:00:00+00:00,95.38014221191406,89.47607986450195,True,True
2019-05-01 00:00:00+00:00,94.41919708251952,89.50071552276611,True,True
2019-05-02 00:00:00+00:00,94.4280014038086,89.52011222839356,True,True
2019-05-03 00:00:00+00:00,95.27435302734376,89.54089900970459,True,True
2019-05-06 00:00:00+00:00,94.82471466064452,89.56448463439942,True,True
2019-05-07 00:00:00+00:00,93.29956817626952,89.58478015899658,True,True
2019-05-08 00:00:00+00:00,93.14969635009766,89.59753662109375,True,True
2019-05-09 00:00:00+00:00,93.03507995605467,89.61102005004882,True,True
2019-05-10 00:00:00+00:00,93.44062042236328,89.62388698577881,True,True
2019-05-13 00:00:00+00:00,91.1131820678711,89.63899864196777,True,True
2019-05-14 00:00:00+00:00,92.01244354248048,89.6384786605835,True,True
2019-05-15 00:00:00+00:00,92.30335998535156,89.64084827423096,True,True
2019-05-16 00:00:00+00:00,92.9292984008789,89.64736465454102,True,True
2019-05-17 00:00:00+00:00,92.31218719482422,89.65896450042725,True,True
2019-05-20 00:00:00+00:00,91.73031616210938,89.66439601898193,True,True
2019-05-21 00:00:00+00:00,92.7177276611328,89.66987079620361,True,True
2019-05-22 00:00:00+00:00,92.2504653930664,89.67845901489258,True,True
2019-05-23 00:00:00+00:00,91.09556579589844,89.68240955352783,True,True
2019-05-24 00:00:00+00:00,91.26306915283205,89.67950008392334,True,True
2019-05-28 00:00:00+00:00,90.26686096191406,89.67651622772217,True,True
2019-05-29 00:00:00+00:00,89.6497573852539,89.66937633514404,False,True
2019-05-30 00:00:00+00:00,89.7907943725586,89.6596720123291,True,False
2019-05-31 00:00:00+00:00,88.7681655883789,89.65375579833984,False,True
2019-06-03 00:00:00+00:00,89.27945709228516,89.64507110595703,False,False
2019-06-04 00:00:00+00:00,91.28070068359376,89.6351219177246,True,False
2019-06-05 00:00:00+00:00,92.0036163330078,89.63821834564209,True,True
2019-06-06 00:00:00+00:00,92.4620361328125,89.64132549285888,True,True
2019-06-07 00:00:00+00:00,93.06151580810548,89.64429317474365,True,True
2019-06-10 00:00:00+00:00,93.35245513916016,89.64808715820313,True,True
2019-06-11 00:00:00+00:00,93.2554702758789,89.6521635055542,True,True
2019-06-12 00:00:00+00:00,93.140869140625,89.65675365447999,True,True
2019-06-13 00:00:00+00:00,93.6874771118164,89.66189968109131,True,True
2019-06-14 00:00:00+00:00,93.43181610107422,89.6673038482666,True,True
2019-06-17 00:00:00+00:00,93.2819366455078,89.66882442474365,True,True
2019-06-18 00:00:00+00:00,94.19879150390624,89.66916141510009,True,True
2019-06-19 00:00:00+00:00,94.54261016845705,89.6722590637207,True,True
2019-06-20 00:00:00+00:00,95.371337890625,89.68007171630859,True,True
2019-06-21 00:00:00+00:00,95.15090942382812,89.69185428619384,True,True
2019-06-24 00:00:00+00:00,94.74353790283205,89.7029690170288,True,True
2019-06-25 00:00:00+00:00,94.16789245605467,89.71182975769042,True,True
2019-06-26 00:00:00+00:00,94.00846099853516,89.71868072509766,True,True
2019-06-27 00:00:00+00:00,94.60183715820312,89.7263844680786,True,True
2019-06-28 00:00:00+00:00,95.46974182128906,89.73531826019287,True,True
2019-07-01 00:00:00+00:00,96.15167999267578,89.7482442855835,True,True
2019-07-02 00:00:00+00:00,96.04541015625,89.76375492095947,True,True
2019-07-03 00:00:00+00:00,96.92215728759766,89.77678031921387,True,True
2019-07-05 00:00:00+00:00,96.79817199707033,89.79358169555664,True,True
2019-07-08 00:00:00+00:00,96.26680755615234,89.81132621765137,True,True
2019-07-09 00:00:00+00:00,96.23137664794922,89.82424289703368,True,True
2019-07-10 00:00:00+00:00,96.33763122558594,89.83719947814942,True,True
2019-07-11 00:00:00+00:00,96.53247833251952,89.84773475646972,True,True
2019-07-12 00:00:00+00:00,97.1878433227539,89.85894020080566,True,True
2019-07-15 00:00:00+00:00,97.10814666748048,89.87675476074219,True,True
2019-07-16 00:00:00+00:00,96.91329956054688,89.8954358291626,True,True
2019-07-17 00:00:00+00:00,96.10739135742188,89.91493083953857,True,True
2019-07-18 00:00:00+00:00,96.47933197021484,89.93035278320312,True,True
2019-07-19 00:00:00+00:00,96.07196807861328,89.94689292907715,True,True
2019-07-22 00:00:00+00:00,96.0985336303711,89.96139625549317,True,True
2019-07-23 00:00:00+00:00,96.93101501464844,89.97668655395508,True,True
2019-07-24 00:00:00+00:00,97.57752990722656,89.99609561920165,True,True
2019-07-25 00:00:00+00:00,96.94871520996094,90.02196487426758,True,True
2019-07-26 00:00:00+00:00,97.4358139038086,90.0469580078125,True,True
2019-07-29 00:00:00+00:00,97.15242004394533,90.07381969451905,True,True
2019-07-30 00:00:00+00:00,97.240966796875,90.1014451599121,True,True
2019-07-31 00:00:00+00:00,96.27567291259766,90.14264163970947,True,True
2019-08-01 00:00:00+00:00,95.04463958740234,90.18886875152587,True,True
2019-08-02 00:00:00+00:00,94.2830047607422,90.22514617919921,True,True
2019-08-05 00:00:00+00:00,91.60843658447266,90.25778972625733,True,True
2019-08-06 00:00:00+00:00,92.62689971923828,90.26825019836426,True,True
2019-08-07 00:00:00+00:00,92.75088500976562,90.2847188949585,True,True
2019-08-08 00:00:00+00:00,94.42471313476562,90.3075212097168,True,True
2019-08-09 00:00:00+00:00,93.55680847167967,90.34000102996826,True,True
2019-08-12 00:00:00+00:00,92.36122131347656,90.37106365203857,True,True
2019-08-13 00:00:00+00:00,93.55680847167967,90.3989395904541,True,True
2019-08-14 00:00:00+00:00,90.6874008178711,90.44430809020996,True,True
2019-08-15 00:00:00+00:00,90.71397399902344,90.46979038238526,True,True
2019-08-16 00:00:00+00:00,92.18408966064452,90.50207870483399,True,True
2019-08-19 00:00:00+00:00,93.24684143066406,90.5415431213379,True,True
2019-08-20 00:00:00+00:00,92.49405670166016,90.57816524505616,True,True
2019-08-21 00:00:00+00:00,93.24684143066406,90.60853740692139,True,True
2019-08-22 00:00:00+00:00,93.30882263183594,90.63639278411866,True,True
2019-08-23 00:00:00+00:00,90.7848129272461,90.66612819671631,True,True
2019-08-26 00:00:00+00:00,91.5818862915039,90.67997245788574,True,True
2019-08-27 00:00:00+00:00,91.0682144165039,90.69474903106689,True,True
2019-08-28 00:00:00+00:00,91.85641479492188,90.70015308380127,True,True
2019-08-29 00:00:00+00:00,93.09628295898438,90.70984714508057,True,True
2019-08-30 00:00:00+00:00,93.1317138671875,90.72970943450927,True,True
2019-09-03 00:00:00+00:00,92.60919952392578,90.7565530014038,True,True
2019-09-04 00:00:00+00:00,93.70736694335938,90.78095840454101,True,True
2019-09-05 00:00:00+00:00,95.08004760742188,90.81364608764649,True,True
2019-09-06 00:00:00+00:00,95.3103485107422,90.84948993682862,True,True
2019-09-09 00:00:00+00:00,95.83284759521484,90.8850895690918,True,True
2019-09-10 00:00:00+00:00,96.27567291259766,90.92905891418457,True,True
2019-09-11 00:00:00+00:00,97.01072692871094,90.98287502288818,True,True
2019-09-12 00:00:00+00:00,97.1258544921875,91.0377059173584,True,True
2019-09-13 00:00:00+00:00,97.14356994628906,91.09437721252442,True,True
2019-09-16 00:00:00+00:00,97.21438598632812,91.14533630371093,True,True
2019-09-17 00:00:00+00:00,97.23213958740234,91.19643138885498,True,True
2019-09-18 00:00:00+00:00,97.1258544921875,91.23967723846435,True,True
2019-09-19 00:00:00+00:00,96.86016845703124,91.28370014190673,True,True
2019-09-20 00:00:00+00:00,96.42620086669922,91.3246063232422,True,True
2019-09-23 00:00:00+00:00,96.53299713134766,91.35797794342041,True,True
2019-09-24 00:00:00+00:00,95.74990844726562,91.40536071777343,True,True
2019-09-25 00:00:00+00:00,96.29273986816406,91.45013660430908,True,True
2019-09-26 00:00:00+00:00,96.06136322021484,91.5070475769043,True,True
2019-09-27 00:00:00+00:00,95.72321319580078,91.563586769104,True,True
2019-09-30 00:00:00+00:00,96.1770248413086,91.6187405014038,True,True
2019-10-01 00:00:00+00:00,94.68206024169922,91.67402618408204,True,True
2019-10-02 00:00:00+00:00,92.89344787597656,91.72384326934815,True,True
2019-10-03 00:00:00+00:00,93.56971740722656,91.7707363128662,True,True
2019-10-04 00:00:00+00:00,94.6108627319336,91.83003898620605,True,True
2019-10-07 00:00:00+00:00,94.10366821289062,91.89511447906494,True,True
2019-10-08 00:00:00+00:00,92.4751968383789,91.96406543731689,True,True
2019-10-09 00:00:00+00:00,93.29386138916016,92.0311982345581,True,True
2019-10-10 00:00:00+00:00,93.99685668945312,92.1094462966919,True,True
2019-10-11 00:00:00+00:00,95.2782745361328,92.20124881744385,True,True
2019-10-14 00:00:00+00:00,95.06468963623048,92.28234603881836,True,True
2019-10-15 00:00:00+00:00,95.87447357177734,92.35882118225098,True,True
2019-10-16 00:00:00+00:00,95.71429443359376,92.44035453796387,True,True
2019-10-17 00:00:00+00:00,96.07916259765624,92.51788398742676,True,True
2019-10-18 00:00:00+00:00,95.96349334716795,92.5970182800293,True,True
2019-10-21 00:00:00+00:00,96.69316864013672,92.68334060668946,True,True
2019-10-22 00:00:00+00:00,96.70207977294922,92.76023567199707,True,True
2019-10-23 00:00:00+00:00,96.9779281616211,92.8329192352295,True,True
2019-10-24 00:00:00+00:00,97.0224151611328,92.90255043029785,True,True
2019-10-25 00:00:00+00:00,97.37838745117188,92.96946418762207,True,True
2019-10-28 00:00:00+00:00,97.680908203125,93.03561283111573,True,True
2019-10-29 00:00:00+00:00,97.85888671875,93.10296695709229,True,True
2019-10-30 00:00:00+00:00,97.8677978515625,93.17349258422851,True,True
2019-10-31 00:00:00+00:00,97.36058044433594,93.24085971832275,True,True
2019-11-01 00:00:00+00:00,98.56190490722656,93.30463775634766,True,True
2019-11-04 00:00:00+00:00,99.13141632080078,93.37047340393066,True,True
2019-11-05 00:00:00+00:00,99.13141632080078,93.43266265869141,True,True
2019-11-06 00:00:00+00:00,99.02462005615234,93.50064388275146,True,True
2019-11-07 00:00:00+00:00,99.26487731933594,93.5684421157837,True,True
2019-11-08 00:00:00+00:00,99.49626922607422,93.6354672241211,True,True
2019-11-11 00:00:00+00:00,99.22930145263672,93.69908588409425,True,True
2019-11-12 00:00:00+00:00,99.28268432617188,93.76308097839356,True,True
2019-11-13 00:00:00+00:00,99.21149444580078,93.82659698486329,True,True
2019-11-14 00:00:00+00:00,99.43397521972656,93.88514995574951,True,True
2019-11-15 00:00:00+00:00,100.16365051269533,93.9419193649292,True,True
2019-11-18 00:00:00+00:00,100.03907012939452,94.00124019622803,True,True
2019-11-19 00:00:00+00:00,99.95897674560548,94.05752490997314,True,True
2019-11-20 00:00:00+00:00,99.57633972167967,94.11169788360596,True,True
2019-11-21 00:00:00+00:00,99.3716812133789,94.16435256958007,True,True
2019-11-22 00:00:00+00:00,99.66533660888672,94.21918712615967,True,True
2019-11-25 00:00:00+00:00,100.56411743164062,94.27465621948242,True,True
2019-11-26 00:00:00+00:00,100.67977142333984,94.33339057922363,True,True
2019-11-27 00:00:00+00:00,101.1069107055664,94.38721851348878,True,True
2019-11-29 00:00:00+00:00,100.6708755493164,94.44120761871338,True,True
2019-12-02 00:00:00+00:00,99.82553100585938,94.49406963348389,True,True
2019-12-03 00:00:00+00:00,99.0157241821289,94.537659034729,True,True
2019-12-04 00:00:00+00:00,99.73651885986328,94.57636569976806,True,True
2019-12-05 00:00:00+00:00,99.90559387207033,94.61705291748046,True,True
2019-12-06 00:00:00+00:00,100.83104705810548,94.66034072875976,True,True
2019-12-09 00:00:00+00:00,100.51960754394533,94.70584239959717,True,True
2019-12-10 00:00:00+00:00,100.41281127929688,94.74969909667969,True,True
2019-12-11 00:00:00+00:00,100.70648193359376,94.7942504119873,True,True
2019-12-12 00:00:00+00:00,101.76543426513672,94.84013851165771,True,True
2019-12-13 00:00:00+00:00,101.4806671142578,94.89241821289062,True,True
2019-12-16 00:00:00+00:00,102.1213607788086,94.94020259857177,True,True
2019-12-17 00:00:00+00:00,102.13917541503906,94.99338439941407,True,True
2019-12-18 00:00:00+00:00,102.29044342041016,95.04805938720703,True,True
2019-12-19 00:00:00+00:00,102.6374740600586,95.10748352050781,True,True
2019-12-20 00:00:00+00:00,103.16252136230467,95.17215312957764,True,True
2019-12-23 00:00:00+00:00,103.21522521972656,95.24085201263428,True,True
2019-12-24 00:00:00+00:00,103.28668975830078,95.30402252197266,True,True
2019-12-26 00:00:00+00:00,103.51009368896484,95.36605854034424,True,True
2019-12-27 00:00:00+00:00,103.36712646484376,95.42649112701416,True,True
2019-12-30 00:00:00+00:00,103.00969696044922,95.48686706542969,True,True
2019-12-31 00:00:00+00:00,103.39393615722656,95.54378852844238,True,True
2020-01-02 00:00:00+00:00,103.68877410888672,95.60047565460205,True,True
2020-01-03 00:00:00+00:00,103.09908294677734,95.65943046569824,True,True
2020-01-06 00:00:00+00:00,103.23309326171876,95.71865463256836,True,True
2020-01-07 00:00:00+00:00,103.14374542236328,95.77268619537354,True,True
2020-01-08 00:00:00+00:00,103.4475326538086,95.83574817657471,True,True
2020-01-09 00:00:00+00:00,103.92108917236328,95.9001968383789,True,True
2020-01-10 00:00:00+00:00,103.59941864013672,95.96322238922119,True,True
2020-01-13 00:00:00+00:00,104.24275207519533,96.02613834381104,True,True
2020-01-14 00:00:00+00:00,104.44824981689452,96.08971424102783,True,True
2020-01-15 00:00:00+00:00,104.60906982421876,96.15158485412597,True,True
2020-01-16 00:00:00+00:00,105.5829620361328,96.20839683532715,True,True
2020-01-17 00:00:00+00:00,105.78844451904295,96.2704309463501,True,True
2020-01-21 00:00:00+00:00,105.35065460205078,96.33221408843994,True,True
2020-01-22 00:00:00+00:00,105.21664428710938,96.39026546478271,True,True
2020-01-23 00:00:00+00:00,105.4489288330078,96.44460540771485,True,True
2020-01-24 00:00:00+00:00,104.36781311035156,96.4997981262207,True,True
2020-01-27 00:00:00+00:00,102.65232849121094,96.55328811645508,True,True
2020-01-28 00:00:00+00:00,103.6083755493164,96.5959084701538,True,True
2020-01-29 00:00:00+00:00,103.28668975830078,96.64269180297852,True,True
2020-01-30 00:00:00+00:00,103.51009368896484,96.68407596588135,True,True
2020-01-31 00:00:00+00:00,101.44613647460938,96.72789951324462,True,True
2020-02-03 00:00:00+00:00,102.12516784667967,96.76122692108154,True,True
2020-02-04 00:00:00+00:00,103.62623596191406,96.80072662353516,True,True
2020-02-05 00:00:00+00:00,105.1362075805664,96.84662967681885,True,True
2020-02-06 00:00:00+00:00,105.10943603515624,96.90127269744873,True,True
2020-02-07 00:00:00+00:00,104.2605972290039,96.95141788482665,True,True
2020-02-10 00:00:00+00:00,104.71630096435548,96.99745113372802,True,True
2020-02-11 00:00:00+00:00,105.34172821044922,97.04854000091552,True,True
2020-02-12 00:00:00+00:00,106.06543731689452,97.09989082336426,True,True
2020-02-13 00:00:00+00:00,105.96713256835938,97.15490425109863,True,True
2020-02-14 00:00:00+00:00,105.98501586914062,97.20783920288086,True,True
2020-02-18 00:00:00+00:00,105.6633529663086,97.26566829681397,True,True
2020-02-19 00:00:00+00:00,106.03862762451172,97.32184505462646,True,True
2020-02-20 00:00:00+00:00,106.01182556152344,97.3756664276123,True,True
2020-02-21 00:00:00+00:00,105.04688262939452,97.4316019821167,True,True
2020-02-24 00:00:00+00:00,101.86607360839844,97.49033855438232,True,True
2020-02-25 00:00:00+00:00,98.44403839111328,97.53392044067382,True,True
2020-02-26 00:00:00+00:00,97.505859375,97.56096523284913,False,True
2020-02-27 00:00:00+00:00,93.44054412841795,97.5812914276123,False,False
2020-02-28 00:00:00+00:00,92.44874572753906,97.59292823791503,False,False
2020-03-02 00:00:00+00:00,95.97802734375,97.59510974884033,False,False
2020-03-03 00:00:00+00:00,93.58348083496094,97.61348308563232,False,False
2020-03-04 00:00:00+00:00,97.27356719970705,97.61675399780273,False,False
2020-03-05 00:00:00+00:00,93.78897857666016,97.64156089782715,False,False
2020-03-06 00:00:00+00:00,91.8679656982422,97.65185420989991,False,False
2020-03-09 00:00:00+00:00,83.90706634521484,97.64760540008545,False,False
2020-03-10 00:00:00+00:00,87.94559478759766,97.6058884048462,False,False
2020-03-11 00:00:00+00:00,83.20121002197266,97.59013854980469,False,False
2020-03-12 00:00:00+00:00,74.80243682861328,97.5498292541504,False,False
2020-03-13 00:00:00+00:00,80.87813568115234,97.47250713348389,False,False
2020-03-16 00:00:00+00:00,71.13917541503906,97.42864902496338,False,False
2020-03-17 00:00:00+00:00,75.16878509521484,97.33539093017578,False,False
2020-03-18 00:00:00+00:00,70.2724838256836,97.26739402770995,False,False
2020-03-19 00:00:00+00:00,70.4601058959961,97.17235916137696,False,False
2020-03-20 00:00:00+00:00,67.03809356689453,97.06825618743896,False,False
2020-03-23 00:00:00+00:00,64.65612030029297,96.9434285736084,False,False
2020-03-24 00:00:00+00:00,71.55841064453125,96.8043989944458,False,False
2020-03-25 00:00:00+00:00,73.35392761230469,96.69688346862793,False,False
2020-03-26 00:00:00+00:00,77.57653045654297,96.59689083099366,False,False
2020-03-27 00:00:00+00:00,75.2667236328125,96.51849613189697,False,False
2020-03-30 00:00:00+00:00,77.24267578125,96.4291254043579,False,False
2020-03-31 00:00:00+00:00,75.80807495117188,96.34690139770508,False,False
2020-04-01 00:00:00+00:00,72.07269287109375,96.25878269195556,False,False
2020-04-02 00:00:00+00:00,73.20954895019531,96.1527364730835,False,False
2020-04-03 00:00:00+00:00,72.0276107788086,96.04779026031494,False,False
2020-04-06 00:00:00+00:00,77.47725677490234,95.9352152633667,False,False
2020-04-07 00:00:00+00:00,78.09980773925781,95.84574485778809,False,False
2020-04-08 00:00:00+00:00,81.32991027832031,95.76048934936523,False,False
2020-04-09 00:00:00+00:00,83.2066421508789,95.69342121124268,False,False
2020-04-13 00:00:00+00:00,81.41111755371094,95.63861495971679,False,False
2020-04-14 00:00:00+00:00,83.56753540039062,95.57562824249267,False,False
2020-04-15 00:00:00+00:00,80.86973571777344,95.52045673370361,False,False
2020-04-16 00:00:00+00:00,80.86973571777344,95.44745670318603,False,False
2020-04-17 00:00:00+00:00,83.89234924316406,95.37104698181152,False,False
2020-04-20 00:00:00+00:00,82.16900634765625,95.3102816772461,False,False
2020-04-21 00:00:00+00:00,79.76901245117188,95.23651592254639,False,False
2020-04-22 00:00:00+00:00,81.2667465209961,95.15137012481689,False,False
2020-04-23 00:00:00+00:00,81.33893585205078,95.07636981964112,False,False
2020-04-24 00:00:00+00:00,82.50285339355469,95.00190761566162,False,False
2020-04-27 00:00:00+00:00,84.87579345703125,94.93273372650147,False,False
2020-04-28 00:00:00+00:00,86.04876708984375,94.87445030212402,False,False
2020-04-29 00:00:00+00:00,89.03524017333984,94.81875492095948,False,False
2020-04-30 00:00:00+00:00,86.74349212646484,94.77839038848877,False,False
2020-05-01 00:00:00+00:00,83.6126480102539,94.72754135131837,False,False
2020-05-04 00:00:00+00:00,83.67578125,94.66506763458251,False,False
2020-05-05 00:00:00+00:00,84.05474090576172,94.60104988098145,False,False
2020-05-06 00:00:00+00:00,82.84571075439453,94.54096374511718,False,False
2020-05-07 00:00:00+00:00,84.3344497680664,94.4746996307373,False,False
2020-05-08 00:00:00+00:00,86.64423370361328,94.4117168045044,False,False
2020-05-11 00:00:00+00:00,85.61564636230469,94.35705032348633,False,False
2020-05-12 00:00:00+00:00,83.3780517578125,94.30038497924805,False,False
2020-05-13 00:00:00+00:00,80.93292236328125,94.23009616851806,False,False
2020-05-14 00:00:00+00:00,82.18704986572266,94.14899868011474,False,False
2020-05-15 00:00:00+00:00,82.34043884277344,94.07372909545899,False,False
2020-05-18 00:00:00+00:00,86.84272766113281,94.00405292510986,False,False
2020-05-19 00:00:00+00:00,85.6427230834961,93.96304336547851,False,False
2020-05-20 00:00:00+00:00,87.20362854003906,93.91984195709229,False,False
2020-05-21 00:00:00+00:00,86.81565856933594,93.89781791687011,False,False
2020-05-22 00:00:00+00:00,86.88784790039062,93.86876171112061,False,False
2020-05-26 00:00:00+00:00,89.70288848876953,93.83944652557373,False,False
2020-05-27 00:00:00+00:00,91.9224853515625,93.81583740234375,False,False
2020-05-28 00:00:00+00:00,91.00216674804688,93.80766578674316,False,False
2020-05-29 00:00:00+00:00,90.86681365966795,93.80087051391601,False,False
2020-06-01 00:00:00+00:00,91.9314956665039,93.78742053985596,False,False
2020-06-02 00:00:00+00:00,93.09542846679688,93.79364101409912,False,False
2020-06-03 00:00:00+00:00,95.61273193359376,93.80554828643798,True,False
2020-06-04 00:00:00+00:00,96.09993743896484,93.82269149780274,True,True
2020-06-05 00:00:00+00:00,99.64582061767578,93.83695697784424,True,True
2020-06-08 00:00:00+00:00,102.0368194580078,93.87271579742432,True,True
2020-06-09 00:00:00+00:00,99.48341369628906,93.91666568756104,True,True
2020-06-10 00:00:00+00:00,97.02925872802734,93.9475386428833,True,True
2020-06-11 00:00:00+00:00,90.31642150878906,93.9787608718872,False,True
2020-06-12 00:00:00+00:00,92.12096405029295,93.97243354797364,False,False
2020-06-15 00:00:00+00:00,93.14051818847656,93.97769729614258,False,False
2020-06-16 00:00:00+00:00,95.08039093017578,93.98411781311034,True,False
2020-06-17 00:00:00+00:00,94.01571655273438,93.99403835296631,True,True
2020-06-18 00:00:00+00:00,93.95256042480467,93.99845836639405,False,True
2020-06-19 00:00:00+00:00,92.9781265258789,94.00517517089844,False,False
2020-06-22 00:00:00+00:00,93.08230590820312,94.00152896881103,False,False
2020-06-23 00:00:00+00:00,93.19102478027344,93.99154026031493,False,False
2020-06-24 00:00:00+00:00,90.11064910888672,93.98094364166259,False,False
2020-06-25 00:00:00+00:00,91.03475189208984,93.95233264923095,False,False
2020-06-26 00:00:00+00:00,89.1865234375,93.92612804412842,False,False
2020-06-29 00:00:00+00:00,90.96227264404295,93.88700702667236,False,False
2020-06-30 00:00:00+00:00,92.19441986083984,93.85618911743164,False,False
2020-07-01 00:00:00+00:00,92.0676040649414,93.8314433670044,False,False
2020-07-02 00:00:00+00:00,92.62024688720705,93.80570945739746,False,False
2020-07-06 00:00:00+00:00,93.63497161865234,93.78264999389648,False,False
2020-07-07 00:00:00+00:00,92.14007568359376,93.76519557952881,False,False
2020-07-08 00:00:00+00:00,92.41189575195312,93.74159511566162,False,False
2020-07-09 00:00:00+00:00,90.9441375732422,93.72152359008788,False,False
2020-07-10 00:00:00+00:00,92.47528839111328,93.69357929229736,False,False
2020-07-13 00:00:00+00:00,92.0404052734375,93.6772061920166,False,False
2020-07-14 00:00:00+00:00,93.53532409667967,93.65594451904298,False,False
2020-07-15 00:00:00+00:00,95.7006378173828,93.64331432342529,True,False
2020-07-16 00:00:00+00:00,95.5647430419922,93.6432014465332,True,True
2020-07-17 00:00:00+00:00,95.89089965820312,93.64014003753663,True,True
2020-07-20 00:00:00+00:00,95.38356018066406,93.64618423461914,True,True
2020-07-21 00:00:00+00:00,96.33482360839844,93.65863479614258,True,True
2020-07-22 00:00:00+00:00,97.10494232177734,93.67246032714844,True,True
2020-07-23 00:00:00+00:00,96.94184112548828,93.68493072509766,True,True
2020-07-24 00:00:00+00:00,96.23516845703124,93.69912158966065,True,True
2020-07-27 00:00:00+00:00,96.62474822998048,93.71792144775391,True,True
2020-07-28 00:00:00+00:00,96.03585815429688,93.73457588195801,True,True
2020-07-29 00:00:00+00:00,97.61228942871094,93.74477088928222,True,True
2020-07-30 00:00:00+00:00,96.84219360351562,93.75644096374512,True,True
2020-07-31 00:00:00+00:00,96.79690551757812,93.76532848358154,True,True
2020-08-03 00:00:00+00:00,97.03246307373048,93.76994064331055,True,True
2020-08-04 00:00:00+00:00,97.5126495361328,93.77653148651123,True,True
2020-08-05 00:00:00+00:00,98.30085754394533,93.78369892120361,True,True
2020-08-06 00:00:00+00:00,98.22837829589844,93.7953857421875,True,True
2020-08-07 00:00:00+00:00,99.22498321533205,93.8030617904663,True,True
2020-08-10 00:00:00+00:00,100.26688385009766,93.81567630767822,True,True
2020-08-11 00:00:00+00:00,100.15816497802734,93.83212108612061,True,True
2020-08-12 00:00:00+00:00,100.74705505371094,93.84779983520508,True,True
2020-08-13 00:00:00+00:00,100.2578125,93.86464317321777,True,True
2020-08-14 00:00:00+00:00,100.5477294921875,93.87752769470215,True,True
2020-08-17 00:00:00+00:00,100.59303283691406,93.89097190856934,True,True
2020-08-18 00:00:00+00:00,100.01319885253906,93.9045980834961,True,True
2020-08-19 00:00:00+00:00,99.62361907958984,93.91786117553711,True,True
2020-08-20 00:00:00+00:00,99.16155242919922,93.92316974639893,True,True
2020-08-21 00:00:00+00:00,98.9803695678711,93.92332042694092,True,True
2020-08-24 00:00:00+00:00,100.60210418701172,93.92256519317627,True,True
2020-08-25 00:00:00+00:00,100.60210418701172,93.93045261383057,True,True
2020-08-26 00:00:00+00:00,100.42994689941406,93.93713874816895,True,True
2020-08-27 00:00:00+00:00,100.94636535644533,93.94180713653564,True,True
2020-08-28 00:00:00+00:00,101.7799072265625,93.95039245605469,True,True
2020-08-31 00:00:00+00:00,100.92825317382812,93.96287857055664,True,True
2020-09-01 00:00:00+00:00,101.4446792602539,93.97146236419678,True,True
2020-09-02 00:00:00+00:00,103.24761962890624,93.98151588439941,True,True
2020-09-03 00:00:00+00:00,100.8739013671875,93.99693572998046,True,True
2020-09-04 00:00:00+00:00,100.63835144042967,94.00110988616943,True,True
2020-09-08 00:00:00+00:00,98.54547119140624,94.00450675964356,True,True
2020-09-09 00:00:00+00:00,99.68702697753906,93.99935241699218,True,True
2020-09-10 00:00:00+00:00,98.25555419921876,94.00092914581299,True,True
2020-09-11 00:00:00+00:00,98.7719955444336,93.99388023376464,True,True
2020-09-14 00:00:00+00:00,100.36653900146484,93.98491962432861,True,True
2020-09-15 00:00:00+00:00,100.46620178222656,93.98335346221924,True,True
2020-09-16 00:00:00+00:00,101.13663482666016,93.98014991760255,True,True
2020-09-17 00:00:00+00:00,100.70172882080078,93.98247871398925,True,True
2020-09-18 00:00:00+00:00,99.48770141601562,93.98685970306397,True,True
2020-09-21 00:00:00+00:00,96.98217010498048,93.9892195892334,True,True
2020-09-22 00:00:00+00:00,97.43722534179688,93.97544784545899,True,True
2020-09-23 00:00:00+00:00,95.34394073486328,93.96310600280762,True,True
2020-09-24 00:00:00+00:00,95.49867248535156,93.9356704711914,True,True
2020-09-25 00:00:00+00:00,96.82744598388672,93.91056579589844,True,True
2020-09-28 00:00:00+00:00,98.6932144165039,93.89263896942138,True,True
2020-09-29 00:00:00+00:00,97.9013900756836,93.88257263183594,True,True
2020-09-30 00:00:00+00:00,98.3928451538086,93.86325241088868,True,True
2020-10-01 00:00:00+00:00,98.74781036376952,93.84781330108643,True,True
2020-10-02 00:00:00+00:00,99.1846694946289,93.83094554901123,True,True
2020-10-05 00:00:00+00:00,100.92296600341795,93.81617301940918,True,True
2020-10-06 00:00:00+00:00,99.88542175292967,93.80933563232422,True,True
2020-10-07 00:00:00+00:00,101.70565795898438,93.79557537078857,True,True
2020-10-08 00:00:00+00:00,103.2073745727539,93.78829105377197,True,True
2020-10-09 00:00:00+00:00,103.36209106445312,93.78825180053711,True,True
2020-10-12 00:00:00+00:00,104.1629867553711,93.78862880706787,True,True
2020-10-13 00:00:00+00:00,103.10726165771484,93.7918932723999,True,True
2020-10-14 00:00:00+00:00,102.82512664794922,93.79059394836426,True,True
2020-10-15 00:00:00+00:00,103.29837799072266,93.78967109680175,True,True
2020-10-16 00:00:00+00:00,103.2073745727539,93.78919330596923,True,True
2020-10-19 00:00:00+00:00,101.8331069946289,93.78678630828857,True,True
2020-10-20 00:00:00+00:00,102.38826751708984,93.78045642852783,True,True
2020-10-21 00:00:00+00:00,102.0424346923828,93.77623229980469,True,True
2020-10-22 00:00:00+00:00,103.34388732910156,93.77072574615478,True,True
2020-10-23 00:00:00+00:00,103.88995361328124,93.77020751953125,True,True
2020-10-26 00:00:00+00:00,101.46902465820312,93.77005184173584,True,True
2020-10-27 00:00:00+00:00,100.2494888305664,93.75939987182618,True,True
2020-10-28 00:00:00+00:00,97.1823959350586,93.73943355560303,True,True
2020-10-29 00:00:00+00:00,98.1653289794922,93.70310428619385,True,True
2020-10-30 00:00:00+00:00,97.84678649902344,93.67088558197021,True,True
2020-11-02 00:00:00+00:00,100.03108978271484,93.63220470428467,True,True
2020-11-03 00:00:00+00:00,102.11522674560548,93.60341793060303,True,True
2020-11-04 00:00:00+00:00,102.19713592529295,93.5872407913208,True,True
2020-11-05 00:00:00+00:00,104.1811981201172,93.57214324951173,True,True
2020-11-06 00:00:00+00:00,103.75344848632812,93.56580459594727,True,True
2020-11-09 00:00:00+00:00,108.20392608642578,93.56273277282715,True,True
2020-11-10 00:00:00+00:00,108.7955093383789,93.59049076080322,True,True
2020-11-11 00:00:00+00:00,108.59526824951172,93.61642642974853,True,True
2020-11-12 00:00:00+00:00,106.9024658203125,93.64296932220459,True,True
2020-11-13 00:00:00+00:00,109.25965881347656,93.65993118286133,True,True
2020-11-16 00:00:00+00:00,111.54407501220705,93.69899879455566,True,True
2020-11-17 00:00:00+00:00,111.28013610839844,93.7460933303833,True,True
2020-11-18 00:00:00+00:00,109.96044921875,93.78436283111573,True,True
2020-11-19 00:00:00+00:00,110.51561737060548,93.80848403930663,True,True
2020-11-20 00:00:00+00:00,109.88763427734376,93.83551494598389,True,True
2020-11-23 00:00:00+00:00,111.5167465209961,93.86365013122558,True,True
2020-11-24 00:00:00+00:00,113.9467544555664,93.89765235900879,True,True
2020-11-25 00:00:00+00:00,113.100341796875,93.94067749023438,True,True
2020-11-27 00:00:00+00:00,113.04573059082033,93.97585201263428,True,True
2020-11-30 00:00:00+00:00,111.83528900146484,94.01124500274658,True,True
2020-12-01 00:00:00+00:00,112.87283325195312,94.0404963684082,True,True
2020-12-02 00:00:00+00:00,113.19136810302734,94.07654376983642,True,True
2020-12-03 00:00:00+00:00,113.82844543457033,94.112307472229,True,True
2020-12-04 00:00:00+00:00,115.65778350830078,94.15139057159423,True,True
2020-12-07 00:00:00+00:00,115.0844268798828,94.20444507598877,True,True
2020-12-08 00:00:00+00:00,115.4029541015625,94.27053684234619,True,True
2020-12-09 00:00:00+00:00,115.02980041503906,94.35533142089844,True,True
2020-12-10 00:00:00+00:00,115.12992095947266,94.44295112609863,True,True
2020-12-11 00:00:00+00:00,114.4200210571289,94.5513980102539,True,True
2020-12-14 00:00:00+00:00,113.60092163085938,94.66125438690186,True,True
2020-12-15 00:00:00+00:00,115.48487854003906,94.7493688583374,True,True
2020-12-16 00:00:00+00:00,115.23912811279295,94.85887584686279,True,True
2020-12-17 00:00:00+00:00,115.89442443847656,94.94870365142822,True,True
2020-12-18 00:00:00+00:00,115.62137603759766,95.0592308807373,True,True
2020-12-21 00:00:00+00:00,114.7007827758789,95.17799793243408,True,True
2020-12-22 00:00:00+00:00,114.2624053955078,95.3319665145874,True,True
2020-12-23 00:00:00+00:00,114.92912292480467,95.46355056762695,True,True
2020-12-24 00:00:00+00:00,115.1483154296875,95.62219013214111,True,True
2020-12-28 00:00:00+00:00,115.49535369873048,95.82391952514648,True,True
2020-12-29 00:00:00+00:00,114.9199676513672,95.99700561523437,True,True
2020-12-30 00:00:00+00:00,115.741943359375,96.21590957641601,True,True
2020-12-31 00:00:00+00:00,116.48171997070312,96.41877536773681,True,True
2021-01-04 00:00:00+00:00,114.80125427246094,96.64982154846192,True,True
2021-01-05 00:00:00+00:00,115.7784652709961,96.87152729034423,True,True
2021-01-06 00:00:00+00:00,118.5457763671875,97.11522914886474,True,True
2021-01-07 00:00:00+00:00,119.72390747070312,97.38467742919921,True,True
2021-01-08 00:00:00+00:00,119.93395233154295,97.62550491333008,True,True
2021-01-11 00:00:00+00:00,119.79695129394533,97.85840503692627,True,True
2021-01-12 00:00:00+00:00,120.73765563964844,98.06950714111328,True,True
2021-01-13 00:00:00+00:00,120.34494018554688,98.29686180114746,True,True
2021-01-14 00:00:00+00:00,120.7468032836914,98.51237312316894,True,True
2021-01-15 00:00:00+00:00,119.8426284790039,98.73706676483154,True,True
2021-01-19 00:00:00+00:00,120.41799926757812,98.9759164428711,True,True
2021-01-20 00:00:00+00:00,121.16690826416016,99.211958694458,True,True
2021-01-21 00:00:00+00:00,120.55502319335938,99.45765518188476,True,True
2021-01-22 00:00:00+00:00,120.04353332519533,99.67304401397705,True,True
2021-01-25 00:00:00+00:00,119.93395233154295,99.88276264190674,True,True
2021-01-26 00:00:00+00:00,119.34030151367188,100.07578285217285,True,True
2021-01-27 00:00:00+00:00,116.59130859375,100.25645114898681,True,True
2021-01-28 00:00:00+00:00,117.62332916259766,100.43235210418702,True,True
2021-01-29 00:00:00+00:00,115.5318832397461,100.60263107299805,True,True
2021-02-01 00:00:00+00:00,117.06622314453124,100.7759418106079,True,True
2021-02-02 00:00:00+00:00,118.6096649169922,100.9569242477417,True,True
2021-02-03 00:00:00+00:00,118.9202117919922,101.13051082611084,True,True
2021-02-04 00:00:00+00:00,120.43627166748048,101.31426685333253,True,True
2021-02-05 00:00:00+00:00,121.05731201171876,101.51760314941406,True,True
2021-02-08 00:00:00+00:00,122.47293090820312,101.71655597686768,True,True
2021-02-09 00:00:00+00:00,122.42727661132812,101.92222595214844,True,True
2021-02-10 00:00:00+00:00,122.80169677734376,102.1218480682373,True,True
2021-02-11 00:00:00+00:00,122.83824157714844,102.31147758483887,True,True
2021-02-12 00:00:00+00:00,123.57799530029295,102.49542495727539,True,True
2021-02-16 00:00:00+00:00,123.6693344116211,102.66813873291015,True,True
2021-02-17 00:00:00+00:00,123.60539245605467,102.85276794433594,True,True
2021-02-18 00:00:00+00:00,122.91131591796876,103.05273166656494,True,True
2021-02-19 00:00:00+00:00,123.84285736083984,103.24890933990478,True,True
2021-02-22 00:00:00+00:00,124.05296325683594,103.44784992218018,True,True
2021-02-23 00:00:00+00:00,124.38172912597656,103.65388618469238,True,True
2021-02-24 00:00:00+00:00,126.34532928466795,103.85412258148193,True,True
2021-02-25 00:00:00+00:00,123.40448760986328,104.0526280593872,True,True
2021-02-26 00:00:00+00:00,122.5642318725586,104.241572265625,True,True
2021-03-01 00:00:00+00:00,125.34066772460938,104.43750316619872,True,True
2021-03-02 00:00:00+00:00,124.71963500976562,104.65954189300537,True,True
2021-03-03 00:00:00+00:00,124.0802764892578,104.87220481872559,True,True
2021-03-04 00:00:00+00:00,122.3907470703125,105.08090400695801,True,True
2021-03-05 00:00:00+00:00,125.18539428710938,105.2586441040039,True,True
2021-03-08 00:00:00+00:00,126.00740814208984,105.45635746002198,True,True
2021-03-09 00:00:00+00:00,126.19001770019533,105.65037635803223,True,True
2021-03-10 00:00:00+00:00,127.48690032958984,105.84724815368652,True,True
2021-03-11 00:00:00+00:00,128.34542846679688,106.05024341583253,True,True
2021-03-12 00:00:00+00:00,129.32264709472656,106.24345611572265,True,True
2021-03-15 00:00:00+00:00,130.41859436035156,106.43045692443847,True,True
2021-03-16 00:00:00+00:00,129.2130584716797,106.6275390625,True,True
2021-03-17 00:00:00+00:00,129.87974548339844,106.81927028656006,True,True
2021-03-18 00:00:00+00:00,128.6102752685547,107.00901153564453,True,True
2021-03-19 00:00:00+00:00,128.372802734375,107.18658576965332,True,True
2021-03-22 00:00:00+00:00,128.54347229003906,107.35038612365723,True,True
2021-03-23 00:00:00+00:00,126.69007873535156,107.5126037979126,True,True
2021-03-24 00:00:00+00:00,126.52494049072266,107.64782508850098,True,True
2021-03-25 00:00:00+00:00,128.04800415039062,107.77026569366456,True,True
2021-03-26 00:00:00+00:00,130.44271850585938,107.91308864593506,True,True
2021-03-29 00:00:00+00:00,129.76373291015625,108.08015594482421,True,True
2021-03-30 00:00:00+00:00,130.01148986816406,108.27739250183106,True,True
2021-03-31 00:00:00+00:00,129.97479248046875,108.4668451309204,True,True
2021-04-01 00:00:00+00:00,131.2776641845703,108.65101650238037,True,True
2021-04-05 00:00:00+00:00,132.47042846679688,108.83200286865234,True,True
2021-04-06 00:00:00+00:00,132.644775390625,109.02427642822266,True,True
2021-04-07 00:00:00+00:00,132.1492919921875,109.21773750305175,True,True
2021-04-08 00:00:00+00:00,132.3970184326172,109.4135933303833,True,True
2021-04-09 00:00:00+00:00,133.15853881835938,109.61016689300537,True,True
2021-04-12 00:00:00+00:00,133.38792419433594,109.8100044631958,True,True
2021-04-13 00:00:00+00:00,133.15853881835938,110.02639083862304,True,True
2021-04-14 00:00:00+00:00,133.36959838867188,110.2370097732544,True,True
2021-04-15 00:00:00+00:00,134.41555786132812,110.45792514801025,True,True
2021-04-16 00:00:00+00:00,135.0119171142578,110.67519157409669,True,True
2021-04-19 00:00:00+00:00,134.3788299560547,110.88927906036378,True,True
2021-04-20 00:00:00+00:00,133.3787841796875,111.10083518981934,True,True
2021-04-21 00:00:00+00:00,135.14039611816406,111.30462787628174,True,True
2021-04-22 00:00:00+00:00,134.28713989257812,111.5121549987793,True,True
2021-04-23 00:00:00+00:00,135.7367706298828,111.72289031982422,True,True
2021-04-26 00:00:00+00:00,135.96617126464844,111.93951469421387,True,True
2021-04-27 00:00:00+00:00,136.11293029785156,112.1646248626709,True,True
2021-04-28 00:00:00+00:00,136.149658203125,112.38281307220458,True,True
2021-04-29 00:00:00+00:00,137.03968811035156,112.60335933685303,True,True
2021-04-30 00:00:00+00:00,136.0487060546875,112.82088115692139,True,True
2021-05-03 00:00:00+00:00,136.8561248779297,113.02262149810791,True,True
2021-05-04 00:00:00+00:00,136.70016479492188,113.2290784072876,True,True
2021-05-05 00:00:00+00:00,136.98460388183594,113.4331247329712,True,True
2021-05-06 00:00:00+00:00,137.68190002441406,113.64112995147705,True,True
2021-05-07 00:00:00+00:00,139.1315460205078,113.84786533355712,True,True
2021-05-10 00:00:00+00:00,138.6636505126953,114.05799835205079,True,True
2021-05-11 00:00:00+00:00,136.9937286376953,114.26660739898682,True,True
2021-05-12 00:00:00+00:00,133.9567413330078,114.47040019989014,True,True
2021-05-13 00:00:00+00:00,135.7642822265625,114.65706016540527,True,True
2021-05-14 00:00:00+00:00,137.89292907714844,114.8557022857666,True,True
2021-05-17 00:00:00+00:00,137.74610900878906,115.05710548400879,True,True
2021-05-18 00:00:00+00:00,136.5258331298828,115.26162506103516,True,True
2021-05-19 00:00:00+00:00,135.8193359375,115.46026969909668,True,True
2021-05-20 00:00:00+00:00,136.84693908691406,115.65420406341553,True,True
2021-05-21 00:00:00+00:00,137.03048706054688,115.85087551116943,True,True
2021-05-24 00:00:00+00:00,137.81954956054688,116.04452365875244,True,True
2021-05-25 00:00:00+00:00,137.24148559570312,116.24247951507569,True,True
2021-05-26 00:00:00+00:00,137.70938110351562,116.43256202697754,True,True
2021-05-27 00:00:00+00:00,138.3883819580078,116.61977451324464,True,True
2021-05-28 00:00:00+00:00,138.6544189453125,116.81092559814454,True,True
2021-06-01 00:00:00+00:00,139.1132049560547,117.00046241760253,True,True
2021-06-02 00:00:00+00:00,139.21412658691406,117.19473937988282,True,True
2021-06-03 00:00:00+00:00,139.01229858398438,117.38807136535644,True,True
2021-06-04 00:00:00+00:00,139.70042419433594,117.5801676940918,True,True
2021-06-07 00:00:00+00:00,139.45269775390625,117.77860382080078,True,True
2021-06-08 00:00:00+00:00,139.6270294189453,117.97774921417236,True,True
2021-06-09 00:00:00+00:00,138.99392700195312,118.1800765991211,True,True
2021-06-10 00:00:00+00:00,139.26002502441406,118.3801443862915,True,True
2021-06-11 00:00:00+00:00,139.6270294189453,118.57343399047852,True,True
2021-06-14 00:00:00+00:00,139.19580078125,118.76855861663819,True,True
2021-06-15 00:00:00+00:00,139.21412658691406,118.96238788604737,True,True
2021-06-16 00:00:00+00:00,138.26910400390625,119.15372669219971,True,True
2021-06-17 00:00:00+00:00,136.9112091064453,119.33617267608642,True,True
2021-06-18 00:00:00+00:00,134.5531768798828,119.51608745574951,True,True
2021-06-21 00:00:00+00:00,137.1479949951172,119.68162994384765,True,True
2021-06-22 00:00:00+00:00,137.43328857421875,119.85113182067872,True,True
2021-06-23 00:00:00+00:00,137.20321655273438,120.03392875671386,True,True
2021-06-24 00:00:00+00:00,138.1049041748047,120.21675308227539,True,True
2021-06-25 00:00:00+00:00,139.0710906982422,120.41455024719238,True,True
2021-06-28 00:00:00+00:00,138.4914093017578,120.6114705657959,True,True
2021-06-29 00:00:00+00:00,138.39016723632812,120.8126498413086,True,True
2021-06-30 00:00:00+00:00,138.6938018798828,121.01074069976806,True,True
2021-07-01 00:00:00+00:00,139.6599884033203,121.20237701416016,True,True
2021-07-02 00:00:00+00:00,140.0740509033203,121.39834594726562,True,True
2021-07-06 00:00:00+00:00,138.8502655029297,121.59303302764893,True,True
2021-07-07 00:00:00+00:00,139.1815185546875,121.78377571105958,True,True
2021-07-08 00:00:00+00:00,137.90252685546875,121.98224479675292,True,True
2021-07-09 00:00:00+00:00,139.86241149902344,122.18684658050537,True,True
2021-07-12 00:00:00+00:00,140.3132781982422,122.3989725112915,True,True
2021-07-13 00:00:00+00:00,138.98831176757812,122.6238191986084,True,True
2021-07-14 00:00:00+00:00,138.7858428955078,122.84126739501953,True,True
2021-07-15 00:00:00+00:00,138.4178009033203,123.05105937957764,True,True
2021-07-16 00:00:00+00:00,137.38722229003906,123.24968231201171,True,True
2021-07-19 00:00:00+00:00,134.90281677246094,123.4471114730835,True,True
2021-07-20 00:00:00+00:00,137.46084594726562,123.62966133117676,True,True
2021-07-21 00:00:00+00:00,138.841064453125,123.82322650909424,True,True
2021-07-22 00:00:00+00:00,138.45458984375,124.02150848388672,True,True
2021-07-23 00:00:00+00:00,139.60479736328125,124.20916660308838,True,True
2021-07-26 00:00:00+00:00,140.00045776367188,124.40776348114014,True,True
2021-07-27 00:00:00+00:00,139.7519989013672,124.59923748016358,True,True
2021-07-28 00:00:00+00:00,139.82562255859375,124.78196060180665,True,True
2021-07-29 00:00:00+00:00,140.87457275390625,124.96427825927735,True,True
2021-07-30 00:00:00+00:00,140.4881134033203,125.14783618927002,True,True
2021-08-02 00:00:00+00:00,140.2764892578125,125.33474044799804,True,True
2021-08-03 00:00:00+00:00,141.4542694091797,125.52199726104736,True,True
2021-08-04 00:00:00+00:00,140.1200408935547,125.71277671813965,True,True
2021-08-05 00:00:00+00:00,141.17822265625,125.89734004974365,True,True
2021-08-06 00:00:00+00:00,141.75791931152344,126.09406562805175,True,True
2021-08-09 00:00:00+00:00,141.4358673095703,126.29091388702392,True,True
2021-08-10 00:00:00+00:00,142.098388671875,126.48788105010986,True,True
2021-08-11 00:00:00+00:00,143.0093231201172,126.68165355682373,True,True
2021-08-12 00:00:00+00:00,142.9357147216797,126.87725040435791,True,True
2021-08-13 00:00:00+00:00,142.91732788085938,127.08458385467529,True,True
2021-08-16 00:00:00+00:00,142.96339416503906,127.29792304992675,True,True
2021-08-17 00:00:00+00:00,141.8867645263672,127.52682804107666,True,True
2021-08-18 00:00:00+00:00,140.4237518310547,127.74543521881104,True,True
2021-08-19 00:00:00+00:00,140.11087036132812,127.9583200454712,True,True
2021-08-20 00:00:00+00:00,141.12303161621094,128.15871894836425,True,True
2021-08-23 00:00:00+00:00,142.1811981201172,128.3537579727173,True,True
2021-08-24 00:00:00+00:00,142.76089477539062,128.5536782836914,True,True
2021-08-25 00:00:00+00:00,143.515380859375,128.74657676696776,True,True
2021-08-26 00:00:00+00:00,142.53086853027344,128.94538642883302,True,True
2021-08-27 00:00:00+00:00,144.0583038330078,129.11702114105225,True,True
2021-08-30 00:00:00+00:00,143.84664916992188,129.2933351135254,True,True
2021-08-31 00:00:00+00:00,143.819091796875,129.46959201812743,True,True
2021-09-01 00:00:00+00:00,143.84664916992188,129.65417514801027,True,True
2021-09-02 00:00:00+00:00,144.822021484375,129.8271100997925,True,True
2021-09-03 00:00:00+00:00,144.35275268554688,129.99349983215333,True,True
2021-09-07 00:00:00+00:00,143.14735412597656,130.15886291503907,True,True
2021-09-08 00:00:00+00:00,143.05535888671875,130.3247974395752,True,True
2021-09-09 00:00:00+00:00,142.65045166015625,130.48749614715575,True,True
2021-09-10 00:00:00+00:00,141.7119140625,130.65131023406983,True,True
2021-09-13 00:00:00+00:00,142.10760498046875,130.80228607177733,True,True
2021-09-14 00:00:00+00:00,141.0954132080078,130.94309032440185,True,True
2021-09-15 00:00:00+00:00,142.34681701660156,131.08306568145753,True,True
2021-09-16 00:00:00+00:00,142.0799560546875,131.22957111358642,True,True
2021-09-17 00:00:00+00:00,140.8193817138672,131.38079444885253,True,True
2021-09-20 00:00:00+00:00,138.69252014160156,131.5205271911621,True,True
2021-09-21 00:00:00+00:00,138.19381713867188,131.648032951355,True,True
2021-09-22 00:00:00+00:00,139.745361328125,131.7698598098755,True,True
2021-09-23 00:00:00+00:00,141.79554748535156,131.89029769897462,True,True
2021-09-24 00:00:00+00:00,142.03567504882812,132.02385330200195,True,True
2021-09-27 00:00:00+00:00,142.506591796875,132.15701690673828,True,True
2021-09-28 00:00:00+00:00,140.37330627441406,132.29440086364747,True,True
2021-09-29 00:00:00+00:00,140.67811584472656,132.42061779022217,True,True
2021-09-30 00:00:00+00:00,138.36009216308594,132.55190826416015,True,True
2021-10-01 00:00:00+00:00,140.22555541992188,132.6757041168213,True,True
2021-10-04 00:00:00+00:00,139.33895874023438,132.7994075012207,True,True
2021-10-05 00:00:00+00:00,140.3363800048828,132.9199066543579,True,True
2021-10-06 00:00:00+00:00,140.53033447265625,133.04211643218994,True,True
2021-10-07 00:00:00+00:00,141.7216796875,133.16666122436524,True,True
2021-10-08 00:00:00+00:00,141.38919067382812,133.30176570892334,True,True
2021-10-11 00:00:00+00:00,140.6134490966797,133.43739963531493,True,True
2021-10-12 00:00:00+00:00,140.65036010742188,133.5658212661743,True,True
2021-10-13 00:00:00+00:00,140.8812713623047,133.69333148956298,True,True
2021-10-14 00:00:00+00:00,143.30081176757812,133.82026107788087,True,True
2021-10-15 00:00:00+00:00,143.79029846191406,133.9621652984619,True,True
2021-10-18 00:00:00+00:00,143.84573364257812,134.1024070739746,True,True
2021-10-19 00:00:00+00:00,144.6861114501953,134.239227142334,True,True
2021-10-20 00:00:00+00:00,145.7943115234375,134.38865142822266,True,True
2021-10-21 00:00:00+00:00,145.9698028564453,134.53873065948486,True,True
2021-10-22 00:00:00+00:00,146.3853759765625,134.67585079193114,True,True
2021-10-25 00:00:00+00:00,146.71783447265625,134.80915813446046,True,True
2021-10-26 00:00:00+00:00,146.4315185546875,134.943077545166,True,True
2021-10-27 00:00:00+00:00,144.48292541503906,135.07625038146972,True,True
2021-10-28 00:00:00+00:00,145.9512939453125,135.19497673034667,True,True
2021-10-29 00:00:00+00:00,145.6927490234375,135.32300849914552,True,True
2021-11-01 00:00:00+00:00,146.8563690185547,135.44773822784424,True,True
2021-11-02 00:00:00+00:00,147.2626953125,135.582806930542,True,True
2021-11-03 00:00:00+00:00,148.1307830810547,135.7170304107666,True,True
2021-11-04 00:00:00+00:00,147.82603454589844,135.85184978485108,True,True
2021-11-05 00:00:00+00:00,148.9527587890625,135.98820484161376,True,True
2021-11-08 00:00:00+00:00,149.1743621826172,136.1327509689331,True,True
2021-11-09 00:00:00+00:00,149.15591430664062,136.27895301818847,True,True
2021-11-10 00:00:00+00:00,148.2046661376953,136.42803108215332,True,True
2021-11-11 00:00:00+00:00,148.5648651123047,136.58609786987304,True,True
2021-11-12 00:00:00+00:00,149.28518676757812,136.74080554962157,True,True
2021-11-15 00:00:00+00:00,149.5437774658203,136.90957206726074,True,True
2021-11-16 00:00:00+00:00,149.7376708984375,137.0719598388672,True,True
2021-11-17 00:00:00+00:00,148.94346618652344,137.2275998687744,True,True
2021-11-18 00:00:00+00:00,148.39862060546875,137.37771614074708,True,True
2021-11-19 00:00:00+00:00,147.43814086914062,137.517527885437,True,True
2021-11-22 00:00:00+00:00,147.66903686523438,137.64943202972412,True,True
2021-11-23 00:00:00+00:00,148.27854919433594,137.77541255950928,True,True
2021-11-24 00:00:00+00:00,148.35243225097656,137.90466892242432,True,True
2021-11-26 00:00:00+00:00,144.4921875,138.03242259979248,True,True
2021-11-29 00:00:00+00:00,145.7019805908203,138.14069232940673,True,True
2021-11-30 00:00:00+00:00,141.84173583984375,138.25131225585938,True,True
2021-12-01 00:00:00+00:00,140.07778930664062,138.3421742630005,True,True
2021-12-02 00:00:00+00:00,143.4670867919922,138.42453624725343,True,True
2021-12-03 00:00:00+00:00,142.68211364746094,138.52731510162354,True,True
2021-12-06 00:00:00+00:00,144.7969207763672,138.62151138305663,True,True
2021-12-07 00:00:00+00:00,147.24423217773438,138.7252311706543,True,True
2021-12-08 00:00:00+00:00,147.6228790283203,138.8395436859131,True,True
2021-12-09 00:00:00+00:00,146.570068359375,138.94593143463135,True,True
2021-12-10 00:00:00+00:00,147.5212860107422,139.06175933837892,True,True
2021-12-13 00:00:00+00:00,146.45001220703125,139.1865446090698,True,True
2021-12-14 00:00:00+00:00,145.5726776123047,139.29209133148194,True,True
2021-12-15 00:00:00+00:00,147.16110229492188,139.39635654449464,True,True
2021-12-16 00:00:00+00:00,146.9025421142578,139.51176067352296,True,True
2021-12-17 00:00:00+00:00,144.9539337158203,139.6343196487427,True,True
2021-12-20 00:00:00+00:00,143.4664764404297,139.73316234588623,True,True
2021-12-21 00:00:00+00:00,146.37466430664062,139.82045768737794,True,True
2021-12-22 00:00:00+00:00,147.4027557373047,139.92138092041014,True,True
2021-12-23 00:00:00+00:00,148.4030303955078,140.02096019744874,True,True
2021-12-27 00:00:00+00:00,150.30174255371094,140.1212482070923,True,True
2021-12-28 00:00:00+00:00,150.5332794189453,140.2261436843872,True,True
2021-12-29 00:00:00+00:00,150.97784423828125,140.32671710968017,True,True
2021-12-30 00:00:00+00:00,150.73703002929688,140.43554103851318,True,True
2021-12-31 00:00:00+00:00,150.73703002929688,140.53982746124268,True,True
2022-01-03 00:00:00+00:00,150.86668395996094,140.65046123504638,True,True
2022-01-04 00:00:00+00:00,152.0800018310547,140.7629306411743,True,True
2022-01-05 00:00:00+00:00,149.73675537109375,140.8806132888794,True,True
2022-01-06 00:00:00+00:00,150.0701904296875,140.9958466720581,True,True
2022-01-07 00:00:00+00:00,149.829345703125,141.11357292175293,True,True
2022-01-10 00:00:00+00:00,149.07916259765625,141.2224796295166,True,True
2022-01-11 00:00:00+00:00,150.48699951171875,141.31566184997558,True,True
2022-01-12 00:00:00+00:00,150.6073760986328,141.4192781829834,True,True
2022-01-13 00:00:00+00:00,149.91275024414062,141.52225761413575,True,True
2022-01-14 00:00:00+00:00,149.65342712402344,141.6219474029541,True,True
2022-01-18 00:00:00+00:00,147.27305603027344,141.71382621765136,True,True
2022-01-19 00:00:00+00:00,145.7449188232422,141.78783935546875,True,True
2022-01-20 00:00:00+00:00,143.8925018310547,141.85334007263182,True,True
2022-01-21 00:00:00+00:00,141.79006958007812,141.91205612182617,False,True
2022-01-24 00:00:00+00:00,142.8551788330078,141.9590213775635,True,False
2022-01-25 00:00:00+00:00,141.5029296875,142.00750457763672,False,True
2022-01-26 00:00:00+00:00,140.36370849609375,142.04807960510254,False,False
2022-01-27 00:00:00+00:00,139.5764923095703,142.08410545349122,False,False
2022-01-28 00:00:00+00:00,141.966064453125,142.1151399230957,False,False
2022-01-31 00:00:00+00:00,144.15187072753906,142.1528924560547,True,False
2022-02-01 00:00:00+00:00,145.2725372314453,142.1985922241211,True,True
2022-02-02 00:00:00+00:00,146.21722412109375,142.25306076049804,True,True
2022-02-03 00:00:00+00:00,144.36488342285156,142.31725296020508,True,True
2022-02-04 00:00:00+00:00,144.2351837158203,142.36337539672851,True,True
2022-02-07 00:00:00+00:00,144.32781982421875,142.41311561584473,True,True
2022-02-08 00:00:00+00:00,145.65228271484375,142.4560708618164,True,True
2022-02-09 00:00:00+00:00,148.11593627929688,142.5045014190674,True,True
2022-02-10 00:00:00+00:00,145.7819366455078,142.56451644897462,True,True
2022-02-11 00:00:00+00:00,143.85546875,142.61267784118652,True,True
2022-02-14 00:00:00+00:00,142.70701599121094,142.64675674438476,True,True
2022-02-15 00:00:00+00:00,144.88352966308594,142.68004829406738,True,True
2022-02-16 00:00:00+00:00,145.3651123046875,142.72018531799316,True,True
2022-02-17 00:00:00+00:00,142.7532958984375,142.76351005554199,False,True
2022-02-18 00:00:00+00:00,142.21612548828125,142.792353515625,False,False
2022-02-22 00:00:00+00:00,140.79905700683594,142.81502464294434,False,False
2022-02-23 00:00:00+00:00,138.6225128173828,142.82336219787598,False,False
2022-02-24 00:00:00+00:00,139.9469451904297,142.8231565093994,False,False
2022-02-25 00:00:00+00:00,143.707275390625,142.8379225921631,True,False
2022-02-28 00:00:00+00:00,142.86444091796875,142.88667526245118,False,True
2022-03-01 00:00:00+00:00,140.41004943847656,142.9221760559082,False,False
2022-03-02 00:00:00+00:00,143.40162658691406,142.93476165771483,True,False
2022-03-03 00:00:00+00:00,143.1052703857422,142.96303924560547,True,True
2022-03-04 00:00:00+00:00,142.24388122558594,142.99593643188476,False,True
2022-03-07 00:00:00+00:00,138.3076171875,143.0280591583252,False,False
2022-03-08 00:00:00+00:00,137.3165740966797,143.03536254882812,False,False
2022-03-09 00:00:00+00:00,140.22483825683594,143.0367929840088,False,False
2022-03-10 00:00:00+00:00,139.95623779296875,143.04881942749023,False,False
2022-03-11 00:00:00+00:00,138.48355102539062,143.06239318847656,False,False
2022-03-14 00:00:00+00:00,137.97421264648438,143.06626403808593,False,False
2022-03-15 00:00:00+00:00,140.197021484375,143.06419319152832,False,False
2022-03-16 00:00:00+00:00,142.8459014892578,143.07190620422364,False,False
2022-03-17 00:00:00+00:00,144.64276123046875,143.09056968688964,True,False
2022-03-18 00:00:00+00:00,145.5688934326172,143.11771286010742,True,True
2022-03-21 00:00:00+00:00,145.16342163085938,143.15049583435058,True,True
2022-03-22 00:00:00+00:00,146.3817596435547,143.1778108215332,True,True
2022-03-23 00:00:00+00:00,144.2891387939453,143.21245613098145,True,True
2022-03-24 00:00:00+00:00,145.9725341796875,143.23576667785645,True,True
2022-03-25 00:00:00+00:00,146.96771240234375,143.27065971374512,True,True
2022-03-28 00:00:00+00:00,147.4048614501953,143.30919815063476,True,True
2022-03-29 00:00:00+00:00,149.85092163085938,143.34808731079102,True,True
2022-03-30 00:00:00+00:00,148.70692443847656,143.40136291503907,True,True
2022-03-31 00:00:00+00:00,146.6793975830078,143.44882690429688,True,True
2022-04-01 00:00:00+00:00,147.15374755859375,143.49087837219238,True,True
2022-04-04 00:00:00+00:00,147.46994018554688,143.54209106445313,True,True
2022-04-05 00:00:00+00:00,145.89817810058594,143.60667488098144,True,True
2022-04-06 00:00:00+00:00,145.16342163085938,143.65042579650878,True,True
2022-04-07 00:00:00+00:00,145.60983276367188,143.68907646179198,True,True
2022-04-08 00:00:00+00:00,145.916748046875,143.73110954284667,True,True
2022-04-11 00:00:00+00:00,144.5030975341797,143.77016876220702,True,True
2022-04-12 00:00:00+00:00,144.01943969726562,143.79732879638672,True,True
2022-04-13 00:00:00+00:00,145.64700317382812,143.82496894836424,True,True
2022-04-14 00:00:00+00:00,144.65184020996094,143.86125312805177,True,True
2022-04-18 00:00:00+00:00,144.344970703125,143.89104331970213,True,True
2022-04-19 00:00:00+00:00,146.90260314941406,143.91446823120117,True,True
2022-04-20 00:00:00+00:00,147.84197998046875,143.94861099243164,True,True
2022-04-21 00:00:00+00:00,145.7028350830078,143.99356956481932,True,True
2022-04-22 00:00:00+00:00,141.73150634765625,144.02617614746094,False,True
2022-04-25 00:00:00+00:00,142.15933227539062,144.04532104492188,False,False
2022-04-26 00:00:00+00:00,138.7552947998047,144.0568056488037,False,False
2022-04-27 00:00:00+00:00,139.01573181152344,144.04901573181152,False,False
2022-04-28 00:00:00+00:00,141.4338836669922,144.04915283203124,False,False
2022-04-29 00:00:00+00:00,137.13699340820312,144.06239303588868,False,False
2022-05-02 00:00:00+00:00,137.50901794433594,144.05598899841308,False,False
2022-05-03 00:00:00+00:00,138.64373779296875,144.05659797668457,False,False
2022-05-04 00:00:00+00:00,142.50344848632812,144.0753025817871,False,False
2022-05-05 00:00:00+00:00,138.2158660888672,144.10051559448243,False,False
2022-05-06 00:00:00+00:00,136.9510040283203,144.09738960266114,False,False
2022-05-09 00:00:00+00:00,132.88668823242188,144.08987167358399,False,False
2022-05-10 00:00:00+00:00,132.54254150390625,144.05628112792968,False,False
2022-05-11 00:00:00+00:00,130.8312225341797,144.01899154663087,False,False
2022-05-12 00:00:00+00:00,131.38925170898438,143.97438766479493,False,False
2022-05-13 00:00:00+00:00,134.3933563232422,143.93220581054686,False,False
2022-05-16 00:00:00+00:00,133.91900634765625,143.89979972839356,False,False
2022-05-17 00:00:00+00:00,136.75570678710938,143.86695419311525,False,False
2022-05-18 00:00:00+00:00,131.61248779296875,143.8493502807617,False,False
2022-05-19 00:00:00+00:00,131.3148651123047,143.80014137268066,False,False
2022-05-20 00:00:00+00:00,131.3148651123047,143.75611549377442,False,False
2022-05-23 00:00:00+00:00,133.16563415527344,143.70679870605468,False,False
2022-05-24 00:00:00+00:00,132.337890625,143.66383728027344,False,False
2022-05-25 00:00:00+00:00,133.86322021484375,143.6183473968506,False,False
2022-05-26 00:00:00+00:00,136.6905975341797,143.57717155456544,False,False
2022-05-27 00:00:00+00:00,139.82484436035156,143.54557792663573,False,False
2022-05-31 00:00:00+00:00,138.5135040283203,143.5300235748291,False,False
2022-06-01 00:00:00+00:00,137.0440216064453,143.5080044555664,False,False
2022-06-02 00:00:00+00:00,139.45286560058594,143.47840759277344,False,False
2022-06-03 00:00:00+00:00,137.80665588378906,143.46623809814454,False,False
2022-06-06 00:00:00+00:00,138.30885314941406,143.4531526184082,False,False
2022-06-07 00:00:00+00:00,139.6295623779297,143.44414253234862,False,False
2022-06-08 00:00:00+00:00,137.65785217285156,143.43667518615723,False,False
2022-06-09 00:00:00+00:00,134.53285217285156,143.4140584564209,False,False
2022-06-10 00:00:00+00:00,130.86842346191406,143.3729182434082,False,False
2022-06-13 00:00:00+00:00,125.60432434082033,143.30968345642088,False,False
2022-06-14 00:00:00+00:00,124.95328521728516,143.22505073547364,False,False
2022-06-15 00:00:00+00:00,126.1530303955078,143.129525642395,False,False
2022-06-16 00:00:00+00:00,121.68873596191406,143.04105754852296,False,False
2022-06-17 00:00:00+00:00,121.96776580810548,142.93040576934814,False,False
2022-06-21 00:00:00+00:00,124.07450103759766,142.82101135253907,False,False
2022-06-22 00:00:00+00:00,124.00899505615234,142.71727375030517,False,False
2022-06-23 00:00:00+00:00,125.03762817382812,142.6155549621582,False,False
2022-06-24 00:00:00+00:00,129.1051788330078,142.52500633239745,False,False
2022-06-27 00:00:00+00:00,129.03973388671875,142.4552554321289,False,False
2022-06-28 00:00:00+00:00,127.0760269165039,142.38720184326172,False,False
2022-06-29 00:00:00+00:00,126.29998779296876,142.31402240753175,False,False
2022-06-30 00:00:00+00:00,125.51446533203124,142.23498432159423,False,False
2022-07-01 00:00:00+00:00,127.04800415039062,142.15707958221435,False,False
2022-07-05 00:00:00+00:00,126.74879455566406,142.0805855178833,False,False
2022-07-06 00:00:00+00:00,126.77687072753906,142.00392971038818,False,False
2022-07-07 00:00:00+00:00,128.61892700195312,141.93371715545655,False,False
2022-07-08 00:00:00+00:00,128.14202880859375,141.8833491897583,False,False
2022-07-11 00:00:00+00:00,126.96385192871094,141.8330902481079,False,False
2022-07-12 00:00:00+00:00,126.35604858398438,141.76918270111085,False,False
2022-07-13 00:00:00+00:00,125.65476989746094,141.69198520660402,False,False
2022-07-14 00:00:00+00:00,124.66356658935548,141.61008068084718,False,False
2022-07-15 00:00:00+00:00,127.02928161621094,141.52086555480957,False,False
2022-07-18 00:00:00+00:00,126.47760009765624,141.45414543151855,False,False
2022-07-19 00:00:00+00:00,130.1056671142578,141.3831428527832,False,False
2022-07-20 00:00:00+00:00,130.9752960205078,141.34187072753906,False,False
2022-07-21 00:00:00+00:00,131.9945068359375,141.295619430542,False,False
2022-07-22 00:00:00+00:00,131.227783203125,141.25889717102052,False,False
2022-07-25 00:00:00+00:00,131.55503845214844,141.21335418701173,False,False
2022-07-26 00:00:00+00:00,130.52645874023438,141.1684777069092,False,False
2022-07-27 00:00:00+00:00,133.06053161621094,141.11250160217284,False,False
2022-07-28 00:00:00+00:00,135.1643829345703,141.07085830688476,False,False
2022-07-29 00:00:00+00:00,136.37066650390625,141.04361297607423,False,False
2022-08-01 00:00:00+00:00,136.10885620117188,141.02221450805663,False,False
2022-08-02 00:00:00+00:00,135.1457061767578,140.99835243225098,False,False
2022-08-03 00:00:00+00:00,136.54830932617188,140.95757690429687,False,False
2022-08-04 00:00:00+00:00,136.25845336914062,140.92136695861817,False,False
2022-08-05 00:00:00+00:00,136.40806579589844,140.883430557251,False,False
2022-08-08 00:00:00+00:00,136.7914276123047,140.8420403289795,False,False
2022-08-09 00:00:00+00:00,135.9966278076172,140.79702590942384,False,False
2022-08-10 00:00:00+00:00,138.9047088623047,140.7471600341797,False,False
2022-08-11 00:00:00+00:00,139.5218505859375,140.7097566986084,False,False
2022-08-12 00:00:00+00:00,141.77532958984375,140.6737767791748,True,False
2022-08-15 00:00:00+00:00,142.08392333984375,140.65049583435058,True,True
2022-08-16 00:00:00+00:00,142.49539184570312,140.6385008239746,True,True
2022-08-17 00:00:00+00:00,141.15821838378906,140.62122131347655,True,True
2022-08-18 00:00:00+00:00,141.60707092285156,140.5985486602783,True,True
2022-08-19 00:00:00+00:00,139.7369384765625,140.5723021697998,False,True
2022-08-22 00:00:00+00:00,136.81948852539062,140.53467338562012,False,False
2022-08-23 00:00:00+00:00,136.4641876220703,140.47811691284178,False,False
2022-08-24 00:00:00+00:00,137.14674377441406,140.42130767822266,False,False
2022-08-25 00:00:00+00:00,139.26002502441406,140.3622776031494,False,False
2022-08-26 00:00:00+00:00,134.7716827392578,140.3127059173584,False,False
2022-08-29 00:00:00+00:00,133.98622131347656,140.2407847595215,False,False
2022-08-30 00:00:00+00:00,132.57424926757812,140.1696925354004,False,False
2022-08-31 00:00:00+00:00,131.62051391601562,140.08973945617674,False,False
2022-09-01 00:00:00+00:00,131.73269653320312,140.00141609191894,False,False
2022-09-02 00:00:00+00:00,130.7789306640625,139.91236068725587,False,False
2022-09-06 00:00:00+00:00,130.41424560546875,139.817566986084,False,False
2022-09-07 00:00:00+00:00,133.2755889892578,139.7249208831787,False,False
2022-09-08 00:00:00+00:00,134.42572021484375,139.64930572509766,False,False
2022-09-09 00:00:00+00:00,136.2771453857422,139.58424362182618,False,False
2022-09-12 00:00:00+00:00,137.54888916015625,139.52728416442872,False,False
2022-09-13 00:00:00+00:00,132.10675048828125,139.4736358642578,False,False
2022-09-14 00:00:00+00:00,132.09738159179688,139.39240745544433,False,False
2022-09-15 00:00:00+00:00,131.0501251220703,139.33043342590332,False,False
2022-09-16 00:00:00+00:00,129.7410125732422,139.25717414855956,False,False
2022-09-19 00:00:00+00:00,130.70851135253906,139.19667053222656,False,False
2022-09-20 00:00:00+00:00,128.6044158935547,139.14982414245605,False,False
2022-09-21 00:00:00+00:00,126.47213745117188,139.07551078796388,False,False
2022-09-22 00:00:00+00:00,124.65921020507812,138.99446090698243,False,False
2022-09-23 00:00:00+00:00,122.5644760131836,138.89377235412599,False,False
2022-09-26 00:00:00+00:00,120.78913879394533,138.77037357330323,False,False
2022-09-27 00:00:00+00:00,120.4040069580078,138.63620487213134,False,False
2022-09-28 00:00:00+00:00,123.20323944091795,138.5053745651245,False,False
2022-09-29 00:00:00+00:00,120.8736801147461,138.38378433227538,False,False
2022-09-30 00:00:00+00:00,119.55863189697266,138.25590267181397,False,False
2022-10-03 00:00:00+00:00,122.89327239990234,138.1258324432373,False,False
2022-10-04 00:00:00+00:00,127.12964630126952,138.0044932937622,False,False
2022-10-05 00:00:00+00:00,126.63179779052734,137.90562881469725,False,False
2022-10-06 00:00:00+00:00,125.22280883789062,137.8140181350708,False,False
2022-10-07 00:00:00+00:00,122.25450897216795,137.72279979705812,False,False
2022-10-10 00:00:00+00:00,121.42791748046876,137.60219902038574,False,False
2022-10-11 00:00:00+00:00,120.88306427001952,137.47232482910155,False,False
2022-10-12 00:00:00+00:00,120.25373840332033,137.33472499847412,False,False
2022-10-13 00:00:00+00:00,123.14688110351562,137.18448497772218,False,False
2022-10-14 00:00:00+00:00,120.42279815673828,137.047552986145,False,False
2022-10-17 00:00:00+00:00,123.04357147216795,136.8947777557373,False,False
2022-10-18 00:00:00+00:00,124.8658676147461,136.75631046295166,False,False
2022-10-19 00:00:00+00:00,123.39110565185548,136.6269546508789,False,False
2022-10-20 00:00:00+00:00,122.01966094970705,136.48957675933838,False,False
2022-10-21 00:00:00+00:00,124.80948638916016,136.33927505493165,False,False
2022-10-24 00:00:00+00:00,126.19973754882812,136.21463871002197,False,False
2022-10-25 00:00:00+00:00,128.6232147216797,136.0952864456177,False,False
2022-10-26 00:00:00+00:00,128.8768310546875,135.98925579071044,False,False
2022-10-27 00:00:00+00:00,128.9989471435547,135.8882441329956,False,False
2022-10-28 00:00:00+00:00,131.67601013183594,135.78080387115477,False,False
2022-10-31 00:00:00+00:00,131.09364318847656,135.6861470413208,False,False
2022-11-01 00:00:00+00:00,131.41305541992188,135.59205150604248,False,False
2022-11-02 00:00:00+00:00,128.2099151611328,135.50084964752196,False,False
2022-11-03 00:00:00+00:00,127.56175994873048,135.40553394317627,False,False
2022-11-04 00:00:00+00:00,129.5437774658203,135.3146181488037,False,False
2022-11-07 00:00:00+00:00,130.57701110839844,135.24287452697754,False,False
2022-11-08 00:00:00+00:00,131.35665893554688,135.18680923461915,False,False
2022-11-09 00:00:00+00:00,128.9989471435547,135.12931663513183,False,False
2022-11-10 00:00:00+00:00,135.9124298095703,135.0667967224121,True,False
2022-11-11 00:00:00+00:00,137.2181396484375,135.04454032897948,True,True
2022-11-14 00:00:00+00:00,135.724609375,135.03274856567384,True,True
2022-11-15 00:00:00+00:00,137.00205993652344,135.0015412902832,True,True
2022-11-16 00:00:00+00:00,135.54608154296875,134.96579223632813,True,True
2022-11-17 00:00:00+00:00,134.75706481933594,134.91715995788573,False,True
2022-11-18 00:00:00+00:00,135.7621612548828,134.85985916137696,True,False
2022-11-21 00:00:00+00:00,135.705810546875,134.8168455505371,True,True
2022-11-22 00:00:00+00:00,137.5093231201172,134.77419868469238,True,True
2022-11-23 00:00:00+00:00,138.08230590820312,134.74010620117187,True,True
2022-11-25 00:00:00+00:00,138.5519561767578,134.70225631713868,True,True
2022-11-28 00:00:00+00:00,136.08151245117188,134.65443641662597,True,True
2022-11-29 00:00:00+00:00,136.51364135742188,134.6059342956543,True,True
2022-11-30 00:00:00+00:00,139.79190063476562,134.5692251586914,True,True
2022-12-01 00:00:00+00:00,139.9891815185547,134.5546495819092,True,True
2022-12-02 00:00:00+00:00,139.90460205078125,134.53017784118651,True,True
2022-12-05 00:00:00+00:00,137.19932556152344,134.502875289917,True,True
2022-12-06 00:00:00+00:00,135.6964111328125,134.47510543823242,True,True
2022-12-07 00:00:00+00:00,135.47096252441406,134.4425068664551,True,True
2022-12-08 00:00:00+00:00,136.34454345703125,134.41586639404298,True,True
2022-12-09 00:00:00+00:00,135.29248046875,134.40447654724122,True,True
2022-12-12 00:00:00+00:00,137.2838897705078,134.3812042236328,True,True
2022-12-13 00:00:00+00:00,138.2419891357422,134.34908729553223,True,True
2022-12-14 00:00:00+00:00,137.42478942871094,134.3259750366211,True,True
2022-12-15 00:00:00+00:00,134.40948486328125,134.31104873657227,True,True
2022-12-16 00:00:00+00:00,132.7844696044922,134.2660880279541,False,True
2022-12-19 00:00:00+00:00,131.6978759765625,134.21448402404786,False,False
2022-12-20 00:00:00+00:00,131.82994079589844,134.16175399780275,False,False
2022-12-21 00:00:00+00:00,133.86721801757812,134.12936561584473,False,False
2022-12-22 00:00:00+00:00,132.41476440429688,134.11211883544922,False,False
2022-12-23 00:00:00+00:00,133.2635955810547,134.07306846618653,False,False
2022-12-27 00:00:00+00:00,133.3485107421875,134.03960525512696,False,False
2022-12-28 00:00:00+00:00,131.433837890625,134.01393005371094,False,False
2022-12-29 00:00:00+00:00,133.77293395996094,133.98122817993163,False,False
2022-12-30 00:00:00+00:00,133.2258758544922,133.94910774230956,False,False
2023-01-03 00:00:00+00:00,133.103271484375,133.90100761413575,False,False
2023-01-04 00:00:00+00:00,135.17828369140625,133.84331016540528,True,False
2023-01-05 00:00:00+00:00,133.77293395996094,133.79135711669923,False,True
2023-01-06 00:00:00+00:00,136.9797821044922,133.73440467834473,True,False
2023-01-09 00:00:00+00:00,137.03634643554688,133.68739479064942,True,True
2023-01-10 00:00:00+00:00,138.06448364257812,133.65113082885742,True,True
2023-01-11 00:00:00+00:00,139.74334716796875,133.61159057617186,True,True
2023-01-12 00:00:00+00:00,140.27151489257812,133.57546875,True,True
2023-01-13 00:00:00+00:00,140.60165405273438,133.5398020172119,True,True
2023-01-17 00:00:00+00:00,140.2904052734375,133.49355567932128,True,True
2023-01-18 00:00:00+00:00,138.13046264648438,133.4514730834961,True,True
2023-01-19 00:00:00+00:00,136.70623779296875,133.4087284088135,True,True
2023-01-20 00:00:00+00:00,139.08311462402344,133.35649085998534,True,True
2023-01-23 00:00:00+00:00,140.84686279296875,133.31455673217772,True,True
2023-01-24 00:00:00+00:00,140.5167236328125,133.28930015563964,True,True
2023-01-25 00:00:00+00:00,140.8374481201172,133.26606666564942,True,True
2023-01-26 00:00:00+00:00,141.96926879882812,133.24220474243165,True,True
2023-01-27 00:00:00+00:00,142.2333526611328,133.2224673461914,True,True
2023-01-30 00:00:00+00:00,140.7242431640625,133.21111862182616,True,True
2023-01-31 00:00:00+00:00,143.11050415039062,133.19464263916015,True,True
2023-02-01 00:00:00+00:00,144.5724639892578,133.18196014404296,True,True
2023-02-02 00:00:00+00:00,146.1570587158203,133.18156326293945,True,True
2023-02-03 00:00:00+00:00,144.36500549316406,133.19062370300293,True,True
2023-02-06 00:00:00+00:00,143.34632873535156,133.17793571472168,True,True
2023-02-07 00:00:00+00:00,144.6856689453125,133.1554574584961,True,True
2023-02-08 00:00:00+00:00,143.26144409179688,133.15037162780763,True,True
2023-02-09 00:00:00+00:00,141.9503936767578,133.15802131652833,True,True
2023-02-10 00:00:00+00:00,142.38427734375,133.15697662353514,True,True
2023-02-13 00:00:00+00:00,143.97828674316406,133.1751215362549,True,True
2023-02-14 00:00:00+00:00,143.70474243164062,133.19993431091308,True,True
2023-02-15 00:00:00+00:00,144.38385009765625,133.21128860473632,True,True
2023-02-16 00:00:00+00:00,142.7521209716797,133.2475228881836,True,True
2023-02-17 00:00:00+00:00,142.45028686523438,133.27373840332032,True,True
2023-02-21 00:00:00+00:00,139.35662841796875,133.29277114868165,True,True
2023-02-22 00:00:00+00:00,139.1868438720703,133.27703704833985,True,True
2023-02-23 00:00:00+00:00,139.70559692382812,133.28189193725586,True,True
2023-02-24 00:00:00+00:00,138.50778198242188,133.2956649017334,True,True
2023-02-27 00:00:00+00:00,138.67750549316406,133.3237703704834,True,True
2023-02-28 00:00:00+00:00,138.2719268798828,133.3544451904297,True,True
2023-03-01 00:00:00+00:00,138.01727294921875,133.3916487121582,True,True
2023-03-02 00:00:00+00:00,139.10195922851562,133.4247888183594,True,True
2023-03-03 00:00:00+00:00,141.0543670654297,133.44833183288574,True,True
2023-03-06 00:00:00+00:00,140.37527465820312,133.4840086364746,True,True
2023-03-07 00:00:00+00:00,138.1116180419922,133.5021064758301,True,True
2023-03-08 00:00:00+00:00,138.40399169921875,133.5346021270752,True,True
2023-03-09 00:00:00+00:00,135.3480682373047,133.57004776000977,True,True
2023-03-10 00:00:00+00:00,132.49021911621094,133.59021377563477,False,True
2023-03-13 00:00:00+00:00,130.86788940429688,133.58683670043945,False,False
2023-03-14 00:00:00+00:00,132.70712280273438,133.57948669433594,False,False
2023-03-15 00:00:00+00:00,130.84901428222656,133.5737062072754,False,False
2023-03-16 00:00:00+00:00,132.4241485595703,133.54449829101563,False,False
2023-03-17 00:00:00+00:00,130.18878173828125,133.5074948120117,False,False
2023-03-20 00:00:00+00:00,131.8770751953125,133.46587120056154,False,False
2023-03-21 00:00:00+00:00,133.6402130126953,133.44003646850587,True,False
2023-03-22 00:00:00+00:00,130.63525390625,133.4109732055664,False,True
2023-03-23 00:00:00+00:00,130.19920349121094,133.37511619567871,False,False
2023-03-24 00:00:00+00:00,131.3083038330078,133.33456794738768,False,False
2023-03-27 00:00:00+00:00,132.180419921875,133.2929616546631,False,False
2023-03-28 00:00:00+00:00,132.44583129882812,133.2655744934082,False,False
2023-03-29 00:00:00+00:00,134.43649291992188,133.25513938903808,True,False
2023-03-30 00:00:00+00:00,135.10006713867188,133.27297973632812,True,True
2023-03-31 00:00:00+00:00,137.0907440185547,133.32045845031737,True,True
2023-04-03 00:00:00+00:00,137.20448303222656,133.38114574432373,True,True
2023-04-04 00:00:00+00:00,135.82992553710938,133.43640300750732,True,True
2023-04-05 00:00:00+00:00,135.54559326171875,133.5071089553833,True,True
2023-04-06 00:00:00+00:00,135.640380859375,133.57499809265136,True,True
2023-04-10 00:00:00+00:00,136.46510314941406,133.63282749176025,True,True
2023-04-11 00:00:00+00:00,137.35614013671875,133.69510803222656,True,True
2023-04-12 00:00:00+00:00,136.69259643554688,133.75670059204103,True,True
2023-04-13 00:00:00+00:00,137.74481201171875,133.7946376800537,True,True
2023-04-14 00:00:00+00:00,137.11917114257812,133.83816307067872,True,True
2023-04-17 00:00:00+00:00,138.04812622070312,133.8883787918091,True,True
2023-04-18 00:00:00+00:00,138.05763244628906,133.94711948394774,True,True
2023-04-19 00:00:00+00:00,138.0955352783203,134.00983531951906,True,True
2023-04-20 00:00:00+00:00,137.33718872070312,134.0650729751587,True,True
2023-04-21 00:00:00+00:00,137.37510681152344,134.11801494598387,True,True
2023-04-24 00:00:00+00:00,137.63104248046875,134.1710061264038,True,True
2023-04-25 00:00:00+00:00,135.28964233398438,134.2160667037964,True,True
2023-04-26 00:00:00+00:00,133.8772430419922,134.25180477142334,False,True
2023-04-27 00:00:00+00:00,136.07643127441406,134.28637172698976,True,False
2023-04-28 00:00:00+00:00,137.5836639404297,134.3349736404419,True,True
2023-05-01 00:00:00+00:00,137.4604034423828,134.39461811065675,True,True
2023-05-02 00:00:00+00:00,135.4033660888672,134.4586022949219,True,True
2023-05-03 00:00:00+00:00,134.61659240722656,134.50047271728516,True,True
2023-05-04 00:00:00+00:00,133.33689880371094,134.541167678833,False,True
2023-05-05 00:00:00+00:00,135.58348083496094,134.55732383728028,True,False
2023-05-08 00:00:00+00:00,135.3370361328125,134.58036476135254,True,True
2023-05-09 00:00:00+00:00,134.8346405029297,134.5970774078369,True,True
2023-05-10 00:00:00+00:00,134.81564331054688,134.61511169433595,True,True
2023-05-11 00:00:00+00:00,134.1426239013672,134.63141471862792,False,True
2023-05-12 00:00:00+00:00,134.1521453857422,134.6494955444336,False,False
2023-05-15 00:00:00+00:00,134.91049194335938,134.65495361328124,True,False
2023-05-16 00:00:00+00:00,133.005126953125,134.6536841583252,False,True
2023-05-17 00:00:00+00:00,134.6924285888672,134.6368564605713,True,False
2023-05-18 00:00:00+00:00,135.78260803222656,134.62977432250977,True,True
2023-05-19 00:00:00+00:00,135.42236328125,134.6329588317871,True,True
2023-05-22 00:00:00+00:00,135.63088989257812,134.6273291015625,True,True
2023-05-23 00:00:00+00:00,134.18052673339844,134.6241912841797,False,True
2023-05-24 00:00:00+00:00,132.7207489013672,134.6130535888672,False,False
2023-05-25 00:00:00+00:00,132.6354217529297,134.5927001953125,False,False
2023-05-26 00:00:00+00:00,133.7445068359375,134.57589416503907,False,False
2023-05-30 00:00:00+00:00,133.50750732421875,134.55009315490722,False,False
2023-05-31 00:00:00+00:00,132.341552734375,134.52002143859863,False,False
2023-06-01 00:00:00+00:00,133.33689880371094,134.4728525543213,False,False
2023-06-02 00:00:00+00:00,136.24705505371094,134.42911743164063,True,False
2023-06-05 00:00:00+00:00,135.78260803222656,134.39787574768067,True,True
2023-06-06 00:00:00+00:00,136.7020721435547,134.37099769592285,True,True
2023-06-07 00:00:00+00:00,137.70687866210938,134.34647270202638,True,True
2023-06-08 00:00:00+00:00,137.7637939453125,134.3363224029541,True,True
2023-06-09 00:00:00+00:00,137.6026153564453,134.3410439300537,True,True
2023-06-12 00:00:00+00:00,138.51263427734375,134.3467360687256,True,True
2023-06-13 00:00:00+00:00,139.8491973876953,134.35356552124023,True,True
2023-06-14 00:00:00+00:00,139.58380126953125,134.35651138305664,True,True
2023-06-15 00:00:00+00:00,141.1953125,134.380571975708,True,True
2023-06-16 00:00:00+00:00,141.08155822753906,134.41661743164062,True,True
2023-06-20 00:00:00+00:00,139.7981719970703,134.45915397644043,True,True
2023-06-21 00:00:00+00:00,139.59823608398438,134.5000422668457,True,True
2023-06-22 00:00:00+00:00,139.02700805664062,134.53936996459962,True,True
2023-06-23 00:00:00+00:00,137.8274688720703,134.5806103515625,True,True
2023-06-26 00:00:00+00:00,138.66526794433594,134.6176764678955,True,True
2023-06-27 00:00:00+00:00,140.3599090576172,134.6446248626709,True,True
2023-06-28 00:00:00+00:00,140.12185668945312,134.67429580688477,True,True
2023-06-29 00:00:00+00:00,141.2167510986328,134.6935193634033,True,True
2023-06-30 00:00:00+00:00,142.4639129638672,134.7118586730957,True,True
2023-07-03 00:00:00+00:00,142.81613159179688,134.76364448547363,True,True
2023-07-05 00:00:00+00:00,142.2068328857422,134.81723823547364,True,True
2023-07-06 00:00:00+00:00,141.04537963867188,134.873021774292,True,True
2023-07-07 00:00:00+00:00,141.39759826660156,134.92954360961915,True,True
2023-07-10 00:00:00+00:00,142.66384887695312,134.98298904418945,True,True
2023-07-11 00:00:00+00:00,144.27279663085938,135.05328620910643,True,True
2023-07-12 00:00:00+00:00,144.93922424316406,135.1422895050049,True,True
2023-07-13 00:00:00+00:00,145.6247100830078,135.2436895751953,True,True
2023-07-14 00:00:00+00:00,144.76783752441406,135.35899074554445,True,True
2023-07-17 00:00:00+00:00,145.04397583007812,135.4788842391968,True,True
2023-07-18 00:00:00+00:00,145.93885803222656,135.60208408355712,True,True
2023-07-19 00:00:00+00:00,146.66244506835938,135.71576217651366,True,True
2023-07-20 00:00:00+00:00,146.51010131835938,135.84470600128174,True,True
2023-07-21 00:00:00+00:00,146.71958923339844,135.97946334838866,True,True
2023-07-24 00:00:00+00:00,147.12892150878906,136.09859493255615,True,True
2023-07-25 00:00:00+00:00,147.23367309570312,136.19859130859376,True,True
2023-07-26 00:00:00+00:00,147.56686401367188,136.30160068511964,True,True
2023-07-27 00:00:00+00:00,146.2720947265625,136.41332096099853,True,True
2023-07-28 00:00:00+00:00,146.99562072753906,136.5334088897705,True,True
2023-07-31 00:00:00+00:00,147.45265197753906,136.66124740600586,True,True
2023-08-01 00:00:00+00:00,146.85279846191406,136.79409534454345,True,True
2023-08-02 00:00:00+00:00,145.4533233642578,136.92709064483643,True,True
2023-08-03 00:00:00+00:00,144.72979736328125,137.03862285614014,True,True
2023-08-04 00:00:00+00:00,144.08236694335938,137.16015785217286,True,True
2023-08-07 00:00:00+00:00,145.30101013183594,137.2653518295288,True,True
2023-08-08 00:00:00+00:00,144.57745361328125,137.36752754211426,True,True
2023-08-09 00:00:00+00:00,144.15855407714844,137.47345928192138,True,True
2023-08-10 00:00:00+00:00,143.98716735839844,137.5841537475586,True,True
2023-08-11 00:00:00+00:00,144.0157470703125,137.68004215240478,True,True
2023-08-14 00:00:00+00:00,143.98716735839844,137.76912220001222,True,True
2023-08-15 00:00:00+00:00,142.09259033203125,137.8459419631958,True,True
2023-08-16 00:00:00+00:00,141.05491638183594,137.91202075958253,True,True
2023-08-17 00:00:00+00:00,139.9695587158203,137.97230060577394,True,True
2023-08-18 00:00:00+00:00,140.2170867919922,138.01376834869384,True,True
2023-08-21 00:00:00+00:00,140.18853759765625,138.05938556671143,True,True
2023-08-22 00:00:00+00:00,139.6363067626953,138.1032629776001,True,True
2023-08-23 00:00:00+00:00,140.7978515625,138.1603949356079,True,True
2023-08-24 00:00:00+00:00,139.4459228515625,138.22657539367677,True,True
2023-08-25 00:00:00+00:00,140.15045166015625,138.27608612060547,True,True
2023-08-28 00:00:00+00:00,141.19769287109375,138.32395332336426,True,True
2023-08-29 00:00:00+00:00,142.78761291503906,138.37315849304198,True,True
2023-08-30 00:00:00+00:00,143.2350616455078,138.44210182189943,True,True
2023-08-31 00:00:00+00:00,142.73048400878906,138.4787149810791,True,True
2023-09-01 00:00:00+00:00,143.32077026367188,138.50627670288085,True,True
2023-09-05 00:00:00+00:00,141.54995727539062,138.54425750732423,True,True
2023-09-06 00:00:00+00:00,141.06439208984375,138.56699699401855,True,True
2023-09-07 00:00:00+00:00,140.502685546875,138.59458854675293,True,True
2023-09-08 00:00:00+00:00,140.5693359375,138.62331665039062,True,True
2023-09-11 00:00:00+00:00,140.7978515625,138.6473525238037,True,True
2023-09-12 00:00:00+00:00,140.616943359375,138.67281272888184,True,True
2023-09-13 00:00:00+00:00,140.05520629882812,138.68835083007812,True,True
2023-09-14 00:00:00+00:00,141.69276428222656,138.69821533203125,True,True
2023-09-15 00:00:00+00:00,140.502685546875,138.7139193725586,True,True
2023-09-18 00:00:00+00:00,140.16612243652344,138.73602523803712,True,True
2023-09-19 00:00:00+00:00,139.9366455078125,138.7542876434326,True,True
2023-09-20 00:00:00+00:00,139.29595947265625,138.75501136779786,True,True
2023-09-21 00:00:00+00:00,136.98204040527344,138.75154525756835,False,True
2023-09-22 00:00:00+00:00,136.4370574951172,138.73693244934083,False,False
2023-09-25 00:00:00+00:00,136.78126525878906,138.73312110900878,False,False
2023-09-26 00:00:00+00:00,134.85931396484375,138.73854537963868,False,False
2023-09-27 00:00:00+00:00,134.90716552734375,138.73548713684082,False,False
2023-09-28 00:00:00+00:00,135.84422302246094,138.72830024719238,False,False
2023-09-29 00:00:00+00:00,135.4808349609375,138.73105895996093,False,False
2023-10-02 00:00:00+00:00,133.9509735107422,138.7220436859131,False,False
2023-10-03 00:00:00+00:00,132.3445587158203,138.7005886077881,False,False
2023-10-04 00:00:00+00:00,133.09996032714844,138.67518745422365,False,False
2023-10-05 00:00:00+00:00,132.71751403808594,138.66863983154298,False,False
2023-10-06 00:00:00+00:00,133.8649139404297,138.66830505371092,False,False
2023-10-09 00:00:00+00:00,134.82107543945312,138.67914024353027,False,False
2023-10-10 00:00:00+00:00,135.853759765625,138.69409591674804,False,False
2023-10-11 00:00:00+00:00,136.140625,138.7040286254883,False,False
2023-10-12 00:00:00+00:00,134.43861389160156,138.7226579284668,False,False
2023-10-13 00:00:00+00:00,134.1422119140625,138.72853302001954,False,False
2023-10-16 00:00:00+00:00,135.81549072265625,138.73250152587892,False,False
2023-10-17 00:00:00+00:00,136.48484802246094,138.75440979003906,False,False
2023-10-18 00:00:00+00:00,134.32388305664062,138.76796936035157,False,False
2023-10-19 00:00:00+00:00,132.66015625,138.7734593963623,False,False
2023-10-20 00:00:00+00:00,131.00592041015625,138.77124382019042,False,False
2023-10-23 00:00:00+00:00,130.17405700683594,138.75038200378418,False,False
2023-10-24 00:00:00+00:00,131.00592041015625,138.73238761901857,False,False
2023-10-25 00:00:00+00:00,129.56211853027344,138.70251831054688,False,False
2023-10-26 00:00:00+00:00,129.29440307617188,138.66514717102052,False,False
2023-10-27 00:00:00+00:00,127.8027801513672,138.62129676818847,False,False
2023-10-30 00:00:00+00:00,128.80673217773438,138.56159393310546,False,False
2023-10-31 00:00:00+00:00,129.87765502929688,138.50427001953125,False,False
2023-11-01 00:00:00+00:00,130.31748962402344,138.45065002441407,False,False
2023-11-02 00:00:00+00:00,133.20510864257812,138.400785446167,False,False
2023-11-03 00:00:00+00:00,135.38523864746094,138.37615867614747,False,False
2023-11-06 00:00:00+00:00,134.67767333984375,138.36955368041993,False,False
2023-11-07 00:00:00+00:00,134.3908233642578,138.347526473999,False,False
2023-11-08 00:00:00+00:00,134.1708984375,138.31524627685548,False,False
2023-11-09 00:00:00+00:00,133.03306579589844,138.2835171508789,False,False
2023-11-10 00:00:00+00:00,134.5916290283203,138.24449523925782,False,False
2023-11-13 00:00:00+00:00,134.4194793701172,138.20760704040526,False,False
2023-11-14 00:00:00+00:00,138.2537841796875,138.1685376739502,True,False
2023-11-15 00:00:00+00:00,138.90396118164062,138.15618537902833,True,True
2023-11-16 00:00:00+00:00,138.4449920654297,138.13515266418457,True,True
2023-11-17 00:00:00+00:00,139.11434936523438,138.10451530456544,True,True
2023-11-20 00:00:00+00:00,139.6689453125,138.0693017578125,True,True
2023-11-21 00:00:00+00:00,139.41073608398438,138.04582145690918,True,True
2023-11-22 00:00:00+00:00,140.0609588623047,138.02614349365234,True,True
2023-11-24 00:00:00+00:00,140.4720916748047,138.0030199432373,True,True
2023-11-27 00:00:00+00:00,140.18527221679688,137.98907318115235,True,True
2023-11-28 00:00:00+00:00,140.05136108398438,137.98024757385255,True,True
2023-11-29 00:00:00+00:00,140.60598754882812,137.9685829925537,True,True
2023-11-30 00:00:00+00:00,141.8011932373047,137.95172149658202,True,True
2023-12-01 00:00:00+00:00,143.93345642089844,137.94220375061036,True,True
2023-12-04 00:00:00+00:00,144.0004119873047,137.93995178222656,True,True
2023-12-05 00:00:00+00:00,142.71910095214844,137.9461932373047,True,True
2023-12-06 00:00:00+00:00,142.76690673828125,137.94753730773925,True,True
2023-12-07 00:00:00+00:00,143.52230834960938,137.96458869934082,True,True
2023-12-08 00:00:00+00:00,143.97174072265625,137.9862660217285,True,True
2023-12-11 00:00:00+00:00,145.2529754638672,138.00759674072265,True,True
2023-12-12 00:00:00+00:00,145.51113891601562,138.04132270812988,True,True
2023-12-13 00:00:00+00:00,148.599609375,138.07549087524413,True,True
2023-12-14 00:00:00+00:00,150.626708984375,138.12712928771973,True,True
2023-12-15 00:00:00+00:00,149.55580139160156,138.1901764678955,True,True
2023-12-18 00:00:00+00:00,149.6220245361328,138.24244567871094,True,True
2023-12-19 00:00:00+00:00,150.87948608398438,138.28528396606444,True,True
2023-12-20 00:00:00+00:00,148.3837432861328,138.33780502319337,True,True
2023-12-21 00:00:00+00:00,150.20753479003906,138.38916564941405,True,True
2023-12-22 00:00:00+00:00,150.71632385253906,138.44818336486816,True,True
2023-12-26 00:00:00+00:00,151.5802764892578,138.52502464294435,True,True
2023-12-27 00:00:00+00:00,151.72421264648438,138.62047492980957,True,True
2023-12-28 00:00:00+00:00,152.06021118164062,138.7247565460205,True,True
2023-12-29 00:00:00+00:00,151.47463989257812,138.82152198791505,True,True
2024-01-02 00:00:00+00:00,151.5226593017578,138.92465011596678,True,True
2024-01-03 00:00:00+00:00,149.2860565185547,139.02014266967774,True,True
2024-01-04 00:00:00+00:00,149.03646850585938,139.1156290435791,True,True
2024-01-05 00:00:00+00:00,149.46844482421875,139.20142601013183,True,True
2024-01-08 00:00:00+00:00,151.07150268554688,139.28056716918945,True,True
2024-01-09 00:00:00+00:00,150.30357360839844,139.38274841308595,True,True
2024-01-10 00:00:00+00:00,150.56272888183594,139.48327026367187,True,True
2024-01-11 00:00:00+00:00,150.13076782226562,139.57954238891602,True,True
2024-01-12 00:00:00+00:00,149.7947998046875,139.66929412841796,True,True
2024-01-16 00:00:00+00:00,148.844482421875,139.75603897094726,True,True
2024-01-17 00:00:00+00:00,147.6733856201172,139.82807891845704,True,True
2024-01-18 00:00:00+00:00,148.43173217773438,139.89094551086427,True,True
2024-01-19 00:00:00+00:00,149.57403564453125,139.94765045166017,True,True
2024-01-22 00:00:00+00:00,150.36114501953125,140.00949821472167,True,True
2024-01-23 00:00:00+00:00,150.43795776367188,140.08215431213378,True,True
2024-01-24 00:00:00+00:00,149.66043090820312,140.15661613464354,True,True
2024-01-25 00:00:00+00:00,151.16748046875,140.2267163848877,True,True
2024-01-26 00:00:00+00:00,151.1866912841797,140.30022827148437,True,True
2024-01-29 00:00:00+00:00,152.1082305908203,140.3693810272217,True,True
2024-01-30 00:00:00+00:00,152.13702392578125,140.44645919799805,True,True
2024-01-31 00:00:00+00:00,150.18838500976562,140.51842025756835,True,True
2024-02-01 00:00:00+00:00,151.93544006347656,140.5837663269043,True,True
2024-02-02 00:00:00+00:00,151.801025390625,140.65320289611816,True,True
2024-02-05 00:00:00+00:00,150.4955596923828,140.72191986083985,True,True
2024-02-06 00:00:00+00:00,151.44586181640625,140.78391998291016,True,True
2024-02-07 00:00:00+00:00,152.041015625,140.85446334838866,True,True
2024-02-08 00:00:00+00:00,152.3769989013672,140.92779289245607,True,True
2024-02-09 00:00:00+00:00,152.55934143066406,141.00152267456053,True,True
2024-02-12 00:00:00+00:00,153.5960693359375,141.08787117004394,True,True
2024-02-13 00:00:00+00:00,151.04269409179688,141.18646530151366,True,True
2024-02-14 00:00:00+00:00,152.42495727539062,141.2612966156006,True,True
2024-02-15 00:00:00+00:00,154.3159942626953,141.33550308227538,True,True
2024-02-16 00:00:00+00:00,153.61529541015625,141.41978103637695,True,True
2024-02-20 00:00:00+00:00,153.26010131835938,141.5108406829834,True,True
2024-02-21 00:00:00+00:00,153.5672607421875,141.60405822753907,True,True
2024-02-22 00:00:00+00:00,155.0935516357422,141.70521003723144,True,True
2024-02-23 00:00:00+00:00,155.5063018798828,141.80276039123535,True,True
2024-02-26 00:00:00+00:00,154.88235473632812,141.9036067199707,True,True
2024-02-27 00:00:00+00:00,155.5639190673828,142.0038452911377,True,True
2024-02-28 00:00:00+00:00,155.6215057373047,142.1075866699219,True,True
2024-02-29 00:00:00+00:00,156.26463317871094,142.21498107910156,True,True
2024-03-01 00:00:00+00:00,157.3589324951172,142.3255435180664,True,True
2024-03-04 00:00:00+00:00,157.6469268798828,142.4377857208252,True,True
2024-03-05 00:00:00+00:00,156.92694091796875,142.56099472045898,True,True
2024-03-06 00:00:00+00:00,157.81971740722656,142.67216728210448,True,True
2024-03-07 00:00:00+00:00,159.0579833984375,142.7823528289795,True,True
2024-03-08 00:00:00+00:00,158.8756103515625,142.90053092956543,True,True
2024-03-11 00:00:00+00:00,159.07720947265625,143.01675453186036,True,True
2024-03-12 00:00:00+00:00,159.4899444580078,143.14123794555664,True,True
2024-03-13 00:00:00+00:00,159.56671142578125,143.27508392333985,True,True
2024-03-14 00:00:00+00:00,158.136474609375,143.4097403717041,True,True
2024-03-15 00:00:00+00:00,157.8292999267578,143.5317002105713,True,True
2024-03-18 00:00:00+00:00,158.2630615234375,143.65330917358398,True,True
2024-03-19 00:00:00+00:00,159.2076416015625,143.7829167175293,True,True
2024-03-20 00:00:00+00:00,160.56678771972656,143.91227043151855,True,True
2024-03-21 00:00:00+00:00,161.6656494140625,144.03386909484863,True,True
2024-03-22 00:00:00+00:00,160.62460327148438,144.1632843017578,True,True
2024-03-25 00:00:00+00:00,160.27760314941406,144.28289695739747,True,True
2024-03-26 00:00:00+00:00,160.1233673095703,144.395750579834,True,True
2024-03-27 00:00:00+00:00,162.68739318847656,144.50754844665528,True,True
2024-03-28 00:00:00+00:00,163.25604248046875,144.63297233581542,True,True
2024-04-01 00:00:00+00:00,162.29212951660156,144.75668937683105,True,True
2024-04-02 00:00:00+00:00,160.8944854736328,144.86890403747557,True,True
2024-04-03 00:00:00+00:00,161.0679931640625,144.9754574584961,True,True
2024-04-04 00:00:00+00:00,159.4293670654297,145.07482086181642,True,True
2024-04-05 00:00:00+00:00,160.38363647460938,145.16655990600586,True,True
2024-04-08 00:00:00+00:00,160.87521362304688,145.26948722839356,True,True
2024-04-09 00:00:00+00:00,161.5113983154297,145.37587211608886,True,True
2024-04-10 00:00:00+00:00,158.7642822265625,145.4882940673828,True,True
2024-04-11 00:00:00+00:00,158.6486053466797,145.59297813415526,True,True
2024-04-12 00:00:00+00:00,156.13282775878906,145.692894821167,True,True
2024-04-15 00:00:00+00:00,154.7833709716797,145.77175941467286,True,True
2024-04-16 00:00:00+00:00,153.92547607421875,145.845066986084,True,True
2024-04-17 00:00:00+00:00,153.60740661621094,145.90861061096192,True,True
2024-04-18 00:00:00+00:00,153.4628448486328,145.96432807922363,True,True
2024-04-19 00:00:00+00:00,154.04115295410156,146.0175616455078,True,True
2024-04-22 00:00:00+00:00,155.21713256835938,146.0767332458496,True,True
2024-04-23 00:00:00+00:00,156.59552001953125,146.14759201049804,True,True
2024-04-24 00:00:00+00:00,156.8172149658203,146.2235816192627,True,True
2024-04-25 00:00:00+00:00,156.48947143554688,146.29434844970703,True,True
2024-04-26 00:00:00+00:00,156.5666046142578,146.35543182373047,True,True
2024-04-29 00:00:00+00:00,157.6558074951172,146.41356872558595,True,True
2024-04-30 00:00:00+00:00,155.3809814453125,146.4737242126465,True,True
2024-05-01 00:00:00+00:00,154.850830078125,146.52678993225098,True,True
2024-05-02 00:00:00+00:00,155.80508422851562,146.5758242034912,True,True
2024-05-03 00:00:00+00:00,156.91358947753906,146.62515533447265,True,True
2024-05-06 00:00:00+00:00,158.1184844970703,146.67641105651856,True,True
2024-05-07 00:00:00+00:00,158.56185913085938,146.7344529724121,True,True
2024-05-08 00:00:00+00:00,158.5233154296875,146.79366432189943,True,True
2024-05-09 00:00:00+00:00,159.85348510742188,146.85063629150392,True,True
2024-05-10 00:00:00+00:00,160.11373901367188,146.9137353515625,True,True
2024-05-13 00:00:00+00:00,160.0751953125,146.9764697265625,True,True
2024-05-14 00:00:00+00:00,160.71136474609375,147.0454852294922,True,True
2024-05-15 00:00:00+00:00,161.99331665039062,147.11406394958496,True,True
2024-05-16 00:00:00+00:00,161.73309326171875,147.18676727294923,True,True
2024-05-17 00:00:00+00:00,161.9740753173828,147.26116874694824,True,True
2024-05-20 00:00:00+00:00,161.83914184570312,147.34377250671386,True,True
2024-05-21 00:00:00+00:00,161.77166748046875,147.42931922912598,True,True
2024-05-22 00:00:00+00:00,161.15478515625,147.51776573181152,True,True
2024-05-23 00:00:00+00:00,158.89923095703125,147.5970346069336,True,True
2024-05-24 00:00:00+00:00,159.94989013671875,147.66864349365235,True,True
2024-05-28 00:00:00+00:00,158.84140014648438,147.7476001739502,True,True
2024-05-29 00:00:00+00:00,156.98106384277344,147.82187133789063,True,True
2024-05-30 00:00:00+00:00,157.70401000976562,147.88669792175293,True,True
2024-05-31 00:00:00+00:00,159.79566955566406,147.95528213500975,True,True
2024-06-03 00:00:00+00:00,158.94741821289062,148.04379753112792,True,True
2024-06-04 00:00:00+00:00,158.46548461914062,148.1332600402832,True,True
2024-06-05 00:00:00+00:00,159.4293670654297,148.2257396697998,True,True
2024-06-06 00:00:00+00:00,159.1209259033203,148.321801071167,True,True
2024-06-07 00:00:00+00:00,158.61973571777344,148.41646301269532,True,True
2024-06-10 00:00:00+00:00,159.04380798339844,148.5113801574707,True,True
2024-06-11 00:00:00+00:00,158.38836669921875,148.6026099395752,True,True
2024-06-12 00:00:00+00:00,159.23660278320312,148.69732215881348,True,True
2024-06-13 00:00:00+00:00,158.78353881835938,148.79275291442872,True,True
2024-06-14 00:00:00+00:00,157.7714385986328,148.88068214416504,True,True
2024-06-17 00:00:00+00:00,158.91851806640625,148.955601272583,True,True
2024-06-18 00:00:00+00:00,159.31370544433594,149.0340185546875,True,True
2024-06-20 00:00:00+00:00,159.41009521484375,149.11693466186523,True,True
2024-06-21 00:00:00+00:00,159.6125030517578,149.1973812866211,True,True
2024-06-24 00:00:00+00:00,160.3799591064453,149.28769401550292,True,True
2024-06-25 00:00:00+00:00,159.27671813964844,149.38427185058595,True,True
2024-06-26 00:00:00+00:00,158.67669677734375,149.4781420135498,True,True
2024-06-27 00:00:00+00:00,158.87025451660156,149.56867881774903,True,True
2024-06-28 00:00:00+00:00,158.98638916015625,149.65904083251954,True,True
2024-07-01 00:00:00+00:00,157.69923400878906,149.75088806152343,True,True
2024-07-02 00:00:00+00:00,158.4056854248047,149.83910820007324,True,True
2024-07-03 00:00:00+00:00,158.4734649658203,149.92267280578614,True,True
2024-07-05 00:00:00+00:00,158.4056854248047,150.01252670288085,True,True
2024-07-08 00:00:00+00:00,158.71542358398438,150.10372451782226,True,True
2024-07-09 00:00:00+00:00,158.4443817138672,150.1976184082031,True,True
2024-07-10 00:00:00+00:00,159.75091552734375,150.2933605194092,True,True
2024-07-11 00:00:00+00:00,161.67678833007812,150.40720489501953,True,True
2024-07-12 00:00:00+00:00,163.09942626953125,150.53340354919433,True,True
2024-07-15 00:00:00+00:00,163.2832794189453,150.66499435424805,True,True
2024-07-16 00:00:00+00:00,166.17698669433594,150.80711418151856,True,True
2024-07-17 00:00:00+00:00,165.49951171875,150.9634632873535,True,True
2024-07-18 00:00:00+00:00,164.07688903808594,151.11173973083496,True,True
2024-07-19 00:00:00+00:00,162.97360229492188,151.2547200012207,True,True
2024-07-22 00:00:00+00:00,164.2607421875,151.3998331451416,True,True
2024-07-23 00:00:00+00:00,163.6800994873047,151.5594140625,True,True
2024-07-24 00:00:00+00:00,161.76390075683594,151.71231475830078,True,True
2024-07-25 00:00:00+00:00,161.95745849609375,151.85754669189453,True,True
2024-07-26 00:00:00+00:00,164.27044677734375,151.99800941467285,True,True
2024-07-29 00:00:00+00:00,164.49301147460938,152.1452562713623,True,True
2024-07-30 00:00:00+00:00,165.28660583496094,152.28845252990723,True,True
2024-07-31 00:00:00+00:00,166.0705108642578,152.43418243408203,True,True
2024-08-01 00:00:00+00:00,164.2220458984375,152.59234191894532,True,True
2024-08-02 00:00:00+00:00,161.3961639404297,152.74274108886718,True,True
2024-08-05 00:00:00+00:00,157.58309936523438,152.87064445495605,True,True
2024-08-06 00:00:00+00:00,159.19927978515625,152.9761357116699,True,True
2024-08-07 00:00:00+00:00,158.07666015625,153.1005126953125,True,True
2024-08-08 00:00:00+00:00,160.94126892089844,153.22759521484375,True,True
2024-08-09 00:00:00+00:00,161.27999877929688,153.37727195739745,True,True
2024-08-12 00:00:00+00:00,160.5057830810547,153.53280166625976,True,True
2024-08-13 00:00:00+00:00,162.3348846435547,153.68030097961426,True,True
2024-08-14 00:00:00+00:00,162.673583984375,153.84416481018067,True,True
2024-08-15 00:00:00+00:00,164.880126953125,154.01106071472168,True,True
2024-08-16 00:00:00+00:00,165.27688598632812,154.19644744873048,True,True
2024-08-19 00:00:00+00:00,166.53504943847656,154.37879821777344,True,True
2024-08-20 00:00:00+00:00,165.876953125,154.56208518981933,True,True
2024-08-21 00:00:00+00:00,167.03826904296875,154.7398825073242,True,True
2024-08-22 00:00:00+00:00,166.56407165527344,154.90904830932618,True,True
2024-08-23 00:00:00+00:00,168.68350219726562,155.06494247436524,True,True
2024-08-26 00:00:00+00:00,168.65443420410156,155.23497161865234,True,True
2024-08-27 00:00:00+00:00,168.7318878173828,155.40628967285156,True,True
2024-08-28 00:00:00+00:00,168.267333984375,155.57909461975098,True,True
2024-08-29 00:00:00+00:00,168.8964080810547,155.75526596069335,True,True
2024-08-30 00:00:00+00:00,170.2029266357422,155.92678985595703,True,True
2024-09-03 00:00:00+00:00,168.01573181152344,156.10570709228514,True,True
2024-09-04 00:00:00+00:00,167.77377319335938,156.25451683044435,True,True
2024-09-05 00:00:00+00:00,166.74794006347656,156.39886589050292,True,True
2024-09-06 00:00:00+00:00,164.9575653076172,156.54038063049316,True,True
2024-09-09 00:00:00+00:00,166.5543975830078,156.66959671020507,True,True
2024-09-10 00:00:00+00:00,166.65118408203125,156.80402397155763,True,True
2024-09-11 00:00:00+00:00,166.72857666015625,156.94022621154784,True,True
2024-09-12 00:00:00+00:00,167.76409912109375,157.0735643005371,True,True
2024-09-13 00:00:00+00:00,169.37060546875,157.21002433776854,True,True
2024-09-16 00:00:00+00:00,170.5996856689453,157.35595100402833,True,True
2024-09-17 00:00:00+00:00,170.851318359375,157.50869262695312,True,True
2024-09-18 00:00:00+00:00,170.5319366455078,157.65991928100587,True,True
2024-09-19 00:00:00+00:00,172.3513641357422,157.8035729980469,True,True
2024-09-20 00:00:00+00:00,171.72232055664062,157.9456625366211,True,True
2024-09-23 00:00:00+00:00,172.60157775878906,158.08427207946778,True,True
2024-09-24 00:00:00+00:00,172.85421752929688,158.23368446350096,True,True
2024-09-25 00:00:00+00:00,171.7854461669922,158.38412101745607,True,True
2024-09-26 00:00:00+00:00,173.22340393066406,158.52543670654296,True,True
2024-09-27 00:00:00+00:00,173.84521484375,158.671695022583,True,True
2024-09-30 00:00:00+00:00,174.0686798095703,158.81465621948243,True,True
2024-10-01 00:00:00+00:00,173.14569091796875,158.9574439239502,True,True
2024-10-02 00:00:00+00:00,172.96109008789062,159.08017433166503,True,True
2024-10-03 00:00:00+00:00,172.14492797851562,159.19184623718263,True,True
2024-10-04 00:00:00+00:00,173.4954376220703,159.30479187011719,True,True
2024-10-07 00:00:00+00:00,172.14492797851562,159.42415893554687,True,True
2024-10-08 00:00:00+00:00,172.55300903320312,159.53048614501952,True,True
2024-10-09 00:00:00+00:00,173.73834228515625,159.65133247375488,True,True
2024-10-10 00:00:00+00:00,173.08734130859375,159.76898651123048,True,True
2024-10-11 00:00:00+00:00,174.7876739501953,159.88084159851076,True,True
2024-10-14 00:00:00+00:00,176.0701446533203,159.99687858581544,True,True
2024-10-15 00:00:00+00:00,175.2734375,160.1186082458496,True,True
2024-10-16 00:00:00+00:00,176.45877075195312,160.2346743774414,True,True
2024-10-17 00:00:00+00:00,176.17701721191406,160.35959503173828,True,True
2024-10-18 00:00:00+00:00,176.70166015625,160.48286682128906,True,True
2024-10-21 00:00:00+00:00,175.19573974609375,160.61994483947754,True,True
2024-10-22 00:00:00+00:00,174.40872192382812,160.7507411956787,True,True
2024-10-23 00:00:00+00:00,173.83547973632812,160.87544258117677,True,True
2024-10-24 00:00:00+00:00,173.87437438964844,160.98926246643066,True,True
2024-10-25 00:00:00+00:00,173.0485076904297,161.1071164703369,True,True
2024-10-28 00:00:00+00:00,174.02980041503906,161.21954536437988,True,True
2024-10-29 00:00:00+00:00,173.5051727294922,161.33904052734374,True,True
2024-10-30 00:00:00+00:00,173.12623596191406,161.45759239196778,True,True
2024-10-31 00:00:00+00:00,171.28024291992188,161.57900115966797,True,True
2024-11-01 00:00:00+00:00,171.3870849609375,161.69703544616698,True,True
2024-11-04 00:00:00+00:00,171.59115600585938,161.81181221008302,True,True
2024-11-05 00:00:00+00:00,173.5926055908203,161.92189781188964,True,True
2024-11-06 00:00:00+00:00,177.702392578125,162.0380551147461,True,True
2024-11-07 00:00:00+00:00,177.87725830078125,162.17437728881836,True,True
2024-11-08 00:00:00+00:00,178.86831665039062,162.31546142578125,True,True
2024-11-11 00:00:00+00:00,179.76217651367188,162.45396560668945,True,True
2024-11-12 00:00:00+00:00,178.39222717285156,162.59684303283692,True,True
2024-11-13 00:00:00+00:00,178.4893798828125,162.72826301574707,True,True
2024-11-14 00:00:00+00:00,177.06114196777344,162.86002479553224,True,True
2024-11-15 00:00:00+00:00,175.79811096191406,162.99438858032227,True,True
2024-11-18 00:00:00+00:00,176.50735473632812,163.11370193481446,True,True
2024-11-19 00:00:00+00:00,176.03126525878906,163.23723358154297,True,True
2024-11-20 00:00:00+00:00,176.6239471435547,163.364912109375,True,True
2024-11-21 00:00:00+00:00,178.84886169433594,163.49080253601073,True,True
2024-11-22 00:00:00+00:00,180.25765991210935,163.62484176635743,True,True
2024-11-25 00:00:00+00:00,181.8899078369141,163.76424507141112,True,True
2024-11-26 00:00:00+00:00,181.9093475341797,163.9108979034424,True,True
2024-11-27 00:00:00+00:00,181.7344970703125,164.0524642944336,True,True
2024-11-29 00:00:00+00:00,182.28826904296875,164.20592330932618,True,True
2024-12-02 00:00:00+00:00,181.8316345214844,164.35523986816406,True,True
2024-12-03 00:00:00+00:00,181.02523803710935,164.492818069458,True,True
2024-12-04 00:00:00+00:00,181.034912109375,164.62986778259278,True,True
2024-12-05 00:00:00+00:00,180.13134765625,164.76874183654786,True,True
2024-12-06 00:00:00+00:00,179.92730712890625,164.90156227111817,True,True
2024-12-09 00:00:00+00:00,179.18893432617188,165.025731048584,True,True
2024-12-10 00:00:00+00:00,178.0910186767578,165.14414421081543,True,True
2024-12-11 00:00:00+00:00,178.25619506835938,165.26018753051758,True,True
2024-12-12 00:00:00+00:00,177.60523986816406,165.37364891052246,True,True
2024-12-13 00:00:00+00:00,176.9834442138672,165.48356758117677,True,True
2024-12-16 00:00:00+00:00,176.4004669189453,165.58716163635253,True,True
2024-12-17 00:00:00+00:00,175.01112365722656,165.6823693084717,True,True
2024-12-18 00:00:00+00:00,169.8325958251953,165.7691902923584,True,True
2024-12-19 00:00:00+00:00,169.26907348632812,165.83371856689453,True,True
2024-12-20 00:00:00+00:00,171.6397247314453,165.89096534729003,True,True
2024-12-23 00:00:00+00:00,171.8737335205078,165.95387405395508,True,True
2024-12-24 00:00:00+00:00,173.1704864501953,166.0188646697998,True,True
2024-12-26 00:00:00+00:00,173.4532470703125,166.0893310546875,True,True
2024-12-27 00:00:00+00:00,172.27346801757812,166.15914756774902,True,True
2024-12-30 00:00:00+00:00,170.53797912597656,166.222681350708,True,True
2024-12-31 00:00:00+00:00,170.8499755859375,166.284688873291,True,True
2025-01-02 00:00:00+00:00,170.35272216796875,166.3497922515869,True,True
2025-01-03 00:00:00+00:00,171.91275024414062,166.41024055480958,True,True
2025-01-06 00:00:00+00:00,171.79571533203125,166.47376609802245,True,True
2025-01-07 00:00:00+00:00,171.220458984375,166.529910736084,True,True
2025-01-08 00:00:00+00:00,171.42523193359375,166.57768478393555,True,True
2025-01-10 00:00:00+00:00,168.91946411132812,166.6316879272461,True,True
2025-01-13 00:00:00+00:00,170.30397033691406,166.67489723205566,True,True
2025-01-14 00:00:00+00:00,171.67872619628906,166.72580024719238,True,True
2025-01-15 00:00:00+00:00,173.32650756835938,166.77075691223143,True,True
2025-01-16 00:00:00+00:00,174.69149780273438,166.8211092376709,True,True
2025-01-17 00:00:00+00:00,175.53973388671875,166.88310607910157,True,True
2025-01-21 00:00:00+00:00,177.57749938964844,166.956332321167,True,True
2025-01-22 00:00:00+00:00,176.95350646972656,167.0388798522949,True,True
2025-01-23 00:00:00+00:00,177.79200744628906,167.1265005493164,True,True
2025-01-24 00:00:00+00:00,177.63600158691406,167.2135424041748,True,True
2025-01-27 00:00:00+00:00,177.7530059814453,167.29734634399415,True,True
2025-01-28 00:00:00+00:00,176.87548828125,167.3785543823242,True,True
2025-01-29 00:00:00+00:00,176.29049682617188,167.46911041259764,True,True
2025-01-30 00:00:00+00:00,178.17227172851562,167.55731986999513,True,True
2025-01-31 00:00:00+00:00,176.7097625732422,167.66751708984376,True,True
2025-02-03 00:00:00+00:00,175.74449157714844,167.77714904785157,True,True
2025-02-04 00:00:00+00:00,175.95899963378906,167.8862441253662,True,True
2025-02-05 00:00:00+00:00,176.81700134277344,167.9980020904541,True,True
2025-02-06 00:00:00+00:00,176.5830078125,168.11477287292482,True,True
2025-02-07 00:00:00+00:00,175.7152557373047,168.2274821472168,True,True
2025-02-10 00:00:00+00:00,176.21249389648438,168.32997276306153,True,True
2025-02-11 00:00:00+00:00,176.23199462890625,168.4280576324463,True,True
2025-02-12 00:00:00+00:00,175.20823669433594,168.5251315307617,True,True
2025-02-13 00:00:00+00:00,176.72923278808594,168.61872535705567,True,True
2025-02-14 00:00:00+00:00,176.55374145507812,168.71953849792482,True,True
2025-02-18 00:00:00+00:00,177.90899658203125,168.81402816772462,True,True
2025-02-19 00:00:00+00:00,178.26976013183594,168.92666824340822,True,True
2025-02-20 00:00:00+00:00,177.8212432861328,169.04376289367676,True,True
2025-02-21 00:00:00+00:00,175.32525634765625,169.15384368896486,True,True
2025-02-24 00:00:00+00:00,175.47149658203125,169.24590202331544,True,True
2025-02-25 00:00:00+00:00,175.64698791503906,169.33266708374023,True,True
2025-02-26 00:00:00+00:00,175.27650451660156,169.41809272766113,True,True
2025-02-27 00:00:00+00:00,173.74574279785156,169.5018586730957,True,True
2025-02-28 00:00:00+00:00,175.67623901367188,169.57131996154786,True,True
2025-03-03 00:00:00+00:00,173.8042449951172,169.64913246154785,True,True
2025-03-04 00:00:00+00:00,170.99623107910156,169.71777770996093,True,True
2025-03-05 00:00:00+00:00,172.58547973632812,169.769202041626,True,True
2025-03-06 00:00:00+00:00,170.6744842529297,169.82216285705567,True,True
2025-03-07 00:00:00+00:00,172.27346801757812,169.8668698120117,True,True
2025-03-10 00:00:00+00:00,169.84571838378906,169.9183667755127,False,True
2025-03-11 00:00:00+00:00,167.58372497558594,169.95839965820312,False,False
2025-03-12 00:00:00+00:00,166.7939910888672,169.98745994567872,False,False
2025-03-13 00:00:00+00:00,165.1949462890625,170.0156559753418,False,False
2025-03-14 00:00:00+00:00,168.34420776367188,170.04713455200195,False,False
2025-03-17 00:00:00+00:00,170.615966796875,170.08910614013672,True,False
2025-03-18 00:00:00+00:00,169.72872924804688,170.14797897338866,False,True
2025-03-19 00:00:00+00:00,170.98646545410156,170.21171730041505,True,False
2025-03-20 00:00:00+00:00,170.27471923828125,170.27812957763672,False,True
2025-03-21 00:00:00+00:00,169.4947052001953,170.3305248260498,False,False
2025-03-24 00:00:00+00:00,172.1212615966797,170.38326126098633,True,False
2025-03-25 00:00:00+00:00,171.7097930908203,170.45154014587402,True,True
2025-03-26 00:00:00+00:00,171.38648986816406,170.51294227600098,True,True
2025-03-27 00:00:00+00:00,170.9456329345703,170.5742700958252,True,True
2025-03-28 00:00:00+00:00,168.31027221679688,170.63589958190917,False,True
2025-03-31 00:00:00+00:00,169.71121215820312,170.68223190307617,False,False
2025-04-01 00:00:00+00:00,169.8875732421875,170.7388461303711,False,False
2025-04-02 00:00:00+00:00,171.30810546875,170.79210098266603,True,False
2025-04-03 00:00:00+00:00,163.14732360839844,170.85472381591796,False,True
2025-04-04 00:00:00+00:00,153.98724365234375,170.8816032409668,False,False
2025-04-07 00:00:00+00:00,152.703857421875,170.85694686889647,False,False
2025-04-08 00:00:00+00:00,149.8235626220703,170.82389762878418,False,False
2025-04-09 00:00:00+00:00,161.80516052246094,170.77596496582032,False,False
2025-04-10 00:00:00+00:00,156.3580780029297,170.78692825317384,False,False
2025-04-11 00:00:00+00:00,158.7289276123047,170.76681884765625,False,False
2025-04-14 00:00:00+00:00,160.7568817138672,170.76407989501953,False,False
2025-04-15 00:00:00+00:00,160.23764038085938,170.77448081970215,False,False
2025-04-16 00:00:00+00:00,158.18031311035156,170.78131774902343,False,False
2025-04-17 00:00:00+00:00,159.35592651367188,170.7772873687744,False,False
2025-04-21 00:00:00+00:00,156.15234375,170.78557083129883,False,False
2025-04-22 00:00:00+00:00,160.00253295898438,170.7743041229248,False,False
2025-04-23 00:00:00+00:00,161.55044555664062,170.78194946289062,False,False
2025-04-24 00:00:00+00:00,164.28375244140625,170.7976732635498,False,False
2025-04-25 00:00:00+00:00,164.0486297607422,170.82551490783692,False,False
2025-04-28 00:00:00+00:00,164.50909423828125,170.8535361480713,False,False
2025-04-29 00:00:00+00:00,165.4691619873047,170.877327041626,False,False
2025-04-30 00:00:00+00:00,165.70431518554688,170.8962889099121,False,False
2025-05-01 00:00:00+00:00,165.47898864746094,170.90931335449218,False,False
2025-05-02 00:00:00+00:00,168.39842224121094,170.92029190063477,False,False
2025-05-05 00:00:00+00:00,167.84002685546875,170.93139907836914,False,False
2025-05-06 00:00:00+00:00,166.5958251953125,170.94310165405273,False,False
2025-05-07 00:00:00+00:00,167.6930694580078,170.95569633483888,False,False
2025-05-08 00:00:00+00:00,169.10382080078125,170.9792936706543,False,False
2025-05-09 00:00:00+00:00,169.0646514892578,171.0035090637207,False,False
2025-05-12 00:00:00+00:00,173.69854736328125,171.03043182373048,True,False
2025-05-13 00:00:00+00:00,174.09042358398438,171.0901050567627,True,True
2025-05-14 00:00:00+00:00,173.0421600341797,171.15076988220216,True,True
2025-05-15 00:00:00+00:00,174.61947631835938,171.19462844848633,True,True
2025-05-16 00:00:00+00:00,176.33389282226562,171.24526077270508,True,True
2025-05-19 00:00:00+00:00,176.31431579589844,171.3004972076416,True,True
2025-05-20 00:00:00+00:00,175.8538818359375,171.3517162322998,True,True
2025-05-21 00:00:00+00:00,172.02328491210938,171.40987541198731,True,True
2025-05-22 00:00:00+00:00,171.47467041015625,171.4630110168457,True,True
2025-05-23 00:00:00+00:00,170.78887939453125,171.53246887207033,False,True
2025-05-27 00:00:00+00:00,173.97286987304688,171.5904168701172,True,False
2025-05-28 00:00:00+00:00,172.4935302734375,171.66989791870117,True,True
2025-05-29 00:00:00+00:00,172.91481018066406,171.72765922546387,True,True
2025-05-30 00:00:00+00:00,172.84622192382812,171.7858332824707,True,True
2025-06-02 00:00:00+00:00,172.98338317871094,171.84753547668458,True,True
2025-06-03 00:00:00+00:00,174.42352294921875,171.90077796936035,True,True
2025-06-04 00:00:00+00:00,174.03163146972656,171.95952766418458,True,True
2025-06-05 00:00:00+00:00,173.56141662597656,172.00528518676757,True,True
2025-06-06 00:00:00+00:00,175.06031799316406,172.04670783996582,True,True
2025-06-09 00:00:00+00:00,175.08970642089844,172.08933418273926,True,True
2025-06-10 00:00:00+00:00,175.9616241455078,172.13539794921874,True,True
2025-06-11 00:00:00+00:00,175.46197509765625,172.18001472473145,True,True
2025-06-12 00:00:00+00:00,175.87344360351562,172.22450424194335,True,True
2025-06-13 00:00:00+00:00,173.74754333496094,172.2604539489746,True,True
2025-06-16 00:00:00+00:00,175.42279052734375,172.2859194946289,True,True
2025-06-17 00:00:00+00:00,173.73773193359375,172.3193740081787,True,True
2025-06-18 00:00:00+00:00,173.75730895996094,172.3467259979248,True,True
2025-06-20 00:00:00+00:00,174.04144287109375,172.37103050231934,True,True
2025-06-23 00:00:00+00:00,175.5779571533203,172.3902230834961,True,True
2025-06-24 00:00:00+00:00,177.24037170410156,172.42803421020508,True,True
2025-06-25 00:00:00+00:00,175.9615936279297,172.47536720275878,True,True
2025-06-26 00:00:00+00:00,177.28956604003906,172.52143547058105,True,True
2025-06-27 00:00:00+00:00,177.9387969970703,172.58309547424315,True,True
2025-06-30 00:00:00+00:00,178.77493286132812,172.64001747131348,True,True
2025-07-01 00:00:00+00:00,180.87017822265625,172.70063621520995,True,True
2025-07-02 00:00:00+00:00,181.2833251953125,172.77134422302245,True,True
2025-07-03 00:00:00+00:00,182.15879821777344,172.83894035339355,True,True
2025-07-07 00:00:00+00:00,180.70294189453125,172.90288131713868,True,True
2025-07-08 00:00:00+00:00,181.1554412841797,172.9533975982666,True,True
2025-07-09 00:00:00+00:00,181.69647216796875,173.00491821289063,True,True
2025-07-10 00:00:00+00:00,182.74900817871097,173.06074089050293,True,True
2025-07-11 00:00:00+00:00,181.41119384765625,173.11272911071777,True,True
2025-07-14 00:00:00+00:00,181.5980987548828,173.16117347717284,True,True
2025-07-15 00:00:00+00:00,179.07986450195312,173.2061560821533,True,True
2025-07-16 00:00:00+00:00,179.7782745361328,173.2372843170166,True,True
2025-07-17 00:00:00+00:00,181.24398803710935,173.27724845886232,True,True
2025-07-18 00:00:00+00:00,181.1751251220703,173.31735137939452,True,True
2025-07-21 00:00:00+00:00,180.5554046630859,173.35400093078613,True,True
2025-07-22 00:00:00+00:00,182.8572235107422,173.3864345550537,True,True
2025-07-23 00:00:00+00:00,184.37208557128903,173.43499221801758,True,True
2025-07-24 00:00:00+00:00,183.78189086914065,173.49204719543457,True,True
2025-07-25 00:00:00+00:00,184.66720581054688,173.5502320098877,True,True
2025-07-28 00:00:00+00:00,183.57530212402344,173.60609085083007,True,True
2025-07-29 00:00:00+00:00,183.48678588867188,173.66324272155762,True,True
2025-07-30 00:00:00+00:00,182.29652404785156,173.71791160583496,True,True
2025-07-31 00:00:00+00:00,180.6341094970703,173.76070251464844,True,True
2025-08-01 00:00:00+00:00,178.59786987304688,173.7984363555908,True,True
2025-08-04 00:00:00+00:00,180.7816619873047,173.81748733520507,True,True
2025-08-05 00:00:00+00:00,180.27996826171875,173.841044921875,True,True
2025-08-06 00:00:00+00:00,179.87664794921875,173.8660775756836,True,True
2025-08-07 00:00:00+00:00,179.76844787597656,173.88316696166993,True,True
2025-08-08 00:00:00+00:00,180.0930633544922,173.90112411499024,True,True
2025-08-11 00:00:00+00:00,179.60122680664062,173.91808113098145,True,True
2025-08-12 00:00:00+00:00,181.8833770751953,173.94010856628418,True,True
2025-08-13 00:00:00+00:00,184.48031616210935,173.97748184204102,True,True
2025-08-14 00:00:00+00:00,183.28021240234375,174.03070602416992,True,True
2025-08-15 00:00:00+00:00,182.8277130126953,174.0777352142334,True,True
2025-08-18 00:00:00+00:00,182.7883758544922,174.12663124084472,True,True
2025-08-19 00:00:00+00:00,183.6441650390625,174.17042411804198,True,True
2025-08-20 00:00:00+00:00,183.47694396972656,174.22111907958984,True,True
2025-08-21 00:00:00+00:00,182.83755493164065,174.2728726196289,True,True
2025-08-22 00:00:00+00:00,186.39849853515625,174.3306591796875,True,True
2025-08-25 00:00:00+00:00,184.97213745117188,174.4057162475586,True,True
2025-08-26 00:00:00+00:00,185.1000213623047,174.47262115478514,True,True
2025-08-27 00:00:00+00:00,185.7689208984375,174.53015823364257,True,True
2025-08-28 00:00:00+00:00,185.6804046630859,174.57049087524413,True,True
2025-08-29 00:00:00+00:00,185.5426788330078,174.60950660705566,True,True
2025-09-02 00:00:00+00:00,184.07701110839844,174.64287841796875,True,True
2025-09-03 00:00:00+00:00,183.7917022705078,174.66445259094237,True,True
2025-09-04 00:00:00+00:00,185.14920043945312,174.69144996643067,True,True
2025-09-05 00:00:00+00:00,185.36561584472656,174.72474906921386,True,True
2025-09-08 00:00:00+00:00,185.2180633544922,174.76627143859864,True,True
2025-09-09 00:00:00+00:00,184.64752197265625,174.81337120056153,True,True
2025-09-10 00:00:00+00:00,184.4606475830078,174.85407203674316,True,True
2025-09-11 00:00:00+00:00,187.2247772216797,174.89621894836426,True,True
2025-09-12 00:00:00+00:00,185.87713623046875,174.94922309875489,True,True
2025-09-15 00:00:00+00:00,185.55252075195312,174.98436447143555,True,True
2025-09-16 00:00:00+00:00,185.0606689453125,175.01083877563477,True,True
2025-09-17 00:00:00+00:00,185.2377471923828,175.02669258117675,True,True
2025-09-18 00:00:00+00:00,186.4476623535156,175.04333457946777,True,True
2025-09-19 00:00:00+00:00,186.12306213378903,175.06690040588379,True,True
2025-09-22 00:00:00+00:00,186.21197509765625,175.0860743713379,True,True
2025-09-23 00:00:00+00:00,186.439208984375,175.10797607421875,True,True
2025-09-24 00:00:00+00:00,186.00450134277344,175.13504592895507,True,True
2025-09-25 00:00:00+00:00,184.47314453125,175.15989387512207,True,True
2025-09-26 00:00:00+00:00,186.30088806152344,175.18160285949708,True,True
2025-09-29 00:00:00+00:00,186.92332458496097,175.21347076416015,True,True
2025-09-30 00:00:00+00:00,187.4172821044922,175.2521427154541,True,True
2025-10-01 00:00:00+00:00,187.8421173095703,175.29877403259277,True,True
2025-10-02 00:00:00+00:00,188.2866973876953,175.34670364379883,True,True
2025-10-03 00:00:00+00:00,188.94862365722656,175.40011093139648,True,True
2025-10-06 00:00:00+00:00,188.88937377929688,175.45993682861328,True,True
2025-10-07 00:00:00+00:00,188.0594787597656,175.52238136291504,True,True
2025-10-08 00:00:00+00:00,188.67201232910156,175.58762313842774,True,True
2025-10-09 00:00:00+00:00,187.11102294921875,175.68182022094726,True,True
2025-10-10 00:00:00+00:00,182.8924102783203,175.77102996826173,True,True
2025-10-13 00:00:00+00:00,184.6707305908203,175.8272933959961,True,True
2025-10-14 00:00:00+00:00,186.2021026611328,175.89127838134766,True,True
2025-10-15 00:00:00+00:00,186.5775146484375,175.95643646240234,True,True
2025-10-16 00:00:00+00:00,184.80905151367188,176.02205780029297,True,True
2025-10-17 00:00:00+00:00,185.7476348876953,176.08473571777344,True,True
2025-10-20 00:00:00+00:00,187.60499572753903,176.16078399658204,True,True
2025-10-21 00:00:00+00:00,188.46453857421875,176.24455909729005,True,True
2025-10-22 00:00:00+00:00,187.55560302734375,176.33511817932128,True,True
2025-10-23 00:00:00+00:00,188.4447784423828,176.4133324432373,True,True
2025-10-24 00:00:00+00:00,188.95851135253903,176.49657775878907,True,True
2025-10-27 00:00:00+00:00,189.7982940673828,176.58526802062988,True,True
2025-10-28 00:00:00+00:00,188.1681671142578,176.67713333129882,True,True
2025-10-29 00:00:00+00:00,186.06378173828125,176.77337684631348,True,True
2025-10-30 00:00:00+00:00,185.26353454589844,176.8521759033203,True,True
2025-10-31 00:00:00+00:00,185.6685791015625,176.92009994506836,True,True
2025-11-03 00:00:00+00:00,185.2141265869141,176.98181030273437,True,True
2025-11-04 00:00:00+00:00,183.98904418945312,177.03442344665527,True,True
2025-11-05 00:00:00+00:00,185.06594848632812,177.07666999816894,True,True
2025-11-06 00:00:00+00:00,183.7618103027344,177.11411224365236,True,True
2025-11-07 00:00:00+00:00,185.30303955078125,177.14815376281737,True,True
2025-11-10 00:00:00+00:00,186.3700408935547,177.18570892333983,True,True
2025-11-11 00:00:00+00:00,187.44692993164065,177.22937911987304,True,True
2025-11-12 00:00:00+00:00,187.8915100097656,177.27784873962403,True,True
2025-11-13 00:00:00+00:00,185.7673797607422,177.3329288482666,True,True
2025-11-14 00:00:00+00:00,185.0856781005859,177.38031326293947,True,True
2025-11-17 00:00:00+00:00,182.65530395507812,177.41488029479981,True,True
2025-11-18 00:00:00+00:00,182.7639617919922,177.44460800170899,True,True
2025-11-19 00:00:00+00:00,182.2107086181641,177.4797053527832,True,True
2025-11-20 00:00:00+00:00,179.98777770996094,177.51096389770507,True,True
2025-11-21 00:00:00+00:00,183.5247039794922,177.526817779541,True,True
2025-11-24 00:00:00+00:00,184.2854461669922,177.56152626037598,True,True
2025-11-25 00:00:00+00:00,186.9035491943359,177.6043772125244,True,True
2025-11-26 00:00:00+00:00,188.20767211914065,177.65783248901369,True,True
2025-11-28 00:00:00+00:00,189.2252655029297,177.71771087646485,True,True
2025-12-01 00:00:00+00:00,187.93104553222656,177.7877960205078,True,True
2025-12-02 00:00:00+00:00,187.75320434570312,177.8438050842285,True,True
2025-12-03 00:00:00+00:00,189.1857452392578,177.89980239868163,True,True
2025-12-04 00:00:00+00:00,189.2450408935547,177.95618614196778,True,True
2025-12-05 00:00:00+00:00,189.68960571289065,178.01106254577635,True,True
2025-12-08 00:00:00+00:00,188.5534515380859,178.07040435791015,True,True
2025-12-09 00:00:00+00:00,188.1977996826172,178.1365453338623,True,True
2025-12-10 00:00:00+00:00,190.8455352783203,178.20017684936522,True,True
2025-12-11 00:00:00+00:00,192.3867645263672,178.27616958618165,True,True
2025-12-12 00:00:00+00:00,191.08265686035156,178.36172088623047,True,True
2025-12-15 00:00:00+00:00,191.3197479248047,178.44840545654296,True,True
2025-12-16 00:00:00+00:00,189.9761199951172,178.52662300109864,True,True
2025-12-17 00:00:00+00:00,189.46237182617188,178.60748237609863,True,True
2025-12-18 00:00:00+00:00,189.867431640625,178.69981307983397,True,True
2025-12-19 00:00:00+00:00,190.5590362548828,178.78622283935547,True,True
2025-12-22 00:00:00+00:00,191.9714813232422,178.88564559936523,True,True
2025-12-23 00:00:00+00:00,191.5251312255859,178.98413566589355,True,True
2025-12-24 00:00:00+00:00,192.21945190429688,179.09253273010253,True,True
2025-12-26 00:00:00+00:00,192.26905822753903,179.21571136474608,True,True
2025-12-29 00:00:00+00:00,191.95164489746097,179.34308670043944,True,True
2025-12-30 00:00:00+00:00,191.6441650390625,179.47687019348143,True,True
2025-12-31 00:00:00+00:00,190.00753784179688,179.5933699798584,True,True
2026-01-02 00:00:00+00:00,191.2969970703125,179.690327835083,True,True
2026-01-05 00:00:00+00:00,193.0724945068359,179.79816917419433,True,True
2026-01-06 00:00:00+00:00,195.4034423828125,179.908599319458,True,True
2026-01-07 00:00:00+00:00,193.21136474609375,180.03424293518066,True,True
2026-01-08 00:00:00+00:00,194.86782836914065,180.15282623291014,True,True
2026-01-09 00:00:00+00:00,195.9985809326172,180.26655906677246,True,True
2026-01-12 00:00:00+00:00,196.1771240234375,180.38800300598143,True,True
2026-01-13 00:00:00+00:00,196.1771240234375,180.51195617675782,True,True
2026-01-14 00:00:00+00:00,197.06982421875,180.63811363220213,True,True
2026-01-15 00:00:00+00:00,197.9427032470703,180.78191139221192,True,True
2026-01-16 00:00:00+00:00,197.43682861328125,180.92306884765625,True,True
2026-01-20 00:00:00+00:00,194.49090576171875,181.06081512451172,True,True
2026-01-21 00:00:00+00:00,197.78399658203125,181.17672912597655,True,True
2026-01-22 00:00:00+00:00,198.0419006347656,181.34991249084473,True,True
2026-01-23 00:00:00+00:00,197.15911865234375,181.57018577575684,True,True
2026-01-26 00:00:00+00:00,197.6252899169922,181.79246208190918,True,True
2026-01-27 00:00:00+00:00,197.3177947998047,182.0314707183838,True,True
2026-01-28 00:00:00+00:00,196.6532287597656,182.2090338897705,True,True
2026-01-29 00:00:00+00:00,196.9111328125,182.4105096435547,True,True
2026-01-30 00:00:00+00:00,196.4746856689453,182.60142066955567,True,True
2026-02-02 00:00:00+00:00,197.48643493652344,182.78000968933105,True,True
2026-02-03 00:00:00+00:00,196.9607391357422,182.96625366210938,True,True
2026-02-04 00:00:00+00:00,198.67669677734375,183.16015579223634,True,True
2026-02-05 00:00:00+00:00,196.95079040527344,183.35675964355468,True,True
2026-02-06 00:00:00+00:00,200.62081909179688,183.56075187683106,True,True
2026-02-09 00:00:00+00:00,200.73985290527344,183.7638433074951,True,True
2026-02-10 00:00:00+00:00,201.4540252685547,183.9597903442383,True,True
2026-02-11 00:00:00+00:00,201.81109619140625,184.14564170837403,True,True
2026-02-12 00:00:00+00:00,199.1627197265625,184.33445404052733,True,True
2026-02-13 00:00:00+00:00,201.22586059570312,184.50772216796875,True,True
2026-02-17 00:00:00+00:00,200.87872314453125,184.68650566101076,True,True
2026-02-18 00:00:00+00:00,201.9202117919922,184.86237770080567,True,True
2026-02-19 00:00:00+00:00,201.49368286132812,185.04458381652833,True,True
2026-02-20 00:00:00+00:00,202.43597412109375,185.2100601196289,True,True
2026-02-23 00:00:00+00:00,200.21414184570312,185.38303985595704,True,True
2026-02-24 00:00:00+00:00,201.81109619140625,185.55113143920897,True,True
2026-02-25 00:00:00+00:00,201.9301300048828,185.72172157287596,True,True
2026-02-26 00:00:00+00:00,203.07080078125,185.88585311889648,True,True
2026-02-27 00:00:00+00:00,203.30886840820312,186.05588386535644,True,True
2026-03-02 00:00:00+00:00,202.9319305419922,186.20393547058106,True,True
2026-03-03 00:00:00+00:00,200.44227600097656,186.3481430053711,True,True
2026-03-04 00:00:00+00:00,201.24571228027344,186.48514358520507,True,True
2026-03-05 00:00:00+00:00,198.9147491455078,186.61827476501466,True,True
2026-03-06 00:00:00+00:00,196.54412841796875,186.73117904663087,True,True
2026-03-09 00:00:00+00:00,197.09959411621097,186.8323281097412,True,True
2026-03-10 00:00:00+00:00,195.6216735839844,186.93855667114258,True,True
2026-03-11 00:00:00+00:00,194.9769287109375,187.05654861450196,True,True
2026-03-12 00:00:00+00:00,191.96157836914065,187.17405990600585,True,True
2026-03-13 00:00:00+00:00,191.95164489746097,187.2799234008789,True,True
2026-03-16 00:00:00+00:00,193.37998962402344,187.369817276001,True,True
2026-03-17 00:00:00+00:00,194.46115112304688,187.4742495727539,True,True
2026-03-18 00:00:00+00:00,191.9020538330078,187.58198127746581,True,True
2026-03-19 00:00:00+00:00,191.75328063964844,187.6772604370117,True,True
2026-03-20 00:00:00+00:00,188.9362945556641,187.77110992431642,True,True
2026-03-23 00:00:00+00:00,190.9504852294922,187.84367378234865,True,True
2026-03-24 00:00:00+00:00,191.1795959472656,187.92826805114746,True,True
2026-03-25 00:00:00+00:00,192.10601806640625,188.0163589477539,True,True
2026-03-26 00:00:00+00:00,190.3428497314453,188.1015874481201,True,True
2026-03-27 00:00:00+00:00,187.7329559326172,188.17785316467285,False,True
2026-03-30 00:00:00+00:00,187.3444671630859,188.2367098236084,False,False
2026-03-31 00:00:00+00:00,191.1795959472656,188.29612228393555,True,False
2026-04-01 00:00:00+00:00,191.7971954345703,188.3726530456543,True,True
2026-04-02 00:00:00+00:00,192.34507751464844,188.46290130615233,True,True
2026-04-06 00:00:00+00:00,193.17189025878903,188.54751274108887,True,True
2026-04-07 00:00:00+00:00,192.74354553222656,188.64468353271485,True,True
2026-04-08 00:00:00+00:00,197.19630432128903,188.73961471557618,True,True
2026-04-09 00:00:00+00:00,197.3158416748047,188.85538902282715,True,True
2026-04-10 00:00:00+00:00,195.8913421630859,188.96407844543458,True,True
2026-04-13 00:00:00+00:00,198.0629425048828,189.05733329772949,True,True
2026-04-14 00:00:00+00:00,198.8897399902344,189.16784004211425,True,True
2026-04-15 00:00:00+00:00,198.95947265625,189.27584091186523,True,True
2026-04-16 00:00:00+00:00,199.865966796875,189.38094429016112,True,True
2026-04-17 00:00:00+00:00,202.3762359619141,189.48639945983888,True,True
2026-04-20 00:00:00+00:00,203.01377868652344,189.59392974853515,True,True
2026-04-21 00:00:00+00:00,201.7686004638672,189.7025820159912,True,True
2026-04-22 00:00:00+00:00,201.6789398193359,189.80063102722167,True,True
2026-04-23 00:00:00+00:00,201.66897583007812,189.9055110168457,True,True
2026-04-24 00:00:00+00:00,201.25059509277344,190.0080786895752,True,True
2026-04-27 00:00:00+00:00,201.0115203857422,190.1058493041992,True,True
2026-04-28 00:00:00+00:00,199.98548889160156,190.19716186523436,True,True
2026-04-29 00:00:00+00:00,199.63685607910156,190.2900333404541,True,True
2026-04-30 00:00:00+00:00,202.65516662597656,190.3802271270752,True,True
2026-05-01 00:00:00+00:00,202.0375518798828,190.49810363769532,True,True
2026-05-04 00:00:00+00:00,200.8621063232422,190.60940002441407,True,True
2026-05-05 00:00:00+00:00,202.4559326171875,190.70749061584473,True,True
2026-05-06 00:00:00+00:00,204.05972290039065,190.81389465332032,True,True
2026-05-07 00:00:00+00:00,202.7547607421875,190.93141624450683,True,True
2026-05-08 00:00:00+00:00,203.3126220703125,191.03090393066407,True,True
2026-05-11 00:00:00+00:00,203.2030487060547,191.1256066131592,True,True
2026-05-12 00:00:00+00:00,203.0237274169922,191.22271240234375,True,True
2026-05-13 00:00:00+00:00,202.1371612548828,191.31449501037596,True,True
2026-05-14 00:00:00+00:00,202.8743133544922,191.40730430603028,True,True
2026-05-15 00:00:00+00:00,200.78240966796875,191.50424194335938,True,True
2026-05-18 00:00:00+00:00,202.0176239013672,191.59667137145996,True,True
2026-05-19 00:00:00+00:00,200.84217834472656,191.70358894348144,True,True
2026-05-20 00:00:00+00:00,203.0436553955078,191.81481048583984,True,True
2026-05-21 00:00:00+00:00,203.92027282714844,191.92612045288087,True,True
2026-05-22 00:00:00+00:00,205.78305053710935,192.04432197570802,True,True
2026-05-26 00:00:00+00:00,206.8389587402344,192.17385398864747,True,True
2026-05-27 00:00:00+00:00,206.6895446777344,192.30920654296875,True,True
2026-05-28 00:00:00+00:00,207.4466094970703,192.44218894958496,True,True
2026-05-29 00:00:00+00:00,208.0243682861328,192.5814158630371,True,True
2026-06-01 00:00:00+00:00,208.4029083251953,192.7121208190918,True,True
2026-06-02 00:00:00+00:00,209.2296905517578,192.83173377990724,True,True
2026-06-03 00:00:00+00:00,208.4427490234375,192.9614811706543,True,True
2026-06-04 00:00:00+00:00,210.0166473388672,193.089556350708,True,True
2026-06-05 00:00:00+00:00,207.0282287597656,193.22569770812987,True,True
2026-06-08 00:00:00+00:00,206.80906677246097,193.3426180267334,True,True
2026-06-09 00:00:00+00:00,208.3829803466797,193.45927864074707,True,True
2026-06-10 00:00:00+00:00,205.7332305908203,193.58700576782226,True,True
2026-06-11 00:00:00+00:00,208.94081115722656,193.6836794281006,True,True
2026-06-12 00:00:00+00:00,210.83348083496097,193.80352279663086,True,True
2026-06-15 00:00:00+00:00,212.05874633789065,193.93219009399414,True,True
2026-06-16 00:00:00+00:00,211.3514709472656,194.0636392211914,True,True
2026-06-17 00:00:00+00:00,208.18374633789065,194.1919945526123,True,True
2026-06-18 00:00:00+00:00,209.15000915527344,194.30519989013672,True,True
2026-06-22 00:00:00+00:00,209.61000061035156,194.4305648803711,True,True
2026-06-23 00:00:00+00:00,208.88999938964844,194.55965637207032,True,True
2026-06-24 00:00:00+00:00,210.3800048828125,194.6783603668213,True,True
2026-06-25 00:00:00+00:00,211.75,194.80343231201172,True,True
2026-06-26 00:00:00+00:00,210.30999755859375,194.93609199523925,True,True
2026-06-29 00:00:00+00:00,213.0500030517578,195.06440437316894,True,True
2026-06-30 00:00:00+00:00,212.77000427246097,195.2073511505127,True,True
2026-07-01 00:00:00+00:00,213.41000366210935,195.3350772857666,True,True
2026-07-02 00:00:00+00:00,214.91000366210935,195.47274162292481,True,True
2026-07-06 00:00:00+00:00,215.0,195.6195290374756,True,True
2026-07-07 00:00:00+00:00,214.72999572753903,195.76922569274902,True,True
2026-07-08 00:00:00+00:00,212.1999969482422,195.9166869354248,True,True
2026-07-09 00:00:00+00:00,213.5,196.04544860839843,True,True
2026-07-10 00:00:00+00:00,214.3000030517578,196.18233329772949,True,True
2026-07-13 00:00:00+00:00,214.22999572753903,196.3227734375,True,True
2026-07-14 00:00:00+00:00,213.4499969482422,196.46172737121583,True,True
2026-07-15 00:00:00+00:00,212.97000122070312,196.59895484924317,True,True
2026-07-16 00:00:00+00:00,215.05999755859375,196.74143913269043,True,True
2026-07-17 00:00:00+00:00,213.3699951171875,196.88523468017578,True,True
2026-07-20 00:00:00+00:00,212.4199981689453,197.01746803283692,True,True
2026-07-21 00:00:00+00:00,212.7599945068359,197.1424816131592,True,True
2026-07-22 00:00:00+00:00,212.6999969482422,197.26707099914552,True,True
2026-07-23 00:00:00+00:00,211.9199981689453,197.38913749694825,True,True
2026-07-24 00:00:00+00:00,213.57000732421875,197.50399436950684,True,True
2026-07-27 00:00:00+00:00,215.17999267578125,197.62739753723145,True,True
