date,gold_vol,mean,std,z,risk_off_signal_close,risk_off_actionable
2009-06-03 00:00:00+00:00,27.64,36.52162698412699,10.062478454197127,-0.8826480498373045,False,False
2009-06-04 00:00:00+00:00,28.16,36.54047619047619,10.041268261441664,-0.8346033560976662,False,False
2009-06-05 00:00:00+00:00,26.82,36.56218253968254,10.017091390156018,-0.9725560205287097,False,False
2009-06-08 00:00:00+00:00,27.09,36.57821428571428,9.998160965644363,-0.9489959521873714,False,False
2009-06-09 00:00:00+00:00,25.03,36.592063492063495,9.98251713320232,-1.1582312695069192,False,False
2009-06-10 00:00:00+00:00,24.78,36.59428571428572,9.979869852688859,-1.1838116016214995,False,False
2009-06-11 00:00:00+00:00,24.44,36.59186507936508,9.982671883913813,-1.2172958523205322,False,False
2009-06-12 00:00:00+00:00,24.79,36.58821428571429,9.986963194600905,-1.1813615466303682,False,False
2009-06-15 00:00:00+00:00,25.31,36.58722222222223,9.988127265764781,-1.1290627283931334,False,False
2009-06-16 00:00:00+00:00,23.12,36.58869047619048,9.986435355370837,-1.3486985092179902,False,False
2009-06-17 00:00:00+00:00,22.8,36.58130952380952,9.995732529246853,-1.3787193168170837,False,False
2009-06-18 00:00:00+00:00,22.43,36.57476190476191,10.00424748155345,-1.4138756494022198,False,False
2009-06-19 00:00:00+00:00,21.64,36.56880952380953,10.012243947088217,-1.4910553121462002,False,False
2009-06-22 00:00:00+00:00,22.1,36.55813492063492,10.02676784412857,-1.4419536928942909,False,False
2009-06-23 00:00:00+00:00,21.93,36.541785714285716,10.04703038254009,-1.454338760603167,False,False
2009-06-24 00:00:00+00:00,22.74,36.52095238095238,10.071932435920102,-1.3682530605352943,False,False
2009-06-25 00:00:00+00:00,22.72,36.50488095238095,10.090735306685831,-1.3660928102283574,False,False
2009-06-26 00:00:00+00:00,21.97,36.48876984126984,10.109547757006665,-1.4361443449542302,False,False
2009-06-29 00:00:00+00:00,21.72,36.46750000000001,10.134501743924545,-1.4551776074083638,False,False
2009-06-30 00:00:00+00:00,20.9,36.44865079365079,10.157561260560101,-1.5307464454113882,False,False
2009-07-01 00:00:00+00:00,20.29,36.4247619047619,10.187096416998337,-1.5838430544192361,False,False
2009-07-02 00:00:00+00:00,19.93,36.39559523809524,10.222807562748956,-1.610672521910172,False,False
2009-07-06 00:00:00+00:00,20.6,36.36539682539682,10.260242935762607,-1.5365520021407792,False,False
2009-07-07 00:00:00+00:00,20.71,36.34059523809524,10.290843957878073,-1.5188837088652347,False,False
2009-07-08 00:00:00+00:00,23.58,36.31726190476191,10.319666176909301,-1.2342707299255553,False,False
2009-07-09 00:00:00+00:00,21.02,36.307182539682536,10.330899981159911,-1.4797532226196382,False,False
2009-07-10 00:00:00+00:00,20.79,36.287063492063496,10.355783692429995,-1.4964645798262222,False,False
2009-07-13 00:00:00+00:00,19.27,36.26325396825397,10.38456334678405,-1.63639561922616,False,False
2009-07-14 00:00:00+00:00,18.8,36.2075,10.438007611055202,-1.6677033250639908,False,False
2009-07-15 00:00:00+00:00,19.36,36.15873015873016,10.490592559318126,-1.601313754560882,False,False
2009-07-16 00:00:00+00:00,18.26,36.11492063492064,10.537683526148518,-1.6943876318371973,False,False
2009-07-17 00:00:00+00:00,18.1,36.07464285714286,10.586535812502177,-1.6978776792986137,False,False
2009-07-20 00:00:00+00:00,18.55,36.03821428571429,10.632613044079704,-1.6447710655144945,False,False
2009-07-21 00:00:00+00:00,18.05,36.00448412698413,10.674639572917643,-1.6819756774304584,False,False
2009-07-22 00:00:00+00:00,17.46,35.97051587301587,10.718184055796506,-1.7270197802775358,False,False
2009-07-23 00:00:00+00:00,18.44,35.937380952380956,10.76253522307836,-1.6257675900433666,False,False
2009-07-24 00:00:00+00:00,18.04,35.90880952380952,10.79947428314266,-1.6545999421195603,False,False
2009-07-27 00:00:00+00:00,18.72,35.876626984126986,10.840676834718712,-1.5826158500713352,False,False
2009-07-28 00:00:00+00:00,19.26,35.8475,10.876957391276,-1.525012869251856,False,False
2009-07-29 00:00:00+00:00,19.39,35.81896825396825,10.91108317185109,-1.5057137770109252,False,False
2009-07-30 00:00:00+00:00,18.85,35.79488095238096,10.940702595927934,-1.5487927583999717,False,False
2009-07-31 00:00:00+00:00,20.51,35.77079365079365,10.971379289361723,-1.3909640026383108,False,False
2009-08-03 00:00:00+00:00,21.11,35.76115079365079,10.983762221340179,-1.3338918394632855,False,False
2009-08-04 00:00:00+00:00,23.58,35.746785714285714,11.000601051385667,-1.1060109949858743,False,False
2009-08-05 00:00:00+00:00,22.12,35.73948412698413,11.008090800835014,-1.2372249078787605,False,False
2009-08-06 00:00:00+00:00,21.13,35.721944444444446,11.02631335687107,-1.3233747284491464,False,False
2009-08-07 00:00:00+00:00,20.95,35.70392857142857,11.046493126836781,-1.3356210339356298,False,False
2009-08-10 00:00:00+00:00,20.33,35.68849206349206,11.064438391543224,-1.3880950410669624,False,False
2009-08-11 00:00:00+00:00,19.61,35.66376984126984,11.091842398961036,-1.4473492557713932,False,False
2009-08-12 00:00:00+00:00,19.83,35.61543650793651,11.135242436134503,-1.4176104919558696,False,False
2009-08-13 00:00:00+00:00,19.97,35.566428571428574,11.177519446591964,-1.395338978916645,False,False
2009-08-14 00:00:00+00:00,19.56,35.53146825396826,11.212552932047561,-1.4244274565089303,False,False
2009-08-17 00:00:00+00:00,19.83,35.493968253968255,11.25019008812334,-1.3923292078864051,False,False
2009-08-18 00:00:00+00:00,18.93,35.443373015873014,11.291939908807949,-1.4624035506062372,False,False
2009-08-19 00:00:00+00:00,19.38,35.391269841269846,11.337812628273056,-1.4122009567650298,False,False
2009-08-20 00:00:00+00:00,18.12,35.345595238095235,11.3791271853712,-1.513788795703079,False,False
2009-08-21 00:00:00+00:00,19.11,35.300000000000004,11.425127580865082,-1.417052009739933,False,False
2009-08-24 00:00:00+00:00,19.65,35.2588888888889,11.464759774578816,-1.3614667202621196,False,False
2009-08-25 00:00:00+00:00,19.56,35.22527777777778,11.498139271005575,-1.3624185103828337,False,False
2009-08-26 00:00:00+00:00,19.6,35.188968253968255,11.533189372354462,-1.3516615179609957,False,False
2009-08-27 00:00:00+00:00,19.52,35.15345238095238,11.56744485458474,-1.3515043795308075,False,False
2009-08-28 00:00:00+00:00,19.32,35.120158730158735,11.60040334400614,-1.3620352897748667,False,False
2009-08-31 00:00:00+00:00,20.43,35.087698412698415,11.63320934316194,-1.259987504764907,False,False
2009-09-01 00:00:00+00:00,21.4,35.06015873015873,11.659736897397691,-1.1715666357109236,False,False
2009-09-02 00:00:00+00:00,25.58,35.02793650793651,11.686298124407342,-0.8084627319410999,False,False
2009-09-03 00:00:00+00:00,28.86,35.01202380952381,11.696457915129141,-0.5259732351591919,False,False
2009-09-04 00:00:00+00:00,27.23,35.00833333333333,11.698258715386306,-0.6649137724320258,False,False
2009-09-08 00:00:00+00:00,26.97,34.99785714285715,11.704059268390463,-0.6859036645976536,False,False
2009-09-09 00:00:00+00:00,24.71,34.982261904761906,11.71215676034698,-0.8770598033267429,False,False
2009-09-10 00:00:00+00:00,24.22,34.94904761904762,11.729428269765416,-0.9147119000423536,False,False
2009-09-11 00:00:00+00:00,25.67,34.91039682539682,11.748732094060104,-0.786501620040222,False,False
2009-09-14 00:00:00+00:00,24.78,34.86960317460317,11.762946408465703,-0.8577445500679794,False,False
2009-09-15 00:00:00+00:00,24.43,34.82873015873016,11.780094763796562,-0.8827373944977326,False,False
2009-09-16 00:00:00+00:00,25.09,34.77305555555555,11.79600768901461,-0.8208756564793689,False,False
2009-09-17 00:00:00+00:00,23.53,34.7131746031746,11.806747017731306,-0.9471850786994733,False,False
2009-09-18 00:00:00+00:00,22.62,34.60670634920635,11.786041065983236,-1.017025673175556,False,False
2009-09-21 00:00:00+00:00,23.22,34.47960317460318,11.74165434910492,-0.9589452082160391,False,False
2009-09-22 00:00:00+00:00,24.53,34.384206349206345,11.735060849968761,-0.8397234982580065,False,False
2009-09-23 00:00:00+00:00,23.98,34.273769841269846,11.696106840045035,-0.8801022410317013,False,False
2009-09-24 00:00:00+00:00,22.0,34.17436507936508,11.676627828438969,-1.0426267975856738,False,False
2009-09-25 00:00:00+00:00,21.79,34.089801587301594,11.68736272094069,-1.0524018019277843,False,False
2009-09-28 00:00:00+00:00,20.4,34.00190476190476,11.696275513994195,-1.1629261593257227,False,False
2009-09-29 00:00:00+00:00,20.45,33.9031746031746,11.705700259574474,-1.1492840500653354,False,False
2009-09-30 00:00:00+00:00,21.54,33.78365079365079,11.688602894042596,-1.0474862483258023,False,False
2009-10-01 00:00:00+00:00,21.46,33.675000000000004,11.674589476389786,-1.0462894669404113,False,False
2009-10-02 00:00:00+00:00,21.38,33.572857142857146,11.668385684126768,-1.0449480736177454,False,False
2009-10-05 00:00:00+00:00,22.78,33.44920634920635,11.631633204373113,-0.9172578056532144,False,False
2009-10-06 00:00:00+00:00,25.36,33.34099206349207,11.603391496929358,-0.6878154602991808,False,False
2009-10-07 00:00:00+00:00,24.01,33.22503968253969,11.536107337762564,-0.798799752181133,False,False
2009-10-08 00:00:00+00:00,24.88,33.1159126984127,11.49243664156891,-0.7166376422405372,False,False
2009-10-09 00:00:00+00:00,23.19,33.01253968253968,11.448637556095898,-0.8579658177151052,False,False
2009-10-12 00:00:00+00:00,22.47,32.896388888888886,11.398919291385022,-0.9146822275308901,False,False
2009-10-13 00:00:00+00:00,22.34,32.729484126984126,11.240716370129237,-0.9242724204475836,False,False
2009-10-14 00:00:00+00:00,20.57,32.57515873015873,11.114120105152557,-1.080171764977876,False,False
2009-10-15 00:00:00+00:00,20.35,32.438095238095244,11.04788755667785,-1.0941544413880864,False,False
2009-10-16 00:00:00+00:00,20.76,32.297420634920634,10.97468423769824,-1.0512758622511784,False,False
2009-10-19 00:00:00+00:00,20.9,32.161904761904765,10.904972126262361,-1.032731182758625,False,False
2009-10-20 00:00:00+00:00,20.09,32.02531746031746,10.829050951968576,-1.102157290907176,False,False
2009-10-21 00:00:00+00:00,21.53,31.909166666666664,10.799312971544563,-0.9610950894760661,False,False
2009-10-22 00:00:00+00:00,19.75,31.804325396825398,10.771173752439843,-1.119128302437318,False,False
2009-10-23 00:00:00+00:00,19.98,31.65325396825397,10.671349797517667,-1.0938872953981287,False,False
2009-10-26 00:00:00+00:00,20.87,31.517420634920637,10.600705235393546,-1.0044068199699692,False,False
2009-10-27 00:00:00+00:00,20.52,31.37047619047619,10.48960755722588,-1.0344024913498049,False,False
2009-10-28 00:00:00+00:00,21.19,31.216071428571432,10.360510880263437,-0.9677197914700223,False,False
2009-10-29 00:00:00+00:00,20.72,31.06126984126984,10.21615036408319,-1.0122472235360331,False,False
2009-10-30 00:00:00+00:00,21.2,30.906785714285714,10.0754947277876,-0.9634053688217405,False,False
2009-11-02 00:00:00+00:00,22.3,30.759761904761906,9.944374610666484,-0.8507082884516275,False,False
2009-11-03 00:00:00+00:00,25.25,30.627579365079367,9.833507928553637,-0.546862768012262,False,False
2009-11-04 00:00:00+00:00,25.13,30.51825396825397,9.738709395204646,-0.5532821393055587,False,False
2009-11-05 00:00:00+00:00,22.76,30.41734126984127,9.661657310557887,-0.7925494585151163,False,False
2009-11-06 00:00:00+00:00,21.45,30.318690476190476,9.61209896357121,-0.9226590893208477,False,False
2009-11-09 00:00:00+00:00,21.92,30.21845238095238,9.57211061257635,-0.8669407110746745,False,False
2009-11-10 00:00:00+00:00,22.04,30.12936507936508,9.544308226141302,-0.847559077902449,False,False
2009-11-11 00:00:00+00:00,22.45,30.039087301587305,9.512624970270693,-0.7977910750507963,False,False
2009-11-12 00:00:00+00:00,23.06,29.951587301587303,9.48043600227041,-0.7269272531281136,False,False
2009-11-13 00:00:00+00:00,21.9,29.861944444444443,9.43811340524619,-0.8435949116715196,False,False
2009-11-16 00:00:00+00:00,24.34,29.756944444444443,9.378497562125705,-0.5775919232863407,False,False
2009-11-17 00:00:00+00:00,23.03,29.65388888888889,9.294056102703214,-0.7127016251776556,False,False
2009-11-18 00:00:00+00:00,24.1,29.552738095238094,9.226373209039794,-0.5909947464400879,False,False
2009-11-19 00:00:00+00:00,23.96,29.464960317460317,9.172236320654036,-0.6001764591547047,False,False
2009-11-20 00:00:00+00:00,24.65,29.381666666666664,9.126245917234137,-0.5184680217449891,False,False
2009-11-23 00:00:00+00:00,25.64,29.29686507936508,9.070138787425375,-0.40317630910288504,False,False
2009-11-24 00:00:00+00:00,23.56,29.18793650793651,8.947253830283485,-0.629012724428116,False,False
2009-11-25 00:00:00+00:00,25.39,29.06579365079365,8.811591184811427,-0.41715435654001176,False,False
2009-11-27 00:00:00+00:00,27.14,28.959642857142857,8.692839904714262,-0.2093266270964033,False,False
2009-11-30 00:00:00+00:00,26.27,28.869960317460315,8.593612215753847,-0.3025456876788153,False,False
2009-12-01 00:00:00+00:00,26.69,28.780515873015876,8.502057738488473,-0.2458835187100875,False,False
2009-12-02 00:00:00+00:00,26.74,28.688571428571425,8.397833785785622,-0.23203262630294327,False,False
2009-12-03 00:00:00+00:00,26.81,28.603968253968258,8.308822084343069,-0.2159112610376827,False,False
2009-12-04 00:00:00+00:00,29.82,28.52297619047619,8.22569491557111,0.15767954231666986,False,False
2009-12-07 00:00:00+00:00,29.12,28.456825396825398,8.147285095267968,0.08139823210062729,False,False
2009-12-08 00:00:00+00:00,29.2,28.38888888888889,8.06941431369658,0.1005167264412703,False,False
2009-12-09 00:00:00+00:00,28.99,28.324365079365084,7.997052046094178,0.08323503671081095,False,False
2009-12-10 00:00:00+00:00,27.86,28.263214285714284,7.932292639561137,-0.050831998267854214,False,False
2009-12-11 00:00:00+00:00,27.82,28.193373015873014,7.857404920418218,-0.047518617107636704,False,False
2009-12-14 00:00:00+00:00,25.48,28.119285714285716,7.771751757755624,-0.33959984782734565,False,False
2009-12-15 00:00:00+00:00,26.05,28.037777777777777,7.690550821266597,-0.2584701439435255,False,False
2009-12-16 00:00:00+00:00,24.9,27.948531746031744,7.581401692332505,-0.4021066116460886,False,False
2009-12-17 00:00:00+00:00,27.16,27.86174603174603,7.4897109853723025,-0.09369467434945983,False,False
2009-12-18 00:00:00+00:00,26.59,27.783333333333335,7.392190452178228,-0.16143162720891482,False,False
2009-12-21 00:00:00+00:00,25.88,27.711825396825397,7.3155303773861835,-0.25040226782297953,False,False
2009-12-22 00:00:00+00:00,25.22,27.646547619047617,7.257734957880383,-0.3343395195787488,False,False
2009-12-23 00:00:00+00:00,23.36,27.58111111111111,7.204575319435692,-0.585893119851752,False,False
2009-12-24 00:00:00+00:00,23.1,27.51623015873016,7.16844271726019,-0.6160654877100087,False,False
2009-12-28 00:00:00+00:00,26.02,27.4506746031746,7.1327615683482835,-0.2005779373760701,False,False
2009-12-29 00:00:00+00:00,24.85,27.387539682539682,7.074261656630102,-0.3587002864336324,False,False
2009-12-30 00:00:00+00:00,24.53,27.310238095238095,6.994370526830189,-0.39749654162203535,False,False
2009-12-31 00:00:00+00:00,23.71,27.234523809523807,6.920098576911453,-0.5093169945993538,False,False
2010-01-04 00:00:00+00:00,24.59,27.1584126984127,6.852369632615388,-0.37482109636756383,False,False
2010-01-05 00:00:00+00:00,23.34,27.089880952380952,6.79083454741117,-0.5521973663473361,False,False
2010-01-06 00:00:00+00:00,23.9,27.022539682539684,6.743189326220621,-0.46306569954929405,False,False
2010-01-07 00:00:00+00:00,23.32,26.95916666666667,6.696851292292202,-0.5434145851282673,False,False
2010-01-08 00:00:00+00:00,22.04,26.8940873015873,6.651884521664463,-0.729731143975526,False,False
2010-01-11 00:00:00+00:00,20.97,26.8240873015873,6.609478672861382,-0.8857108996545026,False,False
2010-01-12 00:00:00+00:00,21.97,26.75722222222222,6.582973587763624,-0.7272127342453069,False,False
2010-01-13 00:00:00+00:00,20.63,26.697857142857142,6.5582783800466915,-0.9252210399177876,False,False
2010-01-14 00:00:00+00:00,21.34,26.639880952380953,6.547031350748489,-0.8095090230131621,False,False
2010-01-15 00:00:00+00:00,21.48,26.58555555555556,6.533919899408119,-0.7813924312139255,False,False
2010-01-19 00:00:00+00:00,21.31,26.5309126984127,6.518732153170459,-0.8009092221826372,False,False
2010-01-20 00:00:00+00:00,22.85,26.47876984126984,6.507679165579289,-0.5576135130421446,False,False
2010-01-21 00:00:00+00:00,24.82,26.419404761904765,6.472037620334194,-0.24712538086609223,False,False
2010-01-22 00:00:00+00:00,26.01,26.375238095238096,6.444658458929238,-0.05667299478563489,False,False
2010-01-25 00:00:00+00:00,24.73,26.338849206349206,6.420589132303668,-0.25057657065372135,False,False
2010-01-26 00:00:00+00:00,24.35,26.279999999999998,6.36666242534085,-0.30314156320242946,False,False
2010-01-27 00:00:00+00:00,24.08,26.2168253968254,6.305986234658546,-0.3388566541869568,False,False
2010-01-28 00:00:00+00:00,23.35,26.164444444444445,6.268434748174415,-0.448986797743106,False,False
2010-01-29 00:00:00+00:00,23.87,26.10722222222222,6.2277552681126,-0.3592341262472629,False,False
2010-02-01 00:00:00+00:00,23.84,26.048373015873015,6.178156235791604,-0.35744855448610346,False,False
2010-02-02 00:00:00+00:00,22.75,25.98464285714286,6.117234183453155,-0.5287753844527358,False,False
2010-02-03 00:00:00+00:00,22.09,25.915515873015874,6.054399287198587,-0.631857215150071,False,False
2010-02-04 00:00:00+00:00,27.19,25.847619047619045,6.000527457369705,0.22371049243883992,False,False
2010-02-05 00:00:00+00:00,27.59,25.80150793650794,5.944910316669509,0.3008442462920147,False,False
2010-02-08 00:00:00+00:00,26.88,25.75797619047619,5.891033658126888,0.19046297723591155,False,False
2010-02-09 00:00:00+00:00,25.45,25.714246031746033,5.841233413911907,-0.04523805385292184,False,False
2010-02-10 00:00:00+00:00,26.02,25.66746031746032,5.79558740465131,0.06082898210744675,False,False
2010-02-11 00:00:00+00:00,25.48,25.62373015873016,5.750837421663179,-0.02499290941328567,False,False
2010-02-12 00:00:00+00:00,24.29,25.56936507936508,5.686570570584163,-0.22498007603793035,False,False
2010-02-16 00:00:00+00:00,25.38,25.50900793650794,5.618433113008921,-0.022961550651770562,False,False
2010-02-17 00:00:00+00:00,24.88,25.460873015873013,5.5669318936834875,-0.10434347446069897,False,False
2010-02-18 00:00:00+00:00,24.0,25.389642857142857,5.4575674527597835,-0.25462678549948875,False,False
2010-02-19 00:00:00+00:00,24.05,25.313888888888886,5.34216781165139,-0.2365872682120384,False,False
2010-02-22 00:00:00+00:00,23.53,25.253730158730157,5.269929538923867,-0.3270878948188264,False,False
2010-02-23 00:00:00+00:00,23.89,25.18547619047619,5.179292912275191,-0.2501260717280239,False,False
2010-02-24 00:00:00+00:00,22.68,25.11269841269841,5.0664593375887,-0.4801574927582888,False,False
2010-02-25 00:00:00+00:00,21.85,25.040515873015874,4.9697226841661895,-0.641990725796639,False,False
2010-02-26 00:00:00+00:00,21.31,24.96392857142857,4.8681499266174075,-0.7505784798142965,False,False
2010-03-01 00:00:00+00:00,21.13,24.889960317460318,4.7803590105069915,-0.7865435021085473,False,False
2010-03-02 00:00:00+00:00,21.76,24.818809523809524,4.701394826873826,-0.6506174521495072,False,False
2010-03-03 00:00:00+00:00,21.37,24.740833333333335,4.586676497729129,-0.7349184829150778,False,False
2010-03-04 00:00:00+00:00,20.06,24.67376984126984,4.510999711926305,-1.0227821183565655,False,False
2010-03-05 00:00:00+00:00,19.29,24.606349206349208,4.451866988841205,-1.1941841972536162,False,False
2010-03-08 00:00:00+00:00,19.89,24.532896825396826,4.3855206277662875,-1.0586877179418557,False,False
2010-03-09 00:00:00+00:00,19.88,24.457460317460317,4.300069199203771,-1.0645085242600072,False,False
2010-03-10 00:00:00+00:00,20.93,24.38670634920635,4.227212717105299,-0.817727088873215,False,False
2010-03-11 00:00:00+00:00,20.19,24.327103174603174,4.169011550958067,-0.9923462969663489,False,False
2010-03-12 00:00:00+00:00,20.16,24.266031746031747,4.115897191163943,-0.997603087571435,False,False
2010-03-15 00:00:00+00:00,20.9,24.211706349206352,4.079077099680617,-0.8118763799452706,False,False
2010-03-16 00:00:00+00:00,20.32,24.161111111111108,4.040431759150768,-0.9506684780436548,False,False
2010-03-17 00:00:00+00:00,19.8,24.101785714285718,3.9860599206422513,-1.0792074880782512,False,False
2010-03-18 00:00:00+00:00,19.23,24.09075396825397,3.9941271412540367,-1.216975273032455,False,False
2010-03-19 00:00:00+00:00,19.71,24.065119047619046,4.0045391060528654,-1.0875456406546955,False,False
2010-03-22 00:00:00+00:00,19.06,23.97857142857143,3.85882663137038,-1.2746287663161242,False,False
2010-03-23 00:00:00+00:00,18.52,23.89984126984127,3.754151801885056,-1.4330377549303988,False,False
2010-03-24 00:00:00+00:00,20.81,23.855238095238093,3.7510197740714815,-0.8118427197552978,False,False
2010-03-25 00:00:00+00:00,20.27,23.793849206349208,3.6726384483624077,-0.9594870978711386,False,False
2010-03-26 00:00:00+00:00,19.73,23.730317460317462,3.5934053002417503,-1.1132385929436726,False,False
2010-03-29 00:00:00+00:00,19.07,23.668968253968252,3.528361318319554,-1.3034289402533734,False,False
2010-03-30 00:00:00+00:00,18.16,23.61269841269841,3.4877926929280245,-1.563366545194759,False,False
2010-03-31 00:00:00+00:00,18.14,23.551349206349204,3.4467933832147675,-1.5699662279443416,False,False
2010-04-01 00:00:00+00:00,17.49,23.498769841269844,3.427750658419894,-1.7529775179270877,False,False
2010-04-05 00:00:00+00:00,18.06,23.439880952380953,3.402810472135821,-1.5810110484949218,False,False
2010-04-06 00:00:00+00:00,17.93,23.375079365079365,3.34850784298807,-1.6261211322773554,False,False
2010-04-07 00:00:00+00:00,19.13,23.30170634920635,3.263013154386083,-1.278482847548076,False,False
2010-04-08 00:00:00+00:00,18.86,23.24686507936508,3.2160061739380414,-1.364072343801911,False,False
2010-04-09 00:00:00+00:00,19.4,23.194444444444443,3.1790656262281636,-1.1935722286256807,False,False
2010-04-12 00:00:00+00:00,18.27,23.150714285714287,3.154979793236622,-1.5469874945561135,False,False
2010-04-13 00:00:00+00:00,17.51,23.112103174603174,3.1549356673329876,-1.7756632037251296,False,False
2010-04-14 00:00:00+00:00,17.31,23.066150793650795,3.1518505070204372,-1.8262765892067332,False,False
2010-04-15 00:00:00+00:00,17.44,23.020238095238096,3.1510927629086654,-1.770889819850041,False,False
2010-04-16 00:00:00+00:00,18.85,22.980436507936506,3.1580008124462076,-1.3079276267624018,False,False
2010-04-19 00:00:00+00:00,18.94,22.946428571428573,3.156145327696276,-1.2694056057149092,False,False
2010-04-20 00:00:00+00:00,17.69,22.91281746031746,3.153520703452623,-1.6561861967797677,False,False
2010-04-21 00:00:00+00:00,17.8,22.87011904761905,3.15109283289911,-1.6090033891367048,False,False
2010-04-22 00:00:00+00:00,17.77,22.8256746031746,3.1432649717355563,-1.608415023434409,False,False
2010-04-23 00:00:00+00:00,17.9,22.782420634920634,3.1375130503452087,-1.5561435304256155,False,False
2010-04-26 00:00:00+00:00,17.73,22.73472222222222,3.119889083070043,-1.6041346627930304,False,False
2010-04-27 00:00:00+00:00,17.73,22.685714285714287,3.1009891568193995,-1.5981075828066513,False,False
2010-04-28 00:00:00+00:00,20.13,22.63607142857143,3.0796339169788944,-0.8137562762751602,False,False
2010-04-29 00:00:00+00:00,19.35,22.60273809523809,3.0609885721286814,-1.0626430052223494,False,False
2010-04-30 00:00:00+00:00,20.42,22.568492063492066,3.0488403039746115,-0.7046915709855938,False,False
2010-05-03 00:00:00+00:00,20.93,22.54357142857143,3.0405902038430583,-0.5306770463615934,False,False
2010-05-04 00:00:00+00:00,21.71,22.521706349206347,3.032259072826802,-0.26769030274502204,False,False
2010-05-05 00:00:00+00:00,21.79,22.495714285714286,3.01087270867484,-0.23438861552698745,False,False
2010-05-06 00:00:00+00:00,26.31,22.473095238095237,2.9945702428062684,1.2812872802439679,False,False
2010-05-07 00:00:00+00:00,26.24,22.47126984126984,2.9920797132698493,1.2595687681768202,False,False
2010-05-10 00:00:00+00:00,24.35,22.46924603174603,2.9893453271651307,0.6291524606284061,False,False
2010-05-11 00:00:00+00:00,25.96,22.46297619047619,2.9837094668713693,1.1720389831355422,False,False
2010-05-12 00:00:00+00:00,25.34,22.472341269841273,2.990987337584175,0.9587665899230918,False,False
2010-05-13 00:00:00+00:00,24.41,22.478452380952383,2.995280947406894,0.6448635880783793,False,False
2010-05-14 00:00:00+00:00,26.21,22.47448412698413,2.9920423230120425,1.248483634167108,False,False
2010-05-17 00:00:00+00:00,26.46,22.48690476190476,3.001049076675477,1.3239021210864645,False,False
2010-05-18 00:00:00+00:00,26.25,22.502222222222223,3.0114613436875084,1.2445046939200142,False,False
2010-05-19 00:00:00+00:00,27.05,22.517261904761906,3.0206993799253947,1.5005591504276221,False,False
2010-05-20 00:00:00+00:00,30.73,22.535674603174602,3.0341545717725484,2.7006947744386953,True,False
2010-05-21 00:00:00+00:00,27.78,22.559444444444445,3.074684657961742,1.6979157657801391,True,True
2010-05-24 00:00:00+00:00,25.72,22.558809523809522,3.0735854731543544,1.0285025433004196,True,True
2010-05-25 00:00:00+00:00,25.72,22.548412698412697,3.0583453622666483,1.0370271914734723,True,True
2010-05-26 00:00:00+00:00,24.74,22.545992063492065,3.0555805207295568,0.7180330944065868,False,True
2010-05-27 00:00:00+00:00,23.0,22.54170634920635,3.051725112200911,0.1501752726552514,False,False
2010-05-28 00:00:00+00:00,22.28,22.52702380952381,3.040519107923191,-0.08124395892796688,False,False
2010-06-01 00:00:00+00:00,23.15,22.502579365079363,3.017466433771071,0.2145576923987596,False,False
2010-06-02 00:00:00+00:00,21.55,22.477380952380955,2.9851400038096974,-0.31066581506978275,False,False
2010-06-03 00:00:00+00:00,21.7,22.44904761904762,2.9597144872992436,-0.2530810394928092,False,False
2010-06-04 00:00:00+00:00,23.15,22.425476190476193,2.9418077503583326,0.24628523377693656,False,False
2010-06-07 00:00:00+00:00,24.95,22.405595238095238,2.919745261711039,0.8714475181350859,False,False
2010-06-08 00:00:00+00:00,24.98,22.398174603174603,2.910843965400116,0.8869679816281418,False,False
2010-06-09 00:00:00+00:00,24.58,22.38980158730159,2.900309840625824,0.7551601494500361,False,False
2010-06-10 00:00:00+00:00,23.29,22.388015873015874,2.898815947272514,0.3111560524678357,False,False
2010-06-11 00:00:00+00:00,21.62,22.382103174603174,2.895435193787663,-0.2632085070452665,False,False
2010-06-14 00:00:00+00:00,21.79,22.3709126984127,2.8928983591980746,-0.200806466831324,False,False
2010-06-15 00:00:00+00:00,21.26,22.359007936507936,2.889073971756252,-0.38040145294024913,False,False
2010-06-16 00:00:00+00:00,20.85,22.342936507936507,2.8838527150339233,-0.5176881954316256,False,False
2010-06-17 00:00:00+00:00,22.78,22.33392857142857,2.884960874236201,0.15461957649236083,False,False
2010-06-18 00:00:00+00:00,22.04,22.333849206349207,2.884948276632364,-0.1018559704273872,False,False
2010-06-21 00:00:00+00:00,22.25,22.33230158730159,2.8850010979161875,-0.028527402419720228,False,False
2010-06-22 00:00:00+00:00,22.37,22.334722222222222,2.884673803122391,0.012229381963254888,False,False
2010-06-23 00:00:00+00:00,22.38,22.33579365079365,2.884636416613921,0.01532475599064893,False,False
2010-06-24 00:00:00+00:00,22.27,22.337579365079367,2.8845234945288443,-0.023428259540110373,False,False
2010-06-25 00:00:00+00:00,22.06,22.335714285714282,2.884414204738348,-0.09558761888682829,False,False
2010-06-28 00:00:00+00:00,22.8,22.33309523809524,2.884363522708722,0.1618744510630505,False,False
2010-06-29 00:00:00+00:00,24.07,22.33638888888889,2.8844211402460664,0.6010256570797485,False,False
2010-06-30 00:00:00+00:00,23.46,22.345714285714287,2.886218642705424,0.38607113743857874,False,False
2010-07-01 00:00:00+00:00,25.13,22.355873015873016,2.885615035864151,0.9613641978047913,False,False
2010-07-02 00:00:00+00:00,22.95,22.375079365079365,2.887916368223194,0.19907800698340755,False,False
2010-07-06 00:00:00+00:00,23.7,22.387063492063493,2.883992934621853,0.4552495577138635,False,False
2010-07-07 00:00:00+00:00,22.0,22.39936507936508,2.88295118990892,-0.13852647965840045,False,False
2010-07-08 00:00:00+00:00,20.26,22.404484126984126,2.8810842310423075,-0.7443323259619875,False,False
2010-07-09 00:00:00+00:00,19.68,22.391309523809525,2.8832774262221763,-0.9403567964536897,False,False
2010-07-12 00:00:00+00:00,18.51,22.385992063492065,2.8870497023779413,-1.3425442798229528,False,False
2010-07-13 00:00:00+00:00,18.99,22.376944444444444,2.8956311006419524,-1.1696740112003805,False,False
2010-07-14 00:00:00+00:00,18.24,22.375833333333333,2.8968814974656145,-1.4276846798709708,False,False
2010-07-15 00:00:00+00:00,17.18,22.373611111111114,2.8998487485552795,-1.7909937936240983,False,False
2010-07-16 00:00:00+00:00,20.13,22.364960317460316,2.9121005271952396,-0.7674736145228119,False,False
2010-07-19 00:00:00+00:00,20.31,22.372380952380954,2.9039697869674646,-0.7101936671781434,False,False
2010-07-20 00:00:00+00:00,20.41,22.381150793650793,2.894337077227352,-0.6810370530646931,False,False
2010-07-21 00:00:00+00:00,20.5,22.388531746031745,2.8868902448553215,-0.6541751108817753,False,False
2010-07-22 00:00:00+00:00,19.81,22.398253968253968,2.8763272230066153,-0.8998468420253228,False,False
2010-07-23 00:00:00+00:00,20.28,22.407579365079364,2.864036256567837,-0.7428604858616495,False,False
2010-07-26 00:00:00+00:00,20.98,22.414880952380955,2.856215767701675,-0.5023713434421542,False,False
2010-07-27 00:00:00+00:00,22.12,22.426547619047618,2.8442540780794627,-0.10777786042750732,False,False
2010-07-28 00:00:00+00:00,21.29,22.44003968253968,2.8346495104376928,-0.405707893799578,False,False
2010-07-29 00:00:00+00:00,19.74,22.448095238095238,2.8284540888489405,-0.9574471258953043,False,False
2010-07-30 00:00:00+00:00,18.86,22.449484126984128,2.82703202871502,-1.2697005518595657,False,False
2010-08-02 00:00:00+00:00,18.79,22.449523809523807,2.8269813718384733,-1.2944987349329107,False,False
2010-08-03 00:00:00+00:00,18.42,22.442698412698412,2.833751026606666,-1.419566636210618,False,False
2010-08-04 00:00:00+00:00,18.11,22.43202380952381,2.84383982874255,-1.519784541253458,False,False
2010-08-05 00:00:00+00:00,18.0,22.410317460317458,2.8558927509263334,-1.5442867939935536,False,False
2010-08-06 00:00:00+00:00,17.82,22.393968253968254,2.869322720692508,-1.5940933450888826,False,False
2010-08-09 00:00:00+00:00,17.61,22.380833333333335,2.8826768802652842,-1.6550010741732144,False,False
2010-08-10 00:00:00+00:00,18.11,22.367579365079365,2.896924886574904,-1.4696892504220889,False,False
2010-08-11 00:00:00+00:00,19.0,22.35876984126984,2.906505492492946,-1.155604161060429,False,False
2010-08-12 00:00:00+00:00,18.74,22.356349206349204,2.9090567749358587,-1.2431346261466285,False,False
2010-08-13 00:00:00+00:00,18.37,22.35202380952381,2.913634843186583,-1.3666859520284813,False,False
2010-08-16 00:00:00+00:00,18.5,22.345674603174604,2.920581305258833,-1.316749715630254,False,False
2010-08-17 00:00:00+00:00,17.37,22.341468253968255,2.9253687456102027,-1.6994330241028317,False,False
2010-08-18 00:00:00+00:00,17.79,22.33170634920635,2.9378606780487266,-1.5459229850963758,False,False
2010-08-19 00:00:00+00:00,18.14,22.32718253968254,2.9439909083654796,-1.422281070157002,False,False
2010-08-20 00:00:00+00:00,18.87,22.322261904761906,2.9499667164806835,-1.1702714764458293,False,False
2010-08-23 00:00:00+00:00,18.42,22.325238095238095,2.9460859886038984,-1.3255682659448518,False,False
2010-08-24 00:00:00+00:00,19.11,22.3225,2.9494049133053166,-1.0892027695172726,False,False
2010-08-25 00:00:00+00:00,19.6,22.32035714285714,2.9515497096735364,-0.9216707866858294,False,False
2010-08-26 00:00:00+00:00,18.81,22.320515873015875,2.9514017420159853,-1.1894401982083207,False,False
2010-08-27 00:00:00+00:00,18.39,22.31738095238095,2.954720628038347,-1.3291885923537743,False,False
2010-08-30 00:00:00+00:00,18.52,22.312896825396827,2.959835912134801,-1.2814551002123544,False,False
2010-08-31 00:00:00+00:00,19.39,22.30972222222222,2.9634855383615375,-0.9852324853376832,False,False
2010-09-01 00:00:00+00:00,17.98,22.30559523809524,2.9668359544361507,-1.4579826133047258,False,False
2010-09-02 00:00:00+00:00,17.83,22.292023809523805,2.9787930841994945,-1.4979300956457362,False,False
2010-09-03 00:00:00+00:00,17.51,22.261269841269844,2.9847125720998724,-1.5918684719202698,False,False
2010-09-07 00:00:00+00:00,17.77,22.21623015873016,2.970342058890857,-1.496874794410179,False,False
2010-09-08 00:00:00+00:00,17.88,22.178690476190475,2.9665007944671684,-1.4490778105328606,False,False
2010-09-09 00:00:00+00:00,17.41,22.14261904761905,2.9632719018438602,-1.5970924047416082,False,False
2010-09-10 00:00:00+00:00,17.3,22.113650793650795,2.9737368614915916,-1.6187211639285135,False,False
2010-09-13 00:00:00+00:00,16.69,22.086190476190477,2.9861335197605103,-1.8070827846382616,False,False
2010-09-14 00:00:00+00:00,18.24,22.050555555555555,2.9967582233959082,-1.2715592221642285,False,False
2010-09-15 00:00:00+00:00,17.56,22.024603174603175,3.0013418382367107,-1.4875357141011742,False,False
2010-09-16 00:00:00+00:00,18.26,21.997341269841268,3.01059266620313,-1.2413971879346568,False,False
2010-09-17 00:00:00+00:00,18.08,21.970238095238095,3.0133823603814025,-1.2909872130351592,False,False
2010-09-20 00:00:00+00:00,17.92,21.948611111111113,3.0216892019239077,-1.3332314615765568,False,False
2010-09-21 00:00:00+00:00,17.94,21.92996031746032,3.032015949092382,-1.3159430505814764,False,False
2010-09-22 00:00:00+00:00,17.36,21.909007936507937,3.04129497213055,-1.4957470347972113,False,False
2010-09-23 00:00:00+00:00,17.56,21.880555555555553,3.0502028684554796,-1.4164813757923382,False,False
2010-09-24 00:00:00+00:00,17.81,21.855079365079362,3.0593948431716327,-1.322182840867276,False,False
2010-09-27 00:00:00+00:00,18.22,21.83845238095238,3.0699715770311715,-1.1786598964058226,False,False
2010-09-28 00:00:00+00:00,18.2,21.82428571428571,3.0784214738452964,-1.1773195272571202,False,False
2010-09-29 00:00:00+00:00,18.65,21.81555555555556,3.0855878983066214,-1.0259165059899364,False,False
2010-09-30 00:00:00+00:00,18.65,21.8084126984127,3.090840577966443,-1.021862052972889,False,False
2010-10-01 00:00:00+00:00,18.41,21.796944444444446,3.097195458806045,-1.0935520503927438,False,False
2010-10-04 00:00:00+00:00,18.88,21.78484126984127,3.104468244687675,-0.9356968861936329,False,False
2010-10-05 00:00:00+00:00,19.58,21.774920634920633,3.109757102524902,-0.7058173878398784,False,False
2010-10-06 00:00:00+00:00,19.84,21.76222222222222,3.1121691206744533,-0.6176470968279663,False,False
2010-10-07 00:00:00+00:00,21.43,21.74031746031746,3.1061658092052484,-0.09990370101873561,False,False
2010-10-08 00:00:00+00:00,20.65,21.730079365079366,3.102905204934186,-0.3480864846795332,False,False
2010-10-11 00:00:00+00:00,20.13,21.713293650793652,3.0972335466524683,-0.5111960809364532,False,False
2010-10-12 00:00:00+00:00,20.01,21.701150793650793,3.0974194157284773,-0.5459870190853867,False,False
2010-10-13 00:00:00+00:00,20.85,21.691388888888888,3.098862799954829,-0.27151537296234957,False,False
2010-10-14 00:00:00+00:00,22.61,21.685476190476194,3.0990417763724754,0.2983257007286907,False,False
2010-10-15 00:00:00+00:00,21.05,21.693571428571428,3.0987807560652953,-0.20768537022561334,False,False
2010-10-18 00:00:00+00:00,20.89,21.696349206349208,3.09788518100666,-0.26029021711101097,False,False
2010-10-19 00:00:00+00:00,21.16,21.69686507936508,3.097739455588873,-0.1733086617070001,False,False
2010-10-20 00:00:00+00:00,20.51,21.69789682539683,3.0975162812838724,-0.38349978418982256,False,False
2010-10-21 00:00:00+00:00,21.11,21.699563492063493,3.096760582208854,-0.19038071443126248,False,False
2010-10-22 00:00:00+00:00,20.45,21.697896825396825,3.0969652188879904,-0.4029418276272733,False,False
2010-10-25 00:00:00+00:00,20.06,21.7006746031746,3.0955247129165095,-0.5300150234073915,False,False
2010-10-26 00:00:00+00:00,20.16,21.700992063492063,3.0953516441163313,-0.49784071106143696,False,False
2010-10-27 00:00:00+00:00,20.42,21.698174603174603,3.0964339856615233,-0.4127892308033598,False,False
2010-10-28 00:00:00+00:00,20.81,21.697777777777777,3.096591980652884,-0.2866951097608279,False,False
2010-10-29 00:00:00+00:00,21.24,21.696269841269842,3.096932741436815,-0.14732959329887108,False,False
2010-11-01 00:00:00+00:00,22.45,21.69833333333333,3.096452860730355,0.24275088317972143,False,False
2010-11-02 00:00:00+00:00,21.87,21.70329365079365,3.0966525856374214,0.05383437263177372,False,False
2010-11-03 00:00:00+00:00,20.68,21.701587301587303,3.0964409366916534,-0.32992307054266073,False,False
2010-11-04 00:00:00+00:00,21.48,21.683452380952378,3.0889496509219225,-0.06586458309272071,False,False
2010-11-05 00:00:00+00:00,21.06,21.668968253968252,3.0812722651360502,-0.19763532773737708,False,False
2010-11-08 00:00:00+00:00,22.38,21.662222222222223,3.0807349950593275,0.23298913373883157,False,False
2010-11-09 00:00:00+00:00,24.65,21.665912698412697,3.081036775158332,0.9685334903001772,False,False
2010-11-10 00:00:00+00:00,24.02,21.67674603174603,3.0867280035520754,0.7591384681635218,False,False
2010-11-11 00:00:00+00:00,23.22,21.684603174603172,3.0901744173350054,0.4968641306405504,False,False
2010-11-12 00:00:00+00:00,23.67,21.68765873015873,3.09131473123219,0.6412615479793333,False,False
2010-11-15 00:00:00+00:00,23.32,21.690079365079367,3.092632163522761,0.5270334617046797,False,False
2010-11-16 00:00:00+00:00,23.56,21.695714285714285,3.094309371051846,0.6024884685825673,False,False
2010-11-17 00:00:00+00:00,22.09,21.692619047619047,3.0920430406212285,0.1285172771402025,False,False
2010-11-18 00:00:00+00:00,21.31,21.688888888888886,3.0909900481310317,-0.12257848876543068,False,False
2010-11-19 00:00:00+00:00,20.13,21.67781746031746,3.0873139085188384,-0.5013476135505889,False,False
2010-11-22 00:00:00+00:00,20.23,21.66261904761905,3.085461004013055,-0.4643128030967613,False,False
2010-11-23 00:00:00+00:00,21.33,21.64507936507936,3.0809709614648013,-0.1022662560018298,False,False
2010-11-24 00:00:00+00:00,20.59,21.627976190476186,3.0706515055853645,-0.33803125772760556,False,False
2010-11-26 00:00:00+00:00,15.92,21.616190476190475,3.068905707651971,-1.8560982378792759,False,False
2010-11-29 00:00:00+00:00,21.51,21.57861111111111,3.080469782231066,-0.022272937558703902,False,False
2010-11-30 00:00:00+00:00,22.61,21.55626984126984,3.060324888131914,0.34431970370746373,False,False
2010-12-01 00:00:00+00:00,22.64,21.54174603174603,3.0465189015194016,0.36049471667687166,False,False
2010-12-02 00:00:00+00:00,21.69,21.525674603174604,3.029889078819579,0.05423478964101786,False,False
2010-12-03 00:00:00+00:00,20.95,21.505634920634918,3.0119111471981452,-0.18447918729335785,False,False
2010-12-06 00:00:00+00:00,20.74,21.482380952380954,2.993359164777421,-0.24800931378916466,False,False
2010-12-07 00:00:00+00:00,20.97,21.446349206349208,2.9468857498364494,-0.16164495226041453,False,False
2010-12-08 00:00:00+00:00,21.13,21.414007936507936,2.906783145492103,-0.09770523712729723,False,False
2010-12-09 00:00:00+00:00,20.04,21.381984126984126,2.8648140243599554,-0.46843673466166685,False,False
2010-12-10 00:00:00+00:00,19.63,21.346468253968254,2.8253252513437697,-0.607529435116143,False,False
2010-12-13 00:00:00+00:00,17.35,21.313809523809525,2.7971595886490315,-1.4170837945374288,False,False
2010-12-14 00:00:00+00:00,16.77,21.272261904761905,2.777826123243387,-1.6207860769575702,False,False
2010-12-15 00:00:00+00:00,16.87,21.237698412698414,2.779449388763682,-1.571425776038755,False,False
2010-12-16 00:00:00+00:00,17.31,21.20126984126984,2.776282729016908,-1.4016115147781638,False,False
2010-12-17 00:00:00+00:00,16.41,21.171150793650796,2.777167124271597,-1.714391169346556,False,False
2010-12-20 00:00:00+00:00,16.3,21.12849206349206,2.767354243658927,-1.744804473282014,False,False
2010-12-21 00:00:00+00:00,16.66,21.08765873015873,2.7623584809171584,-1.602854503043594,False,False
2010-12-22 00:00:00+00:00,16.32,21.05107142857143,2.7596892043920365,-1.7143493626173354,False,False
2010-12-23 00:00:00+00:00,16.23,21.015753968253968,2.7630716183104336,-1.7320412314105582,False,False
2010-12-27 00:00:00+00:00,17.31,20.987460317460318,2.7754486910527096,-1.324996685874774,False,False
2010-12-28 00:00:00+00:00,18.7,20.96448412698413,2.781849132029397,-0.8140211850137815,False,False
2010-12-29 00:00:00+00:00,19.54,20.935436507936508,2.767027582329311,-0.5043088536044938,False,False
2010-12-30 00:00:00+00:00,19.67,20.91436507936508,2.7572999079753515,-0.4512984154410678,False,False
2010-12-31 00:00:00+00:00,19.53,20.895079365079365,2.748893510401025,-0.49659230519999953,False,False
2011-01-03 00:00:00+00:00,18.95,20.878492063492065,2.744447946275792,-0.7026885192371833,False,False
2011-01-04 00:00:00+00:00,18.84,20.85611111111111,2.737047140143236,-0.7366007992853217,False,False
2011-01-05 00:00:00+00:00,18.83,20.838253968253966,2.7354561676626243,-0.7341568810331068,False,False
2011-01-06 00:00:00+00:00,19.24,20.81813492063492,2.731489402546909,-0.5777561938052664,False,False
2011-01-07 00:00:00+00:00,18.5,20.80194444444444,2.7286912549845126,-0.8436075133965665,False,False
2011-01-10 00:00:00+00:00,18.32,20.78789682539682,2.7314030261579494,-0.9035271623273472,False,False
2011-01-11 00:00:00+00:00,17.52,20.777380952380955,2.7357968397381383,-1.190651624808786,False,False
2011-01-12 00:00:00+00:00,16.92,20.759722222222223,2.7424218515347536,-1.400120925988604,False,False
2011-01-13 00:00:00+00:00,18.46,20.744999999999997,2.753058639497195,-0.829985953520161,False,False
2011-01-14 00:00:00+00:00,18.72,20.733571428571427,2.7565543664070002,-0.730466793294556,False,False
2011-01-18 00:00:00+00:00,17.66,20.722619047619048,2.759058728163042,-1.1100231453420761,False,False
2011-01-19 00:00:00+00:00,17.95,20.70813492063492,2.765535922366474,-0.9973238453813966,False,False
2011-01-20 00:00:00+00:00,18.53,20.688690476190473,2.767641615344158,-0.7799747135692774,False,False
2011-01-21 00:00:00+00:00,19.06,20.66373015873016,2.758583196063687,-0.5813600840527766,False,False
2011-01-24 00:00:00+00:00,18.99,20.636150793650792,2.739596595678158,-0.6008734264919418,False,False
2011-01-25 00:00:00+00:00,18.73,20.613373015873016,2.729266084190579,-0.6900657384718021,False,False
2011-01-26 00:00:00+00:00,18.86,20.59107142857143,2.7215618397287007,-0.636058091093749,False,False
2011-01-27 00:00:00+00:00,18.87,20.57035714285714,2.7147578585403784,-0.6263384181789815,False,False
2011-01-28 00:00:00+00:00,18.65,20.552579365079364,2.7111490510378107,-0.7017612566712516,False,False
2011-01-31 00:00:00+00:00,18.33,20.531865079365083,2.705637484376564,-0.8138063920534576,False,False
2011-02-01 00:00:00+00:00,17.7,20.51,2.701057045555835,-1.0403334519066954,False,False
2011-02-02 00:00:00+00:00,17.22,20.48996031746032,2.7031045303511454,-1.2097054630127597,False,False
2011-02-03 00:00:00+00:00,17.74,20.47063492063492,2.7090218890348456,-1.007978167945988,False,False
2011-02-04 00:00:00+00:00,17.0,20.43313492063492,2.6808980651840115,-1.2805913679523941,False,False
2011-02-07 00:00:00+00:00,16.14,20.391111111111112,2.651100266880819,-1.6035270956057814,False,False
2011-02-08 00:00:00+00:00,15.61,20.348492063492067,2.6326331076734286,-1.7999059761425233,False,False
2011-02-09 00:00:00+00:00,15.84,20.30944444444444,2.6296377905050163,-1.6996426125995452,False,False
2011-02-10 00:00:00+00:00,15.49,20.26904761904762,2.619736591050436,-1.8242473824940404,False,False
2011-02-11 00:00:00+00:00,15.87,20.22940476190476,2.616152104812584,-1.666342241296043,False,False
2011-02-14 00:00:00+00:00,15.56,20.19599206349206,2.6178530877002277,-1.7709137633711745,False,False
2011-02-15 00:00:00+00:00,15.23,20.15702380952381,2.613463202683689,-1.8852470562678647,False,False
2011-02-16 00:00:00+00:00,15.13,20.11873015873016,2.6146821077342075,-1.9079681403615134,False,False
2011-02-17 00:00:00+00:00,15.3,20.083531746031746,2.621918154281968,-1.8244397668247394,False,False
2011-02-18 00:00:00+00:00,16.17,20.048809523809524,2.6271139413405122,-1.4764527197592043,False,False
2011-02-22 00:00:00+00:00,16.83,20.019603174603176,2.629169168994898,-1.2131601162136432,False,False
2011-02-23 00:00:00+00:00,18.02,19.991587301587302,2.6253749230104693,-0.7509736168754592,False,False
2011-02-24 00:00:00+00:00,16.62,19.973095238095237,2.622773679857716,-1.2784538993380241,False,False
2011-02-25 00:00:00+00:00,15.69,19.952341269841273,2.6285486873551056,-1.6215569033762585,False,False
2011-02-28 00:00:00+00:00,15.98,19.930039682539682,2.6407964659388083,-1.4957758893907922,False,False
2011-03-01 00:00:00+00:00,17.46,19.909603174603173,2.651379375137869,-0.9238976502469759,False,False
2011-03-02 00:00:00+00:00,17.91,19.89253968253968,2.653259421200311,-0.7472091370706592,False,False
2011-03-03 00:00:00+00:00,17.56,19.878809523809522,2.65453550296147,-0.8735274104349324,False,False
2011-03-04 00:00:00+00:00,17.5,19.86888888888889,2.65852420559769,-0.891054098323064,False,False
2011-03-07 00:00:00+00:00,17.79,19.861785714285716,2.662465454523014,-0.7781455758481876,False,False
2011-03-08 00:00:00+00:00,17.35,19.85345238095238,2.6656613034995003,-0.9391487124286296,False,False
2011-03-09 00:00:00+00:00,16.65,19.8434126984127,2.6703212163937953,-1.195890845942994,False,False
2011-03-10 00:00:00+00:00,17.18,19.826428571428572,2.676985420038931,-0.9885853511260759,False,False
2011-03-11 00:00:00+00:00,17.65,19.814484126984127,2.6820670753282934,-0.8070208783720252,False,False
2011-03-14 00:00:00+00:00,17.95,19.804523809523808,2.6854373714397335,-0.6905853881558033,False,False
2011-03-15 00:00:00+00:00,19.04,19.792817460317462,2.6870722671594125,-0.28016271445996105,False,False
2011-03-16 00:00:00+00:00,18.74,19.787738095238094,2.6872815472889737,-0.38988772735595617,False,False
2011-03-17 00:00:00+00:00,18.16,19.783531746031745,2.6880917539907214,-0.6039718486623313,False,False
2011-03-18 00:00:00+00:00,18.1,19.779285714285713,2.689814098812385,-0.6243129274350799,False,False
2011-03-21 00:00:00+00:00,17.01,19.772896825396824,2.6918905701945817,-1.0263778386790472,False,False
2011-03-22 00:00:00+00:00,16.63,19.7647619047619,2.697145965169055,-1.1622514855496215,False,False
2011-03-23 00:00:00+00:00,16.83,19.757261904761904,2.7032419747704384,-1.0828708388232584,False,False
2011-03-24 00:00:00+00:00,17.61,19.74146825396825,2.7086879233165133,-0.7869006376188529,False,False
2011-03-25 00:00:00+00:00,16.95,19.730912698412702,2.7118011906346737,-1.0254854625835805,False,False
2011-03-28 00:00:00+00:00,17.09,19.71988095238095,2.7174536185624985,-0.9677739978399806,False,False
2011-03-29 00:00:00+00:00,16.4,19.71202380952381,2.722198452312719,-1.216672431324759,False,False
2011-03-30 00:00:00+00:00,15.91,19.705039682539685,2.728446794564612,-1.3909157730690778,False,False
2011-03-31 00:00:00+00:00,17.16,19.696190476190473,2.737145358321064,-0.9265823126566233,False,False
2011-04-01 00:00:00+00:00,16.24,19.694880952380952,2.738283767935605,-1.2616957354224805,False,False
2011-04-04 00:00:00+00:00,15.82,19.68765873015873,2.7450048212577967,-1.408980669253076,False,False
2011-04-05 00:00:00+00:00,16.41,19.679285714285715,2.7535921279821802,-1.1872803096228461,False,False
2011-04-06 00:00:00+00:00,16.05,19.668492063492064,2.7610746413735097,-1.310537574490209,False,False
2011-04-07 00:00:00+00:00,15.74,19.65734126984127,2.770012526508753,-1.414196229205714,False,False
2011-04-08 00:00:00+00:00,15.59,19.64281746031746,2.780940753148635,-1.4573548378291703,False,False
2011-04-11 00:00:00+00:00,15.26,19.632182539682542,2.7913167148146014,-1.5663512909436872,False,False
2011-04-12 00:00:00+00:00,15.65,19.62325396825397,2.8017111531067314,-1.4181526042926125,False,False
2011-04-13 00:00:00+00:00,14.72,19.616666666666664,2.8091133704938196,-1.7431360080016522,False,False
2011-04-14 00:00:00+00:00,15.06,19.605873015873016,2.8227029994058723,-1.6104680573300978,False,False
2011-04-15 00:00:00+00:00,15.78,19.590833333333332,2.836807956572037,-1.343352596182893,False,False
2011-04-18 00:00:00+00:00,16.73,19.578293650793654,2.8466633618845902,-1.000572701686786,False,False
2011-04-19 00:00:00+00:00,16.31,19.574484126984125,2.8498410055158256,-1.1454969314659185,False,False
2011-04-20 00:00:00+00:00,16.38,19.56857142857143,2.8550781526652007,-1.1168070567857897,False,False
2011-04-21 00:00:00+00:00,15.7,19.563055555555557,2.859905374985979,-1.3507634166303482,False,False
2011-04-25 00:00:00+00:00,18.32,19.554325396825398,2.8683476546955307,-0.43032628726325667,False,False
2011-04-26 00:00:00+00:00,17.3,19.556666666666665,2.8670931459528863,-0.7870922051667961,False,False
2011-04-27 00:00:00+00:00,17.76,19.55496031746032,2.8683123149803484,-0.6257897050072864,False,False
2011-04-28 00:00:00+00:00,17.82,19.54555555555556,2.870304079163346,-0.6011751744639315,False,False
2011-04-29 00:00:00+00:00,20.25,19.539484126984128,2.8723368284936655,0.24736509519619487,False,False
2011-05-02 00:00:00+00:00,21.11,19.538809523809523,2.872149161898819,0.5470434812486341,False,False
2011-05-03 00:00:00+00:00,19.61,19.53952380952381,2.8725188794120324,0.02453463090575557,False,False
2011-05-04 00:00:00+00:00,19.8,19.531190476190478,2.8692413609661624,0.09368661955960597,False,False
2011-05-05 00:00:00+00:00,22.06,19.52329365079365,2.8657361515531035,0.8851848931841001,False,False
2011-05-06 00:00:00+00:00,21.4,19.50642857142857,2.8380083820438657,0.6672184058905851,False,False
2011-05-09 00:00:00+00:00,19.95,19.487222222222222,2.8084809348785376,0.16477867876208022,False,False
2011-05-10 00:00:00+00:00,19.14,19.469761904761906,2.7917562092578447,-0.11811987868724723,False,False
2011-05-11 00:00:00+00:00,19.47,19.442698412698412,2.7614813314130515,0.0098865731920832,False,False
2011-05-12 00:00:00+00:00,19.23,19.41940476190476,2.7361796226031765,-0.0692223421079948,False,False
2011-05-13 00:00:00+00:00,19.77,19.398849206349205,2.7179349483653024,0.13655617249928037,False,False
2011-05-16 00:00:00+00:00,19.33,19.37329365079365,2.683698142897394,-0.016132086579196764,False,False
2011-05-17 00:00:00+00:00,19.0,19.345,2.6460072152712004,-0.13038513198636095,False,False
2011-05-18 00:00:00+00:00,18.15,19.316230158730157,2.6097971396571897,-0.44686621079037153,False,False
2011-05-19 00:00:00+00:00,17.44,19.2809126984127,2.564549842902428,-0.7178307348978041,False,False
2011-05-20 00:00:00+00:00,17.55,19.228174603174605,2.4628008221761117,-0.6814089828392138,False,False
2011-05-23 00:00:00+00:00,18.3,19.187579365079365,2.404908346907017,-0.3690699340874639,False,False
2011-05-24 00:00:00+00:00,17.84,19.15813492063492,2.369776851172642,-0.5562274439395701,False,False
2011-05-25 00:00:00+00:00,17.53,19.12686507936508,2.334574210999617,-0.6840069901574611,False,False
2011-05-26 00:00:00+00:00,16.66,19.098253968253967,2.3095556149248178,-1.0557242928022492,False,False
2011-05-27 00:00:00+00:00,16.62,19.073095238095238,2.301400738987421,-1.0659139873112924,False,False
2011-05-31 00:00:00+00:00,16.74,19.05063492063492,2.29759453148867,-1.0056756703445853,False,False
2011-06-01 00:00:00+00:00,17.74,19.025198412698412,2.2874900475079722,-0.5618378161245025,False,False
2011-06-02 00:00:00+00:00,17.38,19.010079365079363,2.2833232215162815,-0.7139065331262566,False,False
2011-06-03 00:00:00+00:00,16.79,18.992936507936506,2.2792605802684793,-0.9665136698310368,False,False
2011-06-06 00:00:00+00:00,18.12,18.96769841269841,2.268231549658535,-0.3737265769123195,False,False
2011-06-07 00:00:00+00:00,16.84,18.940595238095238,2.237055736762048,-0.9389999558686342,False,False
2011-06-08 00:00:00+00:00,16.56,18.90829365079365,2.208083813754694,-1.0634984216475636,False,False
2011-06-09 00:00:00+00:00,16.06,18.876468253968252,2.183672805002451,-1.2897849199367997,False,False
2011-06-10 00:00:00+00:00,16.51,18.847777777777775,2.1729237060910878,-1.0758673998652466,False,False
2011-06-13 00:00:00+00:00,16.95,18.8275,2.170792468256563,-0.8648915211631839,False,False
2011-06-14 00:00:00+00:00,15.33,18.80829365079365,2.1658826548043217,-1.6059474150541642,False,False
2011-06-15 00:00:00+00:00,17.32,18.7847619047619,2.171346439749281,-0.6745869189492543,False,False
2011-06-16 00:00:00+00:00,17.61,18.77075396825397,2.169355529490541,-0.5350685733502458,False,False
2011-06-17 00:00:00+00:00,17.03,18.750238095238092,2.155692164485789,-0.7979980275376798,False,False
2011-06-20 00:00:00+00:00,16.64,18.73035714285714,2.148321190065911,-0.9730189100788079,False,False
2011-06-21 00:00:00+00:00,15.99,18.708095238095236,2.1407571041437103,-1.2696887623701043,False,False
2011-06-22 00:00:00+00:00,16.1,18.682777777777776,2.1349958764953167,-1.2097343166851968,False,False
2011-06-23 00:00:00+00:00,16.97,18.657857142857143,2.1283093217745295,-0.7930506743492776,False,False
2011-06-24 00:00:00+00:00,17.79,18.636825396825397,2.1186373320347855,-0.3997028580687232,False,False
2011-06-27 00:00:00+00:00,17.52,18.619880952380953,2.1081999803354377,-0.5217156639029805,False,False
2011-06-28 00:00:00+00:00,16.84,18.59892857142857,2.0926707717702415,-0.8405185350491844,False,False
2011-06-29 00:00:00+00:00,15.79,18.570238095238093,2.0667648812962036,-1.3452125688793513,False,False
2011-06-30 00:00:00+00:00,15.34,18.539801587301586,2.050883873277857,-1.5602061281936228,False,False
2011-07-01 00:00:00+00:00,15.06,18.50095238095238,2.0180114975139034,-1.7051203054053328,False,False
2011-07-05 00:00:00+00:00,15.15,18.469642857142855,2.0098998685265332,-1.6516458899897832,False,False
2011-07-06 00:00:00+00:00,15.81,18.435714285714287,1.9933528696802423,-1.3172350594079625,False,False
2011-07-07 00:00:00+00:00,15.29,18.411150793650794,1.9873860851064369,-1.570480349561086,False,False
2011-07-08 00:00:00+00:00,15.18,18.39142857142857,1.9936161919422883,-1.6108559834176623,False,False
2011-07-11 00:00:00+00:00,16.3,18.373571428571427,2.002163556562914,-1.0356653539988998,False,False
2011-07-12 00:00:00+00:00,17.63,18.36480158730159,2.0063992147829315,-0.36622900462064145,False,False
2011-07-13 00:00:00+00:00,18.22,18.35940476190476,2.0065399156570676,-0.06947519997832217,False,False
2011-07-14 00:00:00+00:00,17.9,18.359325396825398,2.0065450528393263,-0.22891357269822507,False,False
2011-07-15 00:00:00+00:00,16.91,18.362182539682543,2.005371372351997,-0.7241464397586131,False,False
2011-07-18 00:00:00+00:00,18.96,18.34940476190476,2.004320642488609,0.30463949986420885,False,False
2011-07-19 00:00:00+00:00,18.14,18.34404761904762,2.000860642939647,-0.10197992537243009,False,False
2011-07-20 00:00:00+00:00,17.91,18.335039682539684,1.9966279337896617,-0.21287876190980903,False,False
2011-07-21 00:00:00+00:00,17.4,18.324761904761907,1.9921002207968304,-0.46421454859937117,False,False
2011-07-22 00:00:00+00:00,16.98,18.31519841269841,1.9907259983022847,-0.6707092858771544,False,False
2011-07-25 00:00:00+00:00,18.69,18.302103174603175,1.9886025697831338,0.19506000409077615,False,False
2011-07-26 00:00:00+00:00,18.58,18.293015873015875,1.9815363952759624,0.14482909709269093,False,False
2011-07-27 00:00:00+00:00,19.24,18.278968253968255,1.9667909549169662,0.48862932973591794,False,False
2011-07-28 00:00:00+00:00,18.99,18.27083333333333,1.95850939843174,0.36720102913089747,False,False
2011-07-29 00:00:00+00:00,19.53,18.267857142857142,1.9568370719414818,0.6449912847831628,False,False
2011-08-01 00:00:00+00:00,19.58,18.270515873015874,1.9580995674587496,0.668752574560645,False,False
2011-08-02 00:00:00+00:00,20.09,18.273650793650795,1.9595664221527398,0.9269138243110947,False,False
2011-08-03 00:00:00+00:00,19.95,18.28027777777778,1.9628843730527687,0.8506472643752265,False,False
2011-08-04 00:00:00+00:00,22.28,18.287579365079367,1.965668710574674,2.031075029806741,True,False
2011-08-05 00:00:00+00:00,21.74,18.30456349206349,1.98159987275789,1.7336681108862013,True,True
2011-08-08 00:00:00+00:00,28.21,18.32011904761905,1.9931333281693129,4.9619766086921935,True,True
2011-08-09 00:00:00+00:00,31.13,18.362182539682543,2.0876961697584804,6.115745023278233,True,True
2011-08-10 00:00:00+00:00,32.2,18.413849206349205,2.237188551423707,6.162265931889173,True,True
2011-08-11 00:00:00+00:00,29.76,18.466230158730163,2.399602489200842,4.706516971913581,True,True
2011-08-12 00:00:00+00:00,25.91,18.509960317460315,2.5028059946837695,2.9566972822736437,True,True
2011-08-15 00:00:00+00:00,24.81,18.539880952380955,2.545826125850398,2.4629015249517865,True,True
2011-08-16 00:00:00+00:00,26.68,18.564920634920632,2.5762814073953253,3.1499196251561212,True,True
2011-08-17 00:00:00+00:00,25.12,18.60186507936508,2.625363889339041,2.4827548467103813,True,True
2011-08-18 00:00:00+00:00,26.81,18.63095238095238,2.6567512823389863,3.0785898828462557,True,True
2011-08-19 00:00:00+00:00,28.91,18.665357142857143,2.706048756386552,3.785830847638813,True,True
2011-08-22 00:00:00+00:00,33.09,18.70519841269841,2.781919777728858,5.170818260994303,True,True
2011-08-23 00:00:00+00:00,33.42,18.763412698412697,2.9257039641042883,5.009593411161972,True,True
2011-08-24 00:00:00+00:00,33.29,18.82019841269841,3.0678765448336542,4.716552760791151,True,True
2011-08-25 00:00:00+00:00,34.42,18.874523809523808,3.200100747204673,4.85780836870694,True,True
2011-08-26 00:00:00+00:00,33.03,18.936468253968254,3.3465761517150012,4.21132856600598,True,True
2011-08-29 00:00:00+00:00,32.55,18.99456349206349,3.4621292368319767,3.915346765142833,True,True
2011-08-30 00:00:00+00:00,32.12,19.050238095238093,3.5657258363337343,3.6653860965935015,True,True
2011-08-31 00:00:00+00:00,30.42,19.10075396825397,3.6594987773979883,3.0931137623700344,True,True
2011-09-01 00:00:00+00:00,28.06,19.15011904761905,3.7275916925555297,2.390251317003175,True,True
2011-09-02 00:00:00+00:00,30.16,19.190714285714282,3.76863649105453,2.9106775727303753,True,True
2011-09-06 00:00:00+00:00,34.17,19.2409126984127,3.829911262575283,3.898024334785445,True,True
2011-09-07 00:00:00+00:00,34.11,19.305992063492063,3.9425000925829763,3.754979730846097,True,True
2011-09-08 00:00:00+00:00,34.43,19.370396825396828,4.050207785883933,3.71822977257857,True,True
2011-09-09 00:00:00+00:00,37.58,19.437936507936506,4.15786535744177,4.363311923892083,True,True
2011-09-12 00:00:00+00:00,37.2,19.518412698412696,4.309805629267926,4.102641469840658,True,True
2011-09-13 00:00:00+00:00,32.49,19.599801587301585,4.4476368630605565,2.898212873392787,True,True
2011-09-14 00:00:00+00:00,29.83,19.65634920634921,4.520274046477562,2.2506712400719686,True,True
2011-09-15 00:00:00+00:00,29.46,19.705039682539685,4.563480227989161,2.137614239595098,True,True
2011-09-16 00:00:00+00:00,28.86,19.749484126984125,4.603712616175881,1.9789497374368286,True,True
2011-09-19 00:00:00+00:00,30.7,19.792261904761904,4.638093530371239,2.3517719131388506,True,True
2011-09-20 00:00:00+00:00,30.63,19.84297619047619,4.687150812643752,2.301403185155775,True,True
2011-09-21 00:00:00+00:00,29.68,19.893333333333334,4.734553244215449,2.067072891961613,True,True
2011-09-22 00:00:00+00:00,32.19,19.942222222222224,4.771751770825155,2.566725673506656,True,True
2011-09-23 00:00:00+00:00,39.17,20.000277777777775,4.831279672006777,3.9678353404574622,True,True
2011-09-26 00:00:00+00:00,39.86,20.08503968253968,4.977850341495178,3.97259036749598,True,True
2011-09-27 00:00:00+00:00,36.55,20.1709126984127,5.12988272509468,3.1928775333328887,True,True
2011-09-28 00:00:00+00:00,39.95,20.243730158730155,5.2310343045160135,3.767184211401021,True,True
2011-09-29 00:00:00+00:00,37.08,20.328253968253968,5.37527556293391,3.1164441405126144,True,True
2011-09-30 00:00:00+00:00,37.03,20.401388888888892,5.476769853066855,3.036207756986447,True,True
2011-10-03 00:00:00+00:00,36.92,20.47527777777778,5.574528111647859,2.9499756558517163,True,True
2011-10-04 00:00:00+00:00,37.74,20.54686507936508,5.668993327941219,3.0328373885878026,True,True
2011-10-05 00:00:00+00:00,36.94,20.618928571428572,5.771156888832196,2.828041542269357,True,True
2011-10-06 00:00:00+00:00,35.22,20.686785714285715,5.861780964978899,2.479317185773863,True,True
2011-10-07 00:00:00+00:00,33.16,20.741507936507936,5.932685754940105,2.0932327408629843,True,True
2011-10-10 00:00:00+00:00,31.26,20.791150793650793,5.984034657482506,1.7494633312758037,True,True
2011-10-11 00:00:00+00:00,30.62,20.83531746031746,6.020100618146055,1.6253353823006076,True,True
2011-10-12 00:00:00+00:00,29.51,20.877420634920632,6.051326489664308,1.4265598426764532,True,True
2011-10-13 00:00:00+00:00,28.48,20.911785714285713,6.0757108011128595,1.2456508437379956,True,True
2011-10-14 00:00:00+00:00,26.61,20.935079365079368,6.093474041143578,0.9313112022145589,False,True
2011-10-17 00:00:00+00:00,28.93,20.957142857142856,6.10394873918404,1.3061802258717747,False,False
2011-10-18 00:00:00+00:00,29.17,20.98904761904762,6.124573705444389,1.335758662464947,False,False
2011-10-19 00:00:00+00:00,31.13,21.020833333333332,6.146211648607805,1.6447801092167924,False,False
2011-10-20 00:00:00+00:00,32.08,21.06297619047619,6.179016692184896,1.7829736280625257,False,False
2011-10-21 00:00:00+00:00,28.89,21.106507936507935,6.217869482734374,1.251794056646746,False,False
2011-10-24 00:00:00+00:00,26.98,21.14,6.237020370943958,0.9363445447775779,False,False
2011-10-25 00:00:00+00:00,29.92,21.16746031746032,6.247471321005462,1.400973167033451,False,False
2011-10-26 00:00:00+00:00,30.79,21.206190476190475,6.271407748729583,1.528175157443868,False,False
2011-10-27 00:00:00+00:00,27.58,21.247341269841268,6.300184629764976,1.0051544680516713,False,False
2011-10-28 00:00:00+00:00,25.84,21.274206349206352,6.312734029039555,0.7232672293479006,False,False
2011-10-31 00:00:00+00:00,27.45,21.292460317460318,6.31928203175215,0.9744049484736129,False,False
2011-11-01 00:00:00+00:00,29.7,21.31230158730159,6.330770005683211,1.3249096721518343,False,False
2011-11-02 00:00:00+00:00,30.16,21.343373015873016,6.352694955603519,1.387856184775582,False,False
2011-11-03 00:00:00+00:00,30.12,21.380992063492066,6.376774419715419,1.3704433246829417,False,False
2011-11-04 00:00:00+00:00,28.37,21.415277777777778,6.400491913539244,1.086591830154584,False,False
2011-11-07 00:00:00+00:00,30.24,21.444285714285716,6.415422891921132,1.371026420844466,False,False
2011-11-08 00:00:00+00:00,29.21,21.475476190476193,6.439053604849414,1.2011895356328053,False,False
2011-11-09 00:00:00+00:00,29.85,21.493571428571425,6.454399341489462,1.2946872558245195,False,False
2011-11-10 00:00:00+00:00,28.81,21.51670634920635,6.473909994940395,1.1265670447216032,False,False
2011-11-11 00:00:00+00:00,27.85,21.538888888888888,6.489328073090072,0.9725369159993639,False,False
2011-11-14 00:00:00+00:00,27.85,21.55547619047619,6.500130321358958,0.9683688631350149,False,False
2011-11-15 00:00:00+00:00,26.75,21.573452380952382,6.511283891373359,0.7950118141686158,False,False
2011-11-16 00:00:00+00:00,26.94,21.586111111111112,6.518258508193514,0.8213679899560594,False,False
2011-11-17 00:00:00+00:00,28.86,21.605357142857144,6.526906635651124,1.1114978751981384,False,False
2011-11-18 00:00:00+00:00,27.59,21.635317460317463,6.542854280044242,0.9101047165064284,False,False
2011-11-21 00:00:00+00:00,30.07,21.664920634920634,6.552885042797138,1.2826532603861471,False,False
2011-11-22 00:00:00+00:00,27.56,21.703968253968256,6.573585325441574,0.8908428895518093,False,False
2011-11-23 00:00:00+00:00,27.81,21.728690476190476,6.583880250643191,0.9236664842461904,False,False
2011-11-25 00:00:00+00:00,20.46,21.75734126984127,6.594606065412202,-0.19672763724972817,False,False
2011-11-28 00:00:00+00:00,26.61,21.775357142857143,6.584789568148817,0.7342137219583194,False,False
2011-11-29 00:00:00+00:00,25.74,21.79559523809524,6.591804343640511,0.5983801333105634,False,False
2011-11-30 00:00:00+00:00,25.32,21.808015873015872,6.5962923329382415,0.5324179023187342,False,False
2011-12-01 00:00:00+00:00,24.55,21.818650793650793,6.599798542521734,0.4138534212448217,False,False
2011-12-02 00:00:00+00:00,23.51,21.830000000000002,6.602035120255253,0.2544669892539206,False,False
2011-12-05 00:00:00+00:00,24.97,21.840158730158727,6.602645188156075,0.4740283902360267,False,False
2011-12-06 00:00:00+00:00,24.52,21.856944444444444,6.605213547257161,0.40317478556940806,False,False
2011-12-07 00:00:00+00:00,24.15,21.871031746031747,6.607099746390185,0.3449271755301371,False,False
2011-12-08 00:00:00+00:00,25.18,21.883015873015875,6.608489019681666,0.49890135508509054,False,False
2011-12-09 00:00:00+00:00,23.13,21.903412698412698,6.610709789774401,0.18554547705068142,False,False
2011-12-12 00:00:00+00:00,23.66,21.91730158730159,6.609590992487033,0.2636620654257266,False,False
2011-12-13 00:00:00+00:00,24.1,21.942341269841272,6.604169490252304,0.3267115923271525,False,False
2011-12-14 00:00:00+00:00,28.63,21.971428571428568,6.597436386609259,1.0092664844918031,False,False
2011-12-15 00:00:00+00:00,27.28,22.018095238095235,6.602797634069317,0.7969204954509327,False,False
2011-12-16 00:00:00+00:00,24.8,22.057658730158728,6.604344253785778,0.4152329382692752,False,False
2011-12-19 00:00:00+00:00,23.42,22.09095238095238,6.596903526742663,0.20146537139127482,False,False
2011-12-20 00:00:00+00:00,21.33,22.119206349206348,6.5872426630171725,-0.11980830061676624,False,False
2011-12-21 00:00:00+00:00,21.22,22.137738095238095,6.578386259542555,-0.13950808891874247,False,False
2011-12-22 00:00:00+00:00,20.23,22.157182539682537,6.568355715943535,-0.29340410645005693,False,False
2011-12-23 00:00:00+00:00,19.67,22.173055555555553,6.558801315036801,-0.3816330813096916,False,False
2011-12-27 00:00:00+00:00,20.81,22.182420634920632,6.553512614111429,-0.20941756211248488,False,False
2011-12-28 00:00:00+00:00,24.33,22.19079365079365,6.550392780799367,0.3265768055126142,False,False
2011-12-29 00:00:00+00:00,23.12,22.209801587301587,6.5496198271956505,0.13896965575300163,False,False
2011-12-30 00:00:00+00:00,23.24,22.223492063492063,6.547895293667216,0.15524193514380852,False,False
2012-01-03 00:00:00+00:00,22.9,22.238214285714285,6.545985630462193,0.10109794790963918,False,False
2012-01-04 00:00:00+00:00,22.08,22.25388888888889,6.542808950268744,-0.02657710017373357,False,False
2012-01-05 00:00:00+00:00,22.34,22.26674603174603,6.539256123169255,0.011202186743293702,False,False
2012-01-06 00:00:00+00:00,21.3,22.280674603174607,6.535643853435873,-0.15005019018272428,False,False
2012-01-09 00:00:00+00:00,21.47,22.28884920634921,6.533113315007824,-0.12533828312271195,False,False
2012-01-10 00:00:00+00:00,21.51,22.30063492063492,6.528928607253752,-0.12109719192770915,False,False
2012-01-11 00:00:00+00:00,22.34,22.31329365079365,6.524270766067546,0.004093384558048777,False,False
2012-01-12 00:00:00+00:00,21.6,22.332420634920638,6.51722395360212,-0.11238230266980802,False,False
2012-01-13 00:00:00+00:00,21.2,22.35099206349206,6.508401389997647,-0.17684712335980834,False,False
2012-01-17 00:00:00+00:00,21.6,22.36186507936508,6.504162511327332,-0.1171350005536075,False,False
2012-01-18 00:00:00+00:00,21.14,22.37329365079365,6.500266916453423,-0.18972969366410863,False,False
2012-01-19 00:00:00+00:00,20.34,22.387103174603176,6.493907284063568,-0.3152344320694089,False,False
2012-01-20 00:00:00+00:00,19.58,22.396587301587303,6.489144740446746,-0.4340459974689047,False,False
2012-01-23 00:00:00+00:00,20.18,22.400753968253966,6.48698886455563,-0.34233972257729345,False,False
2012-01-24 00:00:00+00:00,20.08,22.40519841269841,6.485074279196097,-0.3585461496034936,False,False
2012-01-25 00:00:00+00:00,22.24,22.40952380952381,6.483150561771819,-0.02614836843731777,False,False
2012-01-26 00:00:00+00:00,21.71,22.42345238095238,6.4789830298673525,-0.1101179579670833,False,False
2012-01-27 00:00:00+00:00,20.82,22.434761904761906,6.475224337578533,-0.2493754379119721,False,False
2012-01-30 00:00:00+00:00,21.23,22.442500000000003,6.47211177104448,-0.1873422528678498,False,False
2012-01-31 00:00:00+00:00,20.93,22.452738095238097,6.468127992237119,-0.23542176299937911,False,False
2012-02-01 00:00:00+00:00,21.54,22.463055555555552,6.463597590632823,-0.14280832657238196,False,False
2012-02-02 00:00:00+00:00,21.93,22.47829365079365,6.456846752489863,-0.08491662754458569,False,False
2012-02-03 00:00:00+00:00,21.05,22.496984126984128,6.448376462006778,-0.2243951071265178,False,False
2012-02-06 00:00:00+00:00,21.2,22.51011904761905,6.442016182510832,-0.20337096500562032,False,False
2012-02-07 00:00:00+00:00,20.45,22.526785714285715,6.433130661294949,-0.32282660241626,False,False
2012-02-08 00:00:00+00:00,20.69,22.543888888888887,6.421802377250936,-0.2886866926108218,False,False
2012-02-09 00:00:00+00:00,20.03,22.56404761904762,6.407907736498432,-0.39545632104127904,False,False
2012-02-10 00:00:00+00:00,19.73,22.580674603174604,6.395815547309747,-0.4457093207407575,False,False
2012-02-13 00:00:00+00:00,19.07,22.5975,6.382651388335415,-0.5526700089631507,False,False
2012-02-14 00:00:00+00:00,19.24,22.610198412698413,6.372388548813492,-0.5288752226707721,False,False
2012-02-15 00:00:00+00:00,19.28,22.624801587301587,6.360372990791465,-0.5258813582386099,False,False
2012-02-16 00:00:00+00:00,19.21,22.640873015873016,6.346715437481707,-0.5405745774596032,False,False
2012-02-17 00:00:00+00:00,18.61,22.657063492063493,6.332667353076245,-0.6390772270862348,False,False
2012-02-21 00:00:00+00:00,19.94,22.670198412698415,6.320768426883899,-0.4319409015344018,False,False
2012-02-22 00:00:00+00:00,19.84,22.68515873015873,6.309774083015055,-0.45091293170344415,False,False
2012-02-23 00:00:00+00:00,19.76,22.697103174603175,6.3014896061363865,-0.46609664669493767,False,False
2012-02-24 00:00:00+00:00,19.01,22.70400793650794,6.297296217372913,-0.5866022192694299,False,False
2012-02-27 00:00:00+00:00,19.1,22.713492063492062,6.289892203544328,-0.5744918905694238,False,False
2012-02-28 00:00:00+00:00,20.12,22.72702380952381,6.278379541946924,-0.41523832576636044,False,False
2012-02-29 00:00:00+00:00,22.9,22.743452380952384,6.2660587943664,0.024983426454338625,False,False
2012-03-01 00:00:00+00:00,19.53,22.765039682539683,6.25714854918329,-0.5170150040567494,False,False
2012-03-02 00:00:00+00:00,18.96,22.771468253968255,6.252971423291663,-0.609545125981375,False,False
2012-03-05 00:00:00+00:00,19.4,22.77702380952381,6.248943390481214,-0.5404151707739758,False,False
2012-03-06 00:00:00+00:00,20.23,22.78456349206349,6.2436950355657155,-0.40914289975920193,False,False
2012-03-07 00:00:00+00:00,19.18,22.794246031746034,6.237807919168272,-0.5794096385430133,False,False
2012-03-08 00:00:00+00:00,19.26,22.801507936507935,6.232507577622035,-0.568231629468659,False,False
2012-03-09 00:00:00+00:00,19.41,22.81186507936508,6.224407689836332,-0.5465363531569268,False,False
2012-03-12 00:00:00+00:00,19.21,22.820714285714285,6.217950838915795,-0.5806919963271812,False,False
2012-03-13 00:00:00+00:00,20.47,22.826904761904764,6.213557463919318,-0.37931648264150813,False,False
2012-03-14 00:00:00+00:00,20.6,22.836904761904766,6.207702446493419,-0.3603434251537519,False,False
2012-03-15 00:00:00+00:00,18.24,22.843095238095238,6.204678091727992,-0.7418749482317277,False,False
2012-03-16 00:00:00+00:00,18.99,22.84111111111111,6.206075191168878,-0.6205389062303285,False,False
2012-03-19 00:00:00+00:00,17.83,22.844404761904762,6.203800791917323,-0.8082794612679739,False,False
2012-03-20 00:00:00+00:00,18.42,22.843333333333334,6.204646697230249,-0.7129065600637512,False,False
2012-03-21 00:00:00+00:00,18.04,22.848928571428573,6.1999993608514945,-0.7756337205118882,False,False
2012-03-22 00:00:00+00:00,18.51,22.85452380952381,6.194998896377957,-0.7012953322822912,False,False
2012-03-23 00:00:00+00:00,18.3,22.86119047619048,6.189391271698043,-0.7369368449926947,False,False
2012-03-26 00:00:00+00:00,19.22,22.86392857142857,6.187211206416502,-0.5889452371772281,False,False
2012-03-27 00:00:00+00:00,18.62,22.872936507936505,6.180215324896713,-0.6881534516772814,False,False
2012-03-28 00:00:00+00:00,18.18,22.879007936507932,6.175261096463738,-0.7609407704556522,False,False
2012-03-29 00:00:00+00:00,17.43,22.88607142857143,6.168835313602703,-0.8844573004794632,False,False
2012-03-30 00:00:00+00:00,17.01,22.892103174603175,6.162727181695279,-0.9544643144474052,False,False
2012-04-02 00:00:00+00:00,17.1,22.891507936507935,6.163290251241809,-0.939677948047479,False,False
2012-04-03 00:00:00+00:00,18.05,22.894920634920634,6.15982967193912,-0.7865348382913075,False,False
2012-04-04 00:00:00+00:00,18.88,22.903769841269842,6.15122114610182,-0.6541416323195931,False,False
2012-04-05 00:00:00+00:00,18.02,22.91357142857143,6.142794627813887,-0.7966360142359125,False,False
2012-04-09 00:00:00+00:00,19.21,22.921388888888888,6.135274020476204,-0.6049263450177274,False,False
2012-04-10 00:00:00+00:00,19.94,22.93515873015873,6.1229737501009645,-0.48916733149629127,False,False
2012-04-11 00:00:00+00:00,20.02,22.952420634920635,6.108297936326866,-0.4800716444234223,False,False
2012-04-12 00:00:00+00:00,18.64,22.971309523809524,6.091752986917157,-0.7110120080560688,False,False
2012-04-13 00:00:00+00:00,18.44,22.983174603174604,6.080337410798287,-0.7471911994729465,False,False
2012-04-16 00:00:00+00:00,18.8,22.997936507936505,6.0646916630661645,-0.6921928996822447,False,False
2012-04-17 00:00:00+00:00,18.03,23.012777777777778,6.049746646289004,-0.8236341237255413,False,False
2012-04-18 00:00:00+00:00,17.54,23.021706349206347,6.040683111640464,-0.9074646439643621,False,False
2012-04-19 00:00:00+00:00,17.33,23.024920634920633,6.037536600373316,-0.9432523580177558,False,False
2012-04-20 00:00:00+00:00,16.72,23.02896825396825,6.033357383886464,-1.0456811775841217,False,False
2012-04-23 00:00:00+00:00,17.11,23.03031746031746,6.031902428817097,-0.9815008664651891,False,False
2012-04-24 00:00:00+00:00,17.64,23.035912698412698,6.025726482487438,-0.895479194765118,False,False
2012-04-25 00:00:00+00:00,17.45,23.033214285714287,6.027998583115468,-0.9262136028619798,False,False
2012-04-26 00:00:00+00:00,16.94,23.033809523809524,6.027437577976477,-1.01101163553739,False,False
2012-04-27 00:00:00+00:00,16.61,23.030555555555555,6.030516592085556,-1.0646775375731303,False,False
2012-04-30 00:00:00+00:00,16.93,23.025753968253966,6.035161763939426,-1.0100398641634734,False,False
2012-05-01 00:00:00+00:00,16.47,23.012579365079365,6.044861247674444,-1.0823373932025988,False,False
2012-05-02 00:00:00+00:00,16.55,22.99416666666667,6.057732645206191,-1.0637918581247197,False,False
2012-05-03 00:00:00+00:00,17.45,22.982023809523806,6.067602185895465,-0.9117314616280142,False,False
2012-05-04 00:00:00+00:00,16.32,22.972698412698417,6.074314338391707,-1.095218001915233,False,False
2012-05-07 00:00:00+00:00,16.38,22.949920634920634,6.088495976890218,-1.0790711958844574,False,False
2012-05-08 00:00:00+00:00,17.93,22.930000000000003,6.101785121856289,-0.8194323300717775,False,False
2012-05-09 00:00:00+00:00,19.32,22.921984126984125,6.107040091323936,-0.5898084952973112,False,False
2012-05-10 00:00:00+00:00,18.25,22.922698412698413,6.106606495326386,-0.7651874107615422,False,False
2012-05-11 00:00:00+00:00,18.46,22.917857142857144,6.109837421581358,-0.7296196011879075,False,False
2012-05-14 00:00:00+00:00,20.05,22.91480158730159,6.111881280682798,-0.46872664172258643,False,False
2012-05-15 00:00:00+00:00,20.75,22.9159126984127,6.1113327196183596,-0.35440922590579516,False,False
2012-05-16 00:00:00+00:00,22.2,22.921547619047622,6.1086672461036695,-0.11811866483771112,False,False
2012-05-17 00:00:00+00:00,22.59,22.93424603174603,6.103806909774985,-0.05639857827001971,False,False
2012-05-18 00:00:00+00:00,23.29,22.95186507936508,6.096345461153254,0.055465183656267465,False,False
2012-05-21 00:00:00+00:00,20.69,22.975079365079367,6.086403205320842,-0.37544002393428494,False,False
2012-05-22 00:00:00+00:00,20.04,22.98753968253968,6.078461509389376,-0.48491541453155995,False,False
2012-05-23 00:00:00+00:00,21.79,22.994444444444444,6.074102239575951,-0.19829176344725635,False,False
2012-05-24 00:00:00+00:00,21.93,23.01011904761905,6.065838868696589,-0.17806589838597922,False,False
2012-05-25 00:00:00+00:00,21.11,23.027579365079365,6.056326849997017,-0.31662415397549265,False,False
2012-05-29 00:00:00+00:00,21.72,23.045238095238094,6.044161940962766,-0.21925919725224965,False,False
2012-05-30 00:00:00+00:00,23.46,23.06547619047619,6.03108635000228,0.06541504906884013,False,False
2012-05-31 00:00:00+00:00,23.11,23.092142857142857,6.01784843381247,0.0029673633448141475,False,False
2012-06-01 00:00:00+00:00,25.3,23.11345238095238,6.008320889074576,0.3639199136357046,False,False
2012-06-04 00:00:00+00:00,25.36,23.14488095238095,5.998917397825257,0.3692531336440936,False,False
2012-06-05 00:00:00+00:00,23.99,23.17888888888889,5.987027905645973,0.13547809094829913,False,False
2012-06-06 00:00:00+00:00,23.14,23.202182539682543,5.978680283031185,-0.01040071332448232,False,False
2012-06-07 00:00:00+00:00,22.92,23.22718253968254,5.965127109515936,-0.05149639463549791,False,False
2012-06-08 00:00:00+00:00,22.03,23.252420634920632,5.950242093374998,-0.2054404872503717,False,False
2012-06-11 00:00:00+00:00,22.19,23.27611111111111,5.9333524814290275,-0.1830518437107115,False,False
2012-06-12 00:00:00+00:00,22.9,23.298650793650793,5.918316473925433,-0.06735881654979871,False,False
2012-06-13 00:00:00+00:00,23.96,23.322261904761906,5.904740822941566,0.10800441786713226,False,False
2012-06-14 00:00:00+00:00,24.1,23.35650793650794,5.8831896134516315,0.12637567583953166,False,False
2012-06-15 00:00:00+00:00,22.94,23.383412698412698,5.870964025266507,-0.07552638655328306,False,False
2012-06-18 00:00:00+00:00,20.64,23.40456349206349,5.859671901120516,-0.47179492959918756,False,False
2012-06-19 00:00:00+00:00,20.51,23.41888888888889,5.848427612052816,-0.4973796517364879,False,False
2012-06-20 00:00:00+00:00,19.88,23.43424603174603,5.8356233111182725,-0.6090602224057771,False,False
2012-06-21 00:00:00+00:00,21.07,23.44968253968254,5.820979769463779,-0.40881134000260483,False,False
2012-06-22 00:00:00+00:00,20.29,23.469404761904762,5.804374710486748,-0.5477600810575757,False,False
2012-06-25 00:00:00+00:00,20.46,23.482579365079363,5.793321069782029,-0.5217351720492657,False,False
2012-06-26 00:00:00+00:00,20.47,23.4931746031746,5.785304593907964,-0.5225610085176956,False,False
2012-06-27 00:00:00+00:00,19.96,23.504880952380955,5.776147303784256,-0.6137102753696251,False,False
2012-06-28 00:00:00+00:00,20.56,23.517261904761906,5.765137777061624,-0.5129559811264675,False,False
2012-06-29 00:00:00+00:00,19.53,23.536190476190477,5.747469473605611,-0.6970355379159998,False,False
2012-07-02 00:00:00+00:00,19.34,23.55281746031746,5.729697258643755,-0.7352600443177084,False,False
2012-07-03 00:00:00+00:00,25.23,23.569801587301587,5.710734384601641,0.29071539681042663,False,False
2012-07-05 00:00:00+00:00,18.94,23.609801587301586,5.6867758424601025,-0.821168570147373,False,False
2012-07-06 00:00:00+00:00,19.46,23.622222222222224,5.673073871686115,-0.7336802439671306,False,False
2012-07-09 00:00:00+00:00,19.04,23.63876984126984,5.654725034318475,-0.8132614430162297,False,False
2012-07-10 00:00:00+00:00,20.28,23.6540873015873,5.636920654263947,-0.5985692381593186,False,False
2012-07-11 00:00:00+00:00,19.22,23.66988095238095,5.621789033569503,-0.7915417895992337,False,False
2012-07-12 00:00:00+00:00,19.31,23.676190476190474,5.615872405949839,-0.7774732331106089,False,False
2012-07-13 00:00:00+00:00,18.52,23.68051587301587,5.6120717328991,-0.9195384732457861,False,False
2012-07-16 00:00:00+00:00,18.03,23.68297619047619,5.609662859907107,-1.007721200302187,False,False
2012-07-17 00:00:00+00:00,17.7,23.687420634920638,5.604716860760542,-1.0682824456021076,False,False
2012-07-18 00:00:00+00:00,17.35,23.682420634920636,5.609510998214934,-1.1288721310887428,False,False
2012-07-19 00:00:00+00:00,16.83,23.67928571428571,5.612840526028835,-1.2202886724686048,False,False
2012-07-20 00:00:00+00:00,16.88,23.674999999999997,5.61767348450281,-1.2095754619318866,False,False
2012-07-23 00:00:00+00:00,18.34,23.67293650793651,5.620082596755937,-0.9489071407980415,False,False
2012-07-24 00:00:00+00:00,19.6,23.67833333333333,5.614279922111524,-0.7264214449427512,False,False
2012-07-25 00:00:00+00:00,19.64,23.681944444444447,5.611350529935688,-0.720315799713687,False,False
2012-07-26 00:00:00+00:00,19.37,23.686150793650793,5.607907040916513,-0.7696544828862558,False,False
2012-07-27 00:00:00+00:00,19.11,23.68666666666667,5.607502373474823,-0.8161684760608725,False,False
2012-07-30 00:00:00+00:00,19.43,23.687142857142856,5.60710702365574,-0.7592405208572728,False,False
2012-07-31 00:00:00+00:00,19.51,23.686746031746033,5.6074059351626415,-0.7448624337244252,False,False
2012-08-01 00:00:00+00:00,19.01,23.686468253968254,5.607611914305249,-0.8339500531480057,False,False
2012-08-02 00:00:00+00:00,18.05,23.68218253968254,5.610783335671871,-1.0038139423197145,False,False
2012-08-03 00:00:00+00:00,16.65,23.674642857142857,5.617091613872247,-1.2505836365200904,False,False
2012-08-06 00:00:00+00:00,16.35,23.652301587301586,5.633832088756297,-1.2961517972598315,False,False
2012-08-07 00:00:00+00:00,16.48,23.630912698412697,5.651325511785418,-1.2653514088862872,False,False
2012-08-08 00:00:00+00:00,16.25,23.584365079365078,5.66175714929388,-1.2954220546672162,False,False
2012-08-09 00:00:00+00:00,16.19,23.52531746031746,5.6603417585089435,-1.295914235088473,False,False
2012-08-10 00:00:00+00:00,16.16,23.461785714285714,5.652431799211314,-1.2917954561264295,False,False
2012-08-13 00:00:00+00:00,15.13,23.407817460317464,5.656981336987467,-1.4632923404208504,False,False
2012-08-14 00:00:00+00:00,14.96,23.36503968253968,5.678701769179246,-1.480098801482663,False,False
2012-08-15 00:00:00+00:00,14.87,23.325952380952383,5.702565603992894,-1.4828329857409426,False,False
2012-08-16 00:00:00+00:00,15.17,23.2790873015873,5.723382142381066,-1.4168348539127464,False,False
2012-08-17 00:00:00+00:00,14.7,23.239603174603175,5.744912303228191,-1.486463626225345,False,False
2012-08-20 00:00:00+00:00,14.78,23.19154761904762,5.765539713933332,-1.4589349889863377,False,False
2012-08-21 00:00:00+00:00,16.29,23.135476190476187,5.778399343721963,-1.1846665111357468,False,False
2012-08-22 00:00:00+00:00,17.15,23.06880952380952,5.759977535251515,-1.0275751055600377,False,False
2012-08-23 00:00:00+00:00,17.94,23.004246031746035,5.734618212471763,-0.8831008175456581,False,False
2012-08-24 00:00:00+00:00,16.88,22.943333333333335,5.706382182220336,-1.0625529695899392,False,False
2012-08-27 00:00:00+00:00,16.9,22.87373015873016,5.672710761625601,-1.0530644712473054,False,False
2012-08-28 00:00:00+00:00,16.54,22.80972222222222,5.648606174567383,-1.1099591701845648,False,False
2012-08-29 00:00:00+00:00,16.5,22.74619047619048,5.628617099219847,-1.1097202680665972,False,False
2012-08-30 00:00:00+00:00,17.14,22.68420634920635,5.610956960539553,-0.9881035246210861,False,False
2012-08-31 00:00:00+00:00,17.89,22.631507936507933,5.600365748935432,-0.8466425496244137,False,False
2012-09-04 00:00:00+00:00,17.97,22.591150793650794,5.597734020158302,-0.8255395445745224,False,False
2012-09-05 00:00:00+00:00,18.18,22.54277777777778,5.58472199337167,-0.7811987388012908,False,False
2012-09-06 00:00:00+00:00,17.8,22.479325396825395,5.54276959310244,-0.8442215246775661,False,False
2012-09-07 00:00:00+00:00,18.95,22.414603174603172,5.501489787479652,-0.6297572672929347,False,False
2012-09-10 00:00:00+00:00,19.08,22.353174603174605,5.453003361326246,-0.6002517119994081,False,False
2012-09-11 00:00:00+00:00,19.59,22.279761904761905,5.371106849403237,-0.500783540558452,False,False
2012-09-12 00:00:00+00:00,20.15,22.209880952380953,5.290161015642966,-0.38937963254613644,False,False
2012-09-13 00:00:00+00:00,19.03,22.160912698412698,5.25159611103745,-0.5961830712442558,False,False
2012-09-14 00:00:00+00:00,17.87,22.118055555555557,5.232795580808298,-0.8118137790697662,False,False
2012-09-17 00:00:00+00:00,18.08,22.072063492063492,5.218923706027827,-0.7649208375000163,False,False
2012-09-18 00:00:00+00:00,17.89,22.029285714285713,5.207230519860485,-0.794911171782849,False,False
2012-09-19 00:00:00+00:00,17.69,21.978452380952383,5.184726610498563,-0.8271318245148522,False,False
2012-09-20 00:00:00+00:00,17.29,21.927103174603175,5.1627326781893474,-0.8981877357689343,False,False
2012-09-21 00:00:00+00:00,17.09,21.877936507936507,5.147579838638346,-0.9301335108972351,False,False
2012-09-24 00:00:00+00:00,16.94,21.818015873015874,5.114845593949669,-0.9536975815625908,False,False
2012-09-25 00:00:00+00:00,16.74,21.729801587301587,5.004904244272832,-0.9969824283874111,False,False
2012-09-26 00:00:00+00:00,16.31,21.638055555555557,4.881621990267737,-1.091451891641314,False,False
2012-09-27 00:00:00+00:00,17.02,21.557738095238097,4.801139062521164,-0.9451378175360015,False,False
2012-09-28 00:00:00+00:00,16.76,21.46674603174603,4.666577924868371,-1.008607615157051,False,False
2012-10-01 00:00:00+00:00,16.9,21.38611111111111,4.570281442722421,-0.9815831185308422,False,False
2012-10-02 00:00:00+00:00,16.34,21.30623015873016,4.470595171768963,-1.110865548750879,False,False
2012-10-03 00:00:00+00:00,16.59,21.224563492063492,4.371099605464638,-1.0602740523847771,False,False
2012-10-04 00:00:00+00:00,17.27,21.140634920634923,4.254212301288365,-0.9098358630251535,False,False
2012-10-05 00:00:00+00:00,15.88,21.062579365079362,4.142148250020801,-1.2511815252033374,False,False
2012-10-08 00:00:00+00:00,16.13,20.985833333333336,4.057086527992437,-1.1968769460128181,False,False
2012-10-09 00:00:00+00:00,15.72,20.91825396825397,3.99485008706358,-1.3012388087070756,False,False
2012-10-10 00:00:00+00:00,15.53,20.856587301587304,3.954309497990023,-1.347033484428776,False,False
2012-10-11 00:00:00+00:00,15.31,20.79670634920635,3.919977521619173,-1.3996780131892257,False,False
2012-10-12 00:00:00+00:00,15.72,20.740357142857142,3.896215585395307,-1.288521395395984,False,False
2012-10-15 00:00:00+00:00,15.47,20.68972222222222,3.8781029373460236,-1.3459473114951226,False,False
2012-10-16 00:00:00+00:00,15.12,20.645515873015874,3.8738389253642964,-1.426366965553751,False,False
2012-10-17 00:00:00+00:00,14.64,20.590714285714284,3.8538052139678407,-1.5441139225579816,False,False
2012-10-18 00:00:00+00:00,14.73,20.533055555555556,3.833577042024926,-1.5137443416267788,False,False
2012-10-19 00:00:00+00:00,15.1,20.467976190476193,3.791943371583449,-1.4156266759423204,False,False
2012-10-22 00:00:00+00:00,14.88,20.400595238095242,3.7352202294119934,-1.4779838668212357,False,False
2012-10-23 00:00:00+00:00,15.8,20.345000000000002,3.7125540762290026,-1.2242245922021826,False,False
2012-10-24 00:00:00+00:00,15.7,20.300634920634916,3.699728265251958,-1.2435061687757778,False,False
2012-10-25 00:00:00+00:00,15.36,20.244206349206348,3.66066446261444,-1.3342403815175283,False,False
2012-10-26 00:00:00+00:00,14.92,20.18297619047619,3.612292794679151,-1.4569627905657228,False,False
2012-10-31 00:00:00+00:00,14.99,20.132738095238093,3.597010938555664,-1.4297254534630626,False,False
2012-11-01 00:00:00+00:00,14.49,20.089682539682542,3.5933582904019206,-1.5583423881330274,False,False
2012-11-02 00:00:00+00:00,16.2,20.038253968253965,3.580315724101362,-1.0720434352803745,False,False
2012-11-05 00:00:00+00:00,17.48,19.98468253968254,3.535896441333892,-0.7083585679725585,False,False
2012-11-06 00:00:00+00:00,18.0,19.93436507936508,3.4803041713549305,-0.5558034539871853,False,False
2012-11-07 00:00:00+00:00,16.69,19.886269841269844,3.4222458863991085,-0.933968495359333,False,False
2012-11-08 00:00:00+00:00,17.02,19.839920634920635,3.385788554694864,-0.832869681424856,False,False
2012-11-09 00:00:00+00:00,16.07,19.787460317460315,3.3258922504145545,-1.117733238951729,False,False
2012-11-12 00:00:00+00:00,15.66,19.73531746031746,3.280269080039504,-1.2423729154159457,False,False
2012-11-13 00:00:00+00:00,14.54,19.679007936507936,3.2273136189648906,-1.592348480268302,False,False
2012-11-14 00:00:00+00:00,14.94,19.62238095238095,3.191454083805455,-1.4671622493774785,False,False
2012-11-15 00:00:00+00:00,14.26,19.571150793650794,3.1623405058878524,-1.6794999728087936,False,False
2012-11-16 00:00:00+00:00,13.28,19.517222222222223,3.1363667255717282,-1.9886775903367107,False,False
2012-11-19 00:00:00+00:00,13.61,19.46376984126984,3.1273792336586084,-1.8717812596145325,False,False
2012-11-20 00:00:00+00:00,13.52,19.410873015873015,3.1131217009373495,-1.8922719963370835,False,False
2012-11-21 00:00:00+00:00,13.22,19.349999999999998,3.077392050530732,-1.9919463946567377,False,False
2012-11-23 00:00:00+00:00,15.48,19.292976190476192,3.0571682258561212,-1.2472248527993308,False,False
2012-11-26 00:00:00+00:00,13.18,19.235079365079365,2.9896671312086758,-2.0253356308036174,False,False
2012-11-27 00:00:00+00:00,13.68,19.178015873015877,2.967288195441631,-1.8528755924220532,False,False
2012-11-28 00:00:00+00:00,13.7,19.12194444444444,2.9368718941755274,-1.8461630741188841,False,False
2012-11-29 00:00:00+00:00,12.67,19.095119047619047,2.955415783928072,-2.1740152714077197,False,False
2012-11-30 00:00:00+00:00,13.24,19.03980158730159,2.9446370254196084,-1.969615112910265,False,False
2012-12-03 00:00:00+00:00,13.4,18.990198412698415,2.9365926606357813,-1.903634265532803,False,False
2012-12-04 00:00:00+00:00,13.95,18.942896825396826,2.930222912340681,-1.7039307161134947,False,False
2012-12-05 00:00:00+00:00,14.0,18.90083333333333,2.925489930705939,-1.6752179803779839,False,False
2012-12-06 00:00:00+00:00,14.07,18.863095238095237,2.9271338018073085,-1.6374704959287554,False,False
2012-12-07 00:00:00+00:00,13.87,18.81984126984127,2.9170498889093643,-1.6968654833983428,False,False
2012-12-10 00:00:00+00:00,14.2,18.777579365079365,2.9112799059670906,-1.5723597568536618,False,False
2012-12-11 00:00:00+00:00,14.16,18.738095238095237,2.9055940589689393,-1.575614192892379,False,False
2012-12-12 00:00:00+00:00,13.34,18.694365079365078,2.8911463961059547,-1.851986840436997,False,False
2012-12-13 00:00:00+00:00,13.01,18.655515873015872,2.8970754816471582,-1.9486947816099234,False,False
2012-12-14 00:00:00+00:00,12.6,18.613253968253968,2.90145693018418,-2.072494651117312,False,False
2012-12-17 00:00:00+00:00,11.97,18.567619047619047,2.905251167854776,-2.2709289718625936,False,False
2012-12-18 00:00:00+00:00,13.69,18.501507936507938,2.864633381481106,-1.6796243343433488,False,False
2012-12-19 00:00:00+00:00,13.73,18.447579365079367,2.8263790297784666,-1.6691248114196253,False,False
2012-12-20 00:00:00+00:00,14.53,18.403650793650794,2.813250548827462,-1.3769306097764018,False,False
2012-12-21 00:00:00+00:00,13.82,18.368373015873015,2.8058254943825167,-1.6210462927859253,False,False
2012-12-24 00:00:00+00:00,13.21,18.33857142857143,2.8141145994685344,-1.822445834131985,False,False
2012-12-26 00:00:00+00:00,13.56,18.306785714285716,2.826647879164246,-1.6792985604167987,False,False
2012-12-27 00:00:00+00:00,14.83,18.280317460317463,2.839765417759304,-1.2150008725156989,False,False
2012-12-28 00:00:00+00:00,15.3,18.261111111111113,2.8466879398082154,-1.0401951930532314,False,False
2012-12-31 00:00:00+00:00,14.38,18.23924603174603,2.84819265873984,-1.3549806821893582,False,False
2013-01-02 00:00:00+00:00,13.43,18.199761904761907,2.8323446186336376,-1.6840330351689006,False,False
2013-01-03 00:00:00+00:00,13.72,18.161309523809525,2.831056753592363,-1.568781522367537,False,False
2013-01-04 00:00:00+00:00,13.78,18.123531746031748,2.82653051072732,-1.5367008173260708,False,False
2013-01-07 00:00:00+00:00,14.51,18.08734126984127,2.8235136192290446,-1.2669821195401416,False,False
2013-01-08 00:00:00+00:00,14.08,18.057301587301584,2.8211340752322163,-1.4098236670918236,False,False
2013-01-09 00:00:00+00:00,14.16,18.024523809523807,2.8191609916148144,-1.3708063572879563,False,False
2013-01-10 00:00:00+00:00,13.27,17.996190476190478,2.8219884648676037,-1.6747731378172772,False,False
2013-01-11 00:00:00+00:00,13.79,17.963650793650793,2.829040523559926,-1.4752884445779786,False,False
2013-01-14 00:00:00+00:00,13.78,17.933015873015872,2.8322821088251056,-1.4663143406779622,False,False
2013-01-15 00:00:00+00:00,13.76,17.899047619047618,2.830548052340482,-1.4622778142293622,False,False
2013-01-16 00:00:00+00:00,14.49,17.86793650793651,2.8327926945218933,-1.1924404191202642,False,False
2013-01-17 00:00:00+00:00,14.9,17.84130952380952,2.8328835054775543,-1.0382740829696377,False,False
2013-01-18 00:00:00+00:00,13.8,17.814722222222223,2.8289045087004077,-1.4191791238886944,False,False
2013-01-22 00:00:00+00:00,12.71,17.78559523809524,2.8323153781407875,-1.7920303922605556,False,False
2013-01-23 00:00:00+00:00,12.46,17.75531746031746,2.84565109908129,-1.8608456468985384,False,False
2013-01-24 00:00:00+00:00,13.03,17.727063492063493,2.862757166363038,-1.6407481386312737,False,False
2013-01-25 00:00:00+00:00,14.08,17.698690476190478,2.8737600255919915,-1.2592180432480724,False,False
2013-01-28 00:00:00+00:00,14.39,17.674880952380953,2.8788029387705354,-1.141057940486834,False,False
2013-01-29 00:00:00+00:00,13.59,17.64373015873016,2.871670733804678,-1.4116277716001835,False,False
2013-01-30 00:00:00+00:00,13.21,17.611507936507934,2.8714185917453956,-1.5328687879785825,False,False
2013-01-31 00:00:00+00:00,13.76,17.581309523809523,2.8775510198676755,-1.3279728134882023,False,False
2013-02-01 00:00:00+00:00,13.32,17.551666666666666,2.8782902876673817,-1.470201488987438,False,False
2013-02-04 00:00:00+00:00,13.78,17.521468253968255,2.882622309887127,-1.2979391164549607,False,False
2013-02-05 00:00:00+00:00,13.03,17.490674603174604,2.8809709417143625,-1.5483233581384952,False,False
2013-02-06 00:00:00+00:00,13.57,17.455357142857142,2.880884981792231,-1.3486679153848127,False,False
2013-02-07 00:00:00+00:00,13.59,17.425674603174603,2.8822347635716974,-1.3307988133559918,False,False
2013-02-08 00:00:00+00:00,13.14,17.39547619047619,2.8823985992035412,-1.476366312297007,False,False
2013-02-11 00:00:00+00:00,14.38,17.366468253968254,2.8883131436397216,-1.0339835417585093,False,False
2013-02-12 00:00:00+00:00,14.06,17.341428571428573,2.886736867794214,-1.1367259025364325,False,False
2013-02-13 00:00:00+00:00,14.7,17.317738095238095,2.889080700444892,-0.906079949526847,False,False
2013-02-14 00:00:00+00:00,14.72,17.297777777777778,2.8897240356501364,-0.8920498102850238,False,False
2013-02-15 00:00:00+00:00,15.9,17.280515873015872,2.892086904829527,-0.47734245838551176,False,False
2013-02-19 00:00:00+00:00,15.75,17.267261904761906,2.890724147763677,-0.5248726018827118,False,False
2013-02-20 00:00:00+00:00,18.59,17.253253968253972,2.889484529048466,0.4626243948730297,False,False
2013-02-21 00:00:00+00:00,16.9,17.25079365079365,2.888075388089957,-0.12146277491241338,False,False
2013-02-22 00:00:00+00:00,16.26,17.244007936507934,2.8868777520560163,-0.3408554227165069,False,False
2013-02-25 00:00:00+00:00,17.48,17.229404761904764,2.8824900774627507,0.08693706877069897,False,False
2013-02-26 00:00:00+00:00,15.61,17.22003968253968,2.877804538630656,-0.559468046188358,False,False
2013-02-27 00:00:00+00:00,15.57,17.203571428571426,2.875084606906451,-0.5681820370250336,False,False
2013-02-28 00:00:00+00:00,15.79,17.189920634920636,2.8746400421901357,-0.4869898889511268,False,False
2013-03-01 00:00:00+00:00,15.75,17.176785714285714,2.873439501267648,-0.4965428065063741,False,False
2013-03-04 00:00:00+00:00,16.03,17.159444444444446,2.868789132116798,-0.39370075402198007,False,False
2013-03-05 00:00:00+00:00,15.47,17.132182539682542,2.8465762615398913,-0.5839234178055582,False,False
2013-03-06 00:00:00+00:00,15.05,17.116071428571427,2.844439610199806,-0.7263544710749884,False,False
2013-03-07 00:00:00+00:00,14.84,17.100555555555555,2.8450053544803007,-0.7945698773450965,False,False
2013-03-08 00:00:00+00:00,13.54,17.082460317460317,2.844823407092839,-1.2452303044990771,False,False
2013-03-11 00:00:00+00:00,12.96,17.055912698412694,2.8465485426907216,-1.438904918354563,False,False
2013-03-12 00:00:00+00:00,12.07,17.031230158730157,2.855011473278829,-1.737726872611285,False,False
2013-03-13 00:00:00+00:00,12.24,17.002698412698415,2.868544173898639,-1.6603190064266746,False,False
2013-03-14 00:00:00+00:00,12.59,16.974246031746034,2.880107039806327,-1.5222510730159715,False,False
2013-03-15 00:00:00+00:00,12.43,16.94797619047619,2.8898077989668276,-1.563417536658137,False,False
2013-03-18 00:00:00+00:00,13.3,16.916071428571428,2.8951458280018247,-1.2490118437547484,False,False
2013-03-19 00:00:00+00:00,14.52,16.887103174603176,2.8946594493927646,-0.8177484142736522,False,False
2013-03-20 00:00:00+00:00,13.33,16.872341269841268,2.8972169078891143,-1.222670370380444,False,False
2013-03-21 00:00:00+00:00,13.37,16.849880952380953,2.9026687105390687,-1.1988557081096205,False,False
2013-03-22 00:00:00+00:00,12.89,16.832182539682538,2.910255872161026,-1.3545827971322841,False,False
2013-03-25 00:00:00+00:00,12.99,16.810238095238095,2.9190712282361164,-1.308716984458964,False,False
2013-03-26 00:00:00+00:00,12.48,16.790198412698413,2.9279161171662085,-1.472104473016819,False,False
2013-03-27 00:00:00+00:00,12.33,16.76626984126984,2.938426343656691,-1.5097434212862297,False,False
2013-03-28 00:00:00+00:00,12.41,16.74257936507936,2.950054644245678,-1.468643766830018,False,False
2013-04-01 00:00:00+00:00,13.13,16.715555555555557,2.9584493234281646,-1.2119712604712525,False,False
2013-04-02 00:00:00+00:00,13.73,16.69376984126984,2.96457686872204,-0.999727776513163,False,False
2013-04-03 00:00:00+00:00,15.21,16.676111111111112,2.9689389286591896,-0.4938165271635363,False,False
2013-04-04 00:00:00+00:00,16.03,16.667301587301587,2.9699864951197235,-0.21458063474322148,False,False
2013-04-05 00:00:00+00:00,14.46,16.6634126984127,2.970177577343566,-0.7418454422456997,False,False
2013-04-08 00:00:00+00:00,14.22,16.65293650793651,2.9732857239010095,-0.8182652909470295,False,False
2013-04-09 00:00:00+00:00,13.54,16.637738095238095,2.9759036330374506,-1.040940325099268,False,False
2013-04-10 00:00:00+00:00,15.15,16.61654761904762,2.978884317760719,-0.4923143910972847,False,False
2013-04-11 00:00:00+00:00,15.29,16.60515873015873,2.978983551917275,-0.44147901699970626,False,False
2013-04-12 00:00:00+00:00,21.32,16.589603174603173,2.975560183837683,1.5897500077769795,False,False
2013-04-15 00:00:00+00:00,34.48,16.595079365079364,2.983011325386166,5.99559260225247,True,False
2013-04-16 00:00:00+00:00,30.02,16.652460317460317,3.181619319221547,4.201489349081004,True,True
2013-04-17 00:00:00+00:00,26.93,16.69761904761905,3.288895339698903,3.111190808923011,True,True
2013-04-18 00:00:00+00:00,24.57,16.731309523809525,3.349736665547809,2.340091553109758,True,True
2013-04-19 00:00:00+00:00,24.37,16.75420634920635,3.383483518829586,2.2508735770133455,True,True
2013-04-22 00:00:00+00:00,23.28,16.779365079365082,3.4164188155958573,1.9027628846204983,True,True
2013-04-23 00:00:00+00:00,23.68,16.802142857142858,3.4405597170754576,1.9990518137855353,True,True
2013-04-24 00:00:00+00:00,21.49,16.827341269841273,3.467588412285394,1.3446401867186113,True,True
2013-04-25 00:00:00+00:00,22.35,16.84626984126984,3.479996962522716,1.5815330352301233,True,True
2013-04-26 00:00:00+00:00,24.21,16.86706349206349,3.497191603485769,2.0996666298230724,True,True
2013-04-29 00:00:00+00:00,23.16,16.893134920634925,3.527336400927812,1.7766564815640131,True,True
2013-04-30 00:00:00+00:00,22.09,16.915793650793653,3.549199865650685,1.4578515003571784,True,True
2013-05-01 00:00:00+00:00,22.93,16.93623015873016,3.56413538329874,1.681689721820382,True,True
2013-05-02 00:00:00+00:00,22.06,16.961309523809526,3.5840109004981864,1.4226213640928778,True,True
2013-05-03 00:00:00+00:00,20.37,16.981666666666666,3.598372750867268,0.9416293330135658,False,True
2013-05-06 00:00:00+00:00,20.37,16.997142857142855,3.6045447977012066,0.9357234636140966,False,False
2013-05-07 00:00:00+00:00,22.07,17.01230158730159,3.610684049194257,1.4007590649830086,False,False
2013-05-08 00:00:00+00:00,20.64,17.030634920634917,3.624617522568684,0.9957919854691892,False,False
2013-05-09 00:00:00+00:00,21.62,17.047777777777778,3.631452551210911,1.2590615346736698,False,False
2013-05-10 00:00:00+00:00,23.95,17.068571428571428,3.6425986114696762,1.8891536799472197,False,False
2013-05-13 00:00:00+00:00,25.04,17.09246031746032,3.6679226915148813,2.1667685910951637,True,False
2013-05-14 00:00:00+00:00,25.06,17.11515873015873,3.6993266823831594,2.1476452208657304,True,True
2013-05-15 00:00:00+00:00,28.01,17.14218253968254,3.7323759026788674,2.911769270752503,True,True
2013-05-16 00:00:00+00:00,27.18,17.180079365079365,3.7937876449364007,2.6358672574274444,True,True
2013-05-17 00:00:00+00:00,28.34,17.208373015873015,3.841563028992744,2.8976817248904263,True,True
2013-05-20 00:00:00+00:00,26.66,17.23849206349206,3.8987691524787658,2.4165339285394514,True,True
2013-05-21 00:00:00+00:00,27.18,17.256190476190476,3.9313683550206666,2.5242634695209976,True,True
2013-05-22 00:00:00+00:00,27.61,17.274404761904762,3.966653235574384,2.6056210675039284,True,True
2013-05-23 00:00:00+00:00,26.08,17.291547619047616,4.001932748413414,2.1960519912376357,True,True
2013-05-24 00:00:00+00:00,24.9,17.312936507936506,4.034440391287724,1.8805739473676626,True,True
2013-05-28 00:00:00+00:00,24.86,17.332222222222224,4.0590693080597235,1.8545575861024481,True,True
2013-05-29 00:00:00+00:00,22.76,17.344404761904762,4.077068907847956,1.3283060356597733,True,True
2013-05-30 00:00:00+00:00,21.43,17.347698412698414,4.081121372086769,1.0002891889525485,True,True
2013-05-31 00:00:00+00:00,22.63,17.348968253968255,4.082346276652054,1.2936266029746832,True,True
2013-06-03 00:00:00+00:00,21.68,17.352579365079368,4.08662838625951,1.0589219830877548,True,True
2013-06-04 00:00:00+00:00,22.32,17.345515873015874,4.077558265202631,1.219966412113776,True,True
2013-06-05 00:00:00+00:00,22.65,17.342380952380957,4.0734103156099755,1.3029915074549148,True,True
2013-06-06 00:00:00+00:00,22.33,17.33186507936508,4.056169283526644,1.2322303560982741,True,True
2013-06-07 00:00:00+00:00,23.58,17.31984126984127,4.036720787438854,1.5508030056571143,True,True
2013-06-10 00:00:00+00:00,22.68,17.318214285714284,4.034103471953259,1.3291145731791583,True,True
2013-06-11 00:00:00+00:00,23.27,17.31638888888889,4.031561941580596,1.4767504995289649,True,True
2013-06-12 00:00:00+00:00,22.04,17.317777777777778,4.03355989178548,1.1707331362152902,True,True
2013-06-13 00:00:00+00:00,22.69,17.31781746031746,4.033606484688383,1.3318558863080494,True,True
2013-06-14 00:00:00+00:00,20.91,17.319801587301587,4.036134837022631,0.8895139923885259,False,True
2013-06-17 00:00:00+00:00,21.27,17.311904761904763,4.027110164590349,0.982862419036373,False,False
2013-06-18 00:00:00+00:00,22.7,17.301230158730156,4.01295825281656,1.3453341652584172,False,False
2013-06-19 00:00:00+00:00,22.53,17.295674603174604,4.004468612164087,1.3071210949001981,False,False
2013-06-20 00:00:00+00:00,29.94,17.29404761904762,4.002248905367205,3.159711622131637,True,False
2013-06-21 00:00:00+00:00,27.19,17.33095238095238,4.0754334315621765,2.419140880254422,True,True
2013-06-24 00:00:00+00:00,27.69,17.357460317460315,4.117698644861456,2.5092996291590772,True,True
2013-06-25 00:00:00+00:00,25.86,17.38845238095238,4.165869717562015,2.0335603831618165,True,True
2013-06-26 00:00:00+00:00,31.43,17.40746031746032,4.193570479311588,3.3438187701191575,True,True
2013-06-27 00:00:00+00:00,33.51,17.451666666666664,4.281864145179019,3.750313599139647,True,True
2013-06-28 00:00:00+00:00,31.84,17.503452380952382,4.395791493496685,3.261425761494306,True,True
2013-07-01 00:00:00+00:00,28.84,17.548571428571428,4.483831904594909,2.5182542101672953,True,True
2013-07-02 00:00:00+00:00,28.19,17.583809523809524,4.537431896850361,2.337487529796914,True,True
2013-07-03 00:00:00+00:00,27.25,17.6140873015873,4.58260303300273,2.102715995476224,True,True
2013-07-05 00:00:00+00:00,27.15,17.644722222222224,4.6211045749099755,2.0569276508880883,True,True
2013-07-08 00:00:00+00:00,26.79,17.67571428571429,4.658557122955949,1.9564610830622404,True,True
2013-07-09 00:00:00+00:00,25.68,17.68190476190476,4.669658819325265,1.712779358739299,True,True
2013-07-10 00:00:00+00:00,26.24,17.708650793650794,4.6961205237075525,1.8166802072647334,True,True
2013-07-11 00:00:00+00:00,23.85,17.735555555555557,4.725523990095247,1.2939188240839306,True,True
2013-07-12 00:00:00+00:00,24.07,17.75464285714286,4.7405043975989125,1.3322120629306662,True,True
2013-07-15 00:00:00+00:00,23.53,17.769682539682538,4.754539527016001,1.2115405556282544,True,True
2013-07-16 00:00:00+00:00,23.2,17.786785714285717,4.7675117736266035,1.1354380529608004,True,True
2013-07-17 00:00:00+00:00,23.61,17.802222222222223,4.7787477545708175,1.215334660052459,True,True
2013-07-18 00:00:00+00:00,22.52,17.822420634920636,4.792530801956379,0.9801876209458571,False,True
2013-07-19 00:00:00+00:00,21.19,17.840238095238096,4.801643305071841,0.6976282268246885,False,False
2013-07-22 00:00:00+00:00,21.76,17.8540873015873,4.806268023224862,0.8126705958840705,False,False
2013-07-23 00:00:00+00:00,21.66,17.871587301587304,4.812449892150595,0.7872108350866847,False,False
2013-07-24 00:00:00+00:00,22.61,17.890753968253968,4.81790020418386,0.9795234089007994,False,False
2013-07-25 00:00:00+00:00,21.77,17.913492063492065,4.826624420312618,0.7990072565576068,False,False
2013-07-26 00:00:00+00:00,22.22,17.927103174603175,4.832664498663641,0.8883084738416918,False,False
2013-07-29 00:00:00+00:00,22.77,17.9375,4.839091863124898,0.9986377892151357,False,False
2013-07-30 00:00:00+00:00,23.72,17.949920634920634,4.8474887729664,1.1903234097741684,False,False
2013-07-31 00:00:00+00:00,24.99,17.967182539682536,4.8602940820650655,1.4449367346375825,False,False
2013-08-01 00:00:00+00:00,24.61,17.990515873015873,4.879877306004734,1.3564857704186106,False,False
2013-08-02 00:00:00+00:00,24.24,18.01107142857143,4.896845399173242,1.2720288397261283,False,False
2013-08-05 00:00:00+00:00,23.49,18.02984126984127,4.911656512401952,1.1116735700820704,False,False
2013-08-06 00:00:00+00:00,23.82,18.047619047619047,4.9233122055605225,1.1724588470870219,False,False
2013-08-07 00:00:00+00:00,23.49,18.07051587301587,4.936722315753158,1.097789946517848,False,False
2013-08-08 00:00:00+00:00,21.71,18.09765873015873,4.9476725256346645,0.7301092081428521,False,False
2013-08-09 00:00:00+00:00,21.5,18.118928571428572,4.95164909176185,0.6828172525788587,False,False
2013-08-12 00:00:00+00:00,21.58,18.13884920634921,4.955125949195479,0.6944628308003953,False,False
2013-08-13 00:00:00+00:00,21.37,18.160000000000004,4.958405716658995,0.6473855072438315,False,False
2013-08-14 00:00:00+00:00,21.21,18.180555555555557,4.960942801019733,0.6106590150206397,False,False
2013-08-15 00:00:00+00:00,22.45,18.20059523809524,4.962947576618624,0.8562260020485613,False,False
2013-08-16 00:00:00+00:00,22.97,18.229642857142856,4.966324551740078,0.95450007213005,False,False
2013-08-19 00:00:00+00:00,24.25,18.26142857142857,4.970945498219894,1.204714763160439,False,False
2013-08-20 00:00:00+00:00,23.82,18.298650793650793,4.980558674110256,1.1085802954295203,False,False
2013-08-21 00:00:00+00:00,23.28,18.33297619047619,4.988711187688905,0.9916436577310848,False,False
2013-08-22 00:00:00+00:00,22.69,18.367023809523808,4.99309462115888,0.8657909610118395,False,False
2013-08-23 00:00:00+00:00,22.63,18.398412698412702,4.995317554514053,0.8471107703179738,False,False
2013-08-26 00:00:00+00:00,23.67,18.42357142857143,5.000619079488569,1.049155812116995,False,False
2013-08-27 00:00:00+00:00,23.9,18.449444444444445,5.010860047459769,1.087748511020316,False,False
2013-08-28 00:00:00+00:00,25.89,18.47309523809524,5.022497745984958,1.47673630472685,False,False
2013-08-29 00:00:00+00:00,24.36,18.508849206349208,5.04313930492549,1.1602199423553776,False,False
2013-08-30 00:00:00+00:00,24.44,18.538452380952382,5.055537572319513,1.1673432418661567,False,False
2013-09-03 00:00:00+00:00,25.2,18.569801587301583,5.067575345349568,1.308357145352134,False,False
2013-09-04 00:00:00+00:00,24.61,18.604325396825395,5.083029880906622,1.1815147154128902,False,False
2013-09-05 00:00:00+00:00,25.64,18.633968253968256,5.096220704122236,1.3747504577980107,False,False
2013-09-06 00:00:00+00:00,23.59,18.664722222222224,5.115062703075802,0.9628968526262828,False,False
2013-09-09 00:00:00+00:00,22.04,18.687023809523808,5.1242649333344445,0.6543331061328154,False,False
2013-09-10 00:00:00+00:00,22.58,18.70234126984127,5.128510698697726,0.7560983993156875,False,False
2013-09-11 00:00:00+00:00,22.63,18.721309523809527,5.13399670653364,0.76133482345561,False,False
2013-09-12 00:00:00+00:00,25.09,18.735912698412697,5.139880124045668,1.2362325867993038,False,False
2013-09-13 00:00:00+00:00,24.88,18.759761904761906,5.155402915966298,1.1871502955246618,False,False
2013-09-16 00:00:00+00:00,25.12,18.78075396825397,5.1695476528651545,1.2262670657910635,False,False
2013-09-17 00:00:00+00:00,25.35,18.80047619047619,5.184251797956056,1.2633498650868056,False,False
2013-09-18 00:00:00+00:00,23.2,18.825555555555557,5.200627537303773,0.8411378075178099,False,False
2013-09-19 00:00:00+00:00,21.75,18.84670634920635,5.207559692722375,0.5575151937002347,False,False
2013-09-20 00:00:00+00:00,22.27,18.86126984126984,5.210537894880689,0.6541992837398242,False,False
2013-09-23 00:00:00+00:00,22.7,18.878650793650795,5.214588768157642,0.7328189002522856,False,False
2013-09-24 00:00:00+00:00,22.84,18.898531746031747,5.219586983075292,0.7551302941686024,False,False
2013-09-25 00:00:00+00:00,21.97,18.92055555555556,5.224479509416425,0.5836838749100698,False,False
2013-09-26 00:00:00+00:00,21.79,18.939920634920632,5.226710969950189,0.5452911747875985,False,False
2013-09-27 00:00:00+00:00,22.57,18.95916666666667,5.228246651393677,0.690639438820432,False,False
2013-09-30 00:00:00+00:00,23.72,18.98230158730159,5.2312856985713925,0.9056470408397356,False,False
2013-10-01 00:00:00+00:00,25.48,19.01170634920635,5.237027443056079,1.2351078395378932,False,False
2013-10-02 00:00:00+00:00,24.04,19.045277777777777,5.25130546491814,0.9511391511291721,False,False
2013-10-03 00:00:00+00:00,24.54,19.07416666666667,5.258702870147204,1.039388128270561,False,False
2013-10-04 00:00:00+00:00,24.77,19.104484126984126,5.268133030707323,1.0754314365245248,False,False
2013-10-07 00:00:00+00:00,24.81,19.137936507936505,5.277265879910527,1.07481101410029,False,False
2013-10-08 00:00:00+00:00,25.44,19.170555555555556,5.286849626478635,1.1858563960367978,False,False
2013-10-09 00:00:00+00:00,25.81,19.20297619047619,5.300182086572653,1.2465654389991385,False,False
2013-10-10 00:00:00+00:00,25.36,19.24238095238095,5.312277657471827,1.151600018311259,False,False
2013-10-11 00:00:00+00:00,25.83,19.279007936507934,5.322542472769862,1.2308012753316582,False,False
2013-10-14 00:00:00+00:00,26.45,19.31912698412698,5.333700048457797,1.3369467632389378,False,False
2013-10-15 00:00:00+00:00,26.07,19.362460317460318,5.347135389246221,1.2544174018913772,False,False
2013-10-16 00:00:00+00:00,24.72,19.405158730158732,5.357597016521284,0.9920196038357924,False,False
2013-10-17 00:00:00+00:00,22.31,19.440873015873017,5.362928307521916,0.5349926047123943,False,False
2013-10-18 00:00:00+00:00,21.43,19.468015873015872,5.3600593919290045,0.3660377588237952,False,False
2013-10-21 00:00:00+00:00,21.52,19.493055555555557,5.3544022723468165,0.3785566233812387,False,False
2013-10-22 00:00:00+00:00,20.75,19.52035714285714,5.347093661879622,0.2299647125894206,False,False
2013-10-23 00:00:00+00:00,20.52,19.54424603174603,5.33904834946013,0.1827580318415049,False,False
2013-10-24 00:00:00+00:00,20.67,19.56575396825397,5.331986076959025,0.20709844620896206,False,False
2013-10-25 00:00:00+00:00,19.9,19.588730158730158,5.324183342218527,0.05846339640515424,False,False
2013-10-28 00:00:00+00:00,20.32,19.605,5.318821238070527,0.13442828175578536,False,False
2013-10-29 00:00:00+00:00,20.65,19.62333333333333,5.313266940187509,0.19322700670304277,False,False
2013-10-30 00:00:00+00:00,20.81,19.644325396825398,5.3068020642073535,0.2196566951378676,False,False
2013-10-31 00:00:00+00:00,20.57,19.667698412698414,5.298876474569562,0.17028167983004022,False,False
2013-11-01 00:00:00+00:00,20.68,19.68984126984127,5.290904317845962,0.18714357143427673,False,False
2013-11-04 00:00:00+00:00,20.3,19.714404761904763,5.281027007867514,0.11088662058020825,False,False
2013-11-05 00:00:00+00:00,20.19,19.7306746031746,5.27647035277705,0.08705163984928974,False,False
2013-11-06 00:00:00+00:00,19.43,19.74142857142857,5.274626281852069,-0.059042774745971215,False,False
2013-11-07 00:00:00+00:00,20.01,19.747103174603172,5.273514437562241,0.04985230030362019,False,False
2013-11-08 00:00:00+00:00,19.37,19.760277777777777,5.269992508350482,-0.07405660959847046,False,False
2013-11-11 00:00:00+00:00,19.15,19.769603174603173,5.267202649061925,-0.11763420090045784,False,False
2013-11-12 00:00:00+00:00,21.2,19.781825396825397,5.262154800903846,0.2695045388879498,False,False
2013-11-13 00:00:00+00:00,20.46,19.803809523809527,5.256435457281158,0.12483563843279503,False,False
2013-11-14 00:00:00+00:00,19.44,19.82730158730159,5.246035256901263,-0.0738274846308146,False,False
2013-11-15 00:00:00+00:00,18.03,19.84515873015873,5.236983976481475,-0.34660383501464576,False,False
2013-11-18 00:00:00+00:00,19.52,19.860119047619047,5.226339473145644,-0.06507787130297835,False,False
2013-11-19 00:00:00+00:00,19.45,19.88488095238095,5.20979536209006,-0.08347371099168964,False,False
2013-11-20 00:00:00+00:00,23.04,19.908055555555556,5.194738967180214,0.6029069919069507,False,False
2013-11-21 00:00:00+00:00,21.3,19.945833333333333,5.182700201101952,0.26128593476789247,False,False
2013-11-22 00:00:00+00:00,20.33,19.977896825396822,5.165890884132475,0.06815923574473753,False,False
2013-11-25 00:00:00+00:00,20.02,19.997142857142855,5.158095460179415,0.004431314432546361,False,False
2013-11-26 00:00:00+00:00,19.68,20.024285714285714,5.140044557540381,-0.06698107583146366,False,False
2013-11-27 00:00:00+00:00,19.75,20.048095238095236,5.124412427969633,-0.05817159377496586,False,False
2013-11-29 00:00:00+00:00,19.33,20.07210317460317,5.108701110178348,-0.14526259387628682,False,False
2013-12-02 00:00:00+00:00,21.43,20.098531746031746,5.087438305565247,0.26171683546741686,False,False
2013-12-03 00:00:00+00:00,21.09,20.131031746031745,5.06957817137104,0.18916135061961323,False,False
2013-12-04 00:00:00+00:00,20.82,20.16154761904762,5.052014113135195,0.13033462817144725,False,False
2013-12-05 00:00:00+00:00,21.78,20.188809523809525,5.036874957162662,0.31590827442077596,False,False
2013-12-06 00:00:00+00:00,20.5,20.21968253968254,5.02261331582788,0.055811077359686025,False,False
2013-12-09 00:00:00+00:00,20.65,20.24519841269841,5.007557511541136,0.08083813043956538,False,False
2013-12-10 00:00:00+00:00,19.63,20.272103174603174,4.9913558686632875,-0.12864303638104127,False,False
2013-12-11 00:00:00+00:00,20.02,20.293650793650794,4.976737455629987,-0.05498598149701959,False,False
2013-12-12 00:00:00+00:00,22.24,20.31690476190476,4.961631184079483,0.3875933471770183,False,False
2013-12-13 00:00:00+00:00,21.87,20.352222222222224,4.94341308112722,0.307030335695047,False,False
2013-12-16 00:00:00+00:00,21.91,20.38738095238095,4.922448161444262,0.3093214997255162,False,False
2013-12-17 00:00:00+00:00,21.79,20.4243253968254,4.898648315606051,0.27878600691212135,False,False
2013-12-18 00:00:00+00:00,21.39,20.463293650793652,4.870102450009152,0.19028477505737215,False,False
2013-12-19 00:00:00+00:00,22.07,20.493849206349207,4.851556765912155,0.3248752657549204,False,False
2013-12-20 00:00:00+00:00,21.01,20.526944444444446,4.833645752828155,0.0999360690164191,False,False
2013-12-23 00:00:00+00:00,20.76,20.552658730158733,4.8188294021861555,0.04302731068819421,False,False
2013-12-24 00:00:00+00:00,20.08,20.58019841269841,4.799993148268428,-0.10420815139681132,False,False
2013-12-26 00:00:00+00:00,19.84,20.607460317460315,4.777423072489871,-0.16064315548682084,False,False
2013-12-27 00:00:00+00:00,19.1,20.632380952380952,4.756849693828435,-0.32214197441829434,False,False
2013-12-30 00:00:00+00:00,20.75,20.649325396825397,4.743685501035979,0.02122286630355593,False,False
2013-12-31 00:00:00+00:00,21.65,20.670952380952382,4.73160837500913,0.20691645238829115,False,False
2014-01-02 00:00:00+00:00,20.42,20.699801587301586,4.715233552064571,-0.05933992117507578,False,False
2014-01-03 00:00:00+00:00,19.19,20.72753968253968,4.692803965878408,-0.3276377393386125,False,False
2014-01-06 00:00:00+00:00,19.5,20.749246031746033,4.672870056903932,-0.2673402034581155,False,False
2014-01-07 00:00:00+00:00,19.12,20.771944444444443,4.652731172059175,-0.3550483325503063,False,False
2014-01-08 00:00:00+00:00,19.43,20.790238095238095,4.637048701514395,-0.2933413433406168,False,False
2014-01-09 00:00:00+00:00,18.46,20.811468253968258,4.61841401726229,-0.5091505969753148,False,False
2014-01-10 00:00:00+00:00,17.27,20.828531746031747,4.601654282802051,-0.7733157528437526,False,False
2014-01-13 00:00:00+00:00,16.67,20.844404761904762,4.5823361753109015,-0.9109774146200734,False,False
2014-01-14 00:00:00+00:00,16.5,20.855833333333333,4.568241802633779,-0.9535032341812589,False,False
2014-01-15 00:00:00+00:00,16.43,20.866626984126984,4.554649842850946,-0.9740873913920711,False,False
2014-01-16 00:00:00+00:00,15.39,20.877222222222223,4.54113770936761,-1.2083364507759802,False,False
2014-01-17 00:00:00+00:00,14.34,20.880793650793652,4.5364458775872425,-1.4418321803659309,False,False
2014-01-21 00:00:00+00:00,15.97,20.878571428571426,4.539523416775309,-1.0812966423815196,False,False
2014-01-22 00:00:00+00:00,15.62,20.887182539682538,4.528086189578521,-1.163224885560938,False,False
2014-01-23 00:00:00+00:00,16.01,20.898730158730157,4.510827166683783,-1.0837768724187662,False,False
2014-01-24 00:00:00+00:00,17.54,20.91281746031746,4.489862640692206,-0.7512072707412425,False,False
2014-01-27 00:00:00+00:00,18.38,20.930714285714284,4.467247729487126,-0.5709811589085807,False,False
2014-01-28 00:00:00+00:00,18.71,20.947777777777777,4.449151562233786,-0.5029673065698518,False,False
2014-01-29 00:00:00+00:00,17.45,20.964920634920635,4.432073205853288,-0.7930646610887653,False,False
2014-01-30 00:00:00+00:00,17.97,20.980238095238096,4.413113194851777,-0.6821121422287021,False,False
2014-01-31 00:00:00+00:00,18.62,20.99912698412699,4.389848216316466,-0.5419611036400068,False,False
2014-02-03 00:00:00+00:00,19.15,21.0184126984127,4.368542093220177,-0.42769708029422715,False,False
2014-02-04 00:00:00+00:00,18.51,21.04154761904762,4.34297284508913,-0.5829066193472052,False,False
2014-02-05 00:00:00+00:00,18.52,21.06031746031746,4.321633053536018,-0.5878142426365743,False,False
2014-02-06 00:00:00+00:00,17.93,21.082103174603173,4.2947443956044165,-0.7339443012788577,False,False
2014-02-07 00:00:00+00:00,16.59,21.09940476190476,4.273088590055592,-1.055303363566842,False,False
2014-02-10 00:00:00+00:00,17.08,21.111309523809524,4.25622986933578,-0.9471550286447864,False,False
2014-02-11 00:00:00+00:00,16.81,21.126944444444444,4.23400987603565,-1.019587712555467,False,False
2014-02-12 00:00:00+00:00,16.23,21.1365873015873,4.2213308002827485,-1.1623318649319436,False,False
2014-02-13 00:00:00+00:00,16.13,21.145198412698413,4.209033110042225,-1.1915321836582324,False,False
2014-02-14 00:00:00+00:00,16.26,21.150873015873017,4.20126589153561,-1.1641426994008577,False,False
2014-02-18 00:00:00+00:00,16.28,21.156984126984128,4.192986226754746,-1.1631290596341348,False,False
2014-02-19 00:00:00+00:00,16.48,21.158492063492062,4.191156040059591,-1.116277232051122,False,False
2014-02-20 00:00:00+00:00,16.07,21.161388888888887,4.187653744047543,-1.2158094245795608,False,False
2014-02-21 00:00:00+00:00,15.73,21.151388888888892,4.196817431025337,-1.2917857347834107,False,False
2014-02-24 00:00:00+00:00,15.94,21.14674603174603,4.202183141459526,-1.239057379573798,False,False
2014-02-25 00:00:00+00:00,15.86,21.14547619047619,4.203713802401225,-1.257334927857612,False,False
2014-02-26 00:00:00+00:00,16.46,21.13904761904762,4.210574702864287,-1.1112610389894397,False,False
2014-02-27 00:00:00+00:00,15.75,21.142420634920637,4.206466291201527,-1.2819360150822356,False,False
2014-02-28 00:00:00+00:00,16.07,21.14313492063492,4.205531466294695,-1.2063005499527584,False,False
2014-03-03 00:00:00+00:00,17.05,21.14424603174603,4.2041482818616895,-0.9738586170735647,False,False
2014-03-04 00:00:00+00:00,16.75,21.149404761904762,4.198296377456607,-1.047902379052617,False,False
2014-03-05 00:00:00+00:00,16.58,21.152261904761904,4.195042231677164,-1.0899203517514842,False,False
2014-03-06 00:00:00+00:00,16.31,21.156666666666666,4.189631386575492,-1.156824125911521,False,False
2014-03-07 00:00:00+00:00,15.82,21.161666666666665,4.1830612229824125,-1.2769754928086368,False,False
2014-03-10 00:00:00+00:00,15.83,21.165555555555557,4.177612703123602,-1.2771781241392148,False,False
2014-03-11 00:00:00+00:00,16.14,21.174642857142857,4.163425778679174,-1.2092548600061923,False,False
2014-03-12 00:00:00+00:00,16.67,21.187261904761908,4.143198627075887,-1.0902836941587852,False,False
2014-03-13 00:00:00+00:00,17.3,21.205515873015873,4.112892485024685,-0.9495788881513717,False,False
2014-03-14 00:00:00+00:00,18.32,21.225595238095234,4.081177282453418,-0.711950262633169,False,False
2014-03-17 00:00:00+00:00,17.87,21.24833333333333,4.048705808662761,-0.8344230213281794,False,False
2014-03-18 00:00:00+00:00,17.37,21.269920634920638,4.015869614245002,-0.9711273048026575,False,False
2014-03-19 00:00:00+00:00,17.59,21.28607142857143,3.991801064669621,-0.9259157379570798,False,False
2014-03-20 00:00:00+00:00,16.91,21.298253968253967,3.975721754988863,-1.1037628482796726,False,False
2014-03-21 00:00:00+00:00,16.43,21.312460317460317,3.9534694403711867,-1.2349811706150204,False,False
2014-03-24 00:00:00+00:00,17.53,21.324603174603176,3.9336269469079093,-0.9646576113644899,False,False
2014-03-25 00:00:00+00:00,17.16,21.343015873015872,3.904742089894238,-1.0712655987809867,False,False
2014-03-26 00:00:00+00:00,17.32,21.35956349206349,3.877946355507216,-1.0416759598354823,False,False
2014-03-27 00:00:00+00:00,17.6,21.378769841269843,3.8456442575439556,-0.9826103477608655,False,False
2014-03-28 00:00:00+00:00,17.48,21.39968253968254,3.8104085666282703,-1.0286777575536903,False,False
2014-03-31 00:00:00+00:00,17.37,21.41980158730159,3.775983073008514,-1.0725158214427346,False,False
2014-04-01 00:00:00+00:00,16.65,21.43662698412699,3.74824199585725,-1.2770325366978483,False,False
2014-04-02 00:00:00+00:00,16.19,21.448214285714286,3.728785782539132,-1.4101679721954106,False,False
2014-04-03 00:00:00+00:00,16.01,21.452103174603177,3.7227599673055867,-1.461846378062885,False,False
2014-04-04 00:00:00+00:00,15.81,21.45202380952381,3.722876232385636,-1.5155013106380852,False,False
2014-04-07 00:00:00+00:00,15.95,21.45738095238095,3.71373485582865,-1.482976347580981,False,False
2014-04-08 00:00:00+00:00,15.99,21.464246031746033,3.7018828830024058,-1.4787734255131688,False,False
2014-04-09 00:00:00+00:00,14.83,21.473968253968252,3.684163390436739,-1.803385884354234,False,False
2014-04-10 00:00:00+00:00,15.06,21.472698412698414,3.686406257581178,-1.7395528231622746,False,False
2014-04-11 00:00:00+00:00,15.19,21.471785714285716,3.6879712388088253,-1.7033174359338725,False,False
2014-04-14 00:00:00+00:00,15.34,21.447460317460315,3.709132035474916,-1.6466009457326634,False,False
2014-04-15 00:00:00+00:00,16.1,21.371507936507935,3.6364538935968156,-1.4496287016838503,False,False
2014-04-16 00:00:00+00:00,15.44,21.31626984126984,3.610187275743376,-1.6276911396680533,False,False
2014-04-17 00:00:00+00:00,15.96,21.270674603174605,3.6115624331355627,-1.470464570804573,False,False
2014-04-21 00:00:00+00:00,16.22,21.236507936507934,3.6209399447660093,-1.3854159453153012,False,False
2014-04-22 00:00:00+00:00,16.19,21.204166666666666,3.6292282525577426,-1.3816068645263273,False,False
2014-04-23 00:00:00+00:00,15.61,21.176031746031743,3.64053596583114,-1.5289044795251763,False,False
2014-04-24 00:00:00+00:00,15.86,21.144007936507936,3.653891366674529,-1.4461316460311204,False,False
2014-04-25 00:00:00+00:00,16.07,21.121666666666666,3.668948360458775,-1.3768704735966881,False,False
2014-04-28 00:00:00+00:00,15.56,21.09674603174603,3.68187697442012,-1.5037835512192916,False,False
2014-04-29 00:00:00+00:00,15.31,21.062420634920635,3.693041277610939,-1.5576377848237661,False,False
2014-04-30 00:00:00+00:00,15.52,21.031269841269843,3.708353332256212,-1.4861771108301356,False,False
2014-05-01 00:00:00+00:00,15.15,21.005198412698412,3.723942610467198,-1.5723116667374826,False,False
2014-05-02 00:00:00+00:00,14.85,20.974325396825396,3.740136129634463,-1.6374605588016256,False,False
2014-05-05 00:00:00+00:00,15.51,20.945714285714285,3.7593260243141926,-1.4459278739214732,False,False
2014-05-06 00:00:00+00:00,15.02,20.92642857142857,3.774725860452766,-1.5647304704453726,False,False
2014-05-07 00:00:00+00:00,15.4,20.90519841269841,3.792869221656229,-1.451460119232495,False,False
2014-05-08 00:00:00+00:00,14.87,20.87873015873016,3.8079514175746465,-1.577942967181349,False,False
2014-05-09 00:00:00+00:00,14.76,20.855833333333333,3.826693685383377,-1.5929765574436416,False,False
2014-05-12 00:00:00+00:00,14.04,20.828611111111112,3.84558950241329,-1.7652979099435697,False,False
2014-05-13 00:00:00+00:00,13.61,20.789285714285718,3.8641681515818536,-1.857912345596755,False,False
2014-05-14 00:00:00+00:00,13.76,20.743928571428572,3.8811197970868947,-1.7994622522784778,False,False
2014-05-15 00:00:00+00:00,14.57,20.6990873015873,3.896303228053195,-1.573051927133948,False,False
2014-05-16 00:00:00+00:00,14.04,20.645753968253967,3.8878067418451274,-1.6990952500686596,False,False
2014-05-19 00:00:00+00:00,14.23,20.593611111111112,3.8879371182432916,-1.6367577246173204,False,False
2014-05-20 00:00:00+00:00,14.07,20.53761904761905,3.877521681198146,-1.6679775329123545,False,False
2014-05-21 00:00:00+00:00,14.36,20.48765873015873,3.8794310579349336,-1.579525100111086,False,False
2014-05-22 00:00:00+00:00,13.98,20.436785714285712,3.875376808014669,-1.6661052677335606,False,False
2014-05-23 00:00:00+00:00,14.52,20.382698412698414,3.869974708359754,-1.5149190510299884,False,False
2014-05-27 00:00:00+00:00,16.21,20.336825396825397,3.870685857215608,-1.0661741998856096,False,False
2014-05-28 00:00:00+00:00,15.8,20.302341269841268,3.868579589776269,-1.1638228360972276,False,False
2014-05-29 00:00:00+00:00,15.01,20.26638888888889,3.8681537716527044,-1.3588882963778997,False,False
2014-05-30 00:00:00+00:00,15.34,20.235634920634922,3.8790422681351346,-1.262073105222573,False,False
2014-06-02 00:00:00+00:00,15.55,20.211468253968253,3.8905251935769285,-1.1981591230058384,False,False
2014-06-03 00:00:00+00:00,15.05,20.183373015873013,3.89854597112695,-1.3167404088322476,False,False
2014-06-04 00:00:00+00:00,14.79,20.157063492063493,3.910757982278218,-1.3723844626501032,False,False
2014-06-05 00:00:00+00:00,14.15,20.127182539682536,3.922914143453204,-1.523658770268429,False,False
2014-06-06 00:00:00+00:00,13.22,20.09345238095238,3.937650773147527,-1.74557185919719,False,False
2014-06-09 00:00:00+00:00,12.77,20.057301587301584,3.9587974375699915,-1.8407866788391962,False,False
2014-06-10 00:00:00+00:00,12.37,20.014404761904764,3.978990147322221,-1.921192181651742,False,False
2014-06-11 00:00:00+00:00,12.36,19.973492063492063,4.004396352429071,-1.9012833379677094,False,False
2014-06-12 00:00:00+00:00,12.91,19.930198412698413,4.027524172055535,-1.7430555628708992,False,False
2014-06-13 00:00:00+00:00,12.52,19.893968253968257,4.049474822939117,-1.8209690333662123,False,False
2014-06-16 00:00:00+00:00,12.41,19.85361111111111,4.072112431764131,-1.8279483280097868,False,False
2014-06-17 00:00:00+00:00,12.53,19.819880952380952,4.098445773057836,-1.778694011350063,False,False
2014-06-18 00:00:00+00:00,12.11,19.785198412698417,4.123032231403586,-1.8615421810771493,False,False
2014-06-19 00:00:00+00:00,14.48,19.7431746031746,4.147103659930045,-1.2691205802324657,False,False
2014-06-20 00:00:00+00:00,12.79,19.711230158730157,4.156544840915968,-1.665140260391114,False,False
2014-06-23 00:00:00+00:00,12.93,19.643174603174604,4.128707031777987,-1.62597504533608,False,False
2014-06-24 00:00:00+00:00,12.96,19.5865873015873,4.122577456009099,-1.6073893995438069,False,False
2014-06-25 00:00:00+00:00,12.92,19.528134920634923,4.111635526992108,-1.6071791571149165,False,False
2014-06-26 00:00:00+00:00,12.76,19.476785714285715,4.113045370142065,-1.6330444013686425,False,False
2014-06-27 00:00:00+00:00,12.64,19.402698412698413,4.064742664499591,-1.6637457696306504,False,False
2014-06-30 00:00:00+00:00,14.01,19.319880952380952,3.9880524240744153,-1.3314471295129275,False,False
2014-07-01 00:00:00+00:00,13.74,19.249126984126985,3.9226713639086976,-1.4044324576396536,False,False
2014-07-02 00:00:00+00:00,13.89,19.189206349206348,3.8907827750555417,-1.3619897731583588,False,False
2014-07-03 00:00:00+00:00,12.99,19.132460317460318,3.8631684427094215,-1.5900058225657698,False,False
2014-07-07 00:00:00+00:00,12.99,19.075873015873015,3.8482003389055572,-1.5814854944906167,False,False
2014-07-08 00:00:00+00:00,12.83,19.019682539682538,3.8331853410677943,-1.6147621335623454,False,False
2014-07-09 00:00:00+00:00,13.05,18.964285714285715,3.8212979227556567,-1.5477164654099358,False,False
2014-07-10 00:00:00+00:00,12.91,18.914166666666667,3.8156872282597565,-1.5735479108975667,False,False
2014-07-11 00:00:00+00:00,13.27,18.86126984126984,3.806109469972424,-1.4690249677212652,False,False
2014-07-14 00:00:00+00:00,14.23,18.819285714285716,3.809212188331284,-1.2047860521774088,False,False
2014-07-15 00:00:00+00:00,14.73,18.780238095238097,3.8056059434039553,-1.0642820500788182,False,False
2014-07-16 00:00:00+00:00,14.67,18.74531746031746,3.8022213441373585,-1.0718254124266562,False,False
2014-07-17 00:00:00+00:00,15.52,18.711468253968253,3.8003742512004837,-0.8397773595482376,False,False
2014-07-18 00:00:00+00:00,14.35,18.679365079365077,3.7929921218879743,-1.1414115664469457,False,False
2014-07-21 00:00:00+00:00,14.69,18.646944444444443,3.794949541272707,-1.042686971568378,False,False
2014-07-22 00:00:00+00:00,14.62,18.621150793650795,3.7996827117851137,-1.0530223434816828,False,False
2014-07-23 00:00:00+00:00,14.07,18.592817460317463,3.8028031701115594,-1.1893377747933191,False,False
2014-07-24 00:00:00+00:00,14.33,18.562698412698413,3.8084666451956046,-1.1113917508081577,False,False
2014-07-25 00:00:00+00:00,14.68,18.529841269841267,3.809127219443822,-1.0106885509598154,False,False
2014-07-28 00:00:00+00:00,14.55,18.50170634920635,3.811282875417912,-1.0368441489069584,False,False
2014-07-29 00:00:00+00:00,15.05,18.47126984126984,3.812096490906223,-0.8974772410486718,False,False
2014-07-30 00:00:00+00:00,14.85,18.44063492063492,3.8084313563548458,-0.9428120358907075,False,False
2014-07-31 00:00:00+00:00,15.46,18.405436507936507,3.8004247256792993,-0.775028245667997,False,False
2014-08-01 00:00:00+00:00,14.37,18.367619047619048,3.782012876777936,-1.0570083122045837,False,False
2014-08-04 00:00:00+00:00,14.17,18.326984126984126,3.76966636372123,-1.1027459000060034,False,False
2014-08-05 00:00:00+00:00,14.76,18.28702380952381,3.760097093271072,-0.9380140251792003,False,False
2014-08-06 00:00:00+00:00,14.51,18.252380952380953,3.7521772544907996,-0.997389168622532,False,False
2014-08-07 00:00:00+00:00,14.82,18.21543650793651,3.7429617626832865,-0.9071523363632653,False,False
2014-08-08 00:00:00+00:00,14.85,18.181031746031746,3.7341218329789823,-0.892052240131206,False,False
2014-08-11 00:00:00+00:00,14.49,18.15380952380952,3.7332977543904975,-0.9813869037101967,False,False
2014-08-12 00:00:00+00:00,14.35,18.125992063492063,3.734381579967107,-1.0111425366245843,False,False
2014-08-13 00:00:00+00:00,13.53,18.097301587301587,3.7355125544081913,-1.2226706565105292,False,False
2014-08-14 00:00:00+00:00,12.55,18.066190476190474,3.7407912657954974,-1.474605259755767,False,False
2014-08-15 00:00:00+00:00,13.33,18.031825396825393,3.7515577430279636,-1.253299487543126,False,False
2014-08-18 00:00:00+00:00,13.46,17.99563492063492,3.752755905478891,-1.2086144249384971,False,False
2014-08-19 00:00:00+00:00,13.43,17.957896825396823,3.750349882916659,-1.2073265073272212,False,False
2014-08-20 00:00:00+00:00,13.51,17.914960317460316,3.7399495594971195,-1.1778127612107732,False,False
2014-08-21 00:00:00+00:00,13.84,17.87404761904762,3.7314776408519332,-1.0810858344381253,False,False
2014-08-22 00:00:00+00:00,13.46,17.836587301587304,3.724368373455159,-1.1751220241211182,False,False
2014-08-25 00:00:00+00:00,13.55,17.799960317460318,3.7218326996034747,-1.1418998811830283,False,False
2014-08-26 00:00:00+00:00,13.24,17.76392857142857,3.718837269940203,-1.2164900594053987,False,False
2014-08-27 00:00:00+00:00,12.72,17.722539682539683,3.7108755716649306,-1.348075295420167,False,False
2014-08-28 00:00:00+00:00,12.9,17.6781746031746,3.7035507675901678,-1.290160417129551,False,False
2014-08-29 00:00:00+00:00,12.85,17.626626984126982,3.6791193044424513,-1.2983071732301033,False,False
2014-09-02 00:00:00+00:00,14.05,17.58095238095238,3.666618974871414,-0.9629995385806911,False,False
2014-09-03 00:00:00+00:00,13.44,17.539722222222224,3.647550332553144,-1.1239659081969617,False,False
2014-09-04 00:00:00+00:00,14.01,17.493055555555557,3.6243089997936595,-0.9610261033907032,False,False
2014-09-05 00:00:00+00:00,13.27,17.450992063492063,3.602828930538609,-1.1604747669401614,False,False
2014-09-08 00:00:00+00:00,14.47,17.40190476190476,3.5749728139352355,-0.8201194567064123,False,False
2014-09-09 00:00:00+00:00,15.36,17.36571428571429,3.558202224919346,-0.5636875475113713,False,False
2014-09-10 00:00:00+00:00,15.89,17.33920634920635,3.548108997093905,-0.40844470967304797,False,False
2014-09-11 00:00:00+00:00,16.42,17.31265873015873,3.5337389872038965,-0.25261026164953215,False,False
2014-09-12 00:00:00+00:00,17.86,17.288015873015873,3.5181288081172353,0.16258191731479846,False,False
2014-09-15 00:00:00+00:00,16.5,17.2593253968254,3.4835604727063694,-0.2179739386684112,False,False
2014-09-16 00:00:00+00:00,16.58,17.22607142857143,3.450363345214751,-0.18724736033016842,False,False
2014-09-17 00:00:00+00:00,17.14,17.19218253968254,3.4142720722402853,-0.015283650095377686,False,False
2014-09-18 00:00:00+00:00,15.5,17.159603174603177,3.375064384994574,-0.49172489330328584,False,False
2014-09-19 00:00:00+00:00,16.9,17.129047619047622,3.354956238205439,-0.06827141780249885,False,False
2014-09-22 00:00:00+00:00,16.44,17.109801587301586,3.3422291926814673,-0.20040564206914954,False,False
2014-09-23 00:00:00+00:00,16.65,17.086666666666662,3.326508644353202,-0.13126876053904507,False,False
2014-09-24 00:00:00+00:00,17.21,17.06265873015873,3.3076131658921133,0.04454610090461712,False,False
2014-09-25 00:00:00+00:00,17.99,17.04031746031746,3.287386720877648,0.28888677247835237,False,False
2014-09-26 00:00:00+00:00,17.84,17.02452380952381,3.2731383156985903,0.24914198907055404,False,False
2014-09-29 00:00:00+00:00,17.17,17.008849206349208,3.259656427444441,0.0494379690736719,False,False
2014-09-30 00:00:00+00:00,18.83,16.987420634920635,3.2406464994985735,0.5685838814460219,False,False
2014-10-01 00:00:00+00:00,18.73,16.968015873015876,3.2147083588432683,0.5481007700549639,False,False
2014-10-02 00:00:00+00:00,18.2,16.941230158730157,3.1713305605858193,0.3969216760038152,False,False
2014-10-03 00:00:00+00:00,19.13,16.918055555555558,3.1404369143222657,0.7043429003004821,False,False
2014-10-06 00:00:00+00:00,17.6,16.8965873015873,3.1064326429615132,0.22643745390922254,False,False
2014-10-07 00:00:00+00:00,17.56,16.868134920634922,3.0666117561568202,0.22561221777618976,False,False
2014-10-08 00:00:00+00:00,17.5,16.83936507936508,3.025540614437818,0.21835268628766147,False,False
2014-10-09 00:00:00+00:00,17.86,16.807857142857145,2.976563998719849,0.3534756375456253,False,False
2014-10-10 00:00:00+00:00,18.11,16.776309523809523,2.9224102287748734,0.4563666192578251,False,False
2014-10-13 00:00:00+00:00,17.69,16.74753968253968,2.8728369826874522,0.3280591008608768,False,False
2014-10-14 00:00:00+00:00,17.98,16.7152380952381,2.815498855909387,0.44921414267575377,False,False
2014-10-15 00:00:00+00:00,20.04,16.681626984126982,2.7485851724017363,1.221855174652799,False,False
2014-10-16 00:00:00+00:00,19.68,16.657698412698412,2.6921959409337903,1.1226157581432574,False,False
2014-10-17 00:00:00+00:00,18.08,16.637698412698413,2.6504607320143605,0.5441701398856156,False,False
2014-10-20 00:00:00+00:00,17.27,16.6209126984127,2.627690948614805,0.2470181289506169,False,False
2014-10-21 00:00:00+00:00,17.01,16.60440476190476,2.6103685462151334,0.15537853407072663,False,False
2014-10-22 00:00:00+00:00,16.58,16.58650793650794,2.5919279592137463,-0.002510847759022876,False,False
2014-10-23 00:00:00+00:00,16.91,16.569960317460318,2.5785176720111207,0.1318740942638054,False,False
2014-10-24 00:00:00+00:00,16.24,16.555634920634922,2.566485030543375,-0.12298334760522564,False,False
2014-10-27 00:00:00+00:00,16.49,16.538055555555555,2.553329165926527,-0.018820744382214788,False,False
2014-10-28 00:00:00+00:00,16.3,16.52452380952381,2.5444615605069436,-0.08824020492535031,False,False
2014-10-29 00:00:00+00:00,16.75,16.50857142857143,2.5331476456926234,0.0953077377227093,False,False
2014-10-30 00:00:00+00:00,18.08,16.49309523809524,2.5196222648301636,0.6298185184562674,False,False
2014-10-31 00:00:00+00:00,21.54,16.482261904761902,2.5068238429811216,2.017588156183891,True,False
2014-11-03 00:00:00+00:00,21.1,16.48611111111111,2.5138603739343712,1.8353799346730721,True,True
2014-11-04 00:00:00+00:00,20.1,16.487777777777776,2.516789483648297,1.4352500460173598,True,True
2014-11-05 00:00:00+00:00,23.38,16.48698412698413,2.51561379798728,2.7400930454948647,True,True
2014-11-06 00:00:00+00:00,23.18,16.499642857142856,2.5422074260454943,2.6277781562650486,True,True
2014-11-07 00:00:00+00:00,21.38,16.514523809523812,2.570249528910677,1.8929976003295963,True,True
2014-11-10 00:00:00+00:00,22.23,16.51996031746032,2.579106132875227,2.2139607245142874,True,True
2014-11-11 00:00:00+00:00,21.43,16.531309523809526,2.597921531972027,1.8856191058518932,True,True
2014-11-12 00:00:00+00:00,21.29,16.540357142857143,2.6110150274433273,1.8190790965280832,True,True
2014-11-13 00:00:00+00:00,20.98,16.540714285714287,2.6116610026844906,1.6997940045521345,True,True
2014-11-14 00:00:00+00:00,23.36,16.542777777777776,2.6149733230573236,2.606994940297057,True,True
2014-11-17 00:00:00+00:00,23.37,16.558333333333337,2.643777253728294,2.576490382107929,True,True
2014-11-18 00:00:00+00:00,23.97,16.57952380952381,2.6768142321973403,2.760922331322747,True,True
2014-11-19 00:00:00+00:00,24.26,16.59718253968254,2.7107526039265113,2.8268228717065185,True,True
2014-11-20 00:00:00+00:00,21.5,16.61626984126984,2.747604167263501,1.7774504118597805,True,True
2014-11-21 00:00:00+00:00,21.23,16.61015873015873,2.734943274684258,1.6891908920394771,True,True
2014-11-24 00:00:00+00:00,20.64,16.609880952380955,2.7344685612500403,1.473821679550307,True,True
2014-11-25 00:00:00+00:00,20.67,16.61111111111111,2.7362179738380816,1.4833938405848217,True,True
2014-11-26 00:00:00+00:00,21.24,16.613690476190474,2.7397483438226757,1.688589221794946,True,True
2014-11-28 00:00:00+00:00,25.17,16.619880952380953,2.748452876231148,3.110884352997717,True,True
2014-12-01 00:00:00+00:00,22.33,16.64138888888889,2.7938767806925955,2.036099498167888,True,True
2014-12-02 00:00:00+00:00,21.29,16.653293650793646,2.811713239240609,1.6490680075392896,True,True
2014-12-03 00:00:00+00:00,20.62,16.652738095238096,2.8107793440208857,1.41144551713072,True,True
2014-12-04 00:00:00+00:00,20.29,16.650873015873017,2.807977826452884,1.2959956271179065,True,True
2014-12-05 00:00:00+00:00,20.02,16.648769841269843,2.8050396583051995,1.2018475919755975,True,True
2014-12-08 00:00:00+00:00,19.62,16.641785714285714,2.7943835933970367,1.0657857757079707,True,True
2014-12-09 00:00:00+00:00,20.04,16.63829365079365,2.790089437420346,1.2192105040014383,True,True
2014-12-10 00:00:00+00:00,19.27,16.635873015873013,2.7868578230049508,0.9451960420739077,False,True
2014-12-11 00:00:00+00:00,19.11,16.634444444444444,2.785408781591502,0.8887584371515819,False,False
2014-12-12 00:00:00+00:00,19.66,16.630833333333335,2.781589391307262,1.089005687227995,False,False
2014-12-15 00:00:00+00:00,20.95,16.620595238095238,2.7655635728285395,1.565469260747013,False,False
2014-12-16 00:00:00+00:00,22.08,16.616944444444446,2.7592062107128528,1.9799373944378549,False,False
2014-12-17 00:00:00+00:00,20.9,16.617619047619048,2.760525941161831,1.5512916899373936,False,False
2014-12-18 00:00:00+00:00,19.28,16.6140873015873,2.7544447890517176,0.9678584624419005,False,False
2014-12-19 00:00:00+00:00,18.68,16.605714285714285,2.743052485455368,0.7561961447272006,False,False
2014-12-22 00:00:00+00:00,20.26,16.592261904761905,2.7243970864978384,1.346256796931502,False,False
2014-12-23 00:00:00+00:00,19.76,16.589285714285715,2.719957867781173,1.1657218382948047,False,False
2014-12-24 00:00:00+00:00,19.37,16.58531746031746,2.7145729449251976,1.0258271176276226,False,False
2014-12-26 00:00:00+00:00,18.92,16.5825,2.7112978361249316,0.8621332444025506,False,False
2014-12-29 00:00:00+00:00,20.15,16.578849206349208,2.707510850404771,1.3189793101353244,False,False
2014-12-30 00:00:00+00:00,19.48,16.583015873015874,2.7122100395345976,1.0681267618496224,False,False
2014-12-31 00:00:00+00:00,20.08,16.57797619047619,2.7056082140983064,1.2943573246398214,False,False
2015-01-02 00:00:00+00:00,20.23,16.571746031746034,2.695671779282132,1.3570843440102243,False,False
2015-01-05 00:00:00+00:00,21.26,16.570992063492064,2.6946175152926735,1.7401385947714534,False,False
2015-01-06 00:00:00+00:00,20.78,16.57920634920635,2.7057651606636455,1.552534459333241,False,False
2015-01-07 00:00:00+00:00,20.35,16.584285714285713,2.7124631720772223,1.3883006134348654,False,False
2015-01-08 00:00:00+00:00,19.2,16.589166666666667,2.7181449651910157,0.9605202690688197,False,False
2015-01-09 00:00:00+00:00,18.44,16.588253968253966,2.717225729365755,0.681484063592414,False,False
2015-01-12 00:00:00+00:00,17.65,16.5881746031746,2.7171711328896175,0.39078340851361226,False,False
2015-01-13 00:00:00+00:00,17.63,16.589682539682542,2.717656430184479,0.38279947706518536,False,False
2015-01-14 00:00:00+00:00,18.52,16.593492063492064,2.718442200222976,0.7086808527140714,False,False
2015-01-15 00:00:00+00:00,21.83,16.601507936507936,2.7211422687814673,1.9214328201345354,False,False
2015-01-16 00:00:00+00:00,22.66,16.622936507936505,2.7409760867807167,2.2025232256418703,True,False
2015-01-20 00:00:00+00:00,23.43,16.651785714285715,2.766091419089341,2.4504664737168462,True,True
2015-01-21 00:00:00+00:00,22.34,16.687857142857144,2.7949432445878277,2.0222746447849183,True,True
2015-01-22 00:00:00+00:00,21.25,16.71313492063492,2.8171423339851853,1.6104493637519335,True,True
2015-01-23 00:00:00+00:00,20.62,16.73547619047619,2.8307302303259974,1.3722691650049794,True,True
2015-01-26 00:00:00+00:00,20.04,16.75376984126984,2.8409009840189086,1.1567563168221588,True,True
2015-01-27 00:00:00+00:00,20.16,16.763690476190476,2.8480136838952124,1.1925186817095663,True,True
2015-01-28 00:00:00+00:00,19.31,16.770753968253967,2.854238866834512,0.8896403385334661,False,True
2015-01-29 00:00:00+00:00,20.25,16.77313492063492,2.8561126336590146,1.2173417246892007,False,False
2015-01-30 00:00:00+00:00,19.65,16.784246031746033,2.8641913098720146,1.0005455844993891,False,False
2015-02-02 00:00:00+00:00,20.33,16.790912698412697,2.8689135401254293,1.2335984518489782,False,False
2015-02-03 00:00:00+00:00,20.3,16.79769841269841,2.875272282328714,1.2180764962075312,False,False
2015-02-04 00:00:00+00:00,20.36,16.802261904761906,2.879929455418105,1.2353559871214224,False,False
2015-02-05 00:00:00+00:00,20.06,16.809603174603172,2.8866501079775353,1.1260099782838393,False,False
2015-02-06 00:00:00+00:00,20.59,16.815714285714286,2.8919108031440635,1.3051183010839544,False,False
2015-02-09 00:00:00+00:00,20.3,16.82626984126984,2.900834948941356,1.197493211393457,False,False
2015-02-10 00:00:00+00:00,19.71,16.840992063492063,2.9090339108985814,0.9862408017174746,False,False
2015-02-11 00:00:00+00:00,20.07,16.851428571428574,2.914607178136734,1.1042899546514573,False,False
2015-02-12 00:00:00+00:00,19.31,16.86436507936508,2.921648826636505,0.8370735381809772,False,False
2015-02-13 00:00:00+00:00,18.49,16.8765873015873,2.925424384427304,0.5515140664722902,False,False
2015-02-17 00:00:00+00:00,19.61,16.885952380952382,2.9268020099917815,0.9307249379179108,False,False
2015-02-18 00:00:00+00:00,19.54,16.89924603174603,2.9315516449138928,0.9008041774858562,False,False
2015-02-19 00:00:00+00:00,18.62,16.91218253968254,2.935997695594967,0.5816821528435768,False,False
2015-02-20 00:00:00+00:00,19.26,16.920674603174604,2.9378369589344353,0.7962747523177325,False,False
2015-02-23 00:00:00+00:00,19.4,16.933333333333334,2.9410278171949265,0.8387090568287469,False,False
2015-02-24 00:00:00+00:00,18.77,16.947896825396825,2.944130351591384,0.6188935125166172,False,False
2015-02-25 00:00:00+00:00,17.4,16.959126984126982,2.945667497144156,0.14966828954742714,False,False
2015-02-26 00:00:00+00:00,16.65,16.965238095238096,2.9449755210492388,-0.1070426877863433,False,False
2015-02-27 00:00:00+00:00,15.91,16.965992063492063,2.9448699752708793,-0.3585869910588936,False,False
2015-03-02 00:00:00+00:00,16.38,16.966626984126986,2.944623998032226,-0.19921965742281736,False,False
2015-03-03 00:00:00+00:00,16.76,16.967857142857145,2.944312663963574,-0.07059615148933625,False,False
2015-03-04 00:00:00+00:00,16.66,16.966706349206348,2.9443371038580404,-0.1041682179681336,False,False
2015-03-05 00:00:00+00:00,16.9,16.966349206349207,2.9443689529262373,-0.02253427047016916,False,False
2015-03-06 00:00:00+00:00,18.43,16.96761904761905,2.9442706680344624,0.49668699561416596,False,False
2015-03-09 00:00:00+00:00,17.58,16.976031746031747,2.945412688125562,0.20505386440519874,False,False
2015-03-10 00:00:00+00:00,18.97,16.983015873015873,2.94474716880646,0.6747554248568897,False,False
2015-03-11 00:00:00+00:00,20.01,16.99547619047619,2.9464916289970984,1.0230892156139841,False,False
2015-03-12 00:00:00+00:00,19.07,17.01083333333333,2.9520950255439,0.6975272302717576,False,False
2015-03-13 00:00:00+00:00,18.9,17.020357142857144,2.9548611226944876,0.63611884927737,False,False
2015-03-16 00:00:00+00:00,19.14,17.02670634920635,2.9571824685788135,0.7146307924006036,False,False
2015-03-17 00:00:00+00:00,20.83,17.02996031746032,2.9590617790044935,1.2842042398378426,False,False
2015-03-18 00:00:00+00:00,18.65,17.04170634920635,2.9682701619063434,0.5418285947936547,False,False
2015-03-19 00:00:00+00:00,17.25,17.046785714285715,2.9699289006665843,0.0684239564350092,False,False
2015-03-20 00:00:00+00:00,17.21,17.045436507936508,2.9697583654131092,0.055413091509417006,False,False
2015-03-23 00:00:00+00:00,17.26,17.046626984126984,2.969763987119123,0.07184847577062985,False,False
2015-03-24 00:00:00+00:00,16.84,17.049920634920635,2.969537637164588,-0.07069135352703414,False,False
2015-03-25 00:00:00+00:00,16.38,17.04718253968254,2.9694113194498315,-0.224685120351113,False,False
2015-03-26 00:00:00+00:00,16.02,17.044087301587304,2.9696997648825856,-0.3448453994229932,False,False
2015-03-27 00:00:00+00:00,15.83,17.038928571428574,2.970347619879841,-0.4069990203629697,False,False
2015-03-30 00:00:00+00:00,16.64,17.031904761904762,2.9711082119017846,-0.13190524678126966,False,False
2015-03-31 00:00:00+00:00,16.34,17.02857142857143,2.9710746883313064,-0.23175837055720816,False,False
2015-04-01 00:00:00+00:00,16.04,17.024484126984127,2.971311589433264,-0.33132981760822494,False,False
2015-04-02 00:00:00+00:00,16.01,17.022063492063495,2.971866307648238,-0.3405481227264162,False,False
2015-04-06 00:00:00+00:00,15.74,17.021349206349203,2.9720887133126705,-0.43112750995949234,False,False
2015-04-07 00:00:00+00:00,15.2,17.020277777777782,2.972503392185852,-0.6123719766184113,False,False
2015-04-08 00:00:00+00:00,14.79,17.017857142857142,2.9737410157768145,-0.7491765863394032,False,False
2015-04-09 00:00:00+00:00,15.0,17.01325396825397,2.9762972877058687,-0.676429057194682,False,False
2015-04-10 00:00:00+00:00,14.23,17.0093253968254,2.9783060142323516,-0.9331900024859471,False,False
2015-04-13 00:00:00+00:00,14.79,17.006944444444443,2.980294343081515,-0.7438676148182748,False,False
2015-04-14 00:00:00+00:00,15.18,17.005873015873014,2.981045504942233,-0.6124941779137305,False,False
2015-04-15 00:00:00+00:00,14.6,17.005833333333335,2.981069839912955,-0.8070368902875432,False,False
2015-04-16 00:00:00+00:00,14.54,17.002896825396828,2.9830811001162476,-0.8256218127294134,False,False
2015-04-17 00:00:00+00:00,14.47,16.99670634920635,2.9865788541526044,-0.8460203036973762,False,False
2015-04-20 00:00:00+00:00,15.39,16.992857142857144,2.9892171041671753,-0.5362130240130935,False,False
2015-04-21 00:00:00+00:00,15.04,16.99059523809524,2.99021725730323,-0.6523255905005415,False,False
2015-04-22 00:00:00+00:00,15.79,16.985912698412697,2.9923519311735167,-0.39965643277249635,False,False
2015-04-23 00:00:00+00:00,15.87,16.984325396825398,2.9928818510214454,-0.3723252210724885,False,False
2015-04-24 00:00:00+00:00,16.39,16.98535714285714,2.992450972054243,-0.19895301490885964,False,False
2015-04-27 00:00:00+00:00,16.42,16.987460317460318,2.9918430771715663,-0.18966914467879878,False,False
2015-04-28 00:00:00+00:00,16.19,16.988849206349208,2.99149669150055,-0.26703997655050055,False,False
2015-04-29 00:00:00+00:00,15.95,16.991349206349206,2.9905609417123387,-0.3482119999042553,False,False
2015-04-30 00:00:00+00:00,16.76,16.993888888888886,2.9893989248390134,-0.07823943701374018,False,False
2015-05-01 00:00:00+00:00,17.29,16.998809523809523,2.9879833989264295,0.09745384672990465,False,False
2015-05-04 00:00:00+00:00,17.62,17.007301587301587,2.985748196206983,0.20520766402095467,False,False
2015-05-05 00:00:00+00:00,17.15,17.018293650793648,2.9828719324199784,0.04415420849110949,False,False
2015-05-06 00:00:00+00:00,17.53,17.02480158730159,2.9813567395205705,0.16945252005623887,False,False
2015-05-07 00:00:00+00:00,17.91,17.034761904761904,2.978823991672568,0.29382001007272074,False,False
2015-05-08 00:00:00+00:00,15.84,17.04472222222222,2.9775321210852197,-0.4046042740197661,False,False
2015-05-11 00:00:00+00:00,15.94,17.048571428571428,2.9753357209310938,-0.3725870061562381,False,False
2015-05-12 00:00:00+00:00,15.63,17.05325396825397,2.9726469697824363,-0.4787833815187729,False,False
2015-05-13 00:00:00+00:00,15.93,17.05956349206349,2.9679094094809173,-0.3805923079913172,False,False
2015-05-14 00:00:00+00:00,16.21,17.06876984126984,2.960756013237815,-0.29005086451912976,False,False
2015-05-15 00:00:00+00:00,15.48,17.078492063492064,2.9538622343533136,-0.5411532213322805,False,False
2015-05-18 00:00:00+00:00,15.81,17.082103174603176,2.9513385344096794,-0.43102584124854365,False,False
2015-05-19 00:00:00+00:00,15.88,17.089126984126985,2.9461715369012444,-0.41040617254714645,False,False
2015-05-20 00:00:00+00:00,15.25,17.0956746031746,2.9416220322380044,-0.6274343144521528,False,False
2015-05-21 00:00:00+00:00,14.62,17.100357142857142,2.9377230984923184,-0.8443127754723029,False,False
2015-05-22 00:00:00+00:00,14.19,17.101388888888888,2.9368023466794804,-0.9913465549292665,False,False
2015-05-26 00:00:00+00:00,15.22,17.102222222222224,2.935942775718465,-0.6410963584811759,False,False
2015-05-27 00:00:00+00:00,14.08,17.105,2.9338203069761946,-1.0310788267457942,False,False
2015-05-28 00:00:00+00:00,14.51,17.09654761904762,2.9394719261961155,-0.8799361531561879,False,False
2015-05-29 00:00:00+00:00,13.99,17.091428571428573,2.9428601460992914,-1.0538824196384122,False,False
2015-06-01 00:00:00+00:00,14.88,17.08738095238095,2.94643364101604,-0.7491704281586204,False,False
2015-06-02 00:00:00+00:00,14.86,17.085555555555555,2.9476627395928037,-0.7550238111239952,False,False
2015-06-03 00:00:00+00:00,15.15,17.082817460317465,2.94941475699468,-0.6553223671691796,False,False
2015-06-04 00:00:00+00:00,16.01,17.083214285714288,2.9491468794295224,-0.36390669220309796,False,False
2015-06-05 00:00:00+00:00,15.12,17.088055555555556,2.9463674354416094,-0.6679599875704503,False,False
2015-06-08 00:00:00+00:00,15.14,17.09190476190476,2.9431456500804027,-0.6632035902985084,False,False
2015-06-09 00:00:00+00:00,14.83,17.09952380952381,2.93555776198208,-0.7731150239712652,False,False
2015-06-10 00:00:00+00:00,14.37,17.107698412698415,2.9263070189644997,-0.9355472255495513,False,False
2015-06-11 00:00:00+00:00,14.3,17.11563492063492,2.9161009267839875,-0.9655478295602528,False,False
2015-06-12 00:00:00+00:00,13.99,17.12333333333333,2.9060395963335672,-1.0782142601520404,False,False
2015-06-15 00:00:00+00:00,14.34,17.127619047619046,2.9005924463041093,-0.9610516124631668,False,False
2015-06-16 00:00:00+00:00,14.36,17.13484126984127,2.891325185669441,-0.9597126202180543,False,False
2015-06-17 00:00:00+00:00,13.58,17.142579365079367,2.8812213984115367,-1.2364823359438724,False,False
2015-06-18 00:00:00+00:00,13.53,17.14674603174603,2.8752774553429985,-1.2578772267786522,False,False
2015-06-19 00:00:00+00:00,13.26,17.152380952380952,2.866745987263732,-1.3577697395143733,False,False
2015-06-22 00:00:00+00:00,13.85,17.147539682539684,2.872301764908816,-1.148047786213148,False,False
2015-06-23 00:00:00+00:00,13.89,17.151746031746036,2.8666655614528254,-1.1378188218415628,False,False
2015-06-24 00:00:00+00:00,13.83,17.155555555555555,2.86166642882949,-1.1621045423228484,False,False
2015-06-25 00:00:00+00:00,13.12,17.159007936507937,2.857105807204671,-1.4136711095273065,False,False
2015-06-26 00:00:00+00:00,13.22,17.159801587301587,2.8559511432423887,-1.379505947300167,False,False
2015-06-29 00:00:00+00:00,14.5,17.161626984126983,2.8532735326878633,-0.9328327458390068,False,False
2015-06-30 00:00:00+00:00,15.34,17.16900793650794,2.8439206510132915,-0.6431290323997828,False,False
2015-07-01 00:00:00+00:00,14.86,17.174285714285716,2.8392650776196855,-0.8151002639830698,False,False
2015-07-02 00:00:00+00:00,14.42,17.178730158730158,2.834740791181939,-0.9731860377893357,False,False
2015-07-06 00:00:00+00:00,14.25,17.180833333333332,2.8324867827586386,-1.0347209212672517,False,False
2015-07-07 00:00:00+00:00,15.23,17.18583333333333,2.8261645521267167,-0.692045101146551,False,False
2015-07-08 00:00:00+00:00,15.78,17.19472222222222,2.8164210289962552,-0.5023120505269112,False,False
2015-07-09 00:00:00+00:00,15.47,17.20642857142857,2.804311695677121,-0.6191995611990262,False,False
2015-07-10 00:00:00+00:00,14.42,17.21603174603175,2.794146721876114,-1.0006746332040752,False,False
2015-07-13 00:00:00+00:00,13.43,17.222023809523808,2.7864842174776365,-1.3608631930298174,False,False
2015-07-14 00:00:00+00:00,13.25,17.222658730158727,2.7855982202794913,-1.4261420405991403,False,False
2015-07-15 00:00:00+00:00,14.35,17.21876984126984,2.79047263460969,-1.028058761691136,False,False
2015-07-16 00:00:00+00:00,14.05,17.217261904761905,2.7919251884365077,-1.134436523542949,False,False
2015-07-17 00:00:00+00:00,16.32,17.214801587301586,2.794450882976543,-0.3202065896926689,False,False
2015-07-20 00:00:00+00:00,19.73,17.217976190476193,2.7929718766600047,0.8994089165437028,False,False
2015-07-21 00:00:00+00:00,19.56,17.2393253968254,2.791523727712288,0.8313289907359805,False,False
2015-07-22 00:00:00+00:00,19.59,17.25865079365079,2.7906618196251762,0.835410865606905,False,False
2015-07-23 00:00:00+00:00,19.39,17.278373015873015,2.7895013998039837,0.7569908315067947,False,False
2015-07-24 00:00:00+00:00,19.27,17.29948412698413,2.785251305074059,0.7074822546267417,False,False
2015-07-27 00:00:00+00:00,20.06,17.319087301587302,2.7816502382803887,0.9853549021702757,False,False
2015-07-28 00:00:00+00:00,18.4,17.34043650793651,2.781960279362931,0.38086938189718844,False,False
2015-07-29 00:00:00+00:00,17.22,17.355714285714285,2.7771423096561576,-0.04886832239111619,False,False
2015-07-30 00:00:00+00:00,17.07,17.3643253968254,2.7733261240088196,-0.10612722185011365,False,False
2015-07-31 00:00:00+00:00,16.79,17.373134920634918,2.7688297925245045,-0.21060699440944705,False,False
2015-08-03 00:00:00+00:00,17.58,17.378412698412696,2.7664351081288516,0.07286897892343888,False,False
2015-08-04 00:00:00+00:00,17.24,17.39115079365079,2.759910188409651,-0.05476656243581987,False,False
2015-08-05 00:00:00+00:00,17.74,17.403333333333336,2.752400473502038,0.12231747156993546,False,False
2015-08-06 00:00:00+00:00,17.25,17.41515873015873,2.747395502365446,-0.060114654048363934,False,False
2015-08-07 00:00:00+00:00,16.59,17.426031746031747,2.7412673601865993,-0.3049800096751007,False,False
2015-08-10 00:00:00+00:00,16.41,17.433055555555555,2.7368274499729726,-0.37381076237219774,False,False
2015-08-11 00:00:00+00:00,16.53,17.439246031746034,2.732722732523937,-0.3327253149119359,False,False
2015-08-12 00:00:00+00:00,16.8,17.447341269841267,2.7269667917067246,-0.23738509460766685,False,False
2015-08-13 00:00:00+00:00,15.84,17.457063492063494,2.7202391995421986,-0.5944563596964696,False,False
2015-08-14 00:00:00+00:00,15.59,17.466230158730163,2.7108288956328392,-0.6921241549965697,False,False
2015-08-17 00:00:00+00:00,15.4,17.478293650793653,2.6955852695284093,-0.7709990384230169,False,False
2015-08-18 00:00:00+00:00,15.84,17.486507936507937,2.686030800658944,-0.6129892241384618,False,False
2015-08-19 00:00:00+00:00,15.96,17.49595238095238,2.675982056339551,-0.5739770852773932,False,False
2015-08-20 00:00:00+00:00,16.87,17.505992063492066,2.665391782556329,-0.2386110993717015,False,False
2015-08-21 00:00:00+00:00,18.48,17.519325396825398,2.653701005232039,0.3620131285629149,False,False
2015-08-24 00:00:00+00:00,21.26,17.537738095238094,2.6441504338426647,1.4077345438143078,False,False
2015-08-25 00:00:00+00:00,20.2,17.568690476190476,2.641878683723175,0.9959993772693769,False,False
2015-08-26 00:00:00+00:00,20.03,17.595079365079364,2.6347801668338473,0.9241456519109232,False,False
2015-08-27 00:00:00+00:00,18.74,17.62202380952381,2.6247654934956675,0.42593374274639123,False,False
2015-08-28 00:00:00+00:00,18.8,17.6459126984127,2.6073097445263795,0.4426352887339593,False,False
2015-08-31 00:00:00+00:00,19.34,17.669325396825396,2.5909620614079976,0.6448085937108298,False,False
2015-09-01 00:00:00+00:00,19.65,17.695079365079366,2.5750738189339963,0.7591707160185068,False,False
2015-09-02 00:00:00+00:00,18.65,17.717301587301588,2.5676449633247724,0.3632505373681747,False,False
2015-09-03 00:00:00+00:00,18.57,17.73797619047619,2.5540062021667262,0.3257720395580685,False,False
2015-09-04 00:00:00+00:00,18.62,17.75607142857143,2.5436208864533043,0.33964517905543223,False,False
2015-09-08 00:00:00+00:00,18.31,17.777301587301586,2.528309645132718,0.21069350177258428,False,False
2015-09-09 00:00:00+00:00,17.8,17.79253968253968,2.519854841992728,0.00296061397505797,False,False
2015-09-10 00:00:00+00:00,16.89,17.802222222222223,2.5151540356270137,-0.3626903995940793,False,False
2015-09-11 00:00:00+00:00,17.38,17.806190476190476,2.512912900687796,-0.1696001783722098,False,False
2015-09-14 00:00:00+00:00,17.63,17.810000000000002,2.511530382169031,-0.0716694495427724,False,False
2015-09-15 00:00:00+00:00,17.69,17.8090873015873,2.5115539308816177,-0.047415785153176834,False,False
2015-09-16 00:00:00+00:00,18.05,17.813809523809525,2.510201133873325,0.09409225141493988,False,False
2015-09-17 00:00:00+00:00,16.63,17.819642857142856,2.509030278747198,-0.47414448012834126,False,False
2015-09-18 00:00:00+00:00,16.46,17.817619047619047,2.509786241456317,-0.5409301498247439,False,False
2015-09-21 00:00:00+00:00,16.59,17.821428571428573,2.5069813960174465,-0.49119972465084993,False,False
2015-09-22 00:00:00+00:00,17.35,17.82019841269841,2.507511337538929,-0.18751596679116067,False,False
2015-09-23 00:00:00+00:00,17.34,17.823809523809526,2.50617066573801,-0.19304731733704794,False,False
2015-09-24 00:00:00+00:00,19.26,17.82654761904762,2.5052598822088337,0.5721771186822093,False,False
2015-09-25 00:00:00+00:00,18.33,17.83468253968254,2.506577859979715,0.19760705152062075,False,False
2015-09-28 00:00:00+00:00,18.28,17.836031746031747,2.506753294337079,0.17710887424430952,False,False
2015-09-29 00:00:00+00:00,17.67,17.837777777777777,2.5069093013592667,-0.06692614594664638,False,False
2015-09-30 00:00:00+00:00,17.47,17.839761904761904,2.50657651778267,-0.14751670341546094,False,False
2015-10-01 00:00:00+00:00,16.9,17.83436507936508,2.5058999690791772,-0.37286607242683617,False,False
2015-10-02 00:00:00+00:00,16.71,17.827103174603177,2.505945746605555,-0.44578106932935635,False,False
2015-10-05 00:00:00+00:00,16.68,17.821190476190473,2.50682005423041,-0.45523430142687976,False,False
2015-10-06 00:00:00+00:00,17.54,17.811468253968258,2.5064747682609463,-0.10830679702258077,False,False
2015-10-07 00:00:00+00:00,17.13,17.81123015873016,2.5064977857567543,-0.2717856614920119,False,False
2015-10-08 00:00:00+00:00,16.91,17.80952380952381,2.506815842608688,-0.35883122893771535,False,False
2015-10-09 00:00:00+00:00,16.92,17.80718253968254,2.5073815325581776,-0.3538282978328321,False,False
2015-10-12 00:00:00+00:00,16.24,17.803452380952383,2.508001773152899,-0.6233856760742684,False,False
2015-10-13 00:00:00+00:00,17.14,17.796031746031748,2.5098569281505547,-0.26138212846863706,False,False
2015-10-14 00:00:00+00:00,18.35,17.793849206349204,2.510188613943072,0.22155737244667867,False,False
2015-10-15 00:00:00+00:00,17.9,17.79531746031746,2.510406131015952,0.04169944392231643,False,False
2015-10-16 00:00:00+00:00,16.59,17.786825396825396,2.506399029859903,-0.4775079237452041,False,False
2015-10-19 00:00:00+00:00,16.94,17.77456349206349,2.5046581718282512,-0.33320454721144893,False,False
2015-10-20 00:00:00+00:00,16.79,17.770039682539682,2.5051337723847964,-0.3912125146142279,False,False
2015-10-21 00:00:00+00:00,15.9,17.768134920634925,2.5056979078948514,-0.7455547273870806,False,False
2015-10-22 00:00:00+00:00,15.59,17.76373015873016,2.5080105079071022,-0.8667149327632222,False,False
2015-10-23 00:00:00+00:00,15.59,17.759801587301588,2.5106460891924027,-0.864240323095298,False,False
2015-10-26 00:00:00+00:00,15.78,17.75456349206349,2.5138011502592414,-0.7854891353915797,False,False
2015-10-27 00:00:00+00:00,15.3,17.752738095238094,2.5150720255457433,-0.9752158468328062,False,False
2015-10-28 00:00:00+00:00,15.63,17.748015873015873,2.518567075005386,-0.8409606772181533,False,False
2015-10-29 00:00:00+00:00,15.77,17.74535714285714,2.520454701797609,-0.7837304679383054,False,False
2015-10-30 00:00:00+00:00,15.39,17.74146825396825,2.5227515781156384,-0.932104561688421,False,False
2015-11-02 00:00:00+00:00,15.28,17.73079365079365,2.5270009950460777,-0.9698427723606665,False,False
2015-11-03 00:00:00+00:00,17.19,17.70595238095238,2.520165737473886,-0.20472954349008324,False,False
2015-11-04 00:00:00+00:00,18.02,17.69043650793651,2.511206795478667,0.13123709789924728,False,False
2015-11-05 00:00:00+00:00,17.82,17.68218253968254,2.5066695890560178,0.05498030570888328,False,False
2015-11-06 00:00:00+00:00,17.36,17.660119047619048,2.480652382086543,-0.12098391930537668,False,False
2015-11-09 00:00:00+00:00,17.55,17.637023809523807,2.456027034917156,-0.03543275716699995,False,False
2015-11-10 00:00:00+00:00,17.36,17.621825396825397,2.44459625253712,-0.10710373811367108,False,False
2015-11-11 00:00:00+00:00,17.89,17.6025,2.4272095737165746,0.11844877472190327,False,False
2015-11-12 00:00:00+00:00,18.47,17.58845238095238,2.415183624067288,0.3650023171170108,False,False
2015-11-13 00:00:00+00:00,18.29,17.5772619047619,2.404473926538587,0.2964216360890783,False,False
2015-11-16 00:00:00+00:00,18.5,17.5665873015873,2.3952608131195983,0.389691466290478,False,False
2015-11-17 00:00:00+00:00,20.17,17.547301587301583,2.3678370827647246,1.1076346560279875,False,False
2015-11-18 00:00:00+00:00,19.4,17.534603174603173,2.344956323820914,0.795493206610055,False,False
2015-11-19 00:00:00+00:00,18.04,17.516468253968256,2.312435080812562,0.22639846211283926,False,False
2015-11-20 00:00:00+00:00,17.26,17.491785714285715,2.273028848284622,-0.10197218326579287,False,False
2015-11-23 00:00:00+00:00,17.7,17.47496031746032,2.258889742095724,0.09962402252130115,False,False
2015-11-24 00:00:00+00:00,16.72,17.46095238095238,2.246421830722908,-0.3298367077896234,False,False
2015-11-25 00:00:00+00:00,16.39,17.445396825396827,2.237876465974465,-0.47160638285601814,False,False
2015-11-27 00:00:00+00:00,17.16,17.4284126984127,2.2295319261850275,-0.1203897083779299,False,False
2015-11-30 00:00:00+00:00,16.91,17.412222222222223,2.2165187121738734,-0.22658153953939011,False,False
2015-12-01 00:00:00+00:00,16.62,17.379444444444445,2.1617372774374344,-0.3513120916084236,False,False
2015-12-02 00:00:00+00:00,17.36,17.356785714285717,2.1394506280247825,0.0015023883571689744,False,False
2015-12-03 00:00:00+00:00,17.76,17.341190476190476,2.124940161198486,0.19709238474428972,False,False
2015-12-04 00:00:00+00:00,15.96,17.32984126984127,2.114972609291039,-0.6476874753949913,False,False
2015-12-07 00:00:00+00:00,16.23,17.31265873015873,2.1084065457012144,-0.5134961909344004,False,False
2015-12-08 00:00:00+00:00,16.12,17.297619047619047,2.1025268154475363,-0.5600970408400631,False,False
2015-12-09 00:00:00+00:00,17.39,17.283730158730158,2.0986811393123848,0.050636487496457334,False,False
2015-12-10 00:00:00+00:00,17.07,17.273214285714285,2.0914419589946287,-0.0971646785799266,False,False
2015-12-11 00:00:00+00:00,18.16,17.264484126984126,2.087661946326047,0.42895636172888996,False,False
2015-12-14 00:00:00+00:00,19.05,17.260714285714286,2.0851723456038784,0.8580996760570055,False,False
2015-12-15 00:00:00+00:00,18.09,17.25829365079365,2.082728602423831,0.39933496291280063,False,False
2015-12-16 00:00:00+00:00,15.41,17.24694444444444,2.0702868011782174,-0.8872898399386118,False,False
2015-12-17 00:00:00+00:00,16.06,17.220476190476187,2.0507965053130297,-0.5658660854305756,False,False
2015-12-18 00:00:00+00:00,15.06,17.20126984126984,2.038828459838875,-1.0502452184913396,False,False
2015-12-21 00:00:00+00:00,15.32,17.18452380952381,2.039017264714973,-0.9144227671777194,False,False
2015-12-22 00:00:00+00:00,15.17,17.17119047619048,2.040184589392288,-0.980886968069186,False,False
2015-12-23 00:00:00+00:00,14.94,17.150992063492065,2.0346714369919403,-1.0866580339677832,False,False
2015-12-24 00:00:00+00:00,15.02,17.131865079365078,2.0327019909752435,-1.0389447586224156,False,False
2015-12-28 00:00:00+00:00,16.06,17.114603174603175,2.03209002796216,-0.518974632074133,False,False
2015-12-29 00:00:00+00:00,15.22,17.103253968253966,2.029952143319601,-0.9277331854603537,False,False
2015-12-30 00:00:00+00:00,15.25,17.083690476190476,2.024220540416479,-0.9058748489002085,False,False
2015-12-31 00:00:00+00:00,14.99,17.066904761904762,2.021807192972492,-1.027251643541373,False,False
2016-01-04 00:00:00+00:00,16.07,17.046706349206346,2.0170051625557743,-0.484235919341301,False,False
2016-01-05 00:00:00+00:00,15.2,17.03019841269841,2.007850816349409,-0.9115211139172195,False,False
2016-01-06 00:00:00+00:00,16.3,17.006150793650793,1.9932259446470433,-0.35427533719757803,False,False
2016-01-07 00:00:00+00:00,17.42,16.988373015873016,1.9793630841437198,0.21806357185534217,False,False
2016-01-08 00:00:00+00:00,17.62,16.97674603174603,1.9681114491510383,0.32683818212197574,False,False
2016-01-11 00:00:00+00:00,16.43,16.970476190476187,1.963511918784332,-0.2752599489239731,False,False
2016-01-12 00:00:00+00:00,16.61,16.962500000000002,1.9616002137048119,-0.17970022512092165,False,False
2016-01-13 00:00:00+00:00,16.99,16.958373015873015,1.9612420173817022,0.016125997631442894,False,False
2016-01-14 00:00:00+00:00,16.16,16.955833333333334,1.9607831643326272,-0.40587523792015234,False,False
2016-01-15 00:00:00+00:00,17.42,16.946468253968256,1.9589176586602293,0.24173131725996622,False,False
2016-01-19 00:00:00+00:00,16.17,16.928968253968254,1.9346650386404278,-0.3922995654594615,False,False
2016-01-20 00:00:00+00:00,16.56,16.903214285714288,1.9009740598466456,-0.18054653820051436,False,False
2016-01-21 00:00:00+00:00,16.77,16.87595238095238,1.8557232151132443,-0.05709492670538981,False,False
2016-01-22 00:00:00+00:00,15.91,16.853849206349206,1.8232705239393012,-0.5176682198042424,False,False
2016-01-25 00:00:00+00:00,17.13,16.83265873015873,1.8028913460828542,0.16492467529299684,False,False
2016-01-26 00:00:00+00:00,17.26,16.818809523809524,1.7870169704895624,0.24688656206192128,False,False
2016-01-27 00:00:00+00:00,16.71,16.80777777777778,1.7755968140426648,-0.055067556443266635,False,False
2016-01-28 00:00:00+00:00,15.41,16.794087301587304,1.7629020013750183,-0.7851186852744798,False,False
2016-01-29 00:00:00+00:00,15.73,16.77861111111111,1.7578386922819778,-0.5965343212179683,False,False
2016-02-01 00:00:00+00:00,16.81,16.7606746031746,1.7452921139506021,0.028261971982298722,False,False
2016-02-02 00:00:00+00:00,16.2,16.749404761904763,1.7357035965157488,-0.3165314417782156,False,False
2016-02-03 00:00:00+00:00,17.84,16.733015873015873,1.7211977067043078,0.6431475725724405,False,False
2016-02-04 00:00:00+00:00,17.39,16.723253968253967,1.7078106622084048,0.39040980742200676,False,False
2016-02-05 00:00:00+00:00,19.58,16.711468253968253,1.6927953222326173,1.6945532093321576,False,False
2016-02-08 00:00:00+00:00,20.38,16.70956349206349,1.6892788861865409,2.1727830365667606,True,False
2016-02-09 00:00:00+00:00,21.72,16.708730158730155,1.687407773664999,2.9698036950401834,True,True
2016-02-10 00:00:00+00:00,21.36,16.714365079365077,1.7017581702963869,2.7299031094563895,True,True
2016-02-11 00:00:00+00:00,28.37,16.720912698412697,1.7164408766937225,6.786768749079342,True,True
2016-02-12 00:00:00+00:00,24.1,16.75384920634921,1.8550028900761841,3.960182937153855,True,True
2016-02-16 00:00:00+00:00,24.84,16.772857142857145,1.9051627727483813,4.234358855073166,True,True
2016-02-17 00:00:00+00:00,24.53,16.798055555555553,1.9688926926444439,3.927052232622987,True,True
2016-02-18 00:00:00+00:00,26.37,16.817579365079364,2.0206020792330155,4.727512028764498,True,True
2016-02-19 00:00:00+00:00,24.88,16.844682539682537,2.10145375084614,3.8236946480892477,True,True
2016-02-22 00:00:00+00:00,23.31,16.86952380952381,2.158742203189081,2.983439236496957,True,True
2016-02-23 00:00:00+00:00,23.69,16.885595238095238,2.191437893869409,3.1049954830753914,True,True
2016-02-24 00:00:00+00:00,24.24,16.902619047619048,2.2274161610924654,3.294122167445457,True,True
2016-02-25 00:00:00+00:00,23.36,16.9243253968254,2.271895136494053,2.8327340024619336,True,True
2016-02-26 00:00:00+00:00,21.67,16.94797619047619,2.3076082958855917,2.046284812696792,True,True
2016-02-29 00:00:00+00:00,22.59,16.967896825396824,2.3266152640525988,2.41643010834991,True,True
2016-03-01 00:00:00+00:00,21.97,16.99440476190476,2.3524248832920063,2.115092079425865,True,True
2016-03-02 00:00:00+00:00,22.0,17.0165873015873,2.3728751577486773,2.1001579801361454,True,True
2016-03-03 00:00:00+00:00,23.51,17.037380952380953,2.393487404997809,2.70426284011508,True,True
2016-03-04 00:00:00+00:00,22.31,17.064563492063492,2.4278353055455564,2.16054050122556,True,True
2016-03-07 00:00:00+00:00,22.08,17.086031746031747,2.45019052169705,2.0381958911951594,True,True
2016-03-08 00:00:00+00:00,23.07,17.100515873015873,2.468883994648251,2.4178876528520803,True,True
2016-03-09 00:00:00+00:00,22.31,17.122301587301585,2.4971917814107254,2.077412896885218,True,True
2016-03-10 00:00:00+00:00,23.14,17.13555555555556,2.515831642514137,2.3866638542013257,True,True
2016-03-11 00:00:00+00:00,21.9,17.14797619047619,2.5377105375396156,1.8725633752268038,True,True
2016-03-14 00:00:00+00:00,21.14,17.15920634920635,2.5524688784738294,1.559585577855838,True,True
2016-03-15 00:00:00+00:00,19.7,17.168095238095237,2.562436189635504,0.9880849997926837,False,True
2016-03-16 00:00:00+00:00,20.03,17.17031746031746,2.564395173911612,1.1151489321049188,False,False
2016-03-17 00:00:00+00:00,18.99,17.167142857142856,2.560338578563671,0.7119594096339203,False,False
2016-03-18 00:00:00+00:00,18.15,17.168492063492064,2.561212538869014,0.3832200263010392,False,False
2016-03-21 00:00:00+00:00,17.4,17.17206349206349,2.5619540343340934,0.08896978824827126,False,False
2016-03-22 00:00:00+00:00,17.62,17.17281746031746,2.5619932009601483,0.17454478002320667,False,False
2016-03-23 00:00:00+00:00,18.0,17.17424603174603,2.562142371698557,0.3222904306080936,False,False
2016-03-24 00:00:00+00:00,18.09,17.178849206349206,2.5625814660220576,0.3555597376052166,False,False
2016-03-28 00:00:00+00:00,17.53,17.185634920634918,2.56272172175571,0.13437474558461232,False,False
2016-03-29 00:00:00+00:00,19.52,17.191626984126984,2.56175054762819,0.9088991970856617,False,False
2016-03-30 00:00:00+00:00,18.58,17.206269841269844,2.564481024088874,0.5356756964962229,False,False
2016-03-31 00:00:00+00:00,18.45,17.213968253968254,2.5656859413393085,0.48175488905962005,False,False
2016-04-01 00:00:00+00:00,18.04,17.22234126984127,2.566265302767198,0.3186181605140552,False,False
2016-04-04 00:00:00+00:00,17.95,17.230277777777776,2.5656867556485095,0.28051835269356756,False,False
2016-04-05 00:00:00+00:00,18.16,17.237976190476193,2.5649210885846565,0.35947453261908624,False,False
2016-04-06 00:00:00+00:00,17.82,17.247579365079364,2.5638203125940993,0.22326862460242203,False,False
2016-04-07 00:00:00+00:00,19.32,17.257976190476192,2.5607944078803437,0.8052281757482495,False,False
2016-04-08 00:00:00+00:00,18.74,17.27595238095238,2.5593001030836735,0.5720499980770539,False,False
2016-04-11 00:00:00+00:00,19.58,17.29079365079365,2.5568922879914586,0.8953080894168649,False,False
2016-04-12 00:00:00+00:00,19.09,17.31202380952381,2.5535856111622386,0.6962665291910697,False,False
2016-04-13 00:00:00+00:00,17.96,17.329087301587304,2.5510312656345224,0.24731672516595712,False,False
2016-04-14 00:00:00+00:00,17.83,17.340119047619048,2.547709459837932,0.19228289571610466,False,False
2016-04-15 00:00:00+00:00,17.41,17.352936507936505,2.5419876676974646,0.022448374863747206,False,False
2016-04-18 00:00:00+00:00,17.3,17.364325396825397,2.535756238769885,-0.025367342429018568,False,False
2016-04-19 00:00:00+00:00,17.42,17.375555555555557,2.529145031532825,0.01757291254171695,False,False
2016-04-20 00:00:00+00:00,16.69,17.38361111111111,2.526026605936752,-0.2745858295716135,False,False
2016-04-21 00:00:00+00:00,17.9,17.390158730158728,2.5220629588355337,0.2021524752406144,False,False
2016-04-22 00:00:00+00:00,17.21,17.398531746031747,2.5202312522317505,-0.07480732010794433,False,False
2016-04-25 00:00:00+00:00,17.66,17.403849206349207,2.5184063181991854,0.101711464031728,False,False
2016-04-26 00:00:00+00:00,17.43,17.40888888888889,2.517639988384261,0.008385277962104216,False,False
2016-04-27 00:00:00+00:00,16.43,17.412896825396825,2.5168632736636622,-0.39052452140798055,False,False
2016-04-28 00:00:00+00:00,17.9,17.413849206349205,2.5164440590386024,0.1931895890570782,False,False
2016-04-29 00:00:00+00:00,20.23,17.421587301587305,2.5149224482347985,1.116699523034555,False,False
2016-05-02 00:00:00+00:00,19.29,17.435357142857143,2.5207784068266834,0.7357421231950328,False,False
2016-05-03 00:00:00+00:00,18.7,17.443293650793652,2.5234659386853115,0.49800804914413555,False,False
2016-05-04 00:00:00+00:00,19.47,17.447579365079363,2.524684054560053,0.8010589013178756,False,False
2016-05-05 00:00:00+00:00,18.46,17.45678571428571,2.527822627631854,0.3968689395957077,False,False
2016-05-06 00:00:00+00:00,18.65,17.46047619047619,2.528608693280562,0.47042621212400676,False,False
2016-05-09 00:00:00+00:00,18.65,17.4634126984127,2.5295623175254796,0.46908798939891955,False,False
2016-05-10 00:00:00+00:00,18.04,17.474563492063492,2.528570807122154,0.22361901290003747,False,False
2016-05-11 00:00:00+00:00,18.35,17.482896825396825,2.52695317957874,0.343141765193975,False,False
2016-05-12 00:00:00+00:00,17.84,17.49369047619048,2.5248153795132158,0.13716231555761849,False,False
2016-05-13 00:00:00+00:00,18.29,17.50126984126984,2.5229687452375997,0.3126198690407805,False,False
2016-05-16 00:00:00+00:00,18.49,17.50952380952381,2.5221297384864916,0.3887493079815015,False,False
2016-05-17 00:00:00+00:00,18.17,17.521468253968255,2.519606113486007,0.257394099244532,False,False
2016-05-18 00:00:00+00:00,18.2,17.530833333333334,2.517604569610704,0.2657949841464335,False,False
2016-05-19 00:00:00+00:00,17.85,17.540039682539682,2.515784987236603,0.12320620364333569,False,False
2016-05-20 00:00:00+00:00,17.0,17.55035714285714,2.5116839860233977,-0.2191187848151588,False,False
2016-05-23 00:00:00+00:00,16.8,17.559801587301585,2.5050873258784314,-0.30330343355801115,False,False
2016-05-24 00:00:00+00:00,16.66,17.570158730158727,2.496480226342978,-0.3645767831664313,False,False
2016-05-25 00:00:00+00:00,15.98,17.575873015873015,2.492724639272754,-0.6402123165672267,False,False
2016-05-26 00:00:00+00:00,15.29,17.5834126984127,2.484970011185626,-0.9229136319912656,False,False
2016-05-27 00:00:00+00:00,15.39,17.58650793650794,2.4816100728603634,-0.8851140477424765,False,False
2016-05-31 00:00:00+00:00,15.83,17.592063492063495,2.475085033739234,-0.7119203857822445,False,False
2016-06-01 00:00:00+00:00,15.92,17.595833333333335,2.471658898222759,-0.6780196630442572,False,False
2016-06-02 00:00:00+00:00,16.05,17.600039682539684,2.467883506651698,-0.6280846232659906,False,False
2016-06-03 00:00:00+00:00,17.45,17.60361111111111,2.464973282294607,-0.06231755622442968,False,False
2016-06-06 00:00:00+00:00,17.76,17.609325396825398,2.4629325193538447,0.061176910853462524,False,False
2016-06-07 00:00:00+00:00,17.29,17.619801587301584,2.4579114397664776,-0.1341796054836373,False,False
2016-06-08 00:00:00+00:00,18.76,17.628333333333334,2.452995972892798,0.4613406133447918,False,False
2016-06-09 00:00:00+00:00,20.28,17.64392857142857,2.4476211808769004,1.076993224755072,False,False
2016-06-10 00:00:00+00:00,20.52,17.66738095238095,2.4444382528969273,1.1669834753397368,False,False
2016-06-13 00:00:00+00:00,21.11,17.692063492063493,2.441702370493304,1.3998170085103252,False,False
2016-06-14 00:00:00+00:00,20.63,17.720317460317457,2.4398871492772503,1.192547999830425,False,False
2016-06-15 00:00:00+00:00,20.68,17.745277777777776,2.437340723618793,1.2040672827494356,False,False
2016-06-16 00:00:00+00:00,21.95,17.770357142857144,2.43488267824176,1.7165684796612029,False,False
2016-06-17 00:00:00+00:00,22.52,17.803571428571427,2.4345818506895016,1.9372643273804189,False,False
2016-06-20 00:00:00+00:00,21.01,17.839246031746036,2.4375751754644144,1.3007820231225744,False,False
2016-06-21 00:00:00+00:00,20.65,17.869999999999997,2.4284426829847634,1.1447665697356069,False,False
2016-06-22 00:00:00+00:00,22.25,17.896984126984126,2.421365151101042,1.7977527557280952,False,False
2016-06-23 00:00:00+00:00,20.1,17.930158730158734,2.423515928723489,0.8953278351193522,False,False
2016-06-24 00:00:00+00:00,22.2,17.955039682539685,2.4134184147458906,1.758899447987873,False,False
2016-06-27 00:00:00+00:00,22.52,17.991071428571427,2.4087213803396046,1.8802210203282377,False,False
2016-06-28 00:00:00+00:00,20.18,18.027976190476192,2.4065742194112443,0.8942270685714772,False,False
2016-06-29 00:00:00+00:00,19.26,18.050515873015875,2.399990067157907,0.5039538052823733,False,False
2016-06-30 00:00:00+00:00,18.5,18.066071428571426,2.395050516159883,0.18117721045997615,False,False
2016-07-01 00:00:00+00:00,18.43,18.080515873015873,2.386599234918587,0.14643603411531658,False,False
2016-07-05 00:00:00+00:00,20.09,18.09642857142857,2.3754377124132997,0.8392438236345425,False,False
2016-07-06 00:00:00+00:00,21.18,18.119603174603174,2.3662321995067015,1.2933628517247122,False,False
2016-07-07 00:00:00+00:00,20.55,18.143214285714286,2.366969330277181,1.0168216729719395,False,False
2016-07-08 00:00:00+00:00,18.79,18.162142857142857,2.367068254811685,0.2652467420746563,False,False
2016-07-11 00:00:00+00:00,18.93,18.17531746031746,2.3612567342314343,0.31961053990521826,False,False
2016-07-12 00:00:00+00:00,17.94,18.193214285714284,2.349743816186749,-0.1077625075422936,False,False
2016-07-13 00:00:00+00:00,17.61,18.211111111111116,2.3304159716993365,-0.25794155138440233,False,False
2016-07-14 00:00:00+00:00,17.15,18.2284126984127,2.3095279567016993,-0.46694074227740157,False,False
2016-07-15 00:00:00+00:00,16.91,18.23952380952381,2.297498676984603,-0.5786831665421324,False,False
2016-07-18 00:00:00+00:00,16.96,18.250873015873015,2.283743526268079,-0.5652443021841692,False,False
2016-07-19 00:00:00+00:00,16.71,18.253412698412696,2.281942858068081,-0.676359047710496,False,False
2016-07-20 00:00:00+00:00,17.21,18.241428571428568,2.2820874327367338,-0.4519671580644274,False,False
2016-07-21 00:00:00+00:00,17.77,18.232103174603175,2.281479202592652,-0.20254542494976313,False,False
2016-07-22 00:00:00+00:00,17.61,18.224880952380953,2.280043768738933,-0.26967945125063886,False,False
2016-07-25 00:00:00+00:00,17.74,18.21781746031746,2.2791769147606775,-0.20964474377700215,False,False
2016-07-26 00:00:00+00:00,17.45,18.211746031746035,2.278400599066204,-0.33433366900370154,False,False
2016-07-27 00:00:00+00:00,16.93,18.20138888888889,2.2758962280807093,-0.5586321877079022,False,False
2016-07-28 00:00:00+00:00,16.31,18.195555555555554,2.277268600707923,-0.8279899678805577,False,False
2016-07-29 00:00:00+00:00,15.8,18.191944444444445,2.2795420900540506,-1.0493091813837614,False,False
2016-08-01 00:00:00+00:00,16.28,18.186904761904763,2.2834329590647897,-0.8351043346093071,False,False
2016-08-02 00:00:00+00:00,16.45,18.184880952380954,2.2849015046977446,-0.7592804104746089,False,False
2016-08-03 00:00:00+00:00,16.18,18.180396825396826,2.287200972393502,-0.8746047459500065,False,False
2016-08-04 00:00:00+00:00,16.06,18.176190476190474,2.2899104375892656,-0.9241367878205418,False,False
2016-08-05 00:00:00+00:00,15.6,18.169523809523806,2.2936278808919646,-1.120288007889296,False,False
2016-08-08 00:00:00+00:00,15.49,18.16297619047619,2.298613013165073,-1.1628648124616843,False,False
2016-08-09 00:00:00+00:00,14.41,18.15861111111111,2.302652907821838,-1.627953174522102,False,False
2016-08-10 00:00:00+00:00,14.89,18.1506746031746,2.312130995921522,-1.4102464821094736,False,False
2016-08-11 00:00:00+00:00,15.37,18.144166666666667,2.3190086879572327,-1.1962726492026963,False,False
2016-08-12 00:00:00+00:00,15.01,18.138492063492063,2.324055072500833,-1.346135081095821,False,False
2016-08-15 00:00:00+00:00,14.67,18.13519841269841,2.327910413385121,-1.488544573182053,False,False
2016-08-16 00:00:00+00:00,16.13,18.131547619047616,2.3326344872504685,-0.8580631170410623,False,False
2016-08-17 00:00:00+00:00,15.83,18.134444444444444,2.329680160513058,-0.989167733624406,False,False
2016-08-18 00:00:00+00:00,14.97,18.13440476190476,2.3297194834082635,-1.3582771593064906,False,False
2016-08-19 00:00:00+00:00,15.35,18.13047619047619,2.3342311008339727,-1.1911743397998529,False,False
2016-08-22 00:00:00+00:00,15.82,18.124444444444443,2.3394592134175634,-0.9850329645533892,False,False
2016-08-23 00:00:00+00:00,15.62,18.11388888888889,2.343845368430162,-1.064015963885546,False,False
2016-08-24 00:00:00+00:00,16.89,18.091507936507938,2.3406094713019354,-0.5133312289980666,False,False
2016-08-25 00:00:00+00:00,16.73,18.078373015873016,2.338016008568196,-0.5767167593941158,False,False
2016-08-26 00:00:00+00:00,16.17,18.065277777777776,2.3362824016760277,-0.8112365938373374,False,False
2016-08-29 00:00:00+00:00,15.95,18.055079365079365,2.338933167110673,-0.9000168943175957,False,False
2016-08-30 00:00:00+00:00,15.99,18.04376984126984,2.342204939515078,-0.8768531765179541,False,False
2016-08-31 00:00:00+00:00,16.01,18.030476190476193,2.3443244534103105,-0.8618585996221582,False,False
2016-09-01 00:00:00+00:00,16.25,18.016031746031747,2.3455196178827933,-0.7529383819973643,False,False
2016-09-02 00:00:00+00:00,14.58,18.006507936507937,2.347806577432811,-1.459450693018597,False,False
2016-09-06 00:00:00+00:00,15.6,17.9906746031746,2.357425654903387,-1.0141039223027273,False,False
2016-09-07 00:00:00+00:00,15.0,17.978690476190476,2.361885656843904,-1.2611493141335148,False,False
2016-09-08 00:00:00+00:00,14.97,17.965555555555557,2.369228211804607,-1.264359229149093,False,False
2016-09-09 00:00:00+00:00,15.49,17.954325396825396,2.376711365230492,-1.036863555615811,False,False
2016-09-12 00:00:00+00:00,15.2,17.948769841269844,2.3808417931537313,-1.154536957967604,False,False
2016-09-13 00:00:00+00:00,15.78,17.940119047619046,2.386869539985596,-0.9050008856504499,False,False
2016-09-14 00:00:00+00:00,15.32,17.93277777777778,2.390669158649552,-1.0929064644200674,False,False
2016-09-15 00:00:00+00:00,15.07,17.923373015873015,2.396283171828423,-1.1907495113341804,False,False
2016-09-16 00:00:00+00:00,14.78,17.91154761904762,2.4029993678457813,-1.303182872600987,False,False
2016-09-19 00:00:00+00:00,15.68,17.904206349206348,2.409746594660497,-0.923004250378331,False,False
2016-09-20 00:00:00+00:00,15.69,17.90111111111111,2.4121088035235516,-0.9166713822698095,False,False
2016-09-21 00:00:00+00:00,14.69,17.897539682539684,2.414722666516458,-1.3283263237707397,False,False
2016-09-22 00:00:00+00:00,13.73,17.886984126984125,2.422925619476664,-1.7156878830981224,False,False
2016-09-23 00:00:00+00:00,13.93,17.87265873015873,2.4368047122780396,-1.617962535238594,False,False
2016-09-26 00:00:00+00:00,14.98,17.851507936507936,2.4478215593444204,-1.1730871172149442,False,False
2016-09-27 00:00:00+00:00,14.53,17.838214285714283,2.4543006375009853,-1.3479254477490457,False,False
2016-09-28 00:00:00+00:00,13.98,17.82333333333333,2.4629645596945084,-1.5604501161843898,False,False
2016-09-29 00:00:00+00:00,13.86,17.808690476190478,2.474820181690413,-1.5955464180405001,False,False
2016-09-30 00:00:00+00:00,13.88,17.794365079365075,2.487205666113883,-1.5738003224643047,False,False
2016-10-03 00:00:00+00:00,14.16,17.78238095238095,2.4987808752000706,-1.4496593071975215,False,False
2016-10-04 00:00:00+00:00,15.8,17.772261904761905,2.5082860378090213,-0.7862986417947244,False,False
2016-10-05 00:00:00+00:00,15.21,17.76876984126984,2.510424416627036,-1.0192578690370449,False,False
2016-10-06 00:00:00+00:00,16.05,17.75952380952381,2.5155558602988415,-0.6795809373601912,False,False
2016-10-07 00:00:00+00:00,15.72,17.755238095238095,2.5175518413257154,-0.8084195375163993,False,False
2016-10-10 00:00:00+00:00,15.6,17.750515873015875,2.5202581864643703,-0.8532918907141015,False,False
2016-10-11 00:00:00+00:00,15.63,17.745277777777776,2.5233610361080783,-0.8382778950412452,False,False
2016-10-12 00:00:00+00:00,15.61,17.742857142857144,2.5251027692842896,-0.8446615198405083,False,False
2016-10-13 00:00:00+00:00,15.63,17.736785714285716,2.5283953121095406,-0.8332501267485504,False,False
2016-10-14 00:00:00+00:00,15.14,17.72599206349206,2.5315708963259187,-1.021496995104946,False,False
2016-10-17 00:00:00+00:00,15.23,17.715039682539686,2.5367800429811087,-0.9796039232551593,False,False
2016-10-18 00:00:00+00:00,14.73,17.709642857142857,2.540626760091416,-1.1727983440730365,False,False
2016-10-19 00:00:00+00:00,14.59,17.700873015873015,2.5471000680616296,-1.2213391436326342,False,False
2016-10-20 00:00:00+00:00,14.68,17.69214285714286,2.553995419147199,-1.1793845966053607,False,False
2016-10-21 00:00:00+00:00,14.55,17.687301587301587,2.558558300685337,-1.2261989834123483,False,False
2016-10-24 00:00:00+00:00,14.95,17.683174603174603,2.562790016873777,-1.0664840213903557,False,False
2016-10-25 00:00:00+00:00,14.55,17.68063492063492,2.565188574735857,-1.2204307127624276,False,False
2016-10-26 00:00:00+00:00,14.48,17.675753968253968,2.5699851618358243,-1.2434912137668281,False,False
2016-10-27 00:00:00+00:00,15.0,17.6725,2.5735218749095283,-1.0384601840984742,False,False
2016-10-28 00:00:00+00:00,16.62,17.67,2.5758189043270976,-0.4076373530127115,False,False
2016-10-31 00:00:00+00:00,18.13,17.67337301587302,2.573876758021739,0.17740825496164805,False,False
2016-11-01 00:00:00+00:00,19.02,17.68424603174603,2.5699769456126664,0.5197532882675462,False,False
2016-11-02 00:00:00+00:00,19.32,17.6990873015873,2.566834510190916,0.6314831330096691,False,False
2016-11-03 00:00:00+00:00,19.98,17.707539682539682,2.568657759932696,0.8846878525070079,False,False
2016-11-04 00:00:00+00:00,20.22,17.71531746031746,2.5725720573875672,0.9736102561208836,False,False
2016-11-07 00:00:00+00:00,18.53,17.72484126984127,2.5773990825019037,0.31239195188086893,False,False
2016-11-08 00:00:00+00:00,17.93,17.729484126984126,2.5777930220033727,0.07778587004632356,False,False
2016-11-09 00:00:00+00:00,16.68,17.730992063492064,2.577798755187829,-0.4077091205731009,False,False
2016-11-10 00:00:00+00:00,18.52,17.72829365079365,2.5785444535790805,0.3070361451816134,False,False
2016-11-11 00:00:00+00:00,23.25,17.73079365079365,2.579007222182886,2.1400507535356423,True,False
2016-11-14 00:00:00+00:00,20.5,17.749761904761908,2.6019418014829485,1.056994469926508,True,True
2016-11-15 00:00:00+00:00,16.42,17.75853174603175,2.6074884167739065,-0.5133413968096684,False,True
2016-11-16 00:00:00+00:00,15.77,17.75027777777778,2.608423896021749,-0.7591855682651926,False,False
2016-11-17 00:00:00+00:00,17.5,17.73281746031746,2.6068881325195408,-0.08930857347240403,False,False
2016-11-18 00:00:00+00:00,17.03,17.725277777777777,2.604793834173529,-0.2669223831291735,False,False
2016-11-21 00:00:00+00:00,15.86,17.72126984126984,2.605084664682307,-0.7144757583135307,False,False
2016-11-22 00:00:00+00:00,15.43,17.715714285714284,2.607563906715284,-0.8765707639332877,False,False
2016-11-23 00:00:00+00:00,18.53,17.70670634920635,2.6115362869330188,0.3152526177457505,False,False
2016-11-25 00:00:00+00:00,18.47,17.71388888888889,2.611300746601043,0.2895534388734388,False,False
2016-11-28 00:00:00+00:00,17.39,17.72214285714286,2.61038658038093,-0.1272389536627138,False,False
2016-11-29 00:00:00+00:00,17.28,17.723055555555554,2.610229453074672,-0.1697381642191125,False,False
2016-11-30 00:00:00+00:00,19.18,17.724523809523813,2.609874325604049,0.5576805657641467,False,False
2016-12-01 00:00:00+00:00,19.39,17.734682539682538,2.6105401393459857,0.6340900242706732,False,False
2016-12-02 00:00:00+00:00,18.44,17.742738095238096,2.612510668854395,0.2668934190678961,False,False
2016-12-05 00:00:00+00:00,17.56,17.745436507936507,2.612879722863704,-0.07097016610212374,False,False
2016-12-06 00:00:00+00:00,17.06,17.751785714285713,2.6104667473764267,-0.26500460692746747,False,False
2016-12-07 00:00:00+00:00,16.87,17.755079365079364,2.609062277863852,-0.3392327475617081,False,False
2016-12-08 00:00:00+00:00,16.48,17.758055555555558,2.607617058158903,-0.49012394345123783,False,False
2016-12-09 00:00:00+00:00,18.66,17.754444444444445,2.608758632468588,0.347121249273512,False,False
2016-12-12 00:00:00+00:00,16.97,17.76075396825397,2.6090194130733027,-0.30308473915205514,False,False
2016-12-13 00:00:00+00:00,16.17,17.75603174603175,2.609370817406679,-0.6078215236606437,False,False
2016-12-14 00:00:00+00:00,18.21,17.744603174603174,2.609987757994799,0.1783137962893671,False,False
2016-12-15 00:00:00+00:00,17.89,17.745079365079366,2.6100619723777805,0.055523829109931346,False,False
2016-12-16 00:00:00+00:00,17.55,17.754920634920634,2.6058945580855264,-0.0786373471193639,False,False
2016-12-19 00:00:00+00:00,16.05,17.76083333333333,2.603722989562236,-0.6570719466670194,False,False
2016-12-20 00:00:00+00:00,16.69,17.764761904761905,2.600376379219581,-0.4133101320834403,False,False
2016-12-21 00:00:00+00:00,15.82,17.77019841269841,2.5966743134934043,-0.7510369716234199,False,False
2016-12-22 00:00:00+00:00,15.28,17.772777777777776,2.594402997717273,-0.9608290539176401,False,False
2016-12-23 00:00:00+00:00,16.36,17.774126984126983,2.5930119912947656,-0.5453607576341634,False,False
2016-12-27 00:00:00+00:00,16.68,17.77944444444444,2.5887120289853103,-0.42470712544855227,False,False
2016-12-28 00:00:00+00:00,16.04,17.781904761904762,2.5873656292183576,-0.673234869565378,False,False
2016-12-29 00:00:00+00:00,15.68,17.785158730158727,2.5846450461418105,-0.8144865900643383,False,False
2016-12-30 00:00:00+00:00,16.23,17.78686507936508,2.5831061812239335,-0.6027104463152191,False,False
2017-01-03 00:00:00+00:00,16.26,17.791785714285712,2.578934812407654,-0.5939606177387862,False,False
2017-01-04 00:00:00+00:00,15.16,17.792539682539683,2.5784571613817406,-1.0209747603985635,False,False
2017-01-05 00:00:00+00:00,14.98,17.79238095238095,2.5786186204546944,-1.0906540928821162,False,False
2017-01-06 00:00:00+00:00,14.55,17.78714285714286,2.5829992317660038,-1.2532496399271542,False,False
2017-01-09 00:00:00+00:00,14.38,17.77575396825397,2.5909394354849615,-1.310626532502627,False,False
2017-01-10 00:00:00+00:00,14.32,17.762896825396826,2.599739479223048,-1.3243237843300213,False,False
2017-01-11 00:00:00+00:00,14.96,17.75452380952381,2.607435921187056,-1.0717516725210952,False,False
2017-01-12 00:00:00+00:00,14.6,17.747976190476194,2.6123884050259685,-1.2050184361635543,False,False
2017-01-13 00:00:00+00:00,14.63,17.73849206349206,2.619479911720129,-1.1866829173165188,False,False
2017-01-17 00:00:00+00:00,15.67,17.732420634920633,2.624920581923495,-0.7857078225998471,False,False
2017-01-18 00:00:00+00:00,15.25,17.72547619047619,2.6280634128993348,-0.9419392919995003,False,False
2017-01-19 00:00:00+00:00,15.11,17.721825396825395,2.630870336288885,-0.9927609737352717,False,False
2017-01-20 00:00:00+00:00,14.38,17.71607142857143,2.6350038825423954,-1.266059397738953,False,False
2017-01-23 00:00:00+00:00,15.15,17.706587301587298,2.6427124972168436,-0.9674103044806243,False,False
2017-01-24 00:00:00+00:00,14.65,17.70357142857143,2.645203420968666,-1.1543805683773158,False,False
2017-01-25 00:00:00+00:00,14.47,17.69373015873016,2.6519505665404264,-1.215607183408264,False,False
2017-01-26 00:00:00+00:00,14.74,17.682658730158728,2.659581429676344,-1.1064367863768823,False,False
2017-01-27 00:00:00+00:00,14.34,17.674841269841266,2.665340842626715,-1.251187546638408,False,False
2017-01-30 00:00:00+00:00,15.19,17.67059523809524,2.669811765537776,-0.9291273902209268,False,False
2017-01-31 00:00:00+00:00,15.27,17.66845238095238,2.6715916562610165,-0.8977615929183943,False,False
2017-02-01 00:00:00+00:00,14.8,17.66234126984127,2.6753218659179216,-1.0699053845841389,False,False
2017-02-02 00:00:00+00:00,15.04,17.656785714285714,2.6798204854760677,-0.9764779874129687,False,False
2017-02-03 00:00:00+00:00,15.04,17.645674603174605,2.684857779489615,-0.9705074969259407,False,False
2017-02-06 00:00:00+00:00,15.74,17.63634920634921,2.689825925786952,-0.705008152449271,False,False
2017-02-07 00:00:00+00:00,15.26,17.621111111111112,2.6896480678039274,-0.8778513216559732,False,False
2017-02-08 00:00:00+00:00,15.2,17.60079365079365,2.6880621741454362,-0.8931317414772558,False,False
2017-02-09 00:00:00+00:00,14.88,17.574920634920634,2.6796209656540815,-1.0057096393343143,False,False
2017-02-10 00:00:00+00:00,14.88,17.54920634920635,2.674240139513398,-0.9981176745376488,False,False
2017-02-13 00:00:00+00:00,14.61,17.495674603174603,2.590477955343717,-1.1139545106809134,False,False
2017-02-14 00:00:00+00:00,14.21,17.458015873015874,2.5629191585559754,-1.2673110902358315,False,False
2017-02-15 00:00:00+00:00,13.71,17.41583333333333,2.528179608230893,-1.4658109420977836,False,False
2017-02-16 00:00:00+00:00,13.75,17.372896825396825,2.498582853572318,-1.44998066412608,False,False
2017-02-17 00:00:00+00:00,13.27,17.322817460317463,2.4433970699514473,-1.658681476767915,False,False
2017-02-21 00:00:00+00:00,13.72,17.276746031746036,2.4095567790567918,-1.4760996971145477,False,False
2017-02-22 00:00:00+00:00,13.26,17.238690476190474,2.3895375103512135,-1.66504625223719,False,False
2017-02-23 00:00:00+00:00,13.68,17.197301587301588,2.36757744719029,-1.485612051033738,False,False
2017-02-24 00:00:00+00:00,13.54,17.155396825396824,2.3356670309256065,-1.547907633034522,False,False
2017-02-27 00:00:00+00:00,14.44,17.11642857142857,2.3135507503746946,-1.1568488700734603,False,False
2017-02-28 00:00:00+00:00,14.3,17.087738095238095,2.3016559175961833,-1.2111880294208215,False,False
2017-03-01 00:00:00+00:00,14.41,17.05484126984127,2.2818585540652028,-1.1590732760930342,False,False
2017-03-02 00:00:00+00:00,13.89,17.02484126984127,2.266626126781641,-1.383042943342579,False,False
2017-03-03 00:00:00+00:00,13.66,16.992658730158734,2.253240356947937,-1.4790515889183222,False,False
2017-03-06 00:00:00+00:00,13.24,16.95357142857143,2.224990250853244,-1.6690281798526267,False,False
2017-03-07 00:00:00+00:00,13.22,16.917579365079362,2.211315362205647,-1.672117613017105,False,False
2017-03-08 00:00:00+00:00,13.58,16.882420634920635,2.199310670177221,-1.5015707783814485,False,False
2017-03-09 00:00:00+00:00,13.62,16.844761904761906,2.1740421582009413,-1.483302378749847,False,False
2017-03-10 00:00:00+00:00,13.03,16.810277777777777,2.155851742416788,-1.7534961720233833,False,False
2017-03-13 00:00:00+00:00,11.27,16.77015873015873,2.1315234004292023,-2.5803886220771592,False,False
2017-03-14 00:00:00+00:00,11.57,16.72797619047619,2.1347807186132077,-2.416162065500997,False,False
2017-03-15 00:00:00+00:00,11.23,16.69,2.141093662527062,-2.5500986227551317,False,False
2017-03-16 00:00:00+00:00,11.12,16.656388888888888,2.1600516574620015,-2.5630817067560256,False,False
2017-03-17 00:00:00+00:00,10.8,16.621031746031747,2.1774623665070107,-2.673309920561148,False,False
2017-03-20 00:00:00+00:00,11.35,16.588531746031748,2.2029346207301934,-2.377978763752582,False,False
2017-03-21 00:00:00+00:00,12.13,16.56154761904762,2.225265726939755,-1.9914689582452707,False,False
2017-03-22 00:00:00+00:00,12.28,16.54063492063492,2.242054673067341,-1.9003260588672315,False,False
2017-03-23 00:00:00+00:00,12.58,16.519444444444442,2.2569979022511792,-1.7454355808284774,False,False
2017-03-24 00:00:00+00:00,12.06,16.497936507936505,2.268627651741889,-1.9562207595102639,False,False
2017-03-27 00:00:00+00:00,12.51,16.474007936507935,2.2835204281446426,-1.7359196299061297,False,False
2017-03-28 00:00:00+00:00,12.35,16.454087301587304,2.296133151739201,-1.7873908133239889,False,False
2017-03-29 00:00:00+00:00,11.65,16.425634920634916,2.3024054616880902,-2.074193707451289,False,False
2017-03-30 00:00:00+00:00,12.09,16.39813492063492,2.317905036582976,-1.8586330555568895,False,False
2017-03-31 00:00:00+00:00,12.41,16.372896825396825,2.3300676129559963,-1.7007647346204564,False,False
2017-04-03 00:00:00+00:00,12.61,16.350555555555555,2.3409846757041706,-1.5978556350140964,False,False
2017-04-04 00:00:00+00:00,12.41,16.32936507936508,2.350597871232386,-1.667390721029714,False,False
2017-04-05 00:00:00+00:00,13.23,16.30654761904762,2.360643352470768,-1.3032665929088993,False,False
2017-04-06 00:00:00+00:00,12.85,16.288333333333334,2.366619540147753,-1.4528458313661483,False,False
2017-04-07 00:00:00+00:00,13.45,16.26265873015873,2.3686934878212056,-1.1874304314256792,False,False
2017-04-10 00:00:00+00:00,13.75,16.241666666666667,2.3700914467876246,-1.0512955818830634,False,False
2017-04-11 00:00:00+00:00,15.2,16.218531746031747,2.365825544068004,-0.43051853446488564,False,False
2017-04-12 00:00:00+00:00,16.08,16.20309523809524,2.3596979563234854,-0.05216567559647771,False,False
2017-04-13 00:00:00+00:00,16.2,16.195634920634923,2.3570916971083,0.0018518920457915816,False,False
2017-04-17 00:00:00+00:00,16.2,16.18916666666667,2.3548242632428793,0.004600484843999259,False,False
2017-04-18 00:00:00+00:00,15.67,16.184365079365076,2.3535582948087224,-0.2185478390314863,False,False
2017-04-19 00:00:00+00:00,14.5,16.177896825396825,2.3527196988474555,-0.7131732803609325,False,False
2017-04-20 00:00:00+00:00,14.54,16.166309523809524,2.3537682493276177,-0.6909386785526144,False,False
2017-04-21 00:00:00+00:00,15.31,16.157777777777778,2.355758187013239,-0.3598747029518496,False,False
2017-04-24 00:00:00+00:00,12.29,16.1475,2.3537759145206008,-1.6388560933956486,False,False
2017-04-25 00:00:00+00:00,12.45,16.12797619047619,2.365304380450907,-1.5549695087340278,False,False
2017-04-26 00:00:00+00:00,12.02,16.10730158730159,2.374611366885724,-1.721250746248233,False,False
2017-04-27 00:00:00+00:00,11.53,16.085833333333333,2.387028295531022,-1.9085795262095278,False,False
2017-04-28 00:00:00+00:00,11.6,16.066388888888888,2.4041098723731795,-1.8578139627536914,False,False
2017-05-01 00:00:00+00:00,12.35,16.04138888888889,2.417684524852057,-1.5268281907519647,False,False
2017-05-02 00:00:00+00:00,12.38,16.01011904761905,2.41425076549226,-1.5036213716924622,False,False
2017-05-03 00:00:00+00:00,12.54,15.982698412698413,2.416090620150399,-1.4249045064725716,False,False
2017-05-04 00:00:00+00:00,12.41,15.958253968253969,2.4196480200271355,-1.4664339353846085,False,False
2017-05-05 00:00:00+00:00,12.01,15.930238095238096,2.4196973780315028,-1.6201356958229747,False,False
2017-05-08 00:00:00+00:00,11.95,15.904642857142859,2.4269340813643487,-1.629480951917606,False,False
2017-05-09 00:00:00+00:00,12.1,15.878055555555555,2.433429487903623,-1.5525642203055225,False,False
2017-05-10 00:00:00+00:00,11.2,15.852063492063492,2.438679126986432,-1.9076160699387388,False,False
2017-05-11 00:00:00+00:00,11.24,15.824920634920636,2.452257353773182,-1.8696735185097995,False,False
2017-05-12 00:00:00+00:00,11.13,15.79670634920635,2.4639633527035047,-1.893983668257872,False,False
2017-05-15 00:00:00+00:00,11.28,15.770079365079365,2.4780103817062216,-1.8119695535689178,False,False
2017-05-16 00:00:00+00:00,11.19,15.742261904761904,2.488931842376075,-1.8290022359214375,False,False
2017-05-17 00:00:00+00:00,13.03,15.71329365079365,2.4992841734307674,-1.0736248720009673,False,False
2017-05-18 00:00:00+00:00,12.95,15.692896825396826,2.500128749925774,-1.0971022294264885,False,False
2017-05-19 00:00:00+00:00,12.04,15.67206349206349,2.5010277783631922,-1.4522283692668578,False,False
2017-05-22 00:00:00+00:00,12.32,15.649007936507935,2.507641430857667,-1.3275454359395167,False,False
2017-05-23 00:00:00+00:00,11.89,15.630436507936507,2.5149155467149327,-1.487301039918573,False,False
2017-05-24 00:00:00+00:00,11.75,15.610952380952382,2.5248187749478896,-1.5291998060463048,False,False
2017-05-25 00:00:00+00:00,11.2,15.591468253968253,2.5356132372718845,-1.7319156523623138,False,False
2017-05-26 00:00:00+00:00,11.59,15.5725,2.5505302354749895,-1.5614400271002207,False,False
2017-05-30 00:00:00+00:00,11.62,15.557817460317459,2.562783362704789,-1.536539341414112,False,False
2017-05-31 00:00:00+00:00,11.82,15.542857142857143,2.5747427387500252,-1.445914221575589,False,False
2017-06-01 00:00:00+00:00,11.81,15.526944444444444,2.585330781137627,-1.4377055623067587,False,False
2017-06-02 00:00:00+00:00,12.09,15.51063492063492,2.595784122919313,-1.3177655608695036,False,False
2017-06-05 00:00:00+00:00,12.44,15.494920634920634,2.6044778314573875,-1.1729493712799977,False,False
2017-06-06 00:00:00+00:00,13.23,15.475039682539682,2.608612841069888,-0.8606258649017877,False,False
2017-06-07 00:00:00+00:00,13.16,15.457063492063492,2.608412552446766,-0.8806365733475635,False,False
2017-06-08 00:00:00+00:00,12.62,15.440674603174601,2.609824363522666,-1.080790969154467,False,False
2017-06-09 00:00:00+00:00,12.5,15.416309523809524,2.607372070681338,-1.1184861403564306,False,False
2017-06-12 00:00:00+00:00,12.41,15.385436507936507,2.595586855307124,-1.146344419895915,False,False
2017-06-13 00:00:00+00:00,12.16,15.353253968253968,2.581911744031667,-1.236778900609394,False,False
2017-06-14 00:00:00+00:00,11.5,15.317738095238095,2.5639021948969782,-1.4890342162180246,False,False
2017-06-15 00:00:00+00:00,11.03,15.281507936507937,2.553020574090616,-1.665285419026567,False,False
2017-06-16 00:00:00+00:00,10.16,15.243214285714286,2.544080306768152,-1.9980557501235874,False,False
2017-06-19 00:00:00+00:00,10.69,15.196428571428571,2.5286131387059956,-1.7821739919198207,False,False
2017-06-20 00:00:00+00:00,11.14,15.149484126984127,2.5017785171256497,-1.602653512106545,False,False
2017-06-21 00:00:00+00:00,11.25,15.110317460317459,2.4868791740468326,-1.5522738300291714,False,False
2017-06-22 00:00:00+00:00,11.24,15.073015873015873,2.473919666778959,-1.5493695791692603,False,False
2017-06-23 00:00:00+00:00,10.86,15.029325396825397,2.4437021953568445,-1.7061511851760511,False,False
2017-06-26 00:00:00+00:00,11.05,14.992658730158729,2.4366266592764627,-1.618080765532406,False,False
2017-06-27 00:00:00+00:00,11.96,14.948412698412698,2.406274968374178,-1.2419248580023445,False,False
2017-06-28 00:00:00+00:00,11.38,14.906507936507937,2.3654966098247794,-1.490810818270062,False,False
2017-06-29 00:00:00+00:00,11.21,14.871587301587303,2.352254462445224,-1.5566289107093436,False,False
2017-06-30 00:00:00+00:00,11.0,14.839642857142858,2.3470760548817666,-1.6359260489904655,False,False
2017-07-03 00:00:00+00:00,11.93,14.809880952380952,2.3480276510964293,-1.2265106635503933,False,False
2017-07-05 00:00:00+00:00,11.88,14.784087301587302,2.343799559437319,-1.2390510484968655,False,False
2017-07-06 00:00:00+00:00,11.72,14.751507936507936,2.3267507455268284,-1.3028932911425948,False,False
2017-07-07 00:00:00+00:00,12.54,14.713968253968254,2.2987658491606835,-0.9457110452384725,False,False
2017-07-10 00:00:00+00:00,12.22,14.68218253968254,2.2729815261765154,-1.0832391338544167,False,False
2017-07-11 00:00:00+00:00,12.3,14.656111111111112,2.263335504324402,-1.0409906558746813,False,False
2017-07-12 00:00:00+00:00,11.56,14.629801587301587,2.251962658893269,-1.3631671800500662,False,False
2017-07-13 00:00:00+00:00,11.29,14.604484126984127,2.250462575678231,-1.4728012644179291,False,False
2017-07-14 00:00:00+00:00,11.11,14.579404761904762,2.2520501600019625,-1.5405539465878233,False,False
2017-07-17 00:00:00+00:00,11.08,14.555436507936507,2.2567192737279544,-1.5400393608529388,False,False
2017-07-18 00:00:00+00:00,11.14,14.532301587301587,2.26236140873709,-1.4994516677135417,False,False
2017-07-19 00:00:00+00:00,11.08,14.50920634920635,2.2671810965561217,-1.5125418760836353,False,False
2017-07-20 00:00:00+00:00,10.85,14.48686507936508,2.2731393804777693,-1.59993052366225,False,False
2017-07-21 00:00:00+00:00,11.22,14.461626984126983,2.2780860011054633,-1.422960758528849,False,False
2017-07-24 00:00:00+00:00,11.8,14.43563492063492,2.2775547788294572,-1.1572213081915403,False,False
2017-07-25 00:00:00+00:00,12.07,14.412579365079365,2.274698196708026,-1.0298418350485252,False,False
2017-07-26 00:00:00+00:00,11.63,14.390079365079366,2.269690817714848,-1.2160596251864146,False,False
2017-07-27 00:00:00+00:00,11.24,14.366984126984127,2.268040651785985,-1.3787160845295081,False,False
2017-07-28 00:00:00+00:00,11.44,14.344404761904762,2.270744661468385,-1.2790538765492987,False,False
2017-07-31 00:00:00+00:00,11.61,14.325079365079365,2.2746695381133253,-1.1936148612300528,False,False
2017-08-01 00:00:00+00:00,11.28,14.308452380952382,2.2791547119296265,-1.328761213576576,False,False
2017-08-02 00:00:00+00:00,11.24,14.288611111111111,2.2836822975648534,-1.334954128410033,False,False
2017-08-03 00:00:00+00:00,11.31,14.26793650793651,2.2876170442128183,-1.2930208381772008,False,False
2017-08-04 00:00:00+00:00,10.87,14.248611111111112,2.2919662341930795,-1.4741103340471342,False,False
2017-08-07 00:00:00+00:00,10.73,14.228015873015874,2.2989322031429755,-1.521582875838433,False,False
2017-08-08 00:00:00+00:00,11.1,14.208690476190476,2.3078051074070034,-1.3470333635249336,False,False
2017-08-09 00:00:00+00:00,12.31,14.19126984126984,2.314653471221168,-0.8127652215159948,False,False
2017-08-10 00:00:00+00:00,13.43,14.182936507936507,2.317641185618641,-0.324871905370256,False,False
2017-08-11 00:00:00+00:00,13.45,14.177142857142858,2.317691479952405,-0.3137358287039097,False,False
2017-08-14 00:00:00+00:00,12.11,14.169523809523811,2.316910244077766,-0.8889096221090751,False,False
2017-08-15 00:00:00+00:00,12.2,14.158015873015874,2.3199191220417887,-0.8440017819641061,False,False
2017-08-16 00:00:00+00:00,12.58,14.148214285714285,2.322963226808003,-0.675092170042303,False,False
2017-08-17 00:00:00+00:00,13.34,14.134126984126983,2.3216609557325363,-0.34205122938651394,False,False
2017-08-18 00:00:00+00:00,12.12,14.124246031746031,2.3197124742372646,-0.8640062309468073,False,False
2017-08-21 00:00:00+00:00,13.01,14.112936507936508,2.3225184048728202,-0.4748881669236566,False,False
2017-08-22 00:00:00+00:00,12.49,14.103650793650795,2.322230554035356,-0.694871054403596,False,False
2017-08-23 00:00:00+00:00,12.68,14.090436507936507,2.3218994250777047,-0.6074494410494572,False,False
2017-08-24 00:00:00+00:00,12.76,14.07876984126984,2.3215694981766304,-0.5680509854672057,False,False
2017-08-25 00:00:00+00:00,12.63,14.062380952380952,2.3162163226910946,-0.6184141517130577,False,False
2017-08-28 00:00:00+00:00,14.2,14.046111111111113,2.3117991035501393,0.06656672227814482,False,False
2017-08-29 00:00:00+00:00,13.5,14.038293650793651,2.3079160209247593,-0.23323797136169727,False,False
2017-08-30 00:00:00+00:00,12.78,14.028571428571428,2.3049892928810602,-0.5416820947618418,False,False
2017-08-31 00:00:00+00:00,13.26,14.015833333333335,2.3029754917363365,-0.32819860048248795,False,False
2017-09-01 00:00:00+00:00,12.73,14.004920634920634,2.3000019906563285,-0.5543128397714221,False,False
2017-09-05 00:00:00+00:00,14.3,13.99095238095238,2.296999750608926,0.13454403683138952,False,False
2017-09-06 00:00:00+00:00,14.17,13.98984126984127,2.2967813904638863,0.07843965076813136,False,False
2017-09-07 00:00:00+00:00,14.49,13.984166666666667,2.2945528125458616,0.22044963644663254,False,False
2017-09-08 00:00:00+00:00,13.77,13.982142857142858,2.293878084112114,-0.09248218491305378,False,False
2017-09-11 00:00:00+00:00,13.28,13.977380952380951,2.293064609751908,-0.30412616784330515,False,False
2017-09-12 00:00:00+00:00,11.56,13.968611111111112,2.2914820739371335,-1.0511149698730708,False,False
2017-09-13 00:00:00+00:00,11.98,13.954166666666667,2.2951585324860235,-0.8601439241446773,False,False
2017-09-14 00:00:00+00:00,12.19,13.939087301587302,2.295597978740581,-0.7619310165741183,False,False
2017-09-15 00:00:00+00:00,12.06,13.926666666666666,2.296564036664852,-0.8128084550942902,False,False
2017-09-18 00:00:00+00:00,12.69,13.914722222222222,2.2984206257192494,-0.5328538251517683,False,False
2017-09-19 00:00:00+00:00,12.27,13.906428571428572,2.2990566103658354,-0.711782634690399,False,False
2017-09-20 00:00:00+00:00,12.32,13.892896825396827,2.2986113817115053,-0.6842813178040019,False,False
2017-09-21 00:00:00+00:00,12.19,13.879523809523809,2.2979174209563755,-0.7352413076796478,False,False
2017-09-22 00:00:00+00:00,12.37,13.869603174603174,2.2998002341079533,-0.6520580145887502,False,False
2017-09-25 00:00:00+00:00,13.77,13.864206349206349,2.3017240561278194,-0.0409286026079216,False,False
2017-09-26 00:00:00+00:00,13.32,13.863571428571428,2.3017279025782957,-0.2361579872071508,False,False
2017-09-27 00:00:00+00:00,12.99,13.856984126984127,2.300895294255237,-0.37680294672633313,False,False
2017-09-28 00:00:00+00:00,11.75,13.850873015873017,2.301145746094178,-0.9129682548091134,False,False
2017-09-29 00:00:00+00:00,11.77,13.842023809523809,2.304931892121687,-0.8989522929532265,False,False
2017-10-02 00:00:00+00:00,11.72,13.83373015873016,2.3086241342044866,-0.915580032025662,False,False
2017-10-03 00:00:00+00:00,11.38,13.82515873015873,2.3124582853141953,-1.057385011304757,False,False
2017-10-04 00:00:00+00:00,11.41,13.814126984126984,2.317480177746813,-1.0373883700116107,False,False
2017-10-05 00:00:00+00:00,11.4,13.79670634920635,2.3189922305214514,-1.0335120220163148,False,False
2017-10-06 00:00:00+00:00,11.53,13.781587301587301,2.3221591178134307,-0.9696093968390158,False,False
2017-10-09 00:00:00+00:00,11.96,13.763650793650793,2.3220243274287733,-0.7767579229662994,False,False
2017-10-10 00:00:00+00:00,12.22,13.748730158730158,2.321483583935414,-0.658514309258492,False,False
2017-10-11 00:00:00+00:00,12.13,13.73531746031746,2.3205090067078418,-0.6917954016455036,False,False
2017-10-12 00:00:00+00:00,11.82,13.721428571428572,2.319597682620981,-0.8197234312116107,False,False
2017-10-13 00:00:00+00:00,11.76,13.706388888888888,2.3195905789041644,-0.8391088093694594,False,False
2017-10-16 00:00:00+00:00,12.13,13.691031746031745,2.319615241266196,-0.6729701194667235,False,False
2017-10-17 00:00:00+00:00,11.64,13.679087301587302,2.3198740263912017,-0.8789646672148433,False,False
2017-10-18 00:00:00+00:00,11.88,13.66484126984127,2.321334529663724,-0.7688858486500985,False,False
2017-10-19 00:00:00+00:00,11.94,13.653531746031746,2.3230663524473423,-0.7376163596130376,False,False
2017-10-20 00:00:00+00:00,11.49,13.643015873015875,2.324807585694863,-0.9261049758543172,False,False
2017-10-23 00:00:00+00:00,11.69,13.630357142857143,2.3278215692778845,-0.8335506331179255,False,False
2017-10-24 00:00:00+00:00,11.73,13.619007936507938,2.330290623586545,-0.8106319089078123,False,False
2017-10-25 00:00:00+00:00,12.02,13.606230158730158,2.3317909593894504,-0.6802625905820874,False,False
2017-10-26 00:00:00+00:00,11.62,13.596190476190477,2.333157447906601,-0.8470026221177626,False,False
2017-10-27 00:00:00+00:00,11.48,13.58484126984127,2.335795669352879,-0.9011238857311548,False,False
2017-10-30 00:00:00+00:00,11.74,13.570873015873016,2.3378232528359346,-0.7831528810623494,False,False
2017-10-31 00:00:00+00:00,11.81,13.551507936507937,2.3326713197518623,-0.7465723618075731,False,False
2017-11-01 00:00:00+00:00,11.8,13.526428571428573,2.317173014631956,-0.7450581206180612,False,False
2017-11-02 00:00:00+00:00,10.95,13.497777777777777,2.2934918796921266,-1.1108728137811354,False,False
2017-11-03 00:00:00+00:00,10.65,13.464563492063492,2.2693183524568945,-1.2402682457559486,False,False
2017-11-06 00:00:00+00:00,10.94,13.427539682539681,2.2384957550621642,-1.1112550367425653,False,False
2017-11-07 00:00:00+00:00,10.98,13.390714285714285,2.2023486842022564,-1.0946106322793765,False,False
2017-11-08 00:00:00+00:00,11.32,13.360753968253968,2.1834294060262356,-0.9346553465944513,False,False
2017-11-09 00:00:00+00:00,11.73,13.33452380952381,2.1679682254412387,-0.7401048551794376,False,False
2017-11-10 00:00:00+00:00,11.68,13.314880952380951,2.159945676265255,-0.7569083659584492,False,False
2017-11-13 00:00:00+00:00,11.53,13.287738095238094,2.1371319824512085,-0.8224752189717531,False,False
2017-11-14 00:00:00+00:00,11.61,13.241230158730158,2.045009978302818,-0.7976636671885281,False,False
2017-11-15 00:00:00+00:00,11.75,13.20595238095238,1.9953692120869406,-0.7296656539215676,False,False
2017-11-16 00:00:00+00:00,11.02,13.187420634920635,1.9870689774556085,-1.0907626557060754,False,False
2017-11-17 00:00:00+00:00,10.62,13.168571428571429,1.985001215002963,-1.2839142914920711,False,False
2017-11-20 00:00:00+00:00,11.18,13.14126984126984,1.9724636178415784,-0.994324976911875,False,False
2017-11-21 00:00:00+00:00,10.84,13.118055555555555,1.960905095539909,-1.1617367718289922,False,False
2017-11-22 00:00:00+00:00,10.75,13.098134920634921,1.9584362647883613,-1.198984599526231,False,False
2017-11-24 00:00:00+00:00,10.58,13.079563492063492,1.9584253085528012,-1.2763129036105905,False,False
2017-11-27 00:00:00+00:00,10.72,13.048015873015872,1.9341578439942384,-1.2036328266819607,False,False
2017-11-28 00:00:00+00:00,10.64,13.017261904761904,1.909053718066528,-1.2452566851652411,False,False
2017-11-29 00:00:00+00:00,11.02,12.99047619047619,1.8947565968176967,-1.0399627022202576,False,False
2017-11-30 00:00:00+00:00,11.79,12.96563492063492,1.8792672540123518,-0.6255815494708741,False,False
2017-12-01 00:00:00+00:00,11.39,12.936309523809525,1.8391385345405569,-0.8407792533126467,False,False
2017-12-04 00:00:00+00:00,11.38,12.904563492063492,1.7958307757792513,-0.8489460770054732,False,False
2017-12-05 00:00:00+00:00,12.28,12.876547619047619,1.763917336000092,-0.3381947707370276,False,False
2017-12-06 00:00:00+00:00,11.67,12.855595238095237,1.7392504346870947,-0.681670226696557,False,False
2017-12-07 00:00:00+00:00,12.99,12.83420634920635,1.7203797659017066,0.09055770933924845,False,False
2017-12-08 00:00:00+00:00,11.7,12.818809523809524,1.7013742311236484,-0.6575916710990871,False,False
2017-12-11 00:00:00+00:00,11.46,12.79984126984127,1.686978479129869,-0.7942254666653183,False,False
2017-12-12 00:00:00+00:00,12.14,12.771269841269842,1.6478502156659849,-0.38308690636345905,False,False
2017-12-13 00:00:00+00:00,10.87,12.752103174603173,1.6267737304829528,-1.1569544917868935,False,False
2017-12-14 00:00:00+00:00,10.4,12.731071428571429,1.6166383530644959,-1.4419251059784985,False,False
2017-12-15 00:00:00+00:00,9.43,12.700079365079363,1.5857515447900141,-2.0621637581392918,False,False
2017-12-18 00:00:00+00:00,9.93,12.666507936507937,1.5648539345863828,-1.7487305850250123,False,False
2017-12-19 00:00:00+00:00,10.32,12.636269841269842,1.5435901310364026,-1.5005731085587102,False,False
2017-12-20 00:00:00+00:00,9.79,12.613531746031747,1.5352842849589436,-1.8390937585264568,False,False
2017-12-21 00:00:00+00:00,9.64,12.586150793650793,1.5237788086363135,-1.9334504305696525,False,False
2017-12-22 00:00:00+00:00,10.01,12.561626984126983,1.5212542436591465,-1.677317907090554,False,False
2017-12-26 00:00:00+00:00,11.17,12.540714285714287,1.5199586797548055,-0.90181022943032,False,False
2017-12-27 00:00:00+00:00,10.73,12.520119047619048,1.5030697624764906,-1.1909753574375737,False,False
2017-12-28 00:00:00+00:00,10.43,12.496507936507935,1.4840766066612208,-1.3924536828034983,False,False
2017-12-29 00:00:00+00:00,10.96,12.474246031746032,1.4727438099227563,-1.0281802045567259,False,False
2018-01-02 00:00:00+00:00,11.96,12.455515873015873,1.4617844153767032,-0.33898013127207766,False,False
2018-01-03 00:00:00+00:00,11.56,12.438571428571429,1.4424783422243568,-0.609070793545945,False,False
2018-01-04 00:00:00+00:00,11.8,12.419920634920636,1.4231265708658194,-0.43560470840164317,False,False
2018-01-05 00:00:00+00:00,11.26,12.406587301587301,1.4130567373414296,-0.8114233995618091,False,False
2018-01-08 00:00:00+00:00,11.19,12.391825396825398,1.405476426457895,-0.8551017820016086,False,False
2018-01-09 00:00:00+00:00,10.79,12.378492063492065,1.4008509465460914,-1.1339479531413517,False,False
2018-01-10 00:00:00+00:00,10.79,12.364246031746031,1.398668058416263,-1.1255322678410054,False,False
2018-01-11 00:00:00+00:00,10.96,12.350238095238096,1.3966781673830562,-0.9953890077933787,False,False
2018-01-12 00:00:00+00:00,11.62,12.33436507936508,1.3896122856514284,-0.514075103351722,False,False
2018-01-16 00:00:00+00:00,12.09,12.32253968253968,1.3829188120241995,-0.1681513625512903,False,False
2018-01-17 00:00:00+00:00,11.77,12.312460317460319,1.3752691509167112,-0.39443938453700683,False,False
2018-01-18 00:00:00+00:00,12.26,12.296984126984128,1.3591852315895991,-0.027210512684039866,False,False
2018-01-19 00:00:00+00:00,11.43,12.285119047619046,1.3462935639278368,-0.6351653684833943,False,False
2018-01-22 00:00:00+00:00,11.66,12.270515873015873,1.3354448248525488,-0.4571629330199259,False,False
2018-01-23 00:00:00+00:00,11.72,12.259722222222221,1.3293051244042793,-0.40601831160779883,False,False
2018-01-24 00:00:00+00:00,13.38,12.24611111111111,1.3170971777561693,0.8608999457584474,False,False
2018-01-25 00:00:00+00:00,13.04,12.241071428571429,1.3102744621615334,0.6097413896860922,False,False
2018-01-26 00:00:00+00:00,12.98,12.235396825396824,1.3036627229805293,0.5711624344836751,False,False
2018-01-29 00:00:00+00:00,13.25,12.228412698412699,1.294876149809087,0.78894595574868,False,False
2018-01-30 00:00:00+00:00,13.86,12.2240873015873,1.2896042971952308,1.2685384981816958,False,False
2018-01-31 00:00:00+00:00,12.97,12.218809523809524,1.2801043328638593,0.5868197278185189,False,False
2018-02-01 00:00:00+00:00,12.32,12.209682539682538,1.2663889349936388,0.08711183213079536,False,False
2018-02-02 00:00:00+00:00,13.11,12.19984126984127,1.2557707330827659,0.7247809701094077,False,False
2018-02-05 00:00:00+00:00,14.35,12.192182539682541,1.2442122575532026,1.7342840397352297,False,False
2018-02-06 00:00:00+00:00,13.8,12.189444444444444,1.2386670676462357,1.3002328047810283,False,False
2018-02-07 00:00:00+00:00,13.62,12.181746031746032,1.2224344330930805,1.1765489659963246,False,False
2018-02-08 00:00:00+00:00,14.85,12.175238095238095,1.2102864000627107,2.2100239287356387,True,False
2018-02-09 00:00:00+00:00,14.93,12.173849206349207,1.206997800461298,2.283476235497223,True,True
2018-02-12 00:00:00+00:00,14.37,12.174047619047618,1.207448449698738,1.8186717466077142,True,True
2018-02-13 00:00:00+00:00,14.07,12.172023809523811,1.2033152542142862,1.5772892297584038,True,True
2018-02-14 00:00:00+00:00,14.97,12.169880952380952,1.199430968053644,2.334539562675203,True,True
2018-02-15 00:00:00+00:00,15.03,12.172896825396826,1.2055211389289462,2.3700149937989363,True,True
2018-02-16 00:00:00+00:00,13.96,12.17813492063492,1.215056641922013,1.4664872549039967,True,True
2018-02-20 00:00:00+00:00,14.08,12.178968253968254,1.2162104487144478,1.5630779591156814,True,True
2018-02-21 00:00:00+00:00,13.83,12.18218253968254,1.2201693103129994,1.3504826308856763,True,True
2018-02-22 00:00:00+00:00,13.47,12.182619047619049,1.2207411885885313,1.054589592302912,True,True
2018-02-23 00:00:00+00:00,11.97,12.183452380952382,1.2215509970366205,-0.17473882094992219,False,True
2018-02-26 00:00:00+00:00,11.89,12.176666666666666,1.2179487687039918,-0.2353684112441812,False,False
2018-02-27 00:00:00+00:00,11.76,12.17011904761905,1.2150220046679387,-0.33754042811029916,False,False
2018-02-28 00:00:00+00:00,11.74,12.159484126984127,1.2067757459207493,-0.3476073565466529,False,False
2018-03-01 00:00:00+00:00,12.07,12.149325396825397,1.1994377589187692,-0.06613548409290043,False,False
2018-03-02 00:00:00+00:00,11.97,12.140039682539683,1.190893901769561,-0.14278323391111414,False,False
2018-03-05 00:00:00+00:00,11.89,12.132420634920635,1.1857843629553368,-0.20443905527346312,False,False
2018-03-06 00:00:00+00:00,12.33,12.125396825396825,1.1819358493009289,0.1731085276110292,False,False
2018-03-07 00:00:00+00:00,12.37,12.121785714285714,1.179905284247605,0.2103679753180908,False,False
2018-03-08 00:00:00+00:00,11.57,12.118412698412698,1.1779666542663776,-0.4655587629976179,False,False
2018-03-09 00:00:00+00:00,10.94,12.110436507936507,1.1748314314689385,-0.9962591028681146,False,False
2018-03-12 00:00:00+00:00,11.01,12.099801587301588,1.1732409738781844,-0.928881288299381,False,False
2018-03-13 00:00:00+00:00,10.7,12.091785714285713,1.173760762847778,-1.1857490540993751,False,False
2018-03-14 00:00:00+00:00,10.41,12.08952380952381,1.175897966372767,-1.42829042787152,False,False
2018-03-15 00:00:00+00:00,10.4,12.084920634920636,1.1802023906599375,-1.4276539755003146,False,False
2018-03-16 00:00:00+00:00,9.88,12.081626984126984,1.1837505944525983,-1.8598740262048878,False,False
2018-03-19 00:00:00+00:00,10.99,12.076706349206349,1.190322809793052,-0.9129509577282502,False,False
2018-03-20 00:00:00+00:00,11.01,12.077460317460318,1.189570839958636,-0.8973490956599407,False,False
2018-03-21 00:00:00+00:00,10.91,12.076111111111112,1.1905915849974769,-0.979438395000569,False,False
2018-03-22 00:00:00+00:00,11.24,12.071269841269842,1.192849869580434,-0.6968771699344093,False,False
2018-03-23 00:00:00+00:00,13.46,12.067142857142857,1.1939234308755784,1.1666218342290806,False,False
2018-03-26 00:00:00+00:00,12.95,12.07063492063492,1.1967131253702266,0.7348169421080186,False,False
2018-03-27 00:00:00+00:00,12.22,12.074166666666667,1.197994215112304,0.12173125002916899,False,False
2018-03-28 00:00:00+00:00,11.74,12.073015873015871,1.1977131395653957,-0.27804309898170565,False,False
2018-03-29 00:00:00+00:00,11.06,12.070595238095239,1.197767529464254,-0.8437323714621521,False,False
2018-04-02 00:00:00+00:00,12.86,12.068253968253968,1.199168755500147,0.6602457144706139,False,False
2018-04-03 00:00:00+00:00,11.8,12.071309523809525,1.2002049424217651,-0.2260526633577077,False,False
2018-04-04 00:00:00+00:00,12.0,12.068888888888887,1.2001342701922613,-0.05740098470636226,False,False
2018-04-05 00:00:00+00:00,11.55,12.066468253968255,1.1996535966588588,-0.43051448802109527,False,False
2018-04-06 00:00:00+00:00,11.95,12.063055555555556,1.1998956581832838,-0.09422115563509034,False,False
2018-04-09 00:00:00+00:00,12.39,12.05797619047619,1.1976432166265378,0.27723098575136534,False,False
2018-04-10 00:00:00+00:00,12.78,12.056150793650794,1.1967814843964222,0.6048298839735706,False,False
2018-04-11 00:00:00+00:00,14.36,12.053492063492063,1.1944145025581105,1.931078307880576,False,False
2018-04-12 00:00:00+00:00,12.88,12.0559126984127,1.1984776034843376,0.6876117661201426,False,False
2018-04-13 00:00:00+00:00,13.36,12.04670634920635,1.183040795149402,1.110100054180971,False,False
2018-04-16 00:00:00+00:00,13.43,12.035912698412698,1.1582441204459382,1.2036213065778922,False,False
2018-04-17 00:00:00+00:00,13.07,12.024920634920635,1.1314013072200293,0.9237035156404707,False,False
2018-04-18 00:00:00+00:00,13.46,12.012500000000001,1.102187836935592,1.3132970184324277,False,False
2018-04-19 00:00:00+00:00,12.88,12.003730158730159,1.081569417551899,0.8101836341242463,False,False
2018-04-20 00:00:00+00:00,12.14,11.997301587301587,1.0714401171410826,0.1331837499973165,False,False
2018-04-23 00:00:00+00:00,12.13,11.987777777777778,1.0593468549940537,0.13425463204213833,False,False
2018-04-24 00:00:00+00:00,12.24,11.975158730158729,1.0383466279256601,0.25506055754267143,False,False
2018-04-25 00:00:00+00:00,11.97,11.974960317460315,1.0382910023642933,-0.0047773865409787945,False,False
2018-04-26 00:00:00+00:00,11.49,11.973055555555556,1.0378562552026889,-0.46543589551446785,False,False
2018-04-27 00:00:00+00:00,10.99,11.97095238095238,1.0382976632759708,-0.9447699013954636,False,False
2018-04-30 00:00:00+00:00,11.15,11.968809523809524,1.0397675246935036,-0.7874928812100449,False,False
2018-05-01 00:00:00+00:00,11.88,11.967023809523809,1.040789364580169,-0.08361327708120052,False,False
2018-05-02 00:00:00+00:00,11.64,11.965158730158729,1.040521424701307,-0.3124959490882838,False,False
2018-05-03 00:00:00+00:00,11.46,11.962222222222222,1.0403902032997268,-0.48272486671766096,False,False
2018-05-04 00:00:00+00:00,10.99,11.957936507936509,1.040225088621128,-0.930506789852145,False,False
2018-05-07 00:00:00+00:00,11.32,11.952301587301587,1.041611655538645,-0.6070415820900228,False,False
2018-05-08 00:00:00+00:00,11.5,11.949563492063492,1.0423660107349426,-0.43129139614454354,False,False
2018-05-09 00:00:00+00:00,11.39,11.947777777777778,1.0427506444956771,-0.5349100292789033,False,False
2018-05-10 00:00:00+00:00,11.42,11.944960317460318,1.0432967583144181,-0.5031744930449698,False,False
2018-05-11 00:00:00+00:00,11.04,11.945833333333333,1.042762812373378,-0.8686858819520171,False,False
2018-05-14 00:00:00+00:00,11.15,11.945039682539683,1.0433780939932134,-0.7619861746348433,False,False
2018-05-15 00:00:00+00:00,11.91,11.945119047619048,1.0433166094357453,-0.03366096858943089,False,False
2018-05-16 00:00:00+00:00,11.77,11.947619047619048,1.0424709602204687,-0.17038272949251668,False,False
2018-05-17 00:00:00+00:00,11.64,11.949920634920636,1.0414313594975553,-0.297591033815381,False,False
2018-05-18 00:00:00+00:00,11.11,11.94440476190476,1.039366974665519,-0.8028009184852948,False,False
2018-05-21 00:00:00+00:00,11.62,11.937103174603175,1.038737329794649,-0.3052775379372039,False,False
2018-05-22 00:00:00+00:00,10.9,11.935436507936508,1.0389085062695478,-0.9966580326255032,False,False
2018-05-23 00:00:00+00:00,11.18,11.929801587301586,1.040663843599972,-0.7205031595099869,False,False
2018-05-24 00:00:00+00:00,10.99,11.926984126984129,1.041732597420389,-0.8994478326821627,False,False
2018-05-25 00:00:00+00:00,10.31,11.923968253968255,1.043345889150291,-1.5469158126291969,False,False
2018-05-29 00:00:00+00:00,12.33,11.920436507936508,1.04730512071379,0.39106415500418334,False,False
2018-05-30 00:00:00+00:00,10.87,11.923373015873016,1.0474123548925784,-1.0056908446349673,False,False
2018-05-31 00:00:00+00:00,10.92,11.920396825396825,1.0493415888972453,-0.9533566914546325,False,False
2018-06-01 00:00:00+00:00,10.58,11.916825396825397,1.051214551429727,-1.271696053871418,False,False
2018-06-04 00:00:00+00:00,10.54,11.911944444444446,1.0545627428346311,-1.3009604727327115,False,False
2018-06-05 00:00:00+00:00,10.46,11.905793650793651,1.0580346006699484,-1.3664899521038087,False,False
2018-06-06 00:00:00+00:00,10.31,11.897936507936508,1.0613982489927891,-1.4960798262512454,False,False
2018-06-07 00:00:00+00:00,10.55,11.886349206349207,1.062736153779233,-1.2574609432425616,False,False
2018-06-08 00:00:00+00:00,10.69,11.875992063492063,1.0629921911018183,-1.115710983975106,False,False
2018-06-11 00:00:00+00:00,10.54,11.868333333333334,1.0645618966846497,-1.2477746361861577,False,False
2018-06-12 00:00:00+00:00,10.52,11.860555555555557,1.0670854714014686,-1.2562775817713305,False,False
2018-06-13 00:00:00+00:00,10.6,11.853055555555555,1.0698466718572632,-1.1712477951445506,False,False
2018-06-14 00:00:00+00:00,9.83,11.84686507936508,1.0725733723595436,-1.880398237864322,False,False
2018-06-15 00:00:00+00:00,10.65,11.840238095238096,1.0798594155850758,-1.1022157866662816,False,False
2018-06-18 00:00:00+00:00,9.82,11.838730158730158,1.0812597670624817,-1.867016807824593,False,False
2018-06-19 00:00:00+00:00,10.99,11.837380952380952,1.0835725025311544,-0.7820251532791075,False,False
2018-06-20 00:00:00+00:00,11.08,11.838571428571429,1.082471139470382,-0.7007775088974411,False,False
2018-06-21 00:00:00+00:00,11.22,11.838333333333335,1.0826319928178818,-0.5711389811453216,False,False
2018-06-22 00:00:00+00:00,10.67,11.838214285714285,1.0826985918304266,-1.0789838414209851,False,False
2018-06-25 00:00:00+00:00,10.83,11.83595238095238,1.084547147731249,-0.9275321806495174,False,False
2018-06-26 00:00:00+00:00,10.97,11.835833333333333,1.0846563430277942,-0.7982559074115384,False,False
2018-06-27 00:00:00+00:00,11.01,11.835515873015874,1.0848989394919228,-0.7609149967484322,False,False
2018-06-28 00:00:00+00:00,11.03,11.83174603174603,1.0861145188203989,-0.7381781735288715,False,False
2018-06-29 00:00:00+00:00,10.75,11.830357142857142,1.08691798613994,-0.9939638101802899,False,False
2018-07-02 00:00:00+00:00,11.75,11.828531746031747,1.0883493052066788,-0.0721567475221875,False,False
2018-07-03 00:00:00+00:00,11.41,11.831507936507936,1.0870993367970376,-0.3877363569642505,False,False
2018-07-05 00:00:00+00:00,11.32,11.829444444444444,1.087405117392718,-0.46849553703218183,False,False
2018-07-06 00:00:00+00:00,10.65,11.827222222222222,1.0878734978082687,-1.0821315388176687,False,False
2018-07-09 00:00:00+00:00,10.55,11.82297619047619,1.0903789097198429,-1.1674622272392101,False,False
2018-07-10 00:00:00+00:00,10.69,11.815079365079365,1.0923695841689447,-1.0299438774060206,False,False
2018-07-11 00:00:00+00:00,11.25,11.809007936507935,1.094360137930313,-0.5108080211740426,False,False
2018-07-12 00:00:00+00:00,10.82,11.80484126984127,1.0944821651193892,-0.8998239544029858,False,False
2018-07-13 00:00:00+00:00,10.99,11.801904761904764,1.0961331630840305,-0.7406990220243178,False,False
2018-07-16 00:00:00+00:00,11.46,11.800714285714287,1.096854015259747,-0.31062865337973106,False,False
2018-07-17 00:00:00+00:00,11.79,11.802103174603175,1.0961973121121138,-0.011041054807784695,False,False
2018-07-18 00:00:00+00:00,12.15,11.804920634920636,1.0952459717781744,0.31507019790185986,False,False
2018-07-19 00:00:00+00:00,12.66,11.808928571428572,1.0946509034644925,0.7774820501018613,False,False
2018-07-20 00:00:00+00:00,12.1,11.815198412698413,1.0949840182927346,0.2600965699441355,False,False
2018-07-23 00:00:00+00:00,12.22,11.82015873015873,1.0934243765048153,0.36567802806755023,False,False
2018-07-24 00:00:00+00:00,11.74,11.824126984126986,1.0930521395738784,-0.07696520694775104,False,False
2018-07-25 00:00:00+00:00,11.65,11.823888888888888,1.0930639507158066,-0.15908391158176458,False,False
2018-07-26 00:00:00+00:00,11.43,11.822222222222221,1.0930073931937638,-0.35884681536887814,False,False
2018-07-27 00:00:00+00:00,11.05,11.821428571428571,1.0932201159737112,-0.7056479844788377,False,False
2018-07-30 00:00:00+00:00,11.18,11.820674603174602,1.093688130302552,-0.5857927734822994,False,False
2018-07-31 00:00:00+00:00,11.21,11.819642857142856,1.0941712063992672,-0.5571731860401327,False,False
2018-08-01 00:00:00+00:00,10.91,11.818055555555556,1.0947665202925163,-0.8294513384579282,False,False
2018-08-02 00:00:00+00:00,11.08,11.816587301587303,1.0957386947484757,-0.6722289767784323,False,False
2018-08-03 00:00:00+00:00,10.77,11.81595238095238,1.0961204157624247,-0.954231274147787,False,False
2018-08-06 00:00:00+00:00,11.02,11.813809523809523,1.097640248427965,-0.7231964434125056,False,False
2018-08-07 00:00:00+00:00,11.11,11.814404761904761,1.0971669615384372,-0.6420214849680235,False,False
2018-08-08 00:00:00+00:00,11.43,11.8159126984127,1.095931065676537,-0.35213227409925546,False,False
2018-08-09 00:00:00+00:00,10.99,11.817222222222222,1.0952691742063525,-0.7552684232363599,False,False
2018-08-10 00:00:00+00:00,11.78,11.811984126984127,1.0960592357865198,-0.029181020459333313,False,False
2018-08-13 00:00:00+00:00,11.73,11.805436507936507,1.0912729727855852,-0.06912707435972464,False,False
2018-08-14 00:00:00+00:00,11.88,11.79861111111111,1.0863136499976334,0.07492208984860622,False,False
2018-08-15 00:00:00+00:00,13.16,11.797698412698413,1.0861475930747173,1.2542508918563455,False,False
2018-08-16 00:00:00+00:00,13.39,11.801507936507937,1.0892433628545675,1.4583444964301833,False,False
2018-08-17 00:00:00+00:00,12.89,11.804722222222223,1.0927393126454856,0.9931717155396892,False,False
2018-08-20 00:00:00+00:00,12.4,11.802936507936508,1.0905859877835486,0.5474703496575579,False,False
2018-08-21 00:00:00+00:00,11.86,11.80404761904762,1.0910528403851691,0.05128292497055203,False,False
2018-08-22 00:00:00+00:00,11.81,11.799484126984126,1.0883904431404492,0.009661857178322847,False,False
2018-08-23 00:00:00+00:00,11.6,11.796785714285715,1.087514246696348,-0.18095001043297693,False,False
2018-08-24 00:00:00+00:00,11.71,11.7925,1.0861469693573393,-0.07595657155754333,False,False
2018-08-27 00:00:00+00:00,11.77,11.788333333333332,1.0844333163132662,-0.01690591118655432,False,False
2018-08-28 00:00:00+00:00,11.46,11.784920634920633,1.0831264662464715,-0.2999840231460974,False,False
2018-08-29 00:00:00+00:00,11.25,11.774047619047618,1.0724865389410516,-0.4886286214510911,False,False
2018-08-30 00:00:00+00:00,11.41,11.765119047619047,1.0674143022015476,-0.332690921310134,False,False
2018-08-31 00:00:00+00:00,10.96,11.75968253968254,1.0657122164542396,-0.7503738132449913,False,False
2018-09-04 00:00:00+00:00,11.42,11.750555555555557,1.062656451518262,-0.31106530721502595,False,False
2018-09-05 00:00:00+00:00,11.24,11.745357142857143,1.0610489958256917,-0.47628068528907286,False,False
2018-09-06 00:00:00+00:00,11.54,11.733214285714286,1.0491394622591963,-0.1841645392865342,False,False
2018-09-07 00:00:00+00:00,11.3,11.722777777777777,1.037822681650549,-0.40736995370480084,False,False
2018-09-10 00:00:00+00:00,11.33,11.710119047619049,1.0232883803100097,-0.3714681559306772,False,False
2018-09-11 00:00:00+00:00,11.26,11.700436507936509,1.0152319068263478,-0.4338284730562986,False,False
2018-09-12 00:00:00+00:00,11.18,11.692420634920634,1.0106749419560717,-0.5070083502108891,False,False
2018-09-13 00:00:00+00:00,11.15,11.6909126984127,1.0111566689101354,-0.5349444997437597,False,False
2018-09-14 00:00:00+00:00,10.84,11.687619047619046,1.011562972397709,-0.8379300851729812,False,False
2018-09-17 00:00:00+00:00,10.85,11.682261904761905,1.0124661436754778,-0.8220145532379078,False,False
2018-09-18 00:00:00+00:00,10.78,11.677460317460318,1.0135362231860114,-0.8854743391796959,False,False
2018-09-19 00:00:00+00:00,10.81,11.669880952380952,1.0130756617985048,-0.848782558702883,False,False
2018-09-20 00:00:00+00:00,10.72,11.664087301587301,1.0138044989392625,-0.931232108927405,False,False
2018-09-21 00:00:00+00:00,10.76,11.657738095238095,1.0146901293611552,-0.8847411335353261,False,False
2018-09-24 00:00:00+00:00,10.97,11.652063492063492,1.0156997214924572,-0.671520802488038,False,False
2018-09-25 00:00:00+00:00,10.83,11.646507936507938,1.0155859631477013,-0.8039771778424916,False,False
2018-09-26 00:00:00+00:00,10.76,11.63484126984127,1.0079530234161838,-0.8679385343537476,False,False
2018-09-27 00:00:00+00:00,10.86,11.62468253968254,1.003793352257753,-0.7617927912778074,False,False
2018-09-28 00:00:00+00:00,10.74,11.616230158730158,1.0012154339714257,-0.8751664516941164,False,False
2018-10-01 00:00:00+00:00,11.03,11.612222222222222,1.0026982631851669,-0.5806554609686249,False,False
2018-10-02 00:00:00+00:00,11.24,11.609285714285715,1.0033177461381457,-0.3680645694817284,False,False
2018-10-03 00:00:00+00:00,11.21,11.607380952380952,1.003562323111582,-0.3959703779520705,False,False
2018-10-04 00:00:00+00:00,11.59,11.606706349206348,1.0037728951210785,-0.016643554819572227,False,False
2018-10-05 00:00:00+00:00,11.64,11.607420634920636,1.0036964021953947,0.03245938214793144,False,False
2018-10-08 00:00:00+00:00,12.48,11.608373015873015,1.0036126634481073,0.8684894241293654,False,False
2018-10-09 00:00:00+00:00,12.03,11.612142857142857,1.0051002266274796,0.4157367910056329,False,False
2018-10-10 00:00:00+00:00,12.51,11.612420634920637,1.005206413586502,0.8929304001124168,False,False
2018-10-11 00:00:00+00:00,13.57,11.613571428571428,1.0060703913385665,1.9446239430876844,False,False
2018-10-12 00:00:00+00:00,12.76,11.619285714285715,1.013080331799938,1.1259860150355305,False,False
2018-10-15 00:00:00+00:00,13.13,11.623015873015873,1.015549834268514,1.4839095789618106,False,False
2018-10-16 00:00:00+00:00,12.2,11.62845238095238,1.0199435505601646,0.5603718154144106,False,False
2018-10-17 00:00:00+00:00,12.14,11.628730158730159,1.0200902109370926,0.5012006151888962,False,False
2018-10-18 00:00:00+00:00,12.23,11.630714285714285,1.0205983547447843,0.5871905549324301,False,False
2018-10-19 00:00:00+00:00,11.76,11.632103174603175,1.0211769346897617,0.1252445301613477,False,False
2018-10-22 00:00:00+00:00,11.68,11.631388888888887,1.0210236522051837,0.04761017142563086,False,False
2018-10-23 00:00:00+00:00,12.31,11.632142857142858,1.0209889800772196,0.6639220952275848,False,False
2018-10-24 00:00:00+00:00,13.11,11.634603174603175,1.0218755904612973,1.44381257285028,False,False
2018-10-25 00:00:00+00:00,12.3,11.640079365079364,1.0260778967749473,0.6431486702859743,False,False
2018-10-26 00:00:00+00:00,12.92,11.641190476190475,1.0266423881063216,1.2456231484541898,False,False
2018-10-29 00:00:00+00:00,12.98,11.646349206349207,1.029796795160279,1.2950620937242499,False,False
2018-10-30 00:00:00+00:00,12.3,11.652301587301588,1.0331610587052085,0.6269094322139178,False,False
2018-10-31 00:00:00+00:00,12.08,11.654523809523807,1.0339523882963968,0.41150462564067714,False,False
2018-11-01 00:00:00+00:00,12.6,11.655595238095238,1.0342539908490087,0.9131265339662935,False,False
2018-11-02 00:00:00+00:00,12.5,11.658769841269843,1.0359254358153411,0.8120566689899396,False,False
2018-11-05 00:00:00+00:00,12.39,11.664920634920636,1.036301841945974,0.6996797030851615,False,False
2018-11-06 00:00:00+00:00,12.47,11.671825396825398,1.0353088349546755,0.7709531457920439,False,False
2018-11-07 00:00:00+00:00,11.23,11.677896825396827,1.0354862693508267,-0.43254733418882,False,False
2018-11-08 00:00:00+00:00,11.41,11.67888888888889,1.034934585936326,-0.25981244857675806,False,False
2018-11-09 00:00:00+00:00,11.44,11.679246031746032,1.0348257677050805,-0.23119450559933946,False,False
2018-11-12 00:00:00+00:00,12.13,11.678095238095239,1.034930345278915,0.43665234473627634,False,False
2018-11-13 00:00:00+00:00,12.19,11.679880952380952,1.0353217957868308,0.4927154530069215,False,False
2018-11-14 00:00:00+00:00,12.88,11.6825,1.0357758317828651,1.156138194438041,False,False
2018-11-15 00:00:00+00:00,12.12,11.687539682539681,1.0385077299626795,0.4164247457993014,False,False
2018-11-16 00:00:00+00:00,12.05,11.689007936507934,1.038857884946902,0.347489361849063,False,False
2018-11-19 00:00:00+00:00,12.57,11.693095238095237,1.0382412836163997,0.8446059463656947,False,False
2018-11-20 00:00:00+00:00,12.63,11.700833333333334,1.0374780274159183,0.895601296714663,False,False
2018-11-21 00:00:00+00:00,12.12,11.706587301587302,1.0385982452601865,0.398048716430414,False,False
2018-11-23 00:00:00+00:00,12.1,11.711666666666668,1.0374726032000774,0.3743070729150054,False,False
2018-11-26 00:00:00+00:00,11.83,11.717023809523809,1.0359714878962374,0.10905337820214862,False,False
2018-11-27 00:00:00+00:00,12.01,11.721984126984127,1.0334952260254862,0.27868137729430603,False,False
2018-11-28 00:00:00+00:00,11.43,11.727103174603174,1.0317057112238268,-0.2879727924068053,False,False
2018-11-29 00:00:00+00:00,11.39,11.730238095238095,1.029587365058594,-0.33046063577006995,False,False
2018-11-30 00:00:00+00:00,11.26,11.731706349206348,1.028834032879371,-0.4584863390319585,False,False
2018-12-03 00:00:00+00:00,10.93,11.729603174603175,1.0292560271344442,-0.7768749014075285,False,False
2018-12-04 00:00:00+00:00,11.63,11.727777777777778,1.0302681265438827,-0.0949051759038499,False,False
2018-12-06 00:00:00+00:00,11.61,11.728769841269841,1.0300522530567922,-0.11530467596899018,False,False
2018-12-07 00:00:00+00:00,12.22,11.726111111111111,1.0294883053596942,0.47974210713965254,False,False
2018-12-10 00:00:00+00:00,12.04,11.72829365079365,1.0299517767497437,0.30264169278877445,False,False
2018-12-11 00:00:00+00:00,11.46,11.72452380952381,1.0270497779772447,-0.2575569511779489,False,False
2018-12-12 00:00:00+00:00,11.29,11.723571428571429,1.0271838764279146,-0.4220971906989008,False,False
2018-12-13 00:00:00+00:00,10.69,11.722896825396825,1.0274134647550177,-1.005337053513422,False,False
2018-12-14 00:00:00+00:00,10.77,11.717142857142859,1.0291270869937024,-0.9203361461504853,False,False
2018-12-17 00:00:00+00:00,11.75,11.716746031746032,1.029474262889862,0.03230189374586194,False,False
2018-12-18 00:00:00+00:00,12.18,11.722103174603175,1.0261019444812862,0.4462488623664971,False,False
2018-12-19 00:00:00+00:00,11.4,11.733015873015873,1.0162035980724524,-0.3277058589907979,False,False
2018-12-20 00:00:00+00:00,12.45,11.738849206349206,1.0100127534004446,0.7041008059121404,False,False
2018-12-21 00:00:00+00:00,11.97,11.747301587301585,1.0069997350803828,0.22115041835700047,False,False
2018-12-24 00:00:00+00:00,14.8,11.755952380952381,0.9994537779694491,3.0457112536330504,True,False
2018-12-26 00:00:00+00:00,14.47,11.776428571428573,1.008745000953984,2.6702203490714504,True,True
2018-12-27 00:00:00+00:00,15.18,11.794126984126983,1.016723328364496,3.3301813004719203,True,True
2018-12-28 00:00:00+00:00,14.56,11.810039682539681,1.0380722625731376,2.6491029734710496,True,True
2018-12-31 00:00:00+00:00,13.48,11.825238095238095,1.0501634964994417,1.5757183622148352,True,True
2019-01-02 00:00:00+00:00,13.18,11.83734126984127,1.0515939687460518,1.2767843579017017,True,True
2019-01-03 00:00:00+00:00,13.77,11.846150793650795,1.0535119909235002,1.8261293871584452,True,True
2019-01-04 00:00:00+00:00,12.04,11.853333333333333,1.0604385321546916,0.17602780454174935,False,True
2019-01-07 00:00:00+00:00,11.66,11.855238095238095,1.0603406310436685,-0.18412771285197876,False,False
2019-01-08 00:00:00+00:00,11.16,11.85468253968254,1.0604063616396244,-0.6551097435971684,False,False
2019-01-09 00:00:00+00:00,11.69,11.854285714285716,1.0606484738002018,-0.15489176512657055,False,False
2019-01-10 00:00:00+00:00,10.95,11.85626984126984,1.0598682426774284,-0.8550778339960745,False,False
2019-01-11 00:00:00+00:00,11.0,11.856904761904762,1.0592747005816217,-0.8089542414580999,False,False
2019-01-14 00:00:00+00:00,11.06,11.857738095238096,1.0585143514984294,-0.7536393758939782,False,False
2019-01-15 00:00:00+00:00,11.06,11.858134920634921,1.0581951548312205,-0.7542417076765211,False,False
2019-01-16 00:00:00+00:00,11.08,11.855912698412698,1.0592846757226724,-0.7324874192892008,False,False
2019-01-17 00:00:00+00:00,10.9,11.85190476190476,1.060305687175367,-0.8977644592670397,False,False
2019-01-18 00:00:00+00:00,11.12,11.84845238095238,1.0619884687151084,-0.6859324770576185,False,False
2019-01-22 00:00:00+00:00,10.77,11.843928571428572,1.0626562424879733,-1.0106076908880783,False,False
2019-01-23 00:00:00+00:00,10.61,11.841309523809523,1.0644922247918547,-1.1567106786996844,False,False
2019-01-24 00:00:00+00:00,10.37,11.837142857142858,1.0672561215159315,-1.3746867575319484,False,False
2019-01-25 00:00:00+00:00,11.12,11.831785714285715,1.0712272747730638,-0.6644581696601269,False,False
2019-01-28 00:00:00+00:00,11.04,11.82281746031746,1.0676684572817121,-0.7332027606308764,False,False
2019-01-29 00:00:00+00:00,11.25,11.814880952380953,1.0660167068285773,-0.5298987799745525,False,False
2019-01-30 00:00:00+00:00,11.14,11.808015873015874,1.064052255734935,-0.6278036340935893,False,False
2019-01-31 00:00:00+00:00,10.74,11.799642857142858,1.0609573738996083,-0.9987610088877383,False,False
2019-02-01 00:00:00+00:00,10.12,11.787261904761904,1.0550059207823947,-1.5803341686703134,False,False
2019-02-04 00:00:00+00:00,10.11,11.775952380952383,1.057549357307746,-1.5752951570917486,False,False
2019-02-05 00:00:00+00:00,10.14,11.767182539682539,1.0621730330808585,-1.5319373482518719,False,False
2019-02-06 00:00:00+00:00,9.76,11.755396825396826,1.0636902244992987,-1.8759191157708544,False,False
2019-02-07 00:00:00+00:00,9.72,11.73718253968254,1.0583696015848016,-1.905933935235868,False,False
2019-02-08 00:00:00+00:00,9.89,11.720992063492064,1.0578947220612058,-1.730788541911384,False,False
2019-02-11 00:00:00+00:00,10.18,11.706190476190477,1.0573128814649109,-1.4434615362634515,False,False
2019-02-12 00:00:00+00:00,10.03,11.68765873015873,1.042817816595519,-1.5895957124807087,False,False
2019-02-13 00:00:00+00:00,9.55,11.668214285714287,1.027693228656144,-2.061134808180214,False,False
2019-02-14 00:00:00+00:00,9.92,11.6490873015873,1.0220467903920853,-1.6917887887735308,False,False
2019-02-15 00:00:00+00:00,10.16,11.632619047619048,1.0163015352112288,-1.4489981532035943,False,False
2019-02-19 00:00:00+00:00,11.39,11.613531746031745,0.9983826697032441,-0.22389385634887485,False,False
2019-02-20 00:00:00+00:00,10.92,11.599087301587302,0.9748100031027422,-0.6966355489026798,False,False
2019-02-21 00:00:00+00:00,10.29,11.58702380952381,0.9642297007278985,-1.3451398650598354,False,False
2019-02-22 00:00:00+00:00,10.02,11.571984126984129,0.9547006955449648,-1.625623752267428,False,False
2019-02-25 00:00:00+00:00,9.91,11.556865079365078,0.9489504023848411,-1.7354595932793566,False,False
2019-02-26 00:00:00+00:00,9.86,11.542738095238095,0.9468526406811077,-1.7771911097249902,False,False
2019-02-27 00:00:00+00:00,9.72,11.534365079365081,0.9523725843876041,-1.9051000722913036,False,False
2019-02-28 00:00:00+00:00,9.52,11.525753968253968,0.9589319190032712,-2.091654192029378,False,False
2019-03-01 00:00:00+00:00,10.2,11.516865079365079,0.9670990494078842,-1.3616651574327814,False,False
2019-03-04 00:00:00+00:00,10.26,11.510753968253969,0.970542947289965,-1.2887157356059653,False,False
2019-03-05 00:00:00+00:00,10.1,11.503571428571428,0.973081902668138,-1.442398039386933,False,False
2019-03-06 00:00:00+00:00,10.13,11.496150793650793,0.9766345299340121,-1.398835236496398,False,False
2019-03-07 00:00:00+00:00,10.36,11.489166666666666,0.9800937531382081,-1.1521006669526612,False,False
2019-03-08 00:00:00+00:00,10.51,11.481349206349208,0.9812162979619332,-0.989944019852483,False,False
2019-03-11 00:00:00+00:00,10.18,11.473968253968254,0.9815006636642352,-1.3183569832112838,False,False
2019-03-12 00:00:00+00:00,10.08,11.468452380952382,0.9848588719830325,-1.4097983177596867,False,False
2019-03-13 00:00:00+00:00,10.14,11.465039682539683,0.9881817574061551,-1.3408866057371205,False,False
2019-03-14 00:00:00+00:00,10.08,11.461587301587302,0.99129269918422,-1.3937228658339496,False,False
2019-03-15 00:00:00+00:00,10.01,11.459126984126984,0.993956254371346,-1.457938392916017,False,False
2019-03-18 00:00:00+00:00,9.79,11.457539682539684,0.9959557155134672,-1.6743110728371904,False,False
2019-03-19 00:00:00+00:00,9.82,11.455119047619048,0.9992720386788793,-1.6363102181672282,False,False
2019-03-20 00:00:00+00:00,10.15,11.454880952380952,0.9996559097823282,-1.3053301037004674,False,False
2019-03-21 00:00:00+00:00,10.2,11.451547619047618,1.0026083441442102,-1.2482916448455197,False,False
2019-03-22 00:00:00+00:00,10.31,11.448333333333334,1.0053242722776452,-1.1323046351545312,False,False
2019-03-25 00:00:00+00:00,10.77,11.44595238095238,1.0073128456633675,-0.6710451314727668,False,False
2019-03-26 00:00:00+00:00,10.18,11.4440873015873,1.0081304737529375,-1.253892561030836,False,False
2019-03-27 00:00:00+00:00,10.36,11.431071428571428,1.0031611603341852,-1.0676962694754057,False,False
2019-03-28 00:00:00+00:00,10.35,11.42079365079365,1.0008021509261804,-1.069935401120688,False,False
2019-03-29 00:00:00+00:00,9.94,11.413373015873017,1.0017849268121264,-1.4707478386219839,False,False
2019-04-01 00:00:00+00:00,10.13,11.406230158730159,1.0058556022774543,-1.268800567238998,False,False
2019-04-02 00:00:00+00:00,9.81,11.402539682539683,1.008832654662083,-1.5785964849374514,False,False
2019-04-03 00:00:00+00:00,9.69,11.390436507936508,1.0095730074182718,-1.6843125711977442,False,False
2019-04-04 00:00:00+00:00,9.92,11.382063492063493,1.0148984346260361,-1.44060079529261,False,False
2019-04-05 00:00:00+00:00,9.65,11.373809523809525,1.0183052533855343,-1.6928219883757034,False,False
2019-04-08 00:00:00+00:00,9.71,11.36626984126984,1.0240134571195936,-1.6174297610587018,False,False
2019-04-09 00:00:00+00:00,9.55,11.357380952380952,1.0286378867736479,-1.7570623983624143,False,False
2019-04-10 00:00:00+00:00,9.45,11.34611111111111,1.0328284548207898,-1.835843215067223,False,False
2019-04-11 00:00:00+00:00,9.59,11.332896825396825,1.035708247997598,-1.6828067448207351,False,False
2019-04-12 00:00:00+00:00,9.28,11.313968253968254,1.0236829683576831,-1.9869122734662605,False,False
2019-04-15 00:00:00+00:00,9.57,11.29968253968254,1.02685605853653,-1.684444986522915,False,False
2019-04-16 00:00:00+00:00,9.78,11.284642857142858,1.0243113863294724,-1.468931105544585,False,False
2019-04-17 00:00:00+00:00,9.39,11.27015873015873,1.019649954877427,-1.843925673869858,False,False
2019-04-18 00:00:00+00:00,8.96,11.255555555555556,1.02012229214221,-2.250274867275956,False,False
2019-04-22 00:00:00+00:00,9.56,11.237698412698412,1.0207657954111822,-1.6435684074059376,False,False
2019-04-23 00:00:00+00:00,9.54,11.22452380952381,1.020909763128483,-1.650022235424357,False,False
2019-04-24 00:00:00+00:00,9.48,11.21420634920635,1.0247517263595824,-1.6923185436994537,False,False
2019-04-25 00:00:00+00:00,9.35,11.203690476190475,1.0289050921606724,-1.8016146390118226,False,False
2019-04-26 00:00:00+00:00,9.28,11.192222222222222,1.0334045299554182,-1.8504101412297054,False,False
2019-04-29 00:00:00+00:00,9.46,11.181547619047619,1.0392153346000528,-1.6565841185457142,False,False
2019-04-30 00:00:00+00:00,9.32,11.173492063492064,1.044668358866452,-1.774239688376558,False,False
2019-05-01 00:00:00+00:00,9.19,11.16686507936508,1.0511140426843157,-1.8807332021905045,False,False
2019-05-02 00:00:00+00:00,9.08,11.1590873015873,1.058465193595675,-1.9642472082851452,False,False
2019-05-03 00:00:00+00:00,8.89,11.147976190476193,1.0655400363910525,-2.119090896034165,False,False
2019-05-06 00:00:00+00:00,9.26,11.137063492063492,1.0745250539519813,-1.7468773623843066,False,False
2019-05-07 00:00:00+00:00,9.74,11.128333333333332,1.0808096050603544,-1.2845308987199506,False,False
2019-05-08 00:00:00+00:00,9.78,11.123373015873016,1.0843097441512126,-1.2389199886095241,False,False
2019-05-09 00:00:00+00:00,9.96,11.117261904761904,1.0875320404939894,-1.0641175263546627,False,False
2019-05-10 00:00:00+00:00,9.33,11.111150793650793,1.089697436478299,-1.6345370136935846,False,False
2019-05-13 00:00:00+00:00,10.51,11.10297619047619,1.095309572309164,-0.5413777122627166,False,False
2019-05-14 00:00:00+00:00,9.76,11.099365079365079,1.0957602073096924,-1.2223158592822827,False,False
2019-05-15 00:00:00+00:00,9.45,11.094285714285714,1.0989984057002262,-1.496167515582572,False,False
2019-05-16 00:00:00+00:00,9.16,11.087539682539683,1.1038618818476307,-1.7461783165420934,False,False
2019-05-17 00:00:00+00:00,9.16,11.076626984126984,1.1092785655561461,-1.7278139537169064,False,False
2019-05-20 00:00:00+00:00,9.16,11.066269841269841,1.1149489360877116,-1.7097373517022465,False,False
2019-05-21 00:00:00+00:00,8.99,11.056428571428572,1.1207943713127555,-1.8437178347070224,False,False
2019-05-22 00:00:00+00:00,9.04,11.048015873015872,1.1283217589762202,-1.7796482758941397,False,False
2019-05-23 00:00:00+00:00,9.47,11.037777777777778,1.1347975854673678,-1.3815483905282426,False,False
2019-05-24 00:00:00+00:00,9.0,11.032103174603176,1.1390566889787743,-1.7840228623081662,False,False
2019-05-28 00:00:00+00:00,9.2,11.02345238095238,1.1461849006198457,-1.5908885032129414,False,False
2019-05-29 00:00:00+00:00,8.88,11.016349206349206,1.1519251879030763,-1.8545902362271802,False,False
2019-05-30 00:00:00+00:00,9.3,11.010674603174603,1.1589196530481443,-1.476094221609975,False,False
2019-05-31 00:00:00+00:00,10.33,10.998650793650794,1.1608935651476557,-0.5759794125189657,False,False
2019-06-03 00:00:00+00:00,11.79,10.996507936507935,1.1616301346203743,0.6830849509180306,False,False
2019-06-04 00:00:00+00:00,10.66,10.999960317460319,1.1626941847896195,-0.292390141713689,False,False
2019-06-05 00:00:00+00:00,11.26,11.000277777777777,1.1625899794772756,0.2233996738377182,False,False
2019-06-06 00:00:00+00:00,11.62,11.00313492063492,1.1623390063952581,0.5307101249902572,False,False
2019-06-07 00:00:00+00:00,11.41,11.007738095238095,1.1624764243239436,0.3460387637502819,False,False
2019-06-10 00:00:00+00:00,10.87,11.012103174603174,1.1619110945779383,-0.1223012459957565,False,False
2019-06-11 00:00:00+00:00,10.52,11.013373015873016,1.161578869413024,-0.4247434495105192,False,False
2019-06-12 00:00:00+00:00,11.06,11.012698412698414,1.161816761614096,0.040713466068324426,False,False
2019-06-13 00:00:00+00:00,11.68,11.014761904761906,1.1614355825476446,0.5727722701407798,False,False
2019-06-14 00:00:00+00:00,11.9,11.01936507936508,1.161765551591032,0.758014316596748,False,False
2019-06-17 00:00:00+00:00,11.99,11.02452380952381,1.1627818046940437,0.8303158740347081,False,False
2019-06-18 00:00:00+00:00,12.4,11.033095238095237,1.1619021801136307,1.1764370403118478,False,False
2019-06-19 00:00:00+00:00,12.41,11.040039682539684,1.1648293816946491,1.1761038474726944,False,False
2019-06-20 00:00:00+00:00,15.69,11.05031746031746,1.1654477357282562,3.981030120396887,True,False
2019-06-21 00:00:00+00:00,15.54,11.068968253968253,1.2015274670054494,3.721123210919879,True,True
2019-06-24 00:00:00+00:00,16.8,11.086666666666666,1.2340969245256972,4.629566138436939,True,True
2019-06-25 00:00:00+00:00,17.08,11.108809523809525,1.2854884864647829,4.645075034947861,True,True
2019-06-26 00:00:00+00:00,15.88,11.13424603174603,1.339072874168941,3.544059520434459,True,True
2019-06-27 00:00:00+00:00,15.57,11.154285714285715,1.3718870178537106,3.218715701984396,True,True
2019-06-28 00:00:00+00:00,15.99,11.172539682539682,1.3997455298089374,3.4416686568149943,True,True
2019-07-01 00:00:00+00:00,14.08,11.192301587301587,1.432219275149343,2.0162404338520727,True,True
2019-07-02 00:00:00+00:00,15.8,11.204404761904762,1.4436836057265645,3.1832426577860926,True,True
2019-07-03 00:00:00+00:00,15.89,11.224444444444444,1.4721202183044069,3.169276189229545,True,True
2019-07-05 00:00:00+00:00,15.07,11.240873015873015,1.5008295288432094,2.5513403824605927,True,True
2019-07-08 00:00:00+00:00,12.99,11.255396825396826,1.520058790430381,1.1411421620818025,True,True
2019-07-09 00:00:00+00:00,13.45,11.262023809523809,1.523976853377485,1.4357017205524674,True,True
2019-07-10 00:00:00+00:00,15.01,11.273134920634922,1.5296933830889183,2.4428850387122716,True,True
2019-07-11 00:00:00+00:00,13.64,11.290833333333333,1.5469964794950284,1.5185339448435484,True,True
2019-07-12 00:00:00+00:00,14.65,11.302539682539681,1.5535793071993327,2.154676173883167,True,True
2019-07-15 00:00:00+00:00,14.9,11.316031746031745,1.567819598617514,2.2859570432265026,True,True
2019-07-16 00:00:00+00:00,14.32,11.33222222222222,1.583663305240434,1.8866243650977128,True,True
2019-07-17 00:00:00+00:00,16.02,11.345436507936508,1.5946512338771692,2.9314017966787325,True,True
2019-07-18 00:00:00+00:00,17.45,11.363531746031747,1.6216008969866755,3.753370058735398,True,True
2019-07-19 00:00:00+00:00,15.83,11.385992063492063,1.6661177672300618,2.6672832040535446,True,True
2019-07-22 00:00:00+00:00,14.89,11.400595238095237,1.6888134530906842,2.0661872129919567,True,True
2019-07-23 00:00:00+00:00,14.28,11.409444444444444,1.7012356913078412,1.6873356056554325,True,True
2019-07-24 00:00:00+00:00,14.55,11.418095238095239,1.7102797768776474,1.831223642030363,True,True
2019-07-25 00:00:00+00:00,13.54,11.42734126984127,1.7208974757710043,1.227649386383234,True,True
2019-07-26 00:00:00+00:00,12.31,11.434484126984128,1.725928623464238,0.5072723524676014,False,True
2019-07-29 00:00:00+00:00,13.59,11.437103174603175,1.7267575321886568,1.2467858314004505,False,False
2019-07-30 00:00:00+00:00,14.51,11.445674603174604,1.7320749426173137,1.7691644405379698,False,False
2019-07-31 00:00:00+00:00,13.21,11.459404761904763,1.7426076200875213,1.0045837157577193,False,False
2019-08-01 00:00:00+00:00,16.01,11.467460317460318,1.7459996104964015,2.6016842473683046,True,False
2019-08-02 00:00:00+00:00,15.0,11.486507936507937,1.769207767178021,1.9859126376639562,True,True
2019-08-05 00:00:00+00:00,16.91,11.502738095238094,1.7826074401602245,3.0333441805201318,True,True
2019-08-06 00:00:00+00:00,16.02,11.525873015873016,1.8146426425238864,2.4765906403898623,True,True
2019-08-07 00:00:00+00:00,18.16,11.54670634920635,1.8359419201442893,3.602125741686808,True,True
2019-08-08 00:00:00+00:00,17.53,11.575039682539682,1.8822903946770364,3.163677790791719,True,True
2019-08-09 00:00:00+00:00,16.64,11.600515873015873,1.9190583607017337,2.6260192134758014,True,True
2019-08-12 00:00:00+00:00,18.46,11.621190476190476,1.9451017680001665,3.5159134788308615,True,True
2019-08-13 00:00:00+00:00,17.92,11.650833333333335,1.9918040482271786,3.14748163718544,True,True
2019-08-14 00:00:00+00:00,18.19,11.675198412698412,2.0305674928319895,3.2083649572344592,True,True
2019-08-15 00:00:00+00:00,18.72,11.700833333333334,2.071624191987775,3.388243241131298,True,True
2019-08-16 00:00:00+00:00,16.86,11.72797619047619,2.1182655348008637,2.4227481046214856,True,True
2019-08-19 00:00:00+00:00,14.94,11.74265873015873,2.1409328110423975,1.4934337282095824,True,True
2019-08-20 00:00:00+00:00,15.42,11.748809523809525,2.1478995974453894,1.7092002254466716,True,True
2019-08-21 00:00:00+00:00,15.13,11.758849206349206,2.159138427725135,1.5613407414561347,True,True
2019-08-22 00:00:00+00:00,15.35,11.76968253968254,2.1691935588209956,1.6505292696256395,True,True
2019-08-23 00:00:00+00:00,18.36,11.783531746031747,2.18088194151201,3.015508601721363,True,True
2019-08-26 00:00:00+00:00,17.54,11.80952380952381,2.2198818593679013,2.5814329561249307,True,True
2019-08-27 00:00:00+00:00,17.34,11.833095238095238,2.248993741976989,2.4486083082934194,True,True
2019-08-28 00:00:00+00:00,16.83,11.855436507936508,2.2755729123933515,2.1860707978068934,True,True
2019-08-29 00:00:00+00:00,16.31,11.875515873015873,2.297039175948679,1.9305217662004743,True,True
2019-08-30 00:00:00+00:00,15.45,11.894761904761905,2.31380086547593,1.5365358999927639,True,True
2019-09-03 00:00:00+00:00,16.86,11.911428571428573,2.3242411139626062,2.1291127666761693,True,True
2019-09-04 00:00:00+00:00,17.27,11.933055555555555,2.3448216636562815,2.2760555854480398,True,True
2019-09-05 00:00:00+00:00,15.72,11.958095238095236,2.36796640249058,1.5886647538360628,True,True
2019-09-06 00:00:00+00:00,14.75,11.97515873015873,2.3795380160703075,1.1661260509818567,True,True
2019-09-09 00:00:00+00:00,14.76,11.989087301587302,2.3854830627249495,1.1615729919488382,True,True
2019-09-10 00:00:00+00:00,14.62,12.001865079365079,2.3916838185053493,1.0946827086329032,True,True
2019-09-11 00:00:00+00:00,14.95,12.015039682539683,2.3969405296756587,1.2244610498773865,True,True
2019-09-12 00:00:00+00:00,15.07,12.029404761904761,2.403656751647066,1.2649872890593556,True,True
2019-09-13 00:00:00+00:00,14.94,12.044523809523811,2.4107698617089963,1.2010587308502285,True,True
2019-09-16 00:00:00+00:00,16.07,12.059444444444445,2.417025370640521,1.6592939421619486,True,True
2019-09-17 00:00:00+00:00,15.91,12.078968253968254,2.4294887660425926,1.5768880266411498,True,True
2019-09-18 00:00:00+00:00,15.1,12.0990873015873,2.4401571450926713,1.2298030495485701,True,True
2019-09-19 00:00:00+00:00,15.13,12.115952380952383,2.4461691909741536,1.2321501023595651,True,True
2019-09-20 00:00:00+00:00,16.79,12.133214285714285,2.4520454884453122,1.899143281080927,True,True
2019-09-23 00:00:00+00:00,16.92,12.156944444444445,2.4680727413637116,1.9298683850475868,True,True
2019-09-24 00:00:00+00:00,17.22,12.181547619047619,2.484539041496381,2.02792240202345,True,True
2019-09-25 00:00:00+00:00,15.62,12.20718253968254,2.503070703481334,1.3634522810605494,True,True
2019-09-26 00:00:00+00:00,15.11,12.22563492063492,2.511040956835139,1.1486730519124901,True,True
2019-09-27 00:00:00+00:00,14.96,12.242619047619048,2.516033106962884,1.0800259125608713,True,True
2019-09-30 00:00:00+00:00,15.37,12.259285714285715,2.5200803688479514,1.2343710637833107,True,True
2019-10-01 00:00:00+00:00,15.61,12.277182539682538,2.5261105794826078,1.3193474139204473,True,True
2019-10-02 00:00:00+00:00,15.75,12.296507936507938,2.5329230763475796,1.363441351907111,True,True
2019-10-03 00:00:00+00:00,16.33,12.315238095238096,2.5409590416714107,1.5800183469785656,True,True
2019-10-04 00:00:00+00:00,15.26,12.335436507936508,2.5525817350050404,1.145727657593584,True,True
2019-10-07 00:00:00+00:00,15.44,12.351507936507936,2.5582110804638534,1.207285859668804,True,True
2019-10-08 00:00:00+00:00,16.21,12.366785714285713,2.565132038747676,1.498252030562366,True,True
2019-10-09 00:00:00+00:00,15.73,12.384920634920634,2.576104333968868,1.2985030617629445,True,True
2019-10-10 00:00:00+00:00,15.7,12.39781746031746,2.5847031621960768,1.2775867604374578,True,True
2019-10-11 00:00:00+00:00,15.72,12.412380952380952,2.592948583425729,1.275620761923909,True,True
2019-10-14 00:00:00+00:00,15.65,12.425119047619049,2.601301311203295,1.2397183434660266,True,True
2019-10-15 00:00:00+00:00,15.08,12.433373015873016,2.6082391924450437,1.01471789542659,True,True
2019-10-16 00:00:00+00:00,14.94,12.442579365079366,2.6134858828415193,0.9555898699576316,False,True
2019-10-17 00:00:00+00:00,14.84,12.449761904761905,2.617866125426373,0.9130482540809055,False,False
2019-10-18 00:00:00+00:00,14.85,12.460238095238093,2.6221415365891083,0.9113779219830054,False,False
2019-10-21 00:00:00+00:00,14.05,12.470992063492064,2.6263766657460574,0.6012115311188232,False,False
2019-10-22 00:00:00+00:00,13.67,12.478214285714285,2.628213075425072,0.4534585591364056,False,False
2019-10-23 00:00:00+00:00,13.23,12.485793650793651,2.628887590829791,0.28308793110908387,False,False
2019-10-24 00:00:00+00:00,13.97,12.491944444444444,2.6288080306938166,0.5622531346138105,False,False
2019-10-25 00:00:00+00:00,13.48,12.498531746031745,2.630429620240077,0.3731208949352836,False,False
2019-10-28 00:00:00+00:00,13.78,12.5,2.6308755151272343,0.4865300515513354,False,False
2019-10-29 00:00:00+00:00,13.46,12.505873015873016,2.6320789262199193,0.3624993819988756,False,False
2019-10-30 00:00:00+00:00,13.17,12.508015873015873,2.63263717927019,0.25145285199065653,False,False
2019-10-31 00:00:00+00:00,13.39,12.508769841269842,2.6328000929212996,0.3347121420648249,False,False
2019-11-01 00:00:00+00:00,12.86,12.51309523809524,2.633351057434378,0.1317350988678063,False,False
2019-11-04 00:00:00+00:00,12.45,12.516190476190475,2.633298374683073,-0.02513595756061726,False,False
2019-11-05 00:00:00+00:00,12.43,12.515595238095237,2.633296307876728,-0.032504977825398726,False,False
2019-11-06 00:00:00+00:00,12.04,12.51531746031746,2.633301651550925,-0.1805024730218489,False,False
2019-11-07 00:00:00+00:00,12.35,12.513928571428572,2.6334603072947824,-0.06224835475001621,False,False
2019-11-08 00:00:00+00:00,12.27,12.51345238095238,2.6334791315613617,-0.0924451528909743,False,False
2019-11-11 00:00:00+00:00,12.87,12.517579365079364,2.6322744194278966,0.13388445836784424,False,False
2019-11-12 00:00:00+00:00,11.91,12.523373015873016,2.631433518502267,-0.2330946275329538,False,False
2019-11-13 00:00:00+00:00,11.56,12.525238095238095,2.630829089103514,-0.3668950215108843,False,False
2019-11-14 00:00:00+00:00,11.83,12.522976190476193,2.631415225136585,-0.2633473363901448,False,False
2019-11-15 00:00:00+00:00,11.23,12.52154761904762,2.63169442063857,-0.4907665604786406,False,False
2019-11-18 00:00:00+00:00,11.55,12.515,2.6328513772148945,-0.3665227776817408,False,False
2019-11-19 00:00:00+00:00,11.5,12.512738095238095,2.633436857819271,-0.3845689682025397,False,False
2019-11-20 00:00:00+00:00,11.55,12.510555555555555,2.6340497369681493,-0.3646687236290291,False,False
2019-11-21 00:00:00+00:00,11.37,12.506507936507935,2.6347416294810393,-0.4313546056247618,False,False
2019-11-22 00:00:00+00:00,11.32,12.501507936507936,2.6357017307508355,-0.4482707290901837,False,False
2019-11-25 00:00:00+00:00,11.15,12.498333333333333,2.6366446895863462,-0.5113822649895492,False,False
2019-11-26 00:00:00+00:00,10.76,12.494563492063493,2.6378953429911856,-0.6575558415053048,False,False
2019-11-27 00:00:00+00:00,10.3,12.49031746031746,2.6398297471687306,-0.8297192130161491,False,False
2019-11-29 00:00:00+00:00,10.71,12.483531746031748,2.6432648807987906,-0.6709625504863471,False,False
2019-12-02 00:00:00+00:00,10.77,12.480674603174604,2.6447968805021227,-0.646807554782743,False,False
2019-12-03 00:00:00+00:00,12.15,12.478214285714287,2.646103574918765,-0.12403682487158993,False,False
2019-12-04 00:00:00+00:00,11.57,12.481746031746031,2.6450648865327717,-0.34469703801526547,False,False
2019-12-05 00:00:00+00:00,11.25,12.484285714285715,2.643876011513707,-0.46684704914700037,False,False
2019-12-06 00:00:00+00:00,10.73,12.482777777777777,2.644473494284769,-0.6628078449513206,False,False
2019-12-09 00:00:00+00:00,10.75,12.479285714285716,2.646211056189408,-0.6534950076037845,False,False
2019-12-10 00:00:00+00:00,10.33,12.47345238095238,2.6484042375913632,-0.8093373173657886,False,False
2019-12-11 00:00:00+00:00,10.81,12.466666666666667,2.651707861298766,-0.6247545933869413,False,False
2019-12-12 00:00:00+00:00,10.95,12.4640873015873,2.653006781068651,-0.5707061558950917,False,False
2019-12-13 00:00:00+00:00,10.39,12.462738095238096,2.653692616871472,-0.7810769348568022,False,False
2019-12-16 00:00:00+00:00,10.39,12.461547619047618,2.6545582059243107,-0.7803737791186649,False,False
2019-12-17 00:00:00+00:00,10.03,12.460039682539682,2.6556306411105157,-0.9150518317274359,False,False
2019-12-18 00:00:00+00:00,10.04,12.453214285714285,2.6596700933935185,-0.9073359480593417,False,False
2019-12-19 00:00:00+00:00,10.39,12.444722222222223,2.6639588613495406,-0.7713040362722856,False,False
2019-12-20 00:00:00+00:00,9.69,12.440714285714286,2.6662956616798303,-1.0316613889628692,False,False
2019-12-23 00:00:00+00:00,10.56,12.429761904761905,2.6719200802413092,-0.6997821224477048,False,False
2019-12-24 00:00:00+00:00,11.93,12.424166666666666,2.6743619151840354,-0.1847792790725038,False,False
2019-12-26 00:00:00+00:00,13.33,12.412777777777778,2.670311959001988,0.34348878943905403,False,False
2019-12-27 00:00:00+00:00,12.32,12.408253968253968,2.6677773488528396,-0.033081459474838606,False,False
2019-12-30 00:00:00+00:00,12.56,12.396904761904763,2.6620161200795263,0.06126756215524554,False,False
2019-12-31 00:00:00+00:00,12.63,12.388968253968255,2.6585204912085576,0.09066386617248666,False,False
2020-01-02 00:00:00+00:00,12.7,12.385595238095238,2.657669807863084,0.11830091193968159,False,False
2020-01-03 00:00:00+00:00,13.46,12.383690476190477,2.657270165508005,0.40504331768002966,False,False
2020-01-06 00:00:00+00:00,14.21,12.382460317460318,2.656697523521847,0.6878990424611862,False,False
2020-01-07 00:00:00+00:00,14.01,12.391071428571427,2.659098797936766,0.6088260325959768,False,False
2020-01-08 00:00:00+00:00,13.67,12.400396825396825,2.660644980904547,0.47717872309726345,False,False
2020-01-09 00:00:00+00:00,12.54,12.410357142857142,2.660681148640329,0.04872543905123968,False,False
2020-01-10 00:00:00+00:00,12.27,12.413730158730159,2.6603030514026655,-0.054027738927855055,False,False
2020-01-13 00:00:00+00:00,10.91,12.418968253968254,2.658708559089505,-0.5675568496627593,False,False
2020-01-14 00:00:00+00:00,11.02,12.41861111111111,2.658905965209866,-0.5260099941145224,False,False
2020-01-15 00:00:00+00:00,11.75,12.418452380952381,2.658988586755623,-0.2513934750536091,False,False
2020-01-16 00:00:00+00:00,11.38,12.421190476190477,2.6579392032543097,-0.39172847705307556,False,False
2020-01-17 00:00:00+00:00,11.31,12.422380952380953,2.6574032283495264,-0.4185969748640051,False,False
2020-01-21 00:00:00+00:00,11.48,12.424007936507936,2.6565928303134045,-0.355345360318754,False,False
2020-01-22 00:00:00+00:00,11.16,12.425436507936508,2.6559855367173726,-0.4764470628482813,False,False
2020-01-23 00:00:00+00:00,11.61,12.426984126984127,2.655130572742732,-0.3077001693894808,False,False
2020-01-24 00:00:00+00:00,12.48,12.43095238095238,2.6531507026760113,0.018486556002322026,False,False
2020-01-27 00:00:00+00:00,12.9,12.439325396825398,2.649948195628013,0.17384287131900975,False,False
2020-01-28 00:00:00+00:00,11.89,12.44638888888889,2.648789555837058,-0.21005401794294765,False,False
2020-01-29 00:00:00+00:00,12.09,12.449761904761903,2.6475324042457697,-0.13588574182697966,False,False
2020-01-30 00:00:00+00:00,12.23,12.453095238095237,2.646544455067197,-0.08429680358026413,False,False
2020-01-31 00:00:00+00:00,13.5,12.457420634920634,2.6452802617112554,0.39412813083363496,False,False
2020-02-03 00:00:00+00:00,12.48,12.468373015873016,2.6438545090617334,0.004397739772416711,False,False
2020-02-04 00:00:00+00:00,12.01,12.477738095238095,2.639679452586598,-0.17719503585170657,False,False
2020-02-05 00:00:00+00:00,11.32,12.485277777777778,2.635599889042741,-0.44212999955809335,False,False
2020-02-06 00:00:00+00:00,11.45,12.489960317460318,2.6324629065942586,-0.395052220813916,False,False
2020-02-07 00:00:00+00:00,11.3,12.496666666666666,2.6276287160333514,-0.4554169542160981,False,False
2020-02-10 00:00:00+00:00,11.91,12.502936507936507,2.6228575601457327,-0.2260650814387198,False,False
2020-02-11 00:00:00+00:00,11.48,12.51095238095238,2.6179222711234345,-0.39380557334498906,False,False
2020-02-12 00:00:00+00:00,11.07,12.51611111111111,2.6145894598162824,-0.5530929935029734,False,False
2020-02-13 00:00:00+00:00,11.59,12.520238095238096,2.6114685658792096,-0.35621263353208704,False,False
2020-02-14 00:00:00+00:00,11.62,12.528333333333334,2.605379280492477,-0.3486376590672967,False,False
2020-02-18 00:00:00+00:00,13.02,12.535079365079365,2.6007955405751653,0.1864508867980426,False,False
2020-02-19 00:00:00+00:00,13.34,12.546428571428573,2.5966268232882137,0.30561627934140173,False,False
2020-02-20 00:00:00+00:00,13.35,12.554166666666667,2.59607236668551,0.3065528309403019,False,False
2020-02-21 00:00:00+00:00,15.79,12.563809523809523,2.594490748193008,1.243477348469032,False,False
2020-02-24 00:00:00+00:00,17.58,12.58563492063492,2.5984173841096045,1.9220796127318434,False,False
2020-02-25 00:00:00+00:00,18.13,12.61563492063492,2.612282815397424,2.1109372411218588,True,False
2020-02-26 00:00:00+00:00,16.48,12.648253968253968,2.6296266619919026,1.4571445015862223,True,True
2020-02-27 00:00:00+00:00,18.05,12.67452380952381,2.6347229666484893,2.0402434178171256,True,True
2020-02-28 00:00:00+00:00,21.27,12.707579365079365,2.649719389347116,3.2314443066480307,True,True
2020-03-02 00:00:00+00:00,18.98,12.754206349206349,2.6963755673642056,2.308948992917766,True,True
2020-03-03 00:00:00+00:00,22.01,12.789047619047619,2.719863023435129,3.390226750943699,True,True
2020-03-04 00:00:00+00:00,18.55,12.835674603174605,2.776461522680001,2.0581323926684925,True,True
2020-03-05 00:00:00+00:00,22.43,12.86920634920635,2.7942596545438865,3.421583829994597,True,True
2020-03-06 00:00:00+00:00,25.12,12.918015873015873,2.8530299878026573,4.2768509897022975,True,True
2020-03-09 00:00:00+00:00,31.29,12.976587301587301,2.9501605500773915,6.207598667107213,True,True
2020-03-10 00:00:00+00:00,23.99,13.05904761904762,3.1636309586210145,3.4551920005603427,True,True
2020-03-11 00:00:00+00:00,26.74,13.113849206349206,3.232423366731625,4.215459810708056,True,True
2020-03-12 00:00:00+00:00,30.18,13.179960317460317,3.3387469913910865,5.091742419049438,True,True
2020-03-13 00:00:00+00:00,37.43,13.259484126984127,3.5007804667304545,6.9043220798103535,True,True
2020-03-16 00:00:00+00:00,41.43,13.368015873015874,3.811942759452338,7.361596408393024,True,True
2020-03-17 00:00:00+00:00,45.27,13.492698412698411,4.19615597427884,7.572955291006052,True,True
2020-03-18 00:00:00+00:00,48.98,13.633492063492064,4.6428759320335,7.613063207792151,True,True
2020-03-19 00:00:00+00:00,39.48,13.788888888888888,5.143122158127526,4.995236418896291,True,True
2020-03-20 00:00:00+00:00,36.81,13.905277777777778,5.386554043576027,4.252203177936786,True,True
2020-03-23 00:00:00+00:00,41.16,14.010873015873015,5.5712850191574095,4.873045785805617,True,True
2020-03-24 00:00:00+00:00,40.41,14.133293650793652,5.822899349785204,4.5126499310306025,True,True
2020-03-25 00:00:00+00:00,40.56,14.250912698412698,6.0496329249147935,4.34887333299778,True,True
2020-03-26 00:00:00+00:00,37.48,14.371468253968255,6.266983604016576,3.687345173716625,True,True
2020-03-27 00:00:00+00:00,34.89,14.479087301587303,6.428596375173853,3.175018543275819,True,True
2020-03-30 00:00:00+00:00,30.42,14.576468253968255,6.550510444131052,2.418671320526907,True,True
2020-03-31 00:00:00+00:00,29.19,14.657738095238095,6.619439622746096,2.1953915637851456,True,True
2020-04-01 00:00:00+00:00,30.26,14.733373015873015,6.676147358882706,2.3256866796789013,True,True
2020-04-02 00:00:00+00:00,31.91,14.81452380952381,6.74004617799486,2.5364034220255203,True,True
2020-04-03 00:00:00+00:00,31.85,14.902698412698413,6.817635663202702,2.4858033524396785,True,True
2020-04-06 00:00:00+00:00,35.76,14.989722222222222,6.893323312962672,3.0131007693661984,True,True
2020-04-07 00:00:00+00:00,34.27,15.093333333333334,7.008015047101354,2.736390623846976,True,True
2020-04-08 00:00:00+00:00,29.98,15.190793650793653,7.102985075105486,2.0821114211600276,True,True
2020-04-09 00:00:00+00:00,27.59,15.271865079365078,7.154748631623931,1.7216726337790353,True,True
2020-04-13 00:00:00+00:00,28.41,15.343849206349207,7.187121607228558,1.8179949509285207,True,True
2020-04-14 00:00:00+00:00,28.87,15.418531746031745,7.224776415224543,1.8618525309132616,True,True
2020-04-15 00:00:00+00:00,27.39,15.496269841269841,7.26375148474089,1.6374087389574876,True,True
2020-04-16 00:00:00+00:00,27.74,15.566984126984128,7.292511988836041,1.6692486610445474,True,True
2020-04-17 00:00:00+00:00,26.96,15.638253968253967,7.3234265355840344,1.5459629419008214,True,True
2020-04-20 00:00:00+00:00,28.01,15.70797619047619,7.347301553018309,1.6743594530253187,True,True
2020-04-21 00:00:00+00:00,30.62,15.78357142857143,7.375543031048385,2.0115710136829983,True,True
2020-04-22 00:00:00+00:00,30.44,15.867142857142857,7.423899208206881,1.9629653816888195,True,True
2020-04-23 00:00:00+00:00,30.25,15.950079365079365,7.469536057746795,1.9144322384105665,True,True
2020-04-24 00:00:00+00:00,29.22,16.0325,7.512327219907609,1.7554480274838438,True,True
2020-04-27 00:00:00+00:00,26.75,16.111349206349207,7.546109982079077,1.409819207368572,True,True
2020-04-28 00:00:00+00:00,24.43,16.1806746031746,7.563328960280969,1.0907003305220437,True,True
2020-04-29 00:00:00+00:00,24.16,16.240079365079364,7.569119691354027,1.0463463332423344,True,True
2020-04-30 00:00:00+00:00,24.24,16.298968253968255,7.572793758300945,1.0486264382054713,True,True
2020-05-01 00:00:00+00:00,24.25,16.358690476190475,7.575850778056793,1.0416400421542684,True,True
2020-05-04 00:00:00+00:00,23.68,16.418888888888887,7.578053994672481,0.9581762173000898,False,True
2020-05-05 00:00:00+00:00,24.97,16.477579365079368,7.576784636765372,1.1208475682035692,False,False
2020-05-06 00:00:00+00:00,24.47,16.539920634920637,7.581791039864052,1.0459374735315252,False,False
2020-05-07 00:00:00+00:00,26.15,16.598373015873015,7.585937564783902,1.2591228048683627,False,False
2020-05-08 00:00:00+00:00,24.89,16.663333333333334,7.597399062176532,1.082826714687521,False,False
2020-05-11 00:00:00+00:00,23.55,16.722579365079362,7.603128267747966,0.8979752010606168,False,False
2020-05-12 00:00:00+00:00,22.45,16.779007936507934,7.600812090179335,0.7461034421334133,False,False
2020-05-13 00:00:00+00:00,22.71,16.82638888888889,7.598792212136306,0.7742824052635869,False,False
2020-05-14 00:00:00+00:00,24.15,16.877777777777776,7.594601237090809,0.9575515547420529,False,False
2020-05-15 00:00:00+00:00,23.63,16.936111111111114,7.593776490653138,0.8814966962917744,False,False
2020-05-18 00:00:00+00:00,22.81,16.993531746031746,7.589449364765765,0.766388702844685,False,False
2020-05-19 00:00:00+00:00,21.33,17.04769841269841,7.58202499653791,0.5647965535931319,False,False
2020-05-20 00:00:00+00:00,20.12,17.095992063492062,7.5703335466745205,0.3994550461830468,False,False
2020-05-21 00:00:00+00:00,19.74,17.140158730158728,7.555305619403727,0.34410802167476756,False,False
2020-05-22 00:00:00+00:00,18.95,17.18261904761905,7.539652329961128,0.23441146554698794,False,False
2020-05-26 00:00:00+00:00,18.57,17.220238095238095,7.52465222971436,0.17937864283372243,False,False
2020-05-27 00:00:00+00:00,18.51,17.258214285714285,7.507129226861611,0.166746258983613,False,False
2020-05-28 00:00:00+00:00,18.1,17.29515873015873,7.490204092361104,0.10745251530089696,False,False
2020-05-29 00:00:00+00:00,18.15,17.331746031746032,7.471429787844234,0.1095177217063912,False,False
2020-06-01 00:00:00+00:00,18.06,17.366865079365077,7.454306443622359,0.09298449505358657,False,False
2020-06-02 00:00:00+00:00,18.1,17.397539682539684,7.441127146178265,0.09440240754669793,False,False
2020-06-03 00:00:00+00:00,18.47,17.422579365079365,7.432794411431083,0.14091882230857608,False,False
2020-06-04 00:00:00+00:00,18.05,17.45357142857143,7.420757251796983,0.08037300658017651,False,False
2020-06-05 00:00:00+00:00,18.17,17.480515873015875,7.410499075336595,0.09304152392095254,False,False
2020-06-08 00:00:00+00:00,17.94,17.506507936507937,7.401342918682901,0.058569379672683226,False,False
2020-06-09 00:00:00+00:00,19.0,17.532420634920634,7.391337781272352,0.19855395714667717,False,False
2020-06-10 00:00:00+00:00,20.75,17.56468253968254,7.379875746533702,0.4316220990324385,False,False
2020-06-11 00:00:00+00:00,23.04,17.605277777777776,7.369098687111028,0.7375016203444068,False,False
2020-06-12 00:00:00+00:00,20.39,17.65281746031746,7.365347285489666,0.37162980014194463,False,False
2020-06-15 00:00:00+00:00,20.11,17.687380952380952,7.357639624386729,0.3292657932836683,False,False
2020-06-16 00:00:00+00:00,19.29,17.71996031746032,7.3500841254917795,0.21360839627595843,False,False
2020-06-17 00:00:00+00:00,18.88,17.74892857142857,7.341791907240428,0.15405931451911245,False,False
2020-06-18 00:00:00+00:00,18.31,17.774642857142858,7.334327048775217,0.0729933556680625,False,False
2020-06-19 00:00:00+00:00,18.27,17.798055555555557,7.326546652107503,0.06441567451272374,False,False
2020-06-22 00:00:00+00:00,19.55,17.80829365079365,7.325391676370025,0.23776289735123396,False,False
2020-06-23 00:00:00+00:00,20.51,17.82420634920635,7.324800077842311,0.3666712568604077,False,False
2020-06-24 00:00:00+00:00,20.01,17.838928571428575,7.326461512196672,0.2963328784239366,False,False
2020-06-25 00:00:00+00:00,19.73,17.85055555555555,7.3275771535429906,0.2564892057855317,False,False
2020-06-26 00:00:00+00:00,20.52,17.865833333333335,7.327465802013823,0.36222163820092,False,False
2020-06-29 00:00:00+00:00,19.26,17.885476190476187,7.327921563014617,0.1875734882945926,False,False
2020-06-30 00:00:00+00:00,19.65,17.89845238095238,7.327446927261076,0.23903927745026024,False,False
2020-07-01 00:00:00+00:00,18.85,17.92055555555556,7.324282955052121,0.12689903573473127,False,False
2020-07-02 00:00:00+00:00,17.7,17.932658730158728,7.323284787191247,-0.03176972313922017,False,False
2020-07-06 00:00:00+00:00,17.42,17.939841269841267,7.322160925038138,-0.07099560842259933,False,False
2020-07-07 00:00:00+00:00,17.37,17.949166666666667,7.319987515773268,-0.07912126426700385,False,False
2020-07-08 00:00:00+00:00,17.74,17.966547619047617,7.3133623532596,-0.030977217879358216,False,False
2020-07-09 00:00:00+00:00,17.39,17.98357142857143,7.307797937823522,-0.0812243898396858,False,False
2020-07-10 00:00:00+00:00,16.64,17.99301587301587,7.305477208422167,-0.18520567985018654,False,False
2020-07-13 00:00:00+00:00,16.53,18.004920634920634,7.300798269515667,-0.20202183110292654,False,False
2020-07-14 00:00:00+00:00,16.0,18.01238095238095,7.298316503862579,-0.27573221184857,False,False
2020-07-15 00:00:00+00:00,15.36,18.01674603174603,7.296776380348087,-0.3640985954977688,False,False
2020-07-16 00:00:00+00:00,15.37,18.02087301587302,7.29497109102369,-0.3633836217849942,False,False
2020-07-17 00:00:00+00:00,15.09,18.01829365079365,7.295796248080546,-0.40136724645566385,False,False
2020-07-20 00:00:00+00:00,15.3,18.008928571428573,7.2980429649587855,-0.3711856157103167,False,False
2020-07-21 00:00:00+00:00,16.67,18.006825396825395,7.298749732020409,-0.18315813610659848,False,False
2020-07-22 00:00:00+00:00,22.45,18.01388888888889,7.296582343807033,0.6079710886667722,False,False
2020-07-23 00:00:00+00:00,21.99,18.04630952380952,7.2980761717179,0.5403739812244479,False,False
2020-07-24 00:00:00+00:00,21.61,18.075833333333335,7.298924694311342,0.484203744343483,False,False
2020-07-27 00:00:00+00:00,25.52,18.107857142857146,7.296647661975829,1.0158285284581976,False,False
2020-07-28 00:00:00+00:00,28.96,18.16027777777778,7.302278223486847,1.4789524435656658,False,False
2020-07-29 00:00:00+00:00,26.79,18.22126984126984,7.328096124055037,1.1692982752508725,False,False
2020-07-30 00:00:00+00:00,24.13,18.27,7.344130756849719,0.7979160766622378,False,False
2020-07-31 00:00:00+00:00,24.46,18.313333333333333,7.346371627927516,0.8366942183131435,False,False
2020-08-03 00:00:00+00:00,23.56,18.346865079365077,7.355095808772767,0.7087786558017328,False,False
2020-08-04 00:00:00+00:00,26.3,18.380833333333335,7.359342525685254,1.0760698580107582,False,False
2020-08-05 00:00:00+00:00,25.69,18.41809523809524,7.375619492035421,0.9859381669237877,False,False
2020-08-06 00:00:00+00:00,27.36,18.456468253968254,7.388237436446918,1.2050955079096035,False,False
2020-08-07 00:00:00+00:00,26.22,18.492976190476192,7.409466397941255,1.042858337500631,False,False
2020-08-10 00:00:00+00:00,23.89,18.527460317460317,7.425172050430857,0.7222108317649709,False,False
2020-08-11 00:00:00+00:00,27.48,18.55623015873016,7.431872225455846,1.200743173530878,False,False
2020-08-12 00:00:00+00:00,25.85,18.59202380952381,7.453097825912321,0.9738200624768742,False,False
2020-08-13 00:00:00+00:00,25.82,18.623492063492062,7.466977107200715,0.9637779563523836,False,False
2020-08-14 00:00:00+00:00,23.53,18.653769841269842,7.480669196541958,0.6518441105488616,False,False
2020-08-17 00:00:00+00:00,26.35,18.672857142857143,7.486972681378146,1.025400142869188,False,False
2020-08-18 00:00:00+00:00,26.46,18.710515873015872,7.50167031411938,1.0330344846531474,False,False
2020-08-19 00:00:00+00:00,28.15,18.75623015873016,7.513692817488732,1.2502201074024581,False,False
2020-08-20 00:00:00+00:00,25.91,18.806746031746034,7.533939127169627,0.9428340006939422,False,False
2020-08-21 00:00:00+00:00,25.96,18.84952380952381,7.5435776602197455,0.9425867288372375,False,False
2020-08-24 00:00:00+00:00,23.86,18.891626984126987,7.5535701785300855,0.6577516192270092,False,False
2020-08-25 00:00:00+00:00,22.76,18.91345238095238,7.559971146161342,0.5088045370385772,False,False
2020-08-26 00:00:00+00:00,24.79,18.934166666666666,7.563343535649292,0.7742387088107623,False,False
2020-08-27 00:00:00+00:00,23.08,18.96373015873016,7.571643127880511,0.5436428753638421,False,False
2020-08-28 00:00:00+00:00,23.19,18.988531746031743,7.574861590453448,0.5546594091254873,False,False
2020-08-31 00:00:00+00:00,24.32,19.015833333333333,7.5775671560194695,0.6999827988925367,False,False
2020-09-01 00:00:00+00:00,23.0,19.051031746031747,7.581537475014212,0.5208664162094445,False,False
2020-09-02 00:00:00+00:00,23.57,19.075396825396826,7.5843336801451215,0.592616749757399,False,False
2020-09-03 00:00:00+00:00,23.68,19.100396825396825,7.5887408632599875,0.6034733900026544,False,False
2020-09-04 00:00:00+00:00,21.98,19.13198412698413,7.591180195772475,0.37517432066781,False,False
2020-09-08 00:00:00+00:00,22.49,19.160674603174602,7.588214857420767,0.43874948975245986,False,False
2020-09-09 00:00:00+00:00,21.66,19.191349206349205,7.585978242881693,0.3254228676396818,False,False
2020-09-10 00:00:00+00:00,21.26,19.219285714285714,7.582038397467567,0.2691511409907782,False,False
2020-09-11 00:00:00+00:00,20.2,19.244325396825396,7.5783013752643456,0.12610670331664767,False,False
2020-09-14 00:00:00+00:00,20.91,19.264682539682543,7.573932405960159,0.21723424135957523,False,False
2020-09-15 00:00:00+00:00,20.32,19.288373015873017,7.569686934780371,0.13628396960341604,False,False
2020-09-16 00:00:00+00:00,20.08,19.305238095238096,7.567221957248054,0.1023839275680051,False,False
2020-09-17 00:00:00+00:00,19.95,19.321785714285713,7.564326661004119,0.08304959765326873,False,False
2020-09-18 00:00:00+00:00,20.22,19.341031746031746,7.559710868368694,0.11627008880009258,False,False
2020-09-21 00:00:00+00:00,21.6,19.36123015873016,7.555213318065759,0.29632119531510454,False,False
2020-09-22 00:00:00+00:00,21.63,19.38031746031746,7.554767465157564,0.2977831614352168,False,False
2020-09-23 00:00:00+00:00,23.43,19.399007936507935,7.554482654373926,0.5335894260288206,False,False
2020-09-24 00:00:00+00:00,23.41,19.423650793650793,7.557474346044177,0.5274710867441831,False,False
2020-09-25 00:00:00+00:00,22.09,19.45456349206349,7.557786004563398,0.3487048331806738,False,False
2020-09-28 00:00:00+00:00,22.01,19.482261904761902,7.5545900167760145,0.3345963301284261,False,False
2020-09-29 00:00:00+00:00,23.28,19.510238095238094,7.5508292955579055,0.49925137454499585,False,False
2020-09-30 00:00:00+00:00,22.07,19.54162698412698,7.549990642176927,0.3348842582331996,False,False
2020-10-01 00:00:00+00:00,22.39,19.567261904761907,7.547554790103854,0.3739937203157757,False,False
2020-10-02 00:00:00+00:00,22.59,19.593611111111112,7.545765497798448,0.39709541593402464,False,False
2020-10-05 00:00:00+00:00,22.13,19.618452380952384,7.545282818719085,0.3328632841722936,False,False
2020-10-06 00:00:00+00:00,22.79,19.645714285714288,7.541882782310186,0.41690991560632185,False,False
2020-10-07 00:00:00+00:00,23.28,19.674880952380953,7.539765257959608,0.4781473857973473,False,False
2020-10-08 00:00:00+00:00,21.96,19.702936507936506,7.539974802864143,0.299346291078602,False,False
2020-10-09 00:00:00+00:00,22.44,19.72765873015873,7.537109340176844,0.3598649226677706,False,False
2020-10-12 00:00:00+00:00,22.66,19.754404761904762,7.534718264511016,0.38562758899437144,False,False
2020-10-13 00:00:00+00:00,23.17,19.781944444444445,7.53259629616812,0.4497858935144423,False,False
2020-10-14 00:00:00+00:00,21.88,19.811785714285715,7.5310574212514485,0.27462468681730023,False,False
2020-10-15 00:00:00+00:00,21.73,19.838769841269844,7.526216468934117,0.25128564485708943,False,False
2020-10-16 00:00:00+00:00,20.29,19.865714285714287,7.520761005464142,0.056415263558761086,False,False
2020-10-19 00:00:00+00:00,21.33,19.88734126984127,7.514084442867672,0.19199394698419892,False,False
2020-10-20 00:00:00+00:00,21.54,19.913055555555555,7.507862425225002,0.21669875555766943,False,False
2020-10-21 00:00:00+00:00,22.66,19.942777777777778,7.499380175066635,0.3623262401413166,False,False
2020-10-22 00:00:00+00:00,21.38,19.97845238095238,7.490799481911291,0.18710254124837578,False,False
2020-10-23 00:00:00+00:00,21.04,20.010793650793648,7.479131775588254,0.13761040453460943,False,False
2020-10-26 00:00:00+00:00,20.93,20.038849206349205,7.469635789632672,0.11930311179129362,False,False
2020-10-27 00:00:00+00:00,20.41,20.068412698412697,7.4583079068235385,0.04579957087515629,False,False
2020-10-28 00:00:00+00:00,21.93,20.09472222222222,7.4477231689034165,0.24642132047021306,False,False
2020-10-29 00:00:00+00:00,21.9,20.128333333333334,7.436766020564485,0.23823079303121428,False,False
2020-10-30 00:00:00+00:00,23.26,20.16297619047619,7.424546257040752,0.4171330748443895,False,False
2020-11-02 00:00:00+00:00,23.74,20.202142857142857,7.414701516387636,0.4771408714211801,False,False
2020-11-03 00:00:00+00:00,23.32,20.24531746031746,7.403446778467938,0.4153041997444889,False,False
2020-11-04 00:00:00+00:00,20.49,20.288452380952382,7.389500707280817,0.027274862948322494,False,False
2020-11-05 00:00:00+00:00,22.0,20.32043650793651,7.372775497314585,0.22780613524380938,False,False
2020-11-06 00:00:00+00:00,21.1,20.359960317460317,7.354884031847547,0.10061881048500865,False,False
2020-11-09 00:00:00+00:00,21.86,20.394682539682538,7.337552398288087,0.19970112385968544,False,False
2020-11-10 00:00:00+00:00,20.46,20.432738095238097,7.320094651031362,0.0037242557728488887,False,False
2020-11-11 00:00:00+00:00,19.14,20.462857142857143,7.304451336965237,-0.18110287574408654,False,False
2020-11-12 00:00:00+00:00,18.98,20.49154761904762,7.2848963702453915,-0.20749061376101666,False,False
2020-11-13 00:00:00+00:00,17.74,20.520992063492063,7.263616763979341,-0.3828660230648664,False,False
2020-11-16 00:00:00+00:00,18.31,20.544444444444444,7.244960942108607,-0.3084135942621276,False,False
2020-11-17 00:00:00+00:00,17.54,20.572539682539684,7.2223891530504885,-0.4198804049846642,False,False
2020-11-18 00:00:00+00:00,17.67,20.596309523809527,7.202405770013651,-0.40629612066468995,False,False
2020-11-19 00:00:00+00:00,17.96,20.620793650793654,7.181818079107466,-0.3704902604723634,False,False
2020-11-20 00:00:00+00:00,17.72,20.64623015873016,7.160884151227072,-0.408640902007712,False,False
2020-11-23 00:00:00+00:00,18.98,20.67142857142857,7.139251828879102,-0.236919583728164,False,False
2020-11-24 00:00:00+00:00,20.09,20.7018253968254,7.115545228979177,-0.08598433108592209,False,False
2020-11-25 00:00:00+00:00,19.75,20.737301587301587,7.089972933343004,-0.13925322375470103,False,False
2020-11-27 00:00:00+00:00,19.09,20.77297619047619,7.062132976849052,-0.23830989815588144,False,False
2020-11-30 00:00:00+00:00,19.69,20.80785714285714,7.03184187611942,-0.15897074515475865,False,False
2020-12-01 00:00:00+00:00,19.61,20.843492063492064,7.003160847824047,-0.1761336188465989,False,False
2020-12-02 00:00:00+00:00,19.42,20.878571428571426,6.974582734870669,-0.20912669388507457,False,False
2020-12-03 00:00:00+00:00,19.61,20.907420634920634,6.9533378219519255,-0.18658961611567795,False,False
2020-12-04 00:00:00+00:00,18.95,20.939325396825392,6.928725064339193,-0.2871127629329768,False,False
2020-12-07 00:00:00+00:00,19.79,20.96988095238095,6.902754833293818,-0.17092899586844268,False,False
2020-12-08 00:00:00+00:00,19.86,21.005833333333335,6.8727376792056045,-0.16672152886035635,False,False
2020-12-09 00:00:00+00:00,20.26,21.041984126984126,6.842469559527096,-0.11428390293608692,False,False
2020-12-10 00:00:00+00:00,19.66,21.08138888888889,6.8090461313374835,-0.2087500747494111,False,False
2020-12-11 00:00:00+00:00,19.24,21.116507936507936,6.778613112210896,-0.2768277087724071,False,False
2020-12-14 00:00:00+00:00,19.43,21.149404761904762,6.749129857066619,-0.25475947245324876,False,False
2020-12-15 00:00:00+00:00,19.75,21.18527777777778,6.7156552784480805,-0.2137211810713219,False,False
2020-12-16 00:00:00+00:00,19.39,21.222420634920635,6.681508293890432,-0.2742525421387561,False,False
2020-12-17 00:00:00+00:00,20.1,21.259563492063496,6.644957544249484,-0.17450276910602314,False,False
2020-12-18 00:00:00+00:00,19.58,21.29948412698413,6.607398072961012,-0.26023619403538806,False,False
2020-12-21 00:00:00+00:00,19.8,21.33595238095238,6.5722129267619325,-0.23370398951896557,False,False
2020-12-22 00:00:00+00:00,19.5,21.376071428571425,6.5315705910077275,-0.287231287242656,False,False
2020-12-23 00:00:00+00:00,18.87,21.41154761904762,6.496775202635622,-0.3912014098958759,False,False
2020-12-24 00:00:00+00:00,18.99,21.4390873015873,6.47108145363665,-0.37846646177061355,False,False
2020-12-28 00:00:00+00:00,20.2,21.461547619047618,6.4526199306821175,-0.1955093640412598,False,False
2020-12-29 00:00:00+00:00,19.53,21.49281746031746,6.42718625107363,-0.30539296414345873,False,False
2020-12-30 00:00:00+00:00,20.06,21.52047619047619,6.403545501631411,-0.22807305579449882,False,False
2020-12-31 00:00:00+00:00,20.79,21.549960317460314,6.379507624284233,-0.11912523069452108,False,False
2021-01-04 00:00:00+00:00,21.86,21.58206349206349,6.355103833063751,0.04373437716162665,False,False
2021-01-05 00:00:00+00:00,22.14,21.615396825396825,6.334328423358795,0.08281906771183851,False,False
2021-01-06 00:00:00+00:00,21.7,21.646865079365078,6.317066816253248,0.008411327943882089,False,False
2021-01-07 00:00:00+00:00,20.66,21.677380952380954,6.298575400628767,-0.16152556533329615,False,False
2021-01-08 00:00:00+00:00,22.16,21.70511904761905,6.2785310842118,0.07245021905279864,False,False
2021-01-11 00:00:00+00:00,20.65,21.743293650793653,6.251772136418421,-0.1748773990697607,False,False
2021-01-12 00:00:00+00:00,20.01,21.776547619047616,6.223404512868523,-0.2838555031084374,False,False
2021-01-13 00:00:00+00:00,18.8,21.81265873015873,6.186391670996628,-0.4869815702557014,False,False
2021-01-14 00:00:00+00:00,19.21,21.843531746031744,6.151631907590001,-0.4281029465990059,False,False
2021-01-15 00:00:00+00:00,19.04,21.873134920634918,6.120737926312609,-0.46287473091364967,False,False
2021-01-19 00:00:00+00:00,18.87,21.903531746031746,6.0873487633876255,-0.49833381722383463,False,False
2021-01-20 00:00:00+00:00,18.95,21.933531746031747,6.053467662754075,-0.492863249999483,False,False
2021-01-21 00:00:00+00:00,18.85,21.9631746031746,6.02027314052485,-0.5171151757581536,False,False
2021-01-22 00:00:00+00:00,18.42,21.993690476190476,5.984679799473059,-0.5971397962686545,False,False
2021-01-25 00:00:00+00:00,18.51,22.020714285714288,5.952896335950191,-0.5897489369187733,False,False
2021-01-26 00:00:00+00:00,17.88,22.044642857142858,5.926453716751913,-0.7027208945158787,False,False
2021-01-27 00:00:00+00:00,18.47,22.06440476190476,5.904100003847886,-0.6087980826141455,False,False
2021-01-28 00:00:00+00:00,19.38,22.09051587301587,5.873394341213406,-0.4614905309517999,False,False
2021-01-29 00:00:00+00:00,20.64,22.119444444444447,5.841809986060584,-0.2532510382868697,False,False
2021-02-01 00:00:00+00:00,21.81,22.15281746031746,5.809018849893693,-0.05901469235613449,False,False
2021-02-02 00:00:00+00:00,19.61,22.18579365079365,5.783233060025706,-0.4453899097717151,False,False
2021-02-03 00:00:00+00:00,18.45,22.214087301587305,5.752921478532974,-0.6542914440311758,False,False
2021-02-04 00:00:00+00:00,19.3,22.239642857142858,5.72163116764403,-0.5137770630456945,False,False
2021-02-05 00:00:00+00:00,18.7,22.271309523809528,5.682906874939345,-0.6284300627128693,False,False
2021-02-08 00:00:00+00:00,18.45,22.300079365079366,5.646138192402062,-0.6818960560087549,False,False
2021-02-09 00:00:00+00:00,18.35,22.32845238095238,5.608479812079696,-0.7093637695518634,False,False
2021-02-10 00:00:00+00:00,18.57,22.354007936507937,5.575392667280065,-0.6786980150680493,False,False
2021-02-11 00:00:00+00:00,18.31,22.382142857142856,5.538064961460851,-0.7353006664747921,False,False
2021-02-12 00:00:00+00:00,18.08,22.410873015873015,5.497779634371937,-0.7877494741325284,False,False
2021-02-16 00:00:00+00:00,19.57,22.43662698412699,5.461972424015382,-0.5248336611006872,False,False
2021-02-17 00:00:00+00:00,20.49,22.468174603174607,5.422061383154962,-0.3648381055441976,False,False
2021-02-18 00:00:00+00:00,19.66,22.49781746031746,5.390529506918049,-0.5264450285775243,False,False
2021-02-19 00:00:00+00:00,19.26,22.522896825396824,5.36238150448776,-0.6084790540669504,False,False
2021-02-22 00:00:00+00:00,19.12,22.54634920634921,5.33495757021335,-0.6422448840979602,False,False
2021-02-23 00:00:00+00:00,18.3,22.559563492063493,5.322264911930513,-0.8003291009651089,False,False
2021-02-24 00:00:00+00:00,18.31,22.562420634920638,5.319773766050978,-0.7993611799919331,False,False
2021-02-25 00:00:00+00:00,21.26,22.563134920634923,5.319188306189699,-0.2449875517884039,False,False
2021-02-26 00:00:00+00:00,21.08,22.582103174603173,5.305915583624462,-0.28309971218522295,False,False
2021-03-01 00:00:00+00:00,21.33,22.59412698412698,5.299033102788612,-0.23855804627107083,False,False
2021-03-02 00:00:00+00:00,20.06,22.59436507936508,5.298974717943692,-0.4782746124043711,False,False
2021-03-03 00:00:00+00:00,20.93,22.598650793650794,5.296475991954202,-0.31504925089542873,False,False
2021-03-04 00:00:00+00:00,21.61,22.594365079365083,5.297391073435339,-0.18582073056704243,False,False
2021-03-05 00:00:00+00:00,20.21,22.60650793650794,5.291587447739053,-0.4528901695713067,False,False
2021-03-08 00:00:00+00:00,20.64,22.597698412698414,5.293729984775563,-0.36981455766135246,False,False
2021-03-09 00:00:00+00:00,19.54,22.579920634920637,5.292748101298311,-0.5743558122811371,False,False
2021-03-10 00:00:00+00:00,18.55,22.533293650793652,5.267405813969952,-0.7562154486425477,False,False
2021-03-11 00:00:00+00:00,18.21,22.51170634920635,5.272556841088637,-0.815867230806025,False,False
2021-03-12 00:00:00+00:00,18.36,22.47785714285714,5.272684342035548,-0.7809792651587824,False,False
2021-03-15 00:00:00+00:00,17.86,22.430952380952384,5.2564438054445475,-0.8695902686561319,False,False
2021-03-16 00:00:00+00:00,17.93,22.35329365079365,5.177942401670815,-0.8542570209677003,False,False
2021-03-17 00:00:00+00:00,17.24,22.26003968253968,5.042858663932229,-0.9954749908904341,False,False
2021-03-18 00:00:00+00:00,17.79,22.148809523809526,4.838285661148409,-0.9008995807773214,False,False
2021-03-19 00:00:00+00:00,16.57,22.02503968253968,4.538848292587165,-1.2018554776216772,False,False
2021-03-22 00:00:00+00:00,16.47,21.934126984126983,4.415603493848568,-1.2374587056421908,False,False
2021-03-23 00:00:00+00:00,16.69,21.853412698412697,4.327623431176789,-1.1931289264252445,False,False
2021-03-24 00:00:00+00:00,15.7,21.756309523809524,4.164137283300474,-1.4543971804429379,False,False
2021-03-25 00:00:00+00:00,15.58,21.65825396825397,4.011261851390856,-1.5152972290119653,False,False
2021-03-26 00:00:00+00:00,15.48,21.559126984126987,3.847614570123452,-1.5799729607354969,False,False
2021-03-29 00:00:00+00:00,17.23,21.471825396825395,3.7328089678030056,-1.136362839195057,False,False
2021-03-30 00:00:00+00:00,18.3,21.401746031746033,3.6446258158602127,-0.8510464965287392,False,False
2021-03-31 00:00:00+00:00,17.07,21.353650793650793,3.6048974220339396,-1.1882864592673736,False,False
2021-04-01 00:00:00+00:00,16.74,21.305555555555557,3.580700271059468,-1.2750454408195102,False,False
2021-04-02 00:00:00+00:00,16.74,21.25190476190476,3.547128284484773,-1.2719880421691954,False,False
2021-04-05 00:00:00+00:00,17.08,21.191706349206346,3.4938540040867445,-1.176839771895707,False,False
2021-04-06 00:00:00+00:00,16.76,21.13309523809524,3.4377805923667126,-1.2720693251353241,False,False
2021-04-07 00:00:00+00:00,16.11,21.05769841269841,3.3221142796673724,-1.4893221593791173,False,False
2021-04-08 00:00:00+00:00,15.72,20.985634920634922,3.230058896021063,-1.6301978044800902,False,False
2021-04-09 00:00:00+00:00,15.3,20.92904761904762,3.1965960303096463,-1.7609505754477042,False,False
2021-04-12 00:00:00+00:00,14.88,20.880277777777778,3.1883086228789685,-1.8819626603022093,False,False
2021-04-13 00:00:00+00:00,14.26,20.826587301587303,3.174897473062819,-2.0682832618379092,False,False
2021-04-14 00:00:00+00:00,14.69,20.768611111111113,3.160796973159533,-1.9231260858349069,False,False
2021-04-15 00:00:00+00:00,15.36,20.718214285714286,3.156045672762212,-1.6977619595171156,False,False
2021-04-16 00:00:00+00:00,15.32,20.669087301587304,3.1426341439733365,-1.7021030945792102,False,False
2021-04-19 00:00:00+00:00,16.01,20.622896825396825,3.1353358063843313,-1.4712608505933582,False,False
2021-04-20 00:00:00+00:00,15.59,20.575277777777778,3.113747361571978,-1.601054035180605,False,False
2021-04-21 00:00:00+00:00,16.41,20.515634920634923,3.0641294418978102,-1.3399025721615867,False,False
2021-04-22 00:00:00+00:00,16.05,20.459960317460318,3.010071606144484,-1.465068242382749,False,False
2021-04-23 00:00:00+00:00,15.74,20.403611111111108,2.9585422367931464,-1.5763206126021498,False,False
2021-04-26 00:00:00+00:00,15.51,20.35011904761905,2.920115355761047,-1.6575095357346277,False,False
2021-04-27 00:00:00+00:00,14.77,20.30551587301587,2.9077876154356748,-1.9036864465723653,False,False
2021-04-28 00:00:00+00:00,14.79,20.26718253968254,2.9168576523644485,-1.8777681986786894,False,False
2021-04-29 00:00:00+00:00,14.54,20.23,2.9267415219414143,-1.9441416187055756,False,False
2021-04-30 00:00:00+00:00,14.58,20.191507936507936,2.9375589691355777,-1.9102622263815214,False,False
2021-05-03 00:00:00+00:00,15.65,20.153134920634923,2.947474456372418,-1.5277943837305115,False,False
2021-05-04 00:00:00+00:00,15.91,20.121269841269843,2.952595315686063,-1.4262942906184606,False,False
2021-05-05 00:00:00+00:00,15.7,20.08531746031746,2.948476191358785,-1.4873165580138248,False,False
2021-05-06 00:00:00+00:00,16.57,20.050515873015875,2.9482737422954703,-1.1805267004501458,False,False
2021-05-07 00:00:00+00:00,16.46,20.0125,2.931025088212316,-1.2120332965715865,False,False
2021-05-10 00:00:00+00:00,17.19,19.97904761904762,2.9232316965148657,-0.9540973513569848,False,False
2021-05-11 00:00:00+00:00,17.17,19.953809523809525,2.9197314336853135,-0.9534471190371684,False,False
2021-05-12 00:00:00+00:00,17.56,19.932857142857145,2.920691905457178,-0.8124298007686372,False,False
2021-05-13 00:00:00+00:00,17.1,19.912420634920636,2.919199682533843,-0.9634218076097744,False,False
2021-05-14 00:00:00+00:00,16.75,19.884444444444444,2.9122004811345876,-1.0763147883360251,False,False
2021-05-17 00:00:00+00:00,17.62,19.857142857142858,2.909194479807788,-0.7689904792101303,False,False
2021-05-18 00:00:00+00:00,17.0,19.83654761904762,2.9065766178056442,-0.9759067081428282,False,False
2021-05-19 00:00:00+00:00,17.79,19.81936507936508,2.9105087098052618,-0.6972544258425751,False,False
2021-05-20 00:00:00+00:00,17.29,19.81011904761905,2.9132495078409346,-0.8650543116324972,False,False
2021-05-21 00:00:00+00:00,16.47,19.800396825396824,2.917569364604999,-1.1414970508671067,False,False
2021-05-24 00:00:00+00:00,16.91,19.790555555555557,2.924623394710205,-0.9849321320364344,False,False
2021-05-25 00:00:00+00:00,17.09,19.783968253968254,2.929249276128311,-0.9196787299471366,False,False
2021-05-26 00:00:00+00:00,16.81,19.778333333333336,2.933073052257883,-1.0120216170709797,False,False
2021-05-27 00:00:00+00:00,16.15,19.773214285714282,2.937136785328912,-1.2335871804855496,False,False
2021-05-28 00:00:00+00:00,16.08,19.76527777777778,2.9442339357377363,-1.2516932615459313,False,False
2021-06-01 00:00:00+00:00,16.09,19.757420634920635,2.9514360225609853,-1.2425885592256152,False,False
2021-06-02 00:00:00+00:00,15.65,19.749444444444446,2.958640208163934,-1.3855839696670889,False,False
2021-06-03 00:00:00+00:00,15.95,19.738253968253968,2.968814290892878,-1.2760158086933227,False,False
2021-06-04 00:00:00+00:00,15.83,19.729920634920635,2.9765093585951425,-1.3102329490948839,False,False
2021-06-07 00:00:00+00:00,15.57,19.720634920634918,2.985032982401966,-1.3904820968829052,False,False
2021-06-08 00:00:00+00:00,15.59,19.71123015873016,2.994384331462152,-1.376319704664555,False,False
2021-06-09 00:00:00+00:00,15.43,19.69769841269841,3.0052962977001894,-1.4200591189508598,False,False
2021-06-10 00:00:00+00:00,15.5,19.6765873015873,3.016539312296101,-1.3845625298376123,False,False
2021-06-11 00:00:00+00:00,15.21,19.64666666666667,3.0204367642797667,-1.4688824871738726,False,False
2021-06-14 00:00:00+00:00,16.13,19.62611111111111,3.032958129532034,-1.1527066849586018,False,False
2021-06-15 00:00:00+00:00,16.26,19.61031746031746,3.0407808382041632,-1.1017951107242914,False,False
2021-06-16 00:00:00+00:00,16.3,19.598293650793654,3.0480344174304976,-1.0821051205760743,False,False
2021-06-17 00:00:00+00:00,17.66,19.588055555555552,3.0547822525423913,-0.6311597345280167,False,False
2021-06-18 00:00:00+00:00,17.9,19.58547619047619,3.0561398215712363,-0.5515049339626242,False,False
2021-06-21 00:00:00+00:00,16.91,19.584007936507938,3.0568631240701922,-0.8747555346696434,False,False
2021-06-22 00:00:00+00:00,16.66,19.573531746031744,3.0615003982087057,-0.9516679297956195,False,False
2021-06-23 00:00:00+00:00,16.2,19.558253968253965,3.0664109026172977,-1.09517415470561,False,False
2021-06-24 00:00:00+00:00,15.7,19.543134920634923,3.0735590174124825,-1.2503859203166756,False,False
2021-06-25 00:00:00+00:00,15.29,19.52714285714286,3.083052468146472,-1.3743336842042866,False,False
2021-06-28 00:00:00+00:00,15.36,19.506388888888893,3.0939263299271276,-1.3401705298479278,False,False
2021-06-29 00:00:00+00:00,16.19,19.4909126984127,3.1048983855161487,-1.0631306692067364,False,False
2021-06-30 00:00:00+00:00,15.97,19.47718253968254,3.1118345619665178,-1.1270465925624862,False,False
2021-07-01 00:00:00+00:00,15.8,19.465753968253967,3.119426444335321,-1.175137171421606,False,False
2021-07-02 00:00:00+00:00,15.28,19.458214285714288,3.1260005228151466,-1.3366006356107585,False,False
2021-07-06 00:00:00+00:00,15.45,19.44972222222222,3.134454895552662,-1.2760503358645385,False,False
2021-07-07 00:00:00+00:00,15.21,19.44210317460318,3.1418550774914573,-1.3470077614089715,False,False
2021-07-08 00:00:00+00:00,15.82,19.43206349206349,3.151343687981087,-1.1461978919784421,False,False
2021-07-09 00:00:00+00:00,15.27,19.425833333333333,3.1569438578969358,-1.316410275380009,False,False
2021-07-12 00:00:00+00:00,15.04,19.420396825396825,3.1629343380417536,-1.3849155111164373,False,False
2021-07-13 00:00:00+00:00,14.84,19.414484126984128,3.1697444396192074,-1.4431712758312076,False,False
2021-07-14 00:00:00+00:00,14.79,19.409880952380952,3.1755597407460208,-1.4548241348139852,False,False
2021-07-15 00:00:00+00:00,15.01,19.407619047619043,3.178657394935417,-1.383483182121423,False,False
2021-07-16 00:00:00+00:00,14.6,19.406190476190474,3.1805595631727837,-1.51111475220921,False,False
2021-07-19 00:00:00+00:00,15.96,19.40424603174603,3.183357342665219,-1.0819539439020018,False,False
2021-07-20 00:00:00+00:00,15.01,19.406865079365083,3.1802371703714774,-1.382558860807068,False,False
2021-07-21 00:00:00+00:00,15.01,19.400277777777777,3.1876392747047926,-1.3772818689418242,False,False
2021-07-22 00:00:00+00:00,14.51,19.37075396825397,3.1937290127619047,-1.5219681910490075,False,False
2021-07-23 00:00:00+00:00,14.53,19.34107142857143,3.2040317049294624,-1.5015679842273428,False,False
2021-07-26 00:00:00+00:00,15.2,19.31297619047619,3.2150790562717253,-1.2792768446713358,False,False
2021-07-27 00:00:00+00:00,15.51,19.272023809523805,3.201398392073424,-1.1751189164205476,False,False
2021-07-28 00:00:00+00:00,15.61,19.21865079365079,3.150959470185102,-1.1452545892120927,False,False
2021-07-29 00:00:00+00:00,15.21,19.174285714285713,3.122509188327606,-1.2695833623499937,False,False
2021-07-30 00:00:00+00:00,15.09,19.13888888888889,3.1166604668608957,-1.299111318650291,False,False
2021-08-02 00:00:00+00:00,15.23,19.10170634920635,3.108808694513675,-1.2453987136741516,False,False
2021-08-03 00:00:00+00:00,15.09,19.068650793650793,3.1054995179609874,-1.2811629081375935,False,False
2021-08-04 00:00:00+00:00,14.88,19.024166666666666,3.081699306799847,-1.344766719297518,False,False
2021-08-05 00:00:00+00:00,14.84,18.98126984126984,3.0637266020055707,-1.3517099856621961,False,False
2021-08-06 00:00:00+00:00,15.9,18.9315873015873,3.0286260839681507,-1.0009777428896962,False,False
2021-08-09 00:00:00+00:00,17.26,18.890634920634923,2.999311672968505,-0.5436697143985159,False,False
2021-08-10 00:00:00+00:00,16.93,18.864325396825397,2.9843245081910643,-0.6481618843782776,False,False
2021-08-11 00:00:00+00:00,15.85,18.82246031746032,2.9365972629006425,-1.0122124524914433,False,False
2021-08-12 00:00:00+00:00,15.67,18.782777777777778,2.908687944758432,-1.0701655993683075,False,False
2021-08-13 00:00:00+00:00,15.15,18.742500000000003,2.8809962067706762,-1.2469645019168056,False,False
2021-08-16 00:00:00+00:00,15.62,18.70924603174603,2.8738705779123896,-1.074942641985671,False,False
2021-08-17 00:00:00+00:00,16.1,18.666666666666668,2.8394963360130956,-0.9039161748912463,False,False
2021-08-18 00:00:00+00:00,15.8,18.625555555555557,2.8009484891966636,-1.008785262011709,False,False
2021-08-19 00:00:00+00:00,15.91,18.57654761904762,2.7410389285967214,-0.972823695142762,False,False
2021-08-20 00:00:00+00:00,15.34,18.53686507936508,2.7066179947994886,-1.1811290272611628,False,False
2021-08-23 00:00:00+00:00,15.84,18.494722222222222,2.6730471745618676,-0.9931445458523759,False,False
2021-08-24 00:00:00+00:00,15.45,18.462896825396825,2.656606127524989,-1.1341149876078067,False,False
2021-08-25 00:00:00+00:00,15.9,18.43388888888889,2.6493981793428896,-0.9564016872380248,False,False
2021-08-26 00:00:00+00:00,16.44,18.398611111111112,2.6234870911605968,-0.7465678476979457,False,False
2021-08-27 00:00:00+00:00,15.27,18.372261904761903,2.609589739484757,-1.1887929576908975,False,False
2021-08-30 00:00:00+00:00,15.52,18.340833333333336,2.5990069548570065,-1.08535043665881,False,False
2021-08-31 00:00:00+00:00,15.47,18.305912698412698,2.5773789846655735,-1.100308769212949,False,False
2021-09-01 00:00:00+00:00,15.12,18.276031746031745,2.566367230917873,-1.2297662267542966,False,False
2021-09-02 00:00:00+00:00,14.76,18.2425,2.5520849417293006,-1.364570568579997,False,False
2021-09-03 00:00:00+00:00,14.95,18.207103174603173,2.53818894662227,-1.283239050795493,False,False
2021-09-07 00:00:00+00:00,15.36,18.17920634920635,2.535187461160831,-1.112030724511185,False,False
2021-09-08 00:00:00+00:00,15.14,18.1509126984127,2.526658100276988,-1.1916581424620232,False,False
2021-09-09 00:00:00+00:00,15.1,18.12503968253968,2.523962845335643,-1.1985278183195291,False,False
2021-09-10 00:00:00+00:00,15.15,18.100595238095238,2.5233095092240294,-1.1693354411376222,False,False
2021-09-13 00:00:00+00:00,15.09,18.080555555555552,2.526620912591704,-1.1836186191018119,False,False
2021-09-14 00:00:00+00:00,15.02,18.057460317460315,2.5272541313913774,-1.201881631028552,False,False
2021-09-15 00:00:00+00:00,15.14,18.036428571428573,2.530401591447839,-1.1446517348146705,False,False
2021-09-16 00:00:00+00:00,15.92,18.016825396825396,2.5336400127904533,-0.827594048973056,False,False
2021-09-17 00:00:00+00:00,15.92,18.000833333333333,2.534107829205469,-0.8211305412310519,False,False
2021-09-20 00:00:00+00:00,16.85,17.98376984126984,2.5335825057318315,-0.44749671214766557,False,False
2021-09-21 00:00:00+00:00,16.46,17.964920634920635,2.5242235983670684,-0.59619149266102,False,False
2021-09-22 00:00:00+00:00,16.41,17.944404761904764,2.515310734381692,-0.6100259267894976,False,False
2021-09-23 00:00:00+00:00,16.82,17.91654761904762,2.4930907683831527,-0.4398346153111645,False,False
2021-09-24 00:00:00+00:00,16.44,17.890396825396827,2.4696911434215534,-0.5872786276373898,False,False
2021-09-27 00:00:00+00:00,16.2,17.867976190476192,2.4570277025108087,-0.6788593342971699,False,False
2021-09-28 00:00:00+00:00,16.78,17.844920634920634,2.4452369331038915,-0.43550815894509753,False,False
2021-09-29 00:00:00+00:00,17.39,17.819126984126985,2.421847281462584,-0.17718994397856058,False,False
2021-09-30 00:00:00+00:00,17.16,17.800555555555555,2.4070188884121335,-0.2661198707826166,False,False
2021-10-01 00:00:00+00:00,16.32,17.779801587301588,2.389775273303011,-0.6108530804588722,False,False
2021-10-04 00:00:00+00:00,16.77,17.754920634920634,2.3720689595910045,-0.41521585236310143,False,False
2021-10-05 00:00:00+00:00,16.56,17.733650793650796,2.3566632171364503,-0.4980137955718952,False,False
2021-10-06 00:00:00+00:00,16.58,17.70892857142857,2.3359958340525506,-0.4832750790784047,False,False
2021-10-07 00:00:00+00:00,16.29,17.68234126984127,2.3103228579081003,-0.6026609073599252,False,False
2021-10-08 00:00:00+00:00,15.67,17.65984126984127,2.2960629682105385,-0.8666318377984529,False,False
2021-10-11 00:00:00+00:00,15.56,17.63297619047619,2.279456029902769,-0.9094170553334218,False,False
2021-10-12 00:00:00+00:00,15.1,17.604801587301587,2.2608764034927993,-1.1078896588207792,False,False
2021-10-13 00:00:00+00:00,15.51,17.572777777777777,2.238780131303095,-0.9213847080986578,False,False
2021-10-14 00:00:00+00:00,15.34,17.547499999999996,2.225878335073673,-0.9917433335038643,False,False
2021-10-15 00:00:00+00:00,15.06,17.522142857142857,2.2144093875537942,-1.111873383025497,False,False
2021-10-18 00:00:00+00:00,15.53,17.50138888888889,2.212872890573869,-0.8908730805489901,False,False
2021-10-19 00:00:00+00:00,15.32,17.478373015873018,2.2030339754435775,-0.9797275211965047,False,False
2021-10-20 00:00:00+00:00,15.27,17.453690476190477,2.1921639401439017,-0.9961346577241537,False,False
2021-10-21 00:00:00+00:00,15.15,17.42436507936508,2.1715723996458665,-1.0473355987283581,False,False
2021-10-22 00:00:00+00:00,15.74,17.399642857142858,2.161800809618506,-0.7677131259080876,False,False
2021-10-25 00:00:00+00:00,16.73,17.37861111111111,2.152002508448955,-0.30139886387892356,False,False
2021-10-26 00:00:00+00:00,15.96,17.361944444444443,2.1406222307428293,-0.6549237994029175,False,False
2021-10-27 00:00:00+00:00,16.08,17.344285714285714,2.133721261091678,-0.5925261829367854,False,False
2021-10-28 00:00:00+00:00,15.8,17.32107142857143,2.115375519500885,-0.7190550398968024,False,False
2021-10-29 00:00:00+00:00,16.07,17.29686507936508,2.097596445994868,-0.5848909029702283,False,False
2021-11-01 00:00:00+00:00,16.31,17.268333333333334,2.0648053456774926,-0.46412768900445317,False,False
2021-11-02 00:00:00+00:00,16.47,17.238849206349208,2.0246838976832193,-0.37973789747079956,False,False
2021-11-03 00:00:00+00:00,16.28,17.211666666666662,1.9883726754345714,-0.4685573676288021,False,False
2021-11-04 00:00:00+00:00,15.87,17.194960317460318,1.9783794523254774,-0.6697200154919217,False,False
2021-11-05 00:00:00+00:00,16.64,17.17063492063492,1.9566296520471627,-0.2711984457966959,False,False
2021-11-08 00:00:00+00:00,16.66,17.15293650793651,1.9410546964469082,-0.25395291994544367,False,False
2021-11-09 00:00:00+00:00,16.76,17.132301587301587,1.9183225003778999,-0.19407664103832584,False,False
2021-11-10 00:00:00+00:00,16.8,17.117619047619044,1.9068768101370919,-0.16656505859768087,False,False
2021-11-11 00:00:00+00:00,16.95,17.108333333333334,1.9026822124553804,-0.08321585827462401,False,False
2021-11-12 00:00:00+00:00,16.85,17.100277777777777,1.8990201715030823,-0.1317931118023245,False,False
2021-11-15 00:00:00+00:00,17.0,17.096746031746033,1.8986532569755088,-0.05095508165621884,False,False
2021-11-16 00:00:00+00:00,16.67,17.091547619047617,1.897110926184803,-0.2222050451711705,False,False
2021-11-17 00:00:00+00:00,16.69,17.08809523809524,1.8970831938216348,-0.2098459568835686,False,False
2021-11-18 00:00:00+00:00,16.25,17.084206349206347,1.8968900331564515,-0.4397758091533732,False,False
2021-11-19 00:00:00+00:00,15.99,17.07742063492063,1.8968031644513288,-0.5732912382794236,False,False
2021-11-22 00:00:00+00:00,16.59,17.070555555555558,1.8975987365692575,-0.2532440322048132,False,False
2021-11-23 00:00:00+00:00,16.81,17.061071428571427,1.8939865108401994,-0.13256241643455516,False,False
2021-11-24 00:00:00+00:00,16.75,17.048055555555553,1.8843339753786457,-0.15817554608155956,False,False
2021-11-26 00:00:00+00:00,17.99,17.036150793650794,1.8766567355453045,0.508270472848111,False,False
2021-11-29 00:00:00+00:00,17.55,17.031785714285714,1.8731364672162805,0.2766559163115429,False,False
2021-11-30 00:00:00+00:00,17.99,17.02329365079365,1.865874036850894,0.5180983979164502,False,False
2021-12-01 00:00:00+00:00,18.39,17.01686507936508,1.8597069805314774,0.7383609004051269,False,False
2021-12-02 00:00:00+00:00,18.45,17.012777777777778,1.8555314694411242,0.7745609524235688,False,False
2021-12-03 00:00:00+00:00,17.92,17.008174603174606,1.85049466878279,0.4927468380253008,False,False
2021-12-06 00:00:00+00:00,17.44,17.0040873015873,1.847323346394287,0.2359698962629038,False,False
2021-12-07 00:00:00+00:00,17.02,16.9947619047619,1.8391171077215136,0.013722940824233702,False,False
2021-12-08 00:00:00+00:00,16.48,16.983492063492065,1.830169180981068,-0.27510684188341866,False,False
2021-12-09 00:00:00+00:00,16.7,16.96849206349206,1.8186622496833404,-0.14763162513479924,False,False
2021-12-10 00:00:00+00:00,15.35,16.956746031746032,1.8107511282313244,-0.8873367558331683,False,False
2021-12-13 00:00:00+00:00,15.97,16.941309523809522,1.8077875671321313,-0.5372918485939165,False,False
2021-12-14 00:00:00+00:00,16.41,16.927579365079364,1.801940546941655,-0.2872344295475373,False,False
2021-12-15 00:00:00+00:00,15.54,16.914325396825397,1.7933609139822049,-0.7663406657914009,False,False
2021-12-16 00:00:00+00:00,15.22,16.899047619047618,1.7885792748505802,-0.9387605249914834,False,False
2021-12-17 00:00:00+00:00,15.07,16.87968253968254,1.7801826024374725,-1.016571298475042,False,False
2021-12-20 00:00:00+00:00,15.77,16.861785714285716,1.7755915869871661,-0.6148856089920232,False,False
2021-12-21 00:00:00+00:00,15.42,16.845793650793652,1.7671510613372745,-0.8068317881747454,False,False
2021-12-22 00:00:00+00:00,14.94,16.829603174603175,1.7614175750727508,-1.0727741117974996,False,False
2021-12-23 00:00:00+00:00,14.62,16.814007936507938,1.7606778982232292,-1.24611545287301,False,False
2021-12-24 00:00:00+00:00,14.62,16.796666666666667,1.7606812336067321,-1.2362639103091904,False,False
2021-12-27 00:00:00+00:00,15.44,16.774523809523807,1.752779514747851,-0.7613757453776421,False,False
2021-12-28 00:00:00+00:00,15.06,16.75829365079365,1.7460863081468196,-0.9726286970293617,False,False
2021-12-29 00:00:00+00:00,15.13,16.73845238095238,1.7368021358457575,-0.9260999556343386,False,False
2021-12-30 00:00:00+00:00,14.77,16.715992063492063,1.7207219044479931,-1.1309160756667052,False,False
2021-12-31 00:00:00+00:00,14.61,16.687857142857144,1.694035050528559,-1.2265726982501504,False,False
2022-01-03 00:00:00+00:00,15.34,16.65797619047619,1.6636194734431586,-0.792234168639781,False,False
2022-01-04 00:00:00+00:00,15.33,16.632738095238093,1.6348173999358473,-0.796870705737053,False,False
2022-01-05 00:00:00+00:00,16.21,16.611587301587303,1.6168869369409995,-0.2483706760270251,False,False
2022-01-06 00:00:00+00:00,15.87,16.58797619047619,1.5785300891839598,-0.4548384572430659,False,False
2022-01-07 00:00:00+00:00,15.04,16.569007936507937,1.558111856609167,-0.9813210329041675,False,False
2022-01-10 00:00:00+00:00,15.56,16.549285714285716,1.5457888707011478,-0.6399876031174877,False,False
2022-01-11 00:00:00+00:00,15.21,16.536428571428573,1.540459115236318,-0.8610605489682781,False,False
2022-01-12 00:00:00+00:00,15.32,16.520555555555557,1.5333926167881402,-0.7829407435587192,False,False
2022-01-13 00:00:00+00:00,15.17,16.505793650793652,1.5269339396501451,-0.8748208524985127,False,False
2022-01-14 00:00:00+00:00,14.73,16.491111111111113,1.5218905846837107,-1.1571864159190646,False,False
2022-01-18 00:00:00+00:00,15.09,16.47436507936508,1.517938681990162,-0.912003294856446,False,False
2022-01-19 00:00:00+00:00,15.64,16.459444444444443,1.512965640315124,-0.5416147086286554,False,False
2022-01-20 00:00:00+00:00,15.09,16.4484126984127,1.5087426034100189,-0.900360800671004,False,False
2022-01-21 00:00:00+00:00,15.2,16.434841269841268,1.5055026475289455,-0.8202185973356299,False,False
2022-01-24 00:00:00+00:00,16.3,16.42420634920635,1.5047189268711225,-0.08254455166894317,False,False
2022-01-25 00:00:00+00:00,16.47,16.41559523809524,1.4991636588954804,0.03629007519088524,False,False
2022-01-26 00:00:00+00:00,16.42,16.404047619047617,1.4874000303594803,0.01072501050610392,False,False
2022-01-27 00:00:00+00:00,17.15,16.387301587301586,1.4630759023147335,0.5212979118115109,False,False
2022-01-28 00:00:00+00:00,17.12,16.368809523809524,1.4231694650056324,0.527829253410453,False,False
2022-01-31 00:00:00+00:00,16.7,16.35892857142857,1.409151380231327,0.2420403040838934,False,False
2022-02-01 00:00:00+00:00,16.5,16.351984126984128,1.4031044236448569,0.10549170148816857,False,False
2022-02-02 00:00:00+00:00,15.66,16.340873015873015,1.3906979071926766,-0.48959088264356054,False,False
2022-02-03 00:00:00+00:00,16.01,16.32880952380952,1.3833178587135946,-0.23046729412283773,False,False
2022-02-04 00:00:00+00:00,15.53,16.319126984126985,1.3769360986144914,-0.573103562991068,False,False
2022-02-07 00:00:00+00:00,16.15,16.30793650793651,1.37181493034751,-0.11512960272017388,False,False
2022-02-08 00:00:00+00:00,15.86,16.298333333333336,1.3643668175198833,-0.3212723497117359,False,False
2022-02-09 00:00:00+00:00,15.63,16.28861111111111,1.3586922671629846,-0.4847389854409934,False,False
2022-02-10 00:00:00+00:00,15.92,16.278888888888886,1.354582143842968,-0.2649443524116697,False,False
2022-02-11 00:00:00+00:00,17.81,16.264404761904764,1.3386718319896103,1.1545736611175892,False,False
2022-02-14 00:00:00+00:00,18.95,16.253769841269843,1.315411738747136,2.0497233522472444,True,False
2022-02-15 00:00:00+00:00,17.7,16.25095238095238,1.3088308267999658,1.1071313338412703,True,True
2022-02-16 00:00:00+00:00,18.07,16.244761904761905,1.2981879582547493,1.4059890816518579,True,True
2022-02-17 00:00:00+00:00,19.79,16.24059523809524,1.2905856027653508,2.7502280780906085,True,True
2022-02-18 00:00:00+00:00,18.54,16.246507936507935,1.3034076193761641,1.759612288126544,True,True
2022-02-22 00:00:00+00:00,17.93,16.247420634920633,1.3049379454537966,1.289394159271109,True,True
2022-02-23 00:00:00+00:00,17.69,16.23420634920635,1.2703792784186712,1.1459519810538619,True,True
2022-02-24 00:00:00+00:00,18.12,16.220753968253966,1.2363546158122614,1.5361660865384212,True,True
2022-02-25 00:00:00+00:00,18.4,16.208015873015874,1.1994912732022667,1.8274281572155269,True,True
2022-02-28 00:00:00+00:00,20.97,16.201428571428572,1.182693404101434,4.0319590961060685,True,True
2022-03-01 00:00:00+00:00,22.7,16.201587301587303,1.1833330687980168,5.491617592512249,True,True
2022-03-02 00:00:00+00:00,21.85,16.205912698412696,1.2049752275965224,4.6839861702760155,True,True
2022-03-03 00:00:00+00:00,22.94,16.212420634920637,1.2308381872036616,5.46585199827423,True,True
2022-03-04 00:00:00+00:00,26.29,16.22154761904762,1.271651522758209,7.917619096711284,True,True
2022-03-07 00:00:00+00:00,29.67,16.24833333333333,1.4058391320983235,9.547085694387947,True,True
2022-03-08 00:00:00+00:00,31.7,16.292460317460318,1.6343243966480807,9.427467223850902,True,True
2022-03-09 00:00:00+00:00,28.01,16.345992063492062,1.897175770538821,6.148090291705137,True,True
2022-03-10 00:00:00+00:00,26.08,16.384285714285713,2.0306825451845896,4.774608571244178,True,True
2022-03-11 00:00:00+00:00,24.73,16.41690476190476,2.118597771354991,3.923866696403837,True,True
2022-03-14 00:00:00+00:00,24.08,16.443888888888893,2.1803515825348128,3.502238433598671,True,True
2022-03-15 00:00:00+00:00,23.8,16.471031746031745,2.232258902491705,3.2832070893691907,True,True
2022-03-16 00:00:00+00:00,22.51,16.494880952380953,2.27804233459386,2.6404772888873693,True,True
2022-03-17 00:00:00+00:00,22.23,16.51845238095238,2.309338996188603,2.4732391513217062,True,True
2022-03-18 00:00:00+00:00,22.0,16.541309523809524,2.337194889525145,2.335573511928881,True,True
2022-03-21 00:00:00+00:00,21.89,16.562380952380952,2.3623421521741736,2.2552275260871046,True,True
2022-03-22 00:00:00+00:00,20.58,16.586944444444445,2.3854084545229632,1.6739504498629312,True,True
2022-03-23 00:00:00+00:00,23.41,16.606785714285717,2.397761984762537,2.8373184365036304,True,True
2022-03-24 00:00:00+00:00,24.07,16.63825396825397,2.43466780029501,3.052468197445878,True,True
2022-03-25 00:00:00+00:00,24.68,16.665396825396826,2.479015082277154,3.2329787873824403,True,True
2022-03-28 00:00:00+00:00,23.2,16.690714285714286,2.5278724117317917,2.5750056387641576,True,True
2022-03-29 00:00:00+00:00,21.28,16.715039682539686,2.5608162135722123,1.7826192653991442,True,True
2022-03-30 00:00:00+00:00,21.08,16.733055555555556,2.5769118514471496,1.6868813118319406,True,True
2022-03-31 00:00:00+00:00,20.25,16.750277777777775,2.5914203219629,1.3505035028710901,True,True
2022-04-01 00:00:00+00:00,19.08,16.762857142857143,2.600704580334393,0.8909673457970847,False,True
2022-04-04 00:00:00+00:00,19.22,16.77206349206349,2.6047975405065174,0.9397799521342041,False,False
2022-04-05 00:00:00+00:00,18.47,16.784404761904764,2.609012277205135,0.6460664262955879,False,False
2022-04-06 00:00:00+00:00,18.88,16.79531746031746,2.610293349974563,0.7986391796549819,False,False
2022-04-07 00:00:00+00:00,18.43,16.80952380952381,2.611864244577154,0.6204289498738995,False,False
2022-04-08 00:00:00+00:00,18.37,16.82361111111111,2.6109891989756115,0.5922616951060532,False,False
2022-04-11 00:00:00+00:00,19.25,16.839920634920635,2.607746350689246,0.924200072005609,False,False
2022-04-12 00:00:00+00:00,19.37,16.85801587301587,2.608589403688956,0.9629664689397998,False,False
2022-04-13 00:00:00+00:00,18.7,16.873928571428575,2.61164387082647,0.699203842058892,False,False
2022-04-14 00:00:00+00:00,17.71,16.887341269841272,2.612310816765502,0.31491609837504875,False,False
2022-04-18 00:00:00+00:00,19.07,16.8940873015873,2.6122311829745604,0.8329709531814777,False,False
2022-04-19 00:00:00+00:00,18.19,16.907896825396826,2.6145071715849615,0.49038043901250483,False,False
2022-04-20 00:00:00+00:00,18.15,16.914960317460316,2.6155609269452853,0.47218922328148,False,False
2022-04-21 00:00:00+00:00,18.22,16.92329365079365,2.6161394311060424,0.4956564370340661,False,False
2022-04-22 00:00:00+00:00,18.97,16.933134920634924,2.6163350049675125,0.7785184525291199,False,False
2022-04-25 00:00:00+00:00,19.47,16.94686507936508,2.6179151580127686,0.963795527487684,False,False
2022-04-26 00:00:00+00:00,19.23,16.965515873015875,2.6190865724238797,0.8646083527084097,False,False
2022-04-27 00:00:00+00:00,19.16,16.98313492063492,2.6193275066898423,0.8310778525424176,False,False
2022-04-28 00:00:00+00:00,19.0,17.001468253968252,2.618327342920634,0.7632856722194522,False,False
2022-04-29 00:00:00+00:00,19.83,17.019007936507936,2.6168457123049724,1.074190981254329,False,False
2022-05-02 00:00:00+00:00,20.06,17.03559523809524,2.6213773414357617,1.153746434783881,False,False
2022-05-03 00:00:00+00:00,19.71,17.052063492063493,2.627306899045081,1.0116581770110527,False,False
2022-05-04 00:00:00+00:00,18.81,17.06797619047619,2.631225963528113,0.662057851993826,False,False
2022-05-05 00:00:00+00:00,19.36,17.076865079365078,2.6333197682098297,0.8670177272800527,False,False
2022-05-06 00:00:00+00:00,18.71,17.088373015873014,2.6369474330535563,0.6149637128902341,False,False
2022-05-09 00:00:00+00:00,20.49,17.094404761904762,2.6389185056269246,1.2867374384070072,False,False
2022-05-10 00:00:00+00:00,20.02,17.107579365079363,2.6475706548008504,1.1000350943003285,False,False
2022-05-11 00:00:00+00:00,20.26,17.11734126984127,2.6537733179965453,1.18422274760501,False,False
2022-05-12 00:00:00+00:00,21.51,17.129880952380955,2.6611466662694787,1.6459517632522318,False,False
2022-05-13 00:00:00+00:00,21.2,17.14876984126984,2.675295209276265,1.514311446708014,False,False
2022-05-16 00:00:00+00:00,21.16,17.162976190476193,2.687285889076657,1.4873831719099941,False,False
2022-05-17 00:00:00+00:00,20.05,17.17948412698413,2.6990324612422034,1.0635351424023798,False,False
2022-05-18 00:00:00+00:00,19.69,17.188452380952384,2.7048176705999976,0.9248488895344691,False,False
2022-05-19 00:00:00+00:00,20.25,17.19797619047619,2.709398036565845,1.1264582642837675,False,False
2022-05-20 00:00:00+00:00,19.31,17.21297619047619,2.7158076930677812,0.772154749718308,False,False
2022-05-23 00:00:00+00:00,19.63,17.222500000000004,2.7189473333615903,0.885452973089944,False,False
2022-05-24 00:00:00+00:00,19.13,17.232579365079363,2.723158922205775,0.6967719068645885,False,False
2022-05-25 00:00:00+00:00,18.27,17.24178571428571,2.7256451383176477,0.3772370332657954,False,False
2022-05-26 00:00:00+00:00,17.81,17.250198412698413,2.7255336040143585,0.2053915557955587,False,False
2022-05-27 00:00:00+00:00,17.5,17.25706349206349,2.7247530148564136,0.0891590931772255,False,False
2022-05-31 00:00:00+00:00,17.19,17.26265873015873,2.72379445803189,-0.02667555547169632,False,False
2022-06-01 00:00:00+00:00,16.94,17.268769841269844,2.721888785450686,-0.12078738963443922,False,False
2022-06-02 00:00:00+00:00,17.13,17.27269841269841,2.72069197100912,-0.05244930856523387,False,False
2022-06-03 00:00:00+00:00,16.51,17.27785714285714,2.7191776080229046,-0.2823857995121703,False,False
2022-06-06 00:00:00+00:00,16.81,17.2815873015873,2.7174696493498134,-0.17353912368446692,False,False
2022-06-07 00:00:00+00:00,16.64,17.286428571428573,2.715530064046918,-0.23804876255548,False,False
2022-06-08 00:00:00+00:00,16.04,17.291230158730155,2.713303303234324,-0.46114643992754467,False,False
2022-06-09 00:00:00+00:00,16.29,17.293373015873012,2.7120959925958195,-0.3699622058408994,False,False
2022-06-10 00:00:00+00:00,17.58,17.29765873015873,2.709642894578381,0.10419870101930917,False,False
2022-06-13 00:00:00+00:00,20.84,17.3034126984127,2.7086928567758575,1.3056435294021784,False,False
2022-06-14 00:00:00+00:00,21.99,17.3215873015873,2.7170164421530894,1.7182128992613797,False,False
2022-06-15 00:00:00+00:00,19.4,17.344166666666666,2.732093986267912,0.7524753334498702,False,False
2022-06-16 00:00:00+00:00,20.65,17.35107142857143,2.735092451815428,1.2061488339229236,False,False
2022-06-17 00:00:00+00:00,20.28,17.36198412698413,2.7427666608595853,1.0638950497164652,False,False
2022-06-21 00:00:00+00:00,18.24,17.37535714285714,2.7487631900781406,0.31455705615669216,False,False
2022-06-22 00:00:00+00:00,18.29,17.381626984126985,2.748926942355671,0.3304464014218549,False,False
2022-06-23 00:00:00+00:00,18.65,17.389920634920635,2.7485004954986403,0.45846066505829625,False,False
2022-06-24 00:00:00+00:00,17.92,17.401626984126985,2.747556272374975,0.18866693326173,False,False
2022-06-27 00:00:00+00:00,17.88,17.412063492063492,2.744496649751104,0.17049993774958472,False,False
2022-06-28 00:00:00+00:00,17.95,17.42206349206349,2.7415793039083405,0.19256656452866183,False,False
2022-06-29 00:00:00+00:00,18.08,17.42904761904762,2.740669772611209,0.23751580269087866,False,False
2022-06-30 00:00:00+00:00,19.61,17.437420634920635,2.7394173220947793,0.7930808305680258,False,False
2022-07-01 00:00:00+00:00,20.17,17.452539682539683,2.740857729623532,0.9914634707557669,False,False
2022-07-05 00:00:00+00:00,21.33,17.471944444444446,2.742724782394609,1.4066506345515184,False,False
2022-07-06 00:00:00+00:00,21.91,17.49527777777778,2.7504555801954385,1.6050876276680406,False,False
2022-07-07 00:00:00+00:00,20.5,17.52186507936508,2.7606408570989056,1.0787839037362406,False,False
2022-07-08 00:00:00+00:00,19.41,17.54043650793651,2.76488485382617,0.6761813207071922,False,False
2022-07-11 00:00:00+00:00,19.72,17.55686507936508,2.763639859417481,0.7827123035817212,False,False
2022-07-12 00:00:00+00:00,19.78,17.57543650793651,2.762383672432587,0.798065639492478,False,False
2022-07-13 00:00:00+00:00,18.36,17.59503968253968,2.7604219750775902,0.2771171670008229,False,False
2022-07-14 00:00:00+00:00,19.6,17.609206349206346,2.7551246284346322,0.722578438103091,False,False
2022-07-15 00:00:00+00:00,19.27,17.627420634920632,2.7530442573485177,0.596641104005117,False,False
2022-07-18 00:00:00+00:00,19.42,17.64595238095238,2.7482980401051558,0.6455077262943951,False,False
2022-07-19 00:00:00+00:00,18.63,17.65968253968254,2.7484845332465047,0.35303726420149184,False,False
2022-07-20 00:00:00+00:00,19.26,17.674047619047617,2.744037121980604,0.5779631653844642,False,False
2022-07-21 00:00:00+00:00,18.71,17.690912698412696,2.7406567756779987,0.3718405422492927,False,False
2022-07-22 00:00:00+00:00,18.3,17.707579365079365,2.7339983004427864,0.2166865410357753,False,False
2022-07-25 00:00:00+00:00,18.3,17.722539682539683,2.726846736784011,0.2117685272408684,False,False
2022-07-26 00:00:00+00:00,18.06,17.734841269841272,2.7224103844567833,0.11943780850057514,False,False
2022-07-27 00:00:00+00:00,17.39,17.744960317460315,2.7188445955358596,-0.13055557424765382,False,False
2022-07-28 00:00:00+00:00,16.84,17.75202380952381,2.715586168486506,-0.3358478622801769,False,False
2022-07-29 00:00:00+00:00,16.49,17.758492063492064,2.711445290924079,-0.4678287508650984,False,False
2022-08-01 00:00:00+00:00,17.52,17.76404761904762,2.7073871729948142,-0.09014138113746904,False,False
2022-08-02 00:00:00+00:00,17.34,17.77313492063492,2.7026868904739207,-0.16026085824502195,False,False
2022-08-03 00:00:00+00:00,16.76,17.782063492063493,2.697499156836297,-0.3788929792520107,False,False
2022-08-04 00:00:00+00:00,16.95,17.78952380952381,2.69203528127079,-0.3118546830959472,False,False
2022-08-05 00:00:00+00:00,16.37,17.797896825396823,2.6860996659856027,-0.5315874326922593,False,False
2022-08-08 00:00:00+00:00,16.76,17.799761904761905,2.6849395414965556,-0.38725710158164356,False,False
2022-08-09 00:00:00+00:00,16.69,17.797777777777778,2.6855246881791093,-0.41249956950829353,False,False
2022-08-10 00:00:00+00:00,16.27,17.796825396825394,2.6858761917854665,-0.5684645485503261,False,False
2022-08-11 00:00:00+00:00,15.81,17.798492063492066,2.684793408319464,-0.740649935049101,False,False
2022-08-12 00:00:00+00:00,15.22,17.79904761904762,2.684365662437988,-0.9607661337409908,False,False
2022-08-15 00:00:00+00:00,15.37,17.799325396825395,2.684094055296811,-0.9050820674600979,False,False
2022-08-16 00:00:00+00:00,15.27,17.798333333333332,2.6849488261796988,-0.9416690957685,False,False
2022-08-17 00:00:00+00:00,15.32,17.795039682539684,2.687548312993565,-0.9209284426901427,False,False
2022-08-18 00:00:00+00:00,15.36,17.79313492063492,2.689137529217716,-0.9048012212832907,False,False
2022-08-19 00:00:00+00:00,15.91,17.790952380952383,2.690894615252197,-0.6990063342841452,False,False
2022-08-22 00:00:00+00:00,16.57,17.79321428571429,2.689065135044667,-0.4548845878714537,False,False
2022-08-23 00:00:00+00:00,15.8,17.79611111111111,2.687345280556334,-0.7427817800539104,False,False
2022-08-24 00:00:00+00:00,15.9,17.7975,2.6862181275327988,-0.7063834394352737,False,False
2022-08-25 00:00:00+00:00,15.57,17.797499999999996,2.6862181275327988,-0.8292327332501027,False,False
2022-08-26 00:00:00+00:00,15.42,17.79404761904762,2.688527842125372,-0.8830288389986901,False,False
2022-08-29 00:00:00+00:00,16.02,17.794642857142858,2.687983343254692,-0.6602134874072794,False,False
2022-08-30 00:00:00+00:00,16.52,17.796626984126984,2.6864817503505813,-0.4752040411070676,False,False
2022-08-31 00:00:00+00:00,17.02,17.80079365079365,2.6836716251273867,-0.29094232076794746,False,False
2022-09-01 00:00:00+00:00,17.8,17.808333333333334,2.6787745458940067,-0.0031108752119905323,False,False
2022-09-02 00:00:00+00:00,16.88,17.820396825396823,2.671828208804031,-0.35196754877356684,False,False
2022-09-06 00:00:00+00:00,17.68,17.828055555555554,2.666327993517189,-0.05552788550978406,False,False
2022-09-07 00:00:00+00:00,16.77,17.837261904761903,2.661773673044284,-0.4009589228303059,False,False
2022-09-08 00:00:00+00:00,16.4,17.843730158730157,2.657169579441272,-0.5433338428606179,False,False
2022-09-09 00:00:00+00:00,15.91,17.84888888888889,2.6530803632571174,-0.730806693887164,False,False
2022-09-12 00:00:00+00:00,15.79,17.85190476190476,2.6504308344916327,-0.7779507901402168,False,False
2022-09-13 00:00:00+00:00,16.93,17.854682539682535,2.6478902934955055,-0.349214822817245,False,False
2022-09-14 00:00:00+00:00,17.17,17.862261904761905,2.642471988501986,-0.2619751156394832,False,False
2022-09-15 00:00:00+00:00,19.66,17.87031746031746,2.6372291497063776,0.6786223107998788,False,False
2022-09-16 00:00:00+00:00,18.31,17.88515873015873,2.6367333810819966,0.16112409122947968,False,False
2022-09-19 00:00:00+00:00,18.37,17.894642857142856,2.6339335314386725,0.18047423641609595,False,False
2022-09-20 00:00:00+00:00,18.59,17.900674603174604,2.633272081243219,0.2617752270019708,False,False
2022-09-21 00:00:00+00:00,18.48,17.909126984126985,2.6320475176572673,0.21689312675522596,False,False
2022-09-22 00:00:00+00:00,17.93,17.91734126984127,2.6305799874404996,0.004812144173212032,False,False
2022-09-23 00:00:00+00:00,19.42,17.921746031746032,2.6296643869196257,0.569751020588987,False,False
2022-09-26 00:00:00+00:00,20.26,17.93357142857143,2.6296749573535494,0.8846829395865113,False,False
2022-09-27 00:00:00+00:00,19.26,17.94968253968254,2.631448160372983,0.4979453823372051,False,False
2022-09-28 00:00:00+00:00,19.27,17.959523809523805,2.631693698843205,0.4979592385892899,False,False
2022-09-29 00:00:00+00:00,19.78,17.966984126984126,2.6327372845214496,0.6886429130908993,False,False
2022-09-30 00:00:00+00:00,19.52,17.977380952380955,2.634710286263879,0.5854985482318583,False,False
2022-10-03 00:00:00+00:00,20.29,17.990079365079364,2.634401886662242,0.8730333236416746,False,False
2022-10-04 00:00:00+00:00,19.55,18.004047619047622,2.6372373806140468,0.5862014516844227,False,False
2022-10-05 00:00:00+00:00,19.69,18.0159126984127,2.6374407265328546,0.6347393079760455,False,False
2022-10-06 00:00:00+00:00,19.67,18.028253968253967,2.63797114463842,0.6223517778360932,False,False
2022-10-07 00:00:00+00:00,19.66,18.041666666666668,2.6376905720318007,0.6135417666093933,False,False
2022-10-10 00:00:00+00:00,20.54,18.057499999999997,2.635371807118225,0.941992318994492,False,False
2022-10-11 00:00:00+00:00,20.59,18.077261904761905,2.6352409497812763,0.9535136039255353,False,False
2022-10-12 00:00:00+00:00,20.4,18.09904761904762,2.6332219909268724,0.8738163318097087,False,False
2022-10-13 00:00:00+00:00,20.07,18.11845238095238,2.6320842153033572,0.7414457363107955,False,False
2022-10-14 00:00:00+00:00,20.07,18.13722222222222,2.629055134193331,0.7351606106088038,False,False
2022-10-17 00:00:00+00:00,19.96,18.157103174603176,2.624631550933924,0.6869142545952018,False,False
2022-10-18 00:00:00+00:00,19.19,18.174682539682543,2.6217997183919044,0.3872597335315182,False,False
2022-10-19 00:00:00+00:00,19.41,18.19003968253968,2.616340392650096,0.4662850143228571,False,False
2022-10-20 00:00:00+00:00,19.23,18.206468253968257,2.610924151957624,0.39201895055600045,False,False
2022-10-21 00:00:00+00:00,19.05,18.222658730158727,2.6045376574294177,0.31765379451561804,False,False
2022-10-24 00:00:00+00:00,19.58,18.23579365079365,2.6003103869817927,0.5169407298205593,False,False
2022-10-25 00:00:00+00:00,19.33,18.247103174603176,2.599932871733495,0.41650953267682084,False,False
2022-10-26 00:00:00+00:00,18.67,18.26047619047619,2.596787122194887,0.15770403589250284,False,False
2022-10-27 00:00:00+00:00,18.51,18.27075396825397,2.59324571409077,0.09225737092557555,False,False
2022-10-28 00:00:00+00:00,18.01,18.28150793650794,2.588573748559274,-0.1048870779358908,False,False
2022-10-31 00:00:00+00:00,18.27,18.289206349206346,2.5848526288029405,-0.0074303459285571275,False,False
2022-11-01 00:00:00+00:00,18.45,18.29698412698413,2.581820528769487,0.05926665750419122,False,False
2022-11-02 00:00:00+00:00,17.84,18.30484126984127,2.579249940116204,-0.18022342953716478,False,False
2022-11-03 00:00:00+00:00,18.03,18.311031746031748,2.5762410707784493,-0.10908596606870691,False,False
2022-11-04 00:00:00+00:00,18.03,18.319603174603174,2.571676372293996,-0.11261260465088752,False,False
2022-11-07 00:00:00+00:00,18.12,18.325119047619047,2.569549308947091,-0.07982685792595151,False,False
2022-11-08 00:00:00+00:00,18.91,18.3309126984127,2.5674250281589956,0.2255517864147886,False,False
2022-11-09 00:00:00+00:00,18.91,18.339444444444446,2.5657557325228026,0.22237329466844852,False,False
2022-11-10 00:00:00+00:00,17.69,18.347817460317458,2.5641542951654968,-0.2565436337266122,False,False
2022-11-11 00:00:00+00:00,17.57,18.350753968253965,2.5629705722788327,-0.3046285340528773,False,False
2022-11-14 00:00:00+00:00,17.41,18.353611111111114,2.5616919006742918,-0.3683546451713164,False,False
2022-11-15 00:00:00+00:00,17.72,18.355238095238096,2.5609588637170977,-0.24804697343559934,False,False
2022-11-16 00:00:00+00:00,17.23,18.359404761904763,2.55905953429332,-0.44133586841958555,False,False
2022-11-17 00:00:00+00:00,16.77,18.361547619047617,2.5578818867821096,-0.6222131003280338,False,False
2022-11-18 00:00:00+00:00,16.51,18.363611111111112,2.556380981128105,-0.7250918876313697,False,False
2022-11-21 00:00:00+00:00,16.68,18.3656746031746,2.55466668155653,-0.659841307417662,False,False
2022-11-22 00:00:00+00:00,16.07,18.366031746031744,2.554423732383978,-0.8988452921586807,False,False
2022-11-23 00:00:00+00:00,15.84,18.363095238095237,2.556644016742338,-0.9868778060506647,False,False
2022-11-25 00:00:00+00:00,15.23,18.35948412698413,2.5595724812163967,-1.2226589205619562,False,False
2022-11-28 00:00:00+00:00,15.77,18.348531746031746,2.56705386868407,-1.004471225745473,False,False
2022-11-29 00:00:00+00:00,15.71,18.341468253968255,2.571704564973731,-1.0232389403543847,False,False
2022-11-30 00:00:00+00:00,15.45,18.332420634920634,2.5769513346060124,-1.1185390256356258,False,False
2022-12-01 00:00:00+00:00,15.92,18.320753968253968,2.5833368556473175,-0.9293228496337156,False,False
2022-12-02 00:00:00+00:00,15.42,18.310714285714283,2.5877450007601355,-1.1170784929987894,False,False
2022-12-05 00:00:00+00:00,15.81,18.30079365079365,2.5940333323537956,-0.9602010967736999,False,False
2022-12-06 00:00:00+00:00,16.19,18.294325396825396,2.5982171218781507,-0.8099112961368908,False,False
2022-12-07 00:00:00+00:00,16.55,18.291031746031745,2.6003641575704046,-0.6695338193164609,False,False
2022-12-08 00:00:00+00:00,16.45,18.291309523809524,2.600173659429774,-0.7081486719672905,False,False
2022-12-09 00:00:00+00:00,16.26,18.29031746031746,2.600830831552851,-0.7806418763135157,False,False
2022-12-12 00:00:00+00:00,15.51,18.29392857142857,2.5973615257173304,-1.071829448409079,False,False
2022-12-13 00:00:00+00:00,14.71,18.292103174603177,2.599162281008708,-1.3781760380167563,False,False
2022-12-14 00:00:00+00:00,14.06,18.28535714285714,2.60626311827155,-1.6212319904443717,False,False
2022-12-15 00:00:00+00:00,14.39,18.279484126984123,2.6141298804038358,-1.4878695034017466,False,False
2022-12-16 00:00:00+00:00,14.14,18.27619047619048,2.618519199896819,-1.5795914257010075,False,False
2022-12-19 00:00:00+00:00,14.49,18.2725,2.623706150494762,-1.441662969493257,False,False
2022-12-20 00:00:00+00:00,15.03,18.267420634920637,2.6298020947253287,-1.2310510518696547,False,False
2022-12-21 00:00:00+00:00,14.78,18.265873015873016,2.6315985991405784,-1.3246218541883346,False,False
2022-12-22 00:00:00+00:00,14.88,18.265238095238093,2.6324233951120455,-1.2859778185849182,False,False
2022-12-23 00:00:00+00:00,14.86,18.26626984126984,2.6310395849196446,-1.2946478877754595,False,False
2022-12-27 00:00:00+00:00,16.3,18.267222222222223,2.6297575786624723,-0.7480621933306781,False,False
2022-12-28 00:00:00+00:00,15.99,18.27063492063492,2.626630169904701,-0.8682740900359277,False,False
2022-12-29 00:00:00+00:00,16.18,18.274325396825397,2.6227516535740016,-0.7985221909865073,False,False
2022-12-30 00:00:00+00:00,16.25,18.27849206349206,2.618567190547434,-0.7746572518034132,False,False
2023-01-03 00:00:00+00:00,17.26,18.284365079365077,2.612319113174191,-0.3921286163696841,False,False
2023-01-04 00:00:00+00:00,17.35,18.29488095238095,2.602785434422963,-0.36302683267106445,False,False
2023-01-05 00:00:00+00:00,16.78,18.302857142857146,2.596767023729138,-0.5864435002991589,False,False
2023-01-06 00:00:00+00:00,16.44,18.308611111111112,2.5917550960007,-0.7209829022790533,False,False
2023-01-09 00:00:00+00:00,16.92,18.30952380952381,2.5910535189526454,-0.5362775409152803,False,False
2023-01-10 00:00:00+00:00,16.59,18.313690476190473,2.5879572986259163,-0.6660428582440954,False,False
2023-01-11 00:00:00+00:00,16.32,18.319841269841266,2.5819807659818457,-0.7745376325763563,False,False
2023-01-12 00:00:00+00:00,15.95,18.322857142857142,2.579186646290567,-0.9200021046440471,False,False
2023-01-13 00:00:00+00:00,16.37,18.325793650793653,2.5760477629059793,-0.7592225885545564,False,False
2023-01-17 00:00:00+00:00,16.49,18.32996031746032,2.5720126365171128,-0.7153776351394215,False,False
2023-01-18 00:00:00+00:00,16.19,18.335198412698414,2.5668905415131453,-0.8357186946638749,False,False
2023-01-19 00:00:00+00:00,16.71,18.34099206349206,2.5603602927366773,-0.6370166214961683,False,False
2023-01-20 00:00:00+00:00,16.4,18.34742063492063,2.5541914801327428,-0.7624411286578343,False,False
2023-01-23 00:00:00+00:00,16.2,18.35043650793651,2.5514291378276046,-0.8428360702063177,False,False
2023-01-24 00:00:00+00:00,16.17,18.35484126984127,2.5467317495541333,-0.8579000400115863,False,False
2023-01-25 00:00:00+00:00,16.12,18.35869047619048,2.542674242253679,-0.8804472232377797,False,False
2023-01-26 00:00:00+00:00,15.59,18.35797619047619,2.5432800823190354,-1.0883489434448252,False,False
2023-01-27 00:00:00+00:00,15.23,18.354484126984126,2.546484830463269,-1.226979281245396,False,False
2023-01-30 00:00:00+00:00,15.59,18.349761904761902,2.5511854800159073,-1.0817566681763546,False,False
2023-01-31 00:00:00+00:00,15.75,18.34357142857143,2.5559964537088624,-1.014700714787004,False,False
2023-02-01 00:00:00+00:00,15.22,18.33813492063492,2.5600630465755434,-1.217991457204884,False,False
2023-02-02 00:00:00+00:00,15.14,18.332261904761907,2.5655278424558374,-1.2442904933380614,False,False
2023-02-03 00:00:00+00:00,15.06,18.32686507936508,2.5708225104294726,-1.2707470337263111,False,False
2023-02-06 00:00:00+00:00,15.81,18.324484126984125,2.5735786182143605,-0.977038008160311,False,False
2023-02-07 00:00:00+00:00,15.62,18.323690476190478,2.57432594191341,-1.0502518085106647,False,False
2023-02-08 00:00:00+00:00,15.46,18.32404761904762,2.573943036412447,-1.1127082373351656,False,False
2023-02-09 00:00:00+00:00,15.52,18.321309523809525,2.576630546186827,-1.0871987557374891,False,False
2023-02-10 00:00:00+00:00,15.46,18.319960317460318,2.5780131479975683,-1.1093660711861562,False,False
2023-02-13 00:00:00+00:00,15.58,18.319285714285716,2.57874198878755,-1.0622566065919796,False,False
2023-02-14 00:00:00+00:00,14.88,18.31793650793651,2.5800908960363964,-1.3324865853439336,False,False
2023-02-15 00:00:00+00:00,14.9,18.30630952380952,2.5889756068102616,-1.3156978052822415,False,False
2023-02-16 00:00:00+00:00,14.92,18.290238095238095,2.597520259183802,-1.2974828909696736,False,False
2023-02-17 00:00:00+00:00,14.69,18.27920634920635,2.605926773278411,-1.3773243308333323,False,False
2023-02-21 00:00:00+00:00,15.48,18.26579365079365,2.6156879917907623,-1.0650328554234136,False,False
2023-02-22 00:00:00+00:00,15.05,18.248690476190475,2.6197696652631617,-1.2209815689537573,False,False
2023-02-23 00:00:00+00:00,14.84,18.23484126984127,2.6274371298128743,-1.2920732645972195,False,False
2023-02-24 00:00:00+00:00,14.56,18.222579365079365,2.6360616097522778,-1.3894134156536477,False,False
2023-02-27 00:00:00+00:00,14.35,18.21015873015873,2.6459365174520424,-1.4589007350319763,False,False
2023-02-28 00:00:00+00:00,14.17,18.19519841269841,2.6570827621844377,-1.5148938791011608,False,False
2023-03-01 00:00:00+00:00,14.16,18.1784126984127,2.6691177385624703,-1.5055209593627483,False,False
2023-03-02 00:00:00+00:00,13.94,18.15138888888889,2.6752087559673066,-1.5742281343446516,False,False
2023-03-03 00:00:00+00:00,13.93,18.116626984126984,2.6727812281912535,-1.5663934406484115,False,False
2023-03-06 00:00:00+00:00,14.24,18.085198412698414,2.6752700203141533,-1.4373122651174022,False,False
2023-03-07 00:00:00+00:00,14.2,18.050674603174606,2.6684974847217986,-1.4430122663488494,False,False
2023-03-08 00:00:00+00:00,13.79,18.002698412698415,2.628151127110145,-1.602913306332807,False,False
2023-03-09 00:00:00+00:00,14.3,17.93968253968254,2.5360523756038735,-1.4351764083010605,False,False
2023-03-10 00:00:00+00:00,16.57,17.870634920634924,2.3927359345821677,-0.5435764564893565,False,False
2023-03-13 00:00:00+00:00,20.0,17.825238095238095,2.30657045714252,0.9428551805246368,False,False
2023-03-14 00:00:00+00:00,17.95,17.801111111111112,2.251010298975051,0.06614313979668625,False,False
2023-03-15 00:00:00+00:00,19.75,17.77420634920635,2.2079710190570747,0.894845826208998,False,False
2023-03-16 00:00:00+00:00,17.38,17.757023809523808,2.1753100872121696,-0.17331957027193065,False,False
2023-03-17 00:00:00+00:00,22.83,17.731547619047618,2.1415882854036448,2.380687462525706,True,False
2023-03-20 00:00:00+00:00,21.4,17.73281746031746,2.144525783261408,1.7100202610320057,True,True
2023-03-21 00:00:00+00:00,19.14,17.72952380952381,2.1382194093355533,0.6596498864045456,False,True
2023-03-22 00:00:00+00:00,19.22,17.718174603174603,2.122998293511649,0.7074077268056717,False,False
2023-03-23 00:00:00+00:00,20.95,17.707579365079365,2.108709527215794,1.5376326578282788,False,False
2023-03-24 00:00:00+00:00,19.96,17.709047619047617,2.1108452371630224,1.0663749010693298,False,False
2023-03-27 00:00:00+00:00,19.18,17.69535714285714,2.0847494693677224,0.7121444945579634,False,False
2023-03-28 00:00:00+00:00,19.03,17.67595238095238,2.0476052200475956,0.6612835354151645,False,False
2023-03-29 00:00:00+00:00,17.77,17.653531746031746,2.0010102595313364,0.05820472604449925,False,False
2023-03-30 00:00:00+00:00,18.39,17.63198412698413,1.9700423761663106,0.38477135425430053,False,False
2023-03-31 00:00:00+00:00,17.31,17.620515873015872,1.9570907274026474,-0.1586619713987274,False,False
2023-04-03 00:00:00+00:00,18.25,17.605555555555558,1.9449118643908847,0.3313489193230213,False,False
2023-04-04 00:00:00+00:00,19.73,17.597619047619048,1.9381467011488371,1.100216485737113,False,False
2023-04-05 00:00:00+00:00,18.98,17.60019841269841,1.9405583971493885,0.7110332723449441,False,False
2023-04-06 00:00:00+00:00,18.44,17.599246031746034,1.9398190213630986,0.43341876690289105,False,False
2023-04-10 00:00:00+00:00,18.54,17.599126984126983,1.9397662897142316,0.48504452359135847,False,False
2023-04-11 00:00:00+00:00,18.33,17.597777777777775,1.938989916075939,0.37763075307996913,False,False
2023-04-12 00:00:00+00:00,17.69,17.597380952380952,1.9388291445888644,0.04777060829601329,False,False
2023-04-13 00:00:00+00:00,18.48,17.59468253968254,1.9382226575222719,0.4567676767586679,False,False
2023-04-14 00:00:00+00:00,17.16,17.591626984126986,1.9362085933284785,-0.22292380356859623,False,False
2023-04-17 00:00:00+00:00,17.37,17.58285714285714,1.9331240768875986,-0.11011044009127803,False,False
2023-04-18 00:00:00+00:00,17.14,17.577579365079366,1.9318770916552308,-0.22650476418478965,False,False
2023-04-19 00:00:00+00:00,17.21,17.575317460317457,1.9320551106556931,-0.18908231877168155,False,False
2023-04-20 00:00:00+00:00,17.21,17.56793650793651,1.9298738961179214,-0.18547144901877904,False,False
2023-04-21 00:00:00+00:00,16.42,17.56404761904762,1.9296027618245801,-0.5928928179838624,False,False
2023-04-24 00:00:00+00:00,16.88,17.55718253968254,1.9305869920513068,-0.3507651001848996,False,False
2023-04-25 00:00:00+00:00,17.72,17.55186507936508,1.930599501685341,0.08708948722308493,False,False
2023-04-26 00:00:00+00:00,17.74,17.546904761904763,1.9285460800628962,0.10012477279720383,False,False
2023-04-27 00:00:00+00:00,17.28,17.540039682539682,1.9247485473513408,-0.13510319719296476,False,False
2023-04-28 00:00:00+00:00,16.47,17.532301587301585,1.9218449231619208,-0.5527509397344256,False,False
2023-05-01 00:00:00+00:00,16.63,17.521626984126982,1.9202380257261789,-0.46433149025355613,False,False
2023-05-02 00:00:00+00:00,18.69,17.51222222222222,1.9187717638883373,0.6138185895497269,False,False
2023-05-03 00:00:00+00:00,18.7,17.50769841269841,1.914624847611046,0.6227337897496064,False,False
2023-05-04 00:00:00+00:00,20.35,17.502301587301588,1.909311284728087,1.4914793807988025,False,False
2023-05-05 00:00:00+00:00,18.5,17.504841269841272,1.9126822426004422,0.5202948550438422,False,False
2023-05-08 00:00:00+00:00,18.67,17.50361111111111,1.9119390189822598,0.6100554867643062,False,False
2023-05-09 00:00:00+00:00,18.73,17.500873015873015,1.9097627227271134,0.6436019352036622,False,False
2023-05-10 00:00:00+00:00,18.37,17.50095238095238,1.9098135861855439,0.45504316512029985,False,False
2023-05-11 00:00:00+00:00,17.77,17.492539682539686,1.901244480888447,0.1459361593153223,False,False
2023-05-12 00:00:00+00:00,17.37,17.48361111111111,1.894599384630719,-0.05996577008983493,False,False
2023-05-15 00:00:00+00:00,17.52,17.472142857142856,1.8864558591694391,0.025368811374263393,False,False
2023-05-16 00:00:00+00:00,17.62,17.456309523809526,1.869094916850479,0.08757740161548423,False,False
2023-05-17 00:00:00+00:00,16.99,17.442103174603172,1.8540718464028993,-0.24384339554063295,False,False
2023-05-18 00:00:00+00:00,16.95,17.425555555555555,1.8393072295163722,-0.25855145237514127,False,False
2023-05-19 00:00:00+00:00,17.22,17.413253968253965,1.832036869340283,-0.10548585101540944,False,False
2023-05-22 00:00:00+00:00,17.55,17.40345238095238,1.8264062381430588,0.08023823834319464,False,False
2023-05-23 00:00:00+00:00,17.66,17.392738095238098,1.8175389545899256,0.14704603941883715,False,False
2023-05-24 00:00:00+00:00,17.56,17.386190476190475,1.8135722742294171,0.09583821184263272,False,False
2023-05-25 00:00:00+00:00,16.84,17.37797619047619,1.8080482619000067,-0.2975452601640467,False,False
2023-05-26 00:00:00+00:00,16.3,17.36888888888889,1.8049596224297235,-0.5921954572313467,False,False
2023-05-30 00:00:00+00:00,15.88,17.361071428571428,1.8053073710704994,-0.8203984829980454,False,False
2023-05-31 00:00:00+00:00,15.63,17.3534126984127,1.8074878177935452,-0.9534850976293282,False,False
2023-06-01 00:00:00+00:00,15.5,17.345992063492066,1.8107193569348872,-1.0194799411748083,False,False
2023-06-02 00:00:00+00:00,14.32,17.339285714285715,1.8144252340603082,-1.6640452621622652,False,False
2023-06-05 00:00:00+00:00,14.27,17.32888888888889,1.824202373192898,-1.676836371797348,False,False
2023-06-06 00:00:00+00:00,13.94,17.317539682539685,1.8343133528672697,-1.8413100887371032,False,False
2023-06-07 00:00:00+00:00,13.81,17.30734126984127,1.8459285645824712,-1.8946243841415011,False,False
2023-06-08 00:00:00+00:00,13.94,17.295436507936508,1.8587778746230672,-1.8051842308575687,False,False
2023-06-09 00:00:00+00:00,13.69,17.28472222222222,1.8703167600944903,-1.9219857827936124,False,False
2023-06-12 00:00:00+00:00,13.7,17.27539682539683,1.8823673959186238,-1.8994149777291387,False,False
2023-06-13 00:00:00+00:00,13.45,17.26511904761905,1.894798811370876,-2.0134692003837773,False,False
2023-06-14 00:00:00+00:00,12.84,17.24873015873016,1.9098655525685855,-2.3083981764061057,False,False
2023-06-15 00:00:00+00:00,13.0,17.216984126984126,1.9164104767208334,-2.200459754425785,False,False
2023-06-16 00:00:00+00:00,12.4,17.181309523809524,1.9108731320842216,-2.5021595853380747,False,False
2023-06-20 00:00:00+00:00,12.73,17.153531746031746,1.92928196781581,-2.292838382271172,False,False
2023-06-21 00:00:00+00:00,12.98,17.122103174603176,1.9365922603735037,-2.1388617828124037,False,False
2023-06-22 00:00:00+00:00,12.96,17.09313492063492,1.943751889521701,-2.126369596302726,False,False
2023-06-23 00:00:00+00:00,12.73,17.072182539682537,1.9597319716762087,-2.2157022503279142,False,False
2023-06-26 00:00:00+00:00,13.08,17.05011904761905,1.9771873221541745,-2.007963030682164,False,False
2023-06-27 00:00:00+00:00,12.88,17.028015873015875,1.9903210095014912,-2.084093899031299,False,False
2023-06-28 00:00:00+00:00,12.53,17.008015873015875,2.0065782334409015,-2.2316677208926596,False,False
2023-06-29 00:00:00+00:00,12.21,16.986785714285716,2.025528406223193,-2.358291149909137,False,False
2023-06-30 00:00:00+00:00,12.04,16.964007936507937,2.0468158654818467,-2.4056916987736767,False,False
2023-07-03 00:00:00+00:00,12.22,16.940039682539684,2.0689401983228506,-2.2813804315687323,False,False
2023-07-05 00:00:00+00:00,12.46,16.910714285714285,2.083268837552335,-2.1364089960388872,False,False
2023-07-06 00:00:00+00:00,12.25,16.880119047619047,2.0918093889348937,-2.213451699811238,False,False
2023-07-07 00:00:00+00:00,12.12,16.8440873015873,2.0930559541990883,-2.2570286724107107,False,False
2023-07-10 00:00:00+00:00,12.41,16.805238095238096,2.089506018477228,-2.103481902598787,False,False
2023-07-11 00:00:00+00:00,12.64,16.77313492063492,2.094654573556492,-1.9731821049698488,False,False
2023-07-12 00:00:00+00:00,13.12,16.746269841269843,2.104093802965277,-1.723435445776885,False,False
2023-07-13 00:00:00+00:00,12.73,16.720079365079364,2.10800390696131,-1.8928235151286164,False,False
2023-07-14 00:00:00+00:00,12.05,16.692103174603172,2.114005832214213,-2.195880022592476,False,False
2023-07-17 00:00:00+00:00,12.34,16.667063492063495,2.131469226538864,-2.0300849002121857,False,False
2023-07-18 00:00:00+00:00,12.62,16.63825396825397,2.1407129464987356,-1.877063421710074,False,False
2023-07-19 00:00:00+00:00,12.89,16.61186507936508,2.149113060280384,-1.7318144625111105,False,False
2023-07-20 00:00:00+00:00,12.67,16.585952380952385,2.154480064498484,-1.8175858043336937,False,False
2023-07-21 00:00:00+00:00,12.23,16.562301587301587,2.164641119357984,-2.001394849501202,False,False
2023-07-24 00:00:00+00:00,12.35,16.534404761904764,2.1750107484410717,-1.9238547510185482,False,False
2023-07-25 00:00:00+00:00,12.42,16.50916666666667,2.186534419789609,-1.8701588365849433,False,False
2023-07-26 00:00:00+00:00,12.11,16.485833333333332,2.1986876971597877,-1.9902023097622867,False,False
2023-07-27 00:00:00+00:00,12.29,16.46126984126984,2.212870531829864,-1.885004016850701,False,False
2023-07-28 00:00:00+00:00,11.78,16.438373015873015,2.226074415318647,-2.0926402926230128,False,False
2023-07-31 00:00:00+00:00,12.16,16.41611111111111,2.244494982096706,-1.8962444314022227,False,False
2023-08-01 00:00:00+00:00,11.83,16.39753968253968,2.2602798143276055,-2.020785061029466,False,False
2023-08-02 00:00:00+00:00,12.45,16.37904761904762,2.278509308088615,-1.7243939294431057,False,False
2023-08-03 00:00:00+00:00,12.79,16.358928571428574,2.2907456385498937,-1.5579768051802587,False,False
2023-08-04 00:00:00+00:00,12.22,16.34087301587302,2.300891052008663,-1.7909900654685593,False,False
2023-08-07 00:00:00+00:00,12.24,16.322857142857142,2.3153249562032654,-1.7634056644698053,False,False
2023-08-08 00:00:00+00:00,12.21,16.304166666666667,2.3292112826455944,-1.7577480828687975,False,False
2023-08-09 00:00:00+00:00,12.33,16.287658730158732,2.343441061891951,-1.6888236681163042,False,False
2023-08-10 00:00:00+00:00,11.84,16.270079365079365,2.3564633490866735,-1.879969559805117,False,False
2023-08-11 00:00:00+00:00,11.54,16.250833333333333,2.3727694285278784,-1.9853734107894523,False,False
2023-08-14 00:00:00+00:00,11.97,16.232063492063492,2.391253590275366,-1.7823552923856525,False,False
2023-08-15 00:00:00+00:00,12.11,16.216825396825396,2.406142587765642,-1.7068088224310174,False,False
2023-08-16 00:00:00+00:00,12.43,16.204484126984127,2.4192159285418744,-1.5602096871357445,False,False
2023-08-17 00:00:00+00:00,12.89,16.19281746031746,2.4303198513966553,-1.3590052595008835,False,False
2023-08-18 00:00:00+00:00,12.63,16.183373015873016,2.4385308693031114,-1.4571777870864133,False,False
2023-08-21 00:00:00+00:00,12.91,16.172698412698413,2.4481938745386316,-1.332696093487807,False,False
2023-08-22 00:00:00+00:00,12.58,16.16297619047619,2.456285431083507,-1.4586970004115856,False,False
2023-08-23 00:00:00+00:00,12.67,16.149761904761906,2.4665875468655196,-1.410759536665911,False,False
2023-08-24 00:00:00+00:00,12.53,16.134285714285713,2.4761567150333983,-1.4555967691395089,False,False
2023-08-25 00:00:00+00:00,12.09,16.121309523809522,2.4864622044688085,-1.6213033588703774,False,False
2023-08-28 00:00:00+00:00,12.21,16.106190476190477,2.499363219983695,-1.558873254210684,False,False
2023-08-29 00:00:00+00:00,12.5,16.09285714285714,2.5111694255651726,-1.4307505922458899,False,False
2023-08-30 00:00:00+00:00,12.39,16.08126984126984,2.5210041900201388,-1.4642061508197464,False,False
2023-08-31 00:00:00+00:00,11.78,16.06686507936508,2.5317036949955445,-1.6932728296123236,False,False
2023-09-01 00:00:00+00:00,11.28,16.048055555555557,2.545892048692329,-1.8728427853037286,False,False
2023-09-05 00:00:00+00:00,11.36,16.025277777777777,2.5627830369822484,-1.8203951370270026,False,False
2023-09-06 00:00:00+00:00,11.31,15.999722222222221,2.5770846437743984,-1.8197781099473913,False,False
2023-09-07 00:00:00+00:00,11.11,15.977619047619049,2.593339746648787,-1.87696928407054,False,False
2023-09-08 00:00:00+00:00,10.99,15.951547619047618,2.6091338921271174,-1.9016071325502872,False,False
2023-09-11 00:00:00+00:00,10.75,15.92861111111111,2.6272529803323454,-1.9711124698985096,False,False
2023-09-12 00:00:00+00:00,10.82,15.906190476190474,2.6472462899680993,-1.9213136667581334,False,False
2023-09-13 00:00:00+00:00,10.33,15.885992063492063,2.666564894128475,-2.083576542887006,False,False
2023-09-14 00:00:00+00:00,10.22,15.864325396825397,2.689432014946289,-2.0987053643511118,False,False
2023-09-15 00:00:00+00:00,10.34,15.837698412698414,2.7119613057384235,-2.0272038546661633,False,False
2023-09-18 00:00:00+00:00,11.1,15.810595238095239,2.7326437520020788,-1.7238233979983701,False,False
2023-09-19 00:00:00+00:00,11.09,15.776626984126985,2.737800781515929,-1.7118217716089572,False,False
2023-09-20 00:00:00+00:00,10.96,15.747976190476189,2.7489392868192577,-1.741754069809326,False,False
2023-09-21 00:00:00+00:00,11.11,15.718571428571428,2.7603880477499474,-1.6695375247432969,False,False
2023-09-22 00:00:00+00:00,10.87,15.688888888888888,2.769589473576766,-1.7399289442942496,False,False
2023-09-25 00:00:00+00:00,11.43,15.658690476190475,2.780501737417494,-1.5208371997343355,False,False
2023-09-26 00:00:00+00:00,13.63,15.632896825396825,2.7894822273824516,-0.7180174176181326,False,False
2023-09-27 00:00:00+00:00,13.86,15.609920634920634,2.781999910074124,-0.6290153456094143,False,False
2023-09-28 00:00:00+00:00,13.09,15.58452380952381,2.7685605756034444,-0.9010183239281648,False,False
2023-09-29 00:00:00+00:00,12.94,15.560039682539683,2.763203940058627,-0.9481890368483241,False,False
2023-10-02 00:00:00+00:00,14.13,15.534920634920633,2.758110891695162,-0.5093778640847737,False,False
2023-10-03 00:00:00+00:00,15.31,15.512500000000001,2.746404766859126,-0.07373275871188713,False,False
2023-10-04 00:00:00+00:00,14.58,15.495793650793651,2.7347098590211516,-0.33487781081150797,False,False
2023-10-05 00:00:00+00:00,14.7,15.473134920634923,2.7184356758173984,-0.2844043460408354,False,False
2023-10-06 00:00:00+00:00,14.03,15.453888888888889,2.7066000112819584,-0.5260802789306412,False,False
2023-10-09 00:00:00+00:00,15.18,15.43142857142857,2.6947656845223946,-0.09330257278867372,False,False
2023-10-10 00:00:00+00:00,14.49,15.413611111111111,2.681439832859725,-0.34444595765033076,False,False
2023-10-11 00:00:00+00:00,14.38,15.393095238095238,2.6685681029303807,-0.3796400163004076,False,False
2023-10-12 00:00:00+00:00,13.98,15.368650793650794,2.6493781434314,-0.5241421641126139,False,False
2023-10-13 00:00:00+00:00,18.91,15.342420634920634,2.630129458747595,1.356427286578571,False,False
2023-10-16 00:00:00+00:00,16.22,15.336507936507935,2.6203711052102214,0.33716295441335387,False,False
2023-10-17 00:00:00+00:00,16.59,15.32123015873016,2.603834376599315,0.4872697943741304,False,False
2023-10-18 00:00:00+00:00,17.38,15.307420634920634,2.5877271045033856,0.8009265588602771,False,False
2023-10-19 00:00:00+00:00,19.4,15.29718253968254,2.5743152879176394,1.5937509595556272,False,False
2023-10-20 00:00:00+00:00,18.56,15.298015873015872,2.5756141169493003,1.2664879049691653,False,False
2023-10-23 00:00:00+00:00,17.28,15.294642857142858,2.570759625329424,0.7722842397615197,False,False
2023-10-24 00:00:00+00:00,16.05,15.286904761904763,2.561785969483706,0.29787626569327696,False,False
2023-10-25 00:00:00+00:00,16.76,15.274999999999999,2.551177604816047,0.5820841313425841,False,False
2023-10-26 00:00:00+00:00,16.53,15.263809523809524,2.538371613777276,0.49881997943803685,False,False
2023-10-27 00:00:00+00:00,17.69,15.252698412698413,2.526602812716071,0.9646556138681391,False,False
2023-10-30 00:00:00+00:00,16.84,15.248809523809523,2.522072159854021,0.630906007178865,False,False
2023-10-31 00:00:00+00:00,16.23,15.24218253968254,2.5156548097712443,0.3926681261994309,False,False
2023-11-01 00:00:00+00:00,15.36,15.235119047619047,2.510345682159875,0.0497465162939256,False,False
2023-11-02 00:00:00+00:00,14.76,15.223571428571429,2.5030118795126426,-0.18520544483460072,False,False
2023-11-03 00:00:00+00:00,14.04,15.208928571428572,2.4948418585674514,-0.468538142974632,False,False
2023-11-06 00:00:00+00:00,13.25,15.193849206349206,2.4903557132997083,-0.7805508249155364,False,False
2023-11-07 00:00:00+00:00,13.33,15.174880952380951,2.486869018595846,-0.7418488623991225,False,False
2023-11-08 00:00:00+00:00,14.07,15.156230158730159,2.4829924423421925,-0.4374681695388181,False,False
2023-11-09 00:00:00+00:00,14.06,15.140158730158731,2.4768320867309352,-0.4361049487147052,False,False
2023-11-10 00:00:00+00:00,13.96,15.120912698412697,2.4662427591236677,-0.4707211786503955,False,False
2023-11-13 00:00:00+00:00,13.92,15.101269841269842,2.4556334076714026,-0.4810448650761766,False,False
2023-11-14 00:00:00+00:00,13.73,15.086309523809524,2.4512794186456275,-0.5533067807336737,False,False
2023-11-15 00:00:00+00:00,12.98,15.071071428571427,2.447711192630211,-0.8542966322446098,False,False
2023-11-16 00:00:00+00:00,13.04,15.053492063492063,2.446754030708752,-0.8229237750182905,False,False
2023-11-17 00:00:00+00:00,12.97,15.034920634920635,2.4441937854042037,-0.8448268902619569,False,False
2023-11-20 00:00:00+00:00,12.59,15.018015873015873,2.4436831387509583,-0.9935886672512324,False,False
2023-11-21 00:00:00+00:00,14.09,15.001428571428573,2.445929121171366,-0.3726308189143624,False,False
2023-11-22 00:00:00+00:00,13.35,14.991825396825398,2.444732984154864,-0.6715765719473743,False,False
2023-11-24 00:00:00+00:00,13.05,14.978611111111112,2.4445713609955666,-0.7889363108326987,False,False
2023-11-27 00:00:00+00:00,13.31,14.966626984126984,2.446601377125416,-0.677113566441871,False,False
2023-11-28 00:00:00+00:00,15.54,14.956587301587303,2.4481936304363634,0.2383033315500902,False,False
2023-11-29 00:00:00+00:00,15.04,14.957817460317461,2.44840943540075,0.0335656849276464,False,False
2023-11-30 00:00:00+00:00,14.22,14.954920634920637,2.447876466830689,-0.3002278280293087,False,False
2023-12-01 00:00:00+00:00,16.96,14.949007936507936,2.447844854196401,0.8215357521717813,False,False
2023-12-04 00:00:00+00:00,17.13,14.955,2.4509223404109024,0.88742101866653,False,False
2023-12-05 00:00:00+00:00,15.46,14.959801587301587,2.45400371300125,0.20382952562311732,False,False
2023-12-06 00:00:00+00:00,15.4,14.959960317460318,2.454034891645837,0.17931272454099567,False,False
2023-12-07 00:00:00+00:00,14.93,14.958333333333334,2.453604958186385,-0.011547634528044472,False,False
2023-12-08 00:00:00+00:00,14.14,14.953333333333335,2.4523685599405765,-0.33165216135091957,False,False
2023-12-11 00:00:00+00:00,13.99,14.943769841269841,2.4508158806162097,-0.38916421621604397,False,False
2023-12-12 00:00:00+00:00,12.82,14.934007936507937,2.449691461167507,-0.862969059581248,False,False
2023-12-13 00:00:00+00:00,13.67,14.920357142857142,2.451856657139663,-0.5099633941552723,False,False
2023-12-14 00:00:00+00:00,13.96,14.913055555555554,2.4528332647756312,-0.38855293151886205,False,False
2023-12-15 00:00:00+00:00,13.49,14.910079365079365,2.453535540207782,-0.5787889931926983,False,False
2023-12-18 00:00:00+00:00,13.79,14.90781746031746,2.454584863272976,-0.4553998018332715,False,False
2023-12-19 00:00:00+00:00,13.75,14.905436507936509,2.455380020233449,-0.4705733932895055,False,False
2023-12-20 00:00:00+00:00,13.82,14.90388888888889,2.455987227675601,-0.4413251325882119,False,False
2023-12-21 00:00:00+00:00,14.27,14.901230158730158,2.456799588434595,-0.25693188882873463,False,False
2023-12-22 00:00:00+00:00,15.25,14.898214285714285,2.457107339900977,0.14317067413908413,False,False
2023-12-26 00:00:00+00:00,15.83,14.900079365079364,2.4571956275888933,0.3784479446730558,False,False
2023-12-27 00:00:00+00:00,16.96,14.903849206349209,2.4578933472090485,0.8365500463987026,False,False
2023-12-28 00:00:00+00:00,16.05,14.91218253968254,2.4613016829545282,0.4622828108383825,False,False
2023-12-29 00:00:00+00:00,15.85,14.911190476190475,2.460790404275348,0.3815073084560343,False,False
2024-01-02 00:00:00+00:00,15.73,14.910634920634921,2.4605616713864666,0.33299920456916937,False,False
2024-01-03 00:00:00+00:00,14.85,14.908849206349206,2.4597999515960702,-0.023924387148240057,False,False
2024-01-04 00:00:00+00:00,14.2,14.90329365079365,2.4583393856300146,-0.28608484853827976,False,False
2024-01-05 00:00:00+00:00,13.81,14.891150793650795,2.4542060540339494,-0.44052975579361775,False,False
2024-01-08 00:00:00+00:00,13.56,14.877103174603175,2.4502038172945637,-0.5375484134448362,False,False
2024-01-09 00:00:00+00:00,13.16,14.864325396825397,2.4486363269833884,-0.6960304305070283,False,False
2024-01-10 00:00:00+00:00,13.26,14.851309523809523,2.4489448641482654,-0.64979393660746,False,False
2024-01-11 00:00:00+00:00,12.8,14.836785714285714,2.4474799596936485,-0.8321970957182662,False,False
2024-01-12 00:00:00+00:00,13.49,14.821746031746033,2.448308165955083,-0.5439454274035472,False,False
2024-01-16 00:00:00+00:00,13.55,14.810515873015873,2.447898873761236,-0.5149378867432827,False,False
2024-01-17 00:00:00+00:00,13.53,14.800992063492066,2.448116644996031,-0.5191713663194863,False,False
2024-01-18 00:00:00+00:00,13.09,14.78972222222222,2.447401810031076,-0.6945006803768925,False,False
2024-01-19 00:00:00+00:00,12.95,14.77623015873016,2.447362934521611,-0.746203243078508,False,False
2024-01-22 00:00:00+00:00,12.83,14.763373015873016,2.4484165408516794,-0.7896421967483092,False,False
2024-01-23 00:00:00+00:00,12.73,14.747976190476189,2.4483260952646178,-0.8242268848006881,False,False
2024-01-24 00:00:00+00:00,12.7,14.733412698412698,2.44937512567847,-0.830176103731538,False,False
2024-01-25 00:00:00+00:00,12.79,14.71952380952381,2.4509485462415173,-0.787255943207253,False,False
2024-01-26 00:00:00+00:00,11.91,14.706111111111111,2.4522273710320435,-1.1402332198642497,False,False
2024-01-29 00:00:00+00:00,13.08,14.689404761904761,2.45689290606039,-0.6550569452721609,False,False
2024-01-30 00:00:00+00:00,13.05,14.679444444444444,2.458314716205669,-0.6628298784133869,False,False
2024-01-31 00:00:00+00:00,13.16,14.67079365079365,2.4602045725759867,-0.6140926927925164,False,False
2024-02-01 00:00:00+00:00,13.72,14.661150793650792,2.461349325688497,-0.382371890015055,False,False
2024-02-02 00:00:00+00:00,12.66,14.653095238095238,2.461093419514779,-0.8098413584349797,False,False
2024-02-05 00:00:00+00:00,12.49,14.642936507936508,2.464025814612404,-0.8737475456502749,False,False
2024-02-06 00:00:00+00:00,12.31,14.632420634920635,2.4675482802953534,-0.941185489040422,False,False
2024-02-07 00:00:00+00:00,11.84,14.621507936507937,2.471727162788716,-1.1253296797409116,False,False
2024-02-08 00:00:00+00:00,11.71,14.60575396825397,2.476768519218756,-1.1691661718824546,False,False
2024-02-09 00:00:00+00:00,11.2,14.590238095238094,2.4826296828742103,-1.3655834853763291,False,False
2024-02-12 00:00:00+00:00,11.81,14.573333333333334,2.491172622653172,-1.1092500408062058,False,False
2024-02-13 00:00:00+00:00,12.15,14.55861111111111,2.4965126384897607,-0.9647902734304499,False,False
2024-02-14 00:00:00+00:00,12.02,14.54547619047619,2.5004556101628954,-1.0100064085167524,False,False
2024-02-15 00:00:00+00:00,11.79,14.531349206349207,2.504640586433636,-1.0945080189140517,False,False
2024-02-16 00:00:00+00:00,11.75,14.519087301587302,2.5104839060522526,-1.103009381940912,False,False
2024-02-20 00:00:00+00:00,11.81,14.506587301587302,2.516414847670245,-1.0715988677637414,False,False
2024-02-21 00:00:00+00:00,11.46,14.494246031746032,2.521999267597273,-1.2031113849754522,False,False
2024-02-22 00:00:00+00:00,11.19,14.481428571428571,2.529198009758622,-1.3013724345539457,False,False
2024-02-23 00:00:00+00:00,11.5,14.464404761904763,2.5368760871848504,-1.16852564336098,False,False
2024-02-26 00:00:00+00:00,11.29,14.45031746031746,2.543459367905853,-1.2425272053469036,False,False
2024-02-27 00:00:00+00:00,10.95,14.43623015873016,2.5511120289525118,-1.3665531419886758,False,False
2024-02-28 00:00:00+00:00,10.93,14.421904761904763,2.560532568572085,-1.3637415921845002,False,False
2024-02-29 00:00:00+00:00,11.16,14.408333333333331,2.5699612442238964,-1.2639619918915534,False,False
2024-03-01 00:00:00+00:00,13.47,14.39638888888889,2.578055425403,-0.3593362965592861,False,False
2024-03-04 00:00:00+00:00,14.61,14.393650793650792,2.578673831673718,0.08389940739763246,False,False
2024-03-05 00:00:00+00:00,14.54,14.396309523809524,2.5785496308262363,0.05572530948121896,False,False
2024-03-06 00:00:00+00:00,15.17,14.398730158730158,2.5783964515871163,0.2991277159085024,False,False
2024-03-07 00:00:00+00:00,15.09,14.402420634920636,2.5788338754217555,0.26662414032657045,False,False
2024-03-08 00:00:00+00:00,15.47,14.40595238095238,2.579164965263409,0.4125550840595223,False,False
2024-03-11 00:00:00+00:00,15.5,14.412619047619048,2.579737680407741,0.42150834196796555,False,False
2024-03-12 00:00:00+00:00,14.1,14.417380952380952,2.580636345926081,-0.12298553916051981,False,False
2024-03-13 00:00:00+00:00,14.09,14.407579365079366,2.5771161369479665,-0.12323052132818112,False,False
2024-03-14 00:00:00+00:00,13.3,14.384126984126985,2.5527974717979576,-0.42468194053930325,False,False
2024-03-15 00:00:00+00:00,13.54,14.365674603174602,2.543709204136567,-0.32459473033784486,False,False
2024-03-18 00:00:00+00:00,13.83,14.341031746031744,2.521321296989654,-0.20268410322868935,False,False
2024-03-19 00:00:00+00:00,13.48,14.326944444444445,2.514181408781775,-0.33686687901125806,False,False
2024-03-20 00:00:00+00:00,13.62,14.28984126984127,2.4565276838572405,-0.27267808714025404,False,False
2024-03-21 00:00:00+00:00,13.42,14.258968253968256,2.4153565240830335,-0.3473475843433763,False,False
2024-03-22 00:00:00+00:00,12.53,14.236269841269841,2.396104319715526,-0.7121016506795567,False,False
2024-03-25 00:00:00+00:00,12.09,14.209722222222222,2.377657021224879,-0.8915172387353923,False,False
2024-03-26 00:00:00+00:00,12.57,14.174563492063493,2.3428426666963778,-0.6848788930099493,False,False
2024-03-27 00:00:00+00:00,13.58,14.145238095238097,2.3162370617775263,-0.2440329207081776,False,False
2024-03-28 00:00:00+00:00,15.44,14.123015873015873,2.2945020968081624,0.5739738171589197,False,False
2024-04-01 00:00:00+00:00,16.25,14.108769841269842,2.2749760461510316,0.9412099799260945,False,False
2024-04-02 00:00:00+00:00,17.13,14.102738095238097,2.267232030151087,1.3352236844325842,False,False
2024-04-03 00:00:00+00:00,17.49,14.097738095238094,2.259114351299685,1.5015892855579933,False,False
2024-04-04 00:00:00+00:00,17.29,14.09845238095238,2.2601622622959407,1.4120878276259459,False,False
2024-04-05 00:00:00+00:00,16.92,14.094642857142857,2.253937385217852,1.2535206884569525,False,False
2024-04-08 00:00:00+00:00,18.17,14.083492063492063,2.2327985467870617,1.8302179309406648,False,False
2024-04-09 00:00:00+00:00,18.3,14.080277777777777,2.2262951202328893,1.8954011010816953,False,False
2024-04-10 00:00:00+00:00,18.67,14.079722222222221,2.225220057657727,2.0628421723869956,True,False
2024-04-11 00:00:00+00:00,18.97,14.080238095238094,2.226273023811541,2.196389145653967,True,True
2024-04-12 00:00:00+00:00,20.21,14.082777777777777,2.231499286569107,2.7457872198752646,True,True
2024-04-15 00:00:00+00:00,22.25,14.092777777777776,2.2532689449926737,3.6201724788998706,True,True
2024-04-16 00:00:00+00:00,20.56,14.107738095238094,2.294648729477004,2.811873478444129,True,True
2024-04-17 00:00:00+00:00,19.01,14.12123015873016,2.322493609965355,2.104965895403591,True,True
2024-04-18 00:00:00+00:00,18.65,14.127738095238096,2.3339030888929,1.9376391103312962,True,True
2024-04-19 00:00:00+00:00,18.51,14.13373015873016,2.3435858839439914,1.8673392220237615,True,True
2024-04-22 00:00:00+00:00,17.76,14.13888888888889,2.3518007755767907,1.539718478161917,True,True
2024-04-23 00:00:00+00:00,17.73,14.14107142857143,2.3549153567606558,1.5240159528983597,True,True
2024-04-24 00:00:00+00:00,17.45,14.146269841269842,2.361403031566881,1.3990539160687057,True,True
2024-04-25 00:00:00+00:00,17.32,14.148531746031745,2.3643032183185757,1.3413965811981223,True,True
2024-04-26 00:00:00+00:00,16.92,14.146944444444445,2.3620290986854493,1.174014137716956,True,True
2024-04-29 00:00:00+00:00,16.92,14.143690476190477,2.357620236321739,1.1775897920442895,True,True
2024-04-30 00:00:00+00:00,16.54,14.142261904761906,2.355820638193799,1.017793144505446,True,True
2024-05-01 00:00:00+00:00,16.25,14.142539682539683,2.356100308509322,0.894469692079317,False,True
2024-05-02 00:00:00+00:00,16.05,14.141031746031747,2.354623096649458,0.8107319836812295,False,False
2024-05-03 00:00:00+00:00,15.83,14.130555555555556,2.3401315404018233,0.7262174861130382,False,False
2024-05-06 00:00:00+00:00,16.23,14.119166666666665,2.3247376795854873,0.9079877492714395,False,False
2024-05-07 00:00:00+00:00,15.75,14.10281746031746,2.295041163605172,0.7177137237464875,False,False
2024-05-08 00:00:00+00:00,15.29,14.091904761904761,2.2805418781127194,0.5253555085279694,False,False
2024-05-09 00:00:00+00:00,16.27,14.078492063492062,2.263384120565408,0.968243930226251,False,False
2024-05-10 00:00:00+00:00,16.2,14.068730158730158,2.248498386618216,0.9478636293243291,False,False
2024-05-13 00:00:00+00:00,16.52,14.060119047619049,2.2360810699767346,1.1000857640669284,False,False
2024-05-14 00:00:00+00:00,16.61,14.05515873015873,2.2291944605242255,1.1460827285747262,False,False
2024-05-15 00:00:00+00:00,16.99,14.052142857142858,2.2252024777893755,1.3202650869667154,False,False
2024-05-16 00:00:00+00:00,16.26,14.050039682539683,2.2221601238319773,0.994509933716828,False,False
2024-05-17 00:00:00+00:00,17.4,14.044642857142858,2.2150956809864706,1.5147684913379753,False,False
2024-05-20 00:00:00+00:00,17.58,14.04626984126984,2.2174170157452013,1.5936245341486148,False,False
2024-05-21 00:00:00+00:00,16.76,14.048769841269841,2.221055991131304,1.22069419661464,False,False
2024-05-22 00:00:00+00:00,16.45,14.046944444444444,2.218627000156996,1.0831273374864314,False,False
2024-05-23 00:00:00+00:00,16.03,14.042579365079366,2.2127817968631076,0.8981548193039415,False,False
2024-05-24 00:00:00+00:00,15.26,14.036111111111111,2.204532445292247,0.5551693700414746,False,False
2024-05-28 00:00:00+00:00,15.92,14.026984126984127,2.1946239165755146,0.8625695996103652,False,False
2024-05-29 00:00:00+00:00,15.83,14.023333333333332,2.190687461456997,0.824703066253494,False,False
2024-05-30 00:00:00+00:00,15.74,14.021468253968255,2.1889408349857007,0.7850973943948428,False,False
2024-05-31 00:00:00+00:00,15.26,14.020912698412697,2.188484976950982,0.5661849702590193,False,False
2024-06-03 00:00:00+00:00,16.0,14.019444444444444,2.187525045704982,0.9053864592061276,False,False
2024-06-04 00:00:00+00:00,16.22,14.021428571428572,2.189099476220764,1.0043268715988252,False,False
2024-06-05 00:00:00+00:00,16.5,14.028968253968255,2.1933996714028496,1.126576144898995,False,False
2024-06-06 00:00:00+00:00,16.85,14.037817460317461,2.198867600270345,1.2789230872003343,False,False
2024-06-07 00:00:00+00:00,17.13,14.04936507936508,2.2059814543515692,1.396491758603858,False,False
2024-06-10 00:00:00+00:00,16.66,14.062539682539683,2.214443869644368,1.172962816112138,False,False
2024-06-11 00:00:00+00:00,16.45,14.073333333333334,2.220464938212877,1.070346406180818,False,False
2024-06-12 00:00:00+00:00,15.92,14.084285714285715,2.225368022232913,0.8249036866595878,False,False
2024-06-13 00:00:00+00:00,15.71,14.093095238095238,2.2282329891287906,0.7256443871863468,False,False
2024-06-14 00:00:00+00:00,16.07,14.102063492063492,2.230181532803892,0.8824109064620959,False,False
2024-06-17 00:00:00+00:00,15.63,14.114880952380952,2.2321801613274497,0.6787619896765081,False,False
2024-06-18 00:00:00+00:00,15.64,14.12531746031746,2.2330948586706887,0.6782884899856862,False,False
2024-06-20 00:00:00+00:00,16.4,14.138174603174601,2.2324488192002296,1.0131589030720498,False,False
2024-06-21 00:00:00+00:00,15.86,14.152738095238096,2.235194948327568,0.7638089492101447,False,False
2024-06-24 00:00:00+00:00,15.49,14.164166666666668,2.2365371684763367,0.5928063043265089,False,False
2024-06-25 00:00:00+00:00,14.88,14.174206349206349,2.236788695965229,0.3155388133294748,False,False
2024-06-26 00:00:00+00:00,14.88,14.182738095238095,2.2353580341176715,0.3119240381718649,False,False
2024-06-27 00:00:00+00:00,15.01,14.189880952380953,2.2346960687386104,0.36699355187122534,False,False
2024-06-28 00:00:00+00:00,14.72,14.198333333333334,2.2337499066409348,0.23353852869372366,False,False
2024-07-01 00:00:00+00:00,14.86,14.20702380952381,2.2314923345760214,0.2926186123781842,False,False
2024-07-02 00:00:00+00:00,14.35,14.217539682539682,2.2282856349510136,0.05944494520031746,False,False
2024-07-03 00:00:00+00:00,14.89,14.22670634920635,2.2240394016382146,0.29823826426144834,False,False
2024-07-05 00:00:00+00:00,15.62,14.237301587301587,2.2207989706511797,0.6226130464627236,False,False
2024-07-08 00:00:00+00:00,15.13,14.24984126984127,2.219644630444565,0.3965313717729885,False,False
2024-07-09 00:00:00+00:00,14.64,14.261269841269842,2.2167191521267675,0.17085166533920051,False,False
2024-07-10 00:00:00+00:00,14.89,14.271269841269842,2.2127014673175776,0.27962658671720214,False,False
2024-07-11 00:00:00+00:00,15.74,14.28111111111111,2.2099035410877037,0.6601595326512901,False,False
2024-07-12 00:00:00+00:00,15.12,14.293412698412698,2.209359901784919,0.37412976533135667,False,False
2024-07-15 00:00:00+00:00,15.98,14.301349206349206,2.2087200790343067,0.760010654851624,False,False
2024-07-16 00:00:00+00:00,17.15,14.314246031746032,2.208996776807159,1.2837293372391019,False,False
2024-07-17 00:00:00+00:00,16.7,14.334484126984126,2.2115306600417917,1.0696283419245798,False,False
2024-07-18 00:00:00+00:00,16.25,14.351785714285715,2.212919414793246,0.8577873523205708,False,False
2024-07-19 00:00:00+00:00,16.34,14.366190476190475,2.2134161216810937,0.8917480560819322,False,False
2024-07-22 00:00:00+00:00,15.74,14.379880952380953,2.2149181780761276,0.6140719151984402,False,False
2024-07-23 00:00:00+00:00,15.44,14.39206349206349,2.2139185996043054,0.4733401255691185,False,False
2024-07-24 00:00:00+00:00,15.98,14.404801587301586,2.2106614990234212,0.7125461828481077,False,False
2024-07-25 00:00:00+00:00,15.54,14.419206349206348,2.2090450076213153,0.5073656928341691,False,False
2024-07-26 00:00:00+00:00,15.2,14.431587301587301,2.206537339858264,0.3482436868537455,False,False
2024-07-29 00:00:00+00:00,15.64,14.443849206349206,2.202166052727248,0.54317011751654,False,False
2024-07-30 00:00:00+00:00,16.3,14.457142857142857,2.1992216504838313,0.8379588034938237,False,False
2024-07-31 00:00:00+00:00,17.88,14.475079365079367,2.195729736862329,1.550701153132909,False,False
2024-08-01 00:00:00+00:00,17.61,14.497777777777776,2.2012605547962516,1.4138363654593769,False,False
2024-08-02 00:00:00+00:00,18.7,14.520714285714284,2.203464197086715,1.8966887321388342,False,False
2024-08-05 00:00:00+00:00,21.95,14.545515873015875,2.2152068000703253,3.3425701504478305,True,False
2024-08-06 00:00:00+00:00,19.1,14.58186507936508,2.2609662139819373,1.9983204050969583,True,True
2024-08-07 00:00:00+00:00,18.12,14.609166666666665,2.2738346474588162,1.5440143535753403,True,True
2024-08-08 00:00:00+00:00,18.45,14.6325,2.2795882106991745,1.6746445617163155,True,True
2024-08-09 00:00:00+00:00,17.8,14.657261904761905,2.2870477243998457,1.374146268007064,True,True
2024-08-12 00:00:00+00:00,20.61,14.678968253968254,2.290826441232254,2.5890358340902493,True,True
2024-08-13 00:00:00+00:00,19.18,14.71376984126984,2.3140240373904497,1.9300707713333765,True,True
2024-08-14 00:00:00+00:00,18.49,14.744087301587301,2.3223101992780566,1.6130113451584547,True,True
2024-08-15 00:00:00+00:00,18.16,14.769960317460319,2.327594640646893,1.456456215931787,True,True
2024-08-16 00:00:00+00:00,20.09,14.793968253968254,2.3312476625890555,2.2717585227088386,True,True
2024-08-19 00:00:00+00:00,18.77,14.82436507936508,2.3501635091143385,1.6788767697792382,True,True
2024-08-20 00:00:00+00:00,18.47,14.847698412698412,2.3600505304531953,1.5348406911465597,True,True
2024-08-21 00:00:00+00:00,18.63,14.870873015873016,2.3668502511356624,1.5882403131855418,True,True
2024-08-22 00:00:00+00:00,17.89,14.893571428571429,2.375382699897718,1.2614508691831408,True,True
2024-08-23 00:00:00+00:00,17.49,14.914642857142857,2.378327836576731,1.0828436278843738,True,True
2024-08-26 00:00:00+00:00,17.9,14.933769841269841,2.379585419255457,1.2465323306856764,True,True
2024-08-27 00:00:00+00:00,17.69,14.955079365079365,2.3820168715074916,1.148153343342948,True,True
2024-08-28 00:00:00+00:00,17.18,14.977301587301588,2.3813031394072004,0.9249970641061473,False,True
2024-08-29 00:00:00+00:00,17.22,14.99702380952381,2.378872534057998,0.9344662896603906,False,False
2024-08-30 00:00:00+00:00,16.4,15.015753968253968,2.3777150610068705,0.5821749016300785,False,False
2024-09-03 00:00:00+00:00,16.55,15.031666666666666,2.373486936775503,0.6397057888997963,False,False
2024-09-04 00:00:00+00:00,16.19,15.050595238095237,2.366461552979545,0.4814803606127349,False,False
2024-09-05 00:00:00+00:00,16.48,15.070079365079366,2.3554805114649895,0.5985702823937761,False,False
2024-09-06 00:00:00+00:00,16.49,15.090396825396827,2.3454113548748077,0.5967410244237856,False,False
2024-09-09 00:00:00+00:00,16.16,15.110952380952382,2.3348226268645664,0.44930505939818843,False,False
2024-09-10 00:00:00+00:00,16.08,15.130992063492062,2.321982471412407,0.40870590032089127,False,False
2024-09-11 00:00:00+00:00,15.52,15.151190476190477,2.3079131523852685,0.1598021673512071,False,False
2024-09-12 00:00:00+00:00,16.74,15.17011904761905,2.2911726467739473,0.6851866683165047,False,False
2024-09-13 00:00:00+00:00,16.88,15.19361111111111,2.2766959125983295,0.7407176687747729,False,False
2024-09-16 00:00:00+00:00,17.03,15.219603174603176,2.2582635859384736,0.801676490144738,False,False
2024-09-17 00:00:00+00:00,17.49,15.246626984126983,2.2388598344498787,1.0020158392024774,False,False
2024-09-18 00:00:00+00:00,17.13,15.275,2.221670435035879,0.8349573234384969,False,False
2024-09-19 00:00:00+00:00,16.76,15.29892857142857,2.208961114649412,0.6614292206783913,False,False
2024-09-20 00:00:00+00:00,17.08,15.321428571428571,2.1947500612897097,0.8012627312733873,False,False
2024-09-23 00:00:00+00:00,17.72,15.345714285714285,2.18010816229773,1.0890678523873465,False,False
2024-09-24 00:00:00+00:00,19.26,15.371944444444445,2.168677188035471,1.792823559451746,False,False
2024-09-25 00:00:00+00:00,19.13,15.405238095238095,2.1636838566507794,1.7214908237692155,False,False
2024-09-26 00:00:00+00:00,18.82,15.435793650793652,2.1616906667985236,1.565536827810048,False,False
2024-09-27 00:00:00+00:00,18.59,15.45638888888889,2.1691283926087106,1.4446406776974876,False,False
2024-09-30 00:00:00+00:00,18.08,15.475158730158729,2.175714283638191,1.1972349905638806,False,False
2024-10-01 00:00:00+00:00,18.57,15.494960317460318,2.1766272930663155,1.4127543527250968,False,False
2024-10-02 00:00:00+00:00,18.07,15.517301587301588,2.179190394896419,1.1713976065041103,False,False
2024-10-03 00:00:00+00:00,18.28,15.532936507936508,2.1833274680190025,1.2582003992996913,False,False
2024-10-04 00:00:00+00:00,17.48,15.544722222222223,2.1901247763719076,0.8836381372680046,False,False
2024-10-07 00:00:00+00:00,17.71,15.556230158730157,2.192652997156551,0.9822666167710389,False,False
2024-10-08 00:00:00+00:00,17.64,15.568174603174603,2.1961657644654218,0.943382976981116,False,False
2024-10-09 00:00:00+00:00,17.62,15.582500000000001,2.197865611681511,0.9270357519453516,False,False
2024-10-10 00:00:00+00:00,17.27,15.59218253968254,2.201457050643862,0.7621395383692574,False,False
2024-10-11 00:00:00+00:00,17.27,15.603214285714287,2.2028768734625035,0.7566404343179844,False,False
2024-10-14 00:00:00+00:00,17.47,15.61468253968254,2.204005837443936,0.8417933513593303,False,False
2024-10-15 00:00:00+00:00,17.38,15.628531746031745,2.204658014102807,0.7944398826323271,False,False
2024-10-16 00:00:00+00:00,17.31,15.622460317460318,2.197680844444149,0.7678729542580619,False,False
2024-10-17 00:00:00+00:00,17.57,15.626785714285713,2.1999330815869467,0.8833060887072653,False,False
2024-10-18 00:00:00+00:00,17.77,15.630674603174604,2.2025072505024754,0.9713136682466466,False,False
2024-10-21 00:00:00+00:00,18.19,15.632222222222223,2.2038779255167693,1.160580514992919,False,False
2024-10-22 00:00:00+00:00,18.73,15.627420634920636,2.1969435699291817,1.412225333206613,False,False
2024-10-23 00:00:00+00:00,18.98,15.62809523809524,2.1978735519261146,1.5250671536437148,False,False
2024-10-24 00:00:00+00:00,18.66,15.634841269841269,2.205559521615731,1.3716060258226832,False,False
2024-10-25 00:00:00+00:00,18.88,15.645198412698413,2.213630259239149,1.4613107016405829,False,False
2024-10-28 00:00:00+00:00,18.34,15.653611111111111,2.22189683679112,1.2090520335627246,False,False
2024-10-29 00:00:00+00:00,18.51,15.66079365079365,2.2276591981421427,1.2790135724452718,False,False
2024-10-30 00:00:00+00:00,18.68,15.66404761904762,2.231231121253173,1.3516987784118335,False,False
2024-10-31 00:00:00+00:00,19.46,15.671349206349205,2.238094790644918,1.6928017568724503,False,False
2024-11-01 00:00:00+00:00,19.29,15.684166666666666,2.250521431390426,1.602221282161069,False,False
2024-11-04 00:00:00+00:00,19.91,15.699761904761903,2.2618542843522826,1.861409961006292,False,False
2024-11-05 00:00:00+00:00,19.59,15.720198412698414,2.2765475801701474,1.6998553515900423,False,False
2024-11-06 00:00:00+00:00,17.63,15.742222222222223,2.2870499409703458,0.8254204440226753,False,False
2024-11-07 00:00:00+00:00,17.37,15.759603174603175,2.2846764443676175,0.7048686606661158,False,False
2024-11-08 00:00:00+00:00,15.91,15.775634920634921,2.2817324081760604,0.0588873081188717,False,False
2024-11-11 00:00:00+00:00,16.02,15.782936507936508,2.2791952055051214,0.10401192995268374,False,False
2024-11-12 00:00:00+00:00,16.25,15.790714285714287,2.276635064485987,0.20173883880217278,False,False
2024-11-13 00:00:00+00:00,17.05,15.799801587301587,2.2738672063314422,0.5498115321850429,False,False
2024-11-14 00:00:00+00:00,17.39,15.812222222222221,2.272106062310667,0.6944120276556212,False,False
2024-11-15 00:00:00+00:00,17.17,15.826746031746032,2.2704401627994812,0.5916271171831814,False,False
2024-11-18 00:00:00+00:00,16.97,15.843373015873015,2.26484499257338,0.49744109986391577,False,False
2024-11-19 00:00:00+00:00,17.85,15.858968253968253,2.258987655141132,0.8813823048127091,False,False
2024-11-20 00:00:00+00:00,18.34,15.878333333333334,2.255036770576837,1.0916303888193244,False,False
2024-11-21 00:00:00+00:00,17.59,15.901150793650794,2.250717783932042,0.7503602710237431,False,False
2024-11-22 00:00:00+00:00,17.54,15.915039682539682,2.2502958633306056,0.7221096318664759,False,False
2024-11-25 00:00:00+00:00,17.8,15.931666666666665,2.2467445240114703,0.8315735560345344,False,False
2024-11-26 00:00:00+00:00,17.0,15.950515873015872,2.2423932797930917,0.46801965401937207,False,False
2024-11-27 00:00:00+00:00,16.54,15.965158730158729,2.2371236634262224,0.2569555180337611,False,False
2024-11-29 00:00:00+00:00,16.37,15.969126984126984,2.2372534099793904,0.17918087154763135,False,False
2024-12-02 00:00:00+00:00,16.33,15.974404761904761,2.2366215012598327,0.1589876686309861,False,False
2024-12-03 00:00:00+00:00,16.21,15.982777777777779,2.2339754780383227,0.10171204852335641,False,False
2024-12-04 00:00:00+00:00,15.92,15.979801587301587,2.233167840959143,-0.026778814473659273,False,False
2024-12-05 00:00:00+00:00,15.93,15.975,2.231985430988218,-0.020161421922936143,False,False
2024-12-06 00:00:00+00:00,15.04,15.97686507936508,2.2317497319785398,-0.4197894889112457,False,False
2024-12-09 00:00:00+00:00,15.75,15.975436507936507,2.2322356292110976,-0.1009913581641825,False,False
2024-12-10 00:00:00+00:00,16.34,15.978690476190476,2.231303076177187,0.1619275873668148,False,False
2024-12-11 00:00:00+00:00,16.86,15.987420634920635,2.228382315196454,0.3915752513062093,False,False
2024-12-12 00:00:00+00:00,15.43,15.998809523809523,2.225465297027951,-0.2555912799759913,False,False
2024-12-13 00:00:00+00:00,15.63,16.00916666666667,2.216668406573575,-0.17105249731635178,False,False
2024-12-16 00:00:00+00:00,15.38,16.016944444444444,2.211861492913558,-0.28796759945643496,False,False
2024-12-17 00:00:00+00:00,15.64,16.022579365079366,2.208406452042139,-0.17323775010962772,False,False
2024-12-18 00:00:00+00:00,16.54,16.03111111111111,2.202729101269939,0.23102654275348736,False,False
2024-12-19 00:00:00+00:00,15.83,16.04202380952381,2.1983897292840338,-0.09644505098413995,False,False
2024-12-20 00:00:00+00:00,15.73,16.05027777777778,2.193649545599032,-0.14600225383326623,False,False
2024-12-23 00:00:00+00:00,15.54,16.057857142857145,2.189208085873929,-0.23654998636204014,False,False
2024-12-24 00:00:00+00:00,14.71,16.062896825396827,2.186536114622371,-0.6187397575321915,False,False
2024-12-26 00:00:00+00:00,15.19,16.06075396825397,2.1876002941116055,-0.39804070725250434,False,False
2024-12-27 00:00:00+00:00,14.67,16.058214285714286,2.1882406624790667,-0.6343974451793488,False,False
2024-12-30 00:00:00+00:00,15.02,16.049126984126985,2.1892355338918783,-0.47008509052357283,False,False
2024-12-31 00:00:00+00:00,14.62,16.04503968253968,2.1901951918719362,-0.6506450602339765,False,False
2025-01-02 00:00:00+00:00,15.07,16.04015873015873,2.192001390105972,-0.4425903808901451,False,False
2025-01-03 00:00:00+00:00,14.49,16.037539682539684,2.192767607225116,-0.7057472380751058,False,False
2025-01-06 00:00:00+00:00,14.76,16.03611111111111,2.193661449117076,-0.581726552027767,False,False
2025-01-07 00:00:00+00:00,14.68,16.038333333333334,2.192077095366884,-0.6196558215056722,False,False
2025-01-08 00:00:00+00:00,14.82,16.041785714285712,2.1892368883019766,-0.558087487386236,False,False
2025-01-10 00:00:00+00:00,15.77,16.046785714285715,2.1849808740660395,-0.1266764929482626,False,False
2025-01-13 00:00:00+00:00,15.27,16.057142857142857,2.1774153533363902,-0.3615033098470355,False,False
2025-01-14 00:00:00+00:00,15.0,16.065119047619046,2.170799599711154,-0.4906574737533442,False,False
2025-01-15 00:00:00+00:00,15.23,16.073849206349205,2.162022225755547,-0.39030551873920294,False,False
2025-01-16 00:00:00+00:00,15.4,16.08075396825397,2.1565088696698,-0.3156740868671708,False,False
2025-01-17 00:00:00+00:00,14.98,16.08809523809524,2.151001143463357,-0.5151532538523335,False,False
2025-01-21 00:00:00+00:00,15.5,16.09384920634921,2.1460646521284383,-0.2767154315505997,False,False
2025-01-22 00:00:00+00:00,15.24,16.103412698412697,2.137979894247112,-0.40384509729767454,False,False
2025-01-23 00:00:00+00:00,14.95,16.1125,2.1293725812176896,-0.5459354601697847,False,False
2025-01-24 00:00:00+00:00,14.85,16.1209126984127,2.1205218951678306,-0.5993395782938199,False,False
2025-01-27 00:00:00+00:00,15.23,16.129325396825397,2.111200433919378,-0.4259782171206867,False,False
2025-01-28 00:00:00+00:00,15.46,16.139365079365078,2.100817615841729,-0.3233812751007791,False,False
2025-01-29 00:00:00+00:00,14.84,16.149960317460316,2.090566079387069,-0.6266055545320921,False,False
2025-01-30 00:00:00+00:00,16.09,16.161587301587304,2.0749806940775475,-0.03450022537155627,False,False
2025-01-31 00:00:00+00:00,15.82,16.173531746031745,2.065814287949235,-0.17113433094835517,False,False
2025-02-03 00:00:00+00:00,16.81,16.18452380952381,2.056476353246733,0.30414946881771643,False,False
2025-02-04 00:00:00+00:00,17.11,16.199007936507936,2.0479252468462055,0.44483658028777495,False,False
2025-02-05 00:00:00+00:00,17.19,16.212460317460316,2.042703733838077,0.47855186552333095,False,False
2025-02-06 00:00:00+00:00,16.27,16.23043650793651,2.0312169845154506,0.01947772806405893,False,False
2025-02-07 00:00:00+00:00,16.23,16.24543650793651,2.017394923861337,-0.007651703567769548,False,False
2025-02-10 00:00:00+00:00,17.59,16.26099206349206,2.001983132318658,0.6638457213017112,False,False
2025-02-11 00:00:00+00:00,17.48,16.283809523809527,1.984082015856769,0.602893663986936,False,False
2025-02-12 00:00:00+00:00,17.34,16.306706349206348,1.9642836414792313,0.5260409591435156,False,False
2025-02-13 00:00:00+00:00,17.13,16.33107142857143,1.9385999493970416,0.41211626549204106,False,False
2025-02-14 00:00:00+00:00,17.23,16.35218253968254,1.9180278088990625,0.4576667013088416,False,False
2025-02-18 00:00:00+00:00,18.03,16.372341269841268,1.900300163594276,0.8723141543193867,False,False
2025-02-19 00:00:00+00:00,16.76,16.396190476190476,1.8830952129683831,0.1931976255390936,False,False
2025-02-20 00:00:00+00:00,16.45,16.415912698412697,1.8605522143033644,0.01832106689898264,False,False
2025-02-21 00:00:00+00:00,16.55,16.434563492063493,1.837001337040245,0.06283964285104865,False,False
2025-02-24 00:00:00+00:00,16.73,16.453373015873016,1.8135783045348788,0.1525310395670674,False,False
2025-02-25 00:00:00+00:00,16.72,16.474285714285717,1.7859435345163233,0.1375823372718373,False,False
2025-02-26 00:00:00+00:00,16.36,16.49623015873016,1.7544519565755412,-0.07764826971726496,False,False
2025-02-27 00:00:00+00:00,16.45,16.51551587301587,1.7257898854817195,-0.037962832884250584,False,False
2025-02-28 00:00:00+00:00,15.82,16.535992063492063,1.693858900862961,-0.4226987638269578,False,False
2025-03-03 00:00:00+00:00,16.81,16.555317460317458,1.6572596237677182,0.15367691098605896,False,False
2025-03-04 00:00:00+00:00,17.25,16.57865079365079,1.6186873601778917,0.41474914975269134,False,False
2025-03-05 00:00:00+00:00,16.92,16.60281746031746,1.5825229486113241,0.20042839818586597,False,False
2025-03-06 00:00:00+00:00,16.83,16.616507936507936,1.5701878069011532,0.13596594149676877,False,False
2025-03-07 00:00:00+00:00,16.19,16.62531746031746,1.565104879959142,-0.278139481827457,False,False
2025-03-10 00:00:00+00:00,17.06,16.631865079365078,1.5597885537218874,0.2744826660083686,False,False
2025-03-11 00:00:00+00:00,17.14,16.639365079365078,1.5572732559433489,0.32148174299163274,False,False
2025-03-12 00:00:00+00:00,16.82,16.6475,1.5544993493378967,0.11096820341126025,False,False
2025-03-13 00:00:00+00:00,17.41,16.652857142857144,1.5527504742513307,0.48761399187974347,False,False
2025-03-14 00:00:00+00:00,17.13,16.66043650793651,1.5517619493167858,0.3026002102128037,False,False
2025-03-17 00:00:00+00:00,17.6,16.672460317460317,1.5435606823486538,0.6009091143267249,False,False
2025-03-18 00:00:00+00:00,17.53,16.68638888888889,1.5359825150079767,0.5492322359585788,False,False
2025-03-19 00:00:00+00:00,16.74,16.703174603174602,1.5218761491058623,0.024197367733919586,False,False
2025-03-20 00:00:00+00:00,16.45,16.715873015873015,1.5086707005227769,-0.17622998562965853,False,False
2025-03-21 00:00:00+00:00,15.98,16.72626984126984,1.497691575186944,-0.4982800555426033,False,False
2025-03-24 00:00:00+00:00,15.8,16.73619047619048,1.484323048322623,-0.6307188163981097,False,False
2025-03-25 00:00:00+00:00,15.23,16.744841269841274,1.4723939008994404,-1.0288288133466887,False,False
2025-03-26 00:00:00+00:00,15.04,16.75202380952381,1.4604767379934582,-1.1722362739415837,False,False
2025-03-27 00:00:00+00:00,16.08,16.761984126984125,1.4399834106179605,-0.47360554431072,False,False
2025-03-28 00:00:00+00:00,16.45,16.77781746031746,1.4100324932020112,-0.23248929503250568,False,False
2025-03-31 00:00:00+00:00,17.84,16.793214285714285,1.3848613727113983,0.7558776170038085,False,False
2025-04-01 00:00:00+00:00,17.95,16.810119047619047,1.371417239477348,0.8311700623038436,False,False
2025-04-02 00:00:00+00:00,17.92,16.820079365079366,1.370541229080208,0.8025447258225208,False,False
2025-04-03 00:00:00+00:00,18.36,16.82670634920635,1.3718106310456608,1.1177152415161689,False,False
2025-04-04 00:00:00+00:00,22.03,16.8315873015873,1.37507836079421,3.780448334166374,True,False
2025-04-07 00:00:00+00:00,19.68,16.849603174603175,1.4129581868967314,2.0031709725347233,True,True
2025-04-08 00:00:00+00:00,23.73,16.859087301587305,1.4239047515028467,4.825401903575964,True,True
2025-04-09 00:00:00+00:00,24.53,16.886111111111113,1.488234587290813,5.13621236474812,True,True
2025-04-10 00:00:00+00:00,26.59,16.911349206349207,1.5621845227587918,6.195587430707902,True,True
2025-04-11 00:00:00+00:00,28.44,16.94424603174603,1.6747726928433282,6.8640681910911585,True,True
2025-04-14 00:00:00+00:00,23.8,16.983015873015873,1.8215357426904313,3.742437750310272,True,True
2025-04-15 00:00:00+00:00,21.54,17.00218253968254,1.8673614122171676,2.430069203866427,True,True
2025-04-16 00:00:00+00:00,26.73,17.007460317460318,1.8783112855093953,5.176213206802378,True,True
2025-04-17 00:00:00+00:00,24.14,17.025238095238095,1.9480353630656897,3.6522755385534493,True,True
2025-04-21 00:00:00+00:00,28.14,17.039444444444445,1.9865882205071608,5.587748603845879,True,True
2025-04-22 00:00:00+00:00,28.44,17.0756746031746,2.1025389558878786,5.4050486746041635,True,True
2025-04-23 00:00:00+00:00,25.23,17.114523809523813,2.218966812857434,3.6573220218763125,True,True
2025-04-24 00:00:00+00:00,24.93,17.141190476190477,2.2754638272038687,3.422954665634282,True,True
2025-04-25 00:00:00+00:00,23.36,17.169642857142858,2.327464865605156,2.659699501520771,True,True
2025-04-28 00:00:00+00:00,23.25,17.191984126984128,2.359663531906859,2.5673219046277973,True,True
2025-04-29 00:00:00+00:00,22.1,17.214999999999996,2.3902778681259957,2.0436954486090353,True,True
2025-04-30 00:00:00+00:00,21.52,17.233968253968253,2.4099991170140416,1.77843706073307,True,True
2025-05-01 00:00:00+00:00,21.51,17.25222222222222,2.424985772789126,1.7557949516877573,True,True
2025-05-02 00:00:00+00:00,21.35,17.270436507936505,2.439673947897277,1.6721757001912563,True,True
2025-05-05 00:00:00+00:00,23.2,17.28952380952381,2.452717610472526,2.4097662793465697,True,True
2025-05-06 00:00:00+00:00,24.72,17.317103174603172,2.479905846848482,2.9851523737502323,True,True
2025-05-07 00:00:00+00:00,22.99,17.351507936507936,2.5220400796346905,2.2356869381349327,True,True
2025-05-08 00:00:00+00:00,22.58,17.379920634920634,2.545057234786249,2.043207238722905,True,True
2025-05-09 00:00:00+00:00,21.86,17.40511904761905,2.5649840182075274,1.7368065144881988,True,True
2025-05-12 00:00:00+00:00,21.38,17.429365079365077,2.5781207047340646,1.5323700373611613,True,True
2025-05-13 00:00:00+00:00,19.58,17.453531746031747,2.586516336686227,0.8221360228068862,False,True
2025-05-14 00:00:00+00:00,20.78,17.466666666666665,2.588885529885974,1.279829986719911,False,False
2025-05-15 00:00:00+00:00,21.63,17.484841269841272,2.596024307625113,1.596733404222547,False,False
2025-05-16 00:00:00+00:00,21.47,17.505119047619047,2.6083857232758207,1.5200516231171266,False,False
2025-05-19 00:00:00+00:00,21.37,17.524404761904762,2.6196833928059644,1.4679618341116367,False,False
2025-05-20 00:00:00+00:00,21.95,17.541785714285712,2.6306308579637703,1.6757251487297038,False,False
2025-05-21 00:00:00+00:00,22.23,17.564365079365082,2.643970663636515,1.7646318791668467,False,False
2025-05-22 00:00:00+00:00,21.55,17.583531746031746,2.660231212988506,1.4910238758954795,False,False
2025-05-23 00:00:00+00:00,22.28,17.599285714285717,2.6719396773052453,1.7518038769628834,False,False
2025-05-27 00:00:00+00:00,21.12,17.621190476190478,2.687612458766129,1.3018281383528827,False,False
2025-05-28 00:00:00+00:00,19.69,17.639722222222222,2.695593187351505,0.7606035611746867,False,False
2025-05-29 00:00:00+00:00,19.65,17.65424603174603,2.696745239624017,0.7400602544614924,False,False
2025-05-30 00:00:00+00:00,19.1,17.671666666666667,2.6953961782582785,0.5299159154615632,False,False
2025-06-02 00:00:00+00:00,20.6,17.684285714285718,2.6946065146214093,1.082055680446516,False,False
2025-06-03 00:00:00+00:00,20.1,17.703214285714285,2.698280178563115,0.8882642111546956,False,False
2025-06-04 00:00:00+00:00,19.82,17.720515873015874,2.699619740772278,0.7776962419098066,False,False
2025-06-05 00:00:00+00:00,19.69,17.738611111111112,2.698343754875954,0.7231802417177928,False,False
2025-06-06 00:00:00+00:00,19.16,17.753253968253972,2.6988834431345947,0.5212325991048266,False,False
2025-06-09 00:00:00+00:00,19.45,17.764920634920635,2.698583587760567,0.6244310432784242,False,False
2025-06-10 00:00:00+00:00,19.0,17.776626984126985,2.699472895971013,0.45318959034517825,False,False
2025-06-11 00:00:00+00:00,19.16,17.785158730158727,2.699930125738095,0.5092136484330033,False,False
2025-06-12 00:00:00+00:00,19.7,17.793214285714285,2.7009957559057782,0.7059565755023832,False,False
2025-06-13 00:00:00+00:00,21.16,17.805277777777775,2.7027025581354014,1.2412472886164185,False,False
2025-06-16 00:00:00+00:00,19.87,17.823968253968253,2.709570048475252,0.7551130656995211,False,False
2025-06-17 00:00:00+00:00,20.41,17.83964285714286,2.7099370538971312,0.9484933014074027,False,False
2025-06-18 00:00:00+00:00,19.58,17.85829365079365,2.711394847124216,0.6349891647217809,False,False
2025-06-20 00:00:00+00:00,19.27,17.872222222222224,2.7111872082006827,0.515559299464765,False,False
2025-06-23 00:00:00+00:00,19.02,17.886666666666667,2.708889159431977,0.41837567601731623,False,False
2025-06-24 00:00:00+00:00,18.28,17.900079365079364,2.7060871315236024,0.14039482708996562,False,False
2025-06-25 00:00:00+00:00,17.33,17.90753968253968,2.704526141823353,-0.2135456091950785,False,False
2025-06-26 00:00:00+00:00,16.65,17.913373015873017,2.701676057131159,-0.467625647619116,False,False
2025-06-27 00:00:00+00:00,16.49,17.91797619047619,2.698516980833292,-0.5291707262243118,False,False
2025-06-30 00:00:00+00:00,17.31,17.92436507936508,2.693196384704408,-0.22811744544670942,False,False
2025-07-01 00:00:00+00:00,16.76,17.934007936507935,2.686594915312136,-0.4369873291342601,False,False
2025-07-02 00:00:00+00:00,16.87,17.940952380952382,2.681263134741503,-0.39942084276470313,False,False
2025-07-03 00:00:00+00:00,16.19,17.949484126984125,2.6743850862186838,-0.6579023103482303,False,False
2025-07-07 00:00:00+00:00,16.91,17.954761904761906,2.669571854681636,-0.39135934960121177,False,False
2025-07-08 00:00:00+00:00,16.2,17.964920634920635,2.6606557158523994,-0.6633404782156131,False,False
2025-07-09 00:00:00+00:00,15.86,17.970119047619047,2.655899466810352,-0.7945026059865252,False,False
2025-07-10 00:00:00+00:00,16.04,17.971071428571424,2.6550962878334405,-0.727307494428829,False,False
2025-07-11 00:00:00+00:00,16.94,17.974682539682544,2.6518336695894913,-0.39017625861983757,False,False
2025-07-14 00:00:00+00:00,16.99,17.983809523809523,2.6442579622166273,-0.37583682757503517,False,False
2025-07-15 00:00:00+00:00,16.37,17.992142857142856,2.63777012767285,-0.6149674833773239,False,False
2025-07-16 00:00:00+00:00,17.27,17.994642857142857,2.6359250119747335,-0.2749102701521781,False,False
2025-07-17 00:00:00+00:00,16.91,18.003174603174603,2.63005647335909,-0.41564681756753613,False,False
2025-07-18 00:00:00+00:00,16.73,18.006865079365078,2.627857824667191,-0.48589579975727476,False,False
2025-07-21 00:00:00+00:00,17.78,18.005198412698412,2.628536540158063,-0.0856744463156176,False,False
2025-07-22 00:00:00+00:00,19.08,18.009484126984127,2.627280138857359,0.4074616395804118,False,False
2025-07-23 00:00:00+00:00,18.44,18.020714285714288,2.625777267909837,0.15968060939893508,False,False
2025-07-24 00:00:00+00:00,17.82,18.029047619047617,2.6237535621121038,-0.07967502057599296,False,False
2025-07-25 00:00:00+00:00,17.05,18.037301587301588,2.6197925506201387,-0.37686250656292625,False,False
2025-07-28 00:00:00+00:00,16.79,18.043690476190474,2.6153927343345176,-0.47935075284571893,False,False
2025-07-29 00:00:00+00:00,16.61,18.04690476190476,2.61334331646242,-0.5498339054241987,False,False
2025-07-30 00:00:00+00:00,16.48,18.051150793650795,2.6101212487825984,-0.6019455204939631,False,False
2025-07-31 00:00:00+00:00,16.04,18.05623015873016,2.6057925961952693,-0.7737492852171226,False,False
2025-08-01 00:00:00+00:00,17.3,18.05781746031746,2.6044363772303956,-0.2909717691485076,False,False
2025-08-04 00:00:00+00:00,17.07,18.061785714285712,2.6025085174464295,-0.381088364413442,False,False
2025-08-05 00:00:00+00:00,16.68,18.058571428571426,2.6032340334908604,-0.529561080884765,False,False
2025-08-06 00:00:00+00:00,16.42,18.05488095238095,2.604531368809041,-0.6277063781836971,False,False
2025-08-07 00:00:00+00:00,16.95,18.045833333333334,2.6062409964304054,-0.42046508163835383,False,False
2025-08-08 00:00:00+00:00,16.36,18.025992063492065,2.5954101779813303,-0.6418993335334181,False,False
2025-08-11 00:00:00+00:00,16.94,18.01511904761905,2.5966319714840993,-0.4140436763568637,False,False
2025-08-12 00:00:00+00:00,16.35,18.010436507936507,2.5975058922926384,-0.6392426338139906,False,False
2025-08-13 00:00:00+00:00,15.95,18.002103174603178,2.599457946344015,-0.7894350349038505,False,False
2025-08-14 00:00:00+00:00,15.33,17.994761904761905,2.6026413840867404,-1.023868259782153,False,False
2025-08-15 00:00:00+00:00,15.22,17.97380952380952,2.6027568458529653,-1.058035647162827,False,False
2025-08-18 00:00:00+00:00,14.9,17.95809523809524,2.607395615413296,-1.172854330205086,False,False
2025-08-19 00:00:00+00:00,14.82,17.943849206349206,2.6142761342778593,-1.1949193757269663,False,False
2025-08-20 00:00:00+00:00,15.4,17.930595238095236,2.6216322055492243,-0.9652746989980937,False,False
2025-08-21 00:00:00+00:00,15.44,17.91198412698413,2.622888380757902,-0.9424663836704456,False,False
2025-08-22 00:00:00+00:00,15.15,17.89876984126984,2.626933678720122,-1.046379611155268,False,False
2025-08-25 00:00:00+00:00,15.09,17.885595238095238,2.6323770261167128,-1.0620041165680987,False,False
2025-08-26 00:00:00+00:00,15.88,17.871547619047615,2.637828619605353,-0.7549950759672819,False,False
2025-08-27 00:00:00+00:00,15.9,17.86357142857143,2.640809807068494,-0.7435489762707096,False,False
2025-08-28 00:00:00+00:00,16.34,17.857261904761906,2.643603880491511,-0.5739369335771324,False,False
2025-08-29 00:00:00+00:00,17.39,17.85107142857143,2.645329350641261,-0.17429641736657855,False,False
2025-09-02 00:00:00+00:00,19.81,17.849880952380953,2.645469627027424,0.7409342475882169,False,False
2025-09-03 00:00:00+00:00,19.53,17.86031746031746,2.6480029117676986,0.6305440723884734,False,False
2025-09-04 00:00:00+00:00,18.33,17.869484126984126,2.6497751787190253,0.1737943191235183,False,False
2025-09-05 00:00:00+00:00,18.3,17.877142857142857,2.6482997197835787,0.15967118060628716,False,False
2025-09-08 00:00:00+00:00,19.09,17.8840873015873,2.6470999617483173,0.45555993949553625,False,False
2025-09-09 00:00:00+00:00,17.99,17.89559523809524,2.646009256016667,0.03567816767461986,False,False
2025-09-10 00:00:00+00:00,17.37,17.901587301587302,2.644500092147554,-0.20101617812976058,False,False
2025-09-11 00:00:00+00:00,16.48,17.905079365079366,2.64320936941608,-0.539147364400492,False,False
2025-09-12 00:00:00+00:00,16.38,17.90634920634921,2.642444420422068,-0.5776277429159367,False,False
2025-09-15 00:00:00+00:00,17.9,17.907539682539685,2.641685803210065,-0.002854117825263173,False,False
2025-09-16 00:00:00+00:00,18.37,17.916984126984126,2.637366871651294,0.17176824274441405,False,False
2025-09-17 00:00:00+00:00,17.41,17.92345238095238,2.636467436465044,-0.19475013188132265,False,False
2025-09-18 00:00:00+00:00,16.45,17.925555555555555,2.6358430557283943,-0.5598040264001216,False,False
2025-09-19 00:00:00+00:00,16.76,17.923253968253967,2.6368811800220247,-0.4411476622713235,False,False
2025-09-22 00:00:00+00:00,18.43,17.920357142857146,2.637759875875341,0.19321048204728222,False,False
2025-09-23 00:00:00+00:00,19.06,17.925515873015875,2.6374792028685667,0.43013955361249456,False,False
2025-09-24 00:00:00+00:00,18.3,17.934642857142855,2.637409440568568,0.13852879163820048,False,False
2025-09-25 00:00:00+00:00,19.07,17.939484126984127,2.636954080838094,0.4287203486897906,False,False
2025-09-26 00:00:00+00:00,18.59,17.94484126984127,2.637877552630698,0.24457493469146338,False,False
2025-09-29 00:00:00+00:00,19.19,17.942182539682538,2.6368841775379774,0.4732166361142694,False,False
2025-09-30 00:00:00+00:00,19.95,17.942420634920634,2.6369945643330297,0.7613134256069803,False,False
2025-10-01 00:00:00+00:00,19.05,17.94690476190476,2.63945242549129,0.4179257892439249,False,False
2025-10-02 00:00:00+00:00,18.05,17.948730158730157,2.6400579445914465,0.03835894643044097,False,False
2025-10-03 00:00:00+00:00,17.66,17.948611111111113,2.6400526780699014,-0.10932020921723103,False,False
2025-10-06 00:00:00+00:00,19.51,17.945,2.6398216920348028,0.5928430714552098,False,False
2025-10-07 00:00:00+00:00,19.94,17.950714285714287,2.641651263909426,0.7530463015552383,False,False
2025-10-08 00:00:00+00:00,21.81,17.957301587301586,2.6445437816503694,1.4568480353515172,False,False
2025-10-09 00:00:00+00:00,21.85,17.97448412698413,2.655474412290421,1.459443877552987,False,False
2025-10-10 00:00:00+00:00,23.78,17.9909126984127,2.6666146750173394,2.1709500648231668,True,False
2025-10-13 00:00:00+00:00,24.53,18.015277777777776,2.6913318734800855,2.420631318796898,True,True
2025-10-14 00:00:00+00:00,26.11,18.042698412698414,2.7223115068918333,2.963401347302951,True,True
2025-10-15 00:00:00+00:00,27.12,18.07777777777778,2.768872334759745,3.2656696044481284,True,True
2025-10-16 00:00:00+00:00,32.78,18.116865079365077,2.826351824368439,5.188007662107482,True,True
2025-10-17 00:00:00+00:00,31.2,18.177619047619046,2.9731289080192846,4.380025675057775,True,True
2025-10-20 00:00:00+00:00,31.43,18.232460317460315,3.0837588142904924,4.279692569140223,True,True
2025-10-21 00:00:00+00:00,29.82,18.28849206349206,3.1932664632185817,3.6111950159289283,True,True
2025-10-22 00:00:00+00:00,27.19,18.33710317460318,3.2744931089845286,2.7035930541757174,True,True
2025-10-23 00:00:00+00:00,26.68,18.374484126984125,3.321425456561164,2.5005877692088823,True,True
2025-10-24 00:00:00+00:00,24.75,18.408174603174604,3.3623531886773415,1.886127078553606,True,True
2025-10-27 00:00:00+00:00,23.94,18.43206349206349,3.3859514819595766,1.6267027266288119,True,True
2025-10-28 00:00:00+00:00,24.03,18.451746031746033,3.4035199916630443,1.6389661238711557,True,True
2025-10-29 00:00:00+00:00,24.7,18.473055555555554,3.421591942823777,1.819896863360469,True,True
2025-10-30 00:00:00+00:00,24.82,18.496150793650795,3.443918923967347,1.836236376628814,True,True
2025-10-31 00:00:00+00:00,22.66,18.52186507936508,3.4668636430602504,1.1936249436629494,True,True
2025-11-03 00:00:00+00:00,21.38,18.538333333333334,3.476649884919568,0.8173577325093253,False,True
2025-11-04 00:00:00+00:00,21.43,18.549047619047617,3.4812455820445587,0.827563673132299,False,False
2025-11-05 00:00:00+00:00,20.15,18.55686507936508,3.4855086588913333,0.4570738668432007,False,False
2025-11-06 00:00:00+00:00,20.13,18.560277777777777,3.486650169518631,0.45020926846783094,False,False
2025-11-07 00:00:00+00:00,20.36,18.561150793650793,3.4870169937956685,0.5158705017927467,False,False
2025-11-10 00:00:00+00:00,23.34,18.564206349206348,3.4882592727696724,1.3691051258932594,False,False
2025-11-11 00:00:00+00:00,23.33,18.586865079365076,3.5006898713467733,1.3549143440147584,False,False
2025-11-12 00:00:00+00:00,25.82,18.61051587301587,3.5125488372987634,2.05249363380479,True,False
2025-11-13 00:00:00+00:00,24.82,18.64984126984127,3.537579694399374,1.7441751884564471,True,True
2025-11-14 00:00:00+00:00,24.13,18.684761904761906,3.5549076596983107,1.5317523312828345,True,True
2025-11-17 00:00:00+00:00,24.07,18.71603174603175,3.568038527154604,1.500535437950517,True,True
2025-11-18 00:00:00+00:00,23.9,18.74388888888889,3.5823546024320096,1.4393078528883485,True,True
2025-11-19 00:00:00+00:00,23.89,18.769722222222224,3.5959991494287045,1.423881810036366,True,True
2025-11-20 00:00:00+00:00,22.93,18.796388888888888,3.6089820517366173,1.1453676000195252,True,True
2025-11-21 00:00:00+00:00,21.93,18.820039682539683,3.6164865406659468,0.8599396907717076,False,True
2025-11-24 00:00:00+00:00,22.55,18.83623015873016,3.62125614811252,1.0255474038216106,False,False
2025-11-25 00:00:00+00:00,22.4,18.852936507936505,3.6286613750030843,0.977512951883111,False,False
2025-11-26 00:00:00+00:00,21.95,18.87202380952381,3.6346374117605214,0.8468454598846215,False,False
2025-11-28 00:00:00+00:00,22.87,18.88952380952381,3.638812655422651,1.0938942362268598,False,False
2025-12-01 00:00:00+00:00,23.34,18.909642857142856,3.6467720091994753,1.214870886274483,False,False
2025-12-02 00:00:00+00:00,22.49,18.934801587301585,3.6554043873936144,0.9725868976245743,False,False
2025-12-03 00:00:00+00:00,21.96,18.958412698412697,3.659088540133982,0.8203101041871472,False,False
2025-12-04 00:00:00+00:00,20.57,18.980595238095237,3.660278226593354,0.434230586723467,False,False
2025-12-05 00:00:00+00:00,19.92,18.997420634920633,3.6577898228436987,0.25222317567774344,False,False
2025-12-08 00:00:00+00:00,19.58,19.012142857142855,3.653990256180231,0.15540740479444065,False,False
2025-12-09 00:00:00+00:00,20.35,19.026666666666664,3.6489210324691546,0.36266428392336664,False,False
2025-12-10 00:00:00+00:00,20.2,19.044206349206352,3.644597126189805,0.3171252159774259,False,False
2025-12-11 00:00:00+00:00,20.97,19.06468253968254,3.636496976127398,0.5239430894141652,False,False
2025-12-12 00:00:00+00:00,21.46,19.085396825396828,3.632405424042303,0.6537274608407034,False,False
2025-12-15 00:00:00+00:00,21.2,19.10571428571429,3.631307081648414,0.5767305455574471,False,False
2025-12-16 00:00:00+00:00,20.18,19.122936507936505,3.630905535524911,0.29112943912232025,False,False
2025-12-17 00:00:00+00:00,21.22,19.141785714285717,3.6239807174917247,0.5734617393750046,False,False
2025-12-18 00:00:00+00:00,21.31,19.163968253968253,3.619504837118056,0.5929075502328854,False,False
2025-12-19 00:00:00+00:00,20.72,19.1875,3.614078340462002,0.42403618727426184,False,False
2025-12-22 00:00:00+00:00,23.8,19.20765873015873,3.6083753386069297,1.2726894624033809,False,False
2025-12-23 00:00:00+00:00,24.53,19.236468253968255,3.615965899925909,1.4639329829244825,False,False
2025-12-24 00:00:00+00:00,23.81,19.270992063492063,3.624833916780205,1.2521974911721625,False,False
2025-12-26 00:00:00+00:00,25.78,19.303055555555556,3.629120571762793,1.7847145930724375,False,False
2025-12-29 00:00:00+00:00,25.71,19.343690476190478,3.644115306348757,1.747010999547181,False,False
2025-12-30 00:00:00+00:00,24.83,19.387341269841272,3.6542570920809156,1.4894022486686633,False,False
2025-12-31 00:00:00+00:00,23.92,19.425595238095237,3.6605947368627882,1.2277799333112112,False,False
2026-01-02 00:00:00+00:00,23.8,19.46230158730159,3.659094909685415,1.1854566552009276,False,False
2026-01-05 00:00:00+00:00,24.25,19.497142857142855,3.6584283210564537,1.299152730559622,False,False
2026-01-06 00:00:00+00:00,24.82,19.53535714285714,3.6575761398164985,1.4448483517852322,False,False
2026-01-07 00:00:00+00:00,24.13,19.57404761904762,3.661718878496049,1.2442114023847766,False,False
2026-01-08 00:00:00+00:00,24.07,19.612301587301587,3.658747562406624,1.218367306479669,False,False
2026-01-09 00:00:00+00:00,23.43,19.64924603174603,3.656559437409369,1.033964860402376,False,False
2026-01-12 00:00:00+00:00,25.03,19.683968253968256,3.6507238990420254,1.4643758043259802,False,False
2026-01-13 00:00:00+00:00,23.76,19.724484126984127,3.653182988566935,1.104657468745884,False,False
2026-01-14 00:00:00+00:00,23.57,19.75619047619048,3.653397885120262,1.043907519447195,False,False
2026-01-15 00:00:00+00:00,22.06,19.789126984126984,3.6502044956831456,0.6221221355018947,False,False
2026-01-16 00:00:00+00:00,22.23,19.81714285714286,3.6403808428111457,0.6628034942063658,False,False
2026-01-20 00:00:00+00:00,24.79,19.844920634920634,3.6319361987025123,1.3615545798535684,False,False
2026-01-21 00:00:00+00:00,26.27,19.882182539682542,3.634319425650791,1.757637871683115,False,False
2026-01-22 00:00:00+00:00,28.11,19.926984126984127,3.6432247372078863,2.246091433625699,True,False
2026-01-23 00:00:00+00:00,30.01,19.97702380952381,3.6686880466312815,2.7347586011541165,True,True
2026-01-26 00:00:00+00:00,32.7,20.035634920634923,3.710452984240391,3.4131587526253875,True,True
2026-01-27 00:00:00+00:00,33.13,20.10607142857143,3.7813260025429947,3.44427551675518,True,True
2026-01-28 00:00:00+00:00,39.67,20.178611111111113,3.854719988636407,5.056499290830174,True,True
2026-01-29 00:00:00+00:00,46.02,20.275595238095242,4.033046069716537,6.3833649100155725,True,True
2026-01-30 00:00:00+00:00,44.08,20.39686507936508,4.3357629929146935,5.462276180533119,True,True
2026-02-02 00:00:00+00:00,37.38,20.512896825396826,4.571315547839471,3.6897700449873847,True,True
2026-02-03 00:00:00+00:00,41.04,20.597380952380952,4.684579633259914,4.363810768095194,True,True
2026-02-04 00:00:00+00:00,36.93,20.69746031746032,4.848633180961348,3.347858886557639,True,True
2026-02-05 00:00:00+00:00,35.53,20.777301587301586,4.9489814498293665,2.9809564982724,True,True
2026-02-06 00:00:00+00:00,33.96,20.850396825396825,5.029967311687424,2.606299874780944,True,True
2026-02-09 00:00:00+00:00,32.84,20.916944444444443,5.091900664719625,2.341572693702987,True,True
2026-02-10 00:00:00+00:00,28.86,20.982698412698415,5.138428831548673,1.5330175517732025,True,True
2026-02-11 00:00:00+00:00,29.38,21.032817460317457,5.153460485780353,1.6197237880671527,True,True
2026-02-12 00:00:00+00:00,30.23,21.07960317460317,5.175550766664099,1.768004457483994,True,True
2026-02-13 00:00:00+00:00,30.84,21.130198412698416,5.202472324498186,1.8663821701806287,True,True
2026-02-17 00:00:00+00:00,33.24,21.183769841269843,5.232706946376543,2.304014018419024,True,True
2026-02-18 00:00:00+00:00,33.75,21.247698412698412,5.281168704819342,2.3673361496466847,True,True
2026-02-19 00:00:00+00:00,33.56,21.31325396825397,5.333372019519223,2.296248224748817,True,True
2026-02-20 00:00:00+00:00,36.44,21.37488095238095,5.384759774992528,2.797732800928887,True,True
2026-02-23 00:00:00+00:00,38.46,21.452976190476193,5.459750905638726,3.11498163624265,True,True
2026-02-24 00:00:00+00:00,37.55,21.54031746031746,5.554623921632358,2.8822261894874983,True,True
2026-02-25 00:00:00+00:00,34.96,21.623650793650796,5.636383034379338,2.366118328900577,True,True
2026-02-26 00:00:00+00:00,33.07,21.695992063492064,5.69005697812247,1.9989268965564877,True,True
2026-02-27 00:00:00+00:00,33.23,21.760873015873013,5.726192914195656,2.0029236101518983,True,True
2026-03-02 00:00:00+00:00,34.83,21.82781746031746,5.761305428239653,2.25681188085446,True,True
2026-03-03 00:00:00+00:00,38.77,21.900753968253966,5.809097123428673,2.9039359599808843,True,True
2026-03-04 00:00:00+00:00,36.48,21.991825396825398,5.892683612805646,2.4586717283937864,True,True
2026-03-05 00:00:00+00:00,35.31,22.069880952380952,5.953730725144114,2.223835718955624,True,True
2026-03-06 00:00:00+00:00,34.26,22.141547619047618,6.0039659855376595,2.018407900734828,True,True
2026-03-09 00:00:00+00:00,33.52,22.210357142857145,6.043121494875159,1.8714902334387864,True,True
2026-03-10 00:00:00+00:00,32.11,22.276587301587302,6.075292219974774,1.618590899394388,True,True
2026-03-11 00:00:00+00:00,30.68,22.339761904761907,6.094490616888394,1.3684881345335942,True,True
2026-03-12 00:00:00+00:00,31.09,22.393809523809523,6.1078599817940065,1.4237704371271824,True,True
2026-03-13 00:00:00+00:00,32.31,22.449166666666667,6.123250485971086,1.6103919570047618,True,True
2026-03-16 00:00:00+00:00,30.56,22.51063492063492,6.144229209861758,1.3100691403968936,True,True
2026-03-17 00:00:00+00:00,27.98,22.56281746031746,6.156565924481252,0.8799032782450043,False,True
2026-03-18 00:00:00+00:00,29.42,22.605873015873016,6.156359879335467,1.1068435110493444,False,False
2026-03-19 00:00:00+00:00,31.05,22.65277777777778,6.163092711871425,1.3625013633248433,False,False
2026-03-20 00:00:00+00:00,35.25,22.70642857142857,6.177151313466447,2.030640143333695,True,False
2026-03-23 00:00:00+00:00,43.36,22.779880952380953,6.215851762484569,3.3109089202913786,True,True
2026-03-24 00:00:00+00:00,41.9,22.88666666666667,6.33665124525447,3.0005333412616717,True,True
2026-03-25 00:00:00+00:00,38.65,22.98952380952381,6.433719421071551,2.434124829750176,True,True
2026-03-26 00:00:00+00:00,45.07,23.08019841269841,6.492738355647704,3.3868300835153438,True,True
2026-03-27 00:00:00+00:00,45.51,23.198611111111113,6.619860500296288,3.3703714584152165,True,True
2026-03-30 00:00:00+00:00,42.71,23.31952380952381,6.747291545400646,2.8738162653863517,True,True
2026-03-31 00:00:00+00:00,38.89,23.425198412698414,6.841337177978245,2.260493991888257,True,True
2026-04-01 00:00:00+00:00,36.11,23.514246031746033,6.8960078400813405,1.8265283712475298,True,True
2026-04-02 00:00:00+00:00,37.85,23.586746031746035,6.932059975574743,2.057577980933638,True,True
2026-04-06 00:00:00+00:00,37.04,23.665714285714287,6.980768508540875,1.9158758377279603,True,True
2026-04-07 00:00:00+00:00,37.43,23.741587301587302,7.021855739632202,1.9494010139162563,True,True
2026-04-08 00:00:00+00:00,34.21,23.817261904761903,7.066245730792726,1.4707580929360333,True,True
2026-04-09 00:00:00+00:00,31.66,23.86559523809524,7.095567049632812,1.098489339524755,True,True
2026-04-10 00:00:00+00:00,30.46,23.91313492063492,7.107534586763803,0.9211161760024573,False,True
2026-04-13 00:00:00+00:00,30.0,23.93984126984127,7.11947757429439,0.8512083459662209,False,False
2026-04-14 00:00:00+00:00,31.04,23.96154761904762,7.129615495750551,0.9928238605814481,False,False
2026-04-15 00:00:00+00:00,29.97,23.97920634920635,7.141652369780908,0.8388525988947617,False,False
2026-04-16 00:00:00+00:00,28.65,23.985277777777778,7.146108762148912,0.6527639555292031,False,False
2026-04-17 00:00:00+00:00,28.95,24.004523809523807,7.152136293248392,0.6914683931771148,False,False
2026-04-20 00:00:00+00:00,28.46,24.033928571428568,7.157194138147553,0.6184087427474759,False,False
2026-04-21 00:00:00+00:00,29.31,24.04079365079365,7.1606193508056215,0.7358590215542634,False,False
2026-04-22 00:00:00+00:00,27.09,24.061309523809523,7.168306869681151,0.4225112751520909,False,False
2026-04-23 00:00:00+00:00,27.87,24.05714285714286,7.166231497511503,0.5320588853682954,False,False
2026-04-24 00:00:00+00:00,25.88,24.05488095238095,7.1649324461493595,0.2547294145948185,False,False
2026-04-27 00:00:00+00:00,25.37,24.05746031746032,7.165474151731847,0.18317555192386684,False,False
2026-04-28 00:00:00+00:00,26.19,24.05920634920635,7.165741216118187,0.297358442975972,False,False
2026-04-29 00:00:00+00:00,27.77,24.07043650793651,7.166858555998634,0.5162043401801154,False,False
2026-04-30 00:00:00+00:00,26.64,24.088373015873017,7.170452272248435,0.35585300441960416,False,False
2026-05-01 00:00:00+00:00,26.43,24.106388888888887,7.171139927800896,0.32402255910570027,False,False
2026-05-04 00:00:00+00:00,27.92,24.125873015873015,7.170754934206116,0.5291112329091245,False,False
2026-05-05 00:00:00+00:00,26.61,24.151309523809523,7.17280745623447,0.342779377697282,False,False
2026-05-06 00:00:00+00:00,26.34,24.172182539682538,7.172276444812383,0.3022495684595951,False,False
2026-05-07 00:00:00+00:00,27.03,24.184642857142855,7.173308223404166,0.39665898275131606,False,False
2026-05-08 00:00:00+00:00,26.48,24.193809523809524,7.175470705955226,0.3186119168869397,False,False
2026-05-11 00:00:00+00:00,27.48,24.20765873015873,7.17650591347209,0.4559797357232397,False,False
2026-05-12 00:00:00+00:00,27.16,24.227103174603176,7.178716102601075,0.4085545080037562,False,False
2026-05-13 00:00:00+00:00,26.56,24.24813492063492,7.179517241595179,0.32200843059071976,False,False
2026-05-14 00:00:00+00:00,25.79,24.268690476190475,7.178688154319132,0.21192026887171755,False,False
2026-05-15 00:00:00+00:00,26.34,24.293333333333333,7.173185459852225,0.2853218668500494,False,False
2026-05-18 00:00:00+00:00,26.2,24.315396825396824,7.170886430037847,0.26281313935036454,False,False
2026-05-19 00:00:00+00:00,26.63,24.333531746031746,7.169846708243239,0.3202953071964541,False,False
2026-05-20 00:00:00+00:00,25.17,24.354007936507937,7.1690043461194035,0.11382223027019961,False,False
2026-05-21 00:00:00+00:00,24.59,24.369087301587303,7.166698854454317,0.03082488924107547,False,False
2026-05-22 00:00:00+00:00,23.86,24.37956349206349,7.165077950711947,-0.0725133062944367,False,False
2026-05-26 00:00:00+00:00,24.27,24.386031746031744,7.163865343537934,-0.01619680723569284,False,False
2026-05-27 00:00:00+00:00,24.47,24.396825396825395,7.161624061932681,0.010217599044825608,False,False
2026-05-28 00:00:00+00:00,24.83,24.405515873015876,7.160373755779606,0.05928239802307715,False,False
2026-05-29 00:00:00+00:00,24.91,24.420238095238098,7.157404987719039,0.06842730090057157,False,False
2026-06-01 00:00:00+00:00,25.64,24.440952380952382,7.151211574118347,0.1676705557680897,False,False
2026-06-02 00:00:00+00:00,24.44,24.46472222222222,7.1451760342194115,-0.0034599878440812544,False,False
2026-06-03 00:00:00+00:00,24.49,24.485912698412697,7.1371163533288975,0.0005726824931745274,False,False
2026-06-04 00:00:00+00:00,23.87,24.501349206349207,7.132883711718628,-0.08851247712225584,False,False
2026-06-05 00:00:00+00:00,28.89,24.51630952380952,7.127567229635776,0.6136301960092458,False,False
2026-06-08 00:00:00+00:00,27.17,24.55230158730159,7.126658125389061,0.36731078811999374,False,False
2026-06-09 00:00:00+00:00,28.04,24.581984126984125,7.121901467284447,0.48554671654765286,False,False
2026-06-10 00:00:00+00:00,32.18,24.61722222222222,7.116934144402374,1.0626454628256004,False,False
2026-06-11 00:00:00+00:00,28.33,24.667738095238096,7.125284927752133,0.5139811168108983,False,False
2026-06-12 00:00:00+00:00,26.85,24.704761904761906,7.119955259079452,0.30129937860247963,False,False
2026-06-15 00:00:00+00:00,26.47,24.735277777777778,7.112571632070784,0.24389521989491253,False,False
2026-06-16 00:00:00+00:00,25.18,24.76214285714286,7.106259751851646,0.058801276261856564,False,False
2026-06-17 00:00:00+00:00,28.45,24.778095238095236,7.1026525222238295,0.5169765450886925,False,False
2026-06-18 00:00:00+00:00,27.9,24.812142857142856,7.099595197162685,0.4349342542925811,False,False
2026-06-22 00:00:00+00:00,26.15,24.84186507936508,7.096770104069312,0.18432820867127023,False,False
2026-06-23 00:00:00+00:00,27.41,24.86793650793651,7.08942687488069,0.3585710857771239,False,False
2026-06-24 00:00:00+00:00,31.6,24.900238095238098,7.08235999160278,0.9459787292238032,False,False
2026-06-25 00:00:00+00:00,29.58,24.95015873015873,7.0850825820048895,0.6534632753047103,False,False
2026-06-26 00:00:00+00:00,27.18,24.994999999999997,7.078454740545102,0.30868319147177853,False,False
2026-06-29 00:00:00+00:00,27.7,25.034087301587302,7.063139232455387,0.3774402019661073,False,False
2026-06-30 00:00:00+00:00,27.2,25.077936507936506,7.045159262345352,0.3012087325556147,False,False
2026-07-01 00:00:00+00:00,27.12,25.12043650793651,7.025422490020412,0.2846182553296778,False,False
2026-07-02 00:00:00+00:00,26.0,25.15936507936508,7.009131863201678,0.11993424250559444,False,False
2026-07-06 00:00:00+00:00,25.33,25.19603174603175,6.989157462729684,0.019168011978932566,False,False
2026-07-07 00:00:00+00:00,26.21,25.229603174603177,6.969295196726468,0.14067374070441493,False,False
2026-07-08 00:00:00+00:00,27.6,25.26936507936508,6.946060908534545,0.3355333262009403,False,False
2026-07-09 00:00:00+00:00,25.33,25.311785714285712,6.9274233312016396,0.002629301667222773,False,False
2026-07-10 00:00:00+00:00,23.95,25.34801587301587,6.903412346343846,-0.20251084577850587,False,False
2026-07-13 00:00:00+00:00,26.93,25.38011904761905,6.877877491679633,0.2253429134578051,False,False
2026-07-14 00:00:00+00:00,25.02,25.423333333333332,6.853125788115254,-0.05885392240031495,False,False
2026-07-15 00:00:00+00:00,24.88,25.455396825396825,6.832146670612104,-0.08421903877910678,False,False
2026-07-16 00:00:00+00:00,26.65,25.48670634920635,6.811244618428582,0.1707901735970878,False,False
2026-07-17 00:00:00+00:00,25.6,25.5275,6.787167386727647,0.010681923086466942,False,False
2026-07-20 00:00:00+00:00,25.37,25.560555555555556,6.767045622946397,-0.028159342521557662,False,False
2026-07-21 00:00:00+00:00,23.94,25.594126984126984,6.744907982838568,-0.2452408525565755,False,False
2026-07-22 00:00:00+00:00,24.02,25.622738095238095,6.722412063171233,-0.23841711578775476,False,False
2026-07-23 00:00:00+00:00,25.14,25.6475,6.704877966511992,-0.07569116135069819,False,False
2026-07-24 00:00:00+00:00,24.33,25.67154761904762,6.692084369825599,-0.20046782809502778,False,False
2026-07-27 00:00:00+00:00,24.13,25.694920634920635,6.676995381483699,-0.23437497639438146,False,False
