timestamp,open,high,low,close,volume,source_symbol,atr14,rsi14,ema20,ema50,sma50,volume_mean20,bb_lower,bb_middle,bb_upper,bb_width,adx,plus_di,minus_di,drawdown_30,atr60_mean,bb_width20_median,volume20_mean,regime,range_rule_matched,warmup_complete
2018-01-01 00:00:00+00:00,733.01,763.55,716.8,754.99,53909.25885,ETHUSDT,,,754.99,754.99,,,,,,,,,,,,,,Range/Chop,False,False
2018-01-02 00:00:00+00:00,754.99,899.5,749.06,855.28,113257.7835,ETHUSDT,,,764.5414286,758.9229412,,,,,,,,,,,,,,Range/Chop,False,False
2018-01-03 00:00:00+00:00,855.13,950.01,810,934.03,89041.45688,ETHUSDT,,,780.6831973,765.7898847,,,,,,,,,,,,,,Range/Chop,False,False
2018-01-04 00:00:00+00:00,934.03,1009.72,890.01,940,102894.4738,ETHUSDT,,,795.8562261,772.6216539,,,,,,,,,,,,,,Range/Chop,False,False
2018-01-05 00:00:00+00:00,940,1045,930,959.3,97374.0163,ETHUSDT,,,811.4222998,779.9423733,,,,,,,,,,,,,,Range/Chop,False,False
2018-01-06 00:00:00+00:00,958,1017.56,950,1004.11,71954.27895,ETHUSDT,,,829.7735094,788.7332607,,,,,,,,,,,,,,Range/Chop,False,False
2018-01-07 00:00:00+00:00,1003.71,1125,999.9,1123.09,65278.81957,ETHUSDT,,,857.7084132,801.8452897,,,,,,,,,,,,,,Range/Chop,False,False
2018-01-08 00:00:00+00:00,1123.09,1239.18,910,1133.18,158831.548,ETHUSDT,,,883.9438024,814.8388077,,,,,,,,,,,,,,Range/Chop,False,False
2018-01-09 00:00:00+00:00,1133.18,1326.5,1104.85,1291,118702.8868,ETHUSDT,,,922.7110594,833.5117956,,,,,,,,,,,,,,Range/Chop,False,False
2018-01-10 00:00:00+00:00,1291,1440,1201.1,1247,160185.0129,ETHUSDT,,,953.5957204,849.7270193,,,,,,,,,,,,,,Range/Chop,False,False
2018-01-11 00:00:00+00:00,1249.03,1332.49,1021,1138.93,194546.2939,ETHUSDT,,,971.2466041,861.0683127,,,,,,,,,,,,,,Range/Chop,False,False
2018-01-12 00:00:00+00:00,1136.45,1288.5,1069.01,1253.87,93763.47261,ETHUSDT,,,998.163118,876.4723004,,,,,,,,,,,,,,Range/Chop,False,False
2018-01-13 00:00:00+00:00,1253.87,1427.01,1252,1388.02,75893.43201,ETHUSDT,,,1035.292345,896.5329945,,,,,,,,,,,,,,Range/Chop,False,False
2018-01-14 00:00:00+00:00,1388.1,1391.89,1220.89,1347,98391.19585,ETHUSDT,136.8027907,,1064.978788,914.1983673,,,,,,,,27.94529345,9.153329425,,,,,Range/Chop,False,False
2018-01-15 00:00:00+00:00,1347.99,1383.13,1258.12,1271,69236.70476,ETHUSDT,135.9604486,81.39635095,1084.599856,928.1905882,,,,,,,,26.10996919,8.55217891,,,,,Range/Chop,False,False
2018-01-16 00:00:00+00:00,1268.67,1275.01,780,1000,343889.3651,ETHUSDT,161.6068451,65.5624711,1076.542727,931.0066436,,,,,,,,20.39738592,27.81346784,,,,,Range/Chop,False,False
2018-01-17 00:00:00+00:00,999.99,1075.51,755,1000,436333.6733,ETHUSDT,172.9570704,65.5624711,1069.252943,933.7122654,,,,,,,,17.6974731,25.16438167,,,,,Range/Chop,False,False
2018-01-18 00:00:00+00:00,1000,1075.2,924.21,994,294545.7121,ETHUSDT,171.387994,65.23661552,1062.085996,936.0764903,,,,,,,,16.58381722,23.58085268,,,,,Range/Chop,False,False
2018-01-19 00:00:00+00:00,993.3,1079,941,1032.5,167954.1125,ETHUSDT,169.0031373,66.39092064,1059.268282,939.8578044,,,,,,,,15.7771683,22.20549458,,,,,Range/Chop,False,False
2018-01-20 00:00:00+00:00,1032.5,1165.4,1031,1152.75,123352.5836,ETHUSDT,166.5314846,69.76753294,1068.171303,948.2065179,,146466.8041,757.4956735,1091.0025,1424.509326,0.6113768328,,18.57352865,20.92541984,,,,146466.8041,Range/Chop,False,False
2018-01-21 00:00:00+00:00,1150.37,1152.69,998,1049,175031.0079,ETHUSDT,165.68995,63.81082076,1066.345465,952.1592035,,152522.8915,808.8287059,1105.703,1402.577294,0.5369874082,,17.33444429,20.95205792,,,,152522.8915,Range/Chop,False,False
2018-01-22 00:00:00+00:00,1049,1090.15,908,993,185212.52,ETHUSDT,166.8656678,60.79367526,1059.360182,953.7608034,,156120.6283,833.406737,1112.589,1391.771263,0.5018605486,,15.98285708,23.17094398,,,,156120.6283,Range/Chop,False,False
2018-01-23 00:00:00+00:00,993,1030,909,980,160159.6396,ETHUSDT,163.5895487,60.0834489,1051.80207,954.7897915,,159676.5375,840.91504,1114.8875,1388.85996,0.4914800103,,15.13844158,21.94676334,,,,159676.5375,Range/Chop,False,False
2018-01-24 00:00:00+00:00,981.2,1074,953.09,1061,134257.7947,ETHUSDT,160.5410095,62.985076,1052.678063,958.9548977,,161244.7035,857.5401883,1120.9375,1384.334812,0.4699589616,,16.28172357,20.76612012,,,,161244.7035,Range/Chop,False,False
2018-01-25 00:00:00+00:00,1060.34,1115,1030.26,1056.52,119415.9349,ETHUSDT,155.1266517,62.7135399,1053.043962,962.7809801,,162346.7995,871.0668507,1125.7985,1380.530149,0.452535066,,17.53428846,19.95585085,,,,162346.7995,Range/Chop,False,False
2018-01-26 00:00:00+00:00,1055.29,1082,986,1051.03,145113.638,ETHUSDT,150.9033194,62.35875398,1052.852156,966.241726,,166004.7674,877.1013846,1128.1445,1379.187615,0.4450548939,,16.73751923,21.14404696,,,,166004.7674,Range/Chop,False,False
2018-01-27 00:00:00+00:00,1051.03,1127.99,1032.2,1118.99,96894.33839,ETHUSDT,146.9666538,64.99847329,1059.150998,972.2318544,,167585.5433,876.8735145,1127.9395,1379.005485,0.4451763334,27.99605029,18.19349238,20.15966999,,,,167585.5433,Range/Chop,False,False
2018-01-28 00:00:00+00:00,1118.99,1277,1112,1251.96,143510.7359,ETHUSDT,148.2547499,69.50468746,1077.51376,983.2015856,,166819.5027,877.0443775,1133.8785,1390.712623,0.4530187714,26.89909886,23.92642061,18.55704943,,,,166819.5027,Range/Chop,False,False
2018-01-29 00:00:00+00:00,1251.96,1258.89,1161.65,1177.01,105292.7681,ETHUSDT,144.6108392,64.46663706,1086.989593,990.8019156,,166148.9968,880.6543317,1128.179,1375.703668,0.4388038924,25.8805011,22.77722541,17.6657472,,,,166148.9968,Range/Chop,False,False
2018-01-30 00:00:00+00:00,1177.01,1186.85,1051,1085.5,155278.554,ETHUSDT,143.985065,58.85707815,1086.847727,994.5155659,,165903.6739,878.1365388,1120.104,1362.071461,0.4320446338,24.15128046,21.24220208,21.9643618,-0.2461805556,,,165903.6739,Range/Chop,False,False
2018-01-31 00:00:00+00:00,1084.63,1135,1029,1124.81,100372.0378,ETHUSDT,141.2718461,60.44917124,1090.463181,999.6251516,,161194.9611,877.5720209,1119.398,1361.223979,0.4320643402,22.73157335,20.10373168,21.89953119,-0.2188819444,,,161194.9611,Range/Chop,False,False
2018-02-01 00:00:00+00:00,1125.96,1164.99,981,1041.94,203355.2905,ETHUSDT,144.3231428,55.5674521,1085.841926,1001.284557,,166674.552,872.9751539,1108.8015,1344.627846,0.4253716218,21.81380723,18.27307508,22.2809695,-0.2764305556,,,166674.552,Range/Chop,False,False
2018-02-02 00:00:00+00:00,1041.89,1047.2,783.67,922.3,377375.2287,ETHUSDT,152.8379183,49.36878103,1070.266504,998.1871238,,181748.6418,873.8339418,1085.5155,1297.197058,0.3900111205,22.28720029,16.02255677,28.75902541,-0.3595138889,,,181748.6418,Crash/Capitulation,False,False
2018-02-03 00:00:00+00:00,923.67,998,851,971,160037.8813,ETHUSDT,152.4209241,51.72925569,1060.812552,997.1209621,,184830.9761,886.8731988,1066.7155,1246.557801,0.3371888778,22.72677956,14.918792,26.7778685,-0.3256944444,,,184830.9761,Range/Chop,False,False
2018-02-04 00:00:00+00:00,971,975,789,823.56,186446.0316,ETHUSDT,154.8194295,44.90375297,1038.217071,990.3146498,,190691.4424,860.4421248,1044.3435,1228.244875,0.352185608,23.49174936,13.63854695,27.34042084,-0.4280833333,,,190691.4424,Range/Chop,False,False
2018-02-05 00:00:00+00:00,821.6,862.47,634.94,697.92,365516.529,ETHUSDT,160.0130417,40.05378106,1005.807826,978.848193,,191772.8006,791.50904,1029.2395,1266.96996,0.461953627,24.9504103,12.25331228,31.44063754,-0.5153333333,,,191772.8006,Range/Chop,False,False
2018-02-06 00:00:00+00:00,697.93,798,570.1,779.25,648944.4204,ETHUSDT,164.8621102,44.25135565,984.2308899,971.0208129,,202403.3379,756.7513807,1018.202,1279.652619,0.5135535372,26.57164717,11.04341378,31.14544657,-0.4588541667,,,202403.3379,Crash/Capitulation,False,False
2018-02-07 00:00:00+00:00,779.99,849,714.18,754,356403.4441,ETHUSDT,162.7162452,43.23905819,962.3041385,962.5101927,,205496.2245,720.5031755,1006.202,1291.900825,0.5678756841,27.51399251,12.62861285,29.30217241,-0.4763888889,,,205496.2245,Range/Chop,False,False
2018-02-08 00:00:00+00:00,753.19,786.93,751,781.66,10516.2619,ETHUSDT,153.6600848,44.73062128,945.0999348,955.4180283,,197624.332,692.0972101,993.66,1295.22279,0.6069737937,28.38902748,12.41768993,28.81276794,-0.4571805556,,0.4527769187,197624.332,Range/Chop,False,False
2018-02-09 00:00:00+00:00,781.66,882.2,781.66,877,95447.67289,ETHUSDT,149.865793,49.64266708,938.6142268,952.3428115,,196229.0865,683.4948336,979.8725,1276.250166,0.6049310832,28.16650052,16.36337517,27.43208706,-0.3854282731,,0.4527769187,196229.0865,Range/Chop,False,False
2018-02-10 00:00:00+00:00,876.3,911.2,800,851.15,214818.0677,ETHUSDT,147.1039507,48.38699409,930.2843004,948.374466,,198218.4395,670.3027585,969.98,1269.657242,0.6179039599,27.66573837,16.88797635,25.95089537,-0.4035430726,,0.4527769187,198218.4395,Range/Chop,False,False
2018-02-11 00:00:00+00:00,851.15,857,768.28,808.99,189323.408,ETHUSDT,142.9336685,46.3287505,918.7324623,942.9084085,,198423.9839,653.2971034,960.7795,1268.261897,0.6400686039,27.41067316,16.1392268,26.38548086,-0.4330873645,,0.4527769187,198423.9839,Range/Chop,False,False
2018-02-12 00:00:00+00:00,808.58,877.56,807.46,866.66,143586.9312,ETHUSDT,137.7312636,49.49356923,913.7731802,939.9182748,,197595.3485,645.08867,955.1125,1265.13633,0.6491880905,26.94903855,16.61875285,25.42625149,-0.3773502216,,0.4527769187,197595.3485,Range/Chop,False,False
2018-02-13 00:00:00+00:00,866.39,871,820,841.57,110305.9354,ETHUSDT,131.5361733,48.1629446,906.8966868,936.0614797,,196397.7555,634.3519956,944.141,1253.930004,0.6562346184,26.52037784,16.15850119,24.72207865,-0.3915467093,,0.4527769187,196397.7555,Range/Chop,False,False
2018-02-14 00:00:00+00:00,841.57,924.99,841.3,919.09,150342.8556,ETHUSDT,128.1185895,52.41927762,908.0579547,935.3959315,,197944.1015,631.6879891,937.2695,1242.851011,0.652067545,25.50294085,18.4146113,23.5685766,-0.2802740799,,0.4574861992,197944.1015,Range/Chop,False,False
2018-02-15 00:00:00+00:00,919.09,946.66,895.59,924.55,155637.7852,ETHUSDT,122.6151188,52.71378312,909.6286257,934.9706009,,198470.3089,629.84061,930.9455,1232.05039,0.6468797368,24.31711343,19.12913855,22.86740043,-0.2759984338,,0.4877535821,198470.3089,Range/Chop,False,False
2018-02-16 00:00:00+00:00,924.55,948.48,901.36,938.67,115540.1635,ETHUSDT,117.2226103,53.51509406,912.3944709,935.1156753,,199402.6001,633.3488552,921.9295,1210.510145,0.6260362528,23.194897,18.69079978,22.21082798,-0.2649412686,,0.5407146106,199402.6001,Range/Chop,False,False
2018-02-17 00:00:00+00:00,938.6,974,933.48,969.99,110091.0362,ETHUSDT,111.7438525,55.32358588,917.8797594,936.4832959,,197731.6152,660.5221771,907.831,1155.139823,0.5448344965,21.84770933,19.83796981,21.63554369,-0.2404150352,,0.5563550903,197731.6152,Range/Chop,False,False
2018-02-18 00:00:00+00:00,969.99,978.5,897,911,160129.7952,ETHUSDT,109.5835773,51.27717474,917.2245442,935.483951,,200473.4665,680.1369778,894.5305,1108.924022,0.4793431241,20.98688358,18.78411369,22.86402756,-0.2866092404,,0.5563550903,200473.4665,Range/Chop,False,False
2018-02-19 00:00:00+00:00,911,956.22,906.04,938.11,80099.49534,ETHUSDT,105.3404646,52.97927377,919.2136352,935.5869333,1007.7456,196714.5136,690.0993121,887.161,1084.222688,0.4442523688,20.18754537,18.1449706,22.08606244,-0.2653797964,,0.5563550903,196714.5136,Range/Chop,False,False
2018-02-20 00:00:00+00:00,939.17,961,873,882.99,120056.675,ETHUSDT,104.10186,49.2147341,915.7637652,933.5243085,1010.3056,197698.7454,710.8853183,875.07,1039.254682,0.3752492526,19.80984125,17.04936961,23.01950706,-0.3085434612,,0.5563550903,197698.7454,Range/Chop,True,False
2018-02-21 00:00:00+00:00,882.99,908.88,812.87,835.89,176200.5515,ETHUSDT,103.52387,46.19416106,908.1567399,929.695512,1009.9178,196341.0085,718.9253292,864.7675,1010.609671,0.3372979924,20.06587366,15.91994756,25.64339959,-0.3454267815,,0.5563550903,196341.0085,Range/Chop,False,False
2018-02-22 00:00:00+00:00,836.35,871.96,786.6,801.49,137561.8511,ETHUSDT,102.2264507,44.06686202,897.9980028,924.6678449,1007.267,184350.3396,712.9093093,858.727,1004.544691,0.3396136158,20.54907028,14.97042624,25.94949832,-0.3723649178,,0.5563550903,184350.3396,Range/Chop,False,False
2018-02-23 00:00:00+00:00,801.47,885,785.99,851.6,154507.4134,ETHUSDT,101.9967042,47.83536025,893.5791454,921.8024392,1005.499,184073.8162,716.3409128,852.757,989.1730872,0.3199412897,20.78560382,14.84561695,24.15023862,-0.3331245106,,0.5563550903,184073.8162,Range/Chop,False,False
2018-02-24 00:00:00+00:00,851.59,875,805,833.94,89311.5794,ETHUSDT,99.71122537,46.64265435,887.8992268,918.3568534,1002.9918,179217.0936,717.2297052,853.276,989.3222948,0.3188799282,21.00524211,14.10118638,22.9392296,-0.346953798,,0.5563550903,179217.0936,Range/Chop,False,False
2018-02-25 00:00:00+00:00,833.92,849.5,813.18,841.19,59431.26474,ETHUSDT,95.1832807,47.22442165,883.450729,915.3307023,999.7334,163912.8304,744.2265561,860.4395,976.6524439,0.2701246141,21.20919195,13.71684885,22.31400514,-0.3412764291,,0.5563550903,163912.8304,Range/Chop,False,False
2018-02-26 00:00:00+00:00,841.46,882,833,867.98,74911.4656,ETHUSDT,91.88447493,49.41905234,881.9773262,913.473812,994.6312,135211.1826,754.7862954,864.876,974.9657046,0.2545791642,20.79746663,15.72082054,21.46403546,-0.3202975724,,0.5563550903,135211.1826,Range/Chop,False,False
2018-02-27 00:00:00+00:00,867.98,897.49,860.69,870.11,63487.68425,ETHUSDT,87.94986958,49.59851057,880.8471047,911.7732703,989.3698,120565.3947,773.0510272,870.6815,968.3119728,0.2242621964,20.13726875,16.50899178,20.82253649,-0.308827618,,0.5120888103,120565.3947,Range/Chop,False,False
2018-02-28 00:00:00+00:00,871.84,891,850.3,853.5,53620.45209,ETHUSDT,84.5748789,48.16345483,878.2426185,909.488044,980.6198,122720.6042,785.0873203,874.2735,963.4596797,0.2040235229,19.67435626,15.94151834,20.98428898,-0.2808695286,,0.4617977465,122720.6042,Range/Chop,True,False
2018-03-01 00:00:00+00:00,853.5,879.96,848.65,870.63,43785.00503,ETHUSDT,80.77024469,49.77733867,877.5176072,907.9641992,973.0924,120137.4708,784.7645457,873.955,963.1454543,0.2041076584,19.26947268,15.50011733,20.54917641,-0.2526716968,,0.4097508107,120137.4708,Range/Chop,True,False
2018-03-02 00:00:00+00:00,870.63,876.22,850,856.28,39436.26006,ETHUSDT,76.87379864,48.41740735,875.494978,905.9373678,967.4394,111368.3804,785.2556599,874.2115,963.1673401,0.2035110271,18.89350936,15.12249185,20.04854196,-0.2649893991,,0.3574314342,111368.3804,Range/Chop,True,False
2018-03-03 00:00:00+00:00,856.27,870.78,852.3,856.02,34170.2942,ETHUSDT,72.70281302,48.3916108,873.6402182,903.979824,959.4824,103610.7247,792.263293,876.563,960.862707,0.1923414678,18.54440055,14.84792628,19.6845385,-0.1825630252,,0.3384558041,103610.7247,Range/Chop,True,False
2018-03-04 00:00:00+00:00,856.51,868,836.24,866.66,29735.01829,ETHUSDT,69.77832638,49.57561583,872.9754355,902.5163015,949.0552,97918.12905,792.263293,876.563,960.862707,0.1923414678,18.5083011,14.36520359,20.68855376,-0.1316032064,,0.3286196411,97918.12905,Range/Chop,True,False
2018-03-05 00:00:00+00:00,866.61,871.75,847.2,849.84,30567.79813,ETHUSDT,66.54773164,47.71210935,870.7720607,900.4505642,939.112,93931.22219,793.2885175,876.9765,960.6644825,0.1908557013,18.3765062,14.38917591,20.14339833,-0.1314869699,,0.319410609,93931.22219,Range/Chop,True,False
2018-03-06 00:00:00+00:00,849.81,853.18,803.01,813.11,48658.06883,ETHUSDT,65.37789366,43.83700596,865.2804359,897.025444,929.9542,88846.98285,785.931145,871.6775,957.423855,0.1967387136,19.02116314,13.60045916,23.86724957,-0.1690240164,,0.2945022712,88846.98285,Range/Chop,True,False
2018-03-07 00:00:00+00:00,813.31,826.2,718.4,749.9,109013.2838,ETHUSDT,68.40804412,38.101792,854.2918229,891.2558188,924.9522,86515.75778,765.7119664,862.945,960.1780336,0.2253516356,20.70834768,12.06959336,30.01534702,-0.2336228922,,0.2623518891,86515.75778,Range/Chop,False,False
2018-03-08 00:00:00+00:00,749.02,772.07,684,695.46,76312.77819,ETHUSDT,69.81246954,33.97861971,839.1649826,883.5775514,918.8614,84554.38852,735.3455911,850.7845,966.2234089,0.2713705032,22.61989322,10.9820174,30.83033485,-0.28925907,,0.2623518891,84554.38852,Range/Chop,False,False
2018-03-09 00:00:00+00:00,695.48,727.92,640,723.71,116545.373,ETHUSDT,71.10586457,37.74353785,828.16927,877.3082356,913.4556,84877.10536,723.9838249,838.4705,952.9571751,0.2730845632,24.78475773,10.01209643,32.52739897,-0.2603883495,,0.2623518891,84877.10536,Range/Chop,False,False
2018-03-10 00:00:00+00:00,723.65,745,673.06,680.58,63012.67972,ETHUSDT,71.16544567,34.50806858,814.1131491,869.5934028,906.4172,80021.24958,698.4580943,826.9495,955.4409057,0.3107599816,26.34027326,11.00347823,30.17872594,-0.3044660194,,0.2623518891,80021.24958,Bear Trend,False,False
2018-03-11 00:00:00+00:00,680.58,735,659.15,720.85,73967.35869,ETHUSDT,71.50005669,39.70517453,805.2309444,863.7603282,897.7792,79714.64275,690.3164253,816.0865,941.8565747,0.3082273134,27.91912848,10.16969884,29.28156745,-0.2633111906,,0.2623518891,79714.64275,Bear Trend,False,False
2018-03-12 00:00:00+00:00,721,740.5,676.31,697.11,67732.85988,ETHUSDT,70.97790979,37.80077425,794.9337116,857.2250212,890.7414,77098.45199,674.8513624,806.7925,938.7336376,0.3270757664,29.22852532,10.06625321,27.39004955,-0.2875728155,,0.2623518891,77098.45199,Bear Trend,False,False
2018-03-13 00:00:00+00:00,696.52,713.76,680,689.94,55735.18315,ETHUSDT,68.31948766,37.22012736,784.9343105,850.6648243,884.6802,71075.18358,658.9353393,799.495,940.0546607,0.3516211126,30.44439382,9.710951209,26.42328077,-0.2949003577,,0.2623518891,71075.18358,Bear Trend,False,False
2018-03-14 00:00:00+00:00,690.16,703.54,585,610.1,89904.25415,ETHUSDT,71.90666711,31.43052089,768.2834238,841.2309096,877.2822,68692.30373,626.9407949,789.9255,952.9102051,0.4126584219,32.45031643,8.567468769,32.74872671,-0.3764946346,121.96504,0.2623518891,68692.30373,Bear Trend,False,True
2018-03-15 00:00:00+00:00,610.1,621.12,570,608.83,94426.72453,ETHUSDT,70.42190518,31.34699234,753.0973834,832.1171485,868.2388,65688.26929,599.5371512,777.787,956.0368488,0.4583513194,34.4237091,8.123239091,32.57212286,-0.3777925396,120.8586919,0.2623518891,65688.26929,Bear Trend,False,True
2018-03-16 00:00:00+00:00,608.83,625.3,584.15,599.05,64720.20994,ETHUSDT,68.33105481,30.67101623,738.426204,822.9772603,859.0894,64458.70081,573.7405847,766.0425,958.3444153,0.5020659175,36.12928131,8.210763311,31.17102089,-0.3877874297,119.7315353,0.2623518891,64458.70081,Bear Trend,False,True
2018-03-17 00:00:00+00:00,599.03,609.26,544,546.95,68022.4592,ETHUSDT,68.11169375,27.29432478,720.1903751,812.1526619,849.0078,64888.26054,540.1785873,751.3305,962.4824127,0.5620746467,38.01967024,7.648835034,33.24825931,-0.4410321921,118.1732828,0.2629748337,64888.26054,Bear Trend,False,True
2018-03-18 00:00:00+00:00,547.98,560,450,537,248817.226,ETHUSDT,71.10371562,26.68998446,702.7436727,801.3623614,837.368,73583.54856,511.2736834,734.7815,958.2893166,0.6083653892,40.32564835,6.803619154,39.01718776,-0.4512008176,116.4757269,0.2722275332,73583.54856,Crash/Capitulation,False,True
2018-03-19 00:00:00+00:00,537.39,560,515.8,556.88,184798.7706,ETHUSDT,69.18202165,30.02377061,688.8518943,791.7748178,823.4664,79649.10287,491.8720255,719.12,946.3679745,0.6320168387,42.46691375,6.4931339,37.23662639,-0.4308840061,114.772294,0.2906559383,79649.10287,Crash/Capitulation,False,True
2018-03-20 00:00:00+00:00,556.88,567.87,515,557,135426.9155,ETHUSDT,68.01687725,30.0444504,676.2945711,782.5679622,811.0662,83739.42604,475.3681527,704.295,933.2218473,0.6500879527,44.21658706,6.959098093,35.16917687,-0.4203954214,113.0891897,0.3094936475,83739.42604,Bear Trend,False,True
2018-03-21 00:00:00+00:00,557,590.52,545.11,559.17,117019.1732,ETHUSDT,66.4021003,30.44475325,665.13985,773.8072578,800.5396,87401.13445,464.8554889,688.722,912.5885111,0.6500925223,45.15770317,9.055618864,33.45125324,-0.4181373569,111.4203666,0.318917874,87401.13445,Bear Trend,False,True
2018-03-22 00:00:00+00:00,559.15,578.6,516,539.92,111106.1992,ETHUSDT,66.13052171,28.86670801,653.21415,764.6352085,788.8418,90984.63141,453.977874,672.904,891.830126,0.6506905176,46.2552952,8.443321367,34.3336549,-0.4059501804,109.7610428,0.3393484395,90984.63141,Bear Trend,False,True
2018-03-23 00:00:00+00:00,539.78,544.72,506.71,543.03,106416.0675,ETHUSDT,64.12191301,29.50247097,642.7204214,755.9448082,778.8636,94596.92008,448.4096328,657.2545,866.0993672,0.635506846,47.34396317,8.085820843,33.91478514,-0.3949459047,108.0486469,0.3821397672,94596.92008,Bear Trend,False,True
2018-03-24 00:00:00+00:00,543.2,545.99,518.63,520.22,87710.78945,ETHUSDT,61.49606209,27.55708755,631.0537146,746.700698,770.822,97495.70863,446.5377484,639.9325,833.3272516,0.6044223465,48.31317632,7.976373581,32.83700588,-0.4203612297,106.3470888,0.4355048706,97495.70863,Bear Trend,False,True
2018-03-25 00:00:00+00:00,521.17,536,512,523.74,71903.1713,ETHUSDT,58.81777194,28.34234394,620.8333609,737.9571412,761.8768,99562.47729,449.771164,623.6275,797.483836,0.5575646871,49.26876176,7.743896512,32.68509827,-0.4164391804,104.6517015,0.4802086185,99562.47729,Bear Trend,False,True
2018-03-26 00:00:00+00:00,523.95,527.67,465.56,485,151084.2369,ETHUSDT,59.05293108,25.11562457,607.8968503,728.0372534,755.1056,104683.7857,446.560066,607.222,767.883934,0.529170333,50.51347289,7.162126172,35.84682418,-0.4596040067,103.0504728,0.5156181253,104683.7857,Bear Trend,False,True
2018-03-27 00:00:00+00:00,485,491.55,446,448.5,138188.7604,ETHUSDT,58.08843601,22.51479787,592.7161979,717.0750081,750.1172,106142.5595,431.3074485,592.152,752.9965515,0.5432542708,51.80232623,6.760970784,36.24421967,-0.5002729835,101.5035581,0.5362123019,106142.5595,Bear Trend,False,True
2018-03-28 00:00:00+00:00,448.5,466,440.14,446.67,89895.47885,ETHUSDT,55.78640486,22.38961154,578.8070362,706.4708902,743.4656,106821.6946,414.3326373,579.7125,745.0923627,0.5705582085,53.03892632,6.537108377,35.79444864,-0.5023120035,99.98388726,0.550409479,106821.6946,Bear Trend,False,True
2018-03-29 00:00:00+00:00,446.07,449.43,380,384,225341.9432,ETHUSDT,56.76094737,18.57965675,560.2539851,693.8249729,736.0656,112261.5231,390.360847,562.727,735.093153,0.6126102105,54.54857202,5.965951804,40.23511679,-0.569023569,98.45899055,0.5598196669,112261.5231,Crash/Capitulation,False,True
2018-03-30 00:00:00+00:00,383.87,412.04,366,392.43,292254.7944,ETHUSDT,55.99516542,20.53842473,544.2707484,682.0055622,728.281,123723.6288,369.7078146,548.3195,726.9311854,0.6514876288,56.02315288,5.615574079,39.65799454,-0.5540365471,96.98206266,0.5663164276,123723.6288,Crash/Capitulation,False,True
2018-03-31 00:00:00+00:00,392.4,419.4,388.52,393.92,167833.594,ETHUSDT,54.20122503,20.90063972,529.9516295,670.7080892,718.6194,128416.9406,359.7876686,531.973,704.1583314,0.6473461301,57.11904653,6.3569794,38.0441158,-0.5504325398,95.48566532,0.5874902775,128416.9406,Bear Trend,False,True
2018-04-01 00:00:00+00:00,393.93,399.91,356.9,378.58,150493.9942,ETHUSDT,53.40185181,19.89514426,515.5352839,659.2520857,709.168,132554.9973,349.0584421,516.0465,683.0345579,0.647182213,58.32440365,5.991270193,40.08487245,-0.5657241182,94.02116542,0.6063938679,132554.9973,Bear Trend,False,True
2018-04-02 00:00:00+00:00,378.58,394.87,375,385.05,113242.1419,ETHUSDT,51.00671954,21.60813547,503.108114,648.4990627,700.6892,135430.3452,344.7902725,500.802,656.8137275,0.6230475416,59.44366383,5.824560311,38.96949221,-0.5583022656,92.4658917,0.6104877998,135430.3452,Bear Trend,False,True
2018-04-03 00:00:00+00:00,385,419.08,380.13,415.01,137897.5556,ETHUSDT,50.14552529,29.16224522,494.7178174,639.3426289,691.6562,137830.0103,339.2519108,491.0475,642.8430892,0.6182521619,59.54632101,8.949940126,36.80741107,-0.5239346143,90.75435182,0.6154311862,137830.0103,Bear Trend,False,True
2018-04-04 00:00:00+00:00,415,416.5,370,378.16,140598.3967,ETHUSDT,49.88513063,25.86126833,483.6170729,629.1001728,682.388,140138.5939,330.2357749,479.514,628.7922251,0.6226230105,59.7334218,8.354039374,35.80719231,-0.5567641061,89.04542192,0.6204375862,140138.5939,Bear Trend,False,True
2018-04-05 00:00:00+00:00,378.15,387.03,365.61,381.22,120314.0587,ETHUSDT,47.85190701,26.60422114,473.8649707,619.3793817,671.6306,142918.2863,324.1093157,468.6225,613.1356843,0.6167573443,59.94795817,8.086930266,35.31760134,-0.5385862987,87.26262988,0.6204375862,142918.2863,Bear Trend,False,True
2018-04-06 00:00:00+00:00,381.56,385.91,362.54,368.89,74458.69141,ETHUSDT,46.10319937,25.49554009,463.8673545,609.5562687,660.5174,143240.098,313.6740219,459.7195,605.7649781,0.6353677756,60.17709325,7.794122015,34.51447712,-0.5222065357,85.36413251,0.622835276,143240.098,Bear Trend,False,True
2018-04-07 00:00:00+00:00,368.89,394.75,368.28,384.51,71463.42848,ETHUSDT,44.70082798,29.50352531,456.3095112,600.7309249,649.4342,134372.4081,307.0653882,452.095,597.1246118,0.6415890988,59.99726951,8.877019166,33.05461569,-0.4838791946,83.36144447,0.6275321901,134372.4081,Bear Trend,False,True
2018-04-08 00:00:00+00:00,384.51,404.05,384,400.4,57395.52936,ETHUSDT,42.94005456,33.42698861,450.9847958,592.8748102,638.0424,128002.246,305.9697934,444.271,582.5722066,0.6225983989,59.41628349,10.1279587,31.9521734,-0.4625503356,81.36517463,0.622835276,128002.246,Bear Trend,False,True
2018-04-09 00:00:00+00:00,400.4,431.99,387.1,399.44,151653.5041,ETHUSDT,43.07933637,33.30638461,446.0757677,585.2891313,627.8112,128813.5754,307.012281,436.393,565.773719,0.5929550611,57.72371448,14.00677547,29.57394824,-0.4605806887,79.52216216,0.6226107047,128813.5754,Bear Trend,False,True
2018-04-10 00:00:00+00:00,399.25,418.68,391.4,416.07,81394.29605,ETHUSDT,41.95081235,37.51233775,443.2180755,578.653087,617.3704,127032.3316,312.6088404,429.238,545.8671596,0.5434242056,56.15204325,13.35617538,28.20026923,-0.4381228899,77.72357914,0.6204252804,127032.3316,Bear Trend,False,True
2018-04-11 00:00:00+00:00,415.53,433.54,410.38,429.52,86706.68627,ETHUSDT,40.60861146,40.7659537,441.9134969,572.8047306,608.301,125812.3559,318.6923167,423.718,528.7436833,0.4957338761,54.09610455,15.42588237,27.05146603,-0.3982290966,75.94865682,0.6175047531,125812.3559,Bear Trend,False,True
2018-04-12 00:00:00+00:00,429.9,499,412.88,495.67,249766.3832,ETHUSDT,43.85942493,53.57036296,447.0331638,569.7798392,601.4966,132979.8717,325.4525973,421.35,517.2474027,0.4551911839,50.33286912,23.9230347,23.25740897,-0.2954629445,74.29741943,0.6146837774,132979.8717,Range/Chop,False,True
2018-04-13 00:00:00+00:00,494.3,530,480.22,495.11,251752.0878,ETHUSDT,44.28232315,53.46499695,451.6119101,566.8516102,595.369,141181.9366,328.8637001,420.0945,511.3252999,0.4343346554,47.56609428,27.00248234,21.3899211,-0.2082040621,72.73993709,0.6146837774,141181.9366,Range/Chop,False,True
2018-04-14 00:00:00+00:00,494.69,515,485.58,502.68,121283.3338,ETHUSDT,43.22072864,54.7603488,456.4755377,564.3350765,588.3906,143650.9448,332.241623,419.0415,505.841377,0.4142781897,44.9969462,25.68959869,20.34992495,-0.196097873,71.26801301,0.6146837774,143650.9448,Range/Chop,False,True
2018-04-15 00:00:00+00:00,502.68,535,502.51,533.88,108739.154,ETHUSDT,42.45424802,59.7351679,463.8473913,563.1407598,582.3894,141533.6906,325.1641754,421.4855,517.8068246,0.4570564095,43.06447227,27.65027231,19.23751892,-0.1237238617,69.84027399,0.6146837774,141533.6906,Range/Chop,False,True
2018-04-16 00:00:00+00:00,533.88,538,497.31,511.46,130359.5255,ETHUSDT,42.32823031,55.05043834,468.3819255,561.1140633,575.7948,141142.2289,321.1381694,424.6335,528.1288306,0.4874572099,41.10408106,25.75169207,18.79408867,-0.1338820023,68.50215918,0.6146837774,141142.2289,Range/Chop,False,True
2018-04-17 00:00:00+00:00,512.09,521.2,500.02,502.56,96541.96382,ETHUSDT,40.81764243,53.26463961,471.6369802,558.8178255,568.4864,141474.5531,318.8120116,427.428,536.0439884,0.5082305719,39.28371779,24.79723638,18.09750823,-0.1489534647,67.22874305,0.6146837774,141474.5531,Range/Chop,False,True
2018-04-18 00:00:00+00:00,502.56,526.99,501.12,526.09,73161.95251,ETHUSDT,39.74995368,57.21619221,476.8229821,557.5343814,561.606,133865.5536,319.7928945,434.5325,549.2721055,0.5281059784,37.74289743,24.68491908,17.25620889,-0.1091072275,66.02884474,0.6048562027,133865.5536,Range/Chop,False,True
2018-04-19 00:00:00+00:00,526.49,571.61,521.03,568.14,112235.7733,ETHUSDT,40.52352842,63.20380657,485.5198409,557.950288,555.8988,124864.6025,316.542191,443.318,570.093809,0.5719407242,37.31562654,30.34906552,15.71773927,-0.03789880106,64.87784392,0.5824478926,124864.6025,Bull Trend,False,True
2018-04-20 00:00:00+00:00,568.14,622.17,556.5,617.09,160209.0395,ETHUSDT,42.31970496,68.69599759,498.0503323,560.2694924,550.828,124483.3748,309.1308211,454.4765,599.8221789,0.6396180172,37.75927087,35.51885728,13.97558572,-0.008164970989,63.82749793,0.5824478926,124483.3748,Bull Trend,False,True
2018-04-21 00:00:00+00:00,616.8,624.5,570.23,604.87,159364.9535,ETHUSDT,43.17329746,66.04572441,508.2236339,562.0185319,545.7998,124926.9228,310.9204736,465.791,620.6615264,0.6649786124,38.20545015,32.71519244,12.72075084,-0.03143314652,62.81202188,0.5824478926,124926.9228,Bull Trend,False,True
2018-04-22 00:00:00+00:00,604.87,643.49,589,620.92,120127.3728,ETHUSDT,43.98163336,67.80270555,518.9566212,564.3283934,541.0978,125271.1843,313.4573758,477.5845,641.7116242,0.6873218214,38.8969566,32.90414983,11.5950314,-0.03507436013,61.81965127,0.5824478926,125271.1843,Bull Trend,False,True
2018-04-23 00:00:00+00:00,620.67,649.11,618.02,645.09,77475.70793,ETHUSDT,43.06080241,70.29547197,530.9693239,567.4955152,536.6664,122250.0919,312.3490032,489.0885,665.8279968,0.7227301268,39.61951545,32.13946695,10.99705713,-0.006193095161,60.83355713,0.5824478926,122250.0919,Bull Trend,False,True
2018-04-24 00:00:00+00:00,644.58,712.99,643.76,701.58,171437.6697,ETHUSDT,44.9300308,75.13992032,547.2179597,572.7537303,533.7012,123792.0556,313.5296227,505.2595,696.9893773,0.7589362588,41.05235667,38.75766963,9.786720824,-0.0160030295,59.88244591,0.5824478926,123792.0556,Bull Trend,False,True
2018-04-25 00:00:00+00:00,701.16,703.3,593.83,618,341439.5043,ETHUSDT,49.5400286,59.64154896,553.9591064,574.5280938,529.799,134848.3279,328.2477051,517.0985,705.9492949,0.7304248413,40.6751139,32.64024699,15.44109162,-0.133227675,59.0462593,0.5824478926,134848.3279,Bull Trend,False,True
2018-04-26 00:00:00+00:00,617.73,666.19,600,661.51,155754.0082,ETHUSDT,50.72931228,63.82465966,564.2020487,577.939149,528.0312,138913.0937,345.7560007,531.7295,717.7029993,0.6995041627,40.32481704,29.59824981,14.00201681,-0.0722029762,58.30535982,0.5824478926,138913.0937,Bull Trend,False,True
2018-04-27 00:00:00+00:00,661.51,686.82,635.73,643.46,134803.4839,ETHUSDT,50.75507568,60.99999141,571.750425,580.5085941,526.9912,142080.0965,365.5747495,544.677,723.7792505,0.6576457257,40.30666882,30.37343677,12.99527297,-0.09751889928,57.61986984,0.5824478926,142080.0965,Bull Trend,False,True
2018-04-28 00:00:00+00:00,643.41,694.9,638.76,682.86,113128.3634,ETHUSDT,51.13971314,64.67504945,582.3322893,584.5223747,526.1742,144866.7382,382.9150451,558.8,734.6849549,0.6295095021,40.40736886,29.12033635,11.97627928,-0.0422586572,57.00636723,0.5824478926,144866.7382,Bull Trend,False,True
2018-04-29 00:00:00+00:00,683.5,700.49,665.28,690.85,110020.2387,ETHUSDT,50.00187648,65.38736015,592.6673094,588.6920855,526.3796,142785.0749,404.5669513,573.3705,742.1740487,0.5888114185,40.58434519,28.45417986,11.37389504,-0.03105232892,56.43015052,0.5803760714,142785.0749,Bull Trend,False,True
2018-04-30 00:00:00+00:00,690.85,695.3,662.2,670.78,112494.9172,ETHUSDT,48.79459959,62.0051474,600.1066132,591.9112194,525.3782,144340.106,428.6420394,586.106,743.5699606,0.537322466,40.62868781,27.07546559,11.27365572,-0.05920139132,55.8972231,0.5803760714,144340.106,Bull Trend,False,True
2018-05-01 00:00:00+00:00,670.78,675.6,627.58,672,133123.6668,ETHUSDT,48.73927105,62.13336892,606.9536024,595.0519559,524.876,146660.955,454.0819714,598.23,742.3780286,0.4819150783,39.41327657,25.17004425,15.55392235,-0.05749028738,55.42831431,0.5803760714,146660.955,Bull Trend,False,True
2018-05-02 00:00:00+00:00,671.99,691.99,663,688.56,86185.5033,ETHUSDT,47.32860883,63.91355519,614.7256403,598.7189381,524.8484,138481.911,466.6839206,607.8745,749.0650794,0.4645385827,38.6105568,26.54239514,14.87340944,-0.03426415518,55.00541091,0.5803760714,138481.911,Bull Trend,False,True
2018-05-03 00:00:00+00:00,688.55,792.08,685.39,779,229419.209,ETHUSDT,51.5687082,71.73014419,630.3708174,605.7887836,528.2264,137365.2671,472.2609053,622.069,771.8770947,0.4816446236,39.31200938,36.48362849,12.67544855,-0.01651348349,54.70191727,0.5803760714,137365.2671,Bull Trend,False,True
2018-05-04 00:00:00+00:00,779,810,756.91,785.99,179924.4022,ETHUSDT,51.6773719,72.2307984,645.1916919,612.855498,531.7696,140297.3205,480.7896807,636.2345,791.6793193,0.4886400198,40.15332201,36.28332552,11.74531008,-0.02964197531,54.45407794,0.5803760714,140297.3205,Bull Trend,False,True
2018-05-05 00:00:00+00:00,785.8,832.66,781.56,819.5,128631.1876,ETHUSDT,51.63613105,74.55708435,661.7924832,620.9592039,536.1786,141291.9222,483.2753613,650.5155,817.7556387,0.5141772599,41.16378881,36.85313979,10.91507007,-0.01580477025,54.22504857,0.5803760714,141291.9222,Bull Trend,False,True
2018-05-06 00:00:00+00:00,819.5,839.99,752.49,794.3,166871.16,ETHUSDT,54.19783598,69.82021218,674.4122467,627.7568822,541.1256,143117.5039,499.0169573,664.6575,830.2980427,0.4984237528,41.1859482,32.60329993,13.4875652,-0.05439350468,53.98821176,0.5803760714,143117.5039,Bull Trend,False,True
2018-05-07 00:00:00+00:00,794.3,799.14,701,752.49,284237.0633,ETHUSDT,57.33656198,62.70233083,681.8482232,632.648377,545.4354,152502.2589,525.1673919,677.154,829.1406081,0.4488982068,39.82354969,28.61720233,18.25307386,-0.1041679068,53.78027997,0.5803760714,152502.2589,Bull Trend,False,True
2018-05-08 00:00:00+00:00,753,777,720.02,748.99,135106.1962,ETHUSDT,57.31109326,62.13130909,688.2426781,637.2107936,549.2776,155599.471,550.2008439,688.299,826.3971561,0.4012737374,38.55846536,26.58492538,16.95681503,-0.108334623,53.55036712,0.5803760714,155599.471,Bull Trend,False,True
2018-05-09 00:00:00+00:00,748.99,760.74,710.26,751.75,112353.3776,ETHUSDT,56.82315803,62.42193152,694.2909945,641.7025272,553.1726,155605.3513,568.4386413,697.4795,826.5203587,0.3700205059,37.12899068,24.89797857,17.10768407,-0.1050488696,53.31132899,0.5630669422,155605.3513,Bull Trend,False,True
2018-05-10 00:00:00+00:00,752.4,769.88,720,722.52,102019.2993,ETHUSDT,56.32721817,57.39793291,696.9794712,644.8718399,556.4396,152695.8642,578.7618902,702.751,826.7401098,0.3528678289,35.96809567,24.48215426,16.02557428,-0.1398469029,53.05844835,0.525749863,152695.8642,Bull Trend,False,True
2018-05-11 00:00:00+00:00,722.52,737.23,663,676.96,216953.5499,ETHUSDT,57.6059883,50.56645873,695.0728549,646.1301991,559.1804,155575.2941,590.001614,706.3555,822.709386,0.329448517,33.49839979,22.22877952,21.61827362,-0.1940856439,52.83558299,0.5063005063,155575.2941,Bull Trend,False,True
2018-05-12 00:00:00+00:00,676.96,690.2,633.2,684.11,166801.0749,ETHUSDT,57.56270342,51.54121868,694.0287735,647.619603,562.002,157908.9792,599.3450198,709.515,819.6849802,0.3105501088,31.60878395,20.65653077,23.78703705,-0.1855736378,52.65630325,0.4935318863,157908.9792,Range/Chop,False,True
2018-05-13 00:00:00+00:00,684.56,742,666.31,729.08,136022.3921,ETHUSDT,58.85751032,57.25081405,697.3669855,650.8141284,566.1792,160836.3134,607.3503939,713.7145,820.0786061,0.2980578538,29.87828391,25.0454684,21.60204968,-0.1320372862,52.4388173,0.485277549,160836.3134,Bull Trend,False,True
2018-05-14 00:00:00+00:00,729.08,743.9,686,727.49,183466.9224,ETHUSDT,58.78911673,56.99511484,700.2358441,653.8210253,570.2542,161437.776,608.637478,715.01,821.382522,0.2975413547,28.3064212,23.51441167,20.08238226,-0.1339301658,52.2449375,0.481779851,161437.776,Bull Trend,False,True
2018-05-15 00:00:00+00:00,727.49,740,695,704.91,127191.2186,ETHUSDT,57.80417982,53.35092352,700.6810018,655.8245145,574.6524,150725.3617,622.5164896,719.3555,816.1945104,0.2692382568,26.8468344,22.20685852,18.96567211,-0.1608114382,52.06948958,0.4730916032,150725.3617,Bull Trend,False,True
2018-05-16 00:00:00+00:00,704.91,712.84,673.52,706.29,118902.4689,ETHUSDT,56.48388126,53.54641266,701.2151921,657.8035532,579.8082,148882.7848,628.1993045,721.5945,814.9896955,0.2588578363,24.99129102,21.10265769,20.738959,-0.1591685615,51.87569271,0.4567183947,148882.7848,Range/Chop,False,True
2018-05-17 00:00:00+00:00,706.8,719.25,662,667.62,106723.3837,ETHUSDT,56.53860403,47.53504545,698.01565,658.1885119,584.2272,147478.7798,632.922164,722.8025,812.682836,0.2486995714,23.40449898,19.57635901,20.69435559,-0.2052048239,51.63294085,0.4250859721,147478.7798,Range/Chop,False,True
2018-05-18 00:00:00+00:00,667.62,694.9,656,692.6,106541.6631,ETHUSDT,55.27870374,51.335683,697.4998738,659.537982,590.3992,147149.4447,634.1778641,723.2895,812.4011359,0.2464065521,22.06902491,18.5923578,20.42945064,-0.1754663746,51.40121888,0.3856471216,147149.4447,Range/Chop,False,True
2018-05-19 00:00:00+00:00,693.26,717.8,682.31,697,88828.85641,ETHUSDT,53.8652249,51.99533596,697.4522668,661.0070808,596.4906,146089.8756,634.8937376,723.597,812.3002624,0.2451731072,20.72104887,20.75404563,19.46800181,-0.170228217,51.16535801,0.3614441674,146089.8756,Range/Chop,False,True
2018-05-20 00:00:00+00:00,697,729.88,688.4,716.16,86004.7409,ETHUSDT,52.98056598,54.86447063,699.2339556,663.1699403,602.9354,144765.3668,640.4212224,725.866,811.3107776,0.235428516,19.75371899,21.2220369,18.37928358,-0.1474184216,50.94166577,0.341158173,144765.3668,Range/Chop,True,True
2018-05-21 00:00:00+00:00,716.16,720.46,688,696.7,96085.15451,ETHUSDT,51.51481127,51.49789052,698.9926265,664.4848446,609.2978,142913.4412,644.1279258,727.101,810.0740742,0.2282298447,18.8442734,20.26687842,17.6075339,-0.1705853641,50.6980706,0.3199993129,142913.4412,Range/Chop,True,True
2018-05-22 00:00:00+00:00,697.1,699.6,637.32,640.99,107059.5769,ETHUSDT,52.28375332,43.30541787,693.4685669,663.5634782,614.4166,143957.1449,635.0127396,724.7225,814.4322604,0.2475699607,18.26977115,18.54246787,23.03315104,-0.2369075822,50.50076793,0.3043039813,143957.1449,Range/Chop,True,True
2018-05-23 00:00:00+00:00,640.86,669,560,577.19,257099.771,ETHUSDT,56.3349138,36.20250638,682.3944176,660.176283,617.6602,145341.173,607.8400215,714.632,821.4239785,0.2988726462,19.10508887,15.97982337,29.65348923,-0.3128608674,50.4147488,0.29846525,145341.173,Range/Chop,False,True
2018-05-24 00:00:00+00:00,577.19,612.1,550,602.18,195854.625,ETHUSDT,56.74670567,40.33083616,674.7549493,657.9019189,622.1406,146137.6841,593.2926564,705.4415,817.5903436,0.3179536323,20.0260808,14.73073005,28.59429409,-0.2831105132,50.38023102,0.29846525,146137.6841,Range/Chop,False,True
2018-05-25 00:00:00+00:00,602.08,617.46,568.7,585.55,118076.2627,ETHUSDT,56.17622669,38.54339637,666.2592398,655.0645888,626.2272,145609.9379,582.8252767,693.744,804.6627233,0.3197684543,20.72577642,14.49897162,26.82148294,-0.302908368,50.33228595,0.29846525,145609.9379,Range/Chop,False,True
2018-05-26 00:00:00+00:00,585.56,607.62,578.32,586,77654.12532,ETHUSDT,54.25649621,38.62266606,658.6155027,652.3561735,630.5694,141149.0861,573.0179563,683.329,793.6400437,0.3228636387,21.37549377,13.93969709,25.78688734,-0.3023726473,50.26842029,0.29846525,141149.0861,Range/Chop,False,True
2018-05-27 00:00:00+00:00,586.03,592,557.43,570.4,97097.26713,ETHUSDT,52.85031791,36.84826253,650.2140263,649.1422059,634.2872,131792.0963,558.3327328,674.2245,790.1162672,0.3437779766,22.3265859,13.28840309,27.40540349,-0.320944297,50.21948551,0.29846525,131792.0963,Range/Chop,False,True
2018-05-28 00:00:00+00:00,570.81,576.2,506.11,511.5,153197.8328,ETHUSDT,54.08172378,31.0483207,637.0031666,643.7444724,636.5092,132696.6782,531.7944054,662.35,792.9055946,0.3942193541,23.93322065,12.05827513,31.64654481,-0.3910641793,50.17483178,0.29846525,132696.6782,Range/Chop,False,True
2018-05-29 00:00:00+00:00,511.5,573.43,510,567.36,189082.8379,ETHUSDT,54.74945779,40.59779585,630.3704841,640.7490029,639.8676,136533.1512,523.0885276,653.1305,783.1724724,0.3982112989,25.42509577,11.06040955,29.02767956,-0.3245633877,50.15406999,0.29846525,136533.1512,Bear Trend,False,True
2018-05-30 00:00:00+00:00,567.09,585.83,541.2,557.19,122132.2701,ETHUSDT,54.02663938,39.52453298,623.4009142,637.4721792,642.69,137538.7997,512.5178257,644.864,777.2101743,0.4104622814,26.37957778,12.04718984,27.31489312,-0.3366706747,50.15116022,0.29846525,137538.7997,Bear Trend,False,True
2018-05-31 00:00:00+00:00,557.87,586.73,552.98,577.81,100101.5228,ETHUSDT,52.57830799,42.8249053,619.0589223,635.1324859,645.6558,131696.1984,505.3315403,639.9065,774.4814597,0.4206081972,27.23371443,11.61709305,26.06250586,-0.3121227634,50.13743449,0.29846525,131696.1984,Bear Trend,False,True
2018-06-01 00:00:00+00:00,577.81,590.26,564.93,579,83840.84162,ETHUSDT,50.63200028,43.01817467,615.2437869,632.931212,647.3224,127548.1867,499.184882,634.651,770.117118,0.4268995652,27.8932377,11.69995854,25.13118734,-0.3107060798,50.13118917,0.29846525,127548.1867,Bear Trend,False,True
2018-06-02 00:00:00+00:00,579,599.17,572.9,590.85,80258.14719,ETHUSDT,48.8918574,45.01152619,612.9205691,631.2809684,649.2372,124759.9744,498.2777987,627.7395,757.2012013,0.4124695078,28.16009618,12.5526306,24.1666734,-0.296598769,50.11029471,0.3084131393,124759.9744,Bear Trend,False,True
2018-06-03 00:00:00+00:00,590.85,628.81,590.1,619.66,84123.33235,ETHUSDT,48.16458187,49.62542943,613.5624196,630.8252441,651.5768,119792.7949,501.2402702,622.348,743.4557298,0.3891961726,27.34838512,16.22766016,22.77932923,-0.2623007417,50.0816189,0.3188610433,119792.7949,Bear Trend,False,True
2018-06-04 00:00:00+00:00,619.66,625.47,580.15,591.02,96339.44507,ETHUSDT,47.96139745,45.53510637,611.4155225,629.2642541,652.7196,118250.2063,501.0232062,616.6535,732.2837938,0.3750251765,26.82729275,15.13237818,22.72369043,-0.2963963857,50.08344374,0.3213160465,118250.2063,Bear Trend,False,True
2018-06-05 00:00:00+00:00,591.02,614,570.36,609.05,89053.74351,ETHUSDT,47.65272621,48.41756177,611.1902347,628.4715383,654.6714,116757.77,503.7154578,611.7915,719.8675422,0.3533100482,26.57084499,14.14251279,22.70471108,-0.2378682083,50.10926918,0.3333208076,116757.77,Bear Trend,False,True
2018-06-06 00:00:00+00:00,609.29,613.35,593.4,607.4,70152.92117,ETHUSDT,45.67396005,48.166337,610.8292599,627.6452035,656.7682,114929.2469,503.782123,608.7805,713.778877,0.3449465843,26.33271493,13.70127492,21.99633779,-0.2182754183,50.12548805,0.3443622804,114929.2469,Bear Trend,False,True
2018-06-07 00:00:00+00:00,606.68,618,598.24,605.16,60174.1888,ETHUSDT,43.8229629,47.80370191,610.2893304,626.7634308,658.3496,112610.8732,506.7064963,604.4085,702.1105037,0.3232979143,25.92262528,14.01791063,21.28789049,-0.2139554216,50.14020319,0.3443622804,112610.8732,Bear Trend,False,True
2018-06-08 00:00:00+00:00,605.2,608.45,593.33,598.68,49228.00755,ETHUSDT,41.77275127,46.70815595,609.1836799,625.6621198,658.9604,110630.8307,511.5098922,599.4925,687.4751078,0.2935236314,25.67698992,13.65548912,21.57708636,-0.2223723178,50.11842677,0.3443622804,110630.8307,Bear Trend,False,True
2018-06-09 00:00:00+00:00,599.29,608.97,591,592.87,38908.0653,ETHUSDT,40.07255475,45.69694435,607.6299961,624.3761543,658.476,108275.9969,523.5036101,593.328,663.1523899,0.2353652276,25.51551664,13.21808762,21.3012648,-0.2030246001,50.08712248,0.3443622804,108275.9969,Bear Trend,False,True
2018-06-10 00:00:00+00:00,592.44,592.87,501.13,524.11,190350.5843,ETHUSDT,43.76308655,35.81470946,599.6757108,620.4441482,656.8608,112989.2684,526.4006049,584.6985,642.9963951,0.1994118168,27.18841411,11.23887987,32.77998958,-0.2954563785,50.13969706,0.3443622804,112989.2684,Bear Trend,False,True
2018-06-11 00:00:00+00:00,524.64,535.51,508.66,531.69,145813.0782,ETHUSDT,42.55500894,37.42132656,593.2008812,616.9635934,655.0762,114926.9435,522.5994706,579.2335,635.8675294,0.1955481837,28.7418189,10.7323692,31.30267026,-0.2852668369,50.1179568,0.3443622804,114926.9435,Bear Trend,False,True
2018-06-12 00:00:00+00:00,531.08,538.88,482,493,158223.1481,ETHUSDT,43.57822259,32.89522823,583.6579401,612.102276,652.0344,109983.1123,507.0317809,575.024,643.0162191,0.2364848044,30.55941559,9.73177578,32.75409003,-0.3372765157,50.10622179,0.3443622804,109983.1123,Bear Trend,False,True
2018-06-13 00:00:00+00:00,493,501.97,449.06,475.47,181842.1942,ETHUSDT,44.24477812,31.06205758,573.3543268,606.7441475,647.5122,109282.4908,489.3342454,568.6885,648.0427546,0.2790781057,32.6411058,8.9005102,35.27413091,-0.357472973,50.12328928,0.3443622804,109282.4908,Bear Trend,False,True
2018-06-14 00:00:00+00:00,475.47,529,460,519.29,206093.0733,ETHUSDT,46.01300825,40.0549331,568.2053433,603.3145731,645.538,113683.3313,483.6174779,565.3755,647.1335221,0.2892167139,33.47725234,12.14317209,31.4958282,-0.2885268811,50.18260195,0.3443622804,113683.3313,Bear Trend,False,True
2018-06-15 00:00:00+00:00,519.3,521,481.62,487.48,160532.5361,ETHUSDT,45.53922195,36.3481393,560.5172153,598.7720408,642.0574,117827.2519,472.6099869,560.4495,648.2890131,0.3134609384,34.25367413,11.39311517,29.55040047,-0.3321093878,50.23611848,0.3443622804,117827.2519,Bear Trend,False,True
2018-06-16 00:00:00+00:00,487.47,503.28,483.72,496.74,131095.4517,ETHUSDT,43.68356324,38.14272901,554.4431948,594.7707843,639.123,119527.1611,464.8235846,556.7665,648.7094154,0.3302745959,34.97463721,11.02872618,28.60528226,-0.3194223708,50.28388382,0.3376105901,119527.1611,Bear Trend,False,True
2018-06-17 00:00:00+00:00,496.45,507.6,492.7,497.14,117316.9322,ETHUSDT,41.62759444,38.22375219,548.9857477,590.9421261,635.4086,117733.1161,462.4926862,556.0485,649.6043138,0.3365023511,35.44993483,11.48802313,27.87393582,-0.3188743355,50.31517784,0.3333884735,117733.1161,Bear Trend,False,True
2018-06-18 00:00:00+00:00,497.15,524.48,487.27,517.95,143826.6827,ETHUSDT,41.31205198,42.44733252,546.0299622,588.0796898,631.9506,115470.3083,458.7466447,553.578,648.4093553,0.3426124423,35.14847793,13.66748167,26.08063493,-0.2903627994,50.3283199,0.3333884735,115470.3083,Bear Trend,False,True
2018-06-19 00:00:00+00:00,517.77,548.2,510.01,537.97,148148.3806,ETHUSDT,41.08904826,46.25430381,545.2623468,586.1146039,629.2944,116771.1138,457.5622553,552.617,647.6717447,0.3440167229,33.93115996,16.88356088,24.34917,-0.253296505,50.30780895,0.3333884735,116771.1138,Bear Trend,False,True
2018-06-20 00:00:00+00:00,537.68,542.02,515.08,536.49,123892.0424,ETHUSDT,40.07840196,46.01199593,544.4268852,584.168541,626.5842,117960.6398,455.9813979,550.551,645.1206021,0.3435452922,32.80079327,16.07292988,23.18009245,-0.2331475129,50.25622736,0.3333884735,117960.6398,Bear Trend,False,True
2018-06-21 00:00:00+00:00,536.34,544.98,521.11,526.18,79862.90544,ETHUSDT,38.92065896,44.27208505,542.6890866,581.8944806,623.3366,117761.743,453.7164221,547.91,642.1035779,0.3438286504,31.63081091,15.91205161,22.16464053,-0.2134828102,50.17187779,0.3333884735,117761.743,Bear Trend,False,True
2018-06-22 00:00:00+00:00,526.32,526.44,450,462.09,212659.5344,ETHUSDT,41.60061189,35.32873373,535.0129831,577.1962657,616.9984,124381.8124,442.4220908,541.472,640.5219092,0.3658542239,32.15386038,13.82362555,31.46521609,-0.2651357326,50.14754128,0.3333884735,124381.8124,Bear Trend,False,True
2018-06-23 00:00:00+00:00,462.4,481,455,473.41,94465.26834,ETHUSDT,40.48628247,37.7217601,529.1460323,573.126216,610.7468,124898.9092,437.7188012,534.1595,630.6001988,0.3610932643,32.63954918,13.18952319,30.02187781,-0.2471334743,50.07347881,0.3333884735,124898.9092,Bear Trend,False,True
2018-06-24 00:00:00+00:00,473.4,475.81,419.53,454.41,198264.1008,ETHUSDT,41.61440515,35.35691682,522.028315,568.4706782,603.445,129995.142,428.6397974,527.329,626.0182026,0.3742984081,33.6788498,11.91539989,33.20993717,-0.2773492788,49.94138508,0.3333884735,129995.142,Bear Trend,False,True
2018-06-25 00:00:00+00:00,454.29,474.47,444.37,458.7,122942.1165,ETHUSDT,40.79194764,36.32753947,515.9970469,564.1659457,596.733,131689.5606,424.3136935,519.8115,615.3093065,0.3674324501,34.64391466,11.2873811,31.45955826,-0.2705268682,49.77576234,0.3333884735,131689.5606,Bear Trend,False,True
2018-06-26 00:00:00+00:00,459.04,460.81,429,429.34,84003.09976,ETHUSDT,40.15037995,32.70790639,507.7439948,558.8786537,590.27,132382.0695,416.5398251,510.9085,605.2771749,0.369415169,35.77957079,10.64861896,32.41359914,-0.3172182376,49.59901741,0.3333884735,132382.0695,Bear Trend,False,True
2018-06-27 00:00:00+00:00,429.81,445.95,420.19,441.64,99156.36437,ETHUSDT,39.12249567,35.60277886,501.4483762,554.2810594,584.123,134331.1783,414.2959981,502.7325,591.1690019,0.3518232935,36.96735264,10.14779562,32.49763133,-0.29765748,49.39873045,0.3395573967,134331.1783,Bear Trend,False,True
2018-06-28 00:00:00+00:00,441.36,443.96,416.45,420.22,112309.5671,ETHUSDT,38.29303169,32.94480121,493.7123404,549.023763,577.4924,137485.2563,410.0060804,493.8095,577.6129196,0.3394159878,38.1279172,9.627063326,31.52764911,-0.3317218238,49.20358304,0.341014215,137485.2563,Bear Trend,False,True
2018-06-29 00:00:00+00:00,420.48,442,404.48,434.77,159495.3094,ETHUSDT,38.23781514,36.41724315,488.0987842,544.5432233,571.7374,143514.6185,411.6913407,485.9045,560.1176593,0.3054639722,39.39005478,8.95232473,31.55395554,-0.3085828788,49.02763663,0.341014215,143514.6185,Bear Trend,False,True
2018-06-30 00:00:00+00:00,434.77,463.15,434.51,454.09,157169.2024,ETHUSDT,37.55225692,40.80099309,484.8598523,540.996038,567.28,141855.5494,409.129593,482.4035,555.677407,0.3037867968,39.5042306,12.48759906,29.83500752,-0.2778581766,48.84118639,0.341014215,141855.5494,Bear Trend,False,True
2018-07-01 00:00:00+00:00,454.2,457.77,443.73,452.1,111226.6285,ETHUSDT,35.87281,40.49132317,481.7398664,537.5099189,562.6398,140126.2269,407.6882355,478.424,549.1597645,0.2957032443,39.610251,12.13849683,29.00094266,-0.2810228845,48.65025641,0.341014215,140126.2269,Bear Trend,False,True
2018-07-02 00:00:00+00:00,452.14,481.83,444.16,476.25,182585.1102,ETHUSDT,36.00118071,45.86143998,481.217022,535.1075691,557.5832,141344.325,407.1649404,477.5865,548.0080596,0.294905989,38.58648926,16.00492325,26.83342345,-0.2426170067,48.39079762,0.341014215,141344.325,Bear Trend,False,True
2018-07-03 00:00:00+00:00,476.32,486.98,457,461.82,186954.5548,ETHUSDT,35.57109638,43.34450846,479.3696866,532.2335468,552.2698,141599.9431,406.149824,476.904,547.658176,0.2967229294,37.41175179,16.07555122,25.21801472,-0.2616432443,48.1223597,0.341014215,141599.9431,Bear Trend,False,True
2018-07-04 00:00:00+00:00,461.78,482.7,458.02,467.38,101886.202,ETHUSDT,34.79316092,44.60598648,478.2278116,529.6902705,547.5192,136389.5995,406.2053896,474.3085,542.4116104,0.2871679948,36.32092414,15.26105493,23.94029932,-0.2437216828,47.84164353,0.341014215,136389.5995,Bear Trend,False,True
2018-07-05 00:00:00+00:00,467.19,480,458.8,467.87,125806.0083,ETHUSDT,33.82222085,44.72279908,477.2413534,527.2659461,542.7508,134653.2731,405.4473599,473.328,541.2086401,0.286822838,35.30801275,14.57778823,22.86844619,-0.2429288026,47.50204994,0.341014215,134653.2731,Bear Trend,False,True
2018-07-06 00:00:00+00:00,467.79,476,451.29,470.47,100428.648,ETHUSDT,33.17134794,45.38096118,476.5964626,525.0386541,538.8078,133119.9329,404.9854805,472.0145,539.0435195,0.2840125442,34.61005781,13.80212496,23.26879319,-0.2387216828,47.09929638,0.341014215,133119.9329,Bear Trend,False,True
2018-07-07 00:00:00+00:00,470.48,487.99,461.5,485.57,83629.95382,ETHUSDT,32.6941088,49.16647902,477.4510852,523.4908638,534.6672,131435.584,405.0881065,471.436,537.7838935,0.2814714766,33.33633464,15.62285863,21.92213221,-0.2026372399,46.6890133,0.341014215,131435.584,Bear Trend,False,True
2018-07-08 00:00:00+00:00,485.57,495.98,482.05,486.77,144703.1363,ETHUSDT,31.35381531,49.46622404,478.3386009,522.0508299,530.4626,131479.4067,406.5789991,469.877,533.1750009,0.2694237043,31.7558545,16.94731257,21.22644266,-0.2006666995,46.26452426,0.32243998,131479.4067,Bear Trend,False,True
2018-07-09 00:00:00+00:00,486.55,488.98,468.2,471.71,89532.14109,ETHUSDT,30.59854279,45.81500465,477.7073056,520.0766797,525.5736,128548.5947,411.463422,466.564,521.664578,0.2361972977,30.80665527,16.12522591,23.42989615,-0.2043618331,45.835713,0.3046253845,128548.5947,Bear Trend,False,True
2018-07-10 00:00:00+00:00,471.73,473.23,427.69,432.48,173640.9762,ETHUSDT,31.66578973,37.95569895,473.3999431,516.6415158,520.2892,131036.0414,414.6483246,461.3635,508.0786754,0.2025091945,31.11766465,14.46876774,30.16091532,-0.2110908428,45.40337636,0.3002548631,131036.0414,Bear Trend,False,True
2018-07-11 00:00:00+00:00,432.55,452.69,424.2,444.99,159022.5973,ETHUSDT,31.43894761,41.40747301,470.6942343,513.8316524,516.3692,134994.026,420.8379608,457.304,493.7700392,0.1594827039,31.49279768,13.53222423,29.00156063,-0.1882707041,44.96798043,0.2962130869,134994.026,Bear Trend,False,True
2018-07-12 00:00:00+00:00,444.99,445.36,416.94,431.14,181877.0792,ETHUSDT,31.22330849,38.83171987,466.9271643,510.5888425,513.4482,133454.9032,417.6445227,455.7565,493.8684773,0.1672471035,32.02334014,12.65241947,28.7768559,-0.2135352061,44.5074104,0.2953046167,133454.9032,Bear Trend,False,True
2018-07-13 00:00:00+00:00,431.14,442.47,424.62,432.46,150320.3253,ETHUSDT,30.26807217,39.21977787,463.6445773,507.5249664,510.0538,136247.6561,415.2126371,453.709,492.2053629,0.1696962718,32.51598671,12.11945409,27.56467129,-0.2111273258,44.03205965,0.2910369919,136247.6561,Bear Trend,False,True
2018-07-14 00:00:00+00:00,432.43,440,428.26,433.19,122253.694,ETHUSDT,28.94463845,39.44856333,460.7441413,504.6098696,507.0066,132447.1357,413.1312357,452.648,492.1647643,0.1746026243,32.97344424,11.76833455,26.76607967,-0.209795695,43.5510673,0.2869954164,132447.1357,Bear Trend,False,True
2018-07-15 00:00:00+00:00,433.2,455,430.52,449.78,140415.2705,ETHUSDT,28.6257357,44.55627912,459.6999374,502.4596787,504.2822,133320.7934,412.7672597,452.202,491.6367403,0.1744120562,32.46794068,14.79236456,25.13110327,-0.1795330171,43.08676487,0.2854176911,133320.7934,Bear Trend,False,True
2018-07-16 00:00:00+00:00,449.79,480.57,444.03,478.49,172440.7134,ETHUSDT,29.19104029,52.08835735,461.4894672,501.5196913,502.444,137742.6741,415.1042336,454.6595,494.2147664,0.1739995156,30.67810085,19.7265767,22.88410629,-0.1271616198,42.63097214,0.2827420104,137742.6741,Bear Trend,False,True
2018-07-17 00:00:00+00:00,478.49,512,465.29,498.76,215318.0676,ETHUSDT,30.44239456,56.57393305,465.0390417,501.4114681,502.1892,143550.7593,414.0751789,457.5155,500.9558211,0.1898966095,29.20607338,24.93916554,20.37605174,-0.09018606348,42.21703366,0.2754475905,143550.7593,Range/Chop,False,True
2018-07-18 00:00:00+00:00,498.89,515.47,468.01,479.41,236137.8071,ETHUSDT,31.6579378,51.60690254,466.4077044,500.5486654,500.4302,149742.1713,419.6129161,460.475,501.3370839,0.177477969,27.96112286,23.05154868,18.19414034,-0.1254834002,41.8469122,0.252810501,149742.1713,Range/Chop,False,True
2018-07-19 00:00:00+00:00,479.4,484.15,462.57,468.57,171308.0671,ETHUSDT,30.9380851,49.01089424,466.6136373,499.2946001,498.6578,150332.8092,422.9318265,462.165,501.3981735,0.1697799421,26.55717361,21.90305111,18.54361818,-0.1402069801,41.47953752,0.2193532461,150332.8092,Range/Chop,False,True
2018-07-20 00:00:00+00:00,468.7,471.02,440,449.04,160873.3824,ETHUSDT,30.94393617,44.65272678,464.9399576,497.3238315,496.0824,150518.0182,422.4106156,461.9125,501.4143844,0.171036222,25.00952097,20.33470172,22.4257011,-0.1760431575,41.1366896,0.196202902,150518.0182,Bear Trend,False,True
2018-07-21 00:00:00+00:00,449.04,468.97,441.18,460.23,74259.64067,ETHUSDT,30.71865501,47.53159431,464.4913902,495.8691714,493.707,148669.6688,423.0628281,462.319,501.5751719,0.1698228796,23.57241494,19.02069944,20.97658112,-0.1257693184,40.7772713,0.1836872893,148669.6688,Range/Chop,False,True
2018-07-22 00:00:00+00:00,460.23,472.2,454.19,457.47,60684.89595,ETHUSDT,29.81089394,46.88383706,463.8226864,494.3633216,491.0394,142574.6581,422.6061923,461.38,500.1538077,0.1680775398,22.08945541,18.97382588,20.07137937,-0.1125186723,40.3352043,0.1760402967,142574.6581,Range/Chop,False,True
2018-07-23 00:00:00+00:00,457.47,469.82,447.11,450.05,106561.4608,ETHUSDT,29.30368723,45.10421992,462.511002,492.6255442,487.6472,138555.0034,421.7062356,460.7915,499.8767644,0.1696440337,21.02271819,17.92350563,20.6860728,-0.1269133024,39.87782066,0.1745073402,138555.0034,Range/Chop,False,True
2018-07-24 00:00:00+00:00,450.05,484.27,448.47,479.28,158286.759,ETHUSDT,29.76770957,52.71812889,464.1080494,492.1021896,485.4124,141375.0312,421.5628255,461.3865,501.2101745,0.1726260933,19.69470316,19.85114206,18.90907201,-0.07020777155,39.43767871,0.1742057859,141375.0312,Range/Chop,True,True
2018-07-25 00:00:00+00:00,479.24,485.77,464,472.1,170475.5494,ETHUSDT,29.1964446,50.85235048,464.8691875,491.31779,482.6734,143608.5083,421.5943154,461.598,501.6016846,0.1733269409,18.53055139,19.1608443,17.90197655,-0.08413680719,39.02001118,0.1736632283,143608.5083,Range/Chop,True,True
2018-07-26 00:00:00+00:00,472.11,485,460,462.64,173976.2192,ETHUSDT,28.89669856,48.42079936,464.656884,490.1931708,479.7782,147285.8868,421.4050381,461.2065,501.0079619,0.1725971421,17.24535619,17.97677155,17.78444109,-0.1024889906,38.62078419,0.1729765171,147285.8868,Range/Chop,True,True
2018-07-27 00:00:00+00:00,462.17,474,455.84,470.09,198304.7921,ETHUSDT,28.12979152,50.43096861,465.1743236,489.4048111,477.0768,153019.6287,421.9769756,460.4325,498.8880244,0.1670408773,16.19082759,17.14781266,18.02067906,-0.08803616117,38.18825199,0.1726116177,153019.6287,Range/Chop,True,True
2018-07-28 00:00:00+00:00,470.09,472,460.82,469.29,156862.5936,ETHUSDT,26.91909212,50.20470183,465.5662928,488.615995,474.489,153627.6016,422.7790202,459.5585,496.3379798,0.1600644086,15.21162246,16.63911224,17.48608453,-0.08958814286,37.72441256,0.1718166821,153627.6016,Range/Chop,True,True
2018-07-29 00:00:00+00:00,468.44,472,461.6,466.4,138747.5633,ETHUSDT,25.73915697,49.34342,465.6456935,487.7447795,471.9596,156088.3727,422.7926219,459.293,495.7933781,0.1589415825,14.30236055,16.15889126,16.9814191,-0.0951946767,37.25295452,0.1704295508,156088.3727,Range/Chop,True,True
2018-07-30 00:00:00+00:00,466.4,469.79,446.1,456.23,179581.7942,ETHUSDT,25.59278862,46.33122899,464.7489607,486.5089058,470.602,156385.4136,426.0606514,460.4805,494.9003486,0.1494953581,14.3122749,15.0904984,20.18463778,-0.1149242439,36.80319586,0.1698014109,156385.4136,Range/Chop,True,True
2018-07-31 00:00:00+00:00,456.19,457.3,427,432.22,214913.5723,ETHUSDT,25.929018,40.10645699,461.6509645,484.3799291,468.6126,159179.9624,423.85818,459.842,495.82582,0.1565051476,15.17685623,13.83089998,23.76145077,-0.1615030943,36.39147949,0.1698014109,159179.9624,Range/Chop,True,True
2018-08-01 00:00:00+00:00,432.2,434.99,406.55,420.41,209570.0844,ETHUSDT,26.10837386,37.44175729,457.7232536,481.8713044,467.1608,160564.6126,421.3594918,459.3055,497.2515082,0.165232109,16.7100484,12.75475156,27.50744196,-0.1844142239,36.01175477,0.1698014109,160564.6126,Range/Chop,True,True
2018-08-02 00:00:00+00:00,420.37,425.52,407.43,410.62,178421.1067,ETHUSDT,25.53563287,35.34531319,453.2372294,479.0771356,465.8638,161969.6517,416.2010127,458.2135,500.2259873,0.1833751617,18.13372684,12.10934123,26.11552249,-0.2034065998,35.63460562,0.1704295508,161969.6517,Range/Chop,False,True
2018-08-03 00:00:00+00:00,410.62,420.01,396.61,417.52,201156.6115,ETHUSDT,25.38308766,37.98105298,449.8355885,476.6631303,463.8284,165914.7976,413.0616478,457.43,501.7983522,0.1939896913,19.81128834,11.31196389,27.44063645,-0.1900207578,35.25830045,0.1704295508,165914.7976,Range/Chop,False,True
2018-08-04 00:00:00+00:00,417.58,419.53,401.86,407.21,179498.5751,ETHUSDT,24.83215283,35.64291572,445.7760087,473.9394781,462.223,167868.9628,405.873433,455.3015,504.729567,0.2171223553,21.36902402,10.73701115,26.0459123,-0.2100219217,34.87795756,0.1704295508,167868.9628,Range/Chop,False,True
2018-08-05 00:00:00+00:00,407.21,413.24,400.16,408.79,158913.7721,ETHUSDT,23.99271334,36.290196,442.2535317,471.3845966,460.464,167192.6157,399.6659916,451.8165,503.9670084,0.2308481804,22.87435154,10.3189077,25.53778025,-0.2069567579,34.51660345,0.1704295508,167192.6157,Range/Chop,False,True
2018-08-06 00:00:00+00:00,408.77,413.28,397.08,405.28,166496.4247,ETHUSDT,23.43609096,35.43750081,438.7322429,468.7922595,458.6268,164751.5336,395.9108579,447.1425,498.3741421,0.229151298,24.38234125,9.809417859,25.21559085,-0.2137660776,34.17682225,0.1704295508,164751.5336,Range/Chop,False,True
2018-08-07 00:00:00+00:00,405.19,412.76,369.19,378.21,207706.1108,ETHUSDT,24.87422732,29.65107078,432.9682198,465.2400141,455.832,163329.9488,384.9478664,442.0825,499.2171336,0.2584795082,26.61164518,8.582111003,30.06960152,-0.2662812579,33.89518019,0.1704295508,163329.9488,Bear Trend,False,True
2018-08-08 00:00:00+00:00,378.2,380.42,347.25,355.48,275047.1079,ETHUSDT,25.46678251,25.83625902,425.5883893,460.9356998,452.1822,168516.9008,369.3746336,436.428,503.4813664,0.3072826051,29.1553713,7.783679832,33.42576983,-0.3103769376,33.65175065,0.1718166821,168516.9008,Bear Trend,False,True
2018-08-09 00:00:00+00:00,355.48,369.9,350.51,363.3,244268.2057,ETHUSDT,25.03272662,29.21062964,419.6561618,457.1068488,448.7184,172686.642,358.2466915,432.141,506.0353085,0.341991658,31.5174027,7.35302772,31.57640312,-0.2952063166,33.33957799,0.1726116177,172686.642,Bear Trend,False,True
2018-08-10 00:00:00+00:00,363.21,365.87,325.95,331.81,264274.1338,ETHUSDT,26.09610329,24.39685654,411.2898607,452.1932469,444.831,182187.3666,341.1569147,425.72,510.2830853,0.3972709073,34.14887863,6.549588483,34.84856649,-0.3562961957,33.06526289,0.1729765171,182187.3666,Bear Trend,False,True
2018-08-11 00:00:00+00:00,331.88,332.98,304.45,317.69,335634.6724,ETHUSDT,26.26995305,22.59851829,402.3755882,446.9186098,441.943,195934.8554,323.3999211,418.731,514.0620789,0.4553332753,36.89245424,6.041512749,37.99113124,-0.3836886725,32.77679173,0.1783510513,195934.8554,Bear Trend,False,True
2018-08-12 00:00:00+00:00,317.49,327.13,313.42,317.89,135524.7999,ETHUSDT,25.37281355,22.6854501,394.3293417,441.8586643,438.8326,197383.0224,308.4361761,412.123,515.8098239,0.5031838741,39.44006017,5.808335332,36.52483063,-0.3833006771,32.46225899,0.1886824265,197383.0224,Bear Trend,False,True
2018-08-13 00:00:00+00:00,317.96,321.99,280.68,283.81,307713.2221,ETHUSDT,26.51118401,18.80888727,383.8036901,435.6606774,435.4206,204854.3456,289.3906363,402.3495,515.3083637,0.5614962303,42.17798182,5.161863336,41.28066512,-0.4494150969,32.13722859,0.2055560233,204854.3456,Bear Trend,False,True
2018-08-14 00:00:00+00:00,283.81,283.81,250,278.41,485174.3754,ETHUSDT,27.03252801,18.27597128,373.7661958,429.4939842,431.8148,220589.2869,272.3166713,392.665,513.0133287,0.6129822047,44.97572627,4.700718897,45.69941763,-0.4598909733,31.82878369,0.2231368267,220589.2869,Crash/Capitulation,False,True
2018-08-15 00:00:00+00:00,278.47,304.45,276.3,281.12,438620.6416,ETHUSDT,27.11234744,19.50852469,364.9427486,423.6753966,428.8504,233821.508,258.4355646,383.589,508.7424354,0.6525392303,46.22169184,9.78979387,42.3102433,-0.4546336353,31.55259676,0.2299997392,233821.508,Bear Trend,False,True
2018-08-16 00:00:00+00:00,281.46,298.6,277.55,287.17,235665.2551,ETHUSDT,26.67932262,22.32501291,357.5358202,418.3222438,425.761,235689.5311,249.1767825,374.443,499.7092175,0.6690803005,47.37865986,9.238068679,39.92575724,-0.4428967738,31.30345889,0.2446638443,235689.5311,Bear Trend,False,True
2018-08-17 00:00:00+00:00,286.84,318,285,317.51,342556.4607,ETHUSDT,27.13079958,34.67059659,353.7238373,414.3688225,423.7068,244974.2245,247.2281827,366.854,486.4798173,0.652171258,47.26789876,13.54299086,36.4569795,-0.3463779155,31.06710469,0.2828810566,244974.2245,Bear Trend,False,True
2018-08-18 00:00:00+00:00,317.51,321.33,281.79,294.11,384021.3883,ETHUSDT,28.01717104,30.62739446,348.046329,409.6527902,420.8936,257237.9157,243.8281613,358.2395,472.6508387,0.6387421749,46.97200478,13.02675169,32.78191444,-0.3945488606,30.84924007,0.3246371316,257237.9157,Bear Trend,False,True
2018-08-19 00:00:00+00:00,294.1,307.4,288.2,299.42,288483.4484,ETHUSDT,27.3873731,32.54965246,343.41525,405.3299357,417.8002,262682.9984,242.6234009,350.399,458.1745991,0.6151592846,46.69724609,12.37443431,31.14035306,-0.3836177615,30.63772292,0.3696312827,262682.9984,Bear Trend,False,True
2018-08-20 00:00:00+00:00,299.3,304.04,269.5,270.51,219153.7894,ETHUSDT,27.89827503,28.00052505,336.4718929,400.0428794,414.1684,262895.0093,236.0515888,342.3135,448.5754112,0.6208455769,46.8796469,11.28011944,33.17430422,-0.4431315231,30.45401652,0.4263020913,262895.0093,Bear Trend,False,True
2018-08-21 00:00:00+00:00,270.51,285.9,269.7,281.21,224701.5767,ETHUSDT,27.06268395,31.79969259,331.2088555,395.3827665,410.2676,263651.5839,232.2771096,335.3535,438.4298904,0.6147327543,47.04901907,10.7978055,31.75584147,-0.421104638,30.21171772,0.4792585747,263651.5839,Bear Trend,False,True
2018-08-22 00:00:00+00:00,281.09,298.89,259.5,270.8,403936.783,ETHUSDT,27.94320653,30.13373582,325.4556311,390.4971678,406.4472,274927.3677,227.7162502,328.3625,429.0087498,0.6130191467,46.35513517,13.0310967,28.55837993,-0.4425345328,30.00266645,0.5323400522,274927.3677,Bear Trend,False,True
2018-08-23 00:00:00+00:00,270.68,280.3,267.55,275.99,277304.6091,ETHUSDT,26.85797749,32.04518328,320.7446186,386.0066906,402.6194,278734.7676,227.0091525,321.286,415.5628475,0.5868718059,45.71081441,12.58923149,27.59000751,-0.4318504642,29.75672599,0.5741840181,278734.7676,Bear Trend,False,True
2018-08-24 00:00:00+00:00,276.06,283.1,270.22,281.19,271850.2137,ETHUSDT,25.85955053,33.99368589,316.9775121,381.8962322,398.8858,283352.3495,227.9547486,314.985,402.0152514,0.5525993391,44.92055732,12.91475559,26.60844339,-0.4202268041,29.50785271,0.5741840181,283352.3495,Bear Trend,False,True
2018-08-25 00:00:00+00:00,281.05,282.71,275.99,277.55,253375.4948,ETHUSDT,24.49243977,33.27444513,313.222511,377.8042231,395.0274,288075.4357,231.4657032,308.423,385.3802968,0.49903734,44.18674717,12.66165371,26.0869742,-0.4144514768,29.24688704,0.5741840181,288075.4357,Bear Trend,False,True
2018-08-26 00:00:00+00:00,277.54,277.91,268.69,274.29,232525.9497,ETHUSDT,23.40155122,32.60899675,309.5146528,373.7448418,390.8018,291376.9119,237.7829518,301.8735,365.9640482,0.4246185784,43.76612471,12.30532676,27.58100854,-0.4188771186,28.9848713,0.5741840181,291376.9119,Bear Trend,False,True
2018-08-27 00:00:00+00:00,274.17,288.15,271.59,287.71,281020.6473,ETHUSDT,22.91286899,38.09723781,307.4380192,370.3709264,386.8206,295042.6388,243.4934671,297.3485,351.2035329,0.3622351074,42.60678716,14.86229217,26.15716271,-0.3904449153,28.72853525,0.5741840181,295042.6388,Bear Trend,False,True
2018-08-28 00:00:00+00:00,287.71,298,282.66,295.44,318323.2897,ETHUSDT,22.37194978,41.07403745,306.2953507,367.4324587,383.2952,297206.4478,247.5577111,294.3465,341.1352889,0.3179163941,40.8506574,17.27926152,24.87605949,-0.3711232678,28.46410416,0.5741840181,297206.4478,Bear Trend,False,True
2018-08-29 00:00:00+00:00,295.44,297,283.55,288.4,324275.4732,ETHUSDT,21.73466765,39.22404562,304.5910316,364.3331466,380.4136,301206.8112,256.1160565,290.6015,325.0869435,0.2373383721,39.21996548,16.51548479,23.77648962,-0.3693417888,28.20047768,0.5741840181,301206.8112,Bear Trend,False,True
2018-08-30 00:00:00+00:00,288.35,291,271.88,283.89,336993.1441,ETHUSDT,21.54790567,38.04194698,302.6195048,361.1785134,377.1916,304842.7617,259.2976585,288.2055,317.1133415,0.2006057586,38.2501904,15.46872722,26.13798369,-0.3473643072,27.96172927,0.5741840181,304842.7617,Bear Trend,False,True
2018-08-31 00:00:00+00:00,283.9,289,276.59,281.41,302663.3704,ETHUSDT,20.89519813,37.37492298,300.5995519,358.0503364,374.197,303194.1966,260.7425326,286.3915,312.0404674,0.1791182172,37.34968497,14.81250363,25.02914253,-0.3386679827,27.70996289,0.5741840181,303194.1966,Bear Trend,False,True
2018-09-01 00:00:00+00:00,281.46,302,281.34,295.71,294944.4401,ETHUSDT,20.87839826,43.52402249,300.1338803,355.6056173,371.462,311165.1786,263.5595675,285.2825,307.0054325,0.1522906766,35.55108667,18.21305758,23.26004786,-0.2959453346,27.46508459,0.5741840181,311165.1786,Bear Trend,False,True
2018-09-02 00:00:00+00:00,295.8,299.33,288.87,295.41,153300.0611,ETHUSDT,20.13422696,43.427684,299.6839869,353.2450049,368.7064,303444.5206,263.7125611,285.8625,308.0124389,0.1549691823,33.88095968,17.53720567,22.39691173,-0.2958548852,27.22076903,0.5697355725,303444.5206,Bear Trend,False,True
2018-09-03 00:00:00+00:00,295.51,296.62,285.99,289.09,274753.7006,ETHUSDT,19.4553536,41.35115071,298.6750358,350.7291223,365.4926,292923.4868,264.477226,286.3965,308.315774,0.1530694262,32.49834998,16.85277967,22.58019154,-0.3004984514,26.98132124,0.5258183395,292923.4868,Bear Trend,False,True
2018-09-04 00:00:00+00:00,289.09,292.64,283,285.3,330102.19,ETHUSDT,18.75425692,40.11247256,297.4012229,348.1632744,361.6288,287497.5643,264.8121061,286.6055,308.3988939,0.1520793839,31.39220918,16.23402188,22.88993818,-0.3096689895,26.74103639,0.4618279592,287497.5643,Bear Trend,False,True
2018-09-05 00:00:00+00:00,285.18,287.62,227,228.53,528734.3196,ETHUSDT,21.74466714,27.04437852,290.8420588,343.4717734,356.2242,302151.0175,250.2810678,283.6735,317.0659322,0.2354286336,32.55781634,13.00135273,36.72719611,-0.4463368543,26.55854569,0.3934268429,302151.0175,Bear Trend,False,True
2018-09-06 00:00:00+00:00,228.28,233.19,212,229.7,552996.8657,ETHUSDT,21.70504805,27.56811671,285.0190056,339.0101353,351.23,312673.0377,241.9789176,279.283,316.5870824,0.2671418053,34.00028129,12.09472142,39.10238654,-0.3961936807,26.39773291,0.3400757508,312673.0377,Bear Trend,False,True
2018-09-07 00:00:00+00:00,229.73,234.69,213.5,215.22,398379.8174,ETHUSDT,21.66825891,25.16072875,278.3714812,334.1556202,346.163,313390.9592,229.4451034,275.3385,321.2318966,0.3333598214,35.22758471,11.74434998,36.37100626,-0.4181670722,26.24889484,0.3256381078,313390.9592,Bear Trend,False,True
2018-09-08 00:00:00+00:00,215.19,220.2,190.01,196.71,318859.849,ETHUSDT,22.2769547,22.46060885,270.5941973,328.7655958,341.1164,314909.7792,214.3351659,270.203,326.0708341,0.4135248985,36.88229233,10.6074867,40.38206785,-0.462350015,26.09241426,0.3256381078,314909.7792,Bear Trend,False,True
2018-09-09 00:00:00+00:00,196.87,208.6,185.02,195.81,429255.0259,ETHUSDT,22.37002936,22.33510168,263.4718928,323.5516509,335.828,325414.8411,201.8749754,266.468,331.0610246,0.4848088669,38.51595146,9.808827117,38.93494937,-0.4119466635,25.94126562,0.3256381078,325414.8411,Bear Trend,False,True
2018-09-10 00:00:00+00:00,196.13,203.42,187.1,197.15,418489.8666,ETHUSDT,21.93788441,23.02477741,257.1555221,318.5947234,330.6216,335104.2556,191.4191836,262.265,333.1108164,0.5402613112,40.03292064,9.287615058,36.86606133,-0.3973343931,25.78650855,0.3256381078,335104.2556,Bear Trend,False,True
2018-09-11 00:00:00+00:00,197.22,200.2,176.16,185.18,476745.7922,ETHUSDT,22.08803552,21.21264847,250.3007104,313.3627735,325.3242,338744.706,179.7556672,257.984,336.2123328,0.6064587945,41.66213143,8.565587885,37.53785322,-0.4248889717,25.65017461,0.3256381078,338744.706,Bear Trend,False,True
2018-09-12 00:00:00+00:00,185.14,185.22,167.32,183.12,504047.7917,ETHUSDT,21.78889013,20.9076784,243.9025475,308.2552137,319.401,350081.8651,169.1413065,253.3405,337.5396935,0.6647116703,43.34110886,8.062959441,38.23307131,-0.4301185697,25.53091214,0.3256381078,350081.8651,Bear Trend,False,True
2018-09-13 00:00:00+00:00,183.17,215,183.15,210.68,739503.3405,ETHUSDT,22.50968369,34.47944983,240.7384954,304.4287348,314.1726,373464.5215,164.6759825,249.815,334.9540175,0.6816165362,42.71681305,16.69718895,34.36530638,-0.3443500451,25.42897794,0.3256381078,373464.5215,Bear Trend,False,True
2018-09-14 00:00:00+00:00,210.91,224.2,202.6,208.82,833945.8257,ETHUSDT,22.44470628,34.05473432,237.6986387,300.6793726,309.0962,402493.038,160.4501221,246.3785,332.3068779,0.6975314641,41.57948211,18.47724827,32.00302292,-0.3501384869,25.31653904,0.3256381078,402493.038,Crash/Capitulation,False,True
2018-09-15 00:00:00+00:00,208.55,227.42,207.64,221.29,441046.5293,ETHUSDT,22.25437012,39.44062317,236.1359112,297.5660639,304.1202,412919.067,158.1383584,243.7285,329.3186416,0.7023400345,40.32963262,18.33769311,29.97125571,-0.3113310304,25.18007196,0.3256381078,412919.067,Bear Trend,False,True
2018-09-16 00:00:00+00:00,221.62,223.5,208.1,220.17,425538.5771,ETHUSDT,21.76477226,39.1314965,234.6153482,294.5309241,299.1378,420144.9635,156.6605093,240.3515,324.0424907,0.6964049797,39.16905809,17.41089901,28.45649686,-0.3148165437,25.01518587,0.3256381078,420144.9635,Bear Trend,False,True
2018-09-17 00:00:00+00:00,220.24,225,192.4,196.16,825020.7745,ETHUSDT,22.53871709,33.13569074,230.9529341,290.6732408,293.733,445479.8377,153.5996897,235.3875,317.1753103,0.694920591,38.67660418,15.61210444,30.49209948,-0.3618737801,24.8751964,0.37344236,445479.8377,Bear Trend,False,True
2018-09-18 00:00:00+00:00,196.25,215.47,193.47,208.17,584366.1501,ETHUSDT,22.5002373,38.23378236,228.7831309,287.4378196,288.7718,458484.3716,152.5662873,231.376,310.1857127,0.681226339,38.21932555,14.52174674,28.362515,-0.3153203526,24.73446809,0.4491668827,458484.3716,Bear Trend,False,True
2018-09-19 00:00:00+00:00,208.42,214.84,197.58,209.79,496100.4664,ETHUSDT,22.12593464,38.91039065,226.9742613,284.3928071,284.3232,466439.7377,152.1878247,227.671,303.1541753,0.663089944,37.79470967,13.71259497,26.78215558,-0.3053311258,24.59125608,0.5125350891,466439.7377,Bear Trend,False,True
2018-09-20 00:00:00+00:00,209.79,226.68,205.56,224,573632.2424,ETHUSDT,22.05408216,44.63905702,226.6909983,282.0244617,280.395,479988.1813,153.4571759,224.8005,296.1438241,0.6347256713,36.52863114,16.60933758,24.95016845,-0.2582781457,24.46197589,0.5733600529,479988.1813,Bear Trend,False,True
2018-09-21 00:00:00+00:00,224,252.11,220.66,247.73,841029.1295,ETHUSDT,22.72521915,52.62810901,228.6947127,280.6795809,277.1372,507292.4158,157.8540752,222.4015,286.9489248,0.5804585385,33.99436747,22.96048279,22.48379966,-0.1797019868,24.35233475,0.5934586665,507292.4158,Range/Chop,False,True
2018-09-22 00:00:00+00:00,247.67,255.13,232.7,241.01,423740.7403,ETHUSDT,22.70413207,50.4095998,229.8675972,279.123911,273.607,520814.4497,163.6459444,219.6815,275.7170556,0.5101527038,31.7966145,22.2903605,20.89720481,-0.2019536424,24.23460846,0.5934586665,520814.4497,Range/Chop,False,True
2018-09-23 00:00:00+00:00,241.01,249.73,237,244.5,235214.1492,ETHUSDT,21.99169406,51.55185067,231.2611594,277.7661106,270.3528,518837.4722,169.7049119,217.452,265.1990881,0.4391505999,29.75584389,21.36872589,20.0331727,-0.190397351,24.11452928,0.5934586665,518837.4722,Range/Chop,False,True
2018-09-24 00:00:00+00:00,244.54,246.2,225.3,228.06,350139.1505,ETHUSDT,21.91371592,46.15830002,230.9562871,275.8168513,266.7382,519839.3202,177.8632256,214.59,251.3167744,0.342297166,28.0632747,19.91299582,22.48208478,-0.2448344371,23.99814624,0.5934586665,519839.3202,Bear Trend,False,True
2018-09-25 00:00:00+00:00,228.06,228.1,203.61,219.62,710650.7097,ETHUSDT,22.09773621,43.63433034,229.8766407,273.6130533,263.025,528935.1397,177.8918099,214.1445,250.3971901,0.3385815661,27.51319259,18.33665702,27.7134343,-0.272781457,23.89761198,0.5934586665,528935.1397,Bear Trend,False,True
2018-09-26 00:00:00+00:00,219.5,223.6,207.5,214.42,613754.2774,ETHUSDT,21.66932648,42.10665642,228.4045797,271.2917571,259.7492,531973.0103,177.8341469,213.3805,248.9268531,0.3331733978,27.00240207,17.36352315,26.24267103,-0.29,23.81011589,0.5934586665,531973.0103,Bear Trend,False,True
2018-09-27 00:00:00+00:00,214.38,234,205.01,229.13,582274.4409,ETHUSDT,22.19223173,47.68636201,228.4736673,269.6383548,257.2222,541167.7414,177.8746059,214.076,250.2773941,0.3382106739,25.85703379,19.090741,23.79401807,-0.2412913907,23.75100047,0.5934586665,541167.7414,Bear Trend,False,True
2018-09-28 00:00:00+00:00,229.1,234.42,215.53,221.84,618434.6249,ETHUSDT,21.95635804,45.35347983,227.8418895,267.7639095,254.393,556146.4802,179.8928878,215.3325,250.7721122,0.329161759,24.76666134,18.05419095,22.3318025,-0.2654304636,23.69039329,0.5934586665,556146.4802,Range/Chop,False,True
2018-09-29 00:00:00+00:00,221.89,237.77,214.18,231.62,604000.9559,ETHUSDT,22.07304675,48.960907,228.2017095,266.3465013,252.3892,564883.7767,182.1948812,217.123,252.0511188,0.3217357794,23.5310908,17.76004305,20.62704975,-0.2330463576,23.62612711,0.5934586665,564883.7767,Range/Chop,False,True
2018-09-30 00:00:00+00:00,231.62,239,226.5,232.94,432195.4408,ETHUSDT,21.38925769,49.44598378,228.6529753,265.0364424,250.6942,565569.0554,184.59901,218.9125,253.22599,0.3134904584,22.29900465,17.42943471,19.76600964,-0.2286754967,23.54747517,0.5934586665,565569.0554,Range/Chop,False,True
2018-10-01 00:00:00+00:00,233.04,235.88,224.46,231.61,322900.4613,ETHUSDT,20.67716786,48.94127,228.9345967,263.7256016,248.9686,557876.7889,190.2416278,221.234,252.2263722,0.2801772985,21.28440805,16.7418435,19.69095159,-0.2262385995,23.46650075,0.5453056211,557876.7889,Range/Chop,False,True
2018-10-02 00:00:00+00:00,231.62,232.51,223.37,225.69,401305.3271,ETHUSDT,19.85308444,46.65831204,228.6255875,262.2340093,247.8062,552739.6657,197.7531096,223.3625,248.9718904,0.2293078773,20.41454387,16.1912977,19.43559258,-0.2391275032,23.37433403,0.4746516518,552739.6657,Range/Chop,False,True
2018-10-03 00:00:00+00:00,225.7,226.43,216.51,220.77,275609.2622,ETHUSDT,19.14357841,44.78842014,227.8774363,260.6079698,246.6534,529544.9618,198.8870512,223.867,248.8469488,0.2231677634,20.05755815,15.59200061,21.27581772,-0.2455918535,23.27952446,0.3907238829,529544.9618,Range/Chop,False,True
2018-10-04 00:00:00+00:00,220.67,227.16,219.49,222.66,158137.4297,ETHUSDT,18.32403709,45.68886626,227.3805376,259.1198141,245.4842,495754.542,200.536275,224.559,248.581725,0.2139546844,19.66099734,15.41038652,20.63970743,-0.2258535568,23.18504652,0.3404393661,495754.542,Range/Chop,True,True
2018-10-05 00:00:00+00:00,222.66,231.75,219.35,228.37,137730.3579,ETHUSDT,17.90089159,48.42552928,227.4747721,257.913939,244.3082,480588.7334,200.8847349,224.913,248.9412651,0.2136671967,18.87778222,16.47941232,19.61847987,-0.1048877043,23.0927932,0.33839612,480588.7334,Range/Chop,True,True
2018-10-06 00:00:00+00:00,228.36,228.86,223.15,225.4,100257.5697,ETHUSDT,17.03011362,47.09622746,227.2771748,256.6388826,242.466,464324.683,201.244765,225.1745,249.104235,0.2125439163,18.15051104,16.08474401,19.1486335,-0.1165288284,22.96205797,0.3356920359,464324.683,Range/Chop,True,True
2018-10-07 00:00:00+00:00,225.39,227.75,221.48,226.14,74733.67253,ETHUSDT,16.26153407,47.48304726,227.1688724,255.442848,241.1066,426810.3279,206.7872633,226.6735,246.5597367,0.175461505,17.61188618,15.64175583,19.35480833,-0.1136283463,22.80863716,0.3311675784,426810.3279,Range/Chop,True,True
2018-10-08 00:00:00+00:00,226.26,232.7,224.21,230.01,210989.422,ETHUSDT,15.7064245,49.56015823,227.439456,254.4454814,239.7184,408141.4915,209.7531959,227.7655,245.7778041,0.158165342,16.61626885,17.28895027,18.60751484,-0.09845960883,22.65319879,0.3254487692,408141.4915,Range/Chop,True,True
2018-10-09 00:00:00+00:00,230.01,231.02,226.56,228.4,100246.1843,ETHUSDT,14.90310846,48.69725078,227.5309364,253.42409,238.8762,388348.7774,212.6823628,228.696,244.7096372,0.140043002,15.69176704,16.91937868,18.20975738,-0.1047701172,22.46664888,0.3176131189,388348.7774,Range/Chop,True,True
2018-10-10 00:00:00+00:00,228.4,228.78,224.05,226.74,122748.2141,ETHUSDT,14.17645786,47.77364465,227.4556091,252.3776551,237.7868,365804.576,212.9359498,228.833,244.7300502,0.1389401893,15.0780251,16.51615151,19.04044971,-0.1112766041,22.26509063,0.2968338784,365804.576,Range/Chop,True,True
2018-10-11 00:00:00+00:00,226.7,226.91,189.01,191.58,497258.8287,ETHUSDT,15.87099658,33.34701723,224.0388844,249.9934333,236.2024,348616.061,205.3536385,226.0255,246.6973615,0.1829161889,16.820144,13.69896348,31.56269404,-0.2490886999,22.10672701,0.2547425879,348616.061,Range/Chop,True,True
2018-10-12 00:00:00+00:00,191.55,201.87,190.04,196.96,216448.3922,ETHUSDT,15.58235397,36.50655412,221.459943,247.9136908,234.6218,338251.4436,200.7584071,223.823,246.8875929,0.2060967181,18.43782584,12.95609599,29.85111205,-0.228001411,21.92457984,0.2262378203,338251.4436,Range/Chop,True,True
2018-10-13 00:00:00+00:00,196.96,202.78,196.27,201.3,107215.5262,ETHUSDT,14.93432868,39.0178546,219.5399485,246.0857029,233.024,331851.5124,198.6572945,221.663,244.6687055,0.2075737084,19.83650199,12.98792972,28.92165834,-0.2109904754,21.72294319,0.2185612239,331851.5124,Range/Chop,True,True
2018-10-14 00:00:00+00:00,201.39,203.56,194.33,197.01,110554.1936,ETHUSDT,14.52687664,37.44142564,217.3942391,244.1611656,231.4132,319872.2646,194.9511833,220.1105,245.2698167,0.2286062386,21.23837169,12.39848736,28.56297881,-0.2278054325,21.51318534,0.2185612239,319872.2646,Range/Chop,False,True
2018-10-15 00:00:00+00:00,196.84,239,194.6,214.39,973857.7477,ETHUSDT,16.66067116,46.81632336,217.1081211,242.9936689,230.2152,333032.6165,194.5663103,219.849,245.1316897,0.2300004972,20.03249334,25.23242052,23.1258961,-0.1596832987,21.34620782,0.2185612239,333032.6165,Range/Chop,False,True
2018-10-16 00:00:00+00:00,214.39,219.95,211.55,215.09,145980.0984,ETHUSDT,16.07062322,47.1597842,216.9159191,241.8994074,228.7628,309643.9075,194.6269122,219.8825,245.1380878,0.2297189435,18.91274916,24.29036294,22.26248605,-0.1569395994,21.16187154,0.2185612239,309643.9075,Range/Chop,False,True
2018-10-17 00:00:00+00:00,215.2,216.99,210,212.85,153768.8502,ETHUSDT,15.42200728,46.13307851,216.5286887,240.7602149,227.111,288218.628,194.0089252,219.0685,244.1280748,0.2287830047,17.756055,23.50396523,22.25963864,-0.1657194371,20.95195215,0.2185612239,288218.628,Range/Chop,False,True
2018-10-18 00:00:00+00:00,212.9,215.3,203.53,206.24,150229.601,ETHUSDT,15.16114961,43.14788944,215.5488136,239.406481,225.4678,264808.3768,192.657922,218.2885,243.919078,0.2348321423,16.77686213,22.20062612,24.07350436,-0.1916277976,20.74818176,0.2185612239,264808.3768,Range/Chop,False,True
2018-10-19 00:00:00+00:00,206.25,208,204.21,205,254660.4864,ETHUSDT,14.34892464,42.59110989,214.5441647,238.0572072,223.89,247341.3533,191.4700255,216.9575,242.4449745,0.2349536151,15.86761161,21.78177754,23.61932109,-0.1964880649,20.52235925,0.2185612239,247341.3533,Range/Chop,False,True
2018-10-20 00:00:00+00:00,205.1,209.69,203.57,207.91,62376.6968,ETHUSDT,13.76114431,44.40420929,213.9123395,236.8749638,222.42,228850.4161,191.0355777,215.706,240.3764223,0.2287411782,14.87790249,21.96705865,22.86901884,-0.185082115,20.30066692,0.2185612239,228850.4161,Range/Chop,False,True
2018-10-21 00:00:00+00:00,207.91,211.99,206.74,207.49,83277.36128,ETHUSDT,13.15320543,44.18729863,213.3006881,235.7226123,220.6556,216869.2611,190.7150241,214.5,238.2849759,0.2217713373,13.87462035,22.58979084,22.21701944,-0.1867283346,20.0541669,0.2178630109,216869.2611,Range/Chop,False,True
2018-10-22 00:00:00+00:00,207.46,209.3,205,206.67,206046.8996,ETHUSDT,12.52083361,43.73807185,212.669194,234.5832942,218.8808,207106.3397,190.1112946,213.549,236.9867054,0.219506581,12.98408737,22.03565099,22.66465518,-0.1724262203,19.81521451,0.2167306327,207106.3397,Range/Chop,False,True
2018-10-23 00:00:00+00:00,206.67,207.8,202.14,205.85,112753.0414,ETHUSDT,12.03077407,43.26439355,212.0197469,233.4564983,217.216,198963.5287,189.3823612,212.803,236.2236388,0.220115683,12.42351351,21.29515841,23.60105171,-0.1638911454,19.5847349,0.2167306327,198963.5287,Range/Chop,False,True
2018-10-24 00:00:00+00:00,205.85,207.95,204.73,205.35,97128.82698,ETHUSDT,11.40143307,42.95888897,211.3845329,232.3542827,215.617,195913.0985,188.7597668,211.9375,235.1152332,0.2187223419,11.88697248,20.9595464,23.12494999,-0.1407949791,19.36655145,0.2191144615,195913.0985,Range/Chop,True,True
2018-10-25 00:00:00+00:00,205.35,205.94,202.88,203.93,77411.57217,ETHUSDT,10.80561642,42.05072631,210.6745774,231.2396049,215.125,192897.1593,188.5783643,210.7155,232.8526357,0.2101139759,11.5757619,20.53558558,23.88009732,-0.1467364017,19.15661921,0.2191144615,192897.1593,Range/Chop,True,True
2018-10-26 00:00:00+00:00,203.84,209,203,204.92,91143.83291,ETHUSDT,10.4623581,42.95614817,210.1265224,230.2074636,214.6294,192441.4724,188.4912846,209.6915,230.8917154,0.20220386,10.92769347,21.78350479,22.90189266,-0.1425941423,18.94911069,0.2191144615,192441.4724,Range/Chop,True,True
2018-10-27 00:00:00+00:00,204.92,206.15,203.09,204.45,50235.68329,ETHUSDT,9.933618238,42.61572415,209.5859012,229.197367,214.414,191216.573,188.7040202,208.607,228.5099798,0.1908179474,10.32591564,21.30419789,22.39797764,-0.1445606695,18.74180517,0.2191144615,191216.573,Range/Chop,True,True
2018-10-28 00:00:00+00:00,204.45,205.94,203.62,204.99,44394.83357,ETHUSDT,9.389788364,43.17294912,209.1481964,228.2480584,214.5796,182886.8435,190.0104687,207.356,224.7015313,0.1673019474,9.767121946,20.92821392,22.00269026,-0.1423012552,18.53605718,0.2191144615,182886.8435,Range/Chop,True,True
2018-10-29 00:00:00+00:00,204.99,205.49,195.28,196.96,118281.8227,ETHUSDT,9.448374909,37.36284322,207.9874158,227.0210758,214.6026,183788.6255,190.8164319,205.784,220.7515681,0.1454687258,10.20438465,19.31284116,26.6093217,-0.1758995816,18.33439833,0.2191144615,183788.6255,Range/Chop,True,True
2018-10-30 00:00:00+00:00,196.95,198.6,195.91,197.27,83633.81463,ETHUSDT,8.965633844,37.71135068,206.9667095,225.8543669,214.605,181832.9055,192.3936993,204.3105,216.2273007,0.1166538255,10.61041431,18.89894689,26.03905626,-0.1746025105,18.13557226,0.2191144615,181832.9055,Range/Chop,True,True
2018-10-31 00:00:00+00:00,197.24,201.45,193.01,198.73,114739.7042,ETHUSDT,8.92808857,39.42088878,206.182261,224.7906662,214.876,162706.9493,193.9295558,204.668,215.4064442,0.1049352533,11.30263857,17.62282098,26.60092957,-0.1684937238,17.93640043,0.2191144615,162706.9493,Range/Chop,True,True
2018-11-01 00:00:00+00:00,198.7,200.95,197.88,199.96,86097.98629,ETHUSDT,8.509653672,40.89268618,205.5896647,223.8169146,215.2128,156189.429,194.4365462,204.818,215.1994538,0.1013724755,11.94541824,17.16869758,25.91544881,-0.1633472803,17.74265754,0.2191144615,156189.429,Range/Chop,True,True
2018-11-02 00:00:00+00:00,199.93,203.74,199.34,202.35,97123.22813,ETHUSDT,8.216106981,43.75229994,205.2811252,222.9750748,215.0462,155684.8141,194.5503014,204.8705,215.1906986,0.1007485079,12.06709368,18.93750306,24.924121,-0.1533472803,17.55533677,0.2191144615,155684.8141,Range/Chop,True,True
2018-11-03 00:00:00+00:00,202.31,202.69,198.59,200.31,72084.92932,ETHUSDT,7.92209934,41.88940938,204.8076847,222.0862484,214.876,153761.3508,195.1259219,205.0355,214.9450781,0.09666207212,12.2772653,18.23743824,24.67897588,-0.1618828452,17.37480081,0.2144181589,153761.3508,Range/Chop,True,True
2018-11-04 00:00:00+00:00,200.27,218.76,199,212.11,182534.6216,ETHUSDT,8.767663672,54.07113227,205.5031433,221.6950229,214.6924,114195.1945,195.4001487,204.9215,214.4428513,0.09292681658,12.51865161,28.39349306,20.70612599,-0.1125104603,17.15851742,0.2061589179,114195.1945,Range/Chop,True,True
2018-11-05 00:00:00+00:00,212.13,213.39,207.62,210.66,141432.1406,ETHUSDT,8.553544839,52.61162644,205.9942725,221.2622769,214.5022,113967.7967,195.9612198,204.7,213.4387802,0.08538134084,12.74279603,27.0253848,19.70842479,-0.1185774059,16.9393257,0.1965109037,113967.7967,Range/Chop,True,True
2018-11-06 00:00:00+00:00,210.64,221.25,209.11,220.74,197797.4953,ETHUSDT,8.809720207,60.57793237,207.3986275,221.2417955,214.9938,116169.2289,194.4213759,205.0945,215.7676241,0.1040800621,13.74243588,30.73810063,17.76851985,-0.07640167364,16.72501672,0.1790599474,116169.2289,Range/Chop,True,True
2018-11-07 00:00:00+00:00,220.77,224.8,217.01,219.07,204931.0342,ETHUSDT,8.73688305,58.81390304,208.5101868,221.156627,215.2118,118904.3006,193.4449473,205.736,218.0270527,0.1194837333,14.98499286,31.6827837,16.63689063,-0.08338912134,16.49934886,0.1563853366,118904.3006,Range/Chop,True,True
2018-11-08 00:00:00+00:00,219.06,220.78,212.49,212.79,189828.4945,ETHUSDT,8.704962832,52.60971235,208.9177881,220.828524,215.2718,115662.701,193.4642766,206.1255,218.7867234,0.1228496565,15.42603423,29.52760688,19.21407548,-0.109665272,16.27159775,0.1341591912,115662.701,Range/Chop,True,True
2018-11-09 00:00:00+00:00,212.79,215.51,209.1,210.77,152215.9469,ETHUSDT,8.541036915,50.75506668,209.0941892,220.4340721,215.0072,120154.6635,193.4660717,206.2685,219.0709283,0.1241336251,15.33448328,27.94472815,21.01912376,-0.1181171548,16.04831696,0.1234916408,120154.6635,Range/Chop,False,True
2018-11-10 00:00:00+00:00,210.78,215.55,209.02,213.25,131384.4789,ETHUSDT,8.397391421,52.94815767,209.4899807,220.1523438,214.3176,122560.0194,193.4027838,206.5565,219.7102162,0.1273619203,15.23749193,26.39255331,19.91967623,-0.1077405858,15.82013956,0.1234916408,122560.0194,Range/Chop,False,True
2018-11-11 00:00:00+00:00,213.27,213.99,209,212.54,136268.8116,ETHUSDT,8.15400632,52.23099977,209.7804587,219.8538205,213.7482,119071.115,193.4397964,206.85,220.2602036,0.1296611417,15.14420922,25.23887993,19.06646563,-0.1107112971,15.59289149,0.1234916408,119071.115,Range/Chop,False,True
2018-11-12 00:00:00+00:00,212.6,214.22,210.9,212.89,99963.97203,ETHUSDT,7.808720154,52.57202997,210.0766055,219.5807295,213.116,118431.6615,193.5479067,207.202,220.8560933,0.1317949953,15.08755024,24.68278842,18.48743654,-0.1092468619,15.34787543,0.1234916408,118431.6615,Range/Chop,False,True
2018-11-13 00:00:00+00:00,212.91,213.8,209.2,209.84,114466.3671,ETHUSDT,7.579525857,49.27096379,210.0540717,219.1987401,212.7516,119298.5385,193.7539548,207.4265,221.0990452,0.1318302643,14.72992088,23.61279286,19.28806891,-0.1220083682,15.10012243,0.1234916408,119298.5385,Range/Chop,False,True
2018-11-14 00:00:00+00:00,209.84,210.3,176.16,187.43,434676.1683,ETHUSDT,9.476702582,32.91641128,207.8993982,217.9529072,212.1078,137161.7683,190.42303,206.6015,222.77997,0.1566152229,16.40726097,17.53668342,39.22798626,-0.1662366548,14.8871613,0.1234916408,137161.7683,Range/Chop,False,True
2018-11-15 00:00:00+00:00,187.43,190,170.99,184.35,452416.1078,ETHUSDT,10.1576524,31.3749785,205.6565983,216.6351461,211.5064,155225.382,186.7057796,205.573,224.4402204,0.1835573773,18.26860505,15.19241036,37.61959986,-0.1799377224,14.6937093,0.1234916408,155225.382,Range/Chop,False,True
2018-11-16 00:00:00+00:00,184.35,185,173,176.89,241710.3476,ETHUSDT,10.28924865,27.95976107,202.9169223,215.0765129,210.4616,164799.1153,181.552846,204.195,226.837154,0.2217699165,19.99699599,13.92681105,34.48571007,-0.2131227758,14.4895515,0.1234916408,164799.1153,Range/Chop,False,True
2018-11-17 00:00:00+00:00,176.93,177.91,173.94,176.2,144804.7099,ETHUSDT,9.837873751,27.65985875,200.3724535,213.5519438,209.5488,169819.6091,177.0456556,202.7555,228.4653444,0.2536044092,21.60193042,13.5253782,33.491678,-0.2161921708,14.2785121,0.1234916408,169819.6091,Range/Chop,False,True
2018-11-18 00:00:00+00:00,176.2,182.94,176.1,178.97,141736.3226,ETHUSDT,9.623739912,30.86579375,198.3341246,212.1957891,208.4958,170992.3341,174.2119747,201.856,229.5000253,0.2738984754,22.30669773,16.57205842,31.79139545,-0.2038701068,14.07014219,0.1234916408,170992.3341,Range/Chop,False,True
2018-11-19 00:00:00+00:00,179.04,179.33,146.47,150.81,596789.8392,ETHUSDT,11.28347277,20.78237033,193.8080175,209.7885033,206.8532,196650.1353,164.0430104,199.533,235.0229896,0.3557305271,24.57025175,13.12480514,43.93516654,-0.3291370107,13.89063203,0.1257477727,196650.1353,Crash/Capitulation,False,True
2018-11-20 00:00:00+00:00,150.76,154.7,126.95,133.82,996552.2872,ETHUSDT,12.45965329,17.14343863,188.094873,206.8093463,204.8974,240740.7645,150.6704309,196.2875,241.9045691,0.4647985136,27.29354378,11.03684666,48.1361498,-0.4047153025,13.71953927,0.128511531,240740.7645,Crash/Capitulation,False,True
2018-11-21 00:00:00+00:00,133.68,142.01,127.15,138.23,718957.7855,ETHUSDT,12.63110663,21.00962592,183.3458375,204.1199602,203.1482,272383.7544,141.1025521,193.201,245.2994479,0.5393186156,29.82231495,10.10938838,44.09112934,-0.3850978648,13.55165551,0.1307280685,272383.7544,Crash/Capitulation,False,True
2018-11-22 00:00:00+00:00,138.36,140.4,125.64,126.63,334674.0719,ETHUSDT,12.78317044,18.55681783,177.9443291,201.0811382,201.2654,284261.2966,130.0305588,189.415,248.7994412,0.6270299736,32.21491307,9.275621533,41.29847835,-0.4366992883,13.39818012,0.1318126298,284261.2966,Bear Trend,False,True
2018-11-23 00:00:00+00:00,126.58,128.9,118.56,125.02,504352.2439,ETHUSDT,12.60865827,18.23855332,172.9039168,198.0983485,199.3126,305874.6623,120.2637351,185.6505,251.0372649,0.7044070968,34.64018151,8.732287825,42.8902062,-0.44386121,13.24309582,0.1442227436,305874.6623,Bear Trend,False,True
2018-11-24 00:00:00+00:00,125,130.81,112.32,114.89,471321.5676,ETHUSDT,13.0287541,16.339678,167.3787819,194.835276,197.043,320314.0096,109.780343,180.7895,251.798657,0.7855451451,37.05818405,7.847102857,41.96346528,-0.4889234875,13.09194612,0.1700863001,320314.0096,Bear Trend,False,True
2018-11-25 00:00:00+00:00,114.83,122.35,102.95,118.67,836233.3125,ETHUSDT,13.4838431,19.69931497,162.7398503,191.8484024,194.9084,355054.0682,101.6849943,176.19,250.6950057,0.8457347833,39.52844115,7.040667893,42.61455548,-0.4721085409,12.9555214,0.2026636469,355054.0682,Crash/Capitulation,False,True
2018-11-26 00:00:00+00:00,118.65,121.5,106.41,110.68,679491.7387,ETHUSDT,13.59856859,18.04935235,157.7817693,188.6653278,192.5992,379138.7804,93.93261665,170.687,247.4413834,0.8993582798,41.82225131,6.482606643,39.2368174,-0.5076512456,12.81229368,0.2376871629,379138.7804,Bear Trend,False,True
2018-11-27 00:00:00+00:00,110.66,114.31,102.36,111.43,524024.4062,ETHUSDT,13.48081369,18.73739111,153.3673151,185.6364914,190.2276,395093.449,87.78424704,165.305,242.825753,0.9379117748,44.04887507,6.072144193,38.89834712,-0.5043149466,12.67103461,0.2637514423,395093.449,Bear Trend,False,True
2018-11-28 00:00:00+00:00,111.38,126.8,111.37,122.9,578552.7412,ETHUSDT,13.62004128,28.60905756,150.465666,183.1762368,188.1176,414529.6613,84.40803421,160.8105,237.2129658,0.9502173775,44.42604386,12.13100361,35.75066683,-0.4532918149,12.53015118,0.3148145012,414529.6613,Bear Trend,False,True
2018-11-29 00:00:00+00:00,122.88,124,114.78,117.98,478777.3961,ETHUSDT,13.30575262,27.08893697,147.3717931,180.6195217,185.9424,430857.7338,81.21143119,156.171,231.1305688,0.9599678405,44.77627202,11.53057666,33.98117897,-0.4751779359,12.3954261,0.4102645203,430857.7338,Bear Trend,False,True
2018-11-30 00:00:00+00:00,117.99,120.26,111.09,113.73,418593.6353,ETHUSDT,13.01034172,25.81302166,144.1678128,177.9964032,184.3854,445218.1916,78.88635667,151.195,223.5036433,0.9564951662,45.2635363,10.95007479,34.2962722,-0.4940836299,12.26764566,0.5020585646,445218.1916,Bear Trend,False,True
2018-12-01 00:00:00+00:00,113.71,120.8,111.35,118.1,330159.0674,ETHUSDT,12.7560316,29.49053691,141.6851639,175.6475246,182.8082,454912.7044,78.60721507,146.473,214.3387849,0.9266661423,45.64012254,10.67301703,32.48144574,-0.4746441281,12.14936145,0.5831742946,454912.7044,Bear Trend,False,True
2018-12-02 00:00:00+00:00,118.09,120.73,116,116.57,273657.6215,ETHUSDT,12.18274363,28.9494564,139.2932436,173.330759,181.1136,463597.3869,79.9351753,141.657,203.3788247,0.8714263989,45.98980977,10.37702828,31.58065616,-0.4814501779,12.03334754,0.6657185352,463597.3869,Bear Trend,False,True
2018-12-03 00:00:00+00:00,116.63,116.96,106.7,108.76,324446.0332,ETHUSDT,12.04540479,26.29710291,136.3853156,170.7985723,179.3486,474096.3702,81.88490241,136.603,191.3210976,0.8011258551,46.74828921,9.745677201,35.17409804,-0.5161921708,11.92870366,0.744976121,474096.3702,Bear Trend,False,True
2018-12-04 00:00:00+00:00,108.76,113.2,106,109.94,275321.0063,ETHUSDT,11.69930445,27.37969468,133.8667141,168.4119616,177.2596,466128.6121,82.13670688,132.7285,183.3202931,0.7623350391,47.48313173,9.317270317,34.05526775,-0.5109430605,11.82534388,0.7739400921,466128.6121,Bear Trend,False,True
2018-12-05 00:00:00+00:00,109.92,110.58,102.38,102.71,354071.5324,ETHUSDT,11.44935413,24.96048175,130.899408,165.8354141,175.012,461211.3833,82.38480039,128.6465,174.9081996,0.7192065017,48.32513381,8.840626983,34.57149652,-0.5431049822,11.73233122,0.7739400921,461211.3833,Bear Trend,False,True
2018-12-06 00:00:00+00:00,102.73,104.68,90.2,91,586138.5904,ETHUSDT,11.66582884,21.62735264,127.0994644,162.900692,172.575,478432.7954,80.94303014,124.352,167.7609699,0.6981627936,49.56840249,8.05682205,38.96408583,-0.5951957295,11.65573613,0.7739400921,478432.7954,Bear Trend,False,True
2018-12-07 00:00:00+00:00,91.18,96.9,82.07,93.05,1030073.585,ETHUSDT,11.89184106,23.55198176,123.8566583,160.1614492,170.3112,522696.2392,81.8080511,120.1945,158.5809489,0.6387388591,50.97337708,7.339147095,40.37659454,-0.5785397228,11.59215974,0.7739400921,522696.2392,Bear Trend,False,True
2018-12-08 00:00:00+00:00,93.06,98,84.55,90.38,698217.1253,ETHUSDT,12.00313813,22.76774947,120.6684051,157.4249218,168.0188,550520.2793,86.06808804,115.765,145.461912,0.5130551023,52.10038114,7.406322811,37.14490873,-0.5807005335,11.5438269,0.7739400921,550520.2793,Bear Trend,False,True
2018-12-09 00:00:00+00:00,90.39,98.7,88.63,93.26,520519.3602,ETHUSDT,11.86505684,25.64382456,118.0580808,154.9086503,165.7258,546706.7554,86.34600127,112.8875,139.4289987,0.4702291881,53.0281467,7.378740794,34.89310307,-0.5673393644,11.50530355,0.7739400921,546706.7554,Bear Trend,False,True
2018-12-10 00:00:00+00:00,93.26,95.21,88.11,89.91,408573.0293,ETHUSDT,11.52469563,24.50089244,115.3773112,152.3596836,163.3742,517307.7925,84.17541153,110.692,137.2085885,0.4791057794,53.90937306,7.054040186,33.67992549,-0.5802912893,11.43286521,0.7739400921,517307.7925,Bear Trend,False,True
2018-12-11 00:00:00+00:00,89.88,91.65,85.83,87.76,339991.8425,ETHUSDT,11.11721737,23.76870627,112.7470911,149.8263627,160.996,498359.4953,83.04551668,108.1685,133.2914833,0.4645157014,54.81675087,6.790263273,33.88541649,-0.5903277005,11.35844626,0.7739400921,498359.4953,Bear Trend,False,True
2018-12-12 00:00:00+00:00,87.77,91.31,86.63,89.41,285436.0403,ETHUSDT,10.65741613,25.60612016,110.524511,147.4570936,158.6672,495897.5938,81.41730364,106.3075,131.1976964,0.4682679277,55.65931598,6.577276562,32.82254999,-0.5818054256,11.28716439,0.7739400921,495897.5938,Bear Trend,False,True
2018-12-13 00:00:00+00:00,89.39,90.71,84.71,86.34,331218.3008,ETHUSDT,10.32474355,24.42641741,108.2212242,145.0603448,156.287,487240.8966,79.58904659,104.3735,129.1579534,0.4749185073,56.52272908,6.304259339,32.78840663,-0.5894436519,11.21712883,0.7739400921,487240.8966,Bear Trend,False,True
2018-12-14 00:00:00+00:00,86.35,87.25,82.2,83.82,318003.7343,ETHUSDT,9.947976156,23.4705473,105.8972981,142.6587627,153.8848,479575.0049,76.99393565,102.82,128.6460644,0.5023548795,57.42964256,6.075666471,33.40172985,-0.5588421053,11.10525058,0.7407707704,479575.0049,Bear Trend,False,True
2018-12-15 00:00:00+00:00,83.82,85,81.79,83.76,217360.6578,ETHUSDT,9.466692145,23.44702054,103.788984,140.3490073,151.4616,448631.3722,75.05122697,101.0745,127.097773,0.5149325107,58.28929234,5.928512269,32.90208668,-0.5472432432,10.99518507,0.7086846477,448631.3722,Bear Trend,False,True
2018-12-16 00:00:00+00:00,83.75,87.64,83.73,84.67,241366.7631,ETHUSDT,9.069785563,24.68019063,101.9681284,138.1655168,149.066,426725.1234,73.20684102,99.774,126.341159,0.5325467351,58.45383451,7.825072442,31.88893342,-0.537170657,10.8893147,0.6684508263,426725.1234,Bear Trend,False,True
2018-12-17 00:00:00+00:00,84.68,97,84.4,94.02,472252.2339,ETHUSDT,9.321943737,36.07454258,101.2111638,136.4343201,146.8466,424136.5148,72.78392705,98.9035,125.0230729,0.5281829854,56.69567735,14.24160738,28.81017207,-0.4860610036,10.79199461,0.5856427971,424136.5148,Bear Trend,False,True
2018-12-18 00:00:00+00:00,94.03,101.3,91.34,100.39,529946.7917,ETHUSDT,9.367519184,42.46093662,101.1329577,135.0208173,144.9152,421706.2173,74.06216934,97.778,121.4938307,0.4850954338,54.3351742,16.43881658,26.62214564,-0.4401940557,10.70897118,0.5303648603,421706.2173,Bear Trend,False,True
2018-12-19 00:00:00+00:00,100.39,107.55,97.75,98.74,827748.591,ETHUSDT,9.398410671,41.30970385,100.905057,133.5980402,142.9446,439154.7771,74.96880851,96.816,118.6631915,0.4513136566,51.20271729,19.96448562,24.63931018,-0.3617323853,10.63625896,0.5215577481,439154.7771,Bear Trend,False,True
2018-12-20 00:00:00+00:00,98.73,116,97.88,114.05,859612.572,ETHUSDT,10.02138134,53.82081239,102.1569563,132.8314503,141.251,461205.7239,74.93487179,96.832,118.7291282,0.4522704935,47.8561119,23.40886052,21.45708349,-0.1968875431,10.58406189,0.5139938065,461205.7239,Range/Chop,False,True
2018-12-21 00:00:00+00:00,113.71,118,104.76,107.69,666048.7179,ETHUSDT,10.25128267,49.13497869,102.6839128,131.8455111,139.4056,478000.2064,76.02568695,96.3115,116.597313,0.421254223,44.97459032,22.64287056,19.4775975,-0.232977208,10.54623604,0.5077049909,478000.2064,Range/Chop,False,True
2018-12-22 00:00:00+00:00,107.67,115.5,105.38,115.2,405672.8312,ETHUSDT,10.24190534,54.2051304,103.8759211,131.192746,137.6626,484600.9669,76.22378014,96.243,116.2622199,0.416014045,42.29889171,21.04477332,18.10290012,-0.1193333843,10.51642156,0.4937251566,484600.9669,Range/Chop,False,True
2018-12-23 00:00:00+00:00,115.18,131.94,114.91,129.03,936094.1049,ETHUSDT,10.72676924,61.76377111,106.2715477,131.1079324,136.237,515183.3705,73.16660895,97.2565,121.3463911,0.4953888132,41.39831617,29.60551568,16.05000941,-0.02205547976,10.50517716,0.4902421235,515183.3705,Range/Chop,False,True
2018-12-24 00:00:00+00:00,129.03,157.67,128.8,138.03,1319609.816,ETHUSDT,12.0227143,65.72810321,109.2961622,131.379386,134.7554,567397.811,69.11859326,98.661,128.2034067,0.5988669634,42.00753048,39.81410158,13.29710258,-0.1245639627,10.52546213,0.4902421235,567397.811,Bull Trend,False,True
2018-12-25 00:00:00+00:00,138.01,139.26,119.68,127.6,1076164.128,ETHUSDT,12.56252042,58.19756106,111.0393849,131.2311748,133.0942,603502.4408,67.79984724,99.9055,132.0111528,0.642720426,41.51313385,35.38164192,17.00224358,-0.190714784,10.56046483,0.4902421235,603502.4408,Range/Chop,False,True
2018-12-26 00:00:00+00:00,127.61,135.32,122.51,129.35,794834.056,ETHUSDT,12.58019753,59.04540554,112.783253,131.1574033,131.2664,613937.2141,67.56515646,101.823,136.0808435,0.6728900846,41.05405126,32.80821632,15.76561332,-0.1796156529,10.60457449,0.4902421235,613937.2141,Range/Chop,False,True
2018-12-27 00:00:00+00:00,129.35,131.09,111.22,113.8,752177.9011,ETHUSDT,13.10089771,49.44825005,112.880086,130.4767208,129.161,600042.4299,68.47168177,102.8605,137.2493182,0.6686496415,39.42707114,29.25393831,20.21316712,-0.2782393607,10.66642631,0.4902421235,600042.4299,Range/Chop,False,True
2018-12-28 00:00:00+00:00,113.75,136.66,111.87,135.3,894454.1905,ETHUSDT,13.93583358,59.29872526,115.0153159,130.665869,127.6112,609854.2831,68.47694348,105.1065,141.7360565,0.6969988825,38.27830542,28.3917974,17.64484255,-0.1418786072,10.74121729,0.4902421235,609854.2831,Bull Trend,False,True
2018-12-29 00:00:00+00:00,135.3,145.42,128.5,132.89,1006654.498,ETHUSDT,14.14898833,57.93592503,116.7176668,130.7530898,126.0536,634161.04,68.97847752,107.088,145.1975225,0.711742165,37.73202786,30.38896587,16.13766394,-0.1571636963,10.82760653,0.4988718463,634161.04,Bull Trend,False,True
2018-12-30 00:00:00+00:00,133,139,127.03,137.77,704259.4161,ETHUSDT,13.99334631,59.9433923,118.7226509,131.0282628,124.544,648945.3594,70.00074929,109.481,148.9612507,0.7212256137,37.06720258,28.53218586,15.90200175,-0.1262129765,10.91202749,0.5086436951,648945.3594,Bull Trend,False,True
2018-12-31 00:00:00+00:00,137.81,138.66,128.7,131.45,484604.8396,ETHUSDT,13.70525014,56.20250405,119.9347794,131.0448015,122.9222,656176.0092,72.40013283,111.6655,150.9308672,0.7032676551,36.44986483,27.05110291,15.07654156,-0.1662966956,10.99862077,0.5215577481,656176.0092,Bull Trend,False,True
2019-01-01 00:00:00+00:00,131.45,140.67,130,139.1,401776.888,ETHUSDT,13.48844656,59.49742565,121.7600385,131.3606916,121.4464,661993.0516,74.54511394,114.15,153.7548861,0.6939095236,36.00996187,26.58702708,14.22466596,-0.1177776368,11.08649309,0.5303648603,661993.0516,Bull Trend,False,True
2019-01-02 00:00:00+00:00,139.1,155.37,137.76,152.01,941486.3152,ETHUSDT,13.78284323,64.36903919,124.6409872,132.1704684,120.2898,692506.4523,76.72209851,117.4335,158.1449015,0.6933524333,36.44997904,31.77879462,12.92648696,-0.03589776115,11.18417216,0.5657068493,692506.4523,Bull Trend,False,True
2019-01-03 00:00:00+00:00,152.01,153.64,143.11,146.3,708091.3171,ETHUSDT,13.55049729,60.88111264,126.7037503,132.7245677,119.4672,712010.8315,81.07253837,120.5575,160.0424616,0.6550394896,36.85856641,30.01485985,12.20898083,-0.07211264032,11.26388605,0.6207936947,712010.8315,Bull Trend,False,True
2019-01-04 00:00:00+00:00,146.3,154.8,143.54,151.97,805248.9382,ETHUSDT,13.38689034,63.02373195,129.1100598,133.4792905,118.8196,741405.2455,86.03287137,123.968,161.9031286,0.6120148527,37.3014004,28.83050647,11.47546404,-0.03615145557,11.34444181,0.6273676393,741405.2455,Bull Trend,False,True
2019-01-05 00:00:00+00:00,152.08,159.26,151.2,152.83,773169.1374,ETHUSDT,13.00639817,63.35161087,131.3691017,134.2381419,118.3384,767995.3642,92.01567511,127.376,162.7363249,0.5552117335,37.95575312,30.00369895,10.96751491,-0.04037423082,11.41438644,0.6273676393,767995.3642,Bull Trend,False,True
2019-01-06 00:00:00+00:00,152.83,157.4,147.51,153.86,627908.4737,ETHUSDT,12.7837983,63.76602056,133.5110921,135.0076265,117.8916,775778.1762,96.718331,130.368,164.017669,0.516225899,38.03430365,28.34570422,12.42321505,-0.03390681904,11.48183503,0.6273676393,775778.1762,Bull Trend,False,True
2019-01-07 00:00:00+00:00,153.89,155.48,147.86,149.34,424765.3026,ETHUSDT,12.41495557,60.53127075,135.0186071,135.5696804,117.299,770519.1017,101.1833888,132.8155,164.4476112,0.4763316209,38.10724342,27.10299644,11.87856723,-0.06228808238,11.54366824,0.6273676393,770519.1017,Bull Trend,False,True
2019-01-08 00:00:00+00:00,149.29,151.65,145.2,147.6,441661.0678,ETHUSDT,11.98888731,59.28449597,136.216835,136.0414576,117.2348,751214.7256,107.1834967,135.2585,163.3335033,0.4151310759,37.77206185,26.06147046,13.00689333,-0.07321361296,11.60113241,0.6273676393,751214.7256,Bull Trend,False,True
2019-01-09 00:00:00+00:00,147.62,151.5,146.77,148.1,299443.563,ETHUSDT,11.47039536,59.54237382,137.348565,136.5143416,117.5204,723206.2751,110.1350328,136.961,163.7869672,0.3917314739,37.46082183,25.29383746,12.62377908,-0.07007409268,11.65234915,0.6273676393,723206.2751,Bull Trend,False,True
2019-01-10 00:00:00+00:00,148.11,149.45,121,124.95,871751.7504,ETHUSDT,12.68322426,45.25164732,136.1677493,136.060838,117.2548,733491.4267,113.8626149,137.824,161.7853851,0.3477099069,35.38183008,21.2411857,25.11414453,-0.2154338817,11.72783611,0.6273676393,733491.4267,Range/Chop,False,True
2019-01-11 00:00:00+00:00,124.96,127.36,120.08,124.65,545293.9837,ETHUSDT,12.29727967,45.10058184,135.0708208,135.6133542,117.2152,740472.4844,115.8110218,138.2965,160.7819782,0.3251778349,33.52919513,20.3429857,24.58655414,-0.2173175939,11.80264544,0.6273676393,740472.4844,Range/Chop,False,True
2019-01-12 00:00:00+00:00,124.67,126.19,122,123.35,300262.134,ETHUSDT,11.71818827,44.40874115,133.9545521,135.1324383,117.1818,708680.8858,114.9304707,138.0125,161.0945293,0.3344918651,31.80889125,19.82342032,23.95860686,-0.2254803466,11.87162314,0.6273676393,708680.8858,Range/Chop,False,True
2019-01-13 00:00:00+00:00,123.35,124.25,111.87,114.16,422561.9678,ETHUSDT,11.76546053,39.76486805,132.0693567,134.3099898,117.1672,663828.4934,111.5035779,136.819,162.1344221,0.3700571134,31.06434241,18.33350266,28.30785345,-0.2831847294,11.90976911,0.6273676393,663828.4934,Bear Trend,False,True
2019-01-14 00:00:00+00:00,114.17,130.05,113.94,126.95,546420.4085,ETHUSDT,12.07578478,47.92635963,131.5817989,134.0213627,117.3328,637341.3074,111.4221981,136.7865,162.1508019,0.3708597252,29.72105457,20.01719845,25.6103682,-0.2028758006,11.94173798,0.5836132931,637341.3074,Range/Chop,False,True
2019-01-15 00:00:00+00:00,126.95,129.4,116,118.95,649020.5297,ETHUSDT,12.17037158,43.91800278,130.3787704,133.4303289,117.4982,630050.6311,109.9067949,136.2665,162.6262051,0.3868845984,28.47371585,18.44293933,23.59623241,-0.2531081251,11.97309003,0.5357188163,630050.6311,Range/Chop,False,True
2019-01-16 00:00:00+00:00,118.93,126.88,118.52,121.48,513486.6547,ETHUSDT,11.89820218,45.47122257,129.5312685,132.9616885,117.6992,618116.0688,111.4111732,136.6505,161.8898268,0.3693996997,27.31547276,17.51733147,22.41199285,-0.2372221525,12.00742884,0.49627876,618116.0688,Range/Chop,False,True
2019-01-17 00:00:00+00:00,121.49,122.99,116.8,121.54,447535.2272,ETHUSDT,11.49047346,45.50976539,128.7701953,132.5137792,117.672,595770.1206,109.8774293,135.9625,162.0475707,0.3837097837,26.40977019,16.84328065,22.61880868,-0.23684541,12.03854107,0.4457313484,595770.1206,Range/Chop,False,True
2019-01-18 00:00:00+00:00,121.56,121.98,117.66,119.17,235646.684,ETHUSDT,10.97829678,44.18133624,127.855891,131.9904937,117.6958,557219.7299,108.2014545,135.2765,162.3515455,0.4002919286,25.56876065,16.36985975,21.98305267,-0.2517267362,12.0334548,0.4077115022,557219.7299,Range/Chop,False,True
2019-01-19 00:00:00+00:00,119.16,125.29,119.14,122.6,323303.793,ETHUSDT,10.63341844,46.61030376,127.3553299,131.6222391,117.8732,538171.9488,106.9199562,134.518,162.1160438,0.4103249207,24.32090169,17.91703968,21.07489308,-0.230189627,12.00301755,0.4053084247,538171.9488,Range/Chop,False,True
2019-01-20 00:00:00+00:00,122.61,123.32,115.68,117.47,451792.8535,ETHUSDT,10.41960284,43.55740634,126.4138699,131.0672493,117.8606,536531.3495,105.2543023,133.819,162.3836977,0.4269154264,23.55814188,16.97865607,22.34302351,-0.2624011051,11.96615915,0.4053084247,536531.3495,Range/Chop,False,True
2019-01-21 00:00:00+00:00,117.56,118.5,113.61,115.63,303632.9346,ETHUSDT,10.02463121,42.48260895,125.3868347,130.461867,117.8418,531624.1518,103.1323894,132.6455,162.1586106,0.4449922633,23.08062378,16.38707301,23.03946962,-0.2739545397,11.9201835,0.4053084247,531624.1518,Range/Chop,False,True
2019-01-22 00:00:00+00:00,115.62,119.49,111.39,117.81,359542.6387,ETHUSDT,9.887157549,44.23820537,124.6652314,129.9657153,118.0228,502526.968,102.1544483,130.9355,159.7165517,0.439621825,22.88313577,15.42814299,23.29507028,-0.2602662313,11.87482516,0.4053084247,502526.968,Range/Chop,False,True
2019-01-23 00:00:00+00:00,117.8,118.95,114.8,116.44,230247.6158,ETHUSDT,9.477360581,43.3428575,123.881876,129.4352951,118.1528,478634.7829,100.9075552,129.4425,157.9774448,0.4408898902,22.69975404,14.94558855,22.56645767,-0.2688685169,11.81563526,0.4053084247,478634.7829,Range/Chop,False,True
2019-01-24 00:00:00+00:00,116.4,117.15,113.61,116.39,216242.2983,ETHUSDT,9.053263396,43.3084066,123.168364,128.9237149,118.4264,449184.4509,100.5681201,127.6635,154.7588799,0.424481232,22.67234361,14.52815909,22.87506572,-0.2691824689,11.74179227,0.4053084247,449184.4509,Range/Chop,False,True
2019-01-25 00:00:00+00:00,116.4,117.5,114.3,115.11,198617.0811,ETHUSDT,8.635173154,42.37972702,122.4009008,128.3820006,118.9086,420456.8481,100.7819173,125.7775,150.7730827,0.3974571399,22.57797405,14.43311501,22.26956699,-0.2772196408,11.65906901,0.3988745343,420456.8481,Range/Chop,False,True
2019-01-26 00:00:00+00:00,115.13,118,115,115.34,146216.8282,ETHUSDT,8.232660786,42.61783457,121.7284341,127.8705496,119.3544,396372.2658,102.0798632,123.8515,145.6231368,0.3515764742,22.38641658,14.49125153,21.68991841,-0.2757754615,11.5715998,0.3945943069,396372.2658,Range/Chop,False,True
2019-01-27 00:00:00+00:00,115.32,116.15,111.04,112.05,247369.6056,ETHUSDT,8.009613587,40.06724772,120.8066784,127.2501359,119.7878,387502.481,103.0655549,121.987,140.9084451,0.3102206806,22.73938718,13.83088174,24.23297419,-0.296433505,11.47809267,0.3893080361,387502.481,Range/Chop,False,True
2019-01-28 00:00:00+00:00,112.04,112.87,100.91,105.5,566205.7829,ETHUSDT,8.291784045,35.51068017,119.3488995,126.3971894,120.0326,393729.7167,103.6506703,119.882,136.1133297,0.2707884371,24.12380099,12.40591401,30.462666,-0.3375612206,11.39452652,0.385297191,393729.7167,Range/Chop,False,True
2019-01-29 00:00:00+00:00,105.49,106.61,102.22,104.45,319768.9135,ETHUSDT,8.013085184,34.82693196,117.9299567,125.5365153,120.3234,394745.9843,106.1764336,117.6995,129.2225664,0.1958048486,25.4093281,11.92044055,29.27058811,-0.3441542132,11.31123892,0.3772847544,394745.9843,Bear Trend,False,True
2019-01-30 00:00:00+00:00,104.41,109.8,103.45,108.29,330968.1926,ETHUSDT,7.894293386,39.4208869,117.0118656,124.8601814,120.734,367706.8064,105.1532899,116.8665,128.5797101,0.2004545376,25.90055436,14.121897,27.58882866,-0.3200426975,11.23020995,0.3772847544,367706.8064,Bear Trend,False,True
2019-01-31 00:00:00+00:00,108.29,110.61,105.46,106.44,290679.6193,ETHUSDT,7.698272429,38.03006716,116.0050213,124.1378213,121.0746,354976.0882,103.9764735,115.956,127.9355265,0.2066219348,26.18121331,14.19865105,26.27051371,-0.3316589225,11.15546876,0.3772847544,354976.0882,Bear Trend,False,True
2019-02-01 00:00:00+00:00,106.47,108.35,103.77,106.73,243149.8844,ETHUSDT,7.475538685,38.39697538,115.1216859,123.4551617,121.4824,352120.4757,103.0073938,115.125,127.2426062,0.2105121598,26.64259406,13.57729285,26.73565981,-0.3298380008,11.07930432,0.3772847544,352120.4757,Bear Trend,False,True
2019-02-02 00:00:00+00:00,106.71,111.15,106.07,110.42,186908.7573,ETHUSDT,7.304428778,43.01985928,114.6739063,122.9439788,122.0144,340337.8151,102.652331,114.938,127.223669,0.2137790644,26.43905034,15.64088779,25.40753061,-0.3066683411,11.0060564,0.3772847544,340337.8151,Bear Trend,False,True
2019-02-03 00:00:00+00:00,110.41,111.11,105.82,107.36,227211.5406,ETHUSDT,7.160541009,40.31784287,113.9773438,122.3328424,122.4864,324377.3717,102.5686988,113.9585,125.3483012,0.1998938418,26.28473546,14.81552821,24.31617416,-0.3258822052,10.93457618,0.3765547417,324377.3717,Bear Trend,False,True
2019-02-04 00:00:00+00:00,107.33,109.3,106.57,107.68,160850.1029,ETHUSDT,6.844073794,40.73703738,113.3775968,121.7582211,122.9466,299968.8504,101.9338334,113.395,124.8561666,0.2021458902,26.14144308,14.3934071,23.62336252,-0.3158831004,10.85421359,0.360488087,299968.8504,Bear Trend,False,True
2019-02-05 00:00:00+00:00,107.65,108.18,106.47,107.27,159730.1886,ETHUSDT,6.477354237,40.34602511,112.7959209,121.1900556,123.2116,282281.0271,101.5593582,112.6845,123.8096418,0.1974564692,26.02432905,14.12199198,23.28817331,-0.310072035,10.76397215,0.3308985774,282281.0271,Bear Trend,False,True
2019-02-06 00:00:00+00:00,107.28,107.83,101.21,104.5,337204.3025,ETHUSDT,6.48754322,37.7123333,112.0058332,120.5355436,123.2938,276764.4809,100.9431293,111.8325,122.7218707,0.1947442959,26.68719649,13.09268327,27.38208815,-0.3109132872,10.67204556,0.2905045588,276764.4809,Bear Trend,False,True
2019-02-07 00:00:00+00:00,104.49,106.18,103.82,104.48,147942.0768,ETHUSDT,6.192718704,37.69320123,111.2890872,119.9059145,123.4086,272379.2505,100.3061279,111.098,121.8898721,0.1942766229,27.30271627,12.73628853,26.63672283,-0.3103630363,10.5775066,0.2422837507,272379.2505,Bear Trend,False,True
2019-02-08 00:00:00+00:00,104.48,123,103.41,119.25,589950.6493,ETHUSDT,7.149667368,55.60525769,112.0472693,119.8801923,123.5126,285711.5933,100.7725426,110.9305,121.0884574,0.1831409292,26.18129859,27.04760475,21.42355923,-0.2020742723,10.50458946,0.2121456121,285711.5933,Range/Chop,False,True
2019-02-09 00:00:00+00:00,119.32,121.99,117.64,119.19,328067.9574,ETHUSDT,6.949691128,55.53541267,112.7275294,119.853126,123.7426,279525.3485,100.6123964,111.0165,121.4206036,0.1874334638,25.13998217,25.83833127,20.46573164,-0.08350634371,10.43513069,0.2085670473,279525.3485,Range/Chop,False,True
2019-02-10 00:00:00+00:00,119.19,126.49,115.81,125.12,385819.0962,ETHUSDT,7.216141761,60.7789774,113.9077647,120.05967,123.941,283634.6566,99.53819129,111.491,123.4438087,0.2144174634,24.78627657,27.56112192,18.30218911,-0.03790849673,10.37777611,0.2085670473,283634.6566,Range/Chop,False,True
2019-02-11 00:00:00+00:00,125.12,125.28,119.24,120.89,389405.304,ETHUSDT,7.132131636,55.73033747,114.5727395,120.092232,123.7782,285127.7899,99.29764968,111.645,123.9923503,0.2211894903,24.45783565,25.89392674,17.19507448,-0.07043444829,10.32456592,0.2085670473,285127.7899,Range/Chop,False,True
2019-02-12 00:00:00+00:00,120.88,123.89,118.18,122.41,343765.6699,ETHUSDT,7.030550805,57.10905263,115.3191452,120.1831249,123.4658,290803.6926,98.87907154,111.9435,125.0079285,0.2334111129,23.93096491,24.39176521,17.27448428,-0.05874663591,10.27594216,0.2085670473,290803.6926,Range/Chop,False,True
2019-02-13 00:00:00+00:00,122.4,126.47,120.7,121.86,317827.3196,ETHUSDT,6.940511461,56.42429284,115.9420838,120.2488847,123.351,295882.9436,98.57540171,112.217,125.8585983,0.2431289073,23.81752719,25.59854654,16.24868735,-0.05826893354,10.23383915,0.2085670473,295882.9436,Range/Chop,False,True
2019-02-14 00:00:00+00:00,121.86,124.5,120.1,120.42,297205.7874,ETHUSDT,6.759046357,54.57909018,116.368552,120.2555951,123.1724,300812.3789,98.4256442,112.4825,126.5393558,0.249938538,23.57549702,24.40825177,16.12721814,-0.05091424968,10.19532683,0.2085670473,300812.3789,Range/Chop,False,True
2019-02-15 00:00:00+00:00,120.47,124.25,120.19,121.67,255296.0814,ETHUSDT,6.566257331,55.92646383,116.8734518,120.3110619,123.3298,306266.3416,98.22355915,112.799,127.3744409,0.2584320934,23.35075472,23.33025671,15.4149565,-0.03810577911,10.14939872,0.2085670473,306266.3416,Range/Chop,False,True
2019-02-16 00:00:00+00:00,121.66,124.99,121.54,122.67,215320.7013,ETHUSDT,6.343667522,57.02477413,117.425504,120.4035693,123.0772,304663.8964,98.1414925,113.33,128.5185075,0.2680403688,23.26645062,23.25718737,14.81614111,-0.03020001581,10.09900119,0.2085670473,304663.8964,Range/Chop,False,True
2019-02-17 00:00:00+00:00,122.67,135.61,122.43,133.75,614788.6008,ETHUSDT,6.831976985,66.87467313,118.9802179,120.9269588,123.0944,307093.0373,97.6006321,114.7425,131.8843679,0.298788468,24.59325582,31.15565692,12.77451559,-0.01371580267,10.0562273,0.2085670473,307093.0373,Range/Chop,False,True
2019-02-18 00:00:00+00:00,133.77,148.3,132.42,145.69,1079830.15,ETHUSDT,7.478264343,73.83441723,121.5240067,121.8980584,123.2528,345096.0991,95.65742694,116.8045,137.9515731,0.3620934649,26.84481144,38.55088101,10.83690683,-0.01759946055,10.01384202,0.2121456121,345096.0991,Bull Trend,False,True
2019-02-19 00:00:00+00:00,145.69,150,142.36,143.44,747968.9045,ETHUSDT,7.48981689,70.81501264,123.6112442,122.7428404,123.4926,365946.1347,94.85052379,118.562,142.2734762,0.3999844167,29.04273356,37.36328063,10.04732078,-0.04373333333,9.967817586,0.2140982639,365946.1347,Bull Trend,False,True
2019-02-20 00:00:00+00:00,143.45,149.52,139.6,148.44,614303.6101,ETHUSDT,7.663401398,73.41663678,125.9758876,123.7505722,123.6794,382127.3342,94.32296995,120.662,147.0010301,0.4365753933,30.44851858,33.90860669,11.69085224,-0.0104,9.92484252,0.2178034769,382127.3342,Bull Trend,False,True
2019-02-21 00:00:00+00:00,148.42,149.61,142.7,145.69,447364.4087,ETHUSDT,7.609587012,69.73465952,127.8534221,124.6109419,123.553,392338.0605,94.95090168,122.61,150.2690983,0.4511719814,31.76113219,31.79371369,10.93256265,-0.02873333333,9.872889483,0.2273003016,392338.0605,Bull Trend,False,True
2019-02-22 00:00:00+00:00,145.68,148.85,143.85,147.36,366251.1854,ETHUSDT,7.42318794,70.69579588,129.7111914,125.5030618,123.5742,401305.1819,95.40233834,124.457,153.5116617,0.4669028123,32.97998768,30.26406122,10.40657749,-0.0176,9.79623071,0.2382700101,401305.1819,Bull Trend,False,True
2019-02-23 00:00:00+00:00,147.4,159.6,145.78,157.79,588183.729,ETHUSDT,7.880103087,75.8533995,132.3853637,126.7692163,123.6906,419353.7913,95.63367888,126.9785,158.3233211,0.4937028098,34.89771749,36.21712578,9.102942437,-0.01134085213,9.718190422,0.2465337226,419353.7913,Bull Trend,False,True
2019-02-24 00:00:00+00:00,157.75,166,131.7,132.1,1260506.807,ETHUSDT,9.767238581,51.71156791,132.3581862,126.9782666,123.276,474336.6265,98.078179,128.1995,158.320821,0.4699132368,34.02186693,27.13247433,17.11638646,-0.2042168675,9.671307772,0.2541853157,474336.6265,Bull Trend,False,True
2019-02-25 00:00:00+00:00,132.1,141.55,131.89,137.87,801147.0954,ETHUSDT,9.759578682,55.16321233,132.8831208,127.4053934,122.9562,506407.4718,100.9367006,129.7295,158.5222994,0.4438897773,33.20857712,25.21421455,15.90626182,-0.1694578313,9.615619122,0.2632362311,506407.4718,Bull Trend,False,True
2019-02-26 00:00:00+00:00,137.88,138.41,133.72,136.22,432944.1703,ETHUSDT,9.397465919,53.97506865,133.2009188,127.7510643,122.6938,511194.4652,104.856409,131.3155,157.774591,0.4029850406,32.45337944,24.31538055,15.33923686,-0.1793975904,9.539979661,0.2834144184,511194.4652,Bull Trend,False,True
2019-02-27 00:00:00+00:00,136.22,140.29,126.84,135.02,567202.6103,ETHUSDT,9.686932639,53.07964328,133.3741647,128.0361206,122.4422,532157.4919,109.4016716,132.8425,156.2833284,0.3529115814,30.66280005,21.9038707,18.89105604,-0.186626506,9.465612066,0.3258500247,532157.4919,Bull Trend,False,True
2019-02-28 00:00:00+00:00,135.03,139,132.1,135.34,579327.3175,ETHUSDT,9.487866022,53.30212112,133.5613871,128.3225472,122.187,531626.3253,111.0377133,133.647,156.2562867,0.3383433474,29.00011918,20.76605118,17.90974034,-0.1846987952,9.390520728,0.3456274644,531626.3253,Bull Trend,False,True
2019-03-01 00:00:00+00:00,135.32,137.95,134.9,135.32,302632.0283,ETHUSDT,9.028018449,53.28511536,133.728874,128.5969571,122.3944,530354.5289,112.8355239,134.4535,156.0714761,0.3215680679,27.45620124,20.26494093,17.47755637,-0.1848192771,9.312566866,0.3456274644,530354.5289,Bull Trend,False,True
2019-03-02 00:00:00+00:00,135.32,136.12,130.03,132.56,297005.2809,ETHUSDT,8.818159989,50.8729755,133.6175527,128.7523706,122.5526,525913.8381,113.6104681,134.8255,156.0405319,0.3147035525,25.72728943,19.26527101,20.56016967,-0.2014457831,9.234728757,0.3456274644,525913.8381,Range/Chop,False,True
2019-03-03 00:00:00+00:00,132.54,134.6,128.01,130.6,222453.2859,ETHUSDT,8.659005704,49.17068186,133.3301667,128.8248266,122.6976,517566.2372,114.9673013,135.311,155.6546987,0.3006954155,24.41467957,18.21798699,21.10880146,-0.213253012,9.149331465,0.3456274644,517566.2372,Range/Chop,False,True
2019-03-04 00:00:00+00:00,130.6,131.11,122.6,125.65,403947.7944,ETHUSDT,8.648362439,45.06902511,132.5987223,128.7003236,122.9274,520575.3434,115.4944884,135.473,155.4515116,0.2949445507,23.9165004,16.93752106,24.09338052,-0.2430722892,9.067629217,0.3456274644,520575.3434,Range/Chop,False,True
2019-03-05 00:00:00+00:00,125.68,137.84,125.19,136.72,512631.2318,ETHUSDT,8.934193693,54.25849814,132.9912249,129.0148207,123.1228,530315.539,117.2375655,136.216,155.1944345,0.2786520599,22.38590282,20.60513445,21.65666479,-0.1763855422,8.993417607,0.3456274644,530315.539,Range/Chop,False,True
2019-03-06 00:00:00+00:00,136.71,140.29,133.33,137.4,428826.8741,ETHUSDT,8.793179858,54.75916619,133.4111082,129.3436513,123.4918,536896.5934,119.524321,137.065,154.605679,0.255946872,20.95721161,21.43035408,20.43225492,-0.1722891566,8.923197301,0.3456274644,536896.5934,Range/Chop,False,True
2019-03-07 00:00:00+00:00,137.37,140.2,135.2,136.81,307336.4931,ETHUSDT,8.52223844,54.20478958,133.7348122,129.6364493,123.7984,539498.6139,121.7597765,137.822,153.8842235,0.2330864957,19.63056977,20.53226868,19.57599703,-0.1758433735,8.852171304,0.3456274644,539498.6139,Range/Chop,True,True
2019-03-08 00:00:00+00:00,136.82,139.34,130.62,133.52,330283.5823,ETHUSDT,8.536364265,51.09821102,133.7143539,129.7887454,124.038,545246.758,123.7151785,138.3645,153.0138215,0.2117497111,18.7414235,19.03412851,21.97997553,-0.1956626506,8.787528115,0.3456274644,545246.758,Range/Chop,True,True
2019-03-09 00:00:00+00:00,133.51,138.65,132.93,137.27,279861.1205,ETHUSDT,8.335195389,54.31234238,134.0529869,130.0821279,124.4,528500.384,124.0332749,138.5405,153.0477251,0.2094293735,17.91578767,18.10112086,20.90256947,-0.1730722892,8.72663325,0.3456274644,528500.384,Range/Chop,True,True
2019-03-10 00:00:00+00:00,137.27,137.5,134,135.37,203965.1682,ETHUSDT,7.98982429,52.43197751,134.1784167,130.2894954,124.6554,484707.1349,123.8406395,138.0245,152.2083605,0.2055267074,17.14912584,17.53474042,20.24853227,-0.1845180723,8.668623732,0.3299557077,484707.1349,Range/Chop,True,True
2019-03-11 00:00:00+00:00,135.37,136.15,131,132.67,264587.0068,ETHUSDT,7.786979698,49.79374404,134.034758,130.3828486,124.9594,460538.04,123.3477336,137.486,151.6242664,0.2056684517,16.90804192,16.70639878,22.04383735,-0.2007831325,8.587019656,0.3181358102,460538.04,Range/Chop,True,True
2019-03-12 00:00:00+00:00,132.67,135.3,130.77,133.57,194905.9684,ETHUSDT,7.554338291,50.68451031,133.9904953,130.5078349,125.3182,439568.1579,123.4478246,136.7425,150.0371754,0.1944483308,16.72007979,15.99082144,21.31711601,-0.1953614458,8.507970633,0.307699484,439568.1579,Range/Chop,True,True
2019-03-13 00:00:00+00:00,133.62,133.65,130.58,131.65,209456.0985,ETHUSDT,7.234028413,48.69945139,133.767591,130.5526257,125.595,427672.7424,123.2361125,136.0405,148.8448875,0.1882437582,16.57713266,15.50609032,20.85853388,-0.2069277108,8.433234635,0.2978199831,427672.7424,Range/Chop,True,True
2019-03-14 00:00:00+00:00,131.69,135.11,128.52,132.2,258413.8187,ETHUSDT,7.188026384,49.31187304,133.6182966,130.6172286,125.9102,422280.8741,123.4936173,135.2825,147.0713827,0.1742854055,16.79048416,14.49066023,21.53964933,-0.2036144578,8.356944066,0.2867983053,422280.8741,Range/Chop,True,True
2019-03-15 00:00:00+00:00,132.24,137.62,132.18,136.56,295832.2656,ETHUSDT,7.063167356,53.99995568,133.8984588,130.8502785,126.3136,407663.3009,128.4348514,134.221,140.0071486,0.08621823162,16.39608266,16.23179339,20.35467213,-0.1773493976,8.273400442,0.267299466,407663.3009,Range/Chop,True,True
2019-03-16 00:00:00+00:00,136.6,144.47,136.51,140.92,474664.102,ETHUSDT,7.127226831,58.16669103,134.567177,131.2451695,126.8298,368371.1656,128.2762985,134.662,141.0477015,0.09484043795,15.76612577,21.80193146,18.73088699,-0.1510843373,8.18934803,0.2445166839,368371.1656,Range/Chop,True,True
2019-03-17 00:00:00+00:00,140.94,141.07,137.2,138.67,252697.0815,ETHUSDT,6.894567771,55.3788848,134.9579221,131.5363393,127.2964,340948.665,128.2270217,134.702,141.1769783,0.0961378198,15.1811658,20.92781186,17.97989686,-0.1646385542,8.105954123,0.2224181034,340948.665,Range/Chop,True,True
2019-03-18 00:00:00+00:00,138.67,142.01,136.1,137.59,281718.962,ETHUSDT,6.824241502,54.04004128,135.2085962,131.7737378,127.8072,333387.4045,128.2043886,134.7705,141.3366114,0.09744137488,14.40302037,19.6332319,18.01903056,-0.1711445783,8.02818359,0.2105895423,333387.4045,Range/Chop,True,True
2019-03-19 00:00:00+00:00,137.62,139.38,136.97,138.55,218577.4521,ETHUSDT,6.508938538,55.07962893,135.5268251,132.0394736,128.4682,315956.1466,128.1769421,134.947,141.7170579,0.1003365455,13.68045675,19.11398893,17.5424786,-0.1653614458,7.953694286,0.2075489126,315956.1466,Range/Chop,True,True
2019-03-20 00:00:00+00:00,138.56,139.66,136.01,139.01,222883.5175,ETHUSDT,6.304728642,55.59789918,135.8585561,132.3128275,129.1594,298133.9566,128.1326647,135.1305,142.1283353,0.1035715151,12.78587384,18.32358378,17.90467787,-0.1625903614,7.881549456,0.2055975795,298133.9566,Range/Chop,True,True
2019-03-21 00:00:00+00:00,139.04,139.55,131.21,134.85,312531.3937,ETHUSDT,6.450105168,49.98168083,135.7625031,132.4123245,129.6906,298628.9249,128.1087114,135.107,142.1052886,0.1035962407,12.79548222,16.63126709,21.56657815,-0.1876506024,7.815391162,0.1999875191,298628.9249,Range/Chop,True,True
2019-03-22 00:00:00+00:00,134.85,137.2,134.29,135.98,186119.7474,ETHUSDT,6.197240513,51.41729292,135.7832171,132.5522333,130.2814,293084.6482,128.3704632,135.278,142.1855368,0.1021235789,12.8044043,16.07344984,20.84322921,-0.1808433735,7.751601317,0.1913460445,293084.6482,Range/Chop,True,True
2019-03-23 00:00:00+00:00,135.92,138.21,135.6,137.28,174710.4306,ETHUSDT,5.941009048,53.08555468,135.9257678,132.737636,130.8924,290697.5055,129.0019543,135.612,142.2220457,0.09748467228,12.5477793,16.78338571,20.18916971,-0.1730120482,7.685832175,0.1812645818,290697.5055,Range/Chop,True,True
2019-03-24 00:00:00+00:00,137.28,137.37,134.75,136.09,198490.4512,ETHUSDT,5.703794116,51.34739686,135.941409,132.8691012,131.4058,280424.6383,131.359047,136.134,140.908953,0.07015077768,12.49694049,16.23271879,20.59121256,-0.1801807229,7.622939401,0.1389408231,280424.6383,Range/Chop,True,True
2019-03-25 00:00:00+00:00,136.12,136.83,131.6,133.98,230880.285,ETHUSDT,5.669951679,48.32596005,135.7546081,132.9126659,131.9382,266337.091,131.1406265,135.997,140.8533735,0.07141883342,13.10109044,15.16320704,23.20282411,-0.1928915663,7.566550872,0.1035838779,266337.091,Range/Chop,True,True
2019-03-26 00:00:00+00:00,133.97,134.74,132.27,134.18,183139.1143,ETHUSDT,5.441383702,48.63449112,135.6046455,132.9623652,132.4682,254052.703,130.9628803,135.836,140.7091197,0.07175004771,13.66208682,14.67156316,22.45050791,-0.07122586004,7.513321048,0.102847547,254052.703,Range/Chop,True,True
2019-03-27 00:00:00+00:00,134.14,140.14,133.84,139.45,317167.4533,ETHUSDT,5.502713437,56.07647867,135.9708697,133.2167823,133.1118,254544.251,130.8591778,135.968,141.0768222,0.0751474196,12.70938721,20.48128331,20.61455395,-0.03474769848,7.467821925,0.1012300622,254544.251,Range/Chop,True,True
2019-03-28 00:00:00+00:00,139.46,139.57,137.3,137.86,163185.6991,ETHUSDT,5.271805335,53.55537003,136.1507869,133.3988693,133.779,246189.3568,131.1422726,136.185,141.2277274,0.0740570171,11.82473757,19.85134849,19.98052016,-0.04575344362,7.422191788,0.09891060889,246189.3568,Range/Chop,True,True
2019-03-29 00:00:00+00:00,137.85,143.6,137.62,143.25,235853.0454,ETHUSDT,5.322390668,60.10356033,136.8269024,133.7851881,134.5544,243988.9531,130.5832461,136.484,142.3847539,0.08646806733,11.87877414,23.66661757,18.37700456,-0.008444659791,7.372701898,0.09746302358,243988.9531,Range/Chop,True,True
2019-03-30 00:00:00+00:00,143.25,145.89,140.06,142.46,254798.7007,ETHUSDT,5.358648477,58.79513134,137.3633879,134.1253768,135.0186,246530.6297,130.4189571,136.8385,143.2580429,0.09382656046,12.38462372,24.87992483,16.94890011,-0.02351086435,7.328461287,0.09678959734,246530.6297,Range/Chop,True,True
2019-03-31 00:00:00+00:00,142.44,142.5,140.42,141.38,142469.2117,ETHUSDT,5.1244593,56.96925301,137.7459224,134.4098718,135.4624,240424.7399,130.8629427,137.274,143.6850573,0.09340526718,12.85434118,24.15859098,16.45750733,-0.0309137021,7.282297385,0.09548912888,240424.7399,Range/Chop,True,True
2019-04-01 00:00:00+00:00,141.41,143.08,139.57,141.24,234310.1916,ETHUSDT,5.009140779,56.72334016,138.0786917,134.67772,135.7848,242394.9511,131.2609951,137.6575,144.0540049,0.09293362011,13.03170311,22.94942075,16.84585664,-0.03187332922,7.237478524,0.09433349921,242394.9511,Range/Chop,True,True
2019-04-02 00:00:00+00:00,141.24,165.6,141,163.31,906868.8586,ETHUSDT,6.408487866,75.02535754,140.4816734,135.8005545,136.6332,277265.5891,126.7792056,139.2405,151.7017944,0.17898951,16.00816513,41.75755999,12.22689234,-0.01382850242,7.219694344,0.09433349921,277265.5891,Range/Chop,False,True
2019-04-03 00:00:00+00:00,163.26,177.81,149.23,159.96,1345344.538,ETHUSDT,7.992167304,70.17415321,142.3367521,136.7479837,137.3842,331612.1251,125.677798,140.6285,155.579202,0.2126269145,19.46287578,42.00395244,9.103793636,-0.1003880547,7.231156653,0.09433349921,331612.1251,Range/Chop,False,True
2019-04-04 00:00:00+00:00,159.96,164,152.8,157.36,686080.9525,ETHUSDT,8.221298211,66.57605687,143.7675377,137.5562981,138.0942,351124.5594,125.1798624,141.6685,158.1571376,0.2327777542,22.67082137,37.91662206,8.217919566,-0.1150104044,7.248835939,0.09548912888,351124.5594,Range/Chop,False,True
2019-04-05 00:00:00+00:00,157.33,167.83,155.94,164.77,516070.3455,ETHUSDT,8.483348339,71.12080874,145.7677722,138.6235021,138.9812,353194.8716,123.552692,142.861,162.169308,0.270309013,25.83304437,37.34551471,7.39520648,-0.07333670772,7.276157182,0.09678959734,353194.8716,Bull Trend,False,True
2019-04-06 00:00:00+00:00,164.84,172.77,159.2,165.5,528168.333,ETHUSDT,8.8466806,71.53149157,147.647032,139.6774824,139.8578,366968.4342,122.6478199,144.2025,165.7571801,0.2989501585,28.98428777,37.24233933,6.584951389,-0.06923120184,7.315645955,0.09746302358,366968.4342,Bull Trend,False,True
2019-04-07 00:00:00+00:00,165.56,175.43,164.06,174.21,465507.525,ETHUSDT,9.0269177,75.92976157,150.1768384,141.0316988,140.8886,376157.8623,121.0827691,146.0335,170.9842309,0.3417124272,32.01803644,35.99649881,5.992509826,-0.02024633035,7.357968863,0.09891060889,376157.8623,Bull Trend,False,True
2019-04-08 00:00:00+00:00,174.29,185.87,170.9,178.72,873410.0728,ETHUSDT,9.451423579,77.83895721,152.8952348,142.5096714,141.788,408899.4933,119.6011213,148.042,176.4828787,0.3842271619,35.19153902,39.81400697,5.314547919,-0.03846774627,7.412280611,0.09980412559,408899.4933,Bull Trend,False,True
2019-04-09 00:00:00+00:00,178.71,179.17,171.05,174.6,431986.3611,ETHUSDT,9.356321895,72.20464947,154.9623553,143.7681156,142.3662,419354.6355,119.4740591,149.8215,180.1689409,0.4051146321,38.13836283,37.34592984,4.985098181,-0.0606337763,7.449058186,0.09980412559,419354.6355,Bull Trend,False,True
2019-04-10 00:00:00+00:00,174.58,183.77,168,177.12,523943.205,ETHUSDT,9.814441759,73.46960506,157.0726072,145.0760327,143.0398,429925.2261,120.1968195,151.935,183.6731805,0.4177862965,41.01267523,36.40747814,4.412945719,-0.04707591327,7.49680403,0.09980412559,429925.2261,Bull Trend,False,True
2019-04-11 00:00:00+00:00,177.12,177.48,158.27,164.07,661305.3032,ETHUSDT,10.48555306,58.59737927,157.7390255,145.8208941,143.3524,453684.5039,122.0671343,153.3395,184.6118657,0.4078840187,41.67602524,31.64318381,10.46363352,-0.1172862754,7.551294218,0.1382370912,453684.5039,Bull Trend,False,True
2019-04-12 00:00:00+00:00,164.06,166.5,158.11,163.19,316337.8782,ETHUSDT,10.3358707,57.74846169,158.2581659,146.5020356,143.7024,460765.8763,123.9907095,154.635,185.2792905,0.396343525,42.26214933,29.80847548,9.967511902,-0.1220207672,7.604689869,0.1958082123,460765.8763,Bull Trend,False,True
2019-04-13 00:00:00+00:00,163.2,165.37,160.74,162.99,179237.7457,ETHUSDT,9.928308508,57.54441829,158.7088168,147.1486224,144.015,459803.241,126.3655738,155.98,185.5944262,0.3797208131,42.80640742,28.81554817,9.635491742,-0.1230967881,7.652985831,0.2227023343,459803.241,Bull Trend,False,True
2019-04-14 00:00:00+00:00,162.99,168.11,161.2,167.23,186977.6621,ETHUSDT,9.712715043,60.71358491,159.5203581,147.9361274,144.2038,457608.1098,129.456136,157.6425,185.828864,0.3575985409,43.49909623,29.36625899,9.145844573,-0.1002851455,7.699189224,0.2515433836,457608.1098,Bull Trend,False,True
2019-04-15 00:00:00+00:00,167.21,168.81,155.7,159.95,351548.9079,ETHUSDT,9.955378254,53.34991645,159.5612763,148.4072597,144.7608,466028.5995,132.877261,158.931,184.984739,0.3278622673,43.03543197,26.60399288,12.2317428,-0.1394523054,7.752461422,0.2846295858,466028.5995,Bull Trend,False,True
2019-04-16 00:00:00+00:00,159.91,166.73,159.41,165.37,240370.5044,ETHUSDT,9.76713695,57.48429575,160.1144881,149.0724652,145.3108,462188.7521,135.6410462,160.227,184.8129538,0.3068890236,42.60488659,25.1798204,11.57694968,-0.1102921397,7.805809416,0.3029195911,462188.7521,Bull Trend,False,True
2019-04-17 00:00:00+00:00,165.41,167.28,163.78,165.75,227841.5498,ETHUSDT,9.319484311,57.76690075,160.6512035,149.7264861,145.9014,465421.5446,139.1997523,161.6215,184.0432477,0.2774599632,42.25750098,24.92590252,11.266392,-0.1082477,7.855406362,0.3029195911,465421.5446,Bull Trend,False,True
2019-04-18 00:00:00+00:00,165.75,175.2,165.04,173.33,396118.9441,ETHUSDT,9.379521146,63.04389844,161.858708,150.6521141,146.6676,473434.8395,141.8275635,163.1255,184.4234365,0.2611233252,42.61527986,29.02870739,10.39468635,-0.06746650885,7.897865432,0.3029195911,473434.8395,Bull Trend,False,True
2019-04-19 00:00:00+00:00,173.34,173.55,168.59,172.64,320541.7217,ETHUSDT,9.063841064,62.28102192,162.8854977,151.5143842,147.4136,476721.9906,145.2132143,164.6345,184.0557857,0.2359321493,42.9475031,27.89403874,9.988380801,-0.07117878087,7.92429171,0.3029195911,476721.9906,Bull Trend,False,True
2019-04-20 00:00:00+00:00,172.66,176.97,169.87,172.88,253596.4841,ETHUSDT,8.923566702,62.45121969,163.837355,152.3522515,148.1648,482278.3542,149.6956531,166.2095,182.7233469,0.1987112275,43.52405507,29.04630322,9.420722582,-0.06988755582,7.948187541,0.3029195911,482278.3542,Bull Trend,False,True
2019-04-21 00:00:00+00:00,172.89,173.48,164.82,168.59,283450.4394,ETHUSDT,8.904740509,57.46017331,164.2899879,152.9890259,148.8854,484735.3666,155.6746858,167.577,179.4793142,0.1420518834,42.96278315,27.02858992,12.81712012,-0.09296820358,7.968876526,0.3029195911,484735.3666,Bull Trend,False,True
2019-04-22 00:00:00+00:00,168.59,172.3,167,170.52,269868.3988,ETHUSDT,8.647259044,59.04591558,164.8833224,153.6765151,149.6838,452885.3436,156.137668,167.9375,179.737332,0.1405264696,42.44160207,25.84529568,12.25599486,-0.08258460214,7.98617106,0.3029195911,452885.3436,Bull Trend,False,True
2019-04-23 00:00:00+00:00,170.52,175.83,167.78,169.16,363523.3453,ETHUSDT,8.604597684,57.42157072,165.290625,154.2837106,150.554,403794.284,157.1742903,168.3975,179.6207097,0.133294255,42.30753675,27.04851761,11.4369912,-0.08990154409,8.005861222,0.3029195911,403794.284,Bull Trend,False,True
2019-04-24 00:00:00+00:00,169.15,169.87,159.26,164.78,426497.0415,ETHUSDT,8.747840707,52.42001195,165.2419941,154.6953298,151.1152,390815.0884,158.5870536,168.7685,178.9499464,0.120655767,40.52425401,24.70520651,17.40298202,-0.1134664012,8.020323516,0.3029195911,390815.0884,Bull Trend,False,True
2019-04-25 00:00:00+00:00,164.78,165.49,150.35,154.72,422657.0324,ETHUSDT,9.204423513,43.12820381,164.2398994,154.6962972,151.4616,386144.4228,156.4793,168.266,180.0527,0.140096038,37.70584772,21.80258951,22.27268137,-0.1675902513,8.010943265,0.3029195911,386144.4228,Range/Chop,False,True
2019-04-26 00:00:00+00:00,154.7,162.56,151.4,157.95,500355.8628,ETHUSDT,9.344107548,46.41259636,163.6408614,154.8238934,151.8844,384753.7993,155.3143165,167.8885,180.4626835,0.1497920764,35.08875617,19.9426175,20.37260597,-0.1502125141,8.004018746,0.2921744934,384753.7993,Range/Chop,False,True
2019-04-27 00:00:00+00:00,157.93,166.24,156.35,159.31,215918.6384,ETHUSDT,9.383099866,47.78005928,163.2283984,154.9998192,152.4002,372274.3549,154.391408,167.1435,179.895592,0.1525885485,33.01079009,21.24258016,18.83880678,-0.1428955722,8.003779312,0.2692916442,372274.3549,Bull Trend,False,True
2019-04-28 00:00:00+00:00,159.32,160.24,156.92,157.85,152976.3018,ETHUSDT,8.950021304,46.41084644,162.7161699,155.111591,152.8118,336252.6664,153.9044664,166.1,178.2955336,0.1468456786,31.08125016,20.67972942,18.33964725,-0.1507505246,7.991497456,0.2485277373,336252.6664,Bull Trend,False,True
2019-04-29 00:00:00+00:00,157.86,159.05,152,155.11,243591.949,ETHUSDT,8.814305497,43.87002277,161.9917728,155.1115286,153.2066,326832.9458,152.6901287,165.1255,177.5608713,0.1506172128,29.17307105,19.49827265,21.27890716,-0.1654920105,7.980271447,0.2173216884,326832.9458,Range/Chop,False,True
2019-04-30 00:00:00+00:00,155.14,162.89,155.11,161.83,305056.2465,ETHUSDT,8.740426533,50.96091365,161.9763659,155.374998,153.7898,315888.5979,153.1494401,164.361,175.5725599,0.1364260369,27.34349976,21.39670434,19.92599919,-0.1293377092,7.975478249,0.175649888,315888.5979,Bull Trend,False,True
2019-05-01 00:00:00+00:00,161.85,163.88,158.36,160.19,192517.6276,ETHUSDT,8.510396066,49.32327857,161.8062358,155.5638216,154.3222,292449.2141,152.8086971,164.167,175.5253029,0.1383749824,25.78685876,21.23631389,19.00282984,-0.1381610803,7.97034885,0.1516028806,292449.2141,Bull Trend,False,True
2019-05-02 00:00:00+00:00,160.2,163.48,158.5,161.81,289519.0203,ETHUSDT,8.258224918,50.99839904,161.8065943,155.8087698,154.9254,291108.2712,152.7000974,164.098,175.4959026,0.1389158017,24.3414064,20.32158218,18.18430308,-0.1294453112,7.96366917,0.1502046446,291108.2712,Range/Chop,False,True
2019-05-03 00:00:00+00:00,161.82,170.86,160.99,168.06,416357.5212,ETHUSDT,8.37335171,56.91549161,162.4021567,156.2892102,155.6426,302964.26,152.8385034,164.3515,175.8644966,0.1401021179,24.02115589,24.90607494,16.65326341,-0.0958196589,7.959085658,0.1483188775,302964.26,Range/Chop,False,True
2019-05-04 00:00:00+00:00,168.1,171.3,159.76,163.7,312928.5835,ETHUSDT,8.599540874,52.18171661,162.5257609,156.5798294,156.1854,309261.806,152.7359345,164.175,175.6140655,0.1393521002,23.49716886,22.51877054,16.07865915,-0.119276914,7.953508111,0.144448781,309261.806,Range/Chop,False,True
2019-05-05 00:00:00+00:00,163.71,165.36,159.18,163.05,176029.1045,ETHUSDT,8.426716525,51.49410034,162.5756884,156.8335616,156.628,300485.8159,153.0411063,164.33,175.6188937,0.1373929734,22.90006411,21.33913803,15.7280217,-0.1227739818,7.947400389,0.1412891765,300485.8159,Range/Chop,False,True
2019-05-06 00:00:00+00:00,163.05,178.05,157.55,173,506528.1428,ETHUSDT,9.289093917,60.15062721,163.56848,157.4675396,157.3146,313793.6978,152.808794,164.7115,176.614206,0.1445279296,23.7888981,27.73333134,13.24873602,-0.06924194329,7.960181313,0.1412891765,313793.6978,Range/Chop,False,True
2019-05-07 00:00:00+00:00,172.98,182.76,167.89,169.18,732496.8786,ETHUSDT,9.687730065,56.0173313,164.1029105,157.9268517,157.9464,339026.4642,152.8275214,164.883,176.9384786,0.1462307041,25.01558211,28.16543436,11.79617177,-0.089793942,7.979370743,0.1412891765,339026.4642,Bull Trend,False,True
2019-05-08 00:00:00+00:00,169.07,173.17,164.8,170.85,296436.2938,ETHUSDT,9.593606489,57.39564516,164.7454904,158.4336419,158.5924,334042.3317,153.0063954,164.759,176.5116046,0.1426641901,25.57221063,26.41021267,13.36169388,-0.0703052729,8.000344262,0.1412891765,334042.3317,Bull Trend,False,True
2019-05-09 00:00:00+00:00,170.88,173.88,166.57,170.9,284663.9946,ETHUSDT,9.43049174,57.43865028,165.3316342,158.9225187,159.2302,332248.4453,153.1301724,164.672,176.2138276,0.1401796005,26.15680846,25.48571419,12.62189014,-0.07003319367,8.024355386,0.140353035,332248.4453,Bull Trend,False,True
2019-05-10 00:00:00+00:00,170.96,176.7,168.46,172.91,425543.7402,ETHUSDT,9.345456616,59.2206876,166.0533833,159.4710473,159.9914,340845.8081,153.1273989,164.6735,176.2196011,0.1402302267,26.96900151,26.03600233,11.82697083,-0.05389581965,8.050330001,0.1402049136,340845.8081,Bull Trend,False,True
2019-05-11 00:00:00+00:00,172.92,205.23,172.92,190.2,885292.3839,ETHUSDT,10.98649543,70.61731788,168.3530611,160.6761043,161.0758,370937.9054,149.7572761,165.754,181.7507239,0.1930176516,29.43135024,39.11385269,9.341791904,-0.07323490718,8.10753262,0.1402049136,370937.9054,Bull Trend,False,True
2019-05-12 00:00:00+00:00,190.2,204.32,181,188.11,823372.2815,ETHUSDT,11.86746004,68.13838718,170.2346743,161.7519434,162.0924,398613.0995,147.9729456,166.6335,185.2940544,0.2239712232,31.71781691,33.62384025,8.030579886,-0.08341860352,8.184756481,0.1402049136,398613.0995,Bull Trend,False,True
2019-05-13 00:00:00+00:00,188.07,206.87,185.32,195.84,669265.4652,ETHUSDT,12.55907004,72.04681707,172.6732768,163.0887299,163.2874,413900.2055,145.3749049,167.9675,190.5600951,0.2690115068,33.94607981,30.95306836,7.046322544,-0.05331850921,8.274273875,0.1414472084,413900.2055,Bull Trend,False,True
2019-05-14 00:00:00+00:00,195.83,219.81,194.19,216.4,864211.006,ETHUSDT,13.49199361,79.31490768,176.8377266,165.1793679,164.9358,435785.9037,139.7120201,170.5485,201.3849799,0.3616153748,36.47234502,33.6053418,6.090587563,-0.01551339793,8.381420979,0.1435960598,435785.9037,Bull Trend,False,True
2019-05-15 00:00:00+00:00,216.4,250.27,216.21,248.1,574697.2993,ETHUSDT,14.96113692,85.55235574,183.6246098,168.4311574,167.2142,443387.9171,130.3128344,175.2175,220.1221656,0.5125591408,39.48523964,42.68315677,5.100186263,-0.008670635713,8.511986147,0.1453793168,443387.9171,Bull Trend,False,True
2019-05-16 00:00:00+00:00,248.06,279.76,241.76,264.25,1733360.894,ETHUSDT,16.60677,87.60329862,191.3032184,172.1887591,169.7102,505038.1686,121.9735041,180.5325,239.0914959,0.6487363311,42.65022011,48.39098403,4.266588717,-0.05544037747,8.673856184,0.1453793168,505038.1686,Bull Trend,False,True
2019-05-17 00:00:00+00:00,264.35,268.74,223.43,244.3,1529892.569,ETHUSDT,18.65700071,73.68757358,196.3505309,175.0166509,171.839,570736.8652,120.9063168,184.782,248.6576832,0.6913626132,43.76625654,39.99660351,10.54412837,-0.1267515013,8.871068838,0.1453793168,570736.8652,High Vol Expansion,False,True
2019-05-18 00:00:00+00:00,244.31,248,230.62,233.6,673218.0998,ETHUSDT,18.56578638,67.49485154,199.8980994,177.3140371,173.646,596748.9551,122.5824166,188.5695,254.5565834,0.6998701638,44.80257609,37.32217188,9.839079743,-0.1649985702,9.072016302,0.1453793168,596748.9551,High Vol Expansion,False,True
2019-05-19 00:00:00+00:00,233.57,264,231.77,259.51,823859.0634,ETHUSDT,19.54180163,73.33801604,205.5754233,180.5374082,175.987,625762.3108,122.8817793,193.7895,264.6972207,0.7318014725,46.13217959,38.77366256,8.679976423,-0.07238347155,9.292634185,0.1453793168,625762.3108,High Vol Expansion,False,True
2019-05-20 00:00:00+00:00,259.37,259.49,238,250.37,666889.8224,ETHUSDT,19.68238723,68.64989008,209.8415734,183.2759412,178.1668,643853.9896,124.8305326,198.2165,271.6024674,0.7404627506,47.36681141,35.74694825,8.002408015,-0.1050543323,9.513172219,0.1696241778,643853.9896,High Vol Expansion,False,True
2019-05-21 00:00:00+00:00,250.48,262,246.06,253.43,580249.6975,ETHUSDT,19.41507386,69.35616398,213.9928521,186.0270808,180.4106,663240.5931,127.9180677,202.8785,277.8389323,0.7389687158,48.57056144,34.57405122,7.53311734,-0.09411638547,9.733469442,0.2084944374,663240.5931,Bull Trend,False,True
2019-05-22 00:00:00+00:00,253.35,260.18,239.63,243.64,592848.9561,ETHUSDT,19.49614001,64.36043352,216.81639,188.286411,182.0172,678407.0899,132.4912744,206.97,281.4487256,0.7197055182,49.01912756,31.97098374,9.321729409,-0.1291106663,9.959388291,0.246491365,678407.0899,Bull Trend,False,True
2019-05-23 00:00:00+00:00,243.68,247.34,231.1,244.56,600193.8937,ETHUSDT,19.26355858,64.61835161,219.4586386,190.4932184,183.7092,687598.9085,136.8466257,210.795,284.7433743,0.7016141207,48.60208785,30.04577657,11.92329262,-0.1258221333,10.18538437,0.3153134408,687598.9085,Bull Trend,False,True
2019-05-24 00:00:00+00:00,244.63,254.35,241.54,248.87,447066.926,ETHUSDT,18.80259011,65.86466621,222.2597206,192.7825039,185.5394,694305.8256,142.6506265,215.0535,287.4563735,0.6733475484,48.46860442,31.24665065,11.34306337,-0.1104160709,10.40426167,0.4370872578,694305.8256,Bull Trend,False,True
2019-05-25 00:00:00+00:00,248.84,257.33,247.22,250.22,332544.3873,ETHUSDT,18.18169082,66.26550069,224.9226044,195.0349548,187.2484,702131.5898,149.6076037,219.412,289.2163963,0.63628604,48.45053722,31.17631443,10.89253804,-0.1055905061,10.61660012,0.5744225904,702131.5898,Bull Trend,False,True
2019-05-26 00:00:00+00:00,250.17,269.4,245.11,264.45,450090.2232,ETHUSDT,18.61799862,70.23328166,228.6871183,197.7571134,189.2274,699309.6938,154.9635448,223.9845,293.0054552,0.6163011746,48.83415143,32.90170827,9.87746903,-0.05472547898,10.83518821,0.6262936073,699309.6938,Bull Trend,False,True
2019-05-27 00:00:00+00:00,264.35,279.59,260,270.53,635463.502,ETHUSDT,18.68742729,71.7615434,232.6721546,200.6109521,191.1538,694458.0249,162.0164564,229.052,296.0875436,0.5853303493,49.48590293,34.33298201,9.137859393,-0.03299256506,11.05878191,0.6262936073,694458.0249,Bull Trend,False,True
2019-05-28 00:00:00+00:00,270.7,275.95,264.45,271.03,409443.6936,ETHUSDT,18.17403962,71.8893604,236.3252827,203.3724834,193,700108.3949,170.277462,234.061,297.844538,0.5450163673,50.09110076,32.78120305,8.724847265,-0.03120531884,11.27297606,0.6262936073,700108.3949,Bull Trend,False,True
2019-05-29 00:00:00+00:00,271.08,274.04,260.05,268.83,383412.4577,ETHUSDT,17.87517965,70.37985936,239.4209701,205.9394448,194.8846,705045.8181,180.5079392,238.9575,297.4070608,0.4892046559,50.16856319,30.94861795,9.995321556,-0.03906920217,11.48158491,0.6262936073,705045.8181,Bull Trend,False,True
2019-05-30 00:00:00+00:00,268.92,288.62,240.14,254.56,1066279.494,ETHUSDT,20.06123825,61.37736222,240.8627825,207.8461333,196.4334,737082.6058,192.7814974,243.04,293.2985026,0.4135821475,48.37187047,25.60644308,15.35899421,-0.1180098399,11.73053123,0.6262936073,737082.6058,Bull Trend,False,True
2019-05-31 00:00:00+00:00,254.59,268.72,245.21,267.9,602153.8724,ETHUSDT,20.30757837,65.78357772,243.4377556,210.2011868,198.51,722925.6802,201.8613231,246.925,291.9886769,0.3649989021,46.70351294,23.48898066,14.08891961,-0.07178989675,11.98550519,0.6262936073,722925.6802,Bull Trend,False,True
2019-06-01 00:00:00+00:00,267.9,275.5,260.68,264.33,455676.9861,ETHUSDT,19.91560849,63.68951907,245.4274931,212.3238854,200.5328,704540.9154,214.1110624,250.736,287.3609376,0.2921394425,45.49695905,24.67216357,13.34005332,-0.08415910193,12.21062387,0.6262936073,704540.9154,Bull Trend,False,True
2019-06-02 00:00:00+00:00,264.33,273.2,263.2,268.88,301536.1506,ETHUSDT,19.20735074,65.20957293,247.6610652,214.5417723,202.6506,686154.4497,226.980621,254.388,281.795379,0.2154769801,44.37658757,23.75465162,12.84396151,-0.06839442866,12.39754359,0.6262936073,686154.4497,Bull Trend,False,True
2019-06-03 00:00:00+00:00,268.87,270,248,249.91,397360.6528,ETHUSDT,19.40682569,54.89201798,247.8752495,215.9287616,204.3042,662811.932,234.7250818,256.0635,277.4019182,0.1666650514,42.01393336,21.83116661,17.39844465,-0.1341209895,12.58396905,0.6262936073,662811.932,Bull Trend,False,True
2019-06-04 00:00:00+00:00,250.02,251.67,234.39,241.39,633822.7125,ETHUSDT,19.25490957,50.98984871,247.2576067,216.9272415,205.933,665768.2027,233.6994571,255.728,277.7565429,0.1722810403,39.1669049,20.43173666,21.33196788,-0.1636407733,12.76349507,0.6262936073,665768.2027,Range/Chop,False,True
2019-06-05 00:00:00+00:00,241.46,250.41,237.37,245.63,335953.3793,ETHUSDT,18.81098745,52.78853462,247.1025965,218.0528399,207.5382,595897.827,232.7140046,254.797,276.8799954,0.1733379542,36.52323561,19.42005647,20.27571262,-0.1489501767,12.92956685,0.6008157619,595897.827,Range/Chop,False,True
2019-06-06 00:00:00+00:00,245.62,250.66,235.01,248.76,297579.1473,ETHUSDT,18.58520264,54.12694747,247.2604445,219.2570422,209.1984,534282.1559,233.2780718,255.02,276.7619282,0.1705115533,34.23427792,18.2519848,19.96319479,-0.1381054674,13.0888716,0.5651733583,534282.1559,Range/Chop,False,True
2019-06-07 00:00:00+00:00,248.77,253.28,243.46,248.77,353378.6568,ETHUSDT,17.95911673,54.13142149,247.4042117,220.4144131,210.7072,518290.1837,236.1199301,255.7785,275.4370699,0.1537155774,31.90289708,18.58116703,19.18349301,-0.1380708198,13.23066648,0.5171105116,518290.1837,Range/Chop,False,True
2019-06-08 00:00:00+00:00,248.78,250.53,240.37,243.25,188448.2775,ETHUSDT,17.40203697,51.16497106,247.0085725,221.3099263,212.1194,486519.6444,234.6572913,254.9655,275.2737087,0.1593016205,29.97604187,17.80627967,19.65181139,-0.1571963135,13.36476173,0.4513934017,486519.6444,Range/Chop,False,True
2019-06-09 00:00:00+00:00,243.33,244.53,226.56,230.98,316931.8564,ETHUSDT,17.44260575,45.23137929,245.4820417,221.6891449,213.2814,469021.7461,231.2034412,253.996,276.7885588,0.1794717931,29.13844457,16.4959461,23.86095046,-0.1997089599,13.4918978,0.3892905248,469021.7461,Range/Chop,False,True
2019-06-10 00:00:00+00:00,231.02,247.45,227.03,246.51,314662.5264,ETHUSDT,17.65527677,52.70709086,245.5799425,222.6625118,214.8398,455742.3876,230.6246696,253.65,276.6753304,0.1815519842,28.099495,16.31450614,21.88970407,-0.1459011849,13.6113932,0.3285691723,455742.3876,Range/Chop,False,True
2019-06-11 00:00:00+00:00,246.61,247.8,236.49,244.29,237508.428,ETHUSDT,17.20204272,51.62235316,245.4570909,223.5106486,216.3152,437975.3612,230.7120077,253.6825,276.6529923,0.1810963883,27.10221447,15.69366183,20.86170094,-0.1535929596,13.7258294,0.2538082113,437975.3612,Range/Chop,False,True
2019-06-12 00:00:00+00:00,244.36,261.87,242.2,261.15,336499.3016,ETHUSDT,17.37832538,58.59225341,246.9516536,224.9867016,218.155,424790.6316,231.7216524,254.512,277.3023476,0.1790905545,25.35366927,20.20792908,19.17507757,-0.09517704941,13.84999634,0.1985144822,424790.6316,Bull Trend,False,True
2019-06-13 00:00:00+00:00,261.13,262.98,253.69,254.67,291757.2164,ETHUSDT,16.80058785,55.29487477,247.6867342,226.1507525,219.9528,417025.1461,232.1590739,254.802,277.4449261,0.1777295793,23.81572561,19.88170044,18.41772111,-0.117628716,13.96812756,0.1813241863,417025.1461,Range/Chop,False,True
2019-06-14 00:00:00+00:00,254.67,264.26,251.75,262.47,327383.2824,ETHUSDT,16.49411729,58.33443123,249.0946643,227.5750367,222.1078,416767.0908,232.6381487,255.4145,278.1908513,0.1783481463,22.2195428,18.80460616,18.26006451,-0.09060356178,14.07710654,0.1802840907,416767.0908,Range/Chop,False,True
2019-06-15 00:00:00+00:00,262.48,272.27,260.61,267.82,286594.9803,ETHUSDT,16.1488232,60.326906,250.8780296,229.1532706,224.3052,408592.3287,232.494045,255.583,278.671955,0.1806767666,21.38175177,21.37771843,17.3183225,-0.07206707782,14.18346798,0.1800742799,408592.3287,Range/Chop,False,True
2019-06-16 00:00:00+00:00,267.78,277.06,263.31,267.73,458176.5424,ETHUSDT,15.97747869,60.27468756,252.4829792,230.6660835,226.4736,399727.9807,232.6867085,255.443,278.1992915,0.1781711891,20.95979879,22.20502745,16.25375737,-0.07237890652,14.29443455,0.1792811738,399727.9807,Range/Chop,False,True
2019-06-17 00:00:00+00:00,267.73,276,266.81,273.16,339277.6671,ETHUSDT,15.49265878,62.38992465,254.4522193,232.3325116,228.7798,396219.6794,232.4845712,255.5495,278.6144288,0.1805124155,20.56798531,21.26419382,15.56508082,-0.05356524149,14.39632018,0.1792811738,396219.6794,Range/Chop,False,True
2019-06-18 00:00:00+00:00,273.14,273.58,261.45,264.66,319941.5516,ETHUSDT,15.25246887,57.25093119,255.4243889,233.6002562,230.9708,393046.1341,232.6883411,255.341,277.9936589,0.1774306431,19.64830592,20.05626445,17.19102635,-0.08301573003,14.49946398,0.1787193504,393046.1341,Range/Chop,True,True
2019-06-19 00:00:00+00:00,264.68,270,263.59,268.14,208375.6838,ETHUSDT,14.62086395,58.7490377,256.6353994,234.954756,233.097,350150.9436,232.6974856,256.02,279.3425144,0.1821929103,18.79431792,19.42819596,16.65268373,-0.07095835354,14.59441893,0.1787193504,350150.9436,Range/Chop,False,True
2019-06-20 00:00:00+00:00,268.16,273.63,265.71,271.22,200717.7737,ETHUSDT,14.14223081,60.08236564,258.024409,236.3769224,235.3176,330079.1386,232.4834563,256.186,279.8885437,0.185041678,18.33278219,20.48444823,15.98654688,-0.06028688241,14.68171044,0.1787193504,330079.1386,Range/Chop,False,True
2019-06-21 00:00:00+00:00,271.27,295.94,271.22,294.35,519818.0691,ETHUSDT,14.89778575,68.35460388,261.4839891,238.6503764,237.9684,333286.1928,228.8628469,257.687,286.5111531,0.2237144531,19.46756914,28.75329181,14.09179053,-0.005372710685,14.78588588,0.1787193504,333286.1928,Range/Chop,False,True
2019-06-22 00:00:00+00:00,294.25,314.39,289.69,310.79,726254.6706,ETHUSDT,15.59794391,72.6870891,266.1797997,241.4793813,240.823,354522.1188,223.0102769,259.7825,296.5547231,0.2831000791,21.37597908,33.94991854,12.49786604,-0.01145074589,14.90244165,0.1787193504,354522.1188,Range/Chop,False,True
2019-06-23 00:00:00+00:00,310.7,321.7,305.58,308.52,418812.0275,ETHUSDT,15.63523363,71.23684876,270.2121997,244.1084252,243.7194,355594.6875,220.6009993,262.713,304.8250007,0.3205932003,23.42492824,34.7892651,11.57748325,-0.04096984768,15.01723153,0.1792811738,355594.6875,Range/Chop,False,True
2019-06-24 00:00:00+00:00,308.42,314.41,298,311.64,352791.2696,ETHUSDT,15.69057409,72.06192227,274.1577045,246.7567222,246.6912,341543.1154,220.2700196,266.2255,312.1809804,0.3452372549,24.5296045,32.19038067,14.16326453,-0.03127137084,15.12533404,0.1799921043,341543.1154,Range/Chop,False,True
2019-06-25 00:00:00+00:00,311.65,318.99,307,318.26,345559.6505,ETHUSDT,15.42624737,73.78049809,278.3579231,249.5607723,249.5964,342023.429,219.6988708,269.857,320.0151292,0.3717385815,25.75704354,32.5239371,13.37695377,-0.01069319242,15.22670304,0.1805945911,342023.429,Bull Trend,False,True
2019-06-26 00:00:00+00:00,318.29,366.8,315.57,339.39,1008551.287,ETHUSDT,17.98365827,78.35684497,284.1705019,253.0834871,253.0006,377572.0359,216.8415549,274.3885,331.9354451,0.4194559546,28.31999761,44.89548121,10.65503284,-0.07472737186,15.37004568,0.1808865775,377572.0359,Bull Trend,False,True
2019-06-27 00:00:00+00:00,339.53,347,280.01,298.35,1016826.449,ETHUSDT,21.48411125,57.40095338,285.5209303,254.8586445,255.5506,410744.4255,219.6780052,276.8675,334.0569948,0.4131181507,28.21810233,34.89623688,20.10460538,-0.1866139586,15.57894718,0.1813241863,410744.4255,Bull Trend,False,True
2019-06-28 00:00:00+00:00,298.35,313.58,295.22,311.05,529174.4772,ETHUSDT,21.26096045,60.88698668,287.9522702,257.0622271,258.3536,427780.7355,223.4039046,280.2575,337.1110954,0.4057239892,28.12348528,32.74375077,18.86450365,-0.1519901854,15.78639143,0.1818724473,427780.7355,Bull Trend,False,True
2019-06-29 00:00:00+00:00,310.95,324.74,295.18,317.62,425555.1626,ETHUSDT,21.85374899,62.59243071,290.7777683,259.4370417,261.2478,433211.9008,230.2682031,284.5895,338.9107969,0.3817519404,28.41453326,33.22779563,17.04188493,-0.1340785169,16.0049468,0.1836172941,433211.9008,Bull Trend,False,True
2019-06-30 00:00:00+00:00,317.64,323.5,290.12,292.7,489028.5684,ETHUSDT,22.67705263,53.12961806,290.960838,260.7414714,263.2978,441930.2029,235.3954611,286.899,338.4025389,0.3590360292,28.36168123,29.7341953,16.84389334,-0.2020174482,16.24105774,0.2043780655,441930.2029,Bull Trend,False,True
2019-07-01 00:00:00+00:00,292.89,303.49,280.13,295.07,489769.2742,ETHUSDT,22.72583458,53.84429344,291.3521868,262.0876882,265.437,454543.2452,241.7192814,289.438,337.1567186,0.329733612,27.69411757,27.55105749,18.74709754,-0.1955561614,16.48218457,0.2534072661,454543.2452,Bull Trend,False,True
2019-07-02 00:00:00+00:00,295.03,297.57,272.65,291.48,493772.9658,ETHUSDT,22.88256069,52.53748952,291.3643594,263.2403279,267.3498,462406.9285,245.0342563,290.9545,336.8747437,0.3156524039,26.63345066,25.40790215,19.62369252,-0.2053435115,16.72400472,0.2993762415,462406.9285,Bull Trend,False,True
2019-07-03 00:00:00+00:00,291.47,302.89,285,301.14,370521.9664,ETHUSDT,22.52594921,55.65617286,292.2953728,264.7265896,269.0446,466345.166,250.3302403,293.278,336.2257597,0.2928808824,25.88633792,25.65350026,18.51047525,-0.1790076336,16.95611153,0.3042666431,466345.166,Bull Trend,False,True
2019-07-04 00:00:00+00:00,301.11,302.74,280.53,282.73,270791.3688,ETHUSDT,22.50338141,49.0423415,291.3843849,265.4326057,269.7372,463515.5703,253.3907448,294.291,335.1912552,0.277957907,24.91536286,23.84499669,18.62437034,-0.2291984733,17.19072261,0.3042666431,463515.5703,Range/Chop,False,True
2019-07-05 00:00:00+00:00,282.86,294.89,280.78,287.47,261139.2834,ETHUSDT,21.90385416,50.66781309,291.0115864,266.2968172,270.2016,462242.7854,256.0544728,295.2735,334.4925272,0.2656454247,24.01374315,22.74782219,17.76741135,-0.2162758997,17.40096861,0.3042666431,462242.7854,Range/Chop,False,True
2019-07-06 00:00:00+00:00,287.32,296.71,285.28,288.29,196064.647,ETHUSDT,21.15572172,50.95925177,290.7523877,267.159295,271.0814,449137.1907,258.9929228,296.3015,333.6100772,0.2518284732,23.27382177,22.48444323,17.08174236,-0.214040349,17.59210181,0.3042666431,449137.1907,Range/Chop,False,True
2019-07-07 00:00:00+00:00,288.29,309.69,284.25,304.72,246111.366,ETHUSDT,21.4617416,56.50391752,292.0826365,268.6322638,272.5038,444478.8756,261.9763244,297.8795,333.7826756,0.2410583851,23.24403018,24.9006889,15.63544939,-0.1692475463,17.78990406,0.3042666431,444478.8756,Range/Chop,False,True
2019-07-08 00:00:00+00:00,304.72,313.74,300.78,311.97,289607.3418,ETHUSDT,20.85447434,58.72173035,293.9766711,270.3317828,273.553,442962.1651,267.2956895,300.245,333.1943105,0.2194828254,23.40686621,25.18253,14.94140366,-0.1494820065,17.98030377,0.3042666431,442962.1651,Range/Chop,False,True
2019-07-09 00:00:00+00:00,311.96,318.19,302.69,307.46,309447.3493,ETHUSDT,20.47201189,56.78214126,295.2607977,271.7877914,274.6948,448015.7484,272.6397052,302.211,331.7822948,0.1956996588,23.76714084,25.37328097,14.13336054,-0.1617775354,18.16574636,0.3042666431,448015.7484,Range/Chop,False,True
2019-07-10 00:00:00+00:00,307.46,314.18,281.04,289.23,457080.9406,ETHUSDT,21.37686818,49.64418209,294.686436,272.4717995,275.4108,460833.9067,276.4126099,303.1115,329.8103901,0.1761654709,22.53501569,22.56359995,19.80244044,-0.2114776445,18.33891924,0.3042666431,460833.9067,Range/Chop,False,True
2019-07-11 00:00:00+00:00,289.23,289.23,262.12,268.63,501592.7521,ETHUSDT,21.7863776,43.05737324,292.2048706,272.3211407,275.9106,459922.6409,271.3516171,301.8255,332.2993829,0.2019304724,21.51323184,20.55808988,24.24543906,-0.2676390403,18.50423453,0.3042666431,459922.6409,Range/Chop,False,True
2019-07-12 00:00:00+00:00,268.67,278.99,266.21,274.62,266734.5421,ETHUSDT,21.14306491,45.32885451,290.5301211,272.4112921,276.5118,436946.6345,267.6514281,300.017,332.3825719,0.215758253,20.56443256,19.67048918,23.19863613,-0.251308615,18.64730111,0.3042666431,436946.6345,Range/Chop,False,True
2019-07-13 00:00:00+00:00,274.53,275.04,262.2,268.79,205959.2685,ETHUSDT,20.54998885,43.50964138,288.4596333,272.2692806,276.9102,426303.9965,263.2122516,298.0305,332.8487484,0.2336556048,19.89914279,18.79259826,23.55709831,-0.2672028353,18.76493436,0.2854193947,426303.9965,Range/Chop,True,True
2019-07-14 00:00:00+00:00,268.8,269.74,222.81,225.85,540052.5842,ETHUSDT,22.43427536,33.00343093,282.4968111,270.4489167,276.4228,435667.0622,247.4411901,293.741,340.0408099,0.3152424067,20.91848163,15.98459698,32.57857909,-0.3842693566,18.88948667,0.2854193947,435667.0622,Range/Chop,False,True
2019-07-15 00:00:00+00:00,225.83,235.58,203.08,228.2,715991.2069,ETHUSDT,23.15325569,33.94351471,277.3256862,268.7920964,275.6978,454188.6401,236.3092496,289.238,342.1667504,0.3659875289,22.43994909,14.38192387,35.39890501,-0.3778625954,18.99859477,0.2854193947,454188.6401,Range/Chop,False,True
2019-07-16 00:00:00+00:00,228.2,234.5,192.25,198.88,715604.832,ETHUSDT,24.51730886,28.55909166,269.8546685,266.0504456,274.2648,439541.3173,221.1069271,282.2125,343.3180729,0.4330465367,24.13094215,12.6116402,34.19682791,-0.4577971647,19.09626657,0.2854193947,439541.3173,Range/Chop,False,True
2019-07-17 00:00:00+00:00,198.94,219.86,191.84,210.81,694854.1013,ETHUSDT,24.76750108,33.20216869,264.2313667,263.8841536,273.0604,423442.6999,209.8293375,277.8355,345.8416625,0.4895426431,25.71169874,11.59251045,31.55167058,-0.4252726281,19.19962848,0.2854193947,423442.6999,Bear Trend,False,True
2019-07-18 00:00:00+00:00,210.8,229.65,205.71,225.73,609081.4909,ETHUSDT,24.70839386,38.57857261,260.5645699,262.3879123,272.1984,427438.0506,203.7526028,273.5695,343.3863972,0.5104143352,26.4917468,13.62037915,29.36806622,-0.3845965104,19.28573835,0.2854193947,427438.0506,Bear Trend,False,True
2019-07-19 00:00:00+00:00,225.75,226.23,212.52,220.73,371622.2186,ETHUSDT,23.9227943,37.48957748,256.7708013,260.7542687,271.5218,424741.4034,198.3628251,268.725,339.0871749,0.5236742017,27.21607715,13.06282544,28.1658769,-0.3982279171,19.3564118,0.2854193947,424741.4034,Bear Trend,False,True
2019-07-20 00:00:00+00:00,220.84,235.09,219.78,228.2,325393.9722,ETHUSDT,23.30759471,40.2052543,254.0497726,259.4776307,270.7278,416559.6736,193.9267637,265.5,337.0732363,0.5391580892,27.25787788,15.16516943,26.84435923,-0.3778625954,19.42128715,0.2854193947,416559.6736,Bear Trend,False,True
2019-07-21 00:00:00+00:00,228.25,229.66,216.99,225.38,270046.1519,ETHUSDT,22.54776651,39.50747495,251.3193181,258.1404687,269.9488,405573.5175,189.7575793,262.0155,334.2734207,0.5515545505,27.40730444,14.55648483,26.65074477,-0.3855507088,19.47214759,0.2854193947,405573.5175,Bear Trend,False,True
2019-07-22 00:00:00+00:00,225.49,228.34,212.25,217.51,271310.4045,ETHUSDT,22.08649748,37.54888872,248.0993831,256.547117,268.9214,394450.3894,184.9071366,258.317,331.7268634,0.568370362,27.73661521,13.79902837,26.79688938,-0.4070065431,19.51919657,0.2854193947,394450.3894,Bear Trend,False,True
2019-07-23 00:00:00+00:00,217.59,219.55,208.36,212.48,317876.4824,ETHUSDT,21.30817623,36.30990259,244.7070609,254.8189947,268.1728,391818.1152,180.6457154,253.884,327.1222846,0.5769428923,28.19922614,13.28141644,27.09571099,-0.4207197383,19.56095634,0.2966001569,391818.1152,Bear Trend,False,True
2019-07-24 00:00:00+00:00,212.55,218.28,202,216.31,331162.6484,ETHUSDT,20.94902078,37.98778707,242.0025789,253.3088381,267.6712,394836.6792,176.8359838,250.563,324.2900162,0.5884908485,28.88162086,12.5441796,27.76018741,-0.4102780807,19.60707851,0.3406149678,394836.6792,Bear Trend,False,True
2019-07-25 00:00:00+00:00,216.31,225.12,215.23,219.14,280370.2963,ETHUSDT,20.15909073,39.26108352,239.8251904,251.9688836,267.1414,395798.2299,174.2490467,247.1465,320.0439533,0.5899128918,28.93808736,14.52817662,26.78739604,-0.4025627045,19.63276338,0.3995170328,395798.2299,Bear Trend,False,True
2019-07-26 00:00:00+00:00,219.14,220,212.71,218.81,197781.9865,ETHUSDT,19.23986996,39.1601098,237.8237437,250.6685353,266.5424,395884.0968,172.3436986,243.6725,315.0013014,0.585448103,29.10477673,14.13498118,26.99797024,-0.3694236311,19.64197075,0.4612945899,395884.0968,Bear Trend,False,True
2019-07-27 00:00:00+00:00,218.81,223.3,203,207.3,301209.4111,ETHUSDT,19.31559354,35.71036866,234.9167205,248.9678084,265.713,398638.9991,171.6291571,238.8015,305.9738429,0.5625789026,29.68293229,13.07388396,28.561996,-0.3616431607,19.66099665,0.4999784891,398638.9991,Bear Trend,False,True
2019-07-28 00:00:00+00:00,207.3,213.52,198.24,211.62,218801.1669,ETHUSDT,19.02733685,37.92082357,232.6979852,247.5031885,265.0804,395098.6903,174.7207853,233.784,292.8472147,0.5052802137,30.41513074,12.32395187,28.71055182,-0.3483402106,19.68019927,0.5078472745,395098.6903,Bear Trend,False,True
2019-07-29 00:00:00+00:00,211.58,215.83,206.59,210.89,226941.28,ETHUSDT,18.32824136,37.68502923,230.6210342,246.0673771,264.6786,390973.3869,179.8189338,228.9555,278.0920662,0.4292237244,30.87261501,12.78041638,27.6766848,-0.3480989181,19.65131599,0.5078472745,390973.3869,Bear Trend,False,True
2019-07-30 00:00:00+00:00,210.84,214.36,204.4,209.58,222683.7939,ETHUSDT,17.73050984,37.2375531,228.6171262,244.6364996,263.94,379253.5295,183.7487372,224.973,266.1972628,0.3664818694,31.39767108,12.26760804,27.448427,-0.3413369371,19.60836485,0.5078472745,379253.5295,Bear Trend,False,True
2019-07-31 00:00:00+00:00,209.57,218.79,209.2,218.42,207213.5566,ETHUSDT,17.14904485,42.22318558,227.6459713,243.6084016,263.4226,364534.5698,186.3843759,222.4625,258.5406241,0.3243524104,31.42949788,13.62275906,26.35202935,-0.3135547943,19.56225546,0.5078472745,364534.5698,Bear Trend,False,True
2019-08-01 00:00:00+00:00,218.42,219.39,210.54,216.84,186806.1884,ETHUSDT,16.55625593,41.58731204,226.6168312,242.5586603,262.5364,360538.1521,192.5459716,219.5735,246.6010284,0.2461820611,31.39607207,13.36147924,25.34586907,-0.3185203809,19.51807054,0.5078472745,360538.1521,Bear Trend,False,True
2019-08-02 00:00:00+00:00,216.8,222.18,214.31,217.61,206867.0304,ETHUSDT,15.93580908,42.04537605,225.7590378,241.5802815,261.7952,360583.5402,202.1614983,217.0145,231.8675017,0.136884878,31.0619135,14.14069988,24.4517821,-0.3161004431,19.46022026,0.5078472745,360583.5402,Bear Trend,False,True
2019-08-03 00:00:00+00:00,217.69,224.51,216.62,222.14,181591.953,ETHUSDT,15.36110843,44.78847142,225.4143675,240.8179175,260.9886,342660.5086,202.3336574,216.829,231.3243426,0.1337029877,30.49531092,14.7053442,23.55469021,-0.3018636664,19.39532358,0.5078472745,342660.5086,Bear Trend,False,True
2019-08-04 00:00:00+00:00,222.14,223.34,216.9,221.79,135622.0258,ETHUSDT,14.7238864,44.61277352,225.0691896,240.0717247,260.068,313642.0496,202.7692696,216.5085,230.2477304,0.1269163138,29.96917995,14.24592349,22.81880043,-0.3029636381,19.32720523,0.5078472745,313642.0496,Bear Trend,False,True
2019-08-05 00:00:00+00:00,221.79,236.25,221.79,233.54,307956.2721,ETHUSDT,14.70503737,51.49239664,225.8759335,239.8155786,259.3842,293259.6216,205.1032014,218.2415,231.3797986,0.1204014693,28.12660307,19.51624549,21.21604619,-0.2660360162,19.26253581,0.5078472745,293259.6216,Bear Trend,False,True
2019-08-06 00:00:00+00:00,233.53,239.15,223.03,226.28,341279.0816,ETHUSDT,14.80610613,47.56148006,225.914416,239.2847716,258.4466,275580.8706,205.896321,219.015,232.133679,0.1197970828,26.14846337,19.39755952,19.56613489,-0.2888525724,19.20998563,0.5078472745,275580.8706,Bear Trend,False,True
2019-08-07 00:00:00+00:00,226.31,231.25,220.95,226.1,279104.7037,ETHUSDT,14.48424141,47.46473199,225.9320907,238.7677217,257.6754,259082.0312,205.8760089,219.0335,232.1909911,0.1201413579,24.50354236,18.41227757,19.59803563,-0.2894182721,19.1613557,0.467251969,259082.0312,Range/Chop,False,True
2019-08-08 00:00:00+00:00,226.11,228.5,215.51,221.39,236886.3542,ETHUSDT,14.37750988,44.89147074,225.4995106,238.0862425,256.7404,252345.238,205.8888594,219.0665,232.2441406,0.1203072179,23.46493793,17.22403542,21.03590391,-0.2953402508,19.11027077,0.3978527969,252345.238,Range/Chop,False,True
2019-08-09 00:00:00+00:00,221.38,221.79,207.3,210.53,232062.1276,ETHUSDT,14.38554489,39.565237,224.0738429,237.0056055,255.5266,247678.6458,205.2053991,218.183,231.1606009,0.1189606968,23.16283424,15.98481391,23.5989418,-0.2721017875,19.05577524,0.3454171399,247678.6458,Range/Chop,False,True
2019-08-10 00:00:00+00:00,210.52,215,202.6,206.48,252614.0239,ETHUSDT,14.24372025,37.76568803,222.3982388,235.8085229,253.7692,246807.0394,203.7517587,217.238,230.7242413,0.1241609781,23.22671481,14.99083356,24.48842211,-0.2599017886,19.00646987,0.2852672357,246807.0394,Range/Chop,False,True
2019-08-11 00:00:00+00:00,206.48,216.94,206.14,216.42,188474.0905,ETHUSDT,13.99774023,44.4444147,221.8288828,235.0481887,251.8818,242665.2237,203.6932868,217.1835,230.6737132,0.1242287113,23.05695371,15.1546304,23.13884224,-0.2131326353,18.95012678,0.1915334696,242665.2237,Range/Chop,False,True
2019-08-12 00:00:00+00:00,216.41,216.81,209.75,211.41,122760.9462,ETHUSDT,13.50218736,41.99800887,220.8366082,234.1212009,249.9396,232909.4469,203.5573628,217.13,230.7026372,0.1250185343,22.89931842,14.5886285,22.27464244,-0.2162452732,18.89515344,0.1352939329,232909.4469,Range/Chop,False,True
2019-08-13 00:00:00+00:00,211.58,214.3,204,209.3,166922.482,ETHUSDT,13.27345969,40.9750453,219.7378836,233.1478205,247.8928,224697.4385,202.7847732,216.7795,230.7742268,0.1291148548,23.21434041,13.78001774,24.13426732,-0.1248170604,18.84147581,0.1314089212,224697.4385,Range/Chop,False,True
2019-08-14 00:00:00+00:00,209.31,209.9,183.49,187.1,325228.9893,ETHUSDT,14.211784,32.11246293,216.6295138,231.3420236,245.2696,226940.3732,196.186794,215.1775,234.168206,0.1765120054,24.74609856,11.95090049,31.23910572,-0.217645829,18.80919183,0.1314089212,226940.3732,Range/Chop,False,True
2019-08-15 00:00:00+00:00,187.08,189.95,181.23,188.03,237953.0943,ETHUSDT,13.81951371,32.76849988,213.9057505,229.6435129,242.2424,228948.9286,191.3689879,213.6385,235.9080121,0.2084784544,26.27731916,11.41226333,30.99925335,-0.2137570562,18.77322574,0.1314089212,228948.9286,Bear Trend,False,True
2019-08-16 00:00:00+00:00,187.98,188.39,178.04,184.88,282177.0158,ETHUSDT,13.57169131,31.65276207,211.1413933,227.888081,239.973,227997.3088,187.0561655,212.5175,237.9788345,0.2396163564,27.85363839,10.79060733,30.98955737,-0.2269287058,18.74120962,0.1314089212,227997.3088,Bear Trend,False,True
2019-08-17 00:00:00+00:00,184.83,187,181.83,185.59,138799.6151,ETHUSDT,12.9715705,32.21301532,208.7079273,226.2293327,237.4638,223997.2312,183.1738728,211.216,239.2581272,0.2655303307,29.3173634,10.48341113,30.10732027,-0.2239598578,18.70319465,0.1314089212,223997.2312,Bear Trend,False,True
2019-08-18 00:00:00+00:00,185.67,197.91,183.35,194.33,175363.5062,ETHUSDT,13.08502975,38.85726639,207.3386009,224.9783785,234.998,221418.3425,181.3944713,210.388,239.3815287,0.2756196043,29.21980524,15.60573987,27.71438623,-0.1874137571,18.67759741,0.1314089212,221418.3425,Bear Trend,False,True
2019-08-19 00:00:00+00:00,194.32,203.59,192.7,202.28,239541.5978,ETHUSDT,12.92824191,44.21360918,206.8568294,224.088246,233.1896,222261.2327,180.8149675,210.023,239.2310325,0.2781412752,28.47516667,17.80498649,26.04688701,-0.1541710224,18.65736426,0.1314089212,222261.2327,Bear Trend,False,True
2019-08-20 00:00:00+00:00,202.24,202.75,194.45,196.6,189297.7549,ETHUSDT,12.5976532,41.42160343,205.8799885,223.0102756,231.2202,221365.4426,179.431466,208.932,238.432534,0.2823936397,27.78371656,16.96706745,24.82109656,-0.1779218064,18.61902872,0.1314089212,221365.4426,Bear Trend,False,True
2019-08-21 00:00:00+00:00,196.55,197.2,179.53,187.45,284973.6419,ETHUSDT,12.95996369,37.33184857,204.1247515,221.615755,229.1396,226273.8153,176.7797401,207.4625,238.1452599,0.295790901,28.17986774,15.31468142,30.6269507,-0.2161823124,18.57506238,0.1314089212,226273.8153,Bear Trend,False,True
2019-08-22 00:00:00+00:00,187.45,195.14,182.8,190.35,245575.9877,ETHUSDT,12.91568057,39.37492333,202.8128704,220.3896469,226.9238,228209.2632,174.9230047,206.0995,237.2759953,0.3025382914,28.5477224,14.26953342,28.53681931,-0.2040560318,18.5297365,0.1314089212,228209.2632,Bear Trend,False,True
2019-08-23 00:00:00+00:00,190.36,196.19,188.16,194.02,192548.5155,ETHUSDT,12.56670338,41.95398959,201.9754542,219.3555431,225.1496,228757.0913,174.0049052,204.6935,235.3820948,0.2998492361,28.75217535,14.21505639,27.23433736,-0.1887100146,18.47767199,0.1528134301,228757.0913,Bear Trend,False,True
2019-08-24 00:00:00+00:00,194.02,194.09,185.63,190.6,167806.3429,ETHUSDT,12.27336743,40.23619273,200.8920776,218.2278748,223.2122,230366.3072,172.9126669,203.134,233.3553331,0.2975507116,29.11848172,13.51517059,27.36585038,-0.2030106628,18.42512399,0.1924952299,230366.3072,Bear Trend,False,True
2019-08-25 00:00:00+00:00,190.6,192.4,182.8,186.54,169862.9152,ETHUSDT,12.08241261,38.23475773,199.5252131,216.985213,221.1772,223461.6393,173.1904106,200.784,228.3775894,0.2748584489,29.65501093,12.74814286,27.48578762,-0.2199874556,18.32676989,0.2240474054,223461.6393,Bear Trend,False,True
2019-08-26 00:00:00+00:00,186.54,193.7,186,188.67,254397.7947,ETHUSDT,11.76938314,39.92313738,198.4913832,215.8748125,218.8562,219117.575,173.4751369,198.9035,224.3318631,0.2556854266,29.95650576,12.94137607,26.2013377,-0.2110809116,18.16485776,0.2476508915,219117.575,Bear Trend,False,True
2019-08-27 00:00:00+00:00,188.61,189.49,184.75,187.24,157898.563,ETHUSDT,11.26728434,39.14940243,197.4198229,214.7518787,216.3616,213057.2679,174.3600978,196.9605,219.5609022,0.2294917223,30.33303079,12.55249974,26.20644515,-0.2170604223,17.99829649,0.2476508915,213057.2679,Bear Trend,False,True
2019-08-28 00:00:00+00:00,187.3,188.25,166.48,173.03,334480.6176,ETHUSDT,12.01747832,32.42453109,195.0969826,213.1157266,213.673,217936.9811,172.5751389,194.5425,216.5098611,0.2258361143,31.809065,10.92827072,33.674649,-0.2764791972,17.83435864,0.2476508915,217936.9811,Bear Trend,False,True
2019-08-29 00:00:00+00:00,173.03,173.5,163.61,169.01,295241.216,ETHUSDT,11.86551558,30.81204483,192.6125081,211.3860902,211.2686,221095.9355,169.1301007,192.4665,215.8028993,0.2424982973,33.31812783,10.27764221,33.39748159,-0.2932887309,17.65416636,0.2490918619,221095.9355,Bear Trend,False,True
2019-08-30 00:00:00+00:00,169.03,170.77,165.55,168.5,238616.6887,ETHUSDT,11.3908359,30.60410827,190.3160788,209.7042828,209.266,220396.0688,165.9551918,190.5675,215.1798082,0.258305411,34.71940046,9.941223327,32.30427915,-0.2954212837,17.46524972,0.2569954188,220396.0688,Bear Trend,False,True
2019-08-31 00:00:00+00:00,168.48,174.98,165.63,171.57,194999.1958,ETHUSDT,11.2450619,33.51282286,188.5307379,208.2088207,207.205,220722.324,165.4304343,188.325,211.2195657,0.24313889,35.33177373,12.02499234,30.38569091,-0.2825841522,17.2712914,0.2569954188,220722.324,Bear Trend,False,True
2019-09-01 00:00:00+00:00,171.52,173.42,167.61,170.74,191140.5237,ETHUSDT,10.8568432,33.10877312,186.8363819,206.7394552,205.244,224141.3029,164.776769,186.2915,207.806231,0.2309792022,35.90040605,11.56534014,29.2242058,-0.2860547773,17.0768063,0.2569954188,224141.3029,Bear Trend,False,True
2019-09-02 00:00:00+00:00,170.73,181,170.02,178.05,294627.3125,ETHUSDT,10.86564011,39.97303977,185.9995837,205.6143785,204.288,230526.5444,165.7336249,184.729,203.7243751,0.2056566659,35.23758844,15.71349208,27.11479237,-0.2554881873,16.88284395,0.2569954188,230526.5444,Bear Trend,False,True
2019-09-03 00:00:00+00:00,178,183,174.09,178.75,327857.8545,ETHUSDT,10.72595153,40.60162603,185.3091471,204.5608735,203.299,230657.9877,165.1763906,184.3115,203.4466094,0.2076388004,34.33267883,16.11300899,25.50592545,-0.2525611541,16.69654557,0.2569954188,230657.9877,Bear Trend,False,True
2019-09-04 00:00:00+00:00,178.79,180.14,173,174.72,286226.2517,ETHUSDT,10.46981214,38.12628674,184.3006569,203.3906431,202.8158,233071.6456,164.1520323,183.646,203.1399677,0.2122993987,33.59437328,15.32812054,25.00712876,-0.2694125026,16.51844708,0.2569954188,233071.6456,Bear Trend,False,True
2019-09-05 00:00:00+00:00,174.7,176.19,168.1,173.75,232753.836,ETHUSDT,10.29982556,37.53314615,183.2958324,202.228265,202.0746,230600.4866,163.1381186,183.0895,203.0408814,0.2179412952,33.35364599,14.46815802,27.00225498,-0.2486486486,16.33241514,0.2569954188,230600.4866,Bear Trend,False,True
2019-09-06 00:00:00+00:00,173.74,177.87,165,169.08,315822.3798,ETHUSDT,10.48340944,34.73165981,181.9419436,200.928333,200.9416,239451.6248,161.4473111,182.264,203.0806889,0.2284234833,33.39364583,13.1994514,26.74661962,-0.2600437637,16.15956406,0.2494121583,239451.6248,Bear Trend,False,True
2019-09-07 00:00:00+00:00,169.11,180.8,168.3,177.62,253831.2317,ETHUSDT,10.62745163,43.09617328,181.53033,200.0142807,200.0794,243375.0111,161.2855615,181.4285,201.5714385,0.2220482283,32.94227365,14.05980318,24.49952303,-0.1991523513,15.99548806,0.2428185937,243375.0111,Bear Trend,False,True
2019-09-08 00:00:00+00:00,177.58,184.18,176.13,181.19,290083.475,ETHUSDT,10.44334794,46.20012131,181.4979176,199.2760737,199.1392,245902.1049,162.6442381,180.374,198.1037619,0.1965888861,31.98160445,15.59747773,23.15060448,-0.1647921084,15.81326272,0.2367387498,245902.1049,Bear Trend,False,True
2019-09-09 00:00:00+00:00,181.18,185.38,176.01,180.54,273729.9487,ETHUSDT,10.36668023,45.7112151,181.4066873,198.5413257,198.2424,250123.7146,163.473978,179.571,195.668022,0.1792830909,30.89919848,15.41731008,21.65597278,-0.1677883286,15.62293443,0.2302354623,250123.7146,Bear Trend,False,True
2019-09-10 00:00:00+00:00,180.52,184.36,177,179.81,238387.51,ETHUSDT,10.15191736,45.13355001,181.2546219,197.8067639,197.4884,247794.408,163.5005929,179.189,194.8774071,0.1751045774,29.89410722,14.61892886,20.53452411,-0.170656335,15.43974864,0.2289576028,247794.408,Bear Trend,False,True
2019-09-11 00:00:00+00:00,179.87,182.8,173,178.28,278555.4671,ETHUSDT,10.1267804,43.88187442,180.9713246,197.0410084,196.8044,249443.382,163.7557684,178.5855,193.4152316,0.1660799067,29.43236378,13.60841517,21.93647627,-0.1680821279,15.2660285,0.2271297988,249443.382,Bear Trend,False,True
2019-09-12 00:00:00+00:00,178.3,182.38,176.62,180.72,203543.1366,ETHUSDT,9.814867516,46.43322908,180.9473889,196.4009689,196.0926,249993.1131,164.8278112,177.9205,191.0131888,0.147174595,29.00360201,13.03796521,21.01692304,-0.1390185803,15.05570503,0.2239421713,249993.1131,Bear Trend,False,True
2019-09-13 00:00:00+00:00,180.71,181.38,177.54,180.95,264422.5406,ETHUSDT,9.388091265,46.67931462,180.9476376,195.7950485,195.3288,254823.9229,165.5987051,177.438,189.2772949,0.1334471186,28.60546609,12.65704352,20.40288537,-0.1112038902,14.82628563,0.2199947617,254823.9229,Bear Trend,False,True
2019-09-14 00:00:00+00:00,180.96,188.79,179.75,188.13,279371.8342,ETHUSDT,9.363227603,53.812683,181.6316721,195.4944584,194.7152,260299.3689,165.4163383,177.5175,189.6186617,0.1363376762,26.86784044,17.43699115,18.9958455,-0.07593693207,14.5737176,0.2151203469,260299.3689,Bear Trend,False,True
2019-09-15 00:00:00+00:00,188.14,190.45,185.76,189.03,288928.6083,ETHUSDT,9.029425632,54.63199879,182.3362747,195.2409502,194.3498,262025.9096,165.3671518,177.5355,189.7038482,0.1370807331,24.98557748,18.10322963,18.29108215,-0.07151628273,14.31141635,0.2099690995,262025.9096,Range/Chop,False,True
2019-09-16 00:00:00+00:00,189.05,199.44,188.3,197.22,551006.8169,ETHUSDT,9.180180944,61.35084457,183.7537724,195.31856,194.0618,281681.3223,163.6910995,178.0345,192.3779005,0.1611305734,24.4122366,23.52897097,16.70565857,-0.03128837369,14.0526128,0.2066477332,281681.3223,Range/Chop,False,True
2019-09-17 00:00:00+00:00,197.23,215.13,195.74,207.84,715863.2262,ETHUSDT,9.909453733,67.97410207,186.0476988,195.8095969,194.0008,300750.4527,160.6365481,179.775,198.9134519,0.2129156097,25.3406853,31.54997858,14.37078343,-0.03388648724,13.81905712,0.2066477332,300750.4527,Bull Trend,False,True
2019-09-18 00:00:00+00:00,207.85,217.27,207.66,210.21,539028.5101,ETHUSDT,9.888064181,69.240918,188.3488704,196.3743186,194.0134,312939.8174,159.2211383,181.835,204.4488617,0.248729471,26.35889785,30.90565707,13.37316487,-0.03249413173,13.59539828,0.2066477332,312939.8174,Bull Trend,False,True
2019-09-19 00:00:00+00:00,210.27,223.94,202.3,220.24,844358.8215,ETHUSDT,10.72748817,73.93918288,191.3861208,197.3102277,194.0498,343226.924,157.1448883,184.422,211.6991117,0.2958119066,27.75695516,30.89368237,11.44623737,-0.01652228275,13.39839364,0.2066477332,343226.924,Bull Trend,False,True
2019-09-20 00:00:00+00:00,220.26,221.54,212.05,218.03,437804.1267,ETHUSDT,10.63909616,71.35303932,193.9236331,198.1227677,194.0736,355367.1706,156.4907398,186.745,216.9992602,0.3240168165,29.05515123,28.92532876,10.7169542,-0.02639099759,13.20760362,0.2066477332,355367.1706,Bull Trend,False,True
2019-09-21 00:00:00+00:00,218.01,221.5,213.2,215.05,417891.5242,ETHUSDT,10.47201786,67.90412192,195.9356681,198.7865808,194.0224,366704.7206,157.2636689,188.9605,220.6573311,0.3354863165,30.26061902,27.28776588,10.11023036,-0.03969813343,13.02700098,0.2066477332,366704.7206,Bull Trend,False,True
2019-09-22 00:00:00+00:00,215.04,215.61,206.1,211.2,445388.9479,ETHUSDT,10.4033023,63.62525294,197.389414,199.2733815,193.8036,374242.8024,157.9253228,190.618,223.3106772,0.3430177341,30.10424703,25.50600572,14.32490657,-0.05689023846,12.85123901,0.2099690995,374242.8024,Bull Trend,False,True
2019-09-23 00:00:00+00:00,211.2,211.68,198.65,201.29,392437.0708,ETHUSDT,10.59092356,54.16413845,197.7608983,199.3524646,193.3936,377471.7632,159.2128765,191.745,224.2771235,0.3393269552,28.84759694,23.26457666,18.09057349,-0.1011431633,12.69176955,0.2126075042,377471.7632,Bull Trend,False,True
2019-09-24 00:00:00+00:00,201.25,202.98,150.03,165.81,1478218.827,ETHUSDT,13.61657188,34.42635271,194.7179556,198.0370738,192.039,437071.392,157.6231003,191.2995,224.9758997,0.3520803738,29.59499554,16.80260126,38.57036704,-0.2595784585,12.59804792,0.2154284525,437071.392,Crash/Capitulation,False,True
2019-09-25 00:00:00+00:00,165.72,174.85,161.88,169.96,879001.4621,ETHUSDT,13.57038817,37.30424095,192.3600551,196.9360121,190.9126,469383.7733,157.0008499,191.11,225.2191501,0.3569582972,30.28900853,15.6555147,35.93723013,-0.2410467089,12.50229449,0.217481919,469383.7733,Bear Trend,False,True
2019-09-26 00:00:00+00:00,169.96,171.01,152.11,165.92,779942.1715,ETHUSDT,13.95107473,35.66333211,189.8419546,195.7196979,189.709,492589.7629,156.4096014,190.952,225.4943986,0.3617914308,31.35366184,14.14058161,37.46187637,-0.2590872555,12.41769013,0.217481919,492589.7629,Bear Trend,False,True
2019-09-27 00:00:00+00:00,165.92,176.72,161.03,173.79,634932.9671,ETHUSDT,14.07528368,41.09870267,188.313197,194.8597098,188.757,511644.8496,155.883731,190.7605,225.637269,0.3656602813,31.74589883,15.9123514,34.47905478,-0.2239439135,12.3468075,0.2308225404,511644.8496,Bear Trend,False,True
2019-09-28 00:00:00+00:00,173.83,175.49,168,173.49,521775.4659,ETHUSDT,13.60490627,40.95665755,186.901464,194.0216819,188.0162,523229.4492,154.9194531,190.3755,225.8315469,0.3724853971,32.11011889,15.28661332,33.12319874,-0.2252835581,12.27804744,0.2722706888,523229.4492,Bear Trend,False,True
2019-09-29 00:00:00+00:00,173.5,174.5,164.12,169.24,410855.1218,ETHUSDT,13.37455583,38.90521944,185.2194198,193.0498513,187.2714,530085.7078,153.398293,189.8105,226.222707,0.3836690489,32.64388832,14.4391884,33.35915423,-0.2442618559,12.21513929,0.3099143616,530085.7078,Bear Trend,False,True
2019-09-30 00:00:00+00:00,169.26,181.24,165.01,180.85,580295.3997,ETHUSDT,13.57851612,46.75158553,184.8032846,192.5714257,186.56,547181.1023,153.5046382,189.8625,226.2203618,0.3829914997,32.39159894,16.75193833,30.51106754,-0.1924176119,12.16551029,0.3297515665,547181.1023,Bear Trend,False,True
2019-10-01 00:00:00+00:00,180.89,185.53,173.19,175.66,609972.5272,ETHUSDT,13.49005069,44.02934495,183.9324956,191.9082326,185.845,563751.9553,153.1892394,189.7315,226.2737606,0.3851997229,31.70630412,17.92889611,28.51750004,-0.2155934625,12.12474765,0.3374066358,563751.9553,Bear Trend,False,True
2019-10-02 00:00:00+00:00,175.65,181.29,173.65,180.24,348268.1162,ETHUSDT,13.07218992,46.96417074,183.5808293,191.4506548,185.2638,570988.2043,153.1409744,189.7075,226.2740256,0.3855042695,31.06995894,17.18043279,27.32700271,-0.1951415558,12.08659901,0.3411723447,570988.2043,Bear Trend,False,True
2019-10-03 00:00:00+00:00,180.24,180.72,169.55,174.69,354756.7848,ETHUSDT,12.93631921,43.95632537,182.7340837,190.7933742,185.0156,575504.9165,152.4284991,189.3945,226.3605009,0.3903598135,30.76262175,16.12081677,27.90542613,-0.2199249799,12.05680622,0.347549054,575504.9165,Bear Trend,False,True
2019-10-04 00:00:00+00:00,174.71,178.98,170.74,175.55,333897.6388,ETHUSDT,12.60086784,44.54896226,182.0498852,190.1955948,184.766,578231.2067,151.3099677,188.7655,226.2210323,0.3968472235,30.47723722,15.36783275,26.60199714,-0.2160846655,12.02173673,0.3545193355,578231.2067,Bear Trend,False,True
2019-10-05 00:00:00+00:00,175.55,176.71,172.02,176.25,278488.6177,ETHUSDT,12.03580585,45.05823328,181.4975152,189.6487088,184.5934,577709.2072,150.2768346,188.1265,225.9761654,0.402385261,30.2122373,14.94009039,25.86156736,-0.2129588283,11.97556506,0.359374864,577709.2072,Bear Trend,False,True
2019-10-06 00:00:00+00:00,176.23,177.04,167.68,170.1,314932.3963,ETHUSDT,11.84467686,41.45587325,180.4120376,188.8820927,184.2836,565905.4862,148.381767,186.7705,225.159233,0.4110791904,30.2991373,14.0967987,27.01902358,-0.2404215415,11.93157232,0.363725856,565905.4862,Bear Trend,False,True
2019-10-07 00:00:00+00:00,170.08,182.32,168.68,179.85,496523.4804,ETHUSDT,11.97291423,48.48727145,180.3585102,188.527893,183.994,554938.4989,148.1331924,185.371,222.6088076,0.4017651911,29.65717224,16.09965078,24.82037352,-0.1968830937,11.89149572,0.3690728392,554938.4989,Bear Trend,False,True
2019-10-08 00:00:00+00:00,179.88,184.87,177,180.6,400832.3783,ETHUSDT,11.67984893,48.9947464,180.3815092,188.2169953,183.5604,548028.6923,148.4074886,183.8905,219.3735114,0.3859145678,28.72749205,16.88424843,23.62578652,-0.1935339823,11.84640079,0.3777384484,548028.6923,Bear Trend,False,True
2019-10-09 00:00:00+00:00,180.61,195.53,178.96,192.62,562506.8219,ETHUSDT,12.02914543,56.40691867,181.5470798,188.3896621,183.4808,533936.0923,150.8488137,182.5095,214.1701863,0.3469483652,26.71747128,21.55283801,21.30119862,-0.1398588908,11.80949121,0.3777384484,533936.0923,Bull Trend,False,True
2019-10-10 00:00:00+00:00,192.61,194.2,186.88,191.14,436588.5845,ETHUSDT,11.6927779,55.34052924,182.4606912,188.4975185,183.5546,533875.3152,153.6382083,181.165,208.6917917,0.3038864204,24.85102341,20.58907599,20.34868896,-0.1464678039,11.77107517,0.3777384484,533875.3152,Range/Chop,False,True
2019-10-11 00:00:00+00:00,191.18,196.65,179.41,180.72,621693.6312,ETHUSDT,12.08900805,48.4024188,182.2949111,188.1925178,183.362,544065.4206,156.7253899,179.4485,202.1716101,0.2532549457,23.80405141,18.49180082,22.68959119,-0.1929981245,11.74752218,0.3777384484,544065.4206,Range/Chop,False,True
2019-10-12 00:00:00+00:00,180.65,184.64,177.59,179.68,290415.2204,ETHUSDT,11.72907891,47.75883965,182.0458719,187.8586936,183.0752,536316.7342,160.4144418,177.8725,195.3305582,0.1962985641,23.0073207,17.69788148,22.82380208,-0.1976422256,11.7217825,0.3777384484,536316.7342,Range/Chop,False,True
2019-10-13 00:00:00+00:00,179.65,184.95,178.52,180.99,247589.2323,ETHUSDT,11.35057327,48.68440463,181.9453127,187.589333,182.883,529074.3423,162.967547,176.8575,190.747453,0.1570750805,22.22732987,17.17684186,21.90026756,-0.1917924444,11.67409566,0.3777384484,529074.3423,Range/Chop,False,True
2019-10-14 00:00:00+00:00,180.98,187.54,180.43,186.72,279732.8461,ETHUSDT,11.04767518,52.63715925,182.4000448,187.5552415,182.8866,469150.0432,164.3529873,177.903,191.4530127,0.1523303451,21.15889052,18.06178987,20.89352115,-0.1662052335,11.62789835,0.3777384484,469150.0432,Range/Chop,False,True
2019-10-15 00:00:00+00:00,186.7,188.37,175.96,180.49,405466.3811,ETHUSDT,11.14498409,48.28246171,182.2181358,187.2781732,182.723,445473.2892,165.3446118,178.4295,191.5143882,0.1466673189,20.65681852,16.62522554,22.09656974,-0.1940251853,11.58745323,0.3777384484,445473.2892,Range/Chop,False,True
2019-10-16 00:00:00+00:00,180.52,181.44,171.81,174.47,347764.9346,ETHUSDT,11.03677095,44.45525608,181.4802181,186.7758919,182.4676,423864.4273,166.9271516,178.857,190.7868484,0.1334009678,20.61307378,15.58907283,23.40524724,-0.2209073859,11.55520657,0.3777384484,423864.4273,Range/Chop,False,True
2019-10-17 00:00:00+00:00,174.52,178.96,172.61,177.16,298795.8198,ETHUSDT,10.70200159,46.49613853,181.0687688,186.3987981,182.5502,407057.57,167.2931184,179.0255,190.7578816,0.1310693911,20.57245366,14.92837791,22.4132878,-0.2088952398,11.51548943,0.3777384484,407057.57,Range/Chop,False,True
2019-10-18 00:00:00+00:00,177.17,177.44,168.66,172.74,319602.4851,ETHUSDT,10.56471576,43.65763217,180.2755527,185.863159,182.6248,396948.9209,167.1805319,178.988,190.7954681,0.1319358632,20.93827893,14.04219926,23.75340454,-0.2286326695,11.47609733,0.3649699325,396948.9209,Range/Chop,False,True
2019-10-19 00:00:00+00:00,172.78,174.98,169.44,171.79,296918.7303,ETHUSDT,10.2058075,43.04932166,179.4674048,185.3112704,182.6906,391252.1013,167.6827042,179.1155,190.5482958,0.1276583631,21.27797383,13.49773486,22.83240328,-0.2245644127,11.43623324,0.3254173928,391252.1013,Range/Chop,False,True
2019-10-20 00:00:00+00:00,171.84,176.88,169.21,175.22,299141.0715,ETHUSDT,10.02467839,45.97620509,179.0628901,184.9155343,182.7636,377194.3849,167.3090212,178.834,190.3589788,0.1288902422,21.25292443,14.11387414,21.58459315,-0.2089390519,11.38731181,0.2785706831,377194.3849,Range/Chop,False,True
2019-10-21 00:00:00+00:00,175.18,177.9,171.59,173.98,270608.5138,ETHUSDT,9.759344218,45.07432662,178.5788053,184.4866898,182.8284,360226.1843,167.1097973,178.75,190.3902027,0.1302400307,21.04434777,14.20859255,20.58775522,-0.1930800983,11.33470621,0.2247767549,360226.1843,Range/Chop,False,True
2019-10-22 00:00:00+00:00,174,175.04,170.3,171.2,255429.4162,ETHUSDT,9.400819631,43.03608596,177.8760619,183.9656432,182.6914,355584.2493,166.230126,178.298,190.365874,0.135367464,21.01628567,13.69686872,20.82644292,-0.1912320484,11.28194148,0.1766868223,355584.2493,Range/Chop,False,True
2019-10-23 00:00:00+00:00,171.19,171.49,153.45,162.35,746955.0981,ETHUSDT,10.01790394,37.25978613,176.3973894,183.1179709,182.3634,375194.1649,163.8110672,177.681,191.5509328,0.1561217328,22.60777083,11.93508364,30.1618073,-0.2001675042,11.24435042,0.1565984067,375194.1649,Range/Chop,False,True
2019-10-24 00:00:00+00:00,162.35,163.72,158.72,160.38,387310.8377,ETHUSDT,9.659482233,36.09830693,174.8719237,182.2262857,182.0766,377864.8249,161.1418018,176.9225,192.7031982,0.1783910829,24.08557847,11.49380431,29.04662599,-0.1844393593,11.20396825,0.1565984067,377864.8249,Range/Chop,False,True
2019-10-25 00:00:00+00:00,160.39,187.78,160.25,181.5,904832.8606,ETHUSDT,10.93594779,53.01005168,175.5031691,182.197804,182.2316,409182.037,161.2835831,177.185,193.0864169,0.1794894254,22.55748583,25.14194899,23.82365708,-0.07704042715,11.19007766,0.1565984067,409182.037,Range/Chop,False,True
2019-10-26 00:00:00+00:00,181.53,197.74,173.8,179.49,1211737.437,ETHUSDT,11.86480866,51.61014855,175.8828673,182.0916156,182.4398,454022.289,162.066155,177.6545,193.242845,0.1754905727,22.00852886,27.51452196,20.39010372,-0.09229290988,11.2000364,0.1565984067,454022.289,Range/Chop,False,True
2019-10-27 00:00:00+00:00,179.42,188.7,176.22,183.75,724423.4052,ETHUSDT,11.9087509,54.36104161,176.632118,182.1566502,182.5624,465417.2853,162.0599028,177.8495,193.6390972,0.1775613333,21.49878311,25.45492468,18.86380418,-0.070749469,11.19822427,0.1565984067,465417.2853,Range/Chop,False,True
2019-10-28 00:00:00+00:00,183.84,189.48,180.35,181.72,582179.4454,ETHUSDT,11.71026869,52.82008766,177.1166782,182.1395267,182.573,474484.6386,162.0694039,177.9055,193.7415961,0.1780281788,21.09379679,24.51311719,17.81328216,-0.08101547487,11.19563683,0.1565984067,474484.6386,Range/Chop,False,True
2019-10-29 00:00:00+00:00,181.67,192.74,181.26,190.46,529964.5054,ETHUSDT,11.69382093,58.30071838,178.3874707,182.4658198,182.7714,472857.5228,162.3393282,177.7975,193.2556718,0.1738851422,21.0072696,24.78547968,16.56417022,-0.03681602104,11.20068658,0.1565984067,472857.5228,Range/Chop,False,True
2019-10-30 00:00:00+00:00,190.45,191.71,179.28,183.13,537770.4306,ETHUSDT,11.74640515,52.76473938,178.8391402,182.4918661,182.8378,477916.6151,162.9610683,177.397,191.8329317,0.1627528278,20.6654346,22.91205842,16.51617599,-0.07388489936,11.2090423,0.1565984067,477916.6151,Range/Chop,False,True
2019-10-31 00:00:00+00:00,183.14,185.27,177.66,182.18,410969.861,ETHUSDT,11.45094764,52.07457809,179.1573173,182.479636,182.9158,467380.4266,162.9530527,177.47,191.9869473,0.1635988881,20.13050243,21.82443312,16.74268188,-0.07868918782,11.21894404,0.1565984067,467380.4266,Range/Chop,False,True
2019-11-01 00:00:00+00:00,182.19,184.5,177.02,182.85,331519.7696,ETHUSDT,11.16730852,52.54600617,179.5090014,182.4941601,182.9584,469435.6541,162.9501714,177.6285,192.3068286,0.1652699721,19.54465639,20.7802708,16.35100764,-0.07530090017,11.22397184,0.1565984067,469435.6541,Range/Chop,False,True
2019-11-02 00:00:00+00:00,182.86,186,181.53,182.91,179864.3974,ETHUSDT,10.68892934,52.59098122,179.832906,182.5104675,182.9976,466049.4123,162.9347948,177.7245,192.5142052,0.1664340614,19.17096888,21.16192194,15.86259173,-0.07499747143,11.22335481,0.1594372803,466049.4123,Range/Chop,False,True
2019-11-03 00:00:00+00:00,182.9,184.7,178.95,181.54,232621.5215,ETHUSDT,10.33614867,51.39325121,179.9954864,182.47241,182.8658,463693.8461,163.1408758,177.4655,191.7901242,0.1614355942,18.43405827,20.32103778,17.01520464,-0.0819257611,11.22112708,0.162094211,463693.8461,Range/Chop,True,True
2019-11-04 00:00:00+00:00,181.53,188.64,180.36,185.71,321175.2913,ETHUSDT,10.18928091,54.76982392,180.5397258,182.5993743,182.7994,459479.2916,163.0062007,177.7265,192.4467993,0.1656511469,18.223849,21.90352579,16.02757084,-0.06083746334,11.21928467,0.163175858,459479.2916,Range/Chop,False,True
2019-11-05 00:00:00+00:00,185.71,192.51,182.22,188.68,389668.6472,ETHUSDT,10.19647513,57.05788714,181.31499,182.8378302,182.6286,461574.4772,163.0570506,178.437,193.8169494,0.172385205,18.46035004,23.03565876,14.87224369,-0.04581774047,11.21450243,0.1644344301,461574.4772,Range/Chop,False,True
2019-11-06 00:00:00+00:00,188.65,195.09,187.72,191.16,343219.9224,ETHUSDT,9.99458405,58.92634377,182.25261,183.1641898,182.295,463795.6824,162.8081408,179.137,195.4658592,0.1823058245,18.95367407,23.6661945,14.08890204,-0.03327601901,11.20395464,0.1654605595,463795.6824,Range/Chop,False,True
2019-11-07 00:00:00+00:00,191.16,192.27,184.59,186.68,309882.0821,ETHUSDT,9.829256618,54.32767873,182.6742662,183.3020647,181.8244,463309.6622,163.4668544,179.834,196.2011456,0.1820250412,18.87466321,22.3453827,15.57715026,-0.05593203196,11.19371979,0.1660426042,463309.6622,Range/Chop,False,True
2019-11-08 00:00:00+00:00,186.67,188.26,181.41,183.74,365029.7503,ETHUSDT,9.616452574,51.48791885,182.7757646,183.3192387,181.0944,466715.2132,164.4138344,180.4315,196.4491656,0.1775484391,18.28290912,21.20844822,17.14660724,-0.07080004046,11.18121599,0.1694096332,466715.2132,Range/Chop,False,True
2019-11-09 00:00:00+00:00,183.71,185.79,182.63,184.89,192073.3804,ETHUSDT,9.15527739,52.53308814,182.9771204,183.3808371,180.4316,461361.8287,164.9721577,180.915,196.8578423,0.1762467709,17.73342317,20.68557496,16.72387464,-0.06498432285,11.16460533,0.1731351736,461361.8287,Range/Chop,False,True
2019-11-10 00:00:00+00:00,184.86,191.58,183.3,188.96,274940.5345,ETHUSDT,9.092757576,56.1350233,183.5469185,183.5996278,179.9098,461578.4297,165.6872739,181.664,197.6407261,0.1758931442,17.9581154,23.88846501,15.63608833,-0.04440173966,11.14737161,0.1746878575,461578.4297,Range/Chop,False,True
2019-11-11 00:00:00+00:00,188.96,190.19,184.06,184.98,255579.9343,ETHUSDT,8.881132035,51.98105349,183.6834024,183.6537601,179.3854,461585.9556,167.0671567,182.353,197.6388433,0.16765113,18.16675818,22.71071706,14.86519865,-0.06452917973,11.13180935,0.1746878575,461585.9556,Range/Chop,True,True
2019-11-12 00:00:00+00:00,184.98,187.65,182.41,187.09,256782.6312,ETHUSDT,8.621051176,53.92755505,184.0078403,183.7885146,179.1014,437077.3323,171.2611655,183.59,195.9188345,0.1343083446,18.04414292,21.72472397,15.58690679,-0.0538586022,11.11902535,0.1746878575,437077.3323,Range/Chop,True,True
2019-11-13 00:00:00+00:00,187.09,189.66,185.3,188.11,197273.84,ETHUSDT,8.316690377,54.87972885,184.3985222,183.9579846,179.5474,427575.4824,178.6003028,184.9765,191.3526972,0.06894061917,18.20398716,22.63752013,15.00323614,-0.04870031354,11.10158307,0.1731351736,427575.4824,Range/Chop,True,True
2019-11-14 00:00:00+00:00,188.07,188.72,183.34,184.92,245505.2997,ETHUSDT,8.106926779,51.3083324,184.4481867,183.9957107,179.8466,394609.1043,178.9731697,185.1475,191.3218303,0.06669634025,17.95764051,21.56445313,16.01896884,-0.06483260848,11.08620808,0.1700181675,394609.1043,Range/Chop,True,True
2019-11-15 00:00:00+00:00,184.93,186.7,177.67,180,407466.7896,ETHUSDT,8.17286058,46.3034013,184.0245499,183.8390162,180.1282,354395.572,179.0887873,185.173,191.2572127,0.06571382097,16.70246195,19.86259218,19.71018134,-0.08971376555,11.06941941,0.1670425957,354395.572,Range/Chop,True,True
2019-11-16 00:00:00+00:00,179.99,183.46,179.3,182.37,172801.5258,ETHUSDT,7.886227682,48.88974466,183.8669737,183.7814077,180.2998,326814.478,178.9262192,185.104,191.2817808,0.06674929587,15.536939,19.11419541,18.9675272,-0.07772833013,11.03569898,0.1660426042,326814.478,Range/Chop,True,True
2019-11-17 00:00:00+00:00,182.37,186.09,180,183.82,198892.4372,ETHUSDT,7.757925705,50.46185661,183.8625,183.7829211,180.5064,307650.1276,179.1956552,185.209,191.2223448,0.06493577339,14.90373364,20.46391693,17.90398591,-0.0703954688,11.00019667,0.1654605595,307650.1276,Range/Chop,True,True
2019-11-18 00:00:00+00:00,183.82,184.06,175.01,178.2,293551.2363,ETHUSDT,7.850216726,44.72025932,183.3232143,183.563983,180.6856,295829.4641,178.3535761,184.596,190.8384239,0.06763336029,14.23294523,18.77880924,20.97004255,-0.0988166279,10.95224215,0.1644344301,295829.4641,Range/Chop,True,True
2019-11-19 00:00:00+00:00,178.2,178.52,172.65,175.94,275886.6411,ETHUSDT,7.708772674,42.62015285,182.620051,183.2650033,180.5874,282735.2746,176.9559553,184.2365,191.5170447,0.07903476989,13.98113435,17.75741624,22.01621474,-0.1102457773,10.90340342,0.1644344301,282735.2746,Range/Chop,True,True
2019-11-20 00:00:00+00:00,175.93,177.41,173.5,174.72,216315.9331,ETHUSDT,7.437431769,41.48751645,181.8676652,182.9299051,180.5686,273002.5783,175.5138455,183.8635,192.2131545,0.09082449256,13.74730996,17.09060102,21.18947583,-0.1164154951,10.85282699,0.1633527831,273002.5783,Range/Chop,True,True
2019-11-21 00:00:00+00:00,174.75,175.85,157.26,161.01,473895.9299,ETHUSDT,8.234043785,31.39150289,179.8812209,182.070301,180.184,280121.3863,169.7638895,182.7715,195.7791105,0.1423374049,15.47527401,14.33449755,31.86022345,-0.1857489633,10.81667268,0.1518864996,280121.3863,Range/Chop,True,True
2019-11-22 00:00:00+00:00,161.02,162.79,138,149.56,977977.2379,ETHUSDT,9.416612086,25.75460576,176.9934856,180.7953872,179.6814,320027.0283,161.6444878,181.104,200.5635122,0.2148987568,18.32243956,11.63901648,40.47861773,-0.2436532821,10.79710082,0.1518864996,320027.0283,Range/Chop,False,True
2019-11-23 00:00:00+00:00,149.55,154.33,146.11,151.84,369721.0996,ETHUSDT,9.331139794,28.50757936,174.5979155,179.6598819,179.2072,326882.0072,156.3576579,179.619,202.8803421,0.2590075893,20.96623614,10.90665521,37.93158363,-0.2321229898,10.72567695,0.1539942759,326882.0072,Range/Chop,False,True
2019-11-24 00:00:00+00:00,151.84,152.86,138.62,139.96,352319.2156,ETHUSDT,9.681772666,23.5977219,171.2990664,178.1030238,178.4814,328439.2034,148.5685619,177.3315,206.0944381,0.324397393,23.77926496,9.760829255,39.47243376,-0.2922018813,10.66086669,0.1549942675,328439.2034,Range/Chop,False,True
2019-11-25 00:00:00+00:00,139.99,151.5,131.45,145.69,749675.413,ETHUSDT,10.42236033,29.87145761,168.8601077,176.8319248,177.9932,346439.5417,143.8243148,175.182,206.5396852,0.3580012244,26.68508884,8.419587785,38.96238822,-0.2532164642,10.60205479,0.1549942675,346439.5417,Crash/Capitulation,False,True
2019-11-26 00:00:00+00:00,145.81,149.97,143.37,147.47,354023.043,ETHUSDT,10.14933459,31.74643197,166.8229546,175.6804767,177.3456,346979.6977,140.3363923,172.9975,205.6586077,0.3775905164,29.38335387,8.028504586,37.15261608,-0.2440924701,10.5366223,0.1549942675,346979.6977,Bear Trend,False,True
2019-11-27 00:00:00+00:00,147.47,155.54,140.84,152.62,564796.4284,ETHUSDT,10.47438212,36.99507382,165.4702923,174.7761443,176.786,359725.415,138.1168952,171.2945,204.4721048,0.3873750153,30.88506069,11.02207348,33.42826782,-0.2176943975,10.4844469,0.1549942675,359725.415,Bear Trend,False,True
2019-11-28 00:00:00+00:00,152.61,154.63,149.09,150.72,317714.5633,ETHUSDT,10.12192626,35.89827687,164.0655025,173.8327661,175.948,357359.6557,135.8273179,169.6435,203.4596821,0.3986734781,32.27950273,10.59116815,32.12139768,-0.2274334922,10.43023641,0.1549942675,357359.6557,Bear Trend,False,True
2019-11-29 00:00:00+00:00,150.69,157.6,150.23,154.57,328712.2556,ETHUSDT,9.925360096,39.79337525,163.161169,173.0773635,175.2166,364191.5995,134.4630963,168.1275,201.7919037,0.4004627878,33.03511549,12.16680793,30.41771929,-0.2076990107,10.36935047,0.1549942675,364191.5995,Bear Trend,False,True
2019-11-30 00:00:00+00:00,154.54,155.25,149.7,151.37,226863.413,ETHUSDT,9.612834375,37.74064457,162.0382005,172.2260944,174.6296,361787.7434,133.2551804,166.248,199.2408196,0.3969108751,33.77574942,11.66505474,29.55712622,-0.2241016967,10.3047302,0.1549942675,361787.7434,Bear Trend,False,True
2019-12-01 00:00:00+00:00,151.43,152.49,145.79,150.73,344178.1409,ETHUSDT,9.404774777,37.32593263,160.961229,171.3831103,174.0506,366217.6537,132.0581291,164.5355,197.0128709,0.3947764571,34.74867217,11.07146669,31.02269829,-0.2273822338,10.24360662,0.1786180809,366217.6537,Bear Trend,False,True
2019-12-02 00:00:00+00:00,150.72,151.42,146.71,148.65,233839.0973,ETHUSDT,9.069433722,35.94355621,159.788731,170.4916158,173.4038,365070.477,131.1693907,162.6135,194.0576093,0.3867343034,35.65210044,10.66077317,29.87191839,-0.2380439797,10.17915852,0.2369531731,365070.477,Bear Trend,False,True
2019-12-03 00:00:00+00:00,148.66,149.93,145.77,147.17,196329.225,ETHUSDT,8.718759884,34.95165935,158.5869471,169.5770426,172.6128,365023.2463,130.7393779,160.5665,190.3936221,0.3715236001,36.56347918,10.29744482,29.62395406,-0.2456302219,10.11445672,0.2917024912,365023.2463,Bear Trend,False,True
2019-12-04 00:00:00+00:00,147.19,151.98,143.15,145.38,434490.4652,ETHUSDT,8.726705607,33.73895996,157.3291426,168.628139,171.9106,374472.5045,130.2781867,158.5895,186.9008133,0.3570389372,37.61144626,9.553206864,29.62739576,-0.2548054744,10.05930505,0.3407181651,374472.5045,Bear Trend,False,True
2019-12-05 00:00:00+00:00,145.45,149.02,143.64,148.1,299073.5397,ETHUSDT,8.487655206,37.29904268,156.4501767,167.8231139,171.3832,369052.842,130.1304277,156.9945,183.8585723,0.3422294701,38.58455854,9.120677404,28.28599054,-0.2408631913,10.00335469,0.3496342037,369052.842,Bear Trend,False,True
2019-12-06 00:00:00+00:00,148.11,149.77,145.74,148.45,220674.6858,ETHUSDT,8.169251263,37.7624238,155.6882551,167.0633839,170.809,371446.5,130.8855688,155.2985,179.7114312,0.3144000905,39.29537271,9.455064318,27.28928667,-0.2279086701,9.93996031,0.3496342037,371446.5,Bear Trend,False,True
2019-12-07 00:00:00+00:00,148.46,149.49,146.85,147.14,140471.6859,ETHUSDT,7.774304744,36.67006874,154.8741355,166.2820748,170.297,368525.4625,132.6521474,153.4645,174.2768526,0.2712334456,39.95541443,9.225724841,26.62736513,-0.2319657584,9.874867907,0.3496342037,368525.4625,Bear Trend,False,True
2019-12-08 00:00:00+00:00,147.16,151.62,146.11,150.44,205301.6026,ETHUSDT,7.612568691,41.27825712,154.4518369,165.6608169,169.87,364112.9808,134.6148743,152.0765,169.5381257,0.2296426558,39.97927016,10.7473274,25.25072466,-0.2147405783,9.801258294,0.3496342037,364112.9808,Bear Trend,False,True
2019-12-09 00:00:00+00:00,150.44,151.19,146.56,147.38,243775.9925,ETHUSDT,7.39952807,38.48203656,153.7783286,164.9439222,169.3132,362507.4484,136.9638469,150.6485,164.3331531,0.1816765931,40.00142191,10.26698667,24.12216953,-0.2307130181,9.72970413,0.3496342037,362507.4484,Bear Trend,False,True
2019-12-10 00:00:00+00:00,147.4,148.57,143.81,145.56,203215.8494,ETHUSDT,7.210990351,36.88175536,152.9956307,164.1837683,168.7448,361852.4442,140.9407837,149.1905,157.4402163,0.1105930511,40.34933675,9.782895681,25.70881976,-0.2346600768,9.648403835,0.3496342037,361852.4442,Bear Trend,False,True
2019-12-11 00:00:00+00:00,145.53,146.34,142.12,143.39,157843.1048,ETHUSDT,6.997348183,35.01223125,152.0808087,163.3683264,168.1886,346049.8029,141.6957099,148.3095,154.9232901,0.08918902786,40.86274744,9.361472566,26.32649029,-0.2439628809,9.569541657,0.3496342037,346049.8029,Bear Trend,False,True
2019-12-12 00:00:00+00:00,143.41,145.85,139.24,144.87,261615.3044,ETHUSDT,6.969680456,37.34494924,151.394065,162.6429019,167.839,310231.7062,141.3240341,148.075,154.8259659,0.09118306071,41.64484043,8.727303979,27.49463053,-0.2361594432,9.496526776,0.3496342037,310231.7062,Bear Trend,False,True
2019-12-13 00:00:00+00:00,144.87,146,142.8,144.8,160695.1856,ETHUSDT,6.700417566,37.27679543,150.7660588,161.9431802,167.5274,299780.4105,141.0604176,147.723,154.3855824,0.0902037243,42.32173394,8.589494095,26.55670585,-0.2327257312,9.424072483,0.3496342037,299780.4105,Bear Trend,False,True
2019-12-14 00:00:00+00:00,144.8,145.07,141.18,141.79,126232.592,ETHUSDT,6.499673454,34.37199564,149.9111961,161.1528594,166.7332,288476.0794,141.542038,147.8145,154.086962,0.08486937286,43.12574217,8.222298373,27.20173182,-0.240546331,9.346650639,0.3496342037,288476.0794,Bear Trend,False,True
2019-12-15 00:00:00+00:00,141.79,144.12,139.92,142.46,151189.6588,ETHUSDT,6.335411065,35.57542931,149.2015584,160.4198061,165.9926,258551.7917,141.0144095,147.653,154.2915905,0.0899215121,44.00626648,7.832948813,27.3342379,-0.2344564458,9.268294641,0.3283147803,258551.7917,Bear Trend,False,True
2019-12-16 00:00:00+00:00,142.46,142.72,127.93,132.73,471018.8594,ETHUSDT,6.939310274,27.64676541,147.6328385,159.3339314,164.9722,264401.5825,137.6191889,146.916,156.2128111,0.1265595451,45.75546392,6.640474259,35.51461678,-0.2867429738,9.205583119,0.292816768,264401.5825,Bear Trend,False,True
2019-12-17 00:00:00+00:00,132.72,132.98,119.11,121.88,563257.36,ETHUSDT,7.43435954,21.80963032,145.1801872,157.8651498,163.7754,264324.6291,131.3849171,145.379,159.3730829,0.1925186291,47.8033846,5.755554357,39.25605028,-0.3378246224,9.153410515,0.2504380507,264324.6291,Crash/Capitulation,False,True
2019-12-18 00:00:00+00:00,121.88,134.87,116.26,132.78,884960.9133,ETHUSDT,8.232619573,36.34890494,143.999217,156.8814184,162.6218,292686.9466,129.6949238,144.482,159.2690762,0.204690913,49.81734053,4.826229722,35.39028633,-0.2562177907,9.12052405,0.2171667844,292686.9466,Crash/Capitulation,False,True
2019-12-19 00:00:00+00:00,132.8,134,125.69,128.1,420674.8172,ETHUSDT,8.238146747,33.47108692,142.4850059,155.7527353,161.5212,297285.0746,127.5069361,143.1585,158.8100639,0.2186606293,51.68744247,4.47849228,32.84036054,-0.2779437461,9.090748522,0.2116757712,297285.0746,Bear Trend,False,True
2019-12-20 00:00:00+00:00,128.1,129.39,125.84,128.19,213897.4673,ETHUSDT,7.903279122,33.57999303,141.1235767,154.6718437,160.4414,296636.7774,125.5397376,141.9995,158.4592624,0.2318284561,53.4239657,4.334802849,31.78669952,-0.271026443,9.059814104,0.2116757712,296636.7774,Bear Trend,False,True
2019-12-21 00:00:00+00:00,128.19,128.4,126.5,126.99,135196.1164,ETHUSDT,7.47447347,32.80881302,139.7775218,153.5862812,159.3242,286187.6761,123.6340078,140.8125,157.9909922,0.2439910125,55.03645156,4.256095676,31.20954727,-0.2199152282,9.027708335,0.2116757712,286187.6761,Bear Trend,False,True
2019-12-22 00:00:00+00:00,127,133.07,126.82,132.09,253140.7241,ETHUSDT,7.38701108,39.19961157,139.0453769,152.7432898,158.3078,287152.7575,122.8005139,139.9845,157.1684861,0.2455126978,55.03347379,8.514529812,29.32342127,-0.1618654822,8.98386012,0.2116757712,287152.7575,Bear Trend,False,True
2019-12-23 00:00:00+00:00,132.12,135.1,126,127.8,421600.7565,ETHUSDT,7.509367431,36.09003064,137.9743886,151.7651216,157.233,298416.334,121.3835431,139.016,156.6484569,0.2536752157,54.4449267,9.708446038,26.78522828,-0.1890862944,8.948024874,0.2116757712,298416.334,Bear Trend,False,True
2019-12-24 00:00:00+00:00,127.8,129.69,126.61,127.75,200637.101,ETHUSDT,7.192984043,36.05413245,137.0006373,150.8233521,156.0738,286723.6658,120.10453,138.1345,156.16447,0.2610494847,53.89841868,9.41150973,25.96599245,-0.1894035533,8.885642145,0.2116757712,286723.6658,Bear Trend,False,True
2019-12-25 00:00:00+00:00,127.7,127.84,123.07,125.09,225004.4909,ETHUSDT,7.019913754,34.11026476,135.8662909,149.8142011,154.802,283020.2134,118.7095704,136.984,155.2584296,0.2668111541,53.75831912,8.954718389,28.30772061,-0.2062817259,8.804893896,0.2116757712,283020.2134,Bear Trend,False,True
2019-12-26 00:00:00+00:00,125.09,132.26,124.32,125.58,274986.521,ETHUSDT,7.0856342,34.8075462,134.8866441,148.8638402,153.4904,285735.8052,117.7175637,135.8405,153.9634363,0.2668267014,52.37986403,12.69366726,26.04193591,-0.2031725888,8.724508618,0.2116757712,285735.8052,Bear Trend,False,True
2019-12-27 00:00:00+00:00,125.58,127.1,121.91,126.29,240012.3745,ETHUSDT,6.950231757,35.86660849,134.0679161,147.9785916,152.2826,290712.8396,116.9991162,134.798,152.5968838,0.2640823126,51.39606503,12.01660728,27.1296936,-0.1986675127,8.645174669,0.2116757712,290712.8396,Bear Trend,False,True
2019-12-28 00:00:00+00:00,126.28,129.68,125.84,128.11,196893.5228,ETHUSDT,6.728072346,38.61927689,133.5004955,147.1994311,151.17,290292.4356,117.1943714,133.6815,150.1686286,0.2466628314,49.80945903,14.26577865,26.02368775,-0.1871192893,8.562412193,0.2116757712,290292.4356,Bear Trend,False,True
2019-12-29 00:00:00+00:00,128.11,138.07,127.52,134.36,316347.2667,ETHUSDT,7.001067179,47.0276545,133.5823531,146.695924,150.1594,293920.9993,117.7762383,133.0305,148.2847617,0.2293348017,46.56172939,21.2901775,23.22258514,-0.1345571659,8.483323227,0.2239977155,293920.9993,Bear Trend,False,True
2019-12-30 00:00:00+00:00,134.36,136.24,130.3,131.59,320347.2196,ETHUSDT,6.925276666,44.14154895,133.3926052,146.1035349,149.012,299777.5678,118.198415,132.332,146.465585,0.2136079704,43.54598043,19.98580822,21.79982449,-0.1370581677,8.407895377,0.2239977155,299777.5678,Bear Trend,False,True
2019-12-31 00:00:00+00:00,131.61,133.68,128.17,129.16,264933.9842,ETHUSDT,6.824185475,41.72252239,132.9894999,145.4390825,147.8956,305132.1118,118.3807969,131.6205,144.8602031,0.201179955,41.1117844,18.83316617,22.77202808,-0.1501513357,8.335509993,0.2239977155,305132.1118,Bear Trend,False,True
2020-01-01 00:00:00+00:00,129.16,133.05,128.68,130.77,144770.522,ETHUSDT,6.648886513,43.9155292,132.778119,144.8638244,146.7692,299289.8727,119.1538479,130.9155,142.6771521,0.1796831094,38.85145951,17.94901237,21.70295796,-0.1395578366,8.268175946,0.2239977155,299289.8727,Bear Trend,False,True
2020-01-02 00:00:00+00:00,130.72,130.78,126.38,127.19,213757.0581,ETHUSDT,6.488251762,40.28534889,132.2459172,144.1707332,145.5508,301942.9663,120.0622702,130.035,140.0077298,0.1533853165,37.15925475,17.0795766,23.18373308,-0.1631135676,8.204044331,0.2239977155,301942.9663,Bear Trend,False,True
2020-01-03 00:00:00+00:00,127.19,135.14,125.88,134.35,413055.1889,ETHUSDT,6.686233779,49.31029326,132.446306,143.7856064,144.5394,316284.0961,121.0033439,129.663,138.3226561,0.1335717377,34.65203034,20.04775537,20.89030692,-0.113903179,8.145660212,0.2239977155,316284.0961,Bear Trend,False,True
2020-01-04 00:00:00+00:00,134.37,135.85,132.5,134.2,184276.171,ETHUSDT,6.447931366,49.1427273,132.6133245,143.4097003,143.6234,317938.4217,122.4919234,129.25,136.0080766,0.1045737199,32.18128484,20.09029415,20.11505798,-0.1148924944,8.083184482,0.2239977155,317938.4217,Bear Trend,False,True
2020-01-05 00:00:00+00:00,134.2,138.19,134.19,135.37,254120.4534,ETHUSDT,6.273079126,50.55415082,132.875865,143.0944179,142.6834,307093.5014,122.2636642,129.382,136.5003358,0.1100359518,30.34226046,21.83970643,19.19889555,-0.1071758343,8.0211594,0.2239977155,307093.5014,Range/Chop,False,True
2020-01-06 00:00:00+00:00,135.37,144.41,134.86,144.15,408020.2737,ETHUSDT,6.507144903,59.61242391,133.9495922,143.1358133,141.89,299331.6471,121.6595542,130.4955,139.3314458,0.1354214643,29.68203183,26.37791361,17.1862787,-0.04926790661,7.965790872,0.2239977155,299331.6471,Bull Trend,False,True
2020-01-07 00:00:00+00:00,144.14,145.31,138.76,142.8,447762.1728,ETHUSDT,6.510205981,57.85733967,134.7924881,143.1226442,141.182,277471.7101,120.6860058,130.9965,141.3069942,0.1574163312,29.20331754,25.46972055,15.95118364,-0.05549308817,7.914020095,0.2239977155,277471.7101,Bull Trend,False,True
2020-01-08 00:00:00+00:00,142.8,147.77,137.03,140.72,570465.5776,ETHUSDT,6.812334125,55.1625802,135.3570131,143.0284228,140.4776,284961.2481,120.5846292,131.6275,142.6703708,0.1677897214,29.11954042,25.18090829,14.15490701,-0.05283704651,7.874971041,0.221471386,284961.2481,Bull Trend,False,True
2020-01-09 00:00:00+00:00,140.76,141.5,135.3,137.74,366076.0657,ETHUSDT,6.768595973,51.46425696,135.5839642,142.8210337,139.738,292570.178,120.8736946,132.105,143.3363054,0.1700360373,28.60907952,23.53336644,15.05443494,-0.06787575286,7.836235014,0.2073939627,292570.178,Range/Chop,False,True
2020-01-10 00:00:00+00:00,137.73,145.17,135.32,144.84,409403.5951,ETHUSDT,6.988696261,58.58807029,136.4654914,142.9002088,139.4146,306280.552,120.7435457,132.9975,145.2514543,0.1842734527,28.67872656,24.91515227,13.53886324,-0.01982811125,7.804694418,0.1927267038,306280.552,Bull Trend,False,True
2020-01-11 00:00:00+00:00,144.83,148.05,142.09,142.38,368350.5794,ETHUSDT,6.915217957,55.54602766,137.028778,142.8798085,139.271,312041.0447,120.6068807,133.512,146.4171193,0.1933177436,29.1264457,26.3561325,12.70538445,-0.03829787234,7.776263864,0.1887955981,312041.0447,Bull Trend,False,True
2020-01-12 00:00:00+00:00,142.4,146.6,141.76,146.54,229541.8614,ETHUSDT,6.766988103,59.38637708,137.9346086,143.0233454,139.165,302438.1,120.6486161,134.449,148.2493839,0.2052880112,29.45244452,25.00964106,12.40461696,-0.01019925701,7.750435493,0.1887955981,302438.1,Bull Trend,False,True
2020-01-13 00:00:00+00:00,146.56,147,142.27,143.58,207996.6186,ETHUSDT,6.621488952,55.6992144,138.472265,143.045175,139.2374,302806.0759,121.2532051,135.2405,149.2277949,0.2068506832,29.81202809,24.16503601,11.77167949,-0.03019250253,7.725678196,0.1887955981,302806.0759,Bull Trend,False,True
2020-01-14 00:00:00+00:00,143.58,171.7,143.51,165.64,1108476.312,ETHUSDT,8.162096884,70.43292898,141.0596683,143.9312466,139.6364,346979.6669,118.7363842,137.268,155.7996158,0.2700063496,32.22350802,39.81916842,8.867631937,-0.03529411765,7.725498801,0.1887955981,346979.6669,Bull Trend,False,True
2020-01-15 00:00:00+00:00,165.6,171.98,159.2,166.4,721687.8038,ETHUSDT,8.491947107,70.7933215,143.4730332,144.8123742,140.015,369314.7311,117.6486474,139.309,160.9693526,0.3109684605,34.47676599,35.77425247,7.914389877,-0.03244563321,7.735594125,0.1887955981,369314.7311,Bull Trend,False,True
2020-01-16 00:00:00+00:00,166.4,167.4,157.8,164.21,456170.8672,ETHUSDT,8.571093742,68.21313743,145.4479824,145.5730654,140.2468,380122.6557,117.8618061,141.205,164.5481939,0.330628432,36.23909829,32.91220047,8.447926195,-0.04517967205,7.749146925,0.1887955981,380122.6557,Bull Trend,False,True
2020-01-17 00:00:00+00:00,164.24,174.81,162.14,169.85,767180.6785,ETHUSDT,8.863872761,71.13127448,147.7719841,146.525102,140.6294,408637.0135,117.6542578,143.292,168.9297422,0.3578391282,38.27972859,35.52313935,7.585394273,-0.02837366283,7.766041192,0.1887955981,408637.0135,Bull Trend,False,True
2020-01-18 00:00:00+00:00,169.92,179.5,164.92,174.14,688783.1798,ETHUSDT,9.272167563,73.15038008,150.2832237,147.6080392,141.0208,427258.8091,116.7182089,145.281,173.8437911,0.3932075235,40.39145857,35.14622508,6.733420205,-0.02986072423,7.792097774,0.1887955981,427258.8091,Bull Trend,False,True
2020-01-19 00:00:00+00:00,174.1,178.05,161.66,166.79,624681.286,ETHUSDT,9.780584166,64.78952069,151.8552976,148.360273,141.3292,442475.5125,117.7411475,147.041,176.3408525,0.3985262953,41.62509049,30.93929969,8.308254877,-0.07080779944,7.831150314,0.1887955981,442475.5125,Bull Trend,False,True
2020-01-20 00:00:00+00:00,166.79,169.33,161.24,166.87,358092.8841,ETHUSDT,9.659828154,64.83663059,153.2852693,149.0861446,141.652,447133.4575,119.6186046,148.9265,178.2343954,0.3935887215,42.67661437,29.08849086,8.12181425,-0.07036211699,7.854913387,0.1887955981,447133.4575,Bull Trend,False,True
2020-01-21 00:00:00+00:00,166.86,170.32,164.8,169.49,308007.6353,ETHUSDT,9.364126143,66.42116551,154.828577,149.8862958,142.0688,455295.3131,121.4924446,150.8625,180.2325554,0.3893619079,43.71772071,28.61885303,7.779837296,-0.05576601671,7.854038621,0.1993028774,455295.3131,Bull Trend,False,True
2020-01-22 00:00:00+00:00,169.48,171.47,166.03,168.07,272240.9029,ETHUSDT,9.083831419,64.71895005,156.0896649,150.5993822,142.4868,458219.5054,124.7457015,152.9065,181.0672985,0.3683401095,44.76170554,28.29892384,7.447045729,-0.06367688022,7.849916815,0.2060693472,458219.5054,Bull Trend,False,True
2020-01-23 00:00:00+00:00,168.07,168.2,159.21,162.81,373414.3498,ETHUSDT,9.077129174,58.71622753,156.7296968,151.07823,142.8354,456237.4634,127.2061156,154.3295,181.4528844,0.3514996726,44.15805566,26.2969746,12.28692601,-0.09298050139,7.839839423,0.2384285164,456237.4634,Bull Trend,False,True
2020-01-24 00:00:00+00:00,162.85,164.45,155.55,162.54,430013.199,ETHUSDT,9.064477091,58.41671388,157.283059,151.5277112,143.1242,468524.3148,130.0542924,155.7465,181.4387076,0.3299234024,42.87307839,24.45270248,14.30931324,-0.09448467967,7.817208036,0.290487405,468524.3148,Bull Trend,False,True
2020-01-25 00:00:00+00:00,162.51,162.79,157.61,160.35,219921.652,ETHUSDT,8.787014441,55.92482784,157.5751486,151.8736833,143.3622,466814.3747,133.0153495,156.9955,180.9756505,0.3054883805,41.67988522,23.42305811,13.70678255,-0.1066852368,7.7945027,0.3082284205,466814.3747,Bull Trend,False,True
2020-01-26 00:00:00+00:00,160.36,168.08,159.41,167.86,251582.5576,ETHUSDT,8.778656267,61.92318323,158.5546583,152.5005977,143.7766,458992.4889,134.5160031,158.181,181.8459969,0.2992141515,41.15673252,26.07496158,12.73984475,-0.06484679666,7.766240602,0.3082284205,458992.4889,Bull Trend,False,True
2020-01-27 00:00:00+00:00,167.91,172.56,165.22,170.08,365894.8192,ETHUSDT,8.675895105,63.50434763,159.6523099,153.189986,144.1694,454899.1212,136.4453831,159.545,182.6446169,0.2895686719,41.10160991,28.18762776,11.96997391,-0.05247910864,7.742140083,0.3082284205,454899.1212,Bull Trend,False,True
2020-01-28 00:00:00+00:00,170.04,176.2,170.03,175.64,473433.8961,ETHUSDT,8.496902597,67.18020581,161.174947,154.0703787,144.7346,450047.5372,138.8782377,161.291,183.7037623,0.2779170858,41.36718598,29.7855406,11.34911961,-0.02150417827,7.718332458,0.3082284205,450047.5372,Bull Trend,False,True
2020-01-29 00:00:00+00:00,175.58,178.45,173.33,173.72,317382.9016,ETHUSDT,8.255695269,64.75471231,162.369714,154.8409521,145.2978,447612.879,142.8575409,163.09,183.3224591,0.248114036,41.79975964,30.41279617,10.8463715,-0.0322005571,7.695713473,0.3082284205,447612.879,Bull Trend,False,True
2020-01-30 00:00:00+00:00,173.68,187,170.93,184.69,477721.6609,ETHUSDT,8.813859893,71.1612731,164.4954555,156.011503,146.1238,451028.7823,144.5844105,165.0825,185.5805895,0.2483375227,42.80921071,33.38106247,9.433813879,-0.01235294118,7.685864892,0.3082284205,451028.7823,Bull Trend,False,True
2020-01-31 00:00:00+00:00,184.71,185.82,175.22,179.99,385596.5336,ETHUSDT,8.941441329,65.65488462,165.9711264,156.9518362,146.8262,451891.08,148.32453,166.963,185.60147,0.2232646754,43.74655813,30.55442277,8.634977927,-0.03748663102,7.683731685,0.3082284205,451891.08,Bull Trend,False,True
2020-02-01 00:00:00+00:00,179.94,184.28,179.23,183.6,259370.129,ETHUSDT,8.663481234,67.7209225,167.6500668,157.9968622,147.6022,453382.4934,151.3346872,168.816,186.2973128,0.207104928,44.61695216,29.28225325,8.27545041,-0.01818181818,7.682810374,0.3082284205,453382.4934,Bull Trend,False,True
2020-02-02 00:00:00+00:00,183.63,193.43,179.1,188.44,552621.1362,ETHUSDT,9.068232574,70.30048198,169.6300604,159.1907108,148.5352,470613.7192,155.7253365,171.059,186.3926635,0.1792792369,45.98497771,33.18429973,7.341363803,-0.0257974461,7.68850249,0.3082284205,470613.7192,Bull Trend,False,True
2020-02-03 00:00:00+00:00,188.48,195.19,186.62,189.69,417175.9578,ETHUSDT,9.032644533,70.94624916,171.5405308,160.3867613,149.4798,436048.7015,155.1475603,172.2615,189.3754397,0.1986972094,47.34723751,32.32717495,6.843839142,-0.02817767304,7.697585646,0.3082284205,436048.7015,Bull Trend,False,True
2020-02-04 00:00:00+00:00,189.74,191.6,184.69,188.91,366389.6969,ETHUSDT,8.881027067,69.92454423,173.194766,161.5053197,150.6034,418283.7962,155.0462529,173.387,191.7277471,0.2115585032,48.13741774,30.53056181,8.015752114,-0.03217377939,7.709448576,0.302351266,418283.7962,Bull Trend,False,True
2020-02-05 00:00:00+00:00,188.91,207.61,188.19,203.78,550942.1142,ETHUSDT,9.633810848,76.78759532,176.1076454,163.1631503,152.2414,423022.3585,153.2605553,175.3655,197.4704447,0.2521014073,49.65712648,38.0049552,6.861588568,-0.01844805164,7.740440344,0.2943914117,423022.3585,Bull Trend,False,True
2020-02-06 00:00:00+00:00,203.78,216.33,201.02,213.19,608240.2233,ETHUSDT,10.03925293,79.91161261,179.6392982,165.1249875,153.8496,415075.3358,150.1482082,177.5325,204.9167918,0.3084989144,51.36178218,40.06931012,6.114158728,-0.01451486155,7.780885082,0.2943914117,415075.3358,Bull Trend,False,True
2020-02-07 00:00:00+00:00,213.16,225,213.14,223.33,629361.1547,ETHUSDT,10.16930629,82.62521249,183.8003175,167.4075371,155.7542,412104.2345,146.1854435,179.992,213.7985565,0.3756451012,53.18251057,42.82113416,5.604825471,-0.007422222222,7.827048052,0.2943914117,412104.2345,Bull Trend,False,True
2020-02-08 00:00:00+00:00,223.36,227.75,213.22,223.05,548551.8747,ETHUSDT,10.48078441,82.29463216,187.5383825,169.5895944,157.6514,408297.7639,144.7632979,182.805,220.8467021,0.4161997989,54.94128579,40.45495985,5.049808983,-0.02063666301,7.88154462,0.2943914117,408297.7639,Bull Trend,False,True
2020-02-09 00:00:00+00:00,223.01,230.65,222.86,228.49,350336.244,ETHUSDT,10.28858553,83.66230072,191.4385365,171.8994142,159.6814,407909.9319,143.7452851,185.886,228.0267149,0.4534038598,56.64527299,40.28039652,4.776704581,-0.0093648385,7.936398575,0.2943914117,407909.9319,Bull Trend,False,True
2020-02-10 00:00:00+00:00,228.53,229.4,216.37,222.89,510415.4995,ETHUSDT,10.48440085,77.063032,194.433914,173.8990451,161.4974,418030.3252,144.2004175,188.556,232.9115825,0.4704764894,56.98590606,36.70465185,8.774204894,-0.03364404943,7.994977249,0.2943914117,418030.3252,Bull Trend,False,True
2020-02-11 00:00:00+00:00,222.89,239.15,218.17,236.69,595576.9028,ETHUSDT,11.2340865,81.03340359,198.4583031,176.3614355,163.6752,434197.1251,144.0310639,191.987,239.9429361,0.4995748261,57.67680594,38.00767854,7.603769473,-0.01028643111,8.070538397,0.2943914117,434197.1251,Bull Trend,False,True
2020-02-12 00:00:00+00:00,236.69,275.34,236.69,265.74,1038073.748,ETHUSDT,13.19236604,86.37864384,204.8660838,179.8664772,166.435,467430.0951,141.3529703,197.1335,252.9140297,0.565916292,59.15673878,49.64862744,6.012558696,-0.03486598387,8.182083274,0.2943914117,467430.0951,Bull Trend,False,True
2020-02-13 00:00:00+00:00,265.74,277.69,256.08,268.32,1089679.154,ETHUSDT,13.79362561,86.73616775,210.9093139,183.3352428,169.2996,500413.3928,140.9917673,202.4225,263.8532327,0.6069555772,60.56803843,45.30963128,5.339725166,-0.03374266268,8.30638685,0.2943914117,500413.3928,Bull Trend,False,True
2020-02-14 00:00:00+00:00,268.34,287.15,260.28,285.15,734944.3227,ETHUSDT,14.72765235,88.80111367,217.9798554,187.3279784,172.491,526164.5263,140.5983147,208.6625,276.7266853,0.6523854095,62.02060373,43.99301279,4.643860137,-0.006965000871,8.436192551,0.2943914117,526164.5263,Bull Trend,False,True
2020-02-15 00:00:00+00:00,285.11,288.41,261.86,264.88,860813.1427,ETHUSDT,15.57210575,73.88229733,222.4465359,190.3692341,175.2628,556626.0556,143.9598001,213.5135,283.0671999,0.6515157113,63.38762422,39.21333767,4.078313692,-0.08158524323,8.571821654,0.2990337931,556626.0556,Bull Trend,False,True
2020-02-16 00:00:00+00:00,264.91,274,237.41,258.85,1110118.464,ETHUSDT,17.07338391,70.10886028,225.9135325,193.0547544,177.8776,593837.2378,148.7226572,217.952,287.1813428,0.6352714616,61.8343994,33.21061088,13.68296464,-0.1024929787,8.719167727,0.3420720078,593837.2378,Bull Trend,False,True
2020-02-17 00:00:00+00:00,258.89,268.77,242,267.85,1110371.391,ETHUSDT,17.76599935,72.37655427,229.9074817,195.9879012,180.5474,625684.1126,152.9379636,222.5625,292.1870364,0.6256627819,60.3921192,29.63617462,12.21027613,-0.07128740335,8.87796527,0.39592245,625684.1126,High Vol Expansion,False,True
2020-02-18 00:00:00+00:00,267.9,285.88,258,282.61,1115523.44,ETHUSDT,18.48842796,75.64047314,234.9267692,199.3848463,183.5678,665591.1395,157.4872989,228.007,298.5267011,0.618574878,59.67981628,33.0543106,10.89508088,-0.0201102597,9.054384417,0.4348018294,665591.1395,High Vol Expansion,False,True
2020-02-19 00:00:00+00:00,282.64,285,251.56,258.45,705973.7299,ETHUSDT,19.5563974,62.601547,237.1670769,201.7011268,186.1536,677003.743,162.9294154,231.695,300.4605846,0.5935871258,58.40099406,29.01713645,11.91655332,-0.1038798932,9.255749816,0.4619401746,677003.743,High Vol Expansion,False,True
2020-02-20 00:00:00+00:00,258.44,264.33,245.34,256.96,972969.7169,ETHUSDT,19.51594044,61.89294438,239.0521172,203.8681415,188.6774,706372.4021,170.2561011,235.5435,300.8308989,0.554355343,56.64237754,27.00034033,13.364837,-0.1090461496,9.457898639,0.4850256577,706372.4021,High Vol Expansion,False,True
2020-02-21 00:00:00+00:00,256.97,268.24,253.61,265.27,525827.8734,ETHUSDT,19.16694469,64.31875622,241.5490584,206.2760575,191.439,719695.2893,177.7169678,239.627,301.5370322,0.5167200038,55.18332595,26.9853779,12.63617342,-0.08023300163,9.652191593,0.5081474149,719695.2893,Bull Trend,False,True
2020-02-22 00:00:00+00:00,265.32,266.81,256,261.57,313062.5213,ETHUSDT,18.57002007,62.41366069,243.4558147,208.4444474,193.9834,707717.3586,185.3900688,243.2835,301.1769312,0.4759338891,53.82849234,25.86332382,12.11076036,-0.0930619604,9.84180886,0.5081474149,707717.3586,Bull Trend,False,True
2020-02-23 00:00:00+00:00,261.55,275.68,261.02,274.48,444740.8288,ETHUSDT,18.29073292,66.17799098,246.4104991,211.0340769,196.789,709095.6021,193.6718384,247.523,301.3741616,0.4351204663,52.97236808,27.84654385,11.41742039,-0.04829929614,10.02965585,0.5081474149,709095.6021,Bull Trend,False,True
2020-02-24 00:00:00+00:00,274.5,277.2,257.09,265.52,696591.7298,ETHUSDT,18.42068057,61.56919367,248.2304515,213.1707798,199.392,725605.7038,204.2478917,251.3535,298.4591083,0.3748156145,51.76813865,25.6750947,12.05100825,-0.07936618009,10.21857329,0.5081474149,725605.7038,Bull Trend,False,True
2020-02-25 00:00:00+00:00,265.47,266.22,244.44,246.67,774791.0103,ETHUSDT,18.66063196,53.1784954,248.0818371,214.4844747,201.4424,736798.1486,211.6377293,253.498,295.3582707,0.3302611517,49.45577807,23.53459315,15.88845692,-0.1447245241,10.41374662,0.5081474149,736798.1486,Bull Trend,False,True
2020-02-26 00:00:00+00:00,246.67,250.32,215.66,223.93,1395879.415,ETHUSDT,19.80344396,45.17943115,245.7816621,214.8548874,203.065,776180.1082,214.0220628,254.035,294.0479372,0.3150190892,46.51061832,20.59243175,24.28276192,-0.2235706113,10.63166948,0.5081474149,776180.1082,Range/Chop,False,True
2020-02-27 00:00:00+00:00,223.98,238.3,210,227.79,1273793.117,ETHUSDT,20.41034082,46.64649042,244.0681705,215.3621468,204.8064,808401.7063,214.887493,254.258,293.628507,0.309689426,44.08199319,18.552969,23.85859961,-0.2101868867,10.85515738,0.5081474149,808401.7063,Range/Chop,False,True
2020-02-28 00:00:00+00:00,227.73,234.67,214.01,226.76,1054994.924,ETHUSDT,20.42817362,46.29050627,242.4197733,215.8091214,206.5868,833723.8588,215.6319124,254.4435,293.2550876,0.3050703798,41.82684128,17.21271793,22.1350742,-0.2137581915,11.08020566,0.5081474149,833723.8588,Range/Chop,False,True
2020-02-29 00:00:00+00:00,226.76,233,217,217.21,546866.6851,ETHUSDT,20.11187551,43.01286876,240.0188425,215.8640578,208.0342,843550.3808,213.2886535,253.8795,294.4703465,0.3197646639,39.73277165,16.23460539,20.87724881,-0.2468707742,11.30166716,0.5081474149,843550.3808,Range/Chop,False,True
2020-03-01 00:00:00+00:00,217.29,227.89,212.36,217.81,715016.0194,ETHUSDT,19.78459868,43.28457695,237.9037147,215.9403693,209.5428,853780.4068,212.2070174,253.6255,295.0439826,0.3266113429,38.07348122,15.32436121,21.38188494,-0.2447904026,11.5205957,0.5081474149,853780.4068,Range/Chop,False,True
2020-03-02 00:00:00+00:00,217.81,234.4,216.07,231.97,810051.4833,ETHUSDT,19.68069878,49.41441999,237.338599,216.5689822,211.2514,864504.1358,211.5362108,253.3895,295.2427892,0.3303474629,35.99590391,16.66760787,19.95942547,-0.1956936306,11.74046981,0.4963269465,864504.1358,Range/Chop,False,True
2020-03-03 00:00:00+00:00,232.1,232.46,219.57,223.91,741498.5482,ETHUSDT,19.19564887,46.34399747,236.0596848,216.8568653,212.858,849675.3758,207.9678541,251.298,294.6281459,0.3448507024,34.06672498,15.86815041,19.00207683,-0.223639957,11.94896006,0.4555271777,849675.3758,Range/Chop,False,True
2020-03-04 00:00:00+00:00,223.84,228.85,220.23,224.26,443780.3377,ETHUSDT,18.44024537,46.49945806,234.9359053,217.1471843,214.0304,817380.435,204.9775465,249.095,293.2124535,0.354221911,32.27534455,15.3383176,18.36760316,-0.2224264069,12.14883196,0.4049680404,817380.435,Range/Chop,False,True
2020-03-05 00:00:00+00:00,224.26,234.09,224.23,228.38,601479.8759,ETHUSDT,17.82737071,48.39489153,234.3115334,217.5876869,215.27,810707.2127,204.54378,246.2565,287.96922,0.3387745705,30.13781485,16.83186446,17.6419751,-0.2081411879,12.34140349,0.3645187627,810707.2127,Range/Chop,False,True
2020-03-06 00:00:00+00:00,228.38,245.16,227.33,244.88,628147.3257,ETHUSDT,17.82755851,55.23496412,235.318054,218.6579737,216.8834,799073.9218,204.4280417,245.2565,286.0849583,0.3329449645,28.70693838,20.06477192,16.38166144,-0.1509309663,12.53007705,0.3495363067,799073.9218,Bull Trend,False,True
2020-03-07 00:00:00+00:00,244.93,251.93,236,237.23,633748.8966,ETHUSDT,17.69201862,51.80639017,235.5001441,219.3862884,218.231,775255.4435,203.7006058,244.1755,284.6503942,0.3315229757,27.85471986,21.5075863,15.32807955,-0.1774557054,12.7164406,0.3418126365,775255.4435,Bull Trend,False,True
2020-03-08 00:00:00+00:00,237.23,237.23,195.5,199.43,1278973.537,ETHUSDT,19.40901729,38.94325702,232.0648923,218.6036889,218.7368,783685.5508,197.3985355,240.7545,284.1104645,0.3601674279,27.36458539,18.20458704,27.87879683,-0.3085191221,12.92638531,0.3418126365,783685.5508,Bear Trend,False,True
2020-03-09 00:00:00+00:00,199.43,208.62,190,202.81,1661331.836,ETHUSDT,19.35265891,40.3690124,229.2787121,217.9843285,219.4572,810975.9706,194.8880185,236.7645,278.6409815,0.3537395298,27.16434201,16.9534876,27.99283359,-0.2967996949,13.1361197,0.3418126365,810975.9706,Crash/Capitulation,False,True
2020-03-10 00:00:00+00:00,202.79,206.2,195.54,200.7,1020260.107,ETHUSDT,18.7317547,39.74506917,226.55693,217.3065117,220.1338,826690.2894,190.4446788,233.877,277.3093212,0.3714116496,26.97840173,16.26434394,26.85495069,-0.3041156687,13.33183734,0.3418126365,826690.2894,Bear Trend,False,True
2020-03-11 00:00:00+00:00,200.74,203.18,181.73,194.61,1079824.902,ETHUSDT,18.92591508,37.92318292,223.5143652,216.4164524,220.6362,832033.0487,185.4902413,230.7595,276.0287587,0.3923501191,27.43207384,14.94766793,29.89296687,-0.3252314414,13.53201562,0.3418126365,832033.0487,Bear Trend,False,True
2020-03-12 00:00:00+00:00,194.61,195.55,101.2,107.82,3814533.14,ETHUSDT,24.31334972,22.2616889,212.4958542,212.157768,219.4312,996468.312,155.166767,222.887,290.607233,0.6076642698,29.86270624,10.80440482,45.26546986,-0.6261572068,13.82445498,0.3418126365,996468.312,Crash/Capitulation,False,True
2020-03-13 00:00:00+00:00,107.67,139.68,86,134.06,4663239.929,ETHUSDT,26.4109676,31.47575817,205.0257729,209.0951105,218.8562,1213977.182,140.9984928,216.5115,292.0245072,0.6975426909,32.33717334,9.235845287,42.80477562,-0.535175618,14.15427963,0.3418126365,1213977.182,Crash/Capitulation,False,True
2020-03-14 00:00:00+00:00,134.06,134.68,120,122.54,1237674.886,ETHUSDT,25.57304134,29.80549086,197.169985,205.7007924,218.0562,1253623.885,127.8872467,208.9145,289.9417533,0.7756977453,34.63489279,8.857147917,41.04965138,-0.5751187546,14.44446203,0.3418126365,1253623.885,Bear Trend,False,True
2020-03-15 00:00:00+00:00,122.54,133.5,120.16,123.78,1312950.901,ETHUSDT,24.69925267,30.23463535,190.1804626,202.4882123,217.3248,1284441.844,117.1324376,201.8275,286.5225624,0.8392816876,36.76848942,8.515453503,39.46602235,-0.5708193197,14.71458379,0.3418126365,1284441.844,Bear Trend,False,True
2020-03-16 00:00:00+00:00,123.82,124.33,101.1,111.02,2442064.144,ETHUSDT,24.59430605,28.31619225,182.6413709,198.9012236,216.188,1367805.5,104.2910755,195.045,285.7989245,0.9305947299,39.02881346,7.940947749,42.33894138,-0.61165524,14.98163733,0.3492951161,1367805.5,Bear Trend,False,True
2020-03-17 00:00:00+00:00,111.02,120.8,109.38,115.67,1295108.485,ETHUSDT,23.65328419,30.05787861,176.2631451,195.637254,215.0998,1362766.954,93.65136641,189.632,285.6126336,1.012283091,41.12768579,7.667093832,40.87882789,-0.595389674,15.22812752,0.3539807204,1362766.954,Bear Trend,False,True
2020-03-18 00:00:00+00:00,115.67,118.5,109.86,118.11,1201850.313,ETHUSDT,22.58090675,31.00517731,170.7247503,192.5969696,213.9492,1359169.814,85.03262428,184.148,283.2633757,1.07647518,43.07663866,7.457549891,39.76159744,-0.5868546243,15.44993984,0.3571946695,1359169.814,Bear Trend,False,True
2020-03-19 00:00:00+00:00,118.11,143.13,115.46,136.3,1801071.188,ETHUSDT,22.94441341,37.77167322,167.4462027,190.3892453,213.2008,1396473.627,80.44457199,179.625,278.805428,1.104305392,43.07137315,14.48275702,36.33653898,-0.521754386,15.669337,0.3657895388,1396473.627,Bear Trend,False,True
2020-03-20 00:00:00+00:00,136.3,152.55,116.74,133.48,2504057.638,ETHUSDT,23.86338388,37.16317236,164.2113262,188.1575102,212.1766,1494333.175,75.88953752,175.4385,274.9874625,1.134858796,42.46884979,15.75000776,32.44171517,-0.5184704185,15.90606293,0.3818808844,1494333.175,Bear Trend,False,True
2020-03-21 00:00:00+00:00,133.49,137.49,125.69,132.66,1231842.111,ETHUSDT,23.0017136,36.97663246,161.206438,185.9811372,211.23,1520174.479,71.96193975,171.181,270.4000602,1.159229824,41.90936382,15.17287656,31.25294586,-0.5214285714,16.13335605,0.5000071944,1520174.479,Bear Trend,False,True
2020-03-22 00:00:00+00:00,132.63,137.13,121.1,122.32,1055699.865,ETHUSDT,22.50373406,34.61702335,157.5029677,183.484622,210.0044,1532456.898,68.4225541,165.6985,262.9744459,1.174131883,41.5392694,14.40087385,31.11968314,-0.5587301587,16.35702109,0.6526034804,1532456.898,Bear Trend,False,True
2020-03-23 00:00:00+00:00,122.31,137.5,119.5,135.92,1436796.124,ETHUSDT,22.18203877,40.03701943,155.447447,181.6193427,208.954,1567221.777,67.03965926,161.299,255.5583407,1.168752946,41.24926539,13.56617108,29.83114289,-0.5096681097,16.57543625,0.7366202181,1567221.777,Bear Trend,False,True
2020-03-24 00:00:00+00:00,135.89,143.36,132.2,138.42,1244377.163,ETHUSDT,21.39475029,41.00515051,153.8257854,179.9252509,207.9286,1607251.618,66.87925464,157.007,247.1347454,1.148072957,40.54071324,15.01713293,28.71967012,-0.5006493506,16.78094081,0.8074897165,1607251.618,Bear Trend,False,True
2020-03-25 00:00:00+00:00,138.42,142.33,132.54,136.1,1034248.744,ETHUSDT,20.56583955,40.3540165,152.1376154,178.2066136,206.8724,1628890.062,68.0932135,152.393,236.6927865,1.106347227,39.88277197,14.50651597,27.74313546,-0.4887686876,16.97725456,0.8849382087,1628890.062,Bear Trend,False,True
2020-03-26 00:00:00+00:00,136.11,139.74,133.26,138.4,751060.631,ETHUSDT,19.55970816,41.34836051,150.829271,176.6455699,205.5648,1635035.727,74.12062184,147.069,220.0173782,0.9920292945,39.2718265,14.16323659,27.08662728,-0.4506410511,17.15693876,0.9613120122,1635035.727,Bear Trend,False,True
2020-03-27 00:00:00+00:00,138.4,141.27,129.68,131.33,706948.5456,ETHUSDT,18.99044329,39.18583697,148.9721976,174.8684887,203.9276,1638695.709,81.49913114,141.774,202.0488689,0.8502951015,38.86641035,13.54581358,27.25237226,-0.478704402,17.32884789,0.9613120122,1638695.709,Bear Trend,False,True
2020-03-28 00:00:00+00:00,131.33,132.97,124.88,130.98,896032.1059,ETHUSDT,18.2118402,39.07687981,147.258655,173.1473715,202.0806,1619548.638,84.08673232,138.3515,192.6162677,0.7844478401,38.70571165,13.1160083,28.270267,-0.4800936768,17.49076352,0.9613120122,1619548.638,Bear Trend,False,True
2020-03-29 00:00:00+00:00,130.94,131.84,123.81,124.5,543997,ETHUSDT,17.4845659,37.02427732,145.091164,171.2396315,200.1096,1563681.896,88.71145937,134.436,180.1605406,0.680242504,38.60539726,12.68574496,27.77999688,-0.5058151074,17.64457803,0.9613120122,1563681.896,Bear Trend,False,True
2020-03-30 00:00:00+00:00,124.47,135.42,124.06,132.06,764831.9275,ETHUSDT,17.0470969,40.92310556,143.8501008,169.7031753,198.181,1550910.487,96.84899076,131.004,165.1590092,0.521434601,38.14482976,13.5819593,26.4576906,-0.4758067717,17.78179865,0.9613120122,1550910.487,Bear Trend,False,True
2020-03-31 00:00:00+00:00,132.09,135,130.38,132.72,547669.2779,ETHUSDT,16.15944712,41.26497863,142.7900912,168.2528547,196.3776,1524302.706,110.0291975,127.9095,145.7898025,0.2795773972,37.71715994,13.30459545,25.91738512,-0.4731869964,17.90209874,0.9613120122,1524302.706,Bear Trend,False,True
2020-04-01 00:00:00+00:00,132.72,136.99,128.62,135.69,680922.2475,ETHUSDT,15.60305804,42.86722665,142.113892,166.97588,194.3576,1367622.161,113.7040422,129.303,144.9019578,0.241277585,37.09742375,13.7058013,24.92431737,-0.4613980074,18.01775836,0.9613120122,1367622.161,Bear Trend,False,True
2020-04-02 00:00:00+00:00,135.65,149.76,135.01,141.28,1138977.661,ETHUSDT,15.54212533,45.86076463,142.0344737,165.9681985,191.8684,1191409.048,113.3247804,129.664,146.0032196,0.2520239938,35.23031325,18.64555333,23.23474479,-0.4392093042,18.12565657,0.9613120122,1191409.048,Bear Trend,False,True
2020-04-03 00:00:00+00:00,141.27,146.72,137.26,141.31,797546.1145,ETHUSDT,15.1076878,45.87715445,141.9654762,165.0012103,189.3282,1169402.609,113.856678,130.6025,147.348322,0.2564395324,33.49656779,17.81160263,22.19553554,-0.4390902235,18.22690729,0.9613120122,1169402.609,Bear Trend,False,True
2020-04-04 00:00:00+00:00,141.3,146.28,138.88,144.1,573508.1409,ETHUSDT,14.55713867,47.46986995,142.1687642,164.181555,186.5072,1132430.471,114.1995238,131.6185,149.0374762,0.2646888724,31.88666129,17.16486123,21.38961302,-0.4280157187,18.32150915,0.9613120122,1132430.471,Bear Trend,False,True
2020-04-05 00:00:00+00:00,144.1,145.58,140.68,142.68,414987.4525,ETHUSDT,13.86734305,46.71634905,142.2174533,163.3383567,184.0632,1031076.637,117.9368712,133.2015,148.4661288,0.2291960489,30.39174811,16.73163467,20.84975729,-0.433652205,18.39206802,0.921162198,1031076.637,Bear Trend,False,True
2020-04-06 00:00:00+00:00,142.69,172,142.6,171.32,1636338.731,ETHUSDT,14.97681855,60.37752807,144.9891244,163.6513624,182.3126,1048138.149,115.2192949,135.984,156.7487051,0.3053992389,29.66177047,26.98600561,17.92627323,-0.2778316402,18.47436078,0.8173714708,1048138.149,Range/Chop,False,True
2020-04-07 00:00:00+00:00,171.32,176.22,162.22,164.63,1717962.825,ETHUSDT,14.9070458,56.71936267,146.859684,163.6897403,180.2482,1073943.775,115.7322552,138.31,160.8877448,0.3264802949,29.24644203,27.1977747,16.72373629,-0.2108618541,18.55332311,0.732345172,1073943.775,Range/Chop,False,True
2020-04-08 00:00:00+00:00,164.62,174.48,163.59,173.11,1023575.921,ETHUSDT,14.62011395,60.02553219,149.3597141,164.0591623,178.0582,1035069.011,112.9916197,140.1505,167.3093803,0.3875673693,28.86077991,25.75072829,15.83395679,-0.1604752667,18.62231193,0.6008385525,1035069.011,Range/Chop,False,True
2020-04-09 00:00:00+00:00,173.15,173.38,165.19,169.52,719837.2442,ETHUSDT,14.1608201,58.00538477,151.2797413,164.2733128,176.2796,945857.9916,112.1493063,141.9525,171.7556937,0.4199037524,28.50266508,24.68693566,15.17983756,-0.165665912,18.68684918,0.4706691767,945857.9916,Range/Chop,False,True
2020-04-10 00:00:00+00:00,169.56,170.1,152.11,157.81,1314841.362,ETHUSDT,14.43433295,51.87292245,151.9016707,164.0198495,174.2966,950007.9542,112.9622384,143.21,173.4577616,0.4224252716,26.83200918,22.48920942,20.30113277,-0.1929941192,18.75268138,0.421164512,950007.9542,Range/Chop,False,True
2020-04-11 00:00:00+00:00,157.81,161.37,153.91,158.33,621599.6129,ETHUSDT,13.93616631,52.11502367,152.5138926,163.7967182,172.1578,928302.9416,115.6778503,145.0105,174.3431497,0.4045589762,25.28068585,21.62932187,19.52490756,-0.1015208262,18.79771604,0.4122313643,928302.9416,Range/Chop,False,True
2020-04-12 00:00:00+00:00,158.33,164.78,155,158.59,809100.2459,ETHUSDT,13.63929729,52.2443797,153.0925695,163.5925331,170.0982,896918.1477,116.5531538,146.144,175.7348462,0.4049546496,24.13659157,22.30732723,18.52488957,-0.1000453978,18.8051649,0.4047568129,896918.1477,Range/Chop,False,True
2020-04-13 00:00:00+00:00,158.56,158.97,150,156.29,1042091.036,ETHUSDT,13.30577605,50.93359637,153.3970867,163.3061593,167.7344,886803.8413,117.3544908,147.0375,176.7205092,0.4037474685,22.57004967,21.2331604,20.31697778,-0.1130972648,18.79703407,0.4041532223,886803.8413,Range/Chop,False,True
2020-04-14 00:00:00+00:00,156.28,161.85,155.23,158.45,698030.6509,ETHUSDT,12.82822062,52.14783358,153.8783165,163.1157217,165.593,869992.9367,118.5204077,148.155,177.7895923,0.4000484936,21.38453344,22.05409865,19.56807983,-0.1008398593,18.76537687,0.401897981,869992.9367,Range/Chop,False,True
2020-04-15 00:00:00+00:00,158.46,161.29,152,152.73,729119.665,ETHUSDT,12.57549058,48.7101512,153.768953,162.7084385,163.7142,868895.8884,119.5234219,148.8715,178.2195781,0.3942739631,19.94712246,20.89036912,20.37016464,-0.133299285,18.71543329,0.3971612284,868895.8884,Range/Chop,True,True
2020-04-16 00:00:00+00:00,152.74,174.79,148.33,172.29,1647207.6,ETHUSDT,13.56724125,58.72926269,155.5328623,163.084186,162.6814,915908.8411,121.0418016,150.9195,180.7971984,0.3959421858,19.78852887,25.08766854,17.53247564,-0.02230166837,18.65699758,0.3951080744,915908.8411,Range/Chop,False,True
2020-04-17 00:00:00+00:00,172.31,174.96,168.31,170.69,723537.7559,ETHUSDT,13.07315259,57.73573876,156.9763992,163.3824532,161.5394,907284.1236,123.3150385,152.905,182.4949615,0.3870371992,19.65452354,24.26901697,16.89545057,-0.03138122801,18.57878346,0.3909206662,907284.1236,Range/Chop,True,True
2020-04-18 00:00:00+00:00,170.61,189.54,170.48,187.4,1127296.37,ETHUSDT,13.50078455,64.4918002,159.873885,164.3243178,160.7522,936449.0921,125.8404995,156.05,186.2595005,0.3871771931,20.54131434,29.53554973,15.1917015,-0.01129049277,18.49565607,0.3873722812,936449.0921,Range/Chop,False,True
2020-04-19 00:00:00+00:00,187.4,188.35,175.75,180.03,995759.5775,ETHUSDT,13.43644279,59.94068595,161.793515,164.9402269,160.0086,947995.4746,128.6238999,158.4485,188.2731001,0.3764579671,21.36476294,27.55719912,14.17413074,-0.05017410573,18.39365683,0.3871071962,947995.4746,Range/Chop,False,True
2020-04-20 00:00:00+00:00,180.02,186.46,166.7,170.2,1547821.527,ETHUSDT,13.88812545,54.42404442,162.5941326,165.1464925,159.0564,998003.087,132.5612379,160.3225,188.0837621,0.3463177299,21.08753726,24.75660387,17.38817746,-0.1020365094,18.29985991,0.3871071962,998003.087,Range/Chop,False,True
2020-04-21 00:00:00+00:00,170.21,174.7,168,170.74,906381.654,ETHUSDT,13.37468792,54.67085033,163.3699295,165.3658457,157.8318,1009276.057,136.4087673,162.075,187.7412327,0.3167204403,20.83011341,23.87076613,16.76599584,-0.09918750659,18.2033223,0.3871071962,1009276.057,Range/Chop,False,True
2020-04-22 00:00:00+00:00,170.73,184,169.78,182.7,988698.3908,ETHUSDT,13.43506735,59.8560129,165.2108886,166.0456165,157.0076,1001762.094,138.8440029,164.146,189.4479971,0.3082864898,21.27663893,27.01051171,15.49845761,-0.03608736942,18.11773976,0.3871071962,1001762.094,Range/Chop,False,True
2020-04-23 00:00:00+00:00,182.7,193.63,178.16,185.51,1457867.087,ETHUSDT,13.58041969,60.98522049,167.1441373,166.8089256,156.2326,1034778.142,141.7056009,166.356,191.0063991,0.2963571991,22.28927732,29.87780887,14.23739234,-0.04193565047,18.03923454,0.3871071962,1034778.142,Range/Chop,False,True
2020-04-24 00:00:00+00:00,185.57,189.8,184.72,187.59,780904.2126,ETHUSDT,12.97324685,61.84086525,169.0913623,167.6238697,155.4168,1045147.946,144.4506533,168.5305,192.6103467,0.2857624791,23.22958439,29.04213708,13.83917749,-0.0311935134,17.94844397,0.3871071962,1045147.946,Range/Chop,False,True
2020-04-25 00:00:00+00:00,187.6,198.36,185.76,194.21,866478.0493,ETHUSDT,12.94658636,64.50873806,171.4836135,168.6664631,154.4034,1067722.476,147.6224671,171.107,194.5915329,0.2745011352,24.59067658,31.7459335,12.87712778,-0.02092155677,17.85320988,0.3871071962,1067722.476,Range/Chop,False,True
2020-04-26 00:00:00+00:00,194.21,200,192.3,197.38,758525.8153,ETHUSDT,12.57183019,65.74380825,173.949936,169.7924841,153.6064,1023831.83,146.2799966,172.41,198.5400034,0.3031147085,25.94264589,31.28888169,12.31377143,-0.0131,17.73268298,0.3871071962,1023831.83,Bull Trend,False,True
2020-04-27 00:00:00+00:00,197.39,199.05,189.29,196.34,896627.3727,ETHUSDT,12.37098518,64.94530495,176.0823231,170.8335632,153.5446,982765.0575,146.1540715,173.9955,201.8369285,0.3200246956,26.78259138,29.5256575,13.35779032,-0.0183,17.59869372,0.3871071962,982765.0575,Bull Trend,False,True
2020-04-28 00:00:00+00:00,196.33,198.5,192.36,196.24,636829.894,ETHUSDT,11.92591481,64.86372656,178.0021018,171.829894,153.4132,963427.7562,145.6799471,175.152,204.6240529,0.3365311607,27.56254075,28.43986156,12.86656216,-0.0188,17.45698941,0.3817475831,963427.7562,Bull Trend,False,True
2020-04-29 00:00:00+00:00,196.24,218.77,196.22,215.36,1620422.724,ETHUSDT,12.68477804,72.08399283,181.5599969,173.536957,153.7064,1008457.03,143.3180331,177.444,211.5699669,0.3846392877,29.35662366,36.24269601,11.23276491,-0.01558714632,17.33320445,0.3805486274,1008457.03,Bull Trend,False,True
2020-04-30 00:00:00+00:00,215.4,227.3,202,206.08,1749691.002,ETHUSDT,13.58586532,65.0924517,183.8952353,174.8131548,153.9358,1030199.512,144.8120011,179.8575,214.9029989,0.3897029473,31.35464986,35.9065262,9.738622994,-0.09335679718,17.22989223,0.3805486274,1030199.512,Bull Trend,False,True
2020-05-01 00:00:00+00:00,206.07,217.14,205.91,212.02,794913.9583,ETHUSDT,13.41758923,67.28006081,186.5737843,176.2722468,156.0198,1038865.229,146.2989391,182.542,218.7850609,0.3970928434,33.2099599,33.75992869,9.156419534,-0.06722393313,17.12550707,0.3805486274,1038865.229,Bull Trend,False,True
2020-05-02 00:00:00+00:00,212.01,215.37,210.36,213.9,443494.6725,ETHUSDT,12.81704714,67.96435049,189.176281,177.7478449,157.6166,1020584.951,148.3630461,185.3075,222.2519539,0.3987367367,34.93274779,32.81733782,8.900768595,-0.05895292565,17.01919704,0.3805486274,1020584.951,Bull Trend,False,True
2020-05-03 00:00:00+00:00,213.89,219.3,203.92,209.86,748383.9131,ETHUSDT,13.0001152,64.82680298,191.146159,179.0071451,159.363,1005899.595,152.0923067,187.986,223.8796933,0.3818762383,35.57961543,30.04411704,11.68704159,-0.07672679278,16.9285282,0.3791671027,1005899.595,Bull Trend,False,True
2020-05-04 00:00:00+00:00,209.86,210.65,194.88,206.48,1114249.327,ETHUSDT,13.19796411,62.23808134,192.6065248,180.084512,161.017,1026710.528,156.3401953,190.3875,224.4348047,0.3576632359,35.01174701,27.47989186,15.58209772,-0.09159700836,16.85137143,0.3670606015,1026710.528,Bull Trend,False,True
2020-05-05 00:00:00+00:00,206.47,211.68,201,205.29,640644.6627,ETHUSDT,13.01810953,61.30980848,193.8144749,181.0729625,162.9024,1022286.778,163.1425547,193.0155,222.8884453,0.3095393403,34.55551515,26.4347256,14.66899167,-0.09683238011,16.77121395,0.3519904829,1022286.778,Bull Trend,False,True
2020-05-06 00:00:00+00:00,205.3,210.77,197.71,198.97,862700.6785,ETHUSDT,13.02110171,56.49085834,194.3054773,181.7748071,164.5684,983061.4322,165.9513209,194.3495,222.7476791,0.2922382527,33.71696521,24.54089026,15.42283928,-0.1246370436,16.69336533,0.3414244453,983061.4322,Bull Trend,False,True
2020-05-07 00:00:00+00:00,198.92,215.1,196.43,212,1305778.738,ETHUSDT,13.42459445,62.95567458,195.9906699,182.9601088,166.4462,1012173.481,169.2167453,196.415,223.6132547,0.276946819,33.26996657,24.40692281,13.89076634,-0.06731192257,16.59362495,0.3282779282,1012173.481,Bull Trend,False,True
2020-05-08 00:00:00+00:00,212.01,216.61,206.9,211.31,917908.1944,ETHUSDT,13.15926627,62.42669927,197.4496537,184.0718692,167.9464,1001704.073,170.003502,197.6105,225.217498,0.2794082097,32.96937202,23.94016198,13.15864052,-0.07034755829,16.49040174,0.318372568,1001704.073,Bull Trend,False,True
2020-05-09 00:00:00+00:00,211.32,214.6,208.4,210.07,587871.9807,ETHUSDT,12.66217582,61.4277976,198.6515915,185.0914038,169.4782,981309.6927,172.2358307,199.1125,225.9891693,0.2699646616,32.6902485,23.10285946,12.69841962,-0.07580290365,16.38924209,0.3131298903,981309.6927,Bull Trend,False,True
2020-05-10 00:00:00+00:00,210.09,210.18,179.59,187.54,1473226.055,ETHUSDT,13.94273469,46.78091322,197.5933447,185.1874271,170.5758,977579.9191,175.9181904,199.9795,224.0408096,0.2406377612,31.306351,19.48235394,25.46777021,-0.1749230092,16.30618908,0.308912915,977579.9191,Range/Chop,False,True
2020-05-11 00:00:00+00:00,187.62,193.5,176,185.73,1093299.819,ETHUSDT,14.19682507,45.83536631,196.4635023,185.2087045,171.844,986925.8273,179.6027226,200.729,221.8552774,0.2104955177,30.28261457,17.76697446,25.03162652,-0.1828860537,16.13758034,0.3057005991,986925.8273,Range/Chop,False,True
2020-05-12 00:00:00+00:00,185.8,192.24,185.48,189.76,669755.7957,ETHUSDT,13.66562328,48.33909656,195.8250735,185.3871867,172.9208,970978.6976,180.9604696,201.082,221.2035304,0.2001325863,29.33200217,17.13920137,24.14716634,-0.1651561813,15.92515793,0.2997359538,970978.6976,Range/Chop,False,True
2020-05-13 00:00:00+00:00,189.77,201,188.35,199.58,806143.007,ETHUSDT,13.59307876,53.92769371,196.1826856,185.9437676,174.144,938392.4936,182.9480347,201.7855,220.6229653,0.186707819,27.5578592,20.60309183,22.54203405,-0.1219533656,15.72549189,0.2976764806,938392.4936,Range/Chop,False,True
2020-05-14 00:00:00+00:00,199.61,206.02,195.67,203.29,1114700.249,ETHUSDT,13.36143028,55.87001767,196.8595727,186.624012,175.4878,955082.2954,184.8918276,202.5705,220.2491724,0.1745434052,25.72952544,22.14675677,21.29478706,-0.1056313242,15.53652819,0.2976764806,955082.2954,Bull Trend,False,True
2020-05-15 00:00:00+00:00,203.29,204.08,191.66,194.86,904749.6357,ETHUSDT,13.29418526,50.64533944,196.6691372,186.9469919,176.617,956995.8747,184.9836355,202.603,220.2223645,0.1739299464,24.11912179,20.66886725,22.02829112,-0.1427188737,15.34819284,0.2976764806,956995.8747,Range/Chop,False,True
2020-05-16 00:00:00+00:00,194.87,203.5,193.21,200.45,669900.0375,ETHUSDT,13.0796006,53.73494301,197.0292193,187.4765217,177.9994,952564.5858,185.2688217,202.7565,220.2441783,0.1724993109,22.62374697,19.50739314,20.79042504,-0.1181258249,15.17196478,0.2858232312,952564.5858,Range/Chop,False,True
2020-05-17 00:00:00+00:00,200.44,209.85,199.68,207,708711.8932,ETHUSDT,12.87177198,57.12200564,197.9788175,188.2421483,179.5198,943168.8119,185.9675573,203.2895,220.6114427,0.1704165016,21.40544307,21.93024643,19.61710105,-0.08930928289,15.01014587,0.2781775143,943168.8119,Range/Chop,False,True
2020-05-18 00:00:00+00:00,207.02,217.07,207,214.91,1064139.248,ETHUSDT,12.67164541,60.8495808,199.5913111,189.2879464,181.328,964534.2796,186.5133381,204.223,221.9326619,0.1734345483,20.9087536,24.75523991,18.50356764,-0.05450945886,14.83893307,0.2734557403,964534.2796,Range/Chop,False,True
2020-05-19 00:00:00+00:00,214.92,215.95,209.45,214.58,643702.9885,ETHUSDT,12.2308136,60.61283695,201.0188052,190.2797916,182.9784,915698.2928,186.5694328,204.184,221.7985672,0.1725362139,20.44754196,23.81552284,17.80116612,-0.05596128465,14.64505689,0.2553012114,915698.2928,Range/Chop,False,True
2020-05-20 00:00:00+00:00,214.6,215.75,204.27,209.98,679532.6104,ETHUSDT,12.17718405,57.26809645,201.8722524,191.0523488,184.5236,862190.3732,186.5992183,204.379,222.1587817,0.1739883419,19.42576731,22.21180817,19.64092182,-0.07619885614,14.46464807,0.2255666394,862190.3732,Range/Chop,True,True
2020-05-21 00:00:00+00:00,209.99,211.64,191.71,198.74,1003923.434,ETHUSDT,12.73095662,50.00671418,201.5739426,191.3538253,185.7846,872640.847,186.1354738,203.715,221.2945262,0.1725894132,18.80767046,19.72809101,24.49162019,-0.1256489221,14.30176844,0.205314052,872640.847,Range/Chop,True,True
2020-05-22 00:00:00+00:00,198.72,209.19,196.24,207.36,787672.3608,ETHUSDT,12.74660258,54.74576552,202.1249957,191.9815184,187.1062,889849.7314,186.3432828,203.388,220.4327172,0.1676078941,18.23372338,18.29645587,22.71430357,-0.08772547294,14.14451118,0.1934202026,889849.7314,Range/Chop,True,True
2020-05-23 00:00:00+00:00,207.36,211.2,204.55,206.6,478559.9201,ETHUSDT,12.31113097,54.25741702,202.5511866,192.5547922,188.412,876358.5318,186.3696703,203.225,220.0803297,0.1658785063,17.4734696,18.75671629,21.83791827,-0.09106907171,13.99311752,0.1806256121,876358.5318,Range/Chop,True,True
2020-05-24 00:00:00+00:00,206.6,210.55,199.5,199.9,673535.0578,ETHUSDT,12.22105018,50.02118991,202.2986926,192.8428396,189.528,854322.8183,186.0507842,202.896,219.7412158,0.1660477862,17.24358014,17.54533036,23.37911738,-0.1205455345,13.8540377,0.1742658736,854322.8183,Range/Chop,True,True
2020-05-25 00:00:00+00:00,199.9,205.67,198.01,204.15,469931.6249,ETHUSDT,11.89526088,52.55187433,202.4750076,193.2862576,190.7574,845787.1664,186.0188765,202.839,219.6591235,0.1658470367,17.16732331,16.7383029,23.19846897,-0.1018477783,13.72629691,0.1739591441,845787.1664,Range/Chop,True,True
2020-05-26 00:00:00+00:00,204.22,205,196.9,200.89,477176.7353,ETHUSDT,11.62417082,50.44199467,202.3240545,193.5844436,191.3488,826510.9692,186.1825202,202.935,219.6874798,0.1651019274,17.20222841,15.90518508,22.72588473,-0.1161900572,13.6035257,0.1736822473,826510.9692,Range/Chop,True,True
2020-05-27 00:00:00+00:00,200.92,208.44,200.76,208.29,494816.7273,ETHUSDT,11.34244433,54.87116518,202.8922398,194.1611321,192.222,785962.8687,186.3236576,202.7495,219.1753424,0.1620309043,16.76697379,17.30226476,21.62675912,-0.08363396392,13.48903577,0.1730119808,785962.8687,Range/Chop,True,True
2020-05-28 00:00:00+00:00,208.29,220.5,204.67,220.21,643945.9777,ETHUSDT,11.66298402,60.92869689,204.5415503,195.1826563,193.164,772264.7579,185.4368656,203.1945,220.9521344,0.1747845969,16.15377303,23.01083292,19.53006711,-0.03119225693,13.39200941,0.1730119808,772264.7579,Range/Chop,False,True
2020-05-29 00:00:00+00:00,220.24,224.79,217.57,220.67,603058.0759,ETHUSDT,11.34562802,61.14544225,206.0775931,196.18216,194.187,773024.0626,184.5977099,203.7245,222.8512901,0.1877711329,15.99337957,24.66572957,18.64233003,-0.02916849978,13.29698492,0.1730119808,773024.0626,Range/Chop,False,True
2020-05-30 00:00:00+00:00,220.63,247,218.8,243.66,1019550.751,ETHUSDT,12.54951173,70.0791487,209.65687,198.0440361,195.904,750340.2974,182.0168145,206.5305,231.0441855,0.2373856214,17.43096918,33.34806182,15.65010373,-0.01352226721,13.23681933,0.1730119808,750340.2974,Range/Chop,False,True
2020-05-31 00:00:00+00:00,243.71,245.39,229.58,231.57,821608.6888,ETHUSDT,12.78240375,62.0051367,211.7438347,199.3587798,197.3688,736755.7409,183.9473945,208.8225,233.6976055,0.2382416217,18.76587381,30.40186402,14.26746562,-0.06246963563,13.18980843,0.1730119808,736755.7409,Range/Chop,False,True
2020-06-01 00:00:00+00:00,231.56,250.68,230.66,248.23,823816.6994,ETHUSDT,13.29937491,67.55281182,215.2187076,201.2752982,199.1616,744458.7861,183.0667759,211.746,240.4252241,0.2708832669,20.30897925,29.97410322,12.73337278,-0.009773416308,13.15242926,0.1730119808,744458.7861,Range/Chop,False,True
2020-06-02 00:00:00+00:00,248.23,253.8,225,237.71,955520.9186,ETHUSDT,14.40656242,61.45123383,217.3607355,202.70411,200.79,751927.6817,183.4335908,213.6525,243.8714092,0.2828790604,21.02801476,25.694039,13.72140894,-0.0633963751,13.14074383,0.1730119808,751927.6817,Range/Chop,False,True
2020-06-03 00:00:00+00:00,237.71,245,232.71,244.52,502928.1337,ETHUSDT,14.25537939,63.7347568,219.9473321,204.3439489,202.5114,721339.0759,183.0755629,215.714,248.3524371,0.3026084269,21.69569058,24.11178047,12.8764341,-0.0365642238,13.13571451,0.1730119808,721339.0759,Range/Chop,False,True
2020-06-04 00:00:00+00:00,244.54,246.6,236,243.21,669369.3392,ETHUSDT,13.99428086,62.96210643,222.1628243,205.8681077,204.321,709570.0611,184.8731403,218.1315,251.3898597,0.3049386239,22.42911051,23.62390324,12.17977093,-0.04172576832,13.13783014,0.1730119808,709570.0611,Range/Chop,False,True
2020-06-05 00:00:00+00:00,243.22,247.87,239.14,240.03,502547.411,ETHUSDT,13.6182608,61.02801742,223.86446,207.2077898,205.6758,701202.4298,186.5868591,220.1105,253.6341409,0.3046073758,23.20308475,23.20830226,11.62206703,-0.05425531915,13.11518751,0.1737114451,701202.4298,Range/Chop,False,True
2020-06-06 00:00:00+00:00,240.04,244.7,237.83,241.94,389423.078,ETHUSDT,13.13624217,61.78728702,225.58594,208.5698372,207.1008,685237.989,187.614912,221.8575,256.100088,0.3086899296,23.72375665,22.34133854,11.90023094,-0.04672970843,13.08567412,0.1743864694,685237.989,Range/Chop,False,True
2020-06-07 00:00:00+00:00,241.94,245.37,234.6,244.56,571102.5552,ETHUSDT,12.96722487,62.85629594,227.3929934,209.9812162,208.244,660586.1544,187.8831141,223.34,258.7968859,0.3175148736,23.71932557,21.01592984,12.97345602,-0.03640661939,13.05812597,0.1812778649,660586.1544,Range/Chop,False,True
2020-06-08 00:00:00+00:00,244.57,247.7,240.59,246.4,383116.5472,ETHUSDT,12.54885167,63.62589926,229.2031845,211.4094038,209.5714,647556.8323,188.3513494,224.931,261.5106506,0.3252521935,23.92828257,21.49165202,12.44841497,-0.02915681639,13.03125983,0.2125783772,647556.8323,Range/Chop,False,True
2020-06-09 00:00:00+00:00,246.37,249.82,238,243.8,420327.1713,ETHUSDT,12.49679084,61.6811032,230.5933574,212.6796232,211.0434,634596.5604,189.8370267,226.622,263.4069733,0.3246372669,23.71806942,20.03967167,13.0877776,-0.03940110323,12.99896746,0.2378136216,634596.5604,Range/Chop,False,True
2020-06-10 00:00:00+00:00,243.79,250.28,242,247.78,431285.6172,ETHUSDT,12.19559149,63.51932296,232.2301805,214.0561086,212.5842,605964.6695,193.5333746,229.074,264.6146254,0.3102982043,23.57070272,19.33726046,12.45308222,-0.02371946414,12.96995788,0.2545624443,605964.6695,Range/Chop,False,True
2020-06-11 00:00:00+00:00,247.78,250.09,226.2,230.51,816456.8916,ETHUSDT,13.03090638,51.88764561,232.0663538,214.7013592,213.5404,607403.8961,196.1156724,230.2315,264.3473276,0.2963610763,22.41422237,16.80499964,19.48304965,-0.09176516942,12.95981803,0.2768811637,607403.8961,Range/Chop,False,True
2020-06-12 00:00:00+00:00,230.46,239.38,228.19,237.55,446515.3412,ETHUSDT,12.89941307,55.46760075,232.5886058,215.5973844,214.5812,605801.6671,199.3239049,231.779,264.2340951,0.2800520761,21.34034777,15.76371225,18.27582238,-0.06402679275,12.95304531,0.2814655683,605801.6671,Range/Chop,False,True
2020-06-13 00:00:00+00:00,237.55,238.73,234.66,238.11,253797.7809,ETHUSDT,12.26874071,55.74965826,233.1144529,216.480232,215.5916,584814.8033,204.6465088,233.6895,262.7324912,0.2485605149,20.34317849,15.39018277,17.84276713,-0.06182033097,12.94372065,0.2814655683,584814.8033,Range/Chop,False,True
2020-06-14 00:00:00+00:00,238.13,238.59,229.83,231.77,304943.2119,ETHUSDT,12.01811637,51.75311967,232.9864097,217.0798308,216.3428,576565.3826,209.3394452,235.0705,260.8015548,0.2189220235,19.96974217,14.58890436,19.78446289,-0.08680063042,12.93443108,0.2814655683,576565.3826,Range/Chop,True,True
2020-06-15 00:00:00+00:00,231.74,233.55,218.27,230.86,875026.9206,ETHUSDT,12.25110806,51.18592883,232.7838945,217.6202296,217.0124,596457.8919,216.0022911,236.569,257.1357089,0.173874928,20.69694618,13.28920584,24.7618168,-0.09038613081,12.91249552,0.2814655683,596457.8919,Range/Chop,False,True
2020-06-16 00:00:00+00:00,230.86,236,228.7,235.3,499194.6676,ETHUSDT,11.89745748,53.84388712,233.0235236,218.3135539,217.7916,596676.7889,221.9171308,237.9195,253.9218692,0.1345191896,21.01097424,14.17768376,23.67658335,-0.07289204098,12.89290061,0.2814655683,596676.7889,Range/Chop,False,True
2020-06-17 00:00:00+00:00,235.31,237.3,227.65,233.82,478187.2917,ETHUSDT,11.73692481,52.81161078,233.0993785,218.9216498,218.5432,588388.8546,224.6407952,238.6,252.5592048,0.1170092611,21.10848333,14.13621118,22.28610578,-0.07872340426,12.86350294,0.2814655683,588388.8546,Range/Chop,False,True
2020-06-18 00:00:00+00:00,233.82,234.65,227.93,231.27,334347.7992,ETHUSDT,11.37857303,50.99746854,232.925152,219.4058989,218.8614,574953.3408,227.2900422,239.13,250.9699578,0.0990252814,21.19902748,13.53988145,21.34597641,-0.08877068558,12.82920511,0.2814655683,574953.3408,Range/Chop,False,True
2020-06-19 00:00:00+00:00,231.26,231.95,226.74,229,397284.5981,ETHUSDT,10.93796067,49.3715853,232.551328,219.7821381,219.3198,543840.0331,225.9690217,238.397,250.8249783,0.1042628747,21.4080819,13.0792133,21.39683117,-0.09771473601,12.7800357,0.2814655683,543840.0331,Range/Chop,False,True
2020-06-20 00:00:00+00:00,229,230.85,225.62,228.89,303704.9883,ETHUSDT,10.5302492,49.28957897,232.2026301,220.1393092,219.6572,517944.8481,225.4904574,238.263,251.0355426,0.1072138148,21.72325714,12.61521474,21.39747267,-0.09814814815,12.73262839,0.2814655683,517944.8481,Range/Chop,False,True
2020-06-21 00:00:00+00:00,228.88,231.49,227.11,228.04,256305.2373,ETHUSDT,10.09094568,48.61757094,231.8061891,220.4491402,219.94,489569.275,224.6006264,237.2535,249.9063736,0.1066612179,21.89406253,12.67711861,20.73407081,-0.1014972419,12.67689303,0.2814655683,489569.275,Range/Chop,False,True
2020-06-22 00:00:00+00:00,228.03,246.89,227.51,243.13,749030.1111,ETHUSDT,10.75444956,59.24164327,232.8846473,221.3385857,220.6054,479244.7346,224.6145651,237.5245,250.4344349,0.1087040275,20.91276536,21.27367627,18.06523333,-0.04204097715,12.62979353,0.2643062955,479244.7346,Range/Chop,False,True
2020-06-23 00:00:00+00:00,243.11,244.87,240.75,243.14,442296.3148,ETHUSDT,10.28056031,59.24765673,233.8613476,222.1935431,221.3386,476213.1437,224.6818263,237.4555,250.2291737,0.1075879368,20.00156084,20.66470761,17.54810781,-0.04200157604,12.58491542,0.2337412692,476213.1437,Range/Chop,False,True
2020-06-24 00:00:00+00:00,243.15,249.24,231.07,234.58,921634.0534,ETHUSDT,10.84409172,52.15423504,233.9297906,222.6792865,221.9244,488826.3794,224.4759796,237.024,249.5720204,0.1058797455,19.22128634,18.19148633,21.82397723,-0.07572892041,12.54987384,0.1963984758,488826.3794,Range/Chop,True,True
2020-06-25 00:00:00+00:00,234.57,235.39,227.56,232.5,613748.5935,ETHUSDT,10.62879945,50.56988613,233.7936201,223.0644125,222.595,494386.4385,224.0311648,236.6475,249.2638352,0.1066255527,18.8771714,17.23425325,23.03442342,-0.08392434988,12.51748999,0.1541970588,494386.4385,Range/Chop,True,True
2020-06-26 00:00:00+00:00,232.49,233.61,227.75,229.64,628340.0701,ETHUSDT,10.28817092,48.39302175,233.3980372,223.3222787,222.9478,506332.2881,223.3093748,236.0325,248.7556252,0.1078082485,18.55763609,16.53308236,22.09727419,-0.09519306541,12.48277642,0.1257642254,506332.2881,Range/Chop,True,True
2020-06-27 00:00:00+00:00,229.66,231.42,216,220.94,645950.6144,ETHUSDT,10.65473014,42.41211261,232.2115575,223.228856,223.1404,510074.6911,221.1653051,234.8515,248.5376949,0.1165519054,19.39374679,14.82398142,27.69009555,-0.1294720252,12.46159001,0.1167805832,510074.6911,Range/Chop,True,True
2020-06-28 00:00:00+00:00,220.94,227.96,218.32,224.93,444766.5688,ETHUSDT,10.58224941,45.72511466,231.5180758,223.2955675,223.4376,513157.1922,220.5222094,233.778,247.0337906,0.1134049447,20.17013529,13.85940672,25.88834169,-0.113750985,12.42654787,0.1149784251,513157.1922,Range/Chop,False,True
2020-06-29 00:00:00+00:00,224.89,229.96,221.26,227.93,597915.5224,ETHUSDT,10.44780303,48.1408481,231.1763543,223.47731,224.2454,522036.6097,220.3374,232.9845,245.6316,0.1085660207,20.56275406,14.40239963,24.34851986,-0.1019306541,12.37424683,0.1110544861,522036.6097,Range/Chop,False,True
2020-06-30 00:00:00+00:00,227.98,228.7,222.91,225.6,415036.0298,ETHUSDT,10.11510281,46.41298647,230.645273,223.5605527,225.0428,521224.1303,220.823151,231.8755,242.927849,0.09533002863,20.92732862,13.81353552,23.35299344,-0.1111111111,12.31920539,0.1086350241,521224.1303,Range/Chop,False,True
2020-07-01 00:00:00+00:00,225.59,232.71,224.16,230.99,517351.5886,ETHUSDT,10.00330975,50.8112248,230.6781041,223.8519036,225.8674,506268.8652,220.8570356,231.8995,242.9419644,0.095234913,20.58521209,15.83354032,21.92726465,-0.08987391647,12.27230977,0.1081871346,506268.8652,Range/Chop,False,True
2020-07-02 00:00:00+00:00,230.99,232.01,222.87,226.46,592485.9112,ETHUSDT,9.941644771,47.29762225,230.2763799,223.9541819,226.405,513567.3937,220.3796847,231.345,242.3103153,0.09479621619,20.42086645,14.79376872,21.41416186,-0.09517340579,12.22133526,0.1076980927,513567.3937,Range/Chop,False,True
2020-07-03 00:00:00+00:00,226.46,228.13,223.97,224.87,314578.5004,ETHUSDT,9.528670144,46.09283599,229.7614866,223.9900963,226.8366,516606.4297,219.8332422,230.683,241.5327578,0.09406638361,20.26825979,14.33243858,20.74638082,-0.1015262906,12.16018036,0.1074008758,516606.4297,Range/Chop,False,True
2020-07-04 00:00:00+00:00,224.86,230.71,224.43,229.17,307726.4659,ETHUSDT,9.296622277,49.81583894,229.7051545,224.1932298,227.5228,516745.5924,219.6961513,230.553,241.4098487,0.09418093639,19.653022,15.6231707,19.74534696,-0.084345533,12.09815557,0.1069375163,516745.5924,Range/Chop,True,True
2020-07-05 00:00:00+00:00,229.24,229.85,223.05,227.56,355747.1201,ETHUSDT,9.118292114,48.46616865,229.5008541,224.32526,228.065,490781.6023,219.4547926,230.388,241.3212074,0.09491125751,19.27908498,14.79095376,19.77457895,-0.09077832827,12.03310875,0.1066433853,490781.6023,Range/Chop,True,True
2020-07-06 00:00:00+00:00,227.54,242,226.93,241.6,864817.507,ETHUSDT,9.543414106,58.91886989,230.6531537,225.0027008,228.757,509062.7443,218.8939203,230.703,242.5120797,0.1023747392,18.74136607,22.21642102,17.54414846,-0.0346811571,11.96842241,0.1062526491,509062.7443,Range/Chop,True,True
2020-07-07 00:00:00+00:00,241.6,243.77,234.4,239.39,600424.9721,ETHUSDT,9.531027384,56.96039091,231.4852343,225.5669086,229.2466,515174.6283,218.6407638,230.9815,243.3222362,0.1068547589,18.46040154,21.98283906,16.31216711,-0.04351126738,11.90795176,0.1062526491,515174.6283,Range/Chop,False,True
2020-07-08 00:00:00+00:00,239.39,248.88,237.78,246.95,958185.8371,ETHUSDT,9.643096857,61.65584775,232.9580691,226.4054612,229.894,546366.5302,217.594505,231.7655,245.936495,0.122287355,18.79113151,23.96049721,14.97097783,-0.01330509829,11.85763378,0.1066433853,546366.5302,Range/Chop,False,True
2020-07-09 00:00:00+00:00,246.94,247.9,237.88,241.98,647641.5829,ETHUSDT,9.67001851,57.2351423,233.8173006,227.0162274,230.534,558884.3795,217.6337727,232.4145,247.1952273,0.1271928153,19.09823791,22.18709107,13.86291969,-0.0331628576,11.78642184,0.1067579884,558884.3795,Range/Chop,False,True
2020-07-10 00:00:00+00:00,241.97,242.16,235.72,241.26,455025.1238,ETHUSDT,9.439302902,56.60198769,234.5261292,227.5748068,231.3844,566450.3862,217.8638245,233.033,248.2021755,0.1301890758,18.9834144,21.1058606,14.82184944,-0.03530728938,11.7071298,0.1067579884,566450.3862,Range/Chop,False,True
2020-07-11 00:00:00+00:00,241.27,241.67,237.54,239.19,294476.0063,ETHUSDT,9.06006698,54.72753104,234.9703073,228.0303045,232.021,568358.9247,218.3768095,233.5905,248.8041905,0.130259497,18.87679258,20.41864395,14.33924312,-0.04032258065,11.63037053,0.1072213479,568358.9247,Range/Chop,False,True
2020-07-12 00:00:00+00:00,239.19,244,236.52,242.79,469315.1172,ETHUSDT,8.947205053,57.37152439,235.71504,228.6091161,232.7448,554373.175,218.4017838,233.5735,248.7452162,0.1299095672,19.09515413,21.05945495,13.48296982,-0.02587867116,11.5529393,0.1072213479,554373.175,Range/Chop,False,True
2020-07-13 00:00:00+00:00,242.76,245.33,237.33,239.5,604093.0424,ETHUSDT,8.879547549,54.25314346,236.0755124,229.0362096,233.5368,562463.0114,218.6006389,233.3915,248.1823611,0.1267472128,19.47659151,20.77408295,12.61529564,-0.03907879955,11.47824126,0.1073315037,562463.0114,Range/Chop,False,True
2020-07-14 00:00:00+00:00,239.5,242.09,237,240.44,426320.8919,ETHUSDT,8.608865582,55.00564509,236.4911778,229.4834171,234.2626,537697.3533,218.5821843,233.6845,248.7868157,0.129253893,19.75532901,19.89674749,12.35632793,-0.0353073343,11.4001526,0.1081871346,537697.3533,Range/Chop,False,True
2020-07-15 00:00:00+00:00,240.45,241.45,236.83,238.61,368350.6652,ETHUSDT,8.323946612,53.17191092,236.6929704,229.8413223,235.017,525427.4569,218.7493268,233.99,249.2306732,0.1302677312,19.97284615,19.10794778,12.01234416,-0.04264965495,11.3208917,0.1109854827,525427.4569,Range/Chop,False,True
2020-07-16 00:00:00+00:00,238.59,239.39,230.02,233.57,587161.7389,ETHUSDT,8.398664711,48.3875205,236.3955447,229.9875449,235.5226,523368.5403,219.0744369,234.1865,249.2985631,0.1290600705,18.69939815,17.58524424,16.846823,-0.06287112823,11.24633991,0.1149784251,523368.5403,Range/Chop,False,True
2020-07-17 00:00:00+00:00,233.58,234.84,231.65,232.67,325600.2144,ETHUSDT,8.026617231,47.56447525,236.0407309,230.0927393,235.7718,507351.0203,220.9034461,234.773,248.6425539,0.1181528868,17.51691073,17.08603973,16.36858057,-0.0664821056,11.16892277,0.1157789158,507351.0203,Range/Chop,False,True
2020-07-18 00:00:00+00:00,232.66,236.8,232.32,235.67,341356.6182,ETHUSDT,7.773287429,50.58192205,236.0054232,230.3114554,236.0718,502180.5228,222.1953121,235.31,248.4246879,0.1114673235,16.79047043,18.18370496,15.69474137,-0.05444551436,11.09463067,0.1148101052,502180.5228,Range/Chop,True,True
2020-07-19 00:00:00+00:00,235.67,239.92,233.28,239.11,348803.5207,ETHUSDT,7.692338327,53.86066383,236.3010972,230.6564963,235.9808,489724.9227,223.1120319,235.869,248.6259681,0.1081699429,16.66867969,19.95968545,14.72705231,-0.04064355641,11.01988324,0.1148101052,489724.9227,Range/Chop,True,True
2020-07-20 00:00:00+00:00,239.12,239.72,234.05,236.01,396657.9194,ETHUSDT,7.547885589,50.60244111,236.2733736,230.8664376,236.0696,488806.0172,224.5332755,236.3895,248.2457245,0.1003109231,16.55558828,18.8887004,13.93683681,-0.05308136736,10.93349872,0.1148101052,488806.0172,Range/Chop,True,True
2020-07-21 00:00:00+00:00,236,246.66,235.57,245.59,637462.0807,ETHUSDT,7.800893762,58.8807678,237.1606714,231.4438322,236.0168,494811.5418,224.8909523,237.1195,249.3480477,0.103142489,17.52577778,23.32522787,12.52161875,-0.01464451934,10.85107024,0.1148101052,494811.5418,Range/Chop,True,True
2020-07-22 00:00:00+00:00,245.53,269.61,241.51,263.74,718417.683,ETHUSDT,9.250829921,69.35806143,239.692036,232.7103486,236.5374,501108.1304,223.0259121,238.9835,254.9410879,0.1335455199,20.357829,35.98479549,9.804816275,-0.02177218946,10.80006523,0.1202201209,501108.1304,Range/Chop,False,True
2020-07-23 00:00:00+00:00,263.75,279.98,259.7,275.3,1068774.579,ETHUSDT,10.03862778,73.91667661,243.0832707,234.380531,237.153,538817.9343,220.2176277,241.505,262.7923723,0.1762892885,23.47235464,38.17083948,8.389983787,-0.01671547968,10.76369152,0.1245172839,538817.9343,Range/Chop,False,True
2020-07-24 00:00:00+00:00,275.31,287.34,266,279.15,926033.0669,ETHUSDT,10.84586866,75.23794474,246.5181973,236.1361965,237.8718,569733.2644,217.9047476,244.004,270.1032524,0.2139247914,26.64253098,37.65342249,7.210849793,-0.02850281896,10.74620165,0.1269700141,569733.2644,Bull Trend,False,True
2020-07-25 00:00:00+00:00,279.15,308.94,279.09,305.26,1058927.306,ETHUSDT,12.20330661,81.92502535,252.1126547,238.8469339,239.1764,604892.2737,211.5960729,247.889,284.1819271,0.2928159546,30.17072516,43.71761811,5.95098127,-0.01191169806,10.75585391,0.1281264429,604892.2737,Bull Trend,False,True
2020-07-26 00:00:00+00:00,305.31,318.75,299,311,1270368.753,ETHUSDT,12.74235614,83.01120615,257.7209733,241.6764659,240.5576,625169.836,205.9970962,251.359,296.7209038,0.3609331975,33.63640831,44.37670816,5.292144379,-0.02431372549,10.77918578,0.1291569817,625169.836,Bull Trend,False,True
2020-07-27 00:00:00+00:00,311.02,333.31,310.78,321.93,1636122.347,ETHUSDT,13.44147356,84.87505687,263.8361187,244.8236633,242.105,676954.7047,201.1079197,255.486,309.8640803,0.4256834448,37.08340305,46.80093623,4.65854031,-0.03414238997,10.80882727,0.1295817301,676954.7047,Bull Trend,False,True
2020-07-28 00:00:00+00:00,321.95,326.8,305.86,316.77,1093231.556,ETHUSDT,13.97708259,80.39100859,268.8774407,247.6450883,243.5124,683706.9906,198.604818,258.977,319.349182,0.4662358591,39.6101754,41.79267872,6.674340937,-0.04962347364,10.85268484,0.1300493215,683706.9906,Bull Trend,False,True
2020-07-29 00:00:00+00:00,316.77,325,312.38,317.71,792802.3215,ETHUSDT,13.88014812,80.59216328,273.5281606,250.3927319,244.9906,690965.0276,197.8051788,262.7635,327.7218212,0.4944242346,41.95646402,39.07850633,6.240884351,-0.04680327623,10.87486212,0.1302242864,690965.0276,Bull Trend,False,True
2020-07-30 00:00:00+00:00,317.76,342,314.05,334.87,1008827.567,ETHUSDT,14.88513754,83.84932737,279.3702406,253.7055659,246.7324,718655.1497,196.1744796,267.444,338.7135204,0.5329678018,44.47374356,41.99491371,5.403842718,-0.02084795322,10.90990768,0.1302636141,718655.1497,Bull Trend,False,True
2020-07-31 00:00:00+00:00,334.82,349.45,328.4,346.33,948088.4498,ETHUSDT,15.32548486,85.58878954,285.7473605,257.3378967,249.0488,751335.7719,195.022486,272.801,350.579514,0.5702216192,46.93357039,41.34709951,4.873675902,-0.008928315925,10.94367618,0.1319066256,751335.7719,Bull Trend,False,True
2020-08-01 00:00:00+00:00,346.32,392.67,343.07,387,1440843.342,ETHUSDT,17.77366451,89.79102752,295.3904691,262.422685,252.0378,799912.1831,189.0737065,280.0115,370.9492935,0.6495289909,49.69885393,50.47450364,3.902197146,-0.01443960578,10.99979455,0.1549174042,799912.1831,Bull Trend,False,True
2020-08-02 00:00:00+00:00,387.01,415.85,325,372.42,2324909.096,ETHUSDT,22.99340276,80.70547739,302.7266149,266.7363052,254.724,885952.9858,189.3300379,286.6575,383.9849621,0.679050519,52.42629555,43.43022018,2.800904203,-0.1044366959,11.14542827,0.19510704,885952.9858,High Vol Expansion,False,True
2020-08-03 00:00:00+00:00,372.45,398,366.5,385.94,1191565.094,ETHUSDT,23.60101685,82.47619961,310.6516992,271.4109599,257.8074,924215.1959,189.9848022,293.9325,397.8801978,0.7072895837,54.95891991,39.28980555,2.53388035,-0.07192497295,11.30554054,0.253370373,924215.1959,High Vol Expansion,False,True
2020-08-04 00:00:00+00:00,385.91,402.98,380.77,389.61,1180792.424,ETHUSDT,23.5016585,82.93404726,318.1715373,276.0462164,260.9824,964837.2839,192.8738683,301.4825,410.0911317,0.7204970881,57.3429768,38.15120329,2.362836243,-0.06309967536,11.47026383,0.326874576,964837.2839,High Vol Expansion,False,True
2020-08-05 00:00:00+00:00,389.59,407,384.11,400.72,1124119.067,ETHUSDT,23.45796861,84.27358543,326.0332957,280.9353844,264.2908,991685.1503,197.7523629,309.84,421.9276371,0.7235194755,59.58295157,36.71617146,2.198148613,-0.03638331129,11.64229261,0.3933083212,991685.1503,High Vol Expansion,False,True
2020-08-06 00:00:00+00:00,400.72,403.66,390.51,394.77,821379.084,ETHUSDT,22.72168514,80.62373507,332.5796485,285.3994869,267.5098,1016474.094,205.9072675,317.945,429.9827325,0.7047617197,61.66292814,35.19837138,2.107279931,-0.05069135506,11.80486694,0.4459596519,1016474.094,Bull Trend,False,True
2020-08-07 00:00:00+00:00,394.77,398.26,362.85,379.34,1041207.359,ETHUSDT,23.62799334,71.9242674,337.0330153,289.0834286,270.4712,1051466.631,216.7491805,325.1285,433.5078195,0.6666860609,60.88986443,31.43052125,10.24345607,-0.08779608032,11.9895193,0.4803300468,1051466.631,Bull Trend,False,True
2020-08-08 00:00:00+00:00,379.34,397.05,375.79,397.03,623029.7805,ETHUSDT,23.45885096,75.22486369,342.7470138,293.3166275,273.8318,1065177.944,227.9016276,333.0245,438.1473724,0.6313221543,60.17201957,29.39591641,9.58036222,-0.04525670314,12.17222031,0.5136960182,1065177.944,Bull Trend,False,True
2020-08-09 00:00:00+00:00,397.05,400,383.36,390.14,594900.5813,ETHUSDT,22.97179018,71.68981933,347.2606316,297.1136225,277.0568,1075090.077,242.8365101,340.731,438.6254899,0.5746145195,59.59048639,28.79223173,9.084669689,-0.06182517735,12.35182362,0.5515947105,1075090.077,Bull Trend,False,True
2020-08-10 00:00:00+00:00,390.14,399.18,385.13,395.44,826969.9063,ETHUSDT,22.33451945,72.75061443,351.8491428,300.9695589,280.4048,1084565.468,257.9625788,348.2235,438.4844212,0.5184079832,59.05049129,27.49849174,8.676462342,-0.04908019719,12.50688384,0.5515947105,1084565.468,Bull Trend,False,True
2020-08-11 00:00:00+00:00,395.43,398.21,367,379,992412.6023,ETHUSDT,22.96848235,64.65745499,354.4349388,304.0295762,283.1222,1098265.214,271.669239,353.9865,436.303761,0.4650870073,56.9505456,24.82953025,13.47249914,-0.08861368282,12.67470166,0.5515947105,1098265.214,Bull Trend,False,True
2020-08-12 00:00:00+00:00,378.99,389.23,365.85,387.18,751848.7983,ETHUSDT,22.99787646,66.64569799,357.553516,307.2903771,286.003,1082418.925,284.5271274,359.5805,434.6338726,0.4174496259,54.90840177,23.02652398,12.85136406,-0.06894312853,12.85352059,0.5515947105,1082418.925,Bull Trend,False,True
2020-08-13 00:00:00+00:00,387.18,431.49,376.59,424.54,1511330.773,ETHUSDT,25.27659957,73.87460651,363.9331812,311.8884015,289.8022,1111683.81,296.3392882,366.85,437.3607118,0.3844116768,54.45836431,31.39633152,10.85759484,-0.01610697815,13.07449531,0.5515947105,1111683.81,Bull Trend,False,True
2020-08-14 00:00:00+00:00,424.54,444.71,417.05,438.11,1109670.943,ETHUSDT,25.44684246,75.91634854,370.9976401,316.8382682,293.9144,1114220.992,302.4136624,373.4925,444.5713376,0.3806172151,54.35960543,32.66951073,10.01460203,-0.01484113242,13.29442421,0.5515947105,1114220.992,Bull Trend,False,True
2020-08-15 00:00:00+00:00,438.12,442.94,427.02,432.32,681698.5971,ETHUSDT,24.76635371,73.28465991,376.8378649,321.3669635,297.968,1084787.484,310.1604584,379.5585,448.9565416,0.36567771,54.26790076,31.16949578,9.554783303,-0.02786085314,13.50890582,0.5515947105,1084787.484,Bull Trend,False,True
2020-08-16 00:00:00+00:00,432.3,436.99,412.47,433.62,716666.2526,ETHUSDT,24.74875702,73.50672704,382.2456872,325.7690434,302.2216,1038814.68,317.2337815,385.143,453.0522185,0.3526441792,53.0906014,28.96368216,13.0779522,-0.02493759978,13.72576969,0.5515947105,1038814.68,Bull Trend,False,True
2020-08-17 00:00:00+00:00,433.61,446,420.37,430.89,868870.65,ETHUSDT,24.81170295,72.15039425,386.8784789,329.8914338,306.3408,1027596.634,327.8806556,390.849,453.8173444,0.3222131534,52.2749213,29.42043904,12.11300457,-0.03387892377,13.94965519,0.5515947105,1027596.634,Bull Trend,False,True
2020-08-18 00:00:00+00:00,430.89,433.81,415,421.95,743254.5702,ETHUSDT,24.38300988,67.74222572,390.2186238,333.5015737,310.2212,1025119.247,341.472133,396.061,450.649867,0.2756588857,51.12750732,27.7992913,13.01865388,-0.05392376682,14.17373934,0.5515947105,1025119.247,Bull Trend,False,True
2020-08-19 00:00:00+00:00,421.92,426.75,393.25,407.46,978339.6922,ETHUSDT,25.03422346,61.21412729,391.8606596,336.4019041,313.8584,1023594.853,352.7397699,399.6905,446.6412301,0.2349354319,48.66188211,25.14213947,17.98007655,-0.08641255605,14.41547224,0.5443148012,1023594.853,Bull Trend,False,True
2020-08-20 00:00:00+00:00,407.46,418.98,402.07,415.94,663555.7344,ETHUSDT,24.45392178,63.43490981,394.1539301,339.5210451,317.5574,1009368.217,362.683271,403.171,443.658729,0.2008464347,46.37237298,23.90028906,17.09198326,-0.06739910314,14.65485518,0.4917474953,1009368.217,Bull Trend,False,True
2020-08-21 00:00:00+00:00,415.94,418.68,385.1,387.97,860998.7256,ETHUSDT,25.10578451,52.71383402,393.5649844,341.4210042,320.7876,980375.9865,362.807118,403.2195,443.631882,0.2004485497,43.28671916,21.61688898,20.28718088,-0.1301121076,14.89404409,0.4412683166,980375.9865,Bull Trend,False,True
2020-08-22 00:00:00+00:00,387.93,397.04,379.92,395.24,643235.7654,ETHUSDT,24.53537133,54.84980946,393.7245097,343.531553,324.195,896292.32,366.2689558,404.3605,442.4520442,0.1884038831,40.23708887,20.53949069,20.78408292,-0.1138116592,15.13162428,0.4009306513,896292.32,Range/Chop,False,True
2020-08-23 00:00:00+00:00,395.23,396.95,383.15,390.71,445317.8199,ETHUSDT,23.7685591,53.23613061,393.4374135,345.3816882,327.4258,858979.9563,366.9142222,404.599,442.2837778,0.1862821103,37.40528932,19.68769024,19.9221389,-0.1239686099,15.34703207,0.3825144459,858979.9563,Range/Chop,False,True
2020-08-24 00:00:00+00:00,390.72,410.42,387.44,407.68,717403.8188,ETHUSDT,23.71223345,58.19761235,394.7938503,347.8247592,331.0282,835810.526,368.4371292,405.5025,442.5678708,0.182812046,35.40357865,22.38243211,18.5430715,-0.08591928251,15.5650893,0.3731474626,835810.526,Bull Trend,False,True
2020-08-25 00:00:00+00:00,407.68,409.06,370,382.93,970445.384,ETHUSDT,24.80850249,49.88481212,393.6639598,349.2014353,333.8548,828126.8419,366.298434,404.613,442.927566,0.1893887045,33.15354976,19.86527149,21.47901087,-0.1414125561,15.80709483,0.3591609446,828126.8419,Range/Chop,False,True
2020-08-26 00:00:00+00:00,382.91,392.91,377.37,385.81,738690.7794,ETHUSDT,24.14646659,50.76608123,392.9159637,350.6370653,336.7832,823992.4267,365.1965925,404.165,443.1334075,0.1928341517,31.06423723,18.95207571,20.49163237,-0.134955157,16.0319571,0.3374286663,823992.4267,Range/Chop,False,True
2020-08-27 00:00:00+00:00,385.81,397.1,371.48,383.27,877763.7366,ETHUSDT,24.25171898,49.93212143,391.9973005,351.9167883,339.5096,815820.2455,365.8589493,404.3615,442.8640507,0.1904362839,29.43586232,17.52197921,20.68014442,-0.1406502242,16.25978159,0.2989360195,815820.2455,Range/Chop,False,True
2020-08-28 00:00:00+00:00,383.31,398,379.75,395.11,732601.469,ETHUSDT,23.82302477,53.74645905,392.293748,353.6106397,342.5722,821298.83,365.6808214,404.2655,442.8501786,0.1908878128,27.86644061,16.8330415,19.54854817,-0.114103139,16.48270196,0.2552971588,821298.83,Range/Chop,False,True
2020-08-29 00:00:00+00:00,395.1,405.69,391.88,398.65,659802.6334,ETHUSDT,23.10780871,54.85388966,392.8991054,355.3768891,345.72,824543.9326,366.553695,404.691,442.828305,0.1884761709,25.91870267,18.49152755,18.71405769,-0.1061659193,16.69924705,0.2178909333,824543.9326,Range/Chop,False,True
2020-08-30 00:00:00+00:00,398.65,429.89,398.3,428.94,894979.7179,ETHUSDT,23.71367952,63.01390095,396.3315715,358.261717,349.515,827944.4232,367.0758214,406.366,445.6561786,0.1933733561,25.30357349,24.02134554,16.93335831,-0.03825112108,16.92775322,0.2006474922,827944.4232,Bull Trend,False,True
2020-08-31 00:00:00+00:00,428.94,439,418.04,433.79,1040748.689,ETHUSDT,23.51698812,64.1318114,399.8990409,361.2236105,353.335,830361.2275,370.1910521,409.1055,448.0199479,0.1902416269,25.129899,25.25909089,15.85534371,-0.02737668161,17.15400894,0.1969109529,830361.2275,Bull Trend,False,True
2020-09-01 00:00:00+00:00,433.8,488.84,429.03,475.4,1751354.577,ETHUSDT,26.10934612,71.96177387,407.0896084,365.7011159,358.053,880336.5164,366.4064882,413.5165,460.6265118,0.227850699,26.53284548,34.7610353,13.26101243,-0.02749365846,17.43035354,0.1969109529,880336.5164,Bull Trend,False,True
2020-09-02 00:00:00+00:00,475.4,481.39,420,439.5,1880642.469,ETHUSDT,28.62939282,59.82706527,410.1763124,368.5951898,362.0342,898802.1012,366.0168043,414.2645,462.5121957,0.2329318379,27.29277537,29.43688677,13.48282854,-0.1009328206,17.75256638,0.1969109529,898802.1012,Bull Trend,False,True
2020-09-03 00:00:00+00:00,439.5,450.7,372,381.4,2408569.342,ETHUSDT,32.20586476,46.23791984,407.4357112,369.0973392,364.89,963747.0212,362.4598935,411.429,460.3981065,0.23804402,25.73451456,24.29877427,21.7752432,-0.2197856149,18.13735926,0.1969109529,963747.0212,Bull Trend,False,True
2020-09-04 00:00:00+00:00,381.35,400.21,357,385.26,1806488.225,ETHUSDT,32.99187442,47.09765605,405.3237387,369.7311691,367.9238,1019986.503,359.826599,409.076,458.325401,0.2407836244,24.04869372,22.02559542,22.98569654,-0.2118893708,18.52816693,0.1969109529,1019986.503,Range/Chop,False,True
2020-09-05 00:00:00+00:00,385.3,395,308.42,335.01,2777166.514,ETHUSDT,36.81959768,38.47240193,398.6271922,368.3695546,369.9706,1123011.516,346.656918,404.1455,461.634082,0.2844944803,23.88873149,18.32613688,28.54930663,-0.3146837411,18.98297644,0.1969109529,1123011.516,Crash/Capitulation,False,True
2020-09-06 00:00:00+00:00,335.04,360,316.1,352.8,2017811.147,ETHUSDT,37.3253407,42.48804671,394.2626977,367.7589838,372.3132,1180458.54,340.006666,400.241,460.475334,0.3009903235,23.74019513,16.78655202,26.15086989,-0.2782914655,19.44434717,0.1969109529,1180458.54,Range/Chop,False,True
2020-09-07 00:00:00+00:00,352.85,358.51,323,353.59,1740618.425,ETHUSDT,37.19567351,42.66699431,390.3891074,367.2033374,374.6028,1230326.733,334.1935251,396.823,459.4524749,0.31565446,23.60226851,15.64185195,24.36760298,-0.2766753948,19.90310808,0.1969109529,1230326.733,Range/Chop,False,True
2020-09-08 00:00:00+00:00,353.59,356.58,325.38,337.39,1400246.83,ETHUSDT,36.76741111,39.92370748,385.3415734,366.0341869,376.6304,1251422.09,325.8126098,393.3195,460.8263902,0.3432674462,23.47419379,14.69375734,22.89061719,-0.3098150724,20.35857655,0.1969109529,1251422.09,Range/Chop,False,True
2020-09-09 00:00:00+00:00,337.41,359,330.51,350.85,879760.5626,ETHUSDT,36.17616746,43.1918753,382.0566616,365.4387286,378.7356,1262232.332,320.9765971,390.065,459.1534029,0.3542404621,23.23961813,14.34501719,21.60296266,-0.2822805008,20.81051156,0.1969109529,1262232.332,Range/Chop,False,True
2020-09-10 00:00:00+00:00,350.85,377.25,349.91,367.93,1134287.611,ETHUSDT,35.54501264,47.12282057,380.7112653,365.5364255,380.8194,1275896.776,319.304092,389.063,458.821908,0.3585995481,22.18534184,17.22427833,20.41608729,-0.2473406432,21.25380836,0.2106120276,1275896.776,Range/Chop,False,True
2020-09-11 00:00:00+00:00,367.93,375.27,355.49,373.63,844017.5997,ETHUSDT,34.41894031,48.40591359,380.0368591,365.8538206,382.786,1285935.868,317.9707884,387.9825,457.9942116,0.3609013889,21.20637101,16.5172419,19.57803085,-0.2356803862,21.6794649,0.2303912685,1285935.868,Range/Chop,False,True
2020-09-12 00:00:00+00:00,373.62,388.57,364.73,387.78,766542.3163,ETHUSDT,33.66330172,51.54901737,380.7743011,366.7136708,384.9586,1301997.092,317.8354696,387.836,457.8365304,0.3609800555,19.70778619,18.50378194,18.58767672,-0.2067343098,22.09703884,0.2354879289,1301997.092,Range/Chop,False,True
2020-09-13 00:00:00+00:00,387.78,390.43,350,366.42,989195.6905,ETHUSDT,34.14663731,46.90389466,379.4072248,366.7021543,386.1818,1315586.686,315.8014163,385.773,455.7445837,0.3627603989,18.90915971,16.9388759,20.09692433,-0.2504295884,22.52741702,0.2394138222,1315586.686,Range/Chop,False,True
2020-09-14 00:00:00+00:00,366.43,384.64,355.73,377.12,1042059.623,ETHUSDT,33.77259179,49.36534927,379.1893938,367.1106972,387.5042,1319167.398,315.4179347,385.4825,455.5470653,0.3635161925,18.16757798,15.90316094,18.86811284,-0.2285410359,22.9503158,0.2626390523,1319167.398,Range/Chop,False,True
2020-09-15 00:00:00+00:00,377.12,382.47,362.34,364.06,883856.33,ETHUSDT,32.79812095,46.53000163,377.7484992,366.9910621,388.3468,1326425.675,313.7120746,384.395,455.0779254,0.3677619396,17.47896638,15.20597241,18.04094196,-0.2552573439,23.3631742,0.2927424019,1326425.675,Range/Chop,False,True
2020-09-16 00:00:00+00:00,364.05,373.45,355,365.11,841709.9894,ETHUSDT,31.77325516,46.79458997,376.5448326,366.9172949,389.3136,1324622.988,312.3047887,383.487,454.6692113,0.3712366327,17.16119815,14.57527533,18.94274402,-0.2531094018,23.76317366,0.3083223917,1324622.988,Range/Chop,False,True
2020-09-17 00:00:00+00:00,365.04,394.14,363.3,389.36,1256300.411,ETHUSDT,31.70659408,52.62521257,377.7653247,367.797401,390.7466,1350807.935,312.1610866,383.1995,454.2379134,0.3707646456,16.05434656,18.22367934,17.62667208,-0.2035021684,24.16341125,0.3294609531,1350807.935,Range/Chop,False,True
2020-09-18 00:00:00+00:00,389.35,392.58,375.33,384.39,804194.4722,ETHUSDT,30.67398022,51.38240778,378.3962462,368.4480912,391.737,1358027.527,311.797303,382.4865,453.175697,0.369629762,15.0265558,17.49165251,16.91862643,-0.2136690942,24.54884616,0.3487539542,1358027.527,Range/Chop,False,True
2020-09-19 00:00:00+00:00,384.4,388.72,377,385.25,570908.3355,ETHUSDT,29.32012449,51.59542866,379.0489846,369.1069895,392.5154,1341823.958,312.8645011,380.302,447.7394989,0.3546523497,14.07217866,16.99223403,16.43556889,-0.2119098273,24.90750001,0.3544464059,1341823.958,Range/Chop,False,True
2020-09-20 00:00:00+00:00,385.25,385.45,365,371.04,693164.4014,ETHUSDT,28.68654417,47.86365813,378.2862242,369.1827939,392.1962,1324444.744,314.2883969,377.1645,440.0406031,0.3334147465,13.57313174,16.12699217,18.58663369,-0.2409786433,25.23142858,0.3544464059,1324444.744,Range/Chop,True,True
2020-09-21 00:00:00+00:00,371.04,376.8,331,340.36,1283946.031,ETHUSDT,29.90893387,40.97318029,374.6742028,368.0524882,391.555,1301074.316,324.4568923,370.4125,416.3681077,0.2481320563,14.49022304,14.36302749,24.67352061,-0.3037394649,25.56260035,0.3544464059,1301074.316,Range/Chop,True,True
2020-09-22 00:00:00+00:00,340.31,346.91,335.34,344.21,842731.1288,ETHUSDT,28.59901002,42.09963774,371.7728502,367.1174887,390.7204,1249178.749,330.9519814,365.648,400.3440186,0.1897782488,15.34180782,13.94797759,23.96052732,-0.2958636773,25.85848604,0.3544464059,1249178.749,Range/Chop,True,True
2020-09-23 00:00:00+00:00,344.18,344.65,313.29,320.72,940904.4976,ETHUSDT,28.79622359,37.40884085,366.910674,365.2979793,389.3426,1175795.507,323.6130639,362.614,401.6149361,0.2151099301,16.84365909,12.86299262,27.56615354,-0.3439162098,26.13503465,0.3544464059,1175795.507,Range/Chop,True,True
2020-09-24 00:00:00+00:00,320.72,353.1,316.67,348.97,1071705.097,ETHUSDT,29.34149334,45.30214256,365.2020384,364.6576664,388.3076,1139056.351,322.8183618,360.7995,398.7806382,0.2105387519,17.72315847,13.77929903,25.12145624,-0.2861263399,26.41168694,0.3544464059,1139056.351,Range/Chop,True,True
2020-09-25 00:00:00+00:00,348.97,358,337.58,351.92,860643.7792,ETHUSDT,28.70424381,46.06701396,363.9370823,364.1581501,387.4506,1043230.214,325.2794006,361.645,398.0105994,0.2011121371,18.2449252,14.29845251,23.84493983,-0.2800916455,26.66606644,0.3544464059,1043230.214,Range/Chop,True,True
2020-09-26 00:00:00+00:00,351.93,356.4,345.88,353.92,530879.2076,ETHUSDT,27.40536925,46.61208577,362.9830745,363.756654,386.9422,968883.6169,325.386642,361.701,398.015358,0.2007976643,18.72942288,13.90640285,23.19113477,-0.2760003273,26.88987122,0.3544464059,968883.6169,Range/Chop,True,True
2020-09-27 00:00:00+00:00,353.95,362.14,347.24,357.49,569568.5504,ETHUSDT,26.51212859,47.62952546,362.4599245,363.5109029,386.1514,910331.1232,325.7163187,361.896,398.0756813,0.1999451846,18.80760427,14.89461525,22.26016488,-0.2686973243,27.10040423,0.3544464059,910331.1232,Range/Chop,True,True
2020-09-28 00:00:00+00:00,357.58,368.2,351.7,353.96,757758.4304,ETHUSDT,25.79697655,46.68218076,361.6504079,363.1363577,385.4278,878206.7032,328.1020954,362.7245,397.3469046,0.1909019357,18.49347376,15.89207114,21.2431777,-0.2759185009,27.28226821,0.3544464059,878206.7032,Range/Chop,True,True
2020-09-29 00:00:00+00:00,353.91,360.63,350.45,359.79,585143.1689,ETHUSDT,24.68147823,48.50391296,361.4732262,363.0051279,384.7148,863475.8335,328.9452941,363.1715,397.3977059,0.1884850871,18.26253449,15.42387366,20.97908276,-0.2639923083,27.43820144,0.3440335481,863475.8335,Range/Chop,True,True
2020-09-30 00:00:00+00:00,359.78,361.5,351.56,359.83,498943.2323,ETHUSDT,23.62851549,48.51691025,361.3167285,362.8806131,384.3314,831708.6146,328.5834409,362.7665,396.9495591,0.1884576394,17.98722176,15.22340975,20.34869408,-0.263910482,27.53578229,0.2907734014,831708.6146,Range/Chop,True,True
2020-10-01 00:00:00+00:00,359.83,370.45,345.51,352.85,758349.3196,ETHUSDT,23.72219296,46.31992756,360.5103734,362.4872557,383.6448,827425.2006,327.6653845,361.7275,395.7896155,0.1883302516,17.11288614,16.77508562,18.8205999,-0.2670184258,27.54792879,0.2316209932,827425.2006,Range/Chop,True,True
2020-10-02 00:00:00+00:00,352.83,354.55,334.24,345.6,733571.8421,ETHUSDT,23.47846489,44.08682049,359.0903378,361.8250104,382.066,825776.6769,327.0806929,359.6185,392.1563071,0.1809573595,16.92783854,15.73856741,21.08636502,-0.2331928112,27.54588626,0.212824341,825776.6769,Range/Chop,True,True
2020-10-03 00:00:00+00:00,345.6,351,343.7,345.95,303595.719,ETHUSDT,22.32286026,44.22661285,357.8388771,361.202461,380.2228,791496.6783,325.6916236,358.595,391.4983764,0.1835127451,16.75600863,15.37093805,20.59381912,-0.1355788211,27.52623962,0.2058254445,791496.6783,Range/Chop,True,True
2020-10-04 00:00:00+00:00,345.94,354.45,343.81,352.37,343932.9171,ETHUSDT,21.48837024,46.85150731,357.3180316,360.85609,378.6238,756590.343,325.4886821,357.3575,389.2263179,0.178358187,16.33470229,15.97409893,19.86545758,-0.1079240506,27.49341298,0.2009549007,756590.343,Range/Chop,True,True
2020-10-05 00:00:00+00:00,352.34,356.1,348.54,353.62,376740.3069,ETHUSDT,20.49348665,47.37086992,356.9658382,360.5723217,377.0238,731234.5419,325.0811192,356.8355,388.5898808,0.1779777,15.81510456,16.12827967,19.34200604,-0.1028061095,27.45627634,0.2003714244,731234.5419,Range/Chop,True,True
2020-10-06 00:00:00+00:00,353.63,355.1,336.8,340.75,640063.2695,ETHUSDT,20.33680903,42.73995299,355.4214726,359.7949758,375.221,721152.2059,323.36131,355.6175,387.87369,0.181409464,16.05043573,15.09163889,22.22222082,-0.1354594814,27.40142327,0.1954235601,721152.2059,Range/Chop,True,True
2020-10-07 00:00:00+00:00,340.8,342.85,332.18,341.58,541928.8638,ETHUSDT,19.64632267,43.12610017,354.1032371,359.080663,373.6136,685433.6285,324.4303832,353.2285,382.0266168,0.1630565869,16.52744334,14.50618659,23.0398544,-0.1333536307,27.33788113,0.1903400922,685433.6285,Range/Chop,True,True
2020-10-08 00:00:00+00:00,341.58,353.32,334.21,350.95,631794.8756,ETHUSDT,19.60801391,47.43571183,353.8029288,358.7618135,372.4834,676813.6487,326.5569062,351.5565,376.5560938,0.1422223388,16.10745616,17.31038541,21.4359489,-0.1095803522,27.28181819,0.189131668,676813.6487,Range/Chop,True,True
2020-10-09 00:00:00+00:00,350.94,368.33,347.32,365.02,650478.1934,ETHUSDT,19.70815577,53.17363542,354.8712213,359.0072326,371.465,680792.1416,329.8063901,350.545,371.2836099,0.1183220978,15.23904214,21.43235116,19.80366858,-0.07388237682,27.23804546,0.1884713633,680792.1416,Range/Chop,True,True
2020-10-10 00:00:00+00:00,365.01,378.4,364.71,370.52,591005.3213,ETHUSDT,19.2782875,55.23092475,356.3615812,359.4587136,371.116,675684.1876,329.8821796,350.519,371.1558204,0.1177500814,15.02968618,24.07629937,18.79916241,-0.05992794439,27.17654222,0.1883939455,675684.1876,Range/Chop,True,True
2020-10-11 00:00:00+00:00,370.51,377.6,368.87,374.16,373318.2378,ETHUSDT,18.5248384,56.59022635,358.0566687,360.0352347,370.6944,630152.7979,329.7236208,352.209,374.6943792,0.1276820249,14.83528421,23.26585816,18.16635686,-0.05069264728,27.10199158,0.1859214984,630152.7979,Range/Chop,True,True
2020-10-12 00:00:00+00:00,374.17,394.8,365.58,386.51,844422.6544,ETHUSDT,19.28877851,60.92518441,360.7665098,361.0734608,370.6104,630237.3742,327.6741539,354.324,380.9738461,0.1504264237,15.57575813,27.11773365,16.20066567,-0.02099797366,27.00219456,0.1824611046,630237.3742,Range/Chop,True,True
2020-10-13 00:00:00+00:00,386.51,387.75,374.51,381.04,645141.9139,ETHUSDT,18.8567229,58.15511684,362.6973184,361.8564623,370.0776,615449.245,333.035012,357.34,381.644988,0.1360328425,16.26334106,25.75770794,15.38815965,-0.03485309017,26.89235924,0.1811834118,615449.245,Range/Chop,True,True
2020-10-14 00:00:00+00:00,381.05,387.41,373.13,378.69,569557.8294,ETHUSDT,18.52981412,56.95698199,364.2204309,362.516601,369.9928,590341.8816,333.1539768,358.826,384.4980232,0.1430889803,16.78110611,24.33983823,15.07305773,-0.04080547112,26.78841691,0.1796577733,590341.8816,Range/Chop,True,True
2020-10-15 00:00:00+00:00,378.69,381.79,369.85,377.64,634038.0945,ETHUSDT,18.05911312,56.39788557,365.4984851,363.1096755,369.8294,579011.5974,333.3969791,360.112,386.8270209,0.1483706233,16.96727502,23.19036844,15.65854642,-0.04346504559,26.67692285,0.1781679435,579011.5974,Range/Chop,True,True
2020-10-16 00:00:00+00:00,377.63,379.83,361.18,365.5,654029.364,ETHUSDT,18.10131932,50.25549579,365.4986294,363.2034137,369.474,585169.1052,334.0359945,360.691,387.3460055,0.1477996704,16.39987127,21.48370369,17.92739489,-0.0742147923,26.56508312,0.1705171434,585169.1052,Range/Chop,True,True
2020-10-17 00:00:00+00:00,365.5,370.46,363.36,368.32,285578.2454,ETHUSDT,17.3155108,51.5748477,365.7673313,363.4040642,368.9382,570969.59,334.42005,361.2325,388.04495,0.1484498211,15.87299637,20.85448131,17.40233095,-0.06707193516,26.44729147,0.1567415053,570969.59,Range/Chop,True,True
2020-10-18 00:00:00+00:00,368.31,378.64,367.1,378.11,323468.4709,ETHUSDT,16.90297431,55.94346634,366.9428236,363.9807675,368.5274,549255.092,334.8815639,362.44,389.9984361,0.1520717145,15.94746749,23.29420107,16.55369375,-0.0422745694,26.31177065,0.1512490691,549255.092,Range/Chop,False,True
2020-10-19 00:00:00+00:00,378.12,384.32,372.5,379.3,577252.9026,ETHUSDT,16.53990472,56.45766836,368.1196975,364.5815217,367.5346,548860.5787,334.9355348,363.4155,391.8954652,0.1567350056,16.37813882,24.55808183,15.70870417,-0.03926038501,26.17987036,0.1512490691,548860.5787,Range/Chop,False,True
2020-10-20 00:00:00+00:00,379.3,380.73,365.27,368.52,617309.8168,ETHUSDT,16.46276867,50.68639869,368.1578216,364.7359719,366.2292,554778.9079,335.336963,363.85,392.363037,0.1567296249,16.10656758,22.91078061,17.7919479,-0.06656534954,26.0358201,0.1512490691,554778.9079,Range/Chop,False,True
2020-10-21 00:00:00+00:00,368.53,401.49,367.74,390.38,1221663.638,ETHUSDT,17.69757091,59.6859514,370.2742195,365.74162,364.5288,577944.6238,335.4696586,365.7265,395.9833414,0.1654615752,17.05618046,28.16881114,15.36837784,-0.02767192209,25.92185676,0.1512490691,577944.6238,Range/Chop,False,True
2020-10-22 00:00:00+00:00,390.31,420.73,390.21,413.98,1095897.207,ETHUSDT,18.6134587,66.74247315,374.4366748,367.6333212,364.0184,596060.8921,333.7423496,369.1455,404.5486504,0.1918113612,18.7505155,32.25298294,13.56844027,-0.01604354337,25.83593842,0.1512490691,596060.8921,Range/Chop,False,True
2020-10-23 00:00:00+00:00,413.94,419.33,401.3,409.11,727832.3224,ETHUSDT,18.57178308,64.24348053,377.7388963,369.2598576,364.5726,617272.7222,334.5501265,372.3035,410.0568735,0.202809662,20.32382662,30.01640532,12.62753908,-0.0276186628,25.75026425,0.1512490691,617272.7222,Range/Chop,False,True
2020-10-24 00:00:00+00:00,409.19,416.66,407,412.14,419236.8711,ETHUSDT,17.93522714,65.1185756,381.0151919,370.9414318,365.1102,621037.9199,334.9495516,375.292,415.6344484,0.2149923175,21.78475837,28.86162097,12.14173525,-0.02041689445,25.63570966,0.1512490691,621037.9199,Range/Chop,False,True
2020-10-25 00:00:00+00:00,412.14,417.4,402.5,405.86,415586.9761,ETHUSDT,17.7184252,61.74564039,383.3813641,372.3107875,366.5272,622980.2534,336.7558728,377.904,419.0521272,0.2177702657,22.68930448,27.12800127,13.2265146,-0.03534333183,25.52857563,0.1512490691,622980.2534,Range/Chop,False,True
2020-10-26 00:00:00+00:00,405.85,411.11,382.3,392.52,895142.6727,ETHUSDT,18.51068055,55.20443286,384.2517103,373.1033056,367.3216,635734.2236,342.6374,380.4925,418.3476,0.1989794805,21.81482812,24.11214505,19.55083296,-0.06705012716,25.43289166,0.1512490691,635734.2236,Range/Chop,False,True
2020-10-27 00:00:00+00:00,392.52,410.25,389.9,403.45,754261.7411,ETHUSDT,18.64206051,59.03379451,386.0801189,374.293372,368.3188,646350.8674,348.9839414,383.586,418.1880586,0.1804135633,21.00281435,22.23205646,18.02640211,-0.04107147101,25.34654226,0.1512490691,646350.8674,Range/Chop,False,True
2020-10-28 00:00:00+00:00,403.41,409.2,380.52,388.23,855275.4688,ETHUSDT,19.35905619,52.32588629,386.2848695,374.8399065,369.3356,657524.8971,354.2298764,385.45,416.6701236,0.1619931179,19.55686468,19.87946472,19.57976439,-0.07724669028,25.28406305,0.1544006697,657524.8971,Range/Chop,False,True
2020-10-29 00:00:00+00:00,388.22,393.72,380.52,387.13,573096.0142,ETHUSDT,18.9191236,51.8671726,386.3653581,375.3218709,370.0612,653655.7881,356.7747159,386.5555,416.3362841,0.154082837,18.21419713,18.88874783,18.60398342,-0.07986119364,25.20415378,0.155406231,653655.7881,Range/Chop,True,True
2020-10-30 00:00:00+00:00,387.12,391.97,373.29,382.49,771750.7475,ETHUSDT,18.90204334,49.88076577,385.9962764,375.602974,370.3524,662693.0594,358.2171637,387.154,416.0908363,0.1494848888,17.38219801,17.55540064,20.02286853,-0.09088964419,25.12723804,0.155406231,662693.0594,Range/Chop,True,True
2020-10-31 00:00:00+00:00,382.59,394.88,379.9,386.46,467453.8105,ETHUSDT,18.62189739,51.58911197,386.0404405,376.0287397,370.609,667399.8381,359.4466569,387.769,416.0913431,0.1460784284,16.37707521,17.66287818,18.8723698,-0.08145366387,25.00244722,0.155406231,667399.8381,Range/Chop,True,True
2020-11-01 00:00:00+00:00,386.44,398.29,384.61,396.67,438952.9557,ETHUSDT,18.26890472,55.76507523,387.0527795,376.8382009,370.7868,647126.3531,359.6998867,388.277,416.8541133,0.1471996193,15.24476554,18.05140654,17.8629496,-0.05718631902,24.82977242,0.155406231,647126.3531,Range/Chop,True,True
2020-11-02 00:00:00+00:00,396.68,404.5,377.92,383.02,779968.5796,ETHUSDT,18.86255438,49.60443661,386.6687053,377.0806244,371.1188,653867.6864,359.8862724,388.376,416.8657276,0.1467120911,14.64059251,16.23447952,18.59835523,-0.08962992893,24.60738392,0.155406231,653867.6864,Range/Chop,True,True
2020-11-03 00:00:00+00:00,383.01,390,370.23,387.88,752954.3711,ETHUSDT,18.92737193,51.65242024,386.7840667,377.5041294,371.334,663037.5135,360.6911311,388.8355,416.9798689,0.1447623423,14.62950316,15.02324933,20.11283051,-0.07807857771,24.37297554,0.155406231,663037.5135,Range/Chop,True,True
2020-11-04 00:00:00+00:00,387.88,408.39,376.47,402.49,1157064.351,ETHUSDT,19.85541679,57.27361871,388.2798699,378.4839674,372.1026,689188.8263,361.8264248,390.078,418.3295752,0.1448509029,13.98423232,19.9138107,17.80327166,-0.0433532194,24.09023919,0.155406231,689188.8263,Range/Chop,True,True
2020-11-05 00:00:00+00:00,402.5,420.4,396.14,416.69,1475139.773,ETHUSDT,20.17002988,61.9091323,390.9855965,379.9822432,373.1342,730244.3468,364.4813029,392.6375,420.7936971,0.143420825,14.12555451,22.45609376,16.27374857,-0.009602357807,23.80431735,0.155406231,730244.3468,Range/Chop,True,True
2020-11-06 00:00:00+00:00,416.73,458.27,414.76,455.91,1682440.96,ETHUSDT,21.8371706,71.2022952,397.1688731,382.9598023,374.4652,800087.4825,359.6209435,397.017,434.4130565,0.188385165,15.88721402,31.64728763,13.95767536,-0.005149802518,23.5483423,0.1567323153,800087.4825,Range/Chop,False,True
2020-11-07 00:00:00+00:00,455.91,468.28,424.14,435.21,1653416.596,ETHUSDT,23.43022984,62.53097323,400.7918375,385.0088297,375.4816,866584.8888,360.0460403,399.872,439.6979597,0.1991935403,17.8368322,30.44032649,12.07947968,-0.0706201418,23.32605594,0.1593640617,866584.8888,Range/Chop,False,True
2020-11-08 00:00:00+00:00,435.2,460.1,431.99,454.3,840908.4684,ETHUSDT,23.76449914,66.57391178,405.887853,387.7261305,376.8626,879767.667,358.481142,403.622,448.762858,0.2236788779,19.64719194,27.86843021,11.05888718,-0.02985393354,23.1191948,0.1637273465,879767.667,Range/Chop,False,True
2020-11-09 00:00:00+00:00,454.29,459.1,433.09,444.32,1099213.246,ETHUSDT,23.92489206,62.76127212,409.5480575,389.9454979,378.3282,903862.8385,361.9688924,407.412,452.8551076,0.2230818314,21.32824027,25.70434261,10.20012333,-0.05116596908,22.92552613,0.1729375693,903862.8385,Range/Chop,False,True
2020-11-10 00:00:00+00:00,444.32,455,438.7,450.34,866872.4111,ETHUSDT,23.38025691,64.09695572,413.4330044,392.3139097,380.5278,886123.2772,362.0398766,410.41,458.7801234,0.2357161055,22.88921372,24.42432251,9.69217947,-0.03831041257,22.74154807,0.1843993642,886123.2772,Range/Chop,False,True
2020-11-11 00:00:00+00:00,450.34,476.25,449.28,463.09,1205782.843,ETHUSDT,23.63666713,66.81206529,418.1622421,395.0894427,382.9054,891617.559,359.3114299,412.8655,466.4195701,0.2594262299,25.02892813,28.85531953,8.902250359,-0.02763254593,22.57443749,0.1843993642,891617.559,Bull Trend,False,True
2020-11-12 00:00:00+00:00,463.09,470,451.2,462.39,990776.6291,ETHUSDT,23.29119091,66.51466183,422.3744095,397.7286802,385.7388,904764.7743,357.8461809,415.5295,473.2128191,0.2776376602,27.0158058,27.19166171,8.388989765,-0.0291023622,22.39351339,0.1843993642,904764.7743,Bull Trend,False,True
2020-11-13 00:00:00+00:00,462.48,478.01,457.12,476.43,976665.0975,ETHUSDT,23.11967727,69.45183773,427.522561,400.8150065,388.288,932636.1856,355.2970955,418.744,482.1909045,0.3030343338,29.09385991,27.91141405,7.84756477,-0.003305370181,22.21596481,0.1843993642,932636.1856,Bull Trend,False,True
2020-11-14 00:00:00+00:00,476.42,477.47,452,460.89,735252.7854,ETHUSDT,23.28755747,62.87767663,430.7004123,403.1708886,390.4674,948619.4761,355.7894557,421.4955,487.2015443,0.3117757808,30.51643612,25.7309004,8.804920049,-0.03581515031,22.05745542,0.1843993642,948619.4761,Bull Trend,False,True
2020-11-15 00:00:00+00:00,460.9,462.89,440.19,448.08,665217.5667,ETHUSDT,23.24558908,58.00357935,432.3556111,404.9320302,392.3506,937123.2208,359.0060017,424.2735,489.5409983,0.3076670981,30.7571563,23.93611616,11.8197111,-0.06261375285,21.91532765,0.1843993642,937123.2208,Bull Trend,False,True
2020-11-16 00:00:00+00:00,448.07,466,445.45,460.55,812060.4464,ETHUSDT,23.053047,61.15989285,435.040791,407.1131271,394.4118,940013.156,360.7680035,427.1285,493.4889965,0.3107284879,31.11280202,23.37564737,11.06711439,-0.0365264325,21.77110187,0.1937893527,940013.156,Bull Trend,False,True
2020-11-17 00:00:00+00:00,460.51,484.88,459.8,482.15,1151573.375,ETHUSDT,23.19782936,65.93562791,439.5273824,410.0557495,396.9756,954828.0514,363.8659813,431.8245,499.7830187,0.314750639,32.15281803,27.38383877,10.21246783,-0.005630259033,21.64649935,0.2111376859,954828.0514,Bull Trend,False,True
2020-11-18 00:00:00+00:00,482.11,495.31,456.6,478.41,1477696.291,ETHUSDT,24.30584154,64.45775358,443.2304888,412.7363084,399.348,1000058.065,368.7899647,436.3885,503.9870353,0.3098089673,33.44544843,27.33379672,9.050711164,-0.03412004603,21.56292797,0.2233803547,1000058.065,Bull Trend,False,True
2020-11-19 00:00:00+00:00,478.43,480.75,464.86,471.25,817418.5269,ETHUSDT,23.70471001,61.61067515,445.8990137,415.030963,401.5764,1002341.454,376.3840158,440.8265,505.2689842,0.2923711901,34.64574809,26.02503322,8.617356055,-0.0485756395,21.4798974,0.2296974917,1002341.454,Bull Trend,False,True
2020-11-20 00:00:00+00:00,471.26,514.4,470.65,510.12,1516361.907,ETHUSDT,25.13651643,69.48947615,452.0152981,418.7599448,404.7218,1054786.859,380.9104049,447.0095,513.1085951,0.2957391069,36.61198425,32.35164234,7.546036657,-0.00832037325,21.40035711,0.2475711677,1054786.859,Bull Trend,False,True
2020-11-21 00:00:00+00:00,510.12,553.32,502.82,552.35,1548851.291,ETHUSDT,26.94819383,75.39725738,461.570984,423.9987705,408.8568,1110281.776,378.3785872,454.7935,531.2084128,0.3360422379,39.05893084,38.33731267,6.535964056,-0.00175305429,21.37284351,0.268531945,1110281.776,Bull Trend,False,True
2020-11-22 00:00:00+00:00,552.42,580.88,511.28,560.03,1850317.936,ETHUSDT,29.99475142,76.29617122,470.9480331,429.3333285,413.1384,1163799.244,381.7259274,463.644,545.5620726,0.3533662577,41.64147149,38.5462136,5.452671916,-0.03589381628,21.39281897,0.2850044252,1163799.244,Bull Trend,False,True
2020-11-23 00:00:00+00:00,560.03,610.85,550.12,608.58,2076008.848,ETHUSDT,32.19012631,81.01781692,484.0558395,436.3626097,418.2626,1229951.967,378.3631768,474.679,570.9948232,0.4058145534,44.30281687,40.00204698,4.717884125,-0.003716133257,21.44029619,0.2940551485,1229951.967,Bull Trend,False,True
2020-11-24 00:00:00+00:00,608.58,623,585,604.97,1606450.492,ETHUSDT,32.60511729,79.74582169,495.5714738,442.9746643,423.2896,1252421.274,378.8801277,484.803,590.7258723,0.4369728419,46.86594983,39.33370802,4.325133337,-0.02894060995,21.50531075,0.2993867203,1252421.274,Bull Trend,False,True
2020-11-25 00:00:00+00:00,604.98,606,553.83,569.5,1219440.027,ETHUSDT,34.00260891,68.38511836,502.6122858,447.9364421,427.8646,1239636.287,385.2381544,492.4435,599.6488456,0.435401607,47.39065502,35.02303133,10.39894836,-0.08587479936,21.61526474,0.305350716,1239636.287,Bull Trend,False,True
2020-11-26 00:00:00+00:00,569.38,577.14,481,519.83,2683460.742,ETHUSDT,38.44099399,56.29146564,504.2520681,450.7557973,431.4296,1289687.276,389.1726356,495.6395,602.1063644,0.4296141224,44.94586013,28.76647721,22.07406846,-0.1656019262,21.81407916,0.3087380327,1289687.276,Bull Trend,False,True
2020-11-27 00:00:00+00:00,519.83,530.62,493.72,518.68,1088064.281,ETHUSDT,38.33092299,56.04434102,505.6261569,453.4194916,434.7842,1261419.661,396.6560863,499.813,602.9699137,0.4127820353,42.67569345,26.78843418,20.55620943,-0.1674478331,22.02297827,0.3102687276,1261419.661,Bull Trend,False,True
2020-11-28 00:00:00+00:00,518.59,547.94,506.59,537.52,900508.6143,ETHUSDT,38.54657135,59.20412544,508.6636658,456.7175507,438.2342,1264399.668,401.787063,503.974,606.160937,0.4055246382,40.99190131,27.94528758,18.98112167,-0.1372070626,22.25406316,0.3112521343,1264399.668,Bull Trend,False,True
2020-11-29 00:00:00+00:00,537.5,576.9,530.32,576.3,855276.4666,ETHUSDT,39.12038768,64.81144917,515.1052214,461.4070585,442.3498,1252202.829,407.6046893,510.573,613.5413107,0.4033441278,40.06198553,30.85628069,17.36679964,-0.07495987159,22.51226103,0.3132632099,1252202.829,Bull Trend,False,True
2020-11-30 00:00:00+00:00,576.32,616.85,570.07,616.66,1501989.454,ETHUSDT,39.66750285,69.50869632,524.7771051,467.4954092,447.1998,1283958.681,410.0260723,518.889,627.7519277,0.4196000599,39.91916917,35.45079942,15.90389131,-0.01017656501,22.77801619,0.3253964385,1283958.681,Bull Trend,False,True
2020-12-01 00:00:00+00:00,616.65,635.7,560,585.26,2163875.814,ETHUSDT,42.24125264,62.51669916,530.5373808,472.1136284,451.1748,1331863.33,415.6348089,524.9975,634.3601911,0.4166217594,40.08053285,34.10034989,13.86809438,-0.07934560327,23.09072932,0.3447042478,1331863.33,Bull Trend,False,True
2020-12-02 00:00:00+00:00,585.26,604.93,575,596.89,1069538.656,ETHUSDT,41.36187746,63.96263774,536.8566779,477.0068195,455.4918,1335801.431,422.0454186,531.7225,641.3995814,0.4125350402,40.23037056,32.33781683,13.15129896,-0.06105081013,23.40804627,0.3783551927,1335801.431,Bull Trend,False,True
2020-12-03 00:00:00+00:00,596.88,623.44,585.82,615.85,935687.9172,ETHUSDT,41.09460049,66.24849181,544.3798514,482.4516501,460.235,1333752.572,426.2714471,538.6935,651.1155529,0.4173878202,40.66006647,33.44058828,12.2913461,-0.0312254208,23.73481678,0.404434383,1333752.572,Bull Trend,False,True
2020-12-04 00:00:00+00:00,615.84,620,565.82,567.24,1052452.787,ETHUSDT,42.02927189,56.37532379,546.5570084,485.7766834,464.027,1349612.572,436.8759527,544.011,651.1460473,0.393870886,40.26863375,30.36142295,14.55856676,-0.1076923077,24.09374653,0.404434383,1349612.572,Bull Trend,False,True
2020-12-05 00:00:00+00:00,567.24,597.11,560.88,596.8,701567.9556,ETHUSDT,41.61503818,60.25443882,551.3420552,490.130539,468.653,1351430.091,451.5794561,551.447,651.3145439,0.3622017851,39.71464866,28.4733789,14.50114096,-0.06119238635,24.44838368,0.404434383,1351430.091,Bull Trend,False,True
2020-12-06 00:00:00+00:00,596.82,607.5,583,601.54,602496.9634,ETHUSDT,40.39253545,60.85551514,556.1228119,494.4995374,473.3174,1340951.917,465.6301803,558.4965,651.3628197,0.332558287,39.40644715,29.07710116,13.8728814,-0.05373603901,24.7941539,0.404434383,1340951.917,Bull Trend,False,True
2020-12-07 00:00:00+00:00,601.59,603.15,584.22,591.28,498329.3759,ETHUSDT,38.85949721,58.78323635,559.4711155,498.2948497,477.5808,1308289.717,477.03779,563.953,650.86821,0.3082356507,39.12026004,28.06534348,13.39016498,-0.06987572754,25.11501195,0.404434383,1308289.717,Bull Trend,False,True
2020-12-08 00:00:00+00:00,591.27,595,549.22,554.94,804443.0072,ETHUSDT,39.35381884,52.02569966,559.0395807,500.5162281,481.0936,1274627.053,490.0079681,567.7795,645.5510319,0.2739497708,37.46961803,25.73332906,18.63016878,-0.1270410571,25.44243967,0.404434383,1274627.053,Bull Trend,False,True
2020-12-09 00:00:00+00:00,554.92,578.08,530.43,573.09,997192.1674,ETHUSDT,39.9464032,54.81929994,560.3777159,503.3622584,485.185,1283615.735,508.9438164,572.8715,636.7991836,0.2231833268,35.30330228,23.5407606,20.40267319,-0.0984898537,25.78690826,0.404434383,1283615.735,Bull Trend,False,True
2020-12-10 00:00:00+00:00,573.2,575.7,548.11,558.99,608414.5147,ETHUSDT,39.06380298,52.27271683,560.2455524,505.5437385,488.5572,1238218.366,517.7489074,575.315,632.8810926,0.2001202563,33.29172337,22.35316212,19.37338683,-0.1206701274,26.12922434,0.404434383,1238218.366,Bull Trend,False,True
2020-12-11 00:00:00+00:00,558.99,560.8,535.5,544.43,768921.7832,ETHUSDT,38.08067419,49.70497601,558.7393094,507.0686899,491.1662,1199221.89,516.6221205,574.919,633.2158795,0.2028003231,30.99398708,21.29237845,20.81928956,-0.1435740129,26.4424226,0.404434383,1199221.89,Bull Trend,False,True
2020-12-12 00:00:00+00:00,544.46,574,543.1,568.04,573913.9531,ETHUSDT,37.56776889,53.67851839,559.6250894,509.4597217,494.3448,1135401.691,517.328016,575.3195,633.310984,0.2015974916,29.28093288,22.55118073,19.59613611,-0.1064338524,26.75427337,0.404434383,1135401.691,Bull Trend,False,True
2020-12-13 00:00:00+00:00,568.09,595,563.22,590.7,657794.4616,ETHUSDT,37.15435683,57.17550285,562.5846047,512.6456149,497.916,1064490.972,517.9819436,574.4255,630.8690564,0.1965217644,28.30513775,25.21059481,18.39888139,-0.0707881076,27.06468241,0.3986075069,1064490.972,Bull Trend,False,True
2020-12-14 00:00:00+00:00,590.81,591.48,575.6,586.29,493012.0271,ETHUSDT,35.63475991,56.28493544,564.8422614,515.53363,501.5246,1008819.048,518.5010862,573.4915,628.4819138,0.1917741198,27.39904227,24.40811943,17.81322883,-0.07772534214,27.35760986,0.3780363356,1008819.048,Bull Trend,False,True
2020-12-15 00:00:00+00:00,586.29,597.2,578.58,588.64,569270.5201,ETHUSDT,34.41941992,56.6722262,567.1087127,518.4005465,505.447,976310.5731,519.104203,574.4485,629.792797,0.1926867143,26.72892186,24.65200338,17.12490827,-0.07402862986,27.6295782,0.3473800361,976310.5731,Bull Trend,False,True
2020-12-16 00:00:00+00:00,588.78,640,580.71,637.18,1185588.051,ETHUSDT,36.19588992,63.80517477,573.7821686,523.0585643,510.1216,901416.9385,524.4976061,580.316,636.1343939,0.1923724105,27.19764647,30.21376887,15.12125574,-0.00440625,27.94425119,0.3203969689,901416.9385,Bull Trend,False,True
2020-12-17 00:00:00+00:00,637.18,676.25,625.76,642.7,2006130.02,ETHUSDT,37.21689779,64.52050105,580.3457716,527.7503853,515.211,947320.2255,531.9236223,586.517,641.1103777,0.1861612797,28.32498846,34.24324959,13.65596089,-0.04961182994,28.28281658,0.2910927107,947320.2255,Bull Trend,False,True
2020-12-18 00:00:00+00:00,642.71,664.61,629.4,653.85,1000012.98,ETHUSDT,37.07354794,65.98293097,587.3461743,532.6954682,520.5454,952295.4438,535.1345877,592.3335,649.5324123,0.1931307695,29.37180602,31.92025173,12.7295661,-0.03312384473,28.62504397,0.2485665488,952295.4438,Bull Trend,False,True
2020-12-19 00:00:00+00:00,653.76,669.95,645.42,658.03,858803.8846,ETHUSDT,36.17758023,66.53974849,594.0779672,537.6105479,526.0562,952471.8147,533.0424879,596.42,659.7975121,0.2125264481,30.44247078,31.42862172,12.11305117,-0.02694269871,28.95362416,0.2178548875,952471.8147,Bull Trend,False,True
2020-12-20 00:00:00+00:00,658.05,661.39,621.01,638.18,823958.2284,ETHUSDT,36.47775307,61.39987539,598.2781608,541.554448,531.0906,918570.2534,532.0825004,597.496,662.9094996,0.2189587868,30.33842795,28.94356941,15.93509696,-0.05629574861,29.2666272,0.2157426175,918570.2534,Bull Trend,False,True
2020-12-21 00:00:00+00:00,638.1,648,595.9,607.58,843251.1656,ETHUSDT,37.59362786,54.42102971,599.1640503,544.1436853,535.3088,852539.021,533.3101043,598.612,663.9138957,0.2181777035,29.26948927,26.07841826,19.12861204,-0.1015452865,29.58296335,0.2153520758,852539.021,Bull Trend,False,True
2020-12-22 00:00:00+00:00,607.68,637.73,588,636.45,918851.2565,ETHUSDT,38.46051158,59.13977855,602.7150931,547.7635408,540.3774,845004.651,533.2517684,600.59,667.9282316,0.2242402692,27.992403,23.66986301,18.82911028,-0.05885397412,29.91444216,0.2153520758,845004.651,Bull Trend,False,True
2020-12-23 00:00:00+00:00,636.41,638.44,551.28,585.56,1208807.365,ETHUSDT,41.93904647,49.42600057,601.0812747,549.2457549,544.331,858660.6234,531.815785,599.0755,666.335215,0.2245450364,26.3517057,20.15614925,22.28796463,-0.1341072089,30.31450581,0.2153520758,858660.6234,Range/Chop,False,True
2020-12-24 00:00:00+00:00,585.48,615.02,565.43,612.31,886335.8633,ETHUSDT,42.48554315,53.72829384,602.1506771,551.7188625,548.5274,850354.7772,535.4815491,601.329,667.1764509,0.219006404,24.82820107,18.47567268,20.42975243,-0.09455083179,30.72729111,0.2153520758,850354.7772,Range/Chop,False,True
2020-12-25 00:00:00+00:00,612.31,634.24,604.28,626.82,798009.6292,ETHUSDT,41.59086149,55.91884781,604.5001365,554.6640052,552.73,855176.8609,536.1012158,602.83,669.5587842,0.221385081,23.31189504,20.82589509,19.3785679,-0.07309426987,31.11196079,0.2153520758,855176.8609,Range/Chop,False,True
2020-12-26 00:00:00+00:00,626.78,652.91,615.26,637.44,958585.5065,ETHUSDT,41.30937139,57.50455366,607.6372663,557.9101226,556.3606,872981.288,536.2211979,604.625,673.0288021,0.2262685204,22.44851638,22.6983603,18.11700172,-0.05739001848,31.48974931,0.2153520758,872981.288,Range/Chop,False,True
2020-12-27 00:00:00+00:00,637.44,717.13,625,685.11,1859968.15,ETHUSDT,44.93941629,63.7994697,615.0156219,562.8983531,561.3586,941063.2267,532.8247443,609.3165,685.8082557,0.251073968,23.08369835,29.58191348,15.46403419,-0.04465020289,31.91608864,0.2153520758,941063.2267,Range/Chop,False,True
2020-12-28 00:00:00+00:00,685.1,748.09,681.04,730.41,1627154.393,ETHUSDT,46.5187437,68.56488099,626.0055627,569.4674373,566.8808,982198.796,529.2955301,618.09,706.8844699,0.2873189014,24.18973573,31.29018449,13.87195169,-0.02363352003,32.37608231,0.2153520758,982198.796,Range/Chop,False,True
2020-12-29 00:00:00+00:00,730.4,740.78,689.2,732,1106876.359,ETHUSDT,46.880262,68.72052361,636.100271,575.8412633,572.6344,987683.0056,526.9293366,626.0355,725.1416634,0.3166151548,25.21677045,28.83111164,12.78176509,-0.02150810731,32.84238596,0.2153520758,987683.0056,Bull Trend,False,True
2020-12-30 00:00:00+00:00,732,758.74,716.62,752.17,1008574.099,ETHUSDT,46.54024329,70.70223915,647.1545309,582.7561157,578.671,1007690.985,527.3810239,635.6945,744.0079761,0.3407721038,26.46064359,29.72378543,11.95549409,-0.008659092706,33.30769172,0.2185682451,1007690.985,Bull Trend,False,True
2020-12-31 00:00:00+00:00,752.17,755.74,722,736.42,863375.5798,ETHUSDT,45.6259402,67.12595779,655.6560041,588.7821504,584.1376,1012413.675,537.0050764,645.294,753.5829236,0.3356266248,27.61566865,28.15375043,11.32399498,-0.02941719166,33.76364231,0.2189825954,1012413.675,Bull Trend,False,True
2021-01-01 00:00:00+00:00,736.42,749,714.29,728.91,675114.0933,ETHUSDT,44.84623018,65.42655386,662.6325752,594.2773602,589.468,1017473.682,545.2986626,653.3375,761.3763374,0.3307290258,28.36343137,26.59729427,11.92596329,-0.03931518043,34.19670358,0.2201957425,1017473.682,Bull Trend,False,True
2021-01-02 00:00:00+00:00,728.91,787.69,714.91,774.56,1352618.577,ETHUSDT,46.84149946,70.34171427,673.2923299,601.3472676,595.4306,1052214.887,546.3899256,662.5305,778.6710744,0.3505969141,29.70769016,29.54530427,10.60239396,-0.01666899415,34.66193904,0.2228126751,1052214.887,Bull Trend,False,True
2021-01-03 00:00:00+00:00,774.44,1011.07,768.71,978.28,2813603.886,ETHUSDT,60.80710664,82.38022812,702.3387747,616.1289434,605.7784,1168244.48,506.8328295,682.13,857.4271705,0.513969978,32.75719742,47.37381255,7.583954245,-0.03243098895,35.3444672,0.2243926528,1168244.48,Bull Trend,False,True
2021-01-04 00:00:00+00:00,978.33,1162.97,890,1041.43,4245010.94,ETHUSDT,75.96159902,84.48285844,734.6331771,632.8074162,617.6454,1352031.501,475.0955308,704.7695,934.4434692,0.6517704561,36.09959829,49.49741412,5.637301484,-0.1045082848,36.27432669,0.2254067784,1352031.501,High Vol Expansion,False,True
2021-01-05 00:00:00+00:00,1041.45,1134.6,974.45,1099.56,2706995.675,ETHUSDT,81.97505623,86.12431275,769.3881126,651.1114391,630.4256,1428101.883,443.511252,727.8885,1012.265748,0.7813758508,39.20325624,42.59025128,4.850638988,-0.05452419237,37.27662478,0.2386712442,1428101.883,High Vol Expansion,False,True
2021-01-06 00:00:00+00:00,1100.16,1213,1057.26,1208.42,2390136.593,ETHUSDT,87.24398079,88.56404517,811.2006733,672.9666768,644.951,1447302.211,406.3163625,756.1745,1106.032638,0.9253370419,42.28132386,43.5784441,4.232144812,-0.003775762572,38.34018729,0.2691964347,1447302.211,High Vol Expansion,False,True
2021-01-07 00:00:00+00:00,1208.75,1289,1131,1224.87,1972922.821,ETHUSDT,92.29798216,88.88216459,850.5977521,694.6099444,659.8802,1495947.703,383.5009847,784.7255,1185.950015,1.022585644,45.29497743,44.13147108,3.71466029,-0.04975174554,39.48241201,0.3019670281,1495947.703,High Vol Expansion,False,True
2021-01-08 00:00:00+00:00,1224.86,1273.75,1065,1216.93,2131172.923,ETHUSDT,100.6159834,87.61528046,885.4865376,715.0930838,674.7938,1559566.155,374.4842205,812.6705,1250.85678,1.078386085,46.73473042,37.59143903,7.849593121,-0.05591155935,40.76059687,0.3236720903,1559566.155,High Vol Expansion,False,True
2021-01-09 00:00:00+00:00,1216.72,1304.37,1171.36,1276,1448871.115,ETHUSDT,102.9298418,88.88461982,922.6782959,737.0894335,690.1114,1590811.8,370.4470304,844.5615,1318.67597,1.122747058,48.19254535,36.24653036,7.125053568,-0.02174996358,42.08642328,0.3331778253,1590811.8,High Vol Expansion,False,True
2021-01-10 00:00:00+00:00,1276,1348.33,1170,1254.25,1951179.35,ETHUSDT,108.3155673,85.41330446,954.2565534,757.37024,704.1494,1646208.209,384.0059694,876.895,1369.784031,1.12416887,49.71148094,34.88289327,6.287150793,-0.0697752034,43.49773829,0.3381993643,1646208.209,High Vol Expansion,False,True
2021-01-11 00:00:00+00:00,1254.24,1260,915,1087.01,4099450.9,ETHUSDT,125.2215983,64.54106098,966.8997388,770.2972894,714.689,1805238.191,411.3897466,899.423,1387.456253,1.085214084,47.4241981,28.01814975,19.5955196,-0.1938101207,45.19657841,0.3456845089,1805238.191,High Vol Expansion,False,True
2021-01-12 00:00:00+00:00,1087,1150.02,1006.33,1050.16,2302645.341,ETHUSDT,126.5407698,61.00368137,974.8292875,781.2722977,723.5206,1859930.09,452.6952818,922.653,1392.610718,1.018709565,45.30029261,25.74563092,18.0061503,-0.2211402253,46.92026328,0.432283446,1859930.09,High Vol Expansion,False,True
2021-01-13 00:00:00+00:00,1050.36,1137.65,987.48,1129.89,1564202.391,ETHUSDT,128.228572,65.41981166,989.5969744,794.9435801,734.019,1893823.416,493.0012704,948.532,1404.06273,0.9604962819,43.11354708,23.59198711,17.54994287,-0.1620078171,48.66928019,0.582870217,1893823.416,High Vol Expansion,False,True
2021-01-14 00:00:00+00:00,1129.79,1247.55,1086.7,1231.62,1555737.386,ETHUSDT,130.558674,70.07617942,1012.646786,812.0681456,747.2614,1931709.804,532.4778636,978.772,1425.066136,0.9119470855,41.92464105,27.52849246,16.00553144,-0.08655892845,50.45783161,0.7165731534,1931709.804,High Vol Expansion,False,True
2021-01-15 00:00:00+00:00,1231.89,1256.98,1069.42,1168.53,1944038.837,ETHUSDT,134.6301973,64.29406147,1027.492807,826.0470418,760.2354,1980982.47,580.7584805,1005.3265,1429.894519,0.8446370796,40.61422265,24.78911338,15.32960715,-0.1333501443,52.31745078,0.8130064652,1980982.47,High Vol Expansion,False,True
2021-01-16 00:00:00+00:00,1168.48,1298,1151.77,1227.83,1575384.438,ETHUSDT,135.4587546,67.04637892,1046.572539,841.8032363,774.4184,1966753.285,624.1655574,1032.4625,1440.759443,0.7909186873,39.69869961,25.04068598,14.14756656,-0.08936981303,54.1884662,0.8177778834,1966753.285,High Vol Expansion,False,True
2021-01-17 00:00:00+00:00,1227.83,1269.02,1165,1232.45,1317285.006,ETHUSDT,133.2131293,67.25813382,1064.275155,857.1227172,788.317,1951259.816,665.215409,1057.5645,1449.913591,0.7419861218,38.84857108,23.64403463,13.35848203,-0.08594335215,56.00358766,0.8177778834,1951259.816,High Vol Expansion,False,True
2021-01-18 00:00:00+00:00,1232.5,1260.75,1182.58,1258.45,998050.1107,ETHUSDT,129.2814772,68.48545279,1082.767997,872.861042,801.96,1945818.503,712.3511858,1083.887,1455.422814,0.6855618975,38.05916601,22.62286625,12.78153907,-0.06666023896,57.76320045,0.8177778834,1945818.503,High Vol Expansion,False,True
2021-01-19 00:00:00+00:00,1258.52,1438.3,1251.49,1365.36,2278852.558,ETHUSDT,133.3906574,72.97187024,1109.681521,892.1747266,816.934,2009332.426,756.6121236,1114.5465,1472.480876,0.6422959947,38.51138753,29.86733504,11.50295342,-0.05071264687,59.56743613,0.8177778834,2009332.426,High Vol Expansion,False,True
2021-01-20 00:00:00+00:00,1365.36,1407.93,1235.42,1376.99,2219137.621,ETHUSDT,136.1848961,73.41524135,1135.139472,911.1870903,832.7686,2077120.528,816.1311974,1146.575,1477.018803,0.5764015483,38.70533928,27.1649093,11.30502163,-0.04262671209,61.38804783,0.8177778834,2077120.528,High Vol Expansion,False,True
2021-01-21 00:00:00+00:00,1376.72,1390,1086,1110.96,2310208.573,ETHUSDT,148.1716893,52.28639842,1132.836665,919.0213221,843.05,2158875.252,895.3104164,1165.6775,1436.044584,0.4638797327,37.07050042,23.18394232,16.85132571,-0.2275881249,63.35766347,0.8177778834,2158875.252,High Vol Expansion,False,True
2021-01-22 00:00:00+00:00,1111.98,1273.79,1042.31,1232.62,2020593.217,ETHUSDT,154.1222829,58.20973594,1142.33984,931.3193094,855.3854,2192273.984,985.3519338,1188.5805,1391.809066,0.3419685352,35.10888388,20.69676189,17.06834037,-0.1430021553,65.38986607,0.8177778834,2192273.984,High Vol Expansion,False,True
2021-01-23 00:00:00+00:00,1232.61,1272.44,1195.9,1233.6,1009545.083,ETHUSDT,148.5806913,58.25469269,1151.031283,943.1734542,868.7126,2102071.044,1021.874892,1201.3465,1380.818108,0.2987840863,33.28738281,19.93520833,16.44029742,-0.1423207954,67.32279231,0.8177778834,2102071.044,High Vol Expansion,False,True
2021-01-24 00:00:00+00:00,1233.46,1398.83,1220,1392.51,1510879.538,ETHUSDT,150.7413562,64.85665071,1174.029256,960.7944952,884.6268,1965364.474,1036.769981,1218.9005,1401.031019,0.2988439477,32.58036356,24.23490367,15.047174,-0.03183619551,69.2684381,0.8177778834,1965364.474,High Vol Expansion,False,True
2021-01-25 00:00:00+00:00,1392.19,1475,1293.69,1317.88,1885441.313,ETHUSDT,152.9248307,60.05325316,1187.729327,974.7978483,898.9536,1924286.756,1051.474562,1229.8165,1408.158438,0.29003016,32.4165637,25.74029762,13.77287701,-0.1065220339,71.17650204,0.8177778834,1924286.756,High Vol Expansion,False,True
2021-01-26 00:00:00+00:00,1317.6,1378.49,1244.56,1365.97,1682923.658,ETHUSDT,151.5680571,62.00595342,1204.704629,990.1379327,914.4474,1888926.109,1050.147686,1237.694,1425.240314,0.3030576445,31.71667865,24.11566297,15.21890285,-0.07391864407,73.06378761,0.7664524045,1888926.109,High Vol Expansion,False,True
2021-01-27 00:00:00+00:00,1366.54,1373.9,1207,1239.03,2009772.084,ETHUSDT,152.6631959,54.44096325,1207.973712,999.8984059,928.1292,1890768.572,1050.94779,1238.402,1425.85621,0.3027356384,30.66195383,22.23247723,15.78783272,-0.159979661,74.96573135,0.7137740097,1890768.572,High Vol Expansion,False,True
2021-01-28 00:00:00+00:00,1238.93,1360,1217.23,1329.69,1365269.72,ETHUSDT,151.956539,58.34935933,1219.56574,1012.83141,943.2612,1852473.412,1052.764222,1244.04,1435.315778,0.3075074397,29.6825665,20.74044781,14.72830567,-0.09851525424,76.84633387,0.6639289461,1852473.412,Bull Trend,False,True
2021-01-29 00:00:00+00:00,1329.44,1436.9,1285.35,1379.5,2253963.187,ETHUSDT,151.9275005,60.36136075,1234.797574,1027.21057,959.6714,1892728.016,1049.352811,1249.215,1449.077189,0.3199804502,29.35981373,22.87811456,13.67889784,-0.06474576271,78.71733384,0.6093487715,1892728.016,Bull Trend,False,True
2021-01-30 00:00:00+00:00,1379.56,1406,1326.41,1378.05,1040042.236,ETHUSDT,146.7605362,60.27008728,1248.440662,1040.968979,976.3438,1847171.16,1047.78455,1255.405,1463.02545,0.3307625036,29.06011473,21.99189484,13.14902424,-0.06572881356,80.45932189,0.5201406405,1847171.16,Bull Trend,False,True
2021-01-31 00:00:00+00:00,1378.04,1380.74,1281.12,1312.55,958704.8557,ETHUSDT,143.393355,56.14038355,1254.546313,1051.619215,991.234,1690133.858,1072.82818,1266.682,1460.53582,0.3060812737,28.21610593,20.90057481,14.75255252,-0.1101355932,82.15984652,0.4029241339,1690133.858,Bull Trend,False,True
2021-02-01 00:00:00+00:00,1312.45,1377.99,1269.99,1374.17,1096397.919,ETHUSDT,140.8652583,58.9874581,1265.939045,1064.268266,1006.9034,1629821.487,1111.232107,1282.8825,1454.532893,0.267601114,27.29444832,19.75598453,14.50901905,-0.06835932203,83.82269082,0.3363655194,1629821.487,Bull Trend,False,True
2021-02-02 00:00:00+00:00,1374.09,1547.9,1360.28,1511.87,1944227.999,ETHUSDT,144.2048827,64.52871033,1289.361041,1081.821275,1025.415,1648822.767,1118.105226,1301.9815,1485.857774,0.2824560476,27.72758162,26.33609766,13.16064874,-0.02327669746,85.52561766,0.3253714769,1648822.767,Bull Trend,False,True
2021-02-03 00:00:00+00:00,1511.93,1669.35,1508.39,1664.49,1535869.888,ETHUSDT,145.4016768,69.45474222,1325.087609,1104.671029,1046.932,1647829.392,1084.399052,1323.625,1562.850948,0.3614708821,28.80053831,30.2198914,12.12001522,-0.002911312786,87.25539497,0.3253714769,1647829.392,Bull Trend,False,True
2021-02-04 00:00:00+00:00,1664.67,1695.2,1554.44,1595.67,1646502.33,ETHUSDT,145.0701284,65.06673667,1350.85736,1123.92589,1066.1018,1632952.567,1089.256809,1344.982,1600.707191,0.3802655954,29.9248073,29.39824351,11.28002082,-0.05871283624,89.00002152,0.3253714769,1632952.567,Bull Trend,False,True
2021-02-05 00:00:00+00:00,1595.53,1760.49,1591,1719.19,1194123.299,ETHUSDT,146.814405,68.86840274,1385.936659,1147.269581,1087.6316,1613889.51,1072.493719,1369.55,1666.606281,0.4338012932,31.27947046,30.15054985,10.34986164,-0.02345937779,90.79926999,0.3253714769,1613889.51,Bull Trend,False,True
2021-02-06 00:00:00+00:00,1718.95,1743.67,1642.94,1676.35,1149808.331,ETHUSDT,143.5226618,66.1784285,1413.595073,1168.017833,1108.0816,1605515.676,1073.408813,1391.745,1710.081187,0.457463381,32.53737195,28.63905889,9.831008005,-0.04779351203,92.53541737,0.3253714769,1605515.676,Bull Trend,False,True
2021-02-07 00:00:00+00:00,1676.35,1693,1490.46,1611.62,1281734.868,ETHUSDT,147.7381859,62.22363067,1432.45459,1185.413996,1127.1534,1619699.914,1083.510682,1409.4035,1735.296318,0.462454958,31.84202632,25.83460211,16.2404292,-0.08456168453,94.33194708,0.3253714769,1619699.914,Bull Trend,False,True
2021-02-08 00:00:00+00:00,1611.46,1775.57,1563.89,1750.15,1339777.095,ETHUSDT,152.3054583,66.79673898,1462.711295,1207.560506,1149.3928,1572746.141,1071.488741,1428.643,1785.797259,0.4999909135,31.70754087,27.14228033,14.62817385,-0.01431652934,96.219308,0.3253714769,1572746.141,Bull Trend,False,True
2021-02-09 00:00:00+00:00,1749.68,1821.88,1708.49,1769.13,1185071.896,ETHUSDT,149.5257828,67.37940568,1491.894029,1229.582839,1172.6238,1521042.854,1062.667194,1448.25,1833.832806,0.5324810023,31.84794361,27.88431043,13.83581713,-0.02895360836,98.07672648,0.3253714769,1521042.854,Bull Trend,False,True
2021-02-10 00:00:00+00:00,1769.14,1837.86,1680,1740.78,1219932.255,ETHUSDT,150.121084,65.52963146,1515.597455,1249.629787,1194.7104,1466529.039,1106.821144,1479.741,1852.660856,0.5040339576,31.65427027,25.78989764,14.15217029,-0.0528223042,99.95261506,0.3253714769,1466529.039,Bull Trend,False,True
2021-02-11 00:00:00+00:00,1740.76,1819,1703.44,1785.62,735079.827,ETHUSDT,147.6524351,67.06951168,1541.313888,1270.649011,1218.7116,1402253.369,1129.886346,1507.391,1884.895654,0.5008715777,31.47443074,24.34815248,13.36101464,-0.02842436312,101.7942497,0.3253714769,1402253.369,Bull Trend,False,True
2021-02-12 00:00:00+00:00,1785.83,1864.88,1739.88,1840.26,909600.2065,ETHUSDT,146.034404,68.89310284,1569.784946,1292.986696,1243.2706,1397256.125,1155.62787,1537.724,1919.82013,0.4969632127,31.60915132,25.10359137,12.54411965,-0.01320192184,103.6342438,0.3461166928,1397256.125,Bull Trend,False,True
2021-02-13 00:00:00+00:00,1840.24,1871.72,1765,1814.96,767589.0728,ETHUSDT,143.2262323,67.0418331,1593.134951,1313.456238,1267.0334,1360091.602,1164.679846,1558.8465,1953.013154,0.5057158019,31.77937076,24.10863433,11.87649033,-0.03032504862,105.4476906,0.3708682387,1360091.602,Bull Trend,False,True
2021-02-14 00:00:00+00:00,1815.25,1850,1784.11,1800.42,675261.7787,ETHUSDT,137.7022157,65.9450898,1612.876384,1332.552856,1290.293,1299582.625,1191.696766,1582.9735,1974.250234,0.4943566451,31.93743167,23.28464203,11.470572,-0.03809330455,107.1394627,0.4070334443,1299582.625,Bull Trend,False,True
2021-02-15 00:00:00+00:00,1800.03,1835.72,1655.67,1779.25,1053474.579,ETHUSDT,140.7270575,64.2958523,1628.721491,1350.070391,1312.1758,1268110.171,1216.757327,1603.6375,1990.517673,0.4825032754,30.44647554,21.15671344,16.94150869,-0.04940375697,108.8646321,0.4456323371,1268110.171,Bull Trend,False,True
2021-02-16 00:00:00+00:00,1779.33,1827.28,1724,1781.99,817493.4751,ETHUSDT,138.0522676,64.4198811,1643.318492,1367.008415,1333.2074,1208496.241,1275.113727,1630.7855,1986.457273,0.4361968789,29.06201627,20.02615543,16.03619991,-0.0479398628,110.5476107,0.4468301299,1208496.241,Bull Trend,False,True
2021-02-17 00:00:00+00:00,1781.99,1855,1733.01,1849.88,795711.6331,ETHUSDT,136.9049628,67.4381177,1662.991016,1385.944555,1355.565,1180018.337,1317.28769,1656.795,1996.30231,0.4098362318,28.03735525,20.1978122,15.01554609,-0.01166841194,112.2264004,0.4468301299,1180018.337,Bull Trend,False,True
2021-02-18 00:00:00+00:00,1849.7,1950.5,1849.69,1939.61,937227.1019,ETHUSDT,134.3267512,70.94616827,1689.335681,1407.656926,1379.3138,1114181.532,1349.023278,1684.8005,2020.577722,0.3985958241,27.89139738,24.19332447,14.21062335,-0.005583183799,113.8572171,0.4468301299,1114181.532,Bull Trend,False,True
2021-02-19 00:00:00+00:00,1938.91,1972.82,1891,1955,793404.4115,ETHUSDT,130.576269,71.51304421,1714.637045,1429.12136,1403.6854,1101849.641,1389.30249,1713.648,2037.99351,0.3785439133,27.92613295,24.33144965,13.57458938,-0.009032755142,115.4069278,0.4468301299,1101849.641,Bull Trend,False,True
2021-02-20 00:00:00+00:00,1955.46,2042.34,1803.14,1913,1261315.813,ETHUSDT,138.3351069,67.63467318,1733.528755,1448.096993,1427.3672,1116980.189,1465.521384,1743.6705,2021.819616,0.319038621,26.85672086,21.32628194,16.43459998,-0.06332931833,117.0715043,0.4468301299,1116980.189,Bull Trend,False,True
2021-02-21 00:00:00+00:00,1912.9,1976.31,1883.01,1933.53,756568.1974,ETHUSDT,135.1183135,68.53301892,1752.576493,1467.133582,1450.5466,1099988.703,1538.955676,1771.6385,2004.321324,0.2626752851,25.86369534,20.27443018,15.62401504,-0.0532771233,118.6244921,0.4468301299,1099988.703,Bull Trend,False,True
2021-02-22 00:00:00+00:00,1933.54,1936.29,1551,1777.58,1807244.981,ETHUSDT,152.9877197,55.85130503,1754.957779,1479.307951,1466.5326,1093139.552,1585.058035,1784.924,1984.789965,0.2239489921,25.87382411,16.62729562,28.31468034,-0.1296356141,120.4661951,0.4468301299,1093139.552,Range/Chop,False,True
2021-02-23 00:00:00+00:00,1777.42,1782.39,1355,1577.89,2547837.821,ETHUSDT,172.5878826,44.49691911,1738.094181,1483.173914,1477.2618,1143737.949,1567.185579,1780.594,1994.002421,0.2397047517,26.83377085,13.6862102,31.41810496,-0.2274107152,122.6494788,0.4468301299,1143737.949,Range/Chop,False,True
2021-02-24 00:00:00+00:00,1577.79,1712.7,1500.2,1623.39,1384388.817,ETHUSDT,175.4387481,47.13413354,1727.169973,1488.672584,1487.7384,1130632.273,1573.08119,1781.98,1990.87881,0.2344569632,27.72514995,12.50210964,28.69988019,-0.2051323482,124.8849684,0.4468301299,1130632.273,Range/Chop,False,True
2021-02-25 00:00:00+00:00,1623.16,1671.59,1459.16,1481.75,1032670.794,ETHUSDT,178.0809804,40.65777137,1703.796643,1488.40111,1493.205,1122559.648,1524.518853,1770.108,2015.697147,0.2774849292,28.734253,11.43685465,27.90059874,-0.2744841701,127.1039944,0.4468301299,1122559.648,Bear Trend,False,True
2021-02-26 00:00:00+00:00,1482.08,1562.25,1400,1444.59,1355973.294,ETHUSDT,176.9501961,39.13836903,1679.110296,1486.683027,1497.5994,1132867.896,1477.075186,1758.52,2039.964814,0.3200928207,29.92463206,10.68780221,28.4613408,-0.2926789859,129.277852,0.4230165553,1132867.896,Bear Trend,False,True
2021-02-27 00:00:00+00:00,1444.56,1529,1425,1458.13,927423.0475,ETHUSDT,171.7394678,40.01795468,1658.064553,1485.563301,1502.4234,1115152.305,1446.368079,1750.8455,2055.322921,0.347806155,31.02998404,10.22550252,27.2302487,-0.2860493356,131.3588387,0.404216028,1115152.305,Bear Trend,False,True
2021-02-28 00:00:00+00:00,1458.27,1468.75,1293.18,1419.18,1410207.563,ETHUSDT,172.0130772,38.3030447,1635.313643,1482.960034,1505.287,1118673.828,1397.234109,1734.297,2071.359891,0.3887026164,32.58744555,9.480006261,30.71884776,-0.305120597,133.4500526,0.3936492203,1118673.828,Bear Trend,False,True
2021-03-01 00:00:00+00:00,1418.67,1572,1409.91,1569.86,1094695.178,ETHUSDT,171.304286,47.64937536,1629.079963,1486.367876,1511.5992,1114154.992,1380.270214,1724.3335,2068.396786,0.3990681455,32.90894048,13.14449042,28.64266835,-0.2313424797,135.5446917,0.3936492203,1114154.992,Range/Chop,False,True
2021-03-02 00:00:00+00:00,1570,1602.9,1455.52,1486.78,1061142.387,ETHUSDT,169.5954084,43.71701367,1615.527586,1486.384037,1519.5946,1106215.499,1352.514271,1711.6335,2070.752729,0.4196216406,32.89277627,13.63000095,26.86475783,-0.2720213089,137.6238447,0.3936492203,1106215.499,Bear Trend,False,True
2021-03-03 00:00:00+00:00,1486.79,1656.94,1475.47,1567.69,1054846.315,ETHUSDT,170.4435935,48.2004654,1610.971625,1489.572506,1529.9452,1122203.823,1338.051418,1700.737,2063.422582,0.4265040179,32.33685933,14.85812561,24.82170756,-0.2324049864,139.6838796,0.3936492203,1122203.823,Range/Chop,False,True
2021-03-04 00:00:00+00:00,1567.68,1624.87,1506.36,1539.23,946365.6709,ETHUSDT,166.7340512,46.78860158,1604.139089,1491.519859,1538.132,1124042.097,1322.424974,1685.6855,2048.946026,0.430994424,31.82065074,14.1037864,23.56152254,-0.2463399826,141.4493287,0.3936492203,1124042.097,Range/Chop,False,True
2021-03-05 00:00:00+00:00,1539.22,1548.96,1441.66,1528.31,910786.2898,ETHUSDT,162.4887618,46.2290642,1596.917271,1492.96261,1544.0658,1131201.957,1307.007618,1671.353,2035.698382,0.4359885461,31.7341124,13.43853763,25.29432309,-0.2516867906,142.8914481,0.3936492203,1131201.957,Bear Trend,False,True
2021-03-06 00:00:00+00:00,1528.08,1671.58,1513.03,1650.35,1013300.939,ETHUSDT,162.2074217,52.99458422,1602.006103,1499.134664,1553.7022,1148103.915,1304.295728,1663.8495,2023.403272,0.4321950652,30.43781657,17.89989764,23.52832369,-0.1919318037,144.2286542,0.3936492203,1148103.915,Range/Chop,False,True
2021-03-07 00:00:00+00:00,1650.68,1734.16,1630.35,1726.16,848470.7814,ETHUSDT,158.0361773,56.64391034,1613.830283,1508.037619,1563.6688,1137853.726,1304.314356,1661.195,2018.075644,0.4296673702,28.69176914,19.88850724,22.4243833,-0.1548126169,145.4085241,0.3936492203,1137853.726,Range/Chop,False,True
2021-03-08 00:00:00+00:00,1726.46,1843.59,1664.96,1833.18,1149711.4,ETHUSDT,159.5071646,61.22095377,1634.720733,1520.7883,1575.6834,1154464.622,1302.735011,1663.7545,2024.773989,0.4339816826,27.06076255,23.19794924,20.63061363,-0.1024119392,146.5286771,0.3936492203,1154464.622,Bull Trend,False,True
2021-03-09 00:00:00+00:00,1833.22,1870.77,1798.2,1870.51,857229.4785,ETHUSDT,153.2973671,62.70013018,1657.176853,1534.502877,1587.9246,1157540.514,1301.534238,1664.786,2028.037762,0.4363945414,25.7415229,23.67998381,19.93301353,-0.08413388564,147.4067002,0.3936492203,1157540.514,Bull Trend,False,True
2021-03-10 00:00:00+00:00,1870.5,1877.69,1757,1795.12,937230.6283,ETHUSDT,150.9682695,57.89705119,1670.314296,1544.723156,1596.5198,1157540.69,1311.101094,1657.5615,2004.021906,0.4180362608,24.16547436,22.3277899,20.74410383,-0.121047426,148.2073407,0.393885381,1157540.69,Range/Chop,False,True
2021-03-11 00:00:00+00:00,1795.28,1846.7,1725,1825.78,909011.4961,ETHUSDT,148.8776788,59.26375794,1685.120553,1555.744993,1605.4956,1163321.045,1322.720544,1651.1005,1979.480456,0.3977710085,22.44684939,21.02408682,21.06816784,-0.1060352341,148.8833759,0.398419577,1163321.045,Range/Chop,False,True
2021-03-12 00:00:00+00:00,1825.78,1841.88,1719.72,1766.1,869564.6361,ETHUSDT,146.9692732,55.48800733,1692.832882,1563.994209,1618.5984,1143733.486,1333.039703,1643.7555,1954.471297,0.3780559784,20.89693171,19.77586554,20.07394283,-0.1352566174,149.2458371,0.398419577,1143733.486,Range/Chop,False,True
2021-03-13 00:00:00+00:00,1766.13,1944.3,1727.75,1922.35,926283.2264,ETHUSDT,151.9393251,62.26628789,1714.691655,1578.047377,1632.393,1152219.237,1334.534576,1643.1965,1951.858424,0.3756847391,20.20413148,22.57751788,18.03035813,-0.05875123633,149.6691464,0.398419577,1152219.237,Range/Chop,False,True
2021-03-14 00:00:00+00:00,1922.35,1933.1,1836,1848.1,637963.6363,ETHUSDT,148.0222304,57.76469608,1727.397211,1588.637676,1644.683,1093755.17,1330.48247,1646.7225,1962.96253,0.3840841794,19.56081699,21.51962804,17.18552954,-0.09510659342,149.9990407,0.398419577,1093755.17,Range/Chop,True,True
2021-03-15 00:00:00+00:00,1848.1,1891.76,1730,1793.48,1025326.797,ETHUSDT,149.0034997,54.63553269,1733.69081,1596.670709,1652.7024,1017629.619,1336.717125,1657.502,1978.286875,0.3870702725,18.3533485,19.85091602,20.93427598,-0.1218504265,150.3064544,0.398419577,1017629.619,Range/Chop,True,True
2021-03-16 00:00:00+00:00,1793.99,1819.5,1711.68,1805.12,764993.4015,ETHUSDT,146.0618211,55.19259213,1740.49359,1604.845191,1662.4472,986659.848,1339.941646,1666.5885,1993.235354,0.3919946097,17.38970999,18.80423311,20.72637299,-0.1161510816,150.4969815,0.398419577,986659.848,Range/Chop,True,True
2021-03-17 00:00:00+00:00,1805.01,1838.88,1741.18,1823.58,658349.4484,ETHUSDT,142.6074053,56.11300974,1748.406582,1613.423026,1671.5994,967943.7807,1361.770227,1683.68,2005.589773,0.3823883077,16.30638113,18.85473461,19.71211659,-0.1071124299,150.6161257,0.398419577,967943.7807,Range/Chop,True,True
2021-03-18 00:00:00+00:00,1823.58,1850,1759.04,1776.08,603721.6106,ETHUSDT,138.918305,53.09095562,1751.042145,1619.801731,1682.3404,930331.1965,1395.620634,1700.2545,2004.888366,0.3583391376,15.18861181,18.54467228,18.7901903,-0.1303700657,150.7112119,0.398419577,930331.1965,Range/Chop,True,True
2021-03-19 00:00:00+00:00,1775.92,1840.61,1733.47,1809.1,500258.4288,ETHUSDT,136.648426,54.90896862,1756.571465,1627.225193,1691.9286,908972.9656,1431.072104,1717.803,2004.533896,0.3338344335,14.40995441,17.50609664,19.0744542,-0.1142023365,150.8339944,0.398419577,908972.9656,Range/Chop,True,True
2021-03-20 00:00:00+00:00,1809.01,1868.83,1800.86,1806.1,451556.1064,ETHUSDT,131.7428242,54.70153994,1761.288468,1634.239891,1700.4606,861040.3928,1483.295364,1737.149,1991.002636,0.2922646659,13.38445627,18.39099743,18.37152047,-0.1156712399,150.8065305,0.398419577,861040.3928,Range/Chop,True,True
2021-03-21 00:00:00+00:00,1806.57,1817.16,1747,1782.98,465953.9875,ETHUSDT,127.344051,53.03862865,1763.354328,1640.072836,1708.5592,829603.3332,1505.296358,1747.805,1990.313642,0.2775007988,12.9878168,17.66724811,20.66959973,-0.1269915881,150.6591831,0.3948828091,829603.3332,Range/Chop,True,True
2021-03-22 00:00:00+00:00,1783.23,1807.51,1655.15,1680.97,582727.4908,ETHUSDT,129.1309045,46.34432121,1755.508202,1641.676647,1715.9276,805682.5884,1543.739111,1757.5145,1971.289889,0.2432701289,13.45183651,16.17829287,24.00828252,-0.1494401182,150.3418367,0.3895324411,805682.5884,Range/Chop,True,True
2021-03-23 00:00:00+00:00,1681.17,1721.17,1650,1668.08,577213.9959,ETHUSDT,124.9908399,45.56177702,1747.181706,1642.712072,1721.8058,781800.9725,1562.553567,1762.534,1962.514433,0.2269237729,13.92628356,15.52029659,23.32613569,-0.1420665535,149.8563126,0.3855772259,781800.9725,Range/Chop,True,True
2021-03-24 00:00:00+00:00,1668.2,1740.86,1536.92,1581.84,753834.5239,ETHUSDT,130.6300656,40.61990224,1731.434877,1640.324932,1723.2052,772174.4151,1573.533272,1764.6645,1955.795728,0.2166204715,15.23399401,13.7895589,26.90815283,-0.1864218485,149.5571356,0.3832362435,772174.4151,Range/Chop,True,True
2021-03-25 00:00:00+00:00,1581.88,1622,1549.4,1585.74,701697.0026,ETHUSDT,126.4850609,40.93192369,1717.559175,1638.184347,1721.6302,761719.9508,1589.41169,1767.536,1945.66031,0.2015509836,16.44829657,13.22420587,25.80495542,-0.1844159852,149.152864,0.3802221431,761719.9508,Range/Chop,True,True
2021-03-26 00:00:00+00:00,1585.83,1699.93,1585.79,1698.84,515470.9291,ETHUSDT,125.6068423,49.25887981,1715.776396,1640.563,1723.6936,736828.4503,1597.03834,1769.9605,1942.88266,0.1953966312,16.55309834,16.79710491,24.12928018,-0.1262459497,148.6975642,0.3768703588,736828.4503,Range/Chop,True,True
2021-03-27 00:00:00+00:00,1698.84,1732.67,1666.41,1712.63,443845.4996,ETHUSDT,121.3677821,50.18105684,1715.476739,1643.389157,1723.5624,716597.1862,1595.57763,1769.284,1942.99037,0.1963578153,16.25705471,18.0689321,23.18833494,-0.1191534228,148.1942262,0.3670119384,716597.1862,Range/Chop,True,True
2021-03-28 00:00:00+00:00,1712.52,1725.66,1661.4,1687.01,348895.5131,ETHUSDT,117.2886548,48.42037086,1712.765621,1645.099778,1723.7756,676556.3918,1587.34014,1761.9755,1936.61086,0.1982267742,16.02994241,17.36181854,22.58598561,-0.1323304017,147.6046506,0.3460867856,676556.3918,Range/Chop,True,True
2021-03-29 00:00:00+00:00,1687.16,1841,1677.85,1816.74,647724.4639,ETHUSDT,120.5644652,56.70424348,1722.667943,1651.830767,1727.878,666081.1411,1589.839429,1759.287,1928.734571,0.1926320959,15.23678605,22.51698552,20.40285979,-0.06560715939,147.0814493,0.3130495497,666081.1411,Range/Chop,True,True
2021-03-30 00:00:00+00:00,1816.76,1859.13,1786.3,1840.46,568842.0053,ETHUSDT,117.1548606,58.03144883,1733.886234,1659.227992,1729.6842,647661.71,1589.063616,1761.554,1934.044384,0.1958388832,14.67850602,22.62251614,19.49689148,-0.05340739598,146.5019053,0.2848827324,647661.71,Range/Chop,True,True
2021-03-31 00:00:00+00:00,1840.41,1947.29,1768.15,1919.37,746995.8591,ETHUSDT,121.5823705,62.18447758,1751.551355,1669.429639,1732.689,639560.9281,1582.327209,1766.2335,1950.139791,0.2082468608,14.95910091,25.42097311,17.44497678,-0.01433787469,146.0822692,0.2603854639,639560.9281,Range/Chop,True,True
2021-04-01 00:00:00+00:00,1919.37,1984.77,1885.02,1968.05,741585.0727,ETHUSDT,120.0229155,64.51719491,1772.170273,1681.140242,1737.2344,633161.9499,1572.46913,1776.331,1980.19287,0.2295313997,15.52440728,26.14241745,16.40937905,-0.008424149901,145.6927619,0.2364007643,633161.9499,Range/Chop,True,True
2021-04-02 00:00:00+00:00,1968.05,2146,1948.48,2133.69,846197.9322,ETHUSDT,125.5584215,71.05908944,1806.600724,1698.887291,1744.1958,629157.6852,1537.118502,1786.898,2036.677498,0.2795677177,17.12575367,32.37705057,14.56551311,-0.005736253495,145.437648,0.2364007643,629157.6852,Range/Chop,False,True
2021-04-03 00:00:00+00:00,2133.69,2138.12,1996.3,2008.52,770176.3219,ETHUSDT,126.7199628,61.78839587,1825.831131,1711.02975,1747.561,635768.3195,1528.073395,1794.919,2061.764605,0.2973344259,18.61271817,29.78882757,13.40114528,-0.06406337372,145.1462326,0.2364007643,635768.3195,Range/Chop,False,True
2021-04-04 00:00:00+00:00,2008.59,2091.83,1975.24,2075.69,514345.7655,ETHUSDT,125.9963941,64.46743425,1849.627214,1725.330152,1752.7756,610219.2679,1515.471654,1809.0295,2102.587346,0.3245473287,19.71020712,27.81990534,13.70929496,-0.03276328052,144.8228113,0.2364007643,610219.2679,Range/Chop,False,True
2021-04-05 00:00:00+00:00,2075.7,2130.64,2002.15,2107.38,684923.6149,ETHUSDT,126.1745088,65.68962966,1874.175098,1740.312499,1758.9148,606215.7786,1503.109565,1824.1425,2145.175435,0.3519822982,20.98384328,27.99337278,12.71208917,-0.01799627213,144.5078843,0.2364007643,606215.7786,Range/Chop,False,True
2021-04-06 00:00:00+00:00,2107.43,2151,2044.65,2112.21,673386.0558,ETHUSDT,124.7584724,65.88225083,1896.845089,1754.896715,1765.574,606967.609,1493.863127,1838.574,2183.284873,0.3749763383,22.29852277,27.454563,11.93806176,-0.0180334728,144.1402854,0.2364007643,606967.609,Range/Chop,False,True
2021-04-07 00:00:00+00:00,2112.22,2129.01,1930.01,1963.47,892984.9042,ETHUSDT,130.0614387,55.5413097,1903.190318,1763.076059,1769.2036,621430.7737,1500.361656,1847.9435,2195.525344,0.3761823277,22.00456626,24.45408102,16.92928843,-0.08718270572,143.9159317,0.2364007643,621430.7737,Range/Chop,False,True
2021-04-08 00:00:00+00:00,1963.46,2084.61,1947.35,2080.46,501355.998,ETHUSDT,130.5756216,60.75856581,1920.073145,1775.522488,1773.8152,621485.6521,1500.142165,1861.5115,2222.880835,0.3882536696,21.73160666,22.61794351,15.65815085,-0.03279404928,143.6298889,0.2364007643,621485.6521,Range/Chop,False,True
2021-04-09 00:00:00+00:00,2080.39,2100,2047.57,2066.87,426387.4379,ETHUSDT,124.9937915,59.87950466,1934.053798,1786.947881,1776.3604,620227.2187,1503.432603,1874.55,2245.667397,0.3959535859,21.61336801,22.81974852,15.18900935,-0.03911204091,143.1746945,0.2364007643,620227.2187,Range/Chop,False,True
2021-04-10 00:00:00+00:00,2067.19,2200,2058,2133.49,655458.2089,ETHUSDT,126.2085207,62.72646863,1953.047722,1800.537768,1779.9302,629702.4298,1507.065732,1892.0755,2277.085268,0.4069708299,22.29910808,26.64538772,13.96833145,-0.03023181818,142.7860734,0.2364007643,629702.4298,Range/Chop,False,True
2021-04-11 00:00:00+00:00,2133.49,2165.02,2113.4,2151.36,392265.5077,ETHUSDT,120.8807692,63.47516978,1971.934606,1814.295503,1784.6974,620179.3306,1527.584126,1915.595,2303.605874,0.4051074196,22.93586673,25.83264181,13.54226505,-0.02210909091,142.2987349,0.2545495587,620179.3306,Range/Chop,False,True
2021-04-12 00:00:00+00:00,2151.42,2203.46,2102,2137.69,579093.3569,ETHUSDT,119.4935714,62.44190237,1987.720834,1826.97764,1788.7806,620273.2987,1557.028899,1939.0755,2321.122101,0.3940502585,23.81452593,26.56371531,12.7209428,-0.02984851098,141.8294205,0.2884510718,620273.2987,Range/Chop,False,True
2021-04-13 00:00:00+00:00,2137.86,2318,2135.53,2299.19,782608.6209,ETHUSDT,123.9918877,68.88589293,2017.384564,1845.495772,1799.2128,621712.0035,1599.141529,1974.943,2350.744471,0.3805694347,25.36146297,30.36979315,11.38376405,-0.008114754098,141.4620452,0.3109408773,621712.0035,Bull Trend,False,True
2021-04-14 00:00:00+00:00,2299.19,2447.29,2281.33,2432.6,972931.6087,ETHUSDT,126.98961,73.00608717,2056.928891,1868.519467,1816.307,635273.7338,1635.645832,2017.286,2398.926168,0.3783699164,27.42555128,34.80706793,10.32110711,-0.006002557931,141.1914348,0.3382648135,635273.7338,Bull Trend,False,True
2021-04-15 00:00:00+00:00,2432.59,2543.47,2400,2514.04,681950.9664,ETHUSDT,128.1667808,75.16785316,2100.463282,1893.833997,1834.12,643597.7357,1648.076436,2058.046,2468.015564,0.398406609,29.71577612,37.38419547,9.495860263,-0.01157080681,141.0325109,0.3634793182,643597.7357,Bull Trend,False,True
2021-04-16 00:00:00+00:00,2514.04,2548.29,2300,2422.67,999163.7521,ETHUSDT,136.7470107,68.53631695,2131.149636,1914.572664,1852.9384,671363.6483,1686.410228,2093.548,2500.685772,0.3889452467,30.54947932,32.53576257,13.48773277,-0.04929580228,140.9661768,0.375579333,671363.6483,Bull Trend,False,True
2021-04-17 00:00:00+00:00,2422.38,2495,2310,2317.6,624232.2557,ETHUSDT,140.1936528,61.78589205,2148.906814,1930.377658,1870.3986,685130.4854,1752.5591,2125.0775,2497.5959,0.3505927665,31.32363229,29.46902699,12.21641448,-0.09052737326,141.0018666,0.375579333,685130.4854,Bull Trend,False,True
2021-04-18 00:00:00+00:00,2317.65,2340,1946.8,2235.64,1475383.692,ETHUSDT,158.2655347,57.06435741,2157.167117,1942.34873,1885.9488,726513.4468,1798.969771,2146.0225,2493.075229,0.3234381084,29.39644116,24.23946975,26.4404778,-0.1226901177,141.3578761,0.375579333,726513.4468,Range/Chop,False,True
2021-04-19 00:00:00+00:00,2235.65,2300,2080,2161.12,820592.2656,ETHUSDT,162.6751394,53.09174293,2157.543582,1950.927996,1900.7876,739100.9599,1844.582246,2162.0555,2479.528754,0.2936772473,27.60690654,21.89795676,23.88634922,-0.1519332572,141.8303492,0.375579333,739100.9599,Range/Chop,False,True
2021-04-20 00:00:00+00:00,2161.12,2346.62,2055,2330.03,992240.809,ETHUSDT,171.8854866,59.9051895,2173.97086,1965.794741,1915.991,751363.2074,1877.684111,2182.5885,2487.492889,0.2793970457,25.66714922,21.18158191,20.99167403,-0.08564959247,142.5188362,0.375579333,751363.2074,Bull Trend,False,True
2021-04-21 00:00:00+00:00,2330.26,2469.54,2235.16,2357.06,1177885.862,ETHUSDT,176.3493804,60.8843271,2191.407921,1981.138476,1933.3966,773178.2468,1904.825094,2202.039,2499.252906,0.2699442712,24.6864263,24.14949741,18.99886515,-0.07504247947,143.1524074,0.375579333,773178.2468,Range/Chop,False,True
2021-04-22 00:00:00+00:00,2357.06,2644.47,2303.44,2397.94,2220753.097,ETHUSDT,188.1122818,62.38062037,2211.077643,1997.483634,1950.0016,841906.0051,1908.03993,2215.2515,2522.46307,0.2773604442,24.72096921,27.6646081,16.53863884,-0.09322472934,144.0356402,0.375579333,841906.0051,Range/Chop,False,True
2021-04-23 00:00:00+00:00,2397.94,2442.89,2107,2367.39,2532242.442,ETHUSDT,198.6678331,60.51753749,2225.964534,2011.989766,1966.5648,930009.3111,1934.576993,2233.195,2531.813007,0.2674356757,23.37814498,24.32368864,21.60410644,-0.1047771387,144.7969754,0.375579333,930009.3111,Range/Chop,False,True
2021-04-24 00:00:00+00:00,2367.39,2368.74,2154.8,2213.35,997688.9462,ETHUSDT,199.7587022,52.07256176,2224.76315,2019.886246,1980.2656,954176.4701,1950.077291,2240.078,2530.078709,0.2589201883,22.13123676,22.46294011,19.95140443,-0.163026996,145.2498224,0.375579333,954176.4701,Range/Chop,False,True
2021-04-25 00:00:00+00:00,2214.08,2356.64,2168,2320.49,857517.3822,ETHUSDT,198.9645092,56.60809818,2233.879993,2031.674628,1993.6684,962806.1585,1965.395598,2250.7335,2536.071402,0.2535510332,20.97339341,20.94170362,18.60025429,-0.1225122614,145.6419184,0.375579333,962806.1585,Range/Chop,False,True
2021-04-26 00:00:00+00:00,2320.44,2542.8,2303.64,2532.6,1076469.014,ETHUSDT,201.8356156,63.89308837,2262.329517,2051.318761,2009.7972,982960.3064,1968.928903,2271.753,2574.577097,0.2665994912,20.93303454,25.75735596,17.02597571,-0.0423033727,146.037829,0.3633875471,982960.3064,Range/Chop,False,True
2021-04-27 00:00:00+00:00,2532.06,2680,2480.29,2666.13,771728.4645,ETHUSDT,201.683786,67.58284385,2300.786706,2075.429005,2026.4562,976897.4844,1992.459403,2306.886,2621.312597,0.2725982966,21.51471452,28.79464185,15.8217364,-0.005175373134,146.4500555,0.3370154375,976897.4844,Range/Chop,False,True
2021-04-28 00:00:00+00:00,2666.13,2760,2559.44,2748.24,999383.1852,ETHUSDT,201.6035155,69.63753326,2343.401306,2101.81375,2044.0108,1001798.844,1989.40507,2340.275,2691.14493,0.2998535897,22.37912136,29.58294536,14.69746198,-0.004260869565,146.9477897,0.311645849,1001798.844,Range/Chop,False,True
2021-04-29 00:00:00+00:00,2748.23,2798,2668,2757.04,863890.0107,ETHUSDT,196.4889787,69.85803607,2382.795467,2127.508897,2063.2492,1023673.972,2003.118442,2374.7835,2746.448558,0.313009635,23.33212348,29.56630215,14.00288647,-0.01463902788,147.3557213,0.3064316124,1023673.972,Range/Chop,False,True
2021-04-30 00:00:00+00:00,2757.04,2798.3,2723.09,2772.42,695339.2048,ETHUSDT,187.8261945,70.26448952,2419.902565,2152.799529,2082.182,1025668.022,2014.262107,2406.73,2799.197893,0.3261420206,24.21829134,28.73206525,13.60238053,-0.009248472287,147.6310865,0.3064316124,1025668.022,Range/Chop,False,True
2021-05-01 00:00:00+00:00,2772.42,2954.28,2743.41,2944.77,690260.0774,ETHUSDT,189.4721806,74.42621897,2469.88994,2183.857194,2105.7554,1040567.751,2007.548938,2446.4005,2885.252062,0.3587732768,25.64297612,32.32824694,12.52105557,-0.003219058451,147.962366,0.3064316124,1040567.751,Bull Trend,False,True
2021-05-02 00:00:00+00:00,2944.83,2985,2852.26,2949.56,571982.5445,ETHUSDT,185.419882,74.53289991,2515.572803,2213.884755,2126.2996,1040212.21,2020.546976,2486.994,2953.441024,0.3751090868,27.07380524,31.85855948,11.88079254,-0.01187269682,148.2119708,0.3064316124,1040212.21,Bull Trend,False,True
2021-05-03 00:00:00+00:00,2949.33,3454,2949.32,3431.04,1329088.063,ETHUSDT,208.2241761,82.45540689,2602.760155,2261.616334,2157.9584,1067536.182,1930.436858,2543.5865,3156.736142,0.4821142447,29.59712724,42.43151255,9.823943975,-0.006647365373,148.9034729,0.3064316124,1067536.182,Bull Trend,False,True
2021-05-04 00:00:00+00:00,3431.04,3527,3160,3239.01,1826039.386,ETHUSDT,219.5653064,72.73662582,2663.355378,2299.945497,2186.869,1110191.571,1902.945414,2583.907,3264.868586,0.5270790207,32.07201306,39.74036234,8.651046132,-0.08165296286,149.8547487,0.3064316124,1110191.571,Bull Trend,False,True
2021-05-05 00:00:00+00:00,3239.01,3549.34,3200.23,3524.26,1174816.736,ETHUSDT,228.8184988,77.06171326,2745.346295,2347.95783,2221.2518,1134834.859,1841.083449,2634.418,3427.752551,0.6022844902,34.4107696,36.10686556,7.708263118,-0.00706610243,150.9649333,0.3064316124,1134834.859,Bull Trend,False,True
2021-05-06 00:00:00+00:00,3524.33,3605.4,3376.47,3489.73,920592.5771,ETHUSDT,228.8264632,75.50029397,2816.239981,2392.73321,2254.5748,1130906.301,1818.669268,2687.771,3556.872732,0.6467081694,36.68611497,35.27655927,7.157423771,-0.03208243191,152.1447714,0.3064316124,1130906.301,Bull Trend,False,True
2021-05-07 00:00:00+00:00,3489.74,3587,3353.23,3479.53,760544.6478,ETHUSDT,229.179573,75.01675948,2879.410459,2435.352692,2288.6438,1137721.92,1829.457027,2745.8675,3662.277973,0.6674833897,38.58423959,32.70633479,7.36026192,-0.03491152161,153.3059782,0.3064316124,1137721.92,Bull Trend,False,True
2021-05-08 00:00:00+00:00,3479.79,3958.33,3449.27,3910.26,1130467.549,ETHUSDT,249.171032,80.65192029,2977.586606,2493.192194,2330.667,1120476.113,1814.285645,2829.5985,3844.911355,0.7176373995,40.96943558,38.57823762,6.286181856,-0.01214401023,154.9038726,0.3064316124,1120476.113,Bull Trend,False,True
2021-05-09 00:00:00+00:00,3910.26,3983.65,3726.08,3923.95,1000401.008,ETHUSDT,249.7709583,80.80015106,3067.716453,2549.300343,2373.024,1129466.55,1845.390786,2917.74,3990.089214,0.7350546751,43.21853769,36.46069855,5.823148537,-0.01498625632,156.5505841,0.3195758278,1129466.55,Bull Trend,False,True
2021-05-10 00:00:00+00:00,3923.95,4208,3650,3945.88,1505897.926,ETHUSDT,271.7873184,81.05059808,3151.351076,2604.068173,2416.282,1155149.406,1873.29613,2998.5325,4123.76887,0.7505247114,45.58331488,37.00995423,4.969193818,-0.06229087452,158.5990781,0.3424576487,1155149.406,Bull Trend,False,True
2021-05-11 00:00:00+00:00,3946.63,4180.22,3771.64,4173.45,1095927.104,ETHUSDT,281.5582243,83.46147915,3248.693831,2665.612558,2466.1316,1151051.468,1894.800622,3089.352,4283.903378,0.7733345877,47.77917942,33.1737705,4.454123187,-0.008210551331,160.8422273,0.3669411818,1151051.468,Bull Trend,False,True
2021-05-12 00:00:00+00:00,4173.46,4372.72,3701.58,3823.21,1601842.74,ETHUSDT,309.385494,68.92684518,3303.409657,2711.008536,2509.2342,1120105.95,1969.507423,3160.6155,4351.723577,0.753719063,50.02556696,32.47786468,3.763967033,-0.1256677766,163.4663301,0.4286116658,1120105.95,Bull Trend,False,True
2021-05-13 00:00:00+00:00,3810.15,4034.77,3500,3717.91,2068708.174,ETHUSDT,325.4843872,65.24783141,3342.88588,2750.494868,2551.9556,1096929.237,2071.952285,3228.1415,4384.330715,0.7163187951,50.55617744,28.66636132,7.745975752,-0.1497488977,166.4240327,0.5045966327,1096929.237,Bull Trend,False,True
2021-05-14 00:00:00+00:00,3717.92,4173.28,3691.35,4075.01,1153390.426,ETHUSDT,336.6590739,70.91709839,3412.611986,2802.436638,2601.741,1104714.311,2207.854564,3321.2245,4434.594436,0.6704574991,51.29955697,28.67396131,6.953945564,-0.06808348122,169.5516256,0.5646817554,1104714.311,Bull Trend,False,True
2021-05-15 00:00:00+00:00,4075.02,4134.05,3632,3646.68,1039174.881,ETHUSDT,348.4727115,58.57402306,3434.904178,2835.544221,2640.6978,1113797.186,2366.311613,3387.534,4408.756387,0.6029296752,51.56826514,25.72317435,7.454860301,-0.1660385298,172.9251404,0.6026070827,1113797.186,High Vol Expansion,False,True
2021-05-16 00:00:00+00:00,3646.24,3879,3343.06,3582.1,1324065.659,ETHUSDT,361.8632321,56.96419816,3448.922828,2864.820918,2678.0872,1126177.018,2494.879687,3440.009,4385.138313,0.549492349,50.03188093,23.00192562,12.36962998,-0.1808073693,176.5794042,0.6026070827,1126177.018,High Vol Expansion,False,True
2021-05-17 00:00:00+00:00,3581.81,3587.06,3102,3282.51,1904012.44,ETHUSDT,370.6630012,50.08698574,3433.073987,2881.200882,2709.9972,1182791.217,2590.683909,3470.828,4350.972091,0.5071666421,47.42969576,20.85185669,15.8587422,-0.2493207889,180.4418158,0.6026070827,1182791.217,High Vol Expansion,False,True
2021-05-18 00:00:00+00:00,3282.25,3565.71,3240,3375.07,1287110.841,ETHUSDT,367.4520725,52.01451532,3427.549798,2900.568299,2741.1638,1197177.6,2684.776267,3502.1695,4319.562733,0.466792503,45.01338096,19.53163432,14.85465577,-0.2281531861,184.2885433,0.6026070827,1197177.6,Bull Trend,False,True
2021-05-19 00:00:00+00:00,3375.08,3441.73,1888,2438.92,4309836.319,ETHUSDT,452.1862102,36.61385128,3333.394579,2882.464444,2753.133,1369474.915,2601.856354,3486.2635,4370.670646,0.5073667817,44.49010398,14.73795711,32.56541822,-0.4422418998,189.6292664,0.6026070827,1369474.915,Crash/Capitulation,False,True
2021-05-20 00:00:00+00:00,2438.92,2990.05,2155,2768.62,2942777.93,ETHUSDT,479.5336238,43.01335332,3279.606524,2877.999956,2770.118,1481846.851,2601.051587,3486.0735,4371.095413,0.5077471331,44.00420393,12.90478742,28.5147932,-0.366842606,195.4990926,0.6026070827,1481846.851,High Vol Expansion,False,True
2021-05-21 00:00:00+00:00,2767.87,2938.54,2101,2430.98,2727031.935,ETHUSDT,505.1055078,38.70386435,3198.78495,2860.469761,2779.3766,1583685.444,2488.44442,3460.384,4432.32358,0.5617524413,43.64418771,11.37635489,25.9011554,-0.4440577032,201.765336,0.6026070827,1583685.444,High Vol Expansion,False,True
2021-05-22 00:00:00+00:00,2430.98,2485,2145,2294.87,1684318.012,ETHUSDT,493.3122572,37.09059424,3112.697812,2838.289379,2782.6002,1639302.218,2350.67378,3427.6495,4504.62522,0.6284048123,43.30988694,10.81629805,24.62604405,-0.475184782,207.9040262,0.6156672438,1639302.218,High Vol Expansion,False,True
2021-05-23 00:00:00+00:00,2295.45,2381.57,1728.74,2096.39,2914548.731,ETHUSDT,504.7063817,34.81187127,3015.906592,2809.195285,2784.3576,1718575.251,2137.596981,3360.917,4584.237019,0.7279680032,43.67430357,9.816961162,28.24192004,-0.5205752941,214.1386315,0.6375564908,1718575.251,High Vol Expansion,False,True
2021-05-24 00:00:00+00:00,2096.63,2675,2079.94,2648.43,2186632.922,ETHUSDT,511.1602116,44.94341232,2980.908821,2802.890764,2795.8124,1736604.928,2069.8099,3331.388,4592.9661,0.7573888722,42.89799561,13.10099151,25.89353178,-0.3943289303,220.549884,0.6570957795,1736604.928,High Vol Expansion,False,True
2021-05-25 00:00:00+00:00,2647.92,2750,2378.54,2705.11,2115349.504,ETHUSDT,501.1816251,45.87357796,2954.642267,2799.056224,2807.767,1783631.566,2003.622768,3290.4305,4577.238232,0.7821515953,41.91029561,13.47631962,24.52271261,-0.3813667466,226.8094637,0.6689704444,1783631.566,High Vol Expansion,False,True
2021-05-26 00:00:00+00:00,2705.1,2910,2643,2884.94,1583799.593,ETHUSDT,484.4543661,48.82753596,2948.003956,2802.424216,2823.2216,1816791.917,1965.140081,3260.191,4555.241919,0.7944632192,40.43350436,15.30486022,23.55733136,-0.3402413143,232.8609068,0.6933881471,1816791.917,High Vol Expansion,False,True
2021-05-27 00:00:00+00:00,2884.82,2889.74,2633.68,2742.23,1099029.912,ETHUSDT,468.1404828,46.6516365,2928.406436,2800.063658,2838.7968,1833716.18,1913.457469,3223.326,4533.194531,0.8127434403,39.08354073,14.70690746,22.77916289,-0.3728777511,238.7084373,0.7169780973,1833716.18,Bear Trend,False,True
2021-05-28 00:00:00+00:00,2742.23,2762.45,2327.38,2412.1,1554584.614,ETHUSDT,465.7783055,41.99003136,2879.234395,2784.849397,2845.4296,1854922.034,1832.913308,3148.418,4463.922692,0.8356607619,38.493436,13.72567206,25.95655887,-0.4483753819,244.4620013,0.7221433992,1854922.034,Bear Trend,False,True
2021-05-29 00:00:00+00:00,2412.34,2574.27,2204.1,2278.74,1379427.189,ETHUSDT,458.9491408,40.24074892,2822.044452,2765.00197,2849.667,1873873.343,1749.16721,3066.1575,4383.14779,0.8590493412,38.18662981,12.93491653,26.37983338,-0.4788735615,250.1585726,0.7221433992,1873873.343,Bear Trend,False,True
2021-05-30 00:00:00+00:00,2278.74,2476.42,2180.53,2385.98,1151113.199,ETHUSDT,447.3020593,42.32160852,2780.514504,2750.138363,2854.7168,1856134.106,1704.466081,2988.1625,4271.858919,0.8591878244,37.94849721,12.32374237,25.50977113,-0.4543487806,255.5872341,0.7221433992,1856134.106,Bear Trend,False,True
2021-05-31 00:00:00+00:00,2385.82,2720,2271.44,2706.15,1307958.041,ETHUSDT,447.3919122,48.12887569,2773.432171,2748.413329,2865.8126,1866735.653,1748.062003,2914.7975,4081.532997,0.8005602429,36.76720329,15.33006501,23.68288726,-0.3811289083,261.043384,0.7221433992,1866735.653,Bear Trend,False,True
2021-06-01 00:00:00+00:00,2706.15,2740,2523.74,2634.57,1179577.108,ETHUSDT,430.8824899,46.98978612,2760.207202,2743.948885,2875.7502,1845622.371,1760.922305,2855.3655,3949.808695,0.766587111,35.59451595,15.11202746,22.83385545,-0.3974985821,266.1321185,0.7221433992,1845622.371,Bear Trend,False,True
2021-06-02 00:00:00+00:00,2634.31,2802.99,2550,2706.22,970070.5356,ETHUSDT,418.1758835,48.30858854,2755.065564,2742.469321,2883.8908,1790690.49,1783.398107,2804.781,3826.163893,0.72831561,34.25817017,15.53491996,21.84713169,-0.3811129,270.9897172,0.7281418066,1790690.49,Bear Trend,False,True
2021-06-03 00:00:00+00:00,2706.21,2891.95,2662.4,2857.25,1024290.894,ETHUSDT,404.7026061,51.07178197,2764.797415,2746.970524,2892.3838,1784235.513,1903.507448,2743.893,3584.278552,0.6125497983,32.66712652,16.47563879,20.96200042,-0.3465737573,275.6348207,0.7281418066,1784235.513,Bear Trend,False,True
2021-06-04 00:00:00+00:00,2857.25,2860,2552,2689.51,1188314.112,ETHUSDT,397.7952771,48.0026457,2757.627185,2744.71717,2895.8932,1791692.475,1964.821289,2696.0345,3427.247711,0.5424360936,31.52341044,15.5644564,21.78505549,-0.3849343201,280.1618335,0.7281418066,1791692.475,Bear Trend,False,True
2021-06-05 00:00:00+00:00,2689.54,2816.87,2552.23,2627.73,961824.1241,ETHUSDT,388.2841859,46.88509834,2745.256024,2740.129438,2899.9944,1773580.398,2040.471261,2648.316,3256.160739,0.4590424546,30.46138837,14.80673124,20.72449261,-0.3990628259,284.5539288,0.7281418066,1773580.398,Bear Trend,False,True
2021-06-06 00:00:00+00:00,2627.63,2745,2614,2711.92,673792.6937,ETHUSDT,369.906744,48.63988389,2742.081165,2739.023185,2907.8808,1712069.41,2084.447183,2619.7865,3155.125817,0.4086892708,29.47522501,14.43218089,20.20024686,-0.3798093635,288.5513505,0.7281418066,1712069.41,Bear Trend,False,True
2021-06-07 00:00:00+00:00,2711.92,2847.55,2570,2592.05,1152128.079,ETHUSDT,363.3098337,46.29471686,2727.792483,2733.259531,2915.009,1705320.272,2172.56662,2580.6355,2988.70438,0.3162545661,28.07617451,15.66083471,19.09796485,-0.4072225068,292.430254,0.7281418066,1705320.272,Bear Trend,False,True
2021-06-08 00:00:00+00:00,2592.05,2620.99,2304.91,2507.23,1693747.428,ETHUSDT,359.9362742,44.65407133,2706.786532,2724.395628,2921.9312,1574515.828,2179.656928,2584.051,2988.445072,0.3129923301,27.67190551,14.67850276,23.16069102,-0.4266200443,296.3459621,0.7281418066,1574515.828,Bear Trend,False,True
2021-06-09 00:00:00+00:00,2507.43,2626.63,2405.28,2610.18,1276718.24,ETHUSDT,350.0372546,47.10435308,2697.58591,2719.916584,2927.5342,1491212.843,2180.393059,2576.129,2971.864941,0.3072330156,27.26874781,14.13058423,22.1145536,-0.4030763461,300.076441,0.7281418066,1491212.843,Bear Trend,False,True
2021-06-10 00:00:00+00:00,2610.2,2624.46,2425.11,2471.09,741237.4993,ETHUSDT,339.2738793,44.25376286,2676.014871,2710.158678,2929.8148,1391923.122,2184.962987,2578.1345,2971.306013,0.3050046557,26.89438708,13.53752523,21.18640833,-0.4348849229,303.7163262,0.7281418066,1391923.122,Bear Trend,False,True
2021-06-11 00:00:00+00:00,2471.01,2497.99,2321.37,2354.01,587364.2736,ETHUSDT,327.655745,41.95231486,2645.34774,2696.192064,2928.9362,1337075.435,2195.672941,2581.0915,2966.510059,0.2986477306,26.90008927,13.01629051,22.63218895,-0.4359328873,307.1856957,0.7281418066,1337075.435,Bear Trend,False,True
2021-06-12 00:00:00+00:00,2354.09,2454.53,2256.22,2370.74,767439.4984,ETHUSDT,318.4167633,42.41317801,2619.194622,2683.429238,2929.0032,1229719.973,2263.663671,2594.809,2925.954329,0.2552367658,27.11997714,12.43725141,23.08685153,-0.4319240501,310.4261103,0.6704327042,1229719.973,Bear Trend,False,True
2021-06-13 00:00:00+00:00,2370.64,2548.41,2308.41,2509.33,715948.7599,ETHUSDT,312.8155659,46.22217763,2608.731325,2676.601817,2934.9228,1156185.765,2255.66425,2587.854,2920.04375,0.2567299006,26.76700268,13.89933148,21.82165043,-0.3930092766,313.5232096,0.5774929459,1156185.765,Bear Trend,False,True
2021-06-14 00:00:00+00:00,2509.33,2609.17,2461,2580.77,684183.5562,ETHUSDT,301.0551683,48.12686858,2606.068341,2672.843706,2940.1284,1084627.467,2253.832686,2581.637,2909.441314,0.2539507408,26.08886579,14.85229779,21.05451198,-0.334681619,316.4046827,0.5007392741,1084627.467,Bear Trend,False,True
2021-06-15 00:00:00+00:00,2580.58,2640,2507.7,2543.54,599826.6493,ETHUSDT,289.0012277,47.18888064,2600.113261,2667.772972,2940.3472,1035428.82,2267.612688,2564.567,2861.521312,0.2315824165,25.2793411,15.12862905,20.36605422,-0.2909123349,318.942253,0.4338658627,1035428.82,Bear Trend,False,True
2021-06-16 00:00:00+00:00,2543.55,2556.19,2351.18,2367.89,624741.7836,ETHUSDT,283.0018543,42.93699925,2577.99676,2656.012856,2934.3824,1011714.414,2248.858251,2545.85,2842.841749,0.2333144128,25.16723312,14.34581736,23.26274276,-0.3359274871,321.3223897,0.3624719185,1011714.414,Bear Trend,False,True
2021-06-17 00:00:00+00:00,2368.02,2460.5,2306,2373.28,560667.5857,ETHUSDT,273.8231504,43.10640578,2558.499926,2644.925293,2926.8832,962018.5625,2242.964989,2543.909,2844.853011,0.2365996666,25.23544381,13.76764732,23.50374979,-0.3104398079,323.2483499,0.3146234481,962018.5625,Bear Trend,False,True
2021-06-18 00:00:00+00:00,2373.28,2378,2139,2234.09,778905.202,ETHUSDT,271.3357825,39.81888454,2527.603742,2628.814105,2916.4242,931992.4631,2232.351422,2541.6765,2851.001578,0.2434023987,25.88874492,12.90143865,26.42122182,-0.2528252036,325.0593607,0.3101126728,931992.4631,Bear Trend,False,True
2021-06-19 00:00:00+00:00,2234.09,2278.82,2161.67,2164.67,496872.25,ETHUSDT,260.3225124,38.2519821,2493.038624,2610.612375,2904.2692,899280.4157,2185.979714,2530.611,2875.242286,0.2723700212,26.49538167,12.48673231,25.57193296,-0.2633518686,326.5333111,0.3061188357,899280.4157,Bear Trend,False,True
2021-06-20 00:00:00+00:00,2165.34,2280.01,2040.68,2243.47,743883.6474,ETHUSDT,258.8230472,41.08596936,2469.270184,2596.214635,2890.2432,871076.696,2151.166464,2507.477,2863.787536,0.284198448,27.46116822,11.66199629,27.22194866,-0.22904811,327.9078722,0.3018261931,871076.696,Bear Trend,False,True
2021-06-21 00:00:00+00:00,2243.49,2260.16,1865.54,1885.49,1629819.666,ETHUSDT,268.5228295,33.5521889,2413.672071,2568.343081,2868.9618,893588.8239,2027.881587,2470.023,2912.164413,0.3580059076,28.86380832,10.43782345,29.02325191,-0.3520652921,329.248048,0.3018261931,893588.8239,Bear Trend,False,True
2021-06-22 00:00:00+00:00,1885.27,1998,1700.48,1879.28,1695338.081,ETHUSDT,270.594056,33.43764483,2362.777588,2541.320999,2837.9266,929852.2012,1931.395008,2428.676,2925.956992,0.4095078901,30.57059462,9.618076472,31.10095621,-0.3541993127,330.4468184,0.3018261931,929852.2012,Bear Trend,False,True
2021-06-23 00:00:00+00:00,1879.29,2045,1821.95,1968.14,918612.3049,ETHUSDT,267.198052,36.76434149,2325.193056,2518.843313,2812.5092,924568.2717,1889.178314,2384.2205,2879.262686,0.4152654389,31.80881412,10.30100704,29.24650827,-0.3236632302,331.5708075,0.3018261931,924568.2717,Bear Trend,False,True
2021-06-24 00:00:00+00:00,1967.95,2036.61,1884.79,1989.52,701231.6748,ETHUSDT,258.9567626,37.57277559,2293.224193,2498.085536,2781.8144,900214.1498,1846.5439,2349.221,2851.8981,0.4279521598,32.95858937,9.869633623,28.02175751,-0.3163161512,332.5706784,0.3018261931,900214.1498,Bear Trend,False,True
2021-06-25 00:00:00+00:00,1989.53,2019.99,1791.22,1808.82,858808.5477,ETHUSDT,256.8005652,33.65639161,2247.090461,2471.055515,2748.1962,895063.371,1770.807988,2308.2755,2845.743012,0.4656874905,34.28053691,9.241609838,28.84131026,-0.3745327547,333.4867609,0.3018261931,895063.371,Bear Trend,False,True
2021-06-26 00:00:00+00:00,1808.97,1852.8,1717.32,1829.64,832315.149,ETHUSDT,248.1348106,34.50349683,2207.333274,2445.901965,2715.1984,902989.4938,1721.64905,2264.1615,2806.67395,0.4792170968,35.69849894,8.881191328,29.84381234,-0.3673334601,334.2609447,0.3018261931,902989.4938,Bear Trend,False,True
2021-06-27 00:00:00+00:00,1829.84,1984.5,1804.26,1982.28,696055.7931,ETHUSDT,243.2851813,40.50162432,2185.899629,2427.720712,2676.6388,880185.8795,1699.827679,2233.673,2767.518321,0.4779977382,35.96515959,12.27792633,28.2645227,-0.3145524646,334.9556391,0.3018261931,880185.8795,Bear Trend,False,True
2021-06-28 00:00:00+00:00,1982.27,2145,1960.52,2084.41,1044244.683,ETHUSDT,239.0848112,44.18477842,2176.23395,2414.257547,2639.848,847710.7422,1690.332554,2212.532,2734.731446,0.4720378696,35.10482118,16.39629996,26.70672548,-0.2792371929,335.6655696,0.3018261931,847710.7422,Bear Trend,False,True
2021-06-29 00:00:00+00:00,2084.42,2245,2073.57,2165.33,831257.2328,ETHUSDT,234.2523247,46.98505129,2175.195478,2404.495682,2604.237,825437.6919,1700.867223,2190.2895,2679.711777,0.446901907,33.69111691,18.58843625,25.310693,-0.2512560729,336.4393385,0.3018261931,825437.6919,Bear Trend,False,True
2021-06-30 00:00:00+00:00,2165.46,2287.78,2087.99,2275.68,910583.6032,ETHUSDT,231.79073,50.62313242,2184.765433,2399.444087,2566.2816,833904.9971,1706.345152,2180.519,2654.692848,0.4349183364,32.12298748,18.76230501,23.75238363,-0.2130984284,337.1446476,0.3283268191,833904.9971,Bear Trend,False,True
2021-07-01 00:00:00+00:00,2275.68,2275.93,2073.12,2106.41,787865.2514,ETHUSDT,229.7206779,45.46872066,2177.303011,2387.952554,2531.9456,843930.046,1699.837405,2168.139,2636.440595,0.4319848451,30.73920583,17.57913424,22.71689598,-0.2716298691,337.8829942,0.3837568988,843930.046,Bear Trend,False,True
2021-07-02 00:00:00+00:00,2106.41,2160,2018.5,2154.13,672282.3748,ETHUSDT,223.4192009,47.10387619,2175.096057,2378.783042,2500.67,839172.1898,1698.323748,2157.3085,2616.293252,0.4255161019,29.72485181,16.7838811,23.43545528,-0.2551288923,338.1362446,0.4123866645,839172.1898,Bear Trend,False,True
2021-07-03 00:00:00+00:00,2153.95,2240,2112.01,2226.99,569264.801,ETHUSDT,216.6028294,49.58934947,2180.038338,2372.830374,2463.7096,831837.9918,1711.848112,2143.1915,2574.534888,0.4025243551,28.24941588,18.71362474,22.4463164,-0.2213321678,338.08687,0.4123866645,831837.9918,Bear Trend,False,True
2021-07-04 00:00:00+00:00,2226.99,2389.93,2189.58,2322.69,590656.2507,ETHUSDT,215.441913,52.73107627,2193.62421,2370.864085,2437.2298,827161.6266,1738.445671,2130.2875,2522.129329,0.3678769456,26.47620377,22.4414195,20.95532138,-0.1843198539,337.8639269,0.4123866645,827161.6266,Range/Chop,False,True
2021-07-05 00:00:00+00:00,2322.69,2324.64,2157.32,2196.53,781806.3161,ETHUSDT,212.0046335,48.44473155,2193.900952,2364.027454,2409.5184,836260.6099,1767.889253,2112.937,2457.984747,0.3266048607,24.63864141,21.17631969,20.86090148,-0.2286246071,337.5835631,0.4123866645,836260.6099,Range/Chop,False,True
2021-07-06 00:00:00+00:00,2196.85,2350,2193,2322.5,785330.1715,ETHUSDT,208.0757311,52.58884054,2206.14848,2362.398926,2390.3182,844290.0293,1771.815808,2110.6675,2449.519192,0.3210848624,23.08418667,20.9055796,19.73659877,-0.1843865779,337.2318324,0.4123866645,844290.0293,Range/Chop,False,True
2021-07-07 00:00:00+00:00,2322.51,2409,2291.9,2316.57,666501.3557,ETHUSDT,201.5774646,52.37540939,2216.664816,2360.601713,2369.1482,849581.7178,1776.962824,2107.832,2438.701176,0.3139426446,21.99411354,22.12877352,18.91764536,-0.1225113636,336.4386063,0.4123866645,849581.7178,Range/Chop,False,True
2021-07-08 00:00:00+00:00,2316.25,2325.6,2084.79,2116.33,880265.0412,ETHUSDT,204.3797886,45.63963966,2207.109119,2351.02243,2362.6964,854649.7098,1776.118948,2101.944,2427.769052,0.3100225806,21.10781554,20.2664039,24.56380117,-0.1983598485,335.6820868,0.4123866645,854649.7098,Range/Chop,False,True
2021-07-09 00:00:00+00:00,2116.32,2189.4,2046.51,2146.99,738611.363,ETHUSDT,199.9876608,46.76848546,2201.383489,2343.021159,2350.2638,866736.6654,1775.825075,2101.06,2426.294925,0.309591278,20.48591434,19.23210206,24.67740762,-0.1867462121,334.4854258,0.4123866645,866736.6654,Range/Chop,False,True
2021-07-10 00:00:00+00:00,2146.99,2194.82,2074.16,2110.69,499071.859,ETHUSDT,194.3213993,45.56212952,2192.746013,2333.910133,2343.858,854496.076,1775.73012,2094.421,2413.11188,0.3043236104,19.87049617,18.57834514,23.58291159,-0.2004962121,333.0314787,0.4123866645,854496.076,Range/Chop,True,True
2021-07-11 00:00:00+00:00,2110.68,2174,2081.02,2140.45,342294.403,ETHUSDT,187.0827279,46.77427496,2187.765441,2326.323461,2340.7696,790119.8128,1802.8548,2107.169,2411.4832,0.2888370131,19.29903644,17.91881471,22.74571927,-0.1892234848,330.9930993,0.4123866645,790119.8128,Range/Chop,True,True
2021-07-12 00:00:00+00:00,2140.54,2167.83,2006.68,2031.58,540630.1074,ETHUSDT,185.2303902,43.00200881,2172.890637,2314.764894,2339.4734,732384.4142,1826.459115,2114.784,2403.108885,0.2726754935,19.20849291,16.80529141,24.19893936,-0.2304621212,328.6555327,0.408894897,732384.4142,Range/Chop,True,True
2021-07-13 00:00:00+00:00,2031.57,2047.35,1918,1940.15,647388.2497,ETHUSDT,181.2389338,40.07870393,2150.724862,2300.074114,2325.3078,718823.2114,1821.970843,2113.3845,2404.798157,0.2757791181,19.6069293,15.94858316,26.46030588,-0.265094697,326.065197,0.3852006504,718823.2114,Range/Chop,True,True
2021-07-14 00:00:00+00:00,1940.44,2019.18,1865,1994.58,690505.6094,ETHUSDT,179.3061528,42.58120206,2135.853923,2288.093952,2311.0972,718286.9081,1822.64595,2113.6375,2404.62905,0.2753466952,20.24751692,14.96903246,26.9464457,-0.2444772727,323.2457544,0.3472409032,718286.9081,Range/Chop,False,True
2021-07-15 00:00:00+00:00,1994.41,2042.88,1881,1919.51,645271.3256,ETHUSDT,178.0614276,40.09414211,2115.24974,2273.63968,2291.7886,707610.047,1848.048568,2119.172,2390.295432,0.255876759,20.62485016,14.94769673,25.19661191,-0.2490738169,320.182391,0.3238448615,707610.047,Range/Chop,False,True
2021-07-16 00:00:00+00:00,1919.54,1965,1850,1876.26,577068.8972,ETHUSDT,173.5570399,38.6919942,2092.488812,2258.056163,2274.4692,694847.7344,1859.736552,2121.503,2383.269448,0.246774525,21.14695272,14.2402368,25.27990673,-0.2374476732,316.8972916,0.3175137535,694847.7344,Range/Chop,False,True
2021-07-17 00:00:00+00:00,1876.47,1919.19,1844.45,1899.59,430300.5158,ETHUSDT,166.4986799,39.9126942,2074.117497,2243.998666,2264.219,681559.9706,1844.557643,2117.3685,2390.179357,0.2576885953,21.66360383,13.78364146,24.70743534,-0.2114611872,313.5480684,0.3119826126,681559.9706,Range/Chop,False,True
2021-07-18 00:00:00+00:00,1899.5,1993.79,1877.1,1891.64,534837.6365,ETHUSDT,162.9409171,39.62317452,2056.738687,2230.180679,2256.477,656089.6183,1817.854889,2107.73,2397.605111,0.2750590546,21.38973481,16.34880741,23.44356327,-0.2147613117,308.7273135,0.3098069293,656089.6183,Range/Chop,False,True
2021-07-19 00:00:00+00:00,1891.65,1919,1805,1818.73,547419.9377,ETHUSDT,159.4451373,36.97424149,2034.071193,2214.045359,2245.132,641897.7535,1775.968907,2090.4,2404.831093,0.3008334221,21.59792059,15.51387443,25.4762525,-0.2450269822,303.3925054,0.3069574442,641897.7535,Range/Chop,False,True
2021-07-20 00:00:00+00:00,1818.73,1841.34,1706,1786.03,786257.272,ETHUSDT,157.7233418,35.8176909,2010.448223,2197.260443,2226.7296,635681.4369,1737.083462,2065.9175,2394.751538,0.3183418874,22.3554939,14.5630016,28.39820609,-0.2586010793,297.6028026,0.3069574442,635681.4369,Range/Chop,False,True
2021-07-21 00:00:00+00:00,1786.03,2035.23,1747.55,1995.5,1115949.82,ETHUSDT,167.0059602,47.20922385,2009.024582,2189.348268,2213.9482,652085.6654,1730.716709,2060.372,2390.027291,0.3199958946,21.35539639,21.06384559,24.90406393,-0.1716479867,292.1643644,0.3069574442,652085.6654,Range/Chop,False,True
2021-07-22 00:00:00+00:00,1995.5,2046,1947.62,2024.56,768854.3659,ETHUSDT,162.1041059,48.57291861,2010.504146,2182.885983,2200.315,656914.2649,1726.780195,2053.8935,2381.006805,0.3185299577,20.34410371,20.62529975,23.82448354,-0.15958489,286.4543264,0.3069574442,656914.2649,Range/Chop,False,True
2021-07-23 00:00:00+00:00,2024.27,2130.9,1993.22,2124.25,708160.9132,ETHUSDT,160.3595269,53.05320469,2021.337084,2180.586533,2185.655,663859.0705,1729.546402,2048.7565,2367.966598,0.3116135063,19.01318225,23.14210364,22.36341177,-0.1182025737,280.6076483,0.3069574442,663859.0705,Range/Chop,False,True
2021-07-24 00:00:00+00:00,2124.26,2199.5,2105.58,2184.75,633075.1859,ETHUSDT,155.6138464,55.58226253,2036.900219,2180.749806,2175.5598,665980.0173,1741.200646,2041.8595,2342.518354,0.294495144,18.25077865,25.2932589,21.39931668,-0.09308841843,274.8481854,0.3025785163,665980.0173,Range/Chop,True,True
2021-07-25 00:00:00+00:00,2184.9,2197.41,2105.93,2189.79,535630.27,ETHUSDT,151.0328574,55.79589892,2051.461151,2181.104324,2166.801,653671.215,1741.543524,2041.5225,2341.501476,0.2938777072,17.54283246,24.19897132,20.47349661,-0.09099626401,269.2911602,0.2976642831,653671.215,Range/Chop,True,True
2021-07-26 00:00:00+00:00,2189.82,2433.65,2171.57,2228.08,1393738.163,ETHUSDT,158.9647961,57.46952536,2068.281993,2182.946507,2157.1242,684091.6146,1752.074783,2036.8015,2321.528217,0.2795821953,18.27468727,31.96436252,18.06249829,-0.08446982927,264.1382321,0.2941864256,684091.6146,Range/Chop,True,True
2021-07-27 00:00:00+00:00,2227.81,2319.26,2150.5,2299.49,906359.2348,ETHUSDT,159.6644536,60.47508442,2090.301804,2187.51684,2151.273,696084.5085,1754.498831,2035.9475,2317.396169,0.2764792991,18.77195294,29.55112933,17.64142451,-0.0551270725,259.0363346,0.2913573602,696084.5085,Range/Chop,True,True
2021-07-28 00:00:00+00:00,2299.47,2345,2243.15,2300.9,718202.5773,ETHUSDT,155.5348497,60.53438906,2110.358775,2191.963239,2147.1464,687981.3853,1742.4874,2045.176,2347.8646,0.2960024956,19.37043499,29.35099847,16.81626305,-0.05454769585,253.9794297,0.2913573602,687981.3853,Range/Chop,False,True
2021-07-29 00:00:00+00:00,2300.9,2400,2266.12,2382.92,499364.835,ETHUSDT,153.9880748,63.92522406,2136.316987,2199.451739,2142.6012,676019.0589,1722.600338,2056.9725,2391.344662,0.3251109696,20.21569726,30.07948175,15.77195153,-0.02084523247,249.0908633,0.2913573602,676019.0589,Range/Chop,False,True
2021-07-30 00:00:00+00:00,2382.93,2471.7,2315.92,2461.81,762577.288,ETHUSDT,154.1160694,66.87338858,2167.316321,2209.740298,2142.4156,689194.3304,1696.67475,2074.5285,2452.38225,0.3642791604,21.35662882,31.23084881,14.63322045,-0.004001294656,244.2029326,0.2913573602,689194.3304,Range/Chop,False,True
2021-07-31 00:00:00+00:00,2461.77,2553.86,2420.68,2531.05,507601.0503,ETHUSDT,152.6206359,69.24875475,2201.957624,2222.340679,2145.9564,697459.6627,1667.372409,2094.0585,2520.744591,0.407520698,22.79015315,33.12942916,13.72113058,-0.008931578082,239.565235,0.2941864256,697459.6627,Range/Chop,False,True
2021-08-01 00:00:00+00:00,2531.1,2697.61,2511.24,2555.69,853495.9408,ETHUSDT,155.0313048,70.07120772,2235.646422,2235.413201,2149.6554,713102.9544,1649.993734,2120.264,2590.534266,0.4435959539,24.68164012,36.90777587,12.54293208,-0.05260953214,235.1794921,0.2952488198,713102.9544,Range/Chop,False,True
2021-08-02 00:00:00+00:00,2555.5,2666,2507,2606.93,726701.8495,ETHUSDT,155.314783,71.76253323,2271.006762,2249.982487,2151.6074,717068.6344,1646.071015,2153.603,2661.134985,0.4713329104,26.39285252,34.20895432,11.82074611,-0.03361494063,231.0230283,0.2984179589,717068.6344,Bull Trend,False,True
2021-08-03 00:00:00+00:00,2606.92,2632.44,2442.32,2509.04,792960.8438,ETHUSDT,157.8008699,64.2880349,2293.676595,2260.141605,2150.1728,722191.3961,1654.77719,2179.326,2703.87481,0.4813862727,27.29102308,31.26500604,13.7312189,-0.0699026175,227.0231216,0.3062234642,722191.3961,Bull Trend,False,True
2021-08-04 00:00:00+00:00,2508.51,2772.71,2457.68,2724.78,954590.7536,ETHUSDT,169.0315221,71.36645634,2334.734062,2278.362719,2153.7976,737657.3675,1658.634957,2219.5895,2780.544043,0.5054579169,28.70012443,33.03035096,11.90326489,-0.01728633719,223.3689105,0.3149776969,737657.3675,Bull Trend,False,True
2021-08-05 00:00:00+00:00,2724.55,2843.98,2529.91,2826.99,1307720.207,ETHUSDT,179.3914133,73.99616407,2381.61558,2299.877514,2162.9796,774189.933,1670.600085,2267.126,2863.651915,0.5262397551,30.26334834,31.73755046,10.41471681,-0.005974022321,220.193655,0.3184359225,774189.933,Bull Trend,False,True
2021-08-06 00:00:00+00:00,2827.01,2946.75,2720.06,2891.58,825399.4864,ETHUSDT,182.7698838,75.52583113,2430.18362,2323.081533,2173.3456,793944.8815,1686.666182,2316.7255,2946.784818,0.5439222882,32.04898977,32.94219355,9.492045205,-0.0187223212,217.1846558,0.3192629261,793944.8815,Bull Trend,False,True
2021-08-07 00:00:00+00:00,2891.54,3171,2865.5,3160.31,1205277.101,ETHUSDT,191.5363207,80.63092684,2499.719466,2355.914022,2191.87,827466.8548,1682.257192,2380.159,3078.060808,0.5864329297,34.28851077,37.55197193,8.410631582,-0.003371176285,214.3779899,0.3225534321,827466.8548,Bull Trend,False,True
2021-08-08 00:00:00+00:00,3160.48,3189.99,2949.03,3011.85,966349.7058,ETHUSDT,195.0665835,71.72927936,2548.493802,2381.637002,2208.8136,848413.3432,1740.102359,2439.815,3139.527641,0.5735784398,36.41073423,34.9339929,7.668531207,-0.05584343525,211.7951454,0.344695065,848413.3432,Bull Trend,False,True
2021-08-09 00:00:00+00:00,3011.84,3186,2893.23,3160.52,1129584.616,ETHUSDT,202.045399,74.73709119,2606.782011,2412.181433,2227.1546,865579.7104,1809.181419,2508.5395,3207.897581,0.5575818769,37.80604144,31.31824786,8.847503902,-0.009238273474,209.5080041,0.3858999292,865579.7104,Bull Trend,False,True
2021-08-10 00:00:00+00:00,3160.51,3233,3051.22,3141.66,880675.7444,ETHUSDT,200.5978705,73.66634646,2657.722772,2440.788436,2252.278,853816.0066,1856.276287,2565.8475,3275.418713,0.5530891551,39.23589455,30.96465092,8.274823254,-0.02825239715,207.3903728,0.4255583259,853816.0066,Bull Trend,False,True
2021-08-11 00:00:00+00:00,3141.14,3274,3120.27,3160.5,732546.6043,ETHUSDT,197.2501654,74.06605392,2705.606318,2469.012419,2277.9024,852000.6185,1913.622923,2622.6445,3331.666077,0.540692097,40.67967115,30.72557968,7.814172335,-0.03466707392,205.3709295,0.4574644322,852000.6185,Bull Trend,False,True
2021-08-12 00:00:00+00:00,3160.4,3239,2979.29,3045.96,737628.4581,ETHUSDT,201.7115822,67.37084558,2738.020954,2491.637814,2299.4588,853473.9958,1975.638454,2668.73,3361.821546,0.5194167606,40.59843164,27.89985473,12.08780656,-0.06965180208,203.5191965,0.4763595915,853473.9958,Bull Trend,False,True
2021-08-13 00:00:00+00:00,3046.11,3327.83,3033.8,3322.32,579333.4032,ETHUSDT,208.3057549,73.57708245,2793.668482,2524.213586,2326.1148,850786.9066,2014.254941,2725.6085,3436.962059,0.5219777958,40.86025689,28.13289325,10.86907,-0.001655733616,201.9733729,0.4934220948,850786.9066,Bull Trend,False,True
2021-08-14 00:00:00+00:00,3322.33,3330.98,3200,3263.16,486102.5379,ETHUSDT,202.7824867,70.48632407,2838.38196,2553.191877,2355.2016,848310.52,2075.8037,2779.277,3482.7503,0.5062275548,41.11521877,26.94589079,10.367607,-0.02036037442,200.5363939,0.5058427359,848310.52,Bull Trend,False,True
2021-08-15 00:00:00+00:00,3263.16,3320,3111.13,3307.09,565579.6776,ETHUSDT,203.2173091,71.44553527,2883.020821,2582.756509,2384.7506,806902.5957,2141.717743,2833.2275,3524.737257,0.4881427679,40.4971404,24.96764669,12.73014406,-0.007172063477,199.2066515,0.5058427359,806902.5957,Bull Trend,False,True
2021-08-16 00:00:00+00:00,3307.35,3335,3135.22,3146.53,635667.0542,ETHUSDT,202.971787,63.34251252,2908.116933,2604.865273,2408.0356,793367.9867,2217.045124,2875.5795,3534.113876,0.4580185494,39.99479156,23.74015855,11.83514698,-0.05651274363,198.0257954,0.5058427359,793367.9867,Bull Trend,False,True
2021-08-17 00:00:00+00:00,3147.18,3290,2991.89,3011.72,804996.0697,ETHUSDT,209.7673736,57.45085009,2917.983892,2620.820361,2426.5818,797707.6613,2305.917712,2911.1205,3516.323288,0.415786834,38.26552645,21.3302854,15.5143329,-0.09693553223,196.9996553,0.5058427359,797707.6613,Bull Trend,False,True
2021-08-18 00:00:00+00:00,3011.73,3125.81,2950,3014.55,625103.2557,ETHUSDT,207.3418469,57.54013338,2927.180664,2636.260739,2443.5662,803994.5824,2387.165117,2942.702,3498.238883,0.3775692431,36.32877102,20.03839627,16.01778896,-0.09608695652,196.1166442,0.5058427359,803994.5824,Bull Trend,False,True
2021-08-19 00:00:00+00:00,3014.18,3188,2958.33,3184.12,634769.9217,ETHUSDT,208.936715,62.60368657,2951.651077,2657.745416,2461.735,797604.214,2460.349547,2978.8175,3497.285453,0.3481032008,34.91203382,20.59112055,14.76012667,-0.04524137931,195.2852053,0.5058427359,797604.214,Bull Trend,False,True
2021-08-20 00:00:00+00:00,3184.11,3300,3177.16,3284.82,558127.4554,ETHUSDT,202.7869497,65.25371347,2983.381451,2682.336576,2485.3032,800130.5343,2524.819428,3016.506,3508.192572,0.3259974106,34.21955016,23.64520084,14.12147823,-0.01504647676,194.1896073,0.5058427359,800130.5343,Bull Trend,False,True
2021-08-21 00:00:00+00:00,3284.81,3309.16,3207,3223.43,421156.0908,ETHUSDT,195.5993104,62.35282858,3006.243217,2703.555926,2506.6892,778513.5418,2598.905029,3049.893,3500.880971,0.2957401919,33.62522628,23.09758215,13.59465406,-0.03345427286,192.9396949,0.5058427359,778513.5418,Bull Trend,False,True
2021-08-22 00:00:00+00:00,3223.36,3272,3126.42,3238,406479.0765,ETHUSDT,192.0265025,62.77578672,3028.315292,2724.514517,2526.9094,762502.4032,2672.495084,3081.4465,3490.397916,0.2654282114,32.35842896,21.84680762,15.85583385,-0.02908545727,191.6868357,0.5058427359,762502.4032,Bull Trend,False,True
2021-08-23 00:00:00+00:00,3238,3377.89,3230.02,3321.28,602103.4461,ETHUSDT,188.8724666,65.18355825,3056.216693,2747.917085,2546.8812,752959.5333,2795.534222,3122.0585,3448.582778,0.2091724278,31.78968566,24.62968037,14.9691425,-0.01675898268,190.5187641,0.5058427359,752959.5333,Bull Trend,False,True
2021-08-24 00:00:00+00:00,3321.28,3357.85,3147.31,3170.62,540480.0785,ETHUSDT,190.4201476,57.88857147,3067.112246,2764.49367,2566.363,732253.9995,2873.175329,3144.3505,3415.525671,0.1724840608,30.56496373,22.68453322,16.88948129,-0.06136079032,189.4124238,0.4971851614,732253.9995,Bull Trend,False,True
2021-08-25 00:00:00+00:00,3170.63,3248,3080,3226.87,483697.6944,ETHUSDT,188.8187085,59.70191505,3082.32727,2782.626075,2584.4504,691052.8739,2933.79019,3164.3445,3394.89881,0.145720107,28.90124968,21.24286252,18.36238586,-0.04470838304,188.4238221,0.4730806586,691052.8739,Bull Trend,False,True
2021-08-26 00:00:00+00:00,3226.88,3250,3053.3,3093.2,442298.4737,ETHUSDT,189.3816579,53.77588564,3083.362768,2794.805444,2599.983,671897.8233,2977.242851,3174.4255,3371.608149,0.1242320216,27.15155553,19.66687981,18.00713902,-0.08428042358,187.5254301,0.4369026917,671897.8233,Bull Trend,False,True
2021-08-27 00:00:00+00:00,3093.06,3280,3060.18,3273.45,451027.8071,ETHUSDT,191.5558252,59.59944938,3101.466314,2813.575819,2623.1254,634185.3586,2978.403767,3180.0825,3381.761233,0.1268386795,25.74077273,19.17348634,16.53113167,-0.03091870961,186.7332803,0.3966780386,634185.3586,Bull Trend,False,True
2021-08-28 00:00:00+00:00,3273.89,3287,3210.31,3244.48,262360.3492,ETHUSDT,183.3511234,58.32755253,3115.086665,2830.474022,2645.0752,598985.8907,3003.825425,3191.714,3379.602575,0.1177352203,24.48242667,18.8733539,16.03724226,-0.03949506941,185.8849269,0.362836222,598985.8907,Range/Chop,False,True
2021-08-29 00:00:00+00:00,3244.75,3285,3152.34,3223.47,335806.7827,ETHUSDT,179.7303288,57.37131304,3125.408887,2845.885629,2667.3308,559296.9991,3007.059569,3194.8615,3382.663431,0.1175649906,22.81096615,17.87831589,17.49557767,-0.04571492855,185.0172536,0.3370503057,559296.9991,Range/Chop,False,True
2021-08-30 00:00:00+00:00,3223.47,3347.95,3143,3229.64,625347.2754,ETHUSDT,181.5317339,57.59119658,3135.33566,2860.93482,2689.1146,546530.5756,3012.530777,3199.2605,3385.990223,0.1167330531,21.75894998,18.91349073,16.08467967,-0.0438883445,184.2141045,0.3108688013,546530.5756,Range/Chop,False,True
2021-08-31 00:00:00+00:00,3229.14,3476,3188.77,3429.2,863071.1309,ETHUSDT,189.0816101,64.05013393,3163.32274,2883.219729,2717.067,553056.8019,3001.935086,3212.6955,3423.455914,0.1312047243,21.66335206,21.69856102,14.33940057,-0.01346375144,183.6418113,0.2805842017,553056.8019,Range/Chop,False,True
2021-09-01 00:00:00+00:00,3429.19,3842,3382.22,3826.82,845759.9587,ETHUSDT,208.4172093,72.90487123,3226.512955,2920.223662,2754.8004,558463.377,2922.812728,3251.7385,3580.664272,0.2023076407,23.23648956,30.82292258,12.07986356,-0.003951067153,183.5053843,0.2373003196,558463.377,Range/Chop,False,True
2021-09-02 00:00:00+00:00,3826.82,3836.8,3717.04,3785.82,525165.7996,ETHUSDT,202.0845515,70.96391261,3279.780293,2954.168616,2790.6252,555754.9968,2872.301899,3274.9135,3677.525101,0.245876174,24.69726009,29.51818115,11.56852014,-0.0146225924,183.2827617,0.2275243009,555754.9968,Range/Chop,False,True
2021-09-03 00:00:00+00:00,3785.82,4027.88,3705.05,3938.11,655903.7574,ETHUSDT,210.7092264,73.75851688,3342.47836,2992.754553,2830.9972,564245.0578,2813.202811,3308.661,3804.119189,0.2994916606,26.65865433,32.76525761,10.30250149,-0.02228715851,183.2611715,0.2275243009,564245.0578,Bull Trend,False,True
2021-09-04 00:00:00+00:00,3938.11,3970,3832.5,3885.52,364478.1193,ETHUSDT,205.479996,71.20970446,3394.196612,3027.764962,2871.1824,554189.9799,2781.987529,3337.5825,3893.177471,0.3329325767,28.47994898,31.19916046,9.810067751,-0.03534365473,183.2179093,0.2275243009,554189.9799,Bull Trend,False,True
2021-09-05 00:00:00+00:00,3885.61,3980,3830,3950.29,365759.8597,ETHUSDT,201.5171391,72.47142963,3447.157887,3063.942415,2912.1964,540694.6201,2769.488201,3377.7705,3986.052799,0.3601679265,30.20206488,29.89481409,9.288484976,-0.01926323525,183.2169039,0.2275243009,540694.6201,Bull Trend,False,True
2021-09-06 00:00:00+00:00,3950.28,3970,3864.3,3926.77,397768.5783,ETHUSDT,194.6730577,71.25032301,3492.835231,3097.778791,2952.899,520333.2456,2794.940717,3423.523,4052.105283,0.3672137052,31.8011725,28.73540432,8.928249911,-0.02510253533,183.055125,0.2275243009,520333.2456,Bull Trend,False,True
2021-09-07 00:00:00+00:00,3926.67,3947.15,3005,3434.57,1203536.002,ETHUSDT,248.0642679,51.64074556,3487.286161,3110.986289,2985.2158,549254.8829,2844.587218,3444.524,4044.460782,0.348342344,30.94063892,20.93988382,31.24915029,-0.1473008133,183.8564018,0.2275243009,549254.8829,Range/Chop,False,True
2021-09-08 00:00:00+00:00,3434.84,3560,3215.16,3499,780611.7657,ETHUSDT,254.9768202,53.44692533,3488.401765,3126.202513,3019.4752,556546.9751,2872.080847,3460.268,4048.455153,0.3399662412,30.14157202,18.91703621,28.23040053,-0.1313048055,184.8673255,0.2275243009,556546.9751,Range/Chop,False,True
2021-09-09 00:00:00+00:00,3499.01,3567.06,3390.4,3424.93,628553.8831,ETHUSDT,249.3827616,51.08475303,3482.356835,3137.917316,3048.0638,560068.2965,2884.297366,3467.2735,4050.249634,0.3362735212,29.36111277,18.16206261,26.80196449,-0.1496941319,185.9056594,0.2275243009,560068.2965,Range/Chop,False,True
2021-09-10 00:00:00+00:00,3424.94,3514.11,3150,3208.86,633026.2659,ETHUSDT,257.5775644,44.85669151,3456.309517,3140.699382,3071.7498,570661.8052,2882.316768,3466.545,4050.773232,0.3370665791,29.45329754,16.32822149,30.76225193,-0.203337736,187.1114456,0.2275243009,570661.8052,Range/Chop,False,True
2021-09-11 00:00:00+00:00,3208.85,3348.37,3200,3267.21,413524.1761,ETHUSDT,249.777024,46.74491649,3438.300039,3145.660583,3094.609,571014.0602,2885.927825,3468.0055,4050.083175,0.3356844015,29.53889769,15.63542695,29.45703199,-0.1888512071,188.2537471,0.2275243009,571014.0602,Range/Chop,False,True
2021-09-12 00:00:00+00:00,3267.1,3474.16,3231.1,3404.21,408858.9595,ETHUSDT,249.2972366,50.98841501,3435.053369,3155.799776,3118.9982,561351.8359,2893.140821,3472.152,4051.163179,0.3335171839,28.88007253,18.15068408,27.40560068,-0.1548382772,189.4202652,0.2726839173,561351.8359,Range/Chop,False,True
2021-09-13 00:00:00+00:00,3404.3,3430.3,3108.49,3285.35,647855.7199,ETHUSDT,254.4767197,47.45537741,3420.795905,3160.880177,3140.9094,566720.6179,2908.751431,3477.8885,4047.025569,0.3272888529,28.7047384,16.51116513,28.37161766,-0.1843475972,190.6938534,0.3133902568,566720.6179,Range/Chop,False,True
2021-09-14 00:00:00+00:00,3285.09,3437.05,3269.95,3434.37,373634.9026,ETHUSDT,248.2355254,51.95066656,3422.088676,3171.605268,3165.0352,561217.4783,2930.35387,3488.2635,4046.17313,0.3198781457,28.50106149,15.9114997,27.0074474,-0.1473504672,191.9384948,0.3235834993,561217.4783,Range/Chop,False,True
2021-09-15 00:00:00+00:00,3434.37,3616.16,3357.78,3613.55,428507.5278,ETHUSDT,248.9601308,56.74268589,3440.323088,3188.936434,3191.3164,560527.931,2984.677543,3514.281,4043.884457,0.3014007457,27.28253531,19.87076437,25.0053528,-0.1028655273,193.3128523,0.3235834993,560527.931,Range/Chop,False,True
2021-09-16 00:00:00+00:00,3613.55,3676.28,3481.14,3567.98,467985.4919,ETHUSDT,245.1158357,55.2339559,3452.480889,3203.800888,3216.658,561375.8153,3010.751632,3529.0075,4047.263368,0.2937119675,25.83464748,20.4927499,23.58341735,-0.1141791712,194.6824343,0.3235834993,561375.8153,Range/Chop,False,True
2021-09-17 00:00:00+00:00,3567.97,3594.17,3350.07,3399.81,398888.3705,ETHUSDT,245.043276,49.95514575,3447.464614,3211.487519,3236.9958,568202.2164,3031.308779,3536.774,4042.239221,0.2858340517,25.05711745,19.03461672,25.72597995,-0.1559306633,196.1090699,0.3235834993,568202.2164,Range/Chop,False,True
2021-09-18 00:00:00+00:00,3399.89,3541.96,3368.88,3435.64,315162.7627,ETHUSDT,239.903042,51.02901571,3446.33846,3220.277813,3256.4724,567170.0154,3060.085192,3547.3825,4034.679808,0.2747362644,24.33512528,18.05371108,24.40025014,-0.1470351649,197.4787316,0.3235834993,567170.0154,Range/Chop,False,True
2021-09-19 00:00:00+00:00,3435.64,3456.53,3277.74,3328.62,312948.0013,ETHUSDT,235.5378247,47.73424537,3435.127178,3224.526526,3272.4238,551550.0516,3076.159217,3552.3315,4028.503783,0.2680900041,24.05595106,17.0748501,25.84117105,-0.1736049733,198.6209294,0.3235834993,551550.0516,Range/Chop,False,True
2021-09-20 00:00:00+00:00,3328.57,3347.82,2913.39,2977.28,917939.5785,ETHUSDT,249.7444087,38.86288322,3391.522685,3214.830584,3280.8556,554293.474,2993.263414,3529.7355,4066.207586,0.3039729666,25.0305431,14.95330192,33.05106221,-0.260832001,200.0816011,0.3235834993,554293.474,Bear Trend,False,True
2021-09-21 00:00:00+00:00,2977.32,3105.83,2652,2765.9,971519.8894,ETHUSDT,264.3219509,34.68614494,3331.939572,3197.225463,3284.035,560581.4706,2863.840513,3476.6895,4089.538487,0.3525474372,26.57465407,13.11942985,36.06130797,-0.3133112208,201.8143081,0.3301107148,560581.4706,Bear Trend,False,True
2021-09-22 00:00:00+00:00,2766.72,3088.88,2737.54,3076.92,677457.6482,ETHUSDT,270.5375259,44.19044074,3307.651994,3192.507602,3295.3926,568196.063,2822.043979,3441.2445,4060.445021,0.3598701118,28.0084714,11.90243985,32.71617395,-0.2360944219,203.7297028,0.3332248803,568196.063,Bear Trend,False,True
2021-09-23 00:00:00+00:00,3076.92,3174.5,3033.85,3152.5,459293.8858,ETHUSDT,261.2598454,46.23780388,3292.875614,3190.938676,3303.947,558365.5694,2814.991201,3401.964,3988.936799,0.3450787836,28.79791641,13.7856011,31.4581134,-0.2173302084,205.5668193,0.3346007927,558365.5694,Bear Trend,False,True
2021-09-24 00:00:00+00:00,3152.41,3158.52,2733,2928.53,932090.8856,ETHUSDT,272.9927136,41.39195494,3258.176031,3180.64814,3305.9778,586746.2077,2776.670617,3354.1145,3931.558383,0.3443197202,30.24364935,12.25074878,35.82739369,-0.2729351421,207.4672845,0.3359789613,586746.2077,Bear Trend,False,True
2021-09-25 00:00:00+00:00,2928.22,2967.52,2801.57,2921.73,491974.0226,ETHUSDT,265.3468055,41.25060139,3226.133552,3170.494487,3306.5808,593056.9159,2764.942781,3302.6865,3840.430219,0.3256401834,31.58611566,11.70348338,34.22691251,-0.2746233751,209.2286571,0.3346007927,593056.9159,Bear Trend,False,True
2021-09-26 00:00:00+00:00,2921.84,3115.51,2738.17,3059.37,703594.478,ETHUSDT,273.3463194,45.32095484,3210.251309,3166.136664,3304.562,608348.2109,2795.000853,3259.3165,3723.632147,0.2849159616,31.92327467,14.41663172,30.85202498,-0.2404515527,211.1921816,0.3304030184,608348.2109,Bear Trend,False,True
2021-09-27 00:00:00+00:00,3059.36,3164.94,2922.71,2925.59,510130.7319,ETHUSDT,271.1237252,42.25649865,3183.140708,3156.703462,3302.8368,573677.9474,2755.191898,3233.8675,3712.543102,0.2960390935,31.9460955,14.7988661,28.8831595,-0.2736650546,213.1444424,0.3264645182,573677.9474,Bear Trend,False,True
2021-09-28 00:00:00+00:00,2924.76,2970.82,2789,2804.91,511325.4643,ETHUSDT,264.7448876,39.65186426,3147.118736,3142.90764,3295.7246,560213.6323,2702.117146,3199.163,3696.208854,0.3107349354,32.35401802,14.07290311,31.07380316,-0.3036262252,214.9882561,0.3227591645,560213.6323,Bear Trend,False,True
2021-09-29 00:00:00+00:00,2805.15,2950,2782,2850.45,411305.0893,ETHUSDT,257.8345385,41.12660193,3118.864571,3131.438713,3289.9004,549351.1926,2662.619827,3170.439,3678.258173,0.3203462817,32.75277462,13.41792943,29.82150531,-0.2923200294,216.7418211,0.3201122137,549351.1926,Bear Trend,False,True
2021-09-30 00:00:00+00:00,2850.45,3048.42,2837.19,3000.61,506896.7612,ETHUSDT,254.5056429,45.82744895,3107.602231,3126.308175,3286.7026,543044.7174,2647.269467,3160.0265,3672.783533,0.324527046,32.49652604,15.3846921,28.05359712,-0.2550398721,218.3997267,0.3201122137,543044.7174,Bear Trend,False,True
2021-10-01 00:00:00+00:00,3000.62,3330,2969.07,3309.91,648714.6151,ETHUSDT,262.1073827,53.97873144,3126.869637,3133.508246,3291.9816,554804.2393,2647.28589,3162.1615,3677.03711,0.3256478899,30.74710084,21.54498162,25.29426327,-0.1782500968,220.1796034,0.3201122137,554804.2393,Range/Chop,False,True
2021-10-02 00:00:00+00:00,3309.91,3469,3257,3387.76,422551.1811,ETHUSDT,258.5282839,55.78219438,3151.716338,3143.478903,3293.2904,555488.8504,2647.962307,3161.339,3674.715693,0.3247843355,28.59718292,24.12344056,23.81269457,-0.1589223115,221.8583936,0.3201122137,555488.8504,Bull Trend,False,True
2021-10-03 00:00:00+00:00,3387.77,3488,3342.51,3417.73,360586.8905,ETHUSDT,250.4541208,56.48909692,3177.050973,3154.233848,3296.3818,541125.4089,2645.031707,3167.958,3690.884293,0.3301346123,26.68354758,23.66435466,22.82462967,-0.1412738693,223.2154369,0.3201122137,541125.4089,Bull Trend,False,True
2021-10-04 00:00:00+00:00,3417.73,3437.19,3270,3386.31,485204.642,ETHUSDT,244.5066836,55.48757101,3196.980404,3163.334874,3297.9662,546703.8959,2647.125392,3165.555,3683.984608,0.3275442115,24.98099005,22.50854534,23.82809338,-0.1491683417,224.3006914,0.3224366639,546703.8959,Range/Chop,False,True
2021-10-05 00:00:00+00:00,3386.31,3545,3363.78,3515.27,393900.8818,ETHUSDT,239.9862062,58.72235993,3227.293699,3177.136251,3305.341,544973.5636,2657.657023,3160.641,3663.624977,0.318279727,23.49428056,24.50330326,22.54286264,-0.1145415617,225.2542968,0.3224366639,544973.5636,Range/Chop,False,True
2021-10-06 00:00:00+00:00,3515.48,3632.11,3342,3574.89,618265.5402,ETHUSDT,243.5664772,60.16369622,3260.398109,3192.734438,3316.6044,552487.566,2656.875561,3160.9865,3665.097439,0.3189579827,22.49726148,24.97320921,20.62496152,-0.09431108521,226.1214661,0.3224366639,552487.566,Range/Chop,False,True
2021-10-07 00:00:00+00:00,3574.88,3653.98,3470.8,3587.47,486102.3591,ETHUSDT,239.2531574,60.47729221,3291.547812,3208.214264,3328.0628,556848.2654,2642.405507,3170.3695,3698.333493,0.333061489,21.66787625,24.26039805,19.49702285,-0.02415757233,226.857909,0.3246556908,556848.2654,Range/Chop,False,True
2021-10-08 00:00:00+00:00,3587.47,3695,3532,3563.13,403597.1437,ETHUSDT,233.8065033,59.50130843,3317.412783,3222.132528,3335.643,561269.9845,2633.271907,3176.744,3720.216093,0.3421566816,21.0839695,24.30547657,18.52613004,-0.03568876861,227.3872607,0.3252122595,561269.9845,Range/Chop,False,True
2021-10-09 00:00:00+00:00,3563.13,3635,3538.07,3574.82,361906.7514,ETHUSDT,224.0296102,59.83655155,3341.927756,3235.963409,3341.443,563717.922,2621.748608,3189.054,3756.359392,0.3557828697,20.54177038,23.55432273,17.95358526,-0.03252503383,227.7777897,0.3256440367,563717.922,Range/Chop,False,True
2021-10-10 00:00:00+00:00,3574.83,3604,3405,3414.22,580223.6302,ETHUSDT,222.2417809,53.30786406,3348.812731,3242.953864,3345.2588,546832.1246,2644.247189,3210.901,3777.554811,0.3529562646,19.2344243,22.04781989,21.08217164,-0.07598917456,228.1943166,0.3265960507,546832.1246,Range/Chop,False,True
2021-10-11 00:00:00+00:00,3414.22,3623.8,3371,3542.12,493521.882,ETHUSDT,224.4245108,57.30329284,3367.222947,3254.685869,3351.3412,522932.2242,2704.361292,3249.712,3795.062708,0.3356301775,17.89458051,20.27385754,20.468038,-0.04137483085,228.5728655,0.3265960507,522932.2242,Range/Chop,False,True
2021-10-12 00:00:00+00:00,3542.12,3547.11,3403.21,3491.46,409377.1918,ETHUSDT,218.6727601,55.2853492,3379.055048,3263.971129,3354.7448,509528.2014,2721.434479,3270.439,3819.443521,0.3357375087,16.65043985,19.320898,19.50595113,-0.05508525034,228.7456489,0.3265960507,509528.2014,Range/Chop,False,True
2021-10-13 00:00:00+00:00,3491.43,3613,3412.7,3607.42,393463.1222,ETHUSDT,217.3604201,58.85687986,3400.804091,3277.439712,3363.4808,506236.6632,2728.148931,3293.185,3858.221069,0.3431547692,15.83137998,20.21441858,18.22202635,-0.02370230041,228.9886144,0.3265960507,506236.6632,Range/Chop,False,True
2021-10-14 00:00:00+00:00,3607.41,3824,3586.04,3790.82,481894.1473,ETHUSDT,218.8318186,63.78387695,3437.948463,3297.572272,3374.7598,483726.8263,2757.71175,3336.2995,3914.88725,0.3468440106,16.17253301,25.53154067,16.80668197,-0.008676778243,229.2488563,0.3265960507,483726.8263,Range/Chop,False,True
2021-10-15 00:00:00+00:00,3790.82,3907.77,3734.1,3868.99,504321.732,ETHUSDT,215.6059744,65.67088253,3479.000038,3319.980811,3390.2756,484344.2118,2793.604004,3383.6625,3973.720996,0.3487691198,16.8580849,26.83780494,15.83970093,-0.009923818444,229.4594261,0.3288394119,484344.2118,Range/Chop,False,True
2021-10-16 00:00:00+00:00,3868.38,3971,3803.56,3829.96,373727.8549,ETHUSDT,212.1655477,63.88115423,3512.424796,3339.979995,3401.4058,467850.8806,2821.330863,3422.192,4023.053137,0.3511557135,17.76086365,27.45365757,14.94679996,-0.03551750189,229.4993956,0.3315980506,467850.8806,Range/Chop,False,True
2021-10-17 00:00:00+00:00,3829.96,3919.19,3640,3846.85,368898.9831,ETHUSDT,216.9530086,64.33413812,3544.274816,3359.85725,3413.4532,460789.2932,2885.768022,3468.255,4050.741978,0.3358962812,17.46422815,24.93013985,18.9578736,-0.0312641652,229.6595816,0.3343458332,460789.2932,Range/Chop,False,True
2021-10-18 00:00:00+00:00,3847,3893.14,3676,3744.96,401819.9734,ETHUSDT,216.9663651,59.48728729,3563.38769,3374.959318,3423.883,455314.0186,3007.554877,3515.2575,4022.960123,0.2888565763,17.18878091,23.14799049,17.60265608,-0.0569226895,229.7934091,0.3343458332,455314.0186,Range/Chop,True,True
2021-10-19 00:00:00+00:00,3744.96,3886.89,3732,3877.03,341268.3723,ETHUSDT,212.532339,63.34241939,3593.258387,3394.648365,3436.8308,451812.1828,3136.464012,3566.5865,3996.708988,0.2411956013,16.93300846,21.94300001,16.68633321,-0.02366406447,229.9558323,0.3343458332,451812.1828,Range/Chop,True,True
2021-10-20 00:00:00+00:00,3876.98,4169,3828.05,4161.15,537383.0973,ETHUSDT,221.7050291,69.96413338,3647.343302,3424.707252,3451.4698,453336.4996,3202.509135,3624.6135,4046.717865,0.2329099999,17.98559826,28.62160814,14.85339415,-0.00188294555,230.3909276,0.3343458332,453336.4996,Range/Chop,True,True
2021-10-21 00:00:00+00:00,4161.37,4375,4013.13,4052.99,798566.558,ETHUSDT,231.7168127,65.14015902,3685.976321,3449.345792,3455.9932,460829.0967,3226.400939,3661.7675,4097.134061,0.2377903901,19.65212108,31.77900239,13.19650786,-0.07360228571,231.0524328,0.3343458332,460829.0967,Range/Chop,True,True
2021-10-22 00:00:00+00:00,4053,4167.41,3888,3972.2,463222.5428,ETHUSDT,235.123469,61.71712787,3713.235719,3469.849878,3459.7208,462862.6648,3254.657073,3690.9895,4127.321927,0.2364311397,20.34614347,29.08152267,15.87770212,-0.09206857143,231.8232828,0.3343458332,462862.6648,Range/Chop,False,True
2021-10-23 00:00:00+00:00,3972.19,4172,3937.51,4167.12,326576.9601,ETHUSDT,235.0782212,66.31616622,3756.462793,3497.193804,3464.301,461162.1683,3264.588293,3728.459,4192.329707,0.2488270393,21.00738773,27.14893608,14.74641838,-0.04751542857,232.5675841,0.3343458332,461162.1683,Range/Chop,False,True
2021-10-24 00:00:00+00:00,4167.13,4186.57,3961.5,4082.33,350115.8386,ETHUSDT,234.3633482,62.78289657,3787.497765,3520.140322,3468.2372,454407.7281,3302.86523,3763.26,4223.65477,0.2446786932,21.67797809,25.73068316,13.73487053,-0.066896,233.3266614,0.3343458332,454407.7281,Range/Chop,False,True
2021-10-25 00:00:00+00:00,4082.33,4236,4067.71,4220.37,347438.6534,ETHUSDT,229.6438234,65.96241341,3828.723693,3547.600309,3473.6388,452084.6167,3312.22107,3798.515,4284.80893,0.2560442329,22.49698319,25.9212837,13.01591823,-0.035344,233.9976975,0.3343458332,452084.6167,Range/Chop,False,True
2021-10-26 00:00:00+00:00,4220.36,4297,4090.21,4131.52,414498.1599,ETHUSDT,228.0114074,62.27461818,3857.561436,3570.499121,3477.7338,441896.2477,3330.806134,3826.3465,4321.886866,0.2590148938,23.49559181,26.15301952,12.17273932,-0.05565257143,234.6052905,0.3343458332,441896.2477,Range/Chop,False,True
2021-10-27 00:00:00+00:00,4131.52,4307,3909,3922,704604.25,ETHUSDT,240.1534497,54.53220949,3863.698442,3584.283469,3487.4824,452821.3422,3358.450804,3843.073,4327.695196,0.2522055638,23.08180721,23.05711153,16.12147941,-0.1035428571,235.551996,0.3122433769,452821.3422,Range/Chop,False,True
2021-10-28 00:00:00+00:00,3921.99,4295,3890.17,4286.02,626378.5055,ETHUSDT,251.9160605,63.11292784,3903.919543,3611.802549,3503.2228,463960.4103,3376.027908,3879.2175,4382.407092,0.2594283989,22.57011319,20.41047869,14.80486781,-0.02033828571,236.7550915,0.2741424876,463960.4103,Range/Chop,False,True
2021-10-29 00:00:00+00:00,4286.01,4460.47,4265.97,4418.89,559231.0769,ETHUSDT,247.8149133,65.66035607,3952.964348,3643.453037,3523.102,473826.6266,3386.824949,3921.421,4456.017051,0.2726542503,22.84855759,24.03563868,13.97488582,-0.009321887604,237.8598111,0.2660413246,473826.6266,Range/Chop,False,True
2021-10-30 00:00:00+00:00,4418.89,4434.06,4232.2,4322.68,340223.069,ETHUSDT,244.5324195,62.30507316,3988.175363,3670.089388,3545.3784,461826.5985,3458.620497,3966.844,4475.067503,0.2562356889,22.86467797,22.61840503,14.13730354,-0.03089136347,238.7839913,0.2592216463,461826.5985,Range/Chop,False,True
2021-10-31 00:00:00+00:00,4322.68,4399.14,4164.35,4287.21,412856.2893,ETHUSDT,243.8365324,61.06612836,4016.654852,3694.290197,3565.7784,457793.3189,3517.078668,4004.0985,4491.118332,0.2432606652,22.39717685,21.06274475,15.1525336,-0.03884344027,239.3743133,0.2576252913,457793.3189,Range/Chop,False,True
2021-11-01 00:00:00+00:00,4287.48,4386.58,4146.3,4319.43,417620.7073,ETHUSDT,243.5824944,61.80904166,4045.49058,3718.805483,3584.0828,458205.4947,3600.907168,4045.497,4490.086832,0.2197949136,21.83445328,19.57866076,14.6141854,-0.03161998623,240.0659457,0.2561399609,458205.4947,Range/Chop,False,True
2021-11-02 00:00:00+00:00,4319.43,4599.6,4284.43,4589.89,468184.793,ETHUSDT,248.6958876,67.42757347,4097.338144,3752.96566,3610.1736,461941.5782,3637.566782,4094.6205,4551.674218,0.2232459484,22.31570004,23.92458634,13.29129811,-0.002111053135,240.6990567,0.2541248984,461941.5782,Range/Chop,False,True
2021-11-03 00:00:00+00:00,4589.68,4665.87,4455,4603.35,448658.3513,ETHUSDT,245.9940385,67.68239036,4145.52975,3786.314066,3633.5532,460279.7884,3649.862365,4135.247,4620.631635,0.2347548452,23.02891007,24.3839536,12.47747582,-0.01339943033,241.3742908,0.2505163016,460279.7884,Range/Chop,False,True
2021-11-04 00:00:00+00:00,4603.35,4606.65,4420.08,4532.32,368218.257,ETHUSDT,241.7494643,64.8013865,4182.366916,3815.5692,3651.9286,453474.6147,3669.862588,4168.4135,4666.964412,0.239204154,23.41928877,23.03978923,12.82142025,-0.02862274345,242.0448295,0.2467528663,453474.6147,Range/Chop,False,True
2021-11-05 00:00:00+00:00,4532.31,4570.05,4438.8,4474.24,305651.7244,ETHUSDT,233.8566454,62.46017408,4210.164353,3841.399428,3670.0538,450070.8081,3710.527653,4200.6275,4690.727347,0.2333460167,23.78178327,22.11615491,12.30742667,-0.04107058276,242.6978893,0.2439696792,450070.8081,Range/Chop,False,True
2021-11-06 00:00:00+00:00,4474.24,4530,4326.17,4518,322154.0973,ETHUSDT,231.7118851,63.5293171,4239.482033,3867.932784,3692.4176,447733.5638,3753.761443,4234.185,4714.608557,0.2269261059,23.22658311,20.72651787,15.00609125,-0.03169183882,242.4253496,0.2422281332,447733.5638,Range/Chop,False,True
2021-11-07 00:00:00+00:00,4518,4637.98,4502.37,4612.59,243596.5952,ETHUSDT,224.8474647,65.79689238,4275.016126,3897.135027,3715.9566,439822.3949,3825.848862,4277.5665,4729.284138,0.2112030931,23.2580218,23.2638815,14.35962886,-0.01141909226,241.9231937,0.2401998776,439822.3949,Range/Chop,False,True
2021-11-08 00:00:00+00:00,4612.59,4822.97,4612,4807.98,391102.3181,ETHUSDT,223.8562172,69.95278093,4325.77459,3932.854438,3745.5438,442314.0922,3855.537492,4324.114,4792.690508,0.2167271761,24.07230895,27.60053597,13.3929845,-0.003108043384,241.4977513,0.2384972721,442314.0922,Range/Chop,False,True
2021-11-09 00:00:00+00:00,4807.98,4838.28,4713.89,4732.33,311267.58,ETHUSDT,216.7514874,66.5796654,4364.494153,3964.206421,3780.6448,431008.3164,3858.387571,4352.673,4846.958429,0.2271181085,24.88757166,26.97367236,12.84398403,-0.0218982779,240.8173167,0.2384972721,431008.3164,Range/Chop,False,True
2021-11-10 00:00:00+00:00,4732.33,4868,4461.93,4628.78,553596.9916,ETHUSDT,230.2742383,62.16119983,4389.664233,3990.26813,3817.9024,418759.838,3893.315207,4381.4625,4869.609793,0.2228239053,23.86986667,23.57610878,19.04170089,-0.04914133114,240.4922702,0.2378176468,418759.838,Range/Chop,False,True
2021-11-11 00:00:00+00:00,4628.68,4779,4576.47,4719,303688.9765,ETHUSDT,228.292507,64.37924502,4421.029544,4018.84585,3850.744,410783.1597,3947.636042,4418.8025,4889.968958,0.213255269,22.9248549,22.08213905,17.83506731,-0.03060805259,240.1421914,0.2369794996,410783.1597,Range/Chop,False,True
2021-11-12 00:00:00+00:00,4719,4809.71,4507.85,4665.46,461580.0415,ETHUSDT,233.5473279,62.05454532,4444.308635,4044.203268,3881.0032,417533.3138,3975.730641,4443.7195,4911.708359,0.2106293426,21.61464663,20.0434839,18.28719548,-0.0416064092,239.7933682,0.2340504309,417533.3138,Range/Chop,False,True
2021-11-13 00:00:00+00:00,4665.47,4707.6,4584.08,4644.28,220720.6611,ETHUSDT,225.6882331,61.11439613,4463.353527,4067.735689,3915.3182,411063.5549,4027.092229,4471.817,4916.541771,0.1989011498,20.39802467,19.25992158,17.57229196,-0.04595727198,239.41758,0.2302320626,411063.5549,Range/Chop,False,True
2021-11-14 00:00:00+00:00,4644.27,4696.05,4514.12,4626.5,245309.0674,ETHUSDT,222.562645,60.28864499,4478.891287,4089.648015,3949.4136,405957.0756,4058.22149,4492.1235,4926.02551,0.1931834731,19.06794975,18.13537222,18.79155475,-0.04960969597,238.9776219,0.2270221072,405957.0756,Range/Chop,True,True
2021-11-15 00:00:00+00:00,4626.5,4772.01,4540,4563.78,375421.6601,ETHUSDT,223.2374561,57.3451627,4486.975926,4108.241426,3979.5018,404003.2506,4111.962408,4513.7365,4915.510592,0.1780228384,18.06157304,19.21955161,17.3965544,-0.0624938373,238.6129823,0.2250860272,404003.2506,Range/Chop,True,True
2021-11-16 00:00:00+00:00,4563.77,4563.77,4103,4209.76,735857.063,ETHUSDT,240.2047806,44.22124962,4460.574409,4112.222546,4005.1852,405565.8913,4197.905954,4528.1245,4858.343046,0.1458522379,18.60093444,16.5860888,28.00774313,-0.1352177486,238.5323407,0.2230349269,405565.8913,Range/Chop,True,True
2021-11-17 00:00:00+00:00,4209.59,4299.91,4063.48,4287.8,472852.1842,ETHUSDT,239.9351535,47.09555473,4444.119704,4119.107937,4034.843,397889.5752,4198.255152,4528.2135,4858.171848,0.1457344484,19.24840397,15.41867546,27.212924,-0.1191865242,238.5328759,0.2213094095,397889.5752,Range/Chop,True,True
2021-11-18 00:00:00+00:00,4288.07,4344.81,3956.44,3996.9,576945.1837,ETHUSDT,250.5376425,39.02323277,4401.527351,4114.315469,4057.772,398775.2806,4105.666323,4507.114,4908.561677,0.178139571,20.23454637,13.71144669,27.25150295,-0.1789441249,238.7828728,0.2182610448,398775.2806,Range/Chop,False,True
2021-11-19 00:00:00+00:00,3996.9,4308.97,3973.01,4294.76,420045.0897,ETHUSDT,256.6392395,48.71610913,4391.359032,4121.391725,4083.655,402766.3816,4101.529793,4505.718,4909.906207,0.1794112311,21.15025004,12.42935302,24.70334152,-0.117756779,238.8977867,0.2149912225,402766.3816,Range/Chop,False,True
2021-11-20 00:00:00+00:00,4294.75,4435.88,4199.86,4412.17,365584.578,ETHUSDT,255.1664366,51.95791994,4393.341029,4132.794794,4105.7002,400402.796,4117.741378,4511.966,4906.190622,0.1747462735,21.11742799,15.16074228,23.07121838,-0.09363804437,238.7451948,0.2122291811,400402.796,Range/Chop,False,True
2021-11-21 00:00:00+00:00,4412.17,4451,4242.41,4258.31,340206.3203,ETHUSDT,251.8395483,47.7024034,4380.480931,4137.716959,4123.1112,396532.0767,4107.873908,4508.91,4909.946092,0.1778860489,20.98538233,14.69264967,21.70628314,-0.1252444536,238.4335618,0.2109162179,396532.0767,Range/Chop,False,True
2021-11-22 00:00:00+00:00,4259.7,4320,4022.74,4085.97,518501.3338,ETHUSDT,255.0838663,43.41328334,4352.432271,4135.687667,4136.476,399047.9037,4044.67563,4483.714,4922.75237,0.19583692,21.76030598,13.46965217,26.05067793,-0.160647083,238.3306288,0.2047652462,399047.9037,Range/Chop,False,True
2021-11-23 00:00:00+00:00,4086.28,4385.59,4059.62,4339.44,502811.7902,ETHUSDT,260.1471615,50.4674226,4351.194912,4143.677954,4155.5386,401755.5757,4030.792849,4470.5185,4910.244151,0.1967224389,22.03104801,14.06500132,23.71910215,-0.1085784717,238.1165363,0.1978117944,401755.5757,Range/Chop,False,True
2021-11-24 00:00:00+00:00,4339.45,4373.94,4167.65,4269.36,448727.0306,ETHUSDT,256.3002214,48.66122691,4343.40111,4148.606662,4170.6204,405781.0143,4010.161117,4457.3705,4904.579883,0.2006606285,22.28245133,13.25638792,22.35546318,-0.1229745275,237.9657599,0.1978117944,405781.0143,Range/Chop,False,True
2021-11-25 00:00:00+00:00,4270.1,4550,4248.27,4524.85,445868.2434,ETHUSDT,259.5452056,54.98626597,4360.681957,4163.361303,4189.6196,412791.8403,4011.766646,4459.901,4908.035354,0.2009615701,21.35717466,17.00089115,20.49910781,-0.07049096138,237.7357413,0.1978117944,412791.8403,Range/Chop,False,True
2021-11-26 00:00:00+00:00,4524.48,4551,3913,4041.2,720245.1612,ETHUSDT,286.5776909,43.94804151,4330.255104,4158.570663,4198.6942,432696.3935,3953.424467,4436.061,4918.697533,0.2175968876,21.85463684,14.29741869,25.59584818,-0.1698438784,237.9933074,0.1978117944,432696.3935,Range/Chop,False,True
2021-11-27 00:00:00+00:00,4041.2,4183.66,4028.34,4095.29,275326.5202,ETHUSDT,277.2021416,45.27125808,4307.877475,4156.089069,4209.3374,434282.8897,3912.949072,4410.196,4907.442928,0.2254987889,22.31656601,13.72520216,24.57144176,-0.158732539,238.2009283,0.1978117944,434282.8897,Range/Chop,False,True
2021-11-28 00:00:00+00:00,4095.29,4298.51,3964,4294.78,346471.3551,ETHUSDT,281.29556,49.9628629,4306.630096,4161.527929,4223.7366,432051.3416,3920.167059,4384.536,4848.904941,0.211821247,22.04131752,15.47572052,22.48431497,-0.1177526705,238.5919453,0.1978117944,432051.3416,Range/Chop,False,True
2021-11-29 00:00:00+00:00,4294.77,4458.92,4276.89,4444.53,406881.2284,ETHUSDT,274.2051629,53.20572909,4319.763421,4172.626049,4244.3428,436832.024,3932.724066,4370.146,4807.567934,0.2001864165,20.9092101,18.92047034,21.41816337,-0.08699055053,238.9202707,0.1978117944,436832.024,Range/Chop,False,True
2021-11-30 00:00:00+00:00,4444.54,4753,4346.36,4630.26,743024.4662,ETHUSDT,283.6647941,56.93371211,4349.334523,4190.572479,4266.1056,446303.3977,3932.62261,4370.22,4807.81739,0.2002633231,20.26130474,24.38823682,19.22506127,-0.04883730485,239.2795609,0.1978117944,446303.3977,Range/Chop,False,True
2021-12-01 00:00:00+00:00,4630.25,4778.75,4523.99,4582.95,508198.3105,ETHUSDT,281.600166,55.7160765,4371.583616,4205.959832,4287.9354,456528.8644,3943.860957,4363.4175,4782.974043,0.1923063941,19.75891267,23.46541188,17.98272825,-0.0585558751,239.6640922,0.1962796795,456528.8644,Range/Chop,True,True
2021-12-02 00:00:00+00:00,4582.95,4634.83,4433,4511.21,451861.9545,ETHUSDT,275.902297,53.83584017,4384.881367,4217.930427,4306.0112,456042.9601,3953.32166,4355.705,4758.08834,0.1847615207,18.83484885,22.23929873,19.39874348,-0.07329293344,240.0882285,0.1945101966,456042.9601,Range/Chop,True,True
2021-12-03 00:00:00+00:00,4511.35,4654.88,4032.5,4215.73,677974.8659,ETHUSDT,300.6507043,46.8265298,4368.771713,4217.844136,4314.5094,478905.6703,3950.42949,4334.2775,4718.12551,0.177122028,18.61571223,18.95088498,26.04542436,-0.1339913722,241.0239622,0.1927449336,478905.6703,Range/Chop,True,True
2021-12-04 00:00:00+00:00,4215.01,4238.59,3503.68,4117.25,1111773.145,ETHUSDT,331.6692254,44.73595762,4344.817264,4213.899268,4319.4746,522228.8742,3938.56194,4308.815,4679.06806,0.171858416,19.80315632,15.95151223,33.3119061,-0.1542214462,242.5520125,0.1885339574,522228.8742,Range/Chop,True,True
2021-12-05 00:00:00+00:00,4117.25,4248.19,4031.39,4196.44,536325.4413,ETHUSDT,323.4642808,46.79302605,4330.686096,4213.214591,4326.8042,530274.0633,3936.524082,4290.448,4644.371918,0.1649822667,20.86232028,15.39983113,31.71711282,-0.1379539852,243.8836426,0.1885339574,530274.0633,Range/Chop,False,True
2021-12-06 00:00:00+00:00,4196.44,4376.15,3921,4347.59,726742.9638,ETHUSDT,332.8704036,50.57464996,4332.295992,4218.484215,4336.819,529818.3583,3944.602913,4297.3395,4650.076087,0.1641651012,21.26243045,16.64157712,28.61937273,-0.1069042728,245.44393,0.1885339574,529818.3583,Range/Chop,False,True
2021-12-07 00:00:00+00:00,4347.57,4425,4255.92,4306.4,420749.751,ETHUSDT,321.171089,49.5413045,4329.829707,4221.931893,4348.0478,527213.2366,3945.540343,4298.2695,4650.998657,0.1641261243,21.4141441,17.10222216,27.54318542,-0.1153656532,246.9000064,0.1885339574,527213.2366,Range/Chop,False,True
2021-12-08 00:00:00+00:00,4306.4,4450.49,4222.95,4436.91,429403.9351,ETHUSDT,314.4831541,52.82994014,4340.02783,4230.362407,4359.2454,519836.1742,3991.391158,4320.27,4649.148842,0.1522492076,21.65013097,16.21835932,26.86856913,-0.0885558751,248.4075655,0.1885339574,519836.1742,Range/Chop,False,True
2021-12-09 00:00:00+00:00,4436.91,4488,4076.16,4105.64,462173.711,ETHUSDT,321.4372145,44.84117386,4317.70518,4225.471332,4358.1352,521942.6053,3968.927053,4310.814,4652.700947,0.158618278,22.28289168,14.73409498,27.67153609,-0.1566064092,250.0608227,0.1885339574,521942.6053,Range/Chop,False,True
2021-12-10 00:00:00+00:00,4105.64,4231.08,3887.37,3897.94,563236.5671,ETHUSDT,323.0281278,40.68691607,4277.727543,4212.626966,4355.0342,531825.2047,3902.635848,4285.1025,4667.569152,0.1785099198,23.34836993,13.61427747,29.74300902,-0.1895686018,251.7042163,0.1885339574,531825.2047,Range/Chop,False,True
2021-12-11 00:00:00+00:00,3898.31,4097.08,3828.22,4089.37,427853.4343,ETHUSDT,319.1589758,45.68174339,4259.78873,4207.793359,4357.3776,536207.5604,3884.846864,4276.6555,4668.464136,0.1832313292,24.47888542,12.79508548,29.27711818,-0.1497678654,253.3789866,0.1885339574,536207.5604,Range/Chop,False,True
2021-12-12 00:00:00+00:00,4089.68,4173.63,3986.25,4130,260535.5157,ETHUSDT,309.7461918,46.7075307,4247.427898,4204.742639,4356.6352,523309.2695,3890.882779,4278.857,4666.831221,0.181344794,25.11101644,14.0074737,28.01203947,-0.1357572587,254.9187495,0.183996425,523309.2695,Bear Trend,False,True
2021-12-13 00:00:00+00:00,4130,4142.75,3671.45,3781.93,533467.2307,ETHUSDT,321.2857495,39.77725157,4203.094765,4188.161752,4350.6272,524842.0415,3808.18465,4250.9815,4693.77835,0.2083268771,26.44503103,12.53977214,32.07560634,-0.2085942977,256.626315,0.183996425,524842.0415,Bear Trend,False,True
2021-12-14 00:00:00+00:00,3781.92,3882.74,3685,3858.99,395145.7462,ETHUSDT,312.4610531,41.83491016,4170.322883,4175.253055,4343.3996,522162.9773,3756.069779,4230.463,4704.856221,0.2242748472,27.68375885,11.97293246,30.62568155,-0.1924687418,258.2405663,0.183996425,522162.9773,Bear Trend,False,True
2021-12-15 00:00:00+00:00,3858.99,4092.22,3643.73,4019.08,542068.0573,ETHUSDT,322.1774065,45.9654266,4155.918799,4169.128622,4341.1508,526972.968,3742.470805,4205.1745,4667.878195,0.2200639686,27.72490672,15.42672158,27.58048443,-0.1589683495,260.0740973,0.183996425,526972.968,Bear Trend,False,True
2021-12-16 00:00:00+00:00,4019.54,4113.43,3942.11,3958.11,368780.031,ETHUSDT,311.4018774,44.66453403,4137.079866,4160.853382,4341.873,509399.7115,3731.066475,4201.02,4670.973525,0.2237330577,27.6564952,15.30700812,26.49665562,-0.171726916,261.6482451,0.183996425,509399.7115,Bear Trend,False,True
2021-12-17 00:00:00+00:00,3959.11,3994.1,3700,3875.42,463370.9225,ETHUSDT,310.1660291,42.89155574,4112.159878,4149.659916,4333.661,518801.9316,3700.802428,4190.0265,4679.250572,0.2335183667,28.24766783,14.27028432,30.27765677,-0.1890306042,263.2015728,0.183996425,518801.9316,Bear Trend,False,True
2021-12-18 00:00:00+00:00,3875.43,3996.93,3767.01,3959.93,339593.2543,ETHUSDT,304.4341698,45.28216875,4097.661795,4142.219527,4324.4818,518458.0266,3676.682381,4173.284,4669.885619,0.2379908098,28.78134049,13.56686605,28.64431307,-0.1713460633,264.73327,0.183996425,518458.0266,Bear Trend,False,True
2021-12-19 00:00:00+00:00,3959.93,4032.43,3884,3924.14,306006.323,ETHUSDT,293.2910149,44.43384596,4081.135909,4133.667389,4316.511,513414.2813,3655.73141,4147.2645,4638.79759,0.2370396633,29.0751756,13.94101177,27.60885312,-0.1788354695,265.9263698,0.183996425,513414.2813,Bear Trend,False,True
2021-12-20 00:00:00+00:00,3924.14,3983.37,3753,3944.73,366916.4771,ETHUSDT,288.7966566,45.07139242,4068.14487,4126.258079,4309.6614,494608.8819,3667.508057,4112.988,4558.467943,0.2166210758,29.71410719,13.1466835,29.27580666,-0.1745268114,266.8777005,0.183996425,494608.8819,Bear Trend,False,True
2021-12-21 00:00:00+00:00,3944.72,4063,3913.21,4014.15,340826.3553,ETHUSDT,278.8676097,47.26817583,4063.002502,4121.861684,4303.5558,486240.2841,3693.39844,4084.548,4475.69756,0.1915264849,29.83796998,14.68191232,28.15258471,-0.16,267.6067695,0.183996425,486240.2841,Bear Trend,False,True
2021-12-22 00:00:00+00:00,4014.41,4074.87,3933.4,3979.51,303191.8076,ETHUSDT,269.0534948,46.2736852,4055.050835,4116.279265,4291.3482,478806.7768,3717.420149,4057.963,4398.505851,0.1678393082,29.88175999,14.44562098,27.09524156,-0.1672487575,268.1730241,0.1822880616,478806.7768,Bear Trend,False,True
2021-12-23 00:00:00+00:00,3979.51,4150,3893.23,4111.41,380207.8166,ETHUSDT,268.1761023,50.54076571,4060.418375,4116.088313,4281.5094,463918.4243,3718.899972,4052.747,4386.594028,0.1647509839,29.46430106,15.45876066,25.24218277,-0.1396473973,268.73657,0.1822880616,463918.4243,Bear Trend,False,True
2021-12-24 00:00:00+00:00,4111.41,4134.84,4017.17,4046.36,230833.1661,ETHUSDT,257.4256664,48.49512637,4059.079482,4113.35387,4271.7902,419871.4253,3716.667366,4049.2025,4381.737634,0.1642472236,29.07666062,14.954029,24.41802041,-0.1532597437,269.1996007,0.1822880616,419871.4253,Bear Trend,False,True
2021-12-25 00:00:00+00:00,4046.35,4137.91,4018.62,4094.83,208126.8805,ETHUSDT,247.5588331,50.11531249,4062.484293,4112.627444,4264.202,403461.4973,3717.691353,4044.122,4370.552647,0.1614346187,28.69611346,14.52790631,23.57757786,-0.1431169239,269.5253911,0.1822880616,403461.4973,Bear Trend,False,True
2021-12-26 00:00:00+00:00,4094.36,4105,4000,4063.56,189309.255,ETHUSDT,237.3760593,49.04345467,4062.586741,4110.70323,4255.1132,376589.8119,3734.273348,4029.9205,4325.567652,0.1467260467,28.42420804,14.06889078,23.39292641,-0.1496604761,269.4791013,0.1822880616,376589.8119,Bear Trend,False,True
2021-12-27 00:00:00+00:00,4063.57,4127.46,4031,4037.23,222225.3761,ETHUSDT,227.3106265,48.11038677,4060.171814,4107.821927,4243.606,366663.5931,3749.244455,4016.462,4283.679545,0.1330611594,28.00171168,14.34821742,22.6838647,-0.1551702851,269.0690107,0.1822880616,366663.5931,Bear Trend,False,True
2021-12-28 00:00:00+00:00,4037.22,4037.23,3759.36,3792.75,358064.7163,ETHUSDT,230.9220103,40.4206325,4034.703069,4095.466165,4223.3014,363096.6322,3779.534917,3984.254,4188.973083,0.1027640724,28.71012163,13.11498128,29.13651772,-0.2063301072,268.7874623,0.1822880616,363096.6322,Bear Trend,False,True
2021-12-29 00:00:00+00:00,3792.75,3827.78,3604.2,3630.19,302753.6375,ETHUSDT,230.397581,36.26946893,3996.178015,4077.220041,4201.2586,355125.6285,3711.936279,3960.4815,4209.026721,0.1255126284,29.85125263,12.20591682,31.92723941,-0.2403473712,268.5518817,0.1822880616,355125.6285,Bear Trend,False,True
2021-12-30 00:00:00+00:00,3630.18,3769.1,3585,3709.27,249263.7305,ETHUSDT,227.0906109,39.52328207,3968.853442,4062.790628,4182.8684,339426.9867,3680.385998,3951.048,4221.710002,0.137007701,30.96744081,11.49911611,30.68236037,-0.2237991106,268.272783,0.1822880616,339426.9867,Bear Trend,False,True
2021-12-31 00:00:00+00:00,3709.27,3815,3622.29,3676.23,268014.2942,ETHUSDT,224.634853,38.63573317,3940.984543,4047.631387,4162.013,331435.0297,3642.589916,3930.391,4218.192084,0.1464490856,31.63450078,12.25399367,28.80223053,-0.2102417248,267.956989,0.1745920511,331435.0297,Bear Trend,False,True
2022-01-01 00:00:00+00:00,3676.22,3776.45,3673.46,3765.54,154143.8968,ETHUSDT,215.9459349,42.40102611,3924.275539,4036.56898,4144.0146,326115.4487,3631.156305,3912.168,4193.179695,0.1436603414,32.25391361,11.83654831,27.82105183,-0.1910554085,267.4111564,0.1662951461,326115.4487,Bear Trend,False,True
2022-01-02 00:00:00+00:00,3765.54,3857.44,3717.3,3828.27,154791.4263,ETHUSDT,210.5312253,44.95581235,3915.132154,4028.400393,4127.6944,307181.6585,3637.065667,3914.485,4191.904333,0.1417398883,32.14945939,14.02157407,26.49826122,-0.1469986631,266.8201095,0.1644991038,307181.6585,Bear Trend,False,True
2022-01-03 00:00:00+00:00,3828.11,3853.09,3680,3765.89,236245.8586,ETHUSDT,207.8568521,42.91723891,3900.918616,4018.105867,4110.4822,299236.6641,3625.796611,3909.83,4193.863389,0.1452919381,32.21332522,13.18755426,26.20390203,-0.1608979501,266.2552327,0.1628409212,299236.6641,Bear Trend,False,True
2022-01-04 00:00:00+00:00,3765.89,3900.73,3713.11,3785.11,288258.5549,ETHUSDT,206.4113626,43.76339849,3889.889224,4008.968774,4094.9088,286546.189,3613.787606,3898.1315,4182.475394,0.1458872763,31.86551845,13.97992172,24.502592,-0.1566154189,265.7978113,0.1540803327,286546.189,Bear Trend,False,True
2022-01-05 00:00:00+00:00,3785.1,3848,3415,3540.63,397942.0363,ETHUSDT,222.5962653,36.37677256,3856.626441,3990.602548,4081.5262,288004.2893,3554.843892,3877.2575,4199.671108,0.1663101345,32.70515411,12.03748568,30.66409239,-0.2110895722,265.6458843,0.1540803327,288004.2893,Bear Trend,False,True
2022-01-06 00:00:00+00:00,3539.82,3550.43,3300,3406.81,496745.7413,ETHUSDT,224.5843892,33.08500858,3813.78678,3967.708723,4063.9064,289673.0302,3471.703884,3853.827,4235.950116,0.1983083913,33.82769408,11.07871546,31.87928668,-0.2409068627,265.6414997,0.1540803327,289673.0302,Bear Trend,False,True
2022-01-07 00:00:00+00:00,3406.81,3416.76,3064.42,3199.24,669631.7262,ETHUSDT,233.70979,28.74061794,3755.258515,3937.572694,4047.9532,306174.9538,3342.847638,3815.7925,4288.737362,0.2478881447,35.45264313,9.885699054,35.64636774,-0.2871568627,265.8057259,0.1540803327,306174.9538,Crash/Capitulation,False,True
2022-01-08 00:00:00+00:00,3198.68,3250,3000,3080.95,400692.1061,ETHUSDT,234.8733764,26.59722373,3691.038656,3903.979647,4023.677,310909.243,3205.990496,3773.633,4341.275504,0.3008466928,37.09953352,9.134101138,34.89532722,-0.271828942,266.1077574,0.1540803327,310909.243,Bear Trend,False,True
2022-01-09 00:00:00+00:00,3080.98,3211.72,3057.35,3151.97,275874.1643,ETHUSDT,229.1231352,29.9738539,3639.698784,3874.489073,3998.473,306357.1273,3111.603268,3733.995,4356.386732,0.3333650593,38.62878889,8.694527396,33.21600822,-0.2447893081,266.0885723,0.1540803327,306357.1273,Bear Trend,False,True
2022-01-10 00:00:00+00:00,3151.97,3185,2928.83,3082.68,529818.3866,ETHUSDT,231.0550541,28.59191503,3586.649376,3843.437737,3974.9604,315806.7289,3018.213023,3687.4215,4356.629977,0.3629682569,40.32544429,8.005984915,34.55862429,-0.2613911631,266.1346148,0.1540803327,315806.7289,Bear Trend,False,True
2022-01-11 00:00:00+00:00,3082.87,3263.54,3051.8,3239.72,362446.7087,ETHUSDT,229.6754074,35.8147231,3553.608483,3819.762531,3958.0354,318769.4739,2968.236074,3650.432,4332.627926,0.3737617499,41.22963319,9.921362803,32.28291478,-0.2193445783,266.0700828,0.1540803327,318769.4739,Bear Trend,False,True
2022-01-12 00:00:00+00:00,3239.73,3411.43,3206.2,3371.26,370465.8015,ETHUSDT,227.9293069,41.18140176,3536.241961,3802.174197,3938.6718,318282.3732,2955.396902,3613.4245,4271.452098,0.3642127282,40.92148232,13.91785217,30.20663737,-0.1876481928,266.107434,0.1540803327,318282.3732,Bear Trend,False,True
2022-01-13 00:00:00+00:00,3371.6,3410,3233.43,3240.61,336234.8799,ETHUSDT,224.260785,37.80070418,3508.086536,3780.152072,3918.0968,323552.4589,2927.52141,3573.137,4218.75259,0.3613718643,40.63534223,13.13512977,28.50785429,-0.2191301205,266.1357363,0.1540803327,323552.4589,Bear Trend,False,True
2022-01-14 00:00:00+00:00,3240.61,3342.79,3188,3307.42,285326.3505,ETHUSDT,219.298586,40.49102699,3488.975437,3761.613559,3893.7482,327412.4324,2925.237345,3533.7665,4142.295655,0.3444082424,40.53217465,12.47289283,28.55028478,-0.2030313253,266.0700885,0.1565180906,327412.4324,Bear Trend,False,True
2022-01-15 00:00:00+00:00,3307.42,3371.64,3261,3326.04,203100.3778,ETHUSDT,211.5372585,41.25367219,3473.457777,3744.532243,3879.445,328101.9885,2933.541404,3496.8905,4060.239596,0.3222000207,40.19702411,12.98107725,27.48366974,-0.1985445783,265.5922965,0.1823092629,328101.9885,Bear Trend,False,True
2022-01-16 00:00:00+00:00,3326.51,3393.6,3269.62,3346.88,210782.2277,ETHUSDT,205.2831686,42.14731978,3461.40275,3728.938037,3864.4768,327529.8311,2953.743815,3462.373,3971.002185,0.2938038072,39.69803778,13.18518766,26.29805122,-0.1935228916,265.0147634,0.223098268,327529.8311,Bear Trend,False,True
2022-01-17 00:00:00+00:00,3346.89,3357.57,3141.1,3209.67,284063.6548,ETHUSDT,206.082228,38.04392233,3437.428203,3708.574585,3842.7746,323829.778,2936.987407,3433.219,3929.450593,0.2890765736,39.75331973,12.19591625,28.7794674,-0.2265855422,264.2738398,0.2684823592,323829.778,Bear Trend,False,True
2022-01-18 00:00:00+00:00,3209.68,3243.87,3082,3159.85,299134.2728,ETHUSDT,202.9242117,36.64872655,3410.992183,3687.055974,3817.081,323648.8098,2908.483282,3409.702,3910.920718,0.2939956149,40.02187331,11.50102172,29.21997936,-0.2385903614,263.3785894,0.2914401904,323648.8098,Bear Trend,False,True
2022-01-19 00:00:00+00:00,3159.85,3174.87,3000,3084.02,332996.5703,ETHUSDT,200.9203394,34.57056927,3379.851976,3663.407504,3786.1562,327835.4518,2877.863448,3378.4395,3879.015552,0.2963356612,40.55739272,10.786032,30.31860319,-0.2568626506,262.4744877,0.293899711,327835.4518,Bear Trend,False,True
2022-01-20 00:00:00+00:00,3084.02,3273.37,2987.15,3001.48,357596.7062,ETHUSDT,207.0131723,32.41587635,3343.816549,3637.449563,3754.5268,332314.5724,2838.039031,3344.702,3851.364969,0.3029644908,40.16918295,13.11950046,27.32438703,-0.2767518072,261.7273815,0.2951656381,332314.5724,Bear Trend,False,True
2022-01-21 00:00:00+00:00,3001.48,3034.12,2403,2568.15,1022021.7,ETHUSDT,237.3065172,23.96940833,3269.943545,3595.516247,3715.6656,375708.4625,2712.507755,3284.8325,3857.157245,0.3484651012,41.42718467,10.62725083,39.71644717,-0.3811686747,261.4310923,0.298591177,375708.4625,Crash/Capitulation,False,True
2022-01-22 00:00:00+00:00,2567.47,2626,2300,2412.18,1081357.549,ETHUSDT,243.6417659,21.77056597,3188.251778,3549.110904,3679.5946,422036.7687,2580.986044,3214.028,3847.069956,0.3939243568,42.78288455,9.611566486,38.94026024,-0.4170535367,261.1560024,0.3019055918,422036.7687,Crash/Capitulation,False,True
2022-01-23 00:00:00+00:00,2412.18,2556.78,2370.8,2539.01,580497.7613,ETHUSDT,239.5230684,27.58777012,3126.419228,3509.499103,3648.0298,439249.3638,2507.773696,3152.684,3797.594304,0.4091182648,44.04174873,9.078495512,36.78057872,-0.3864027975,260.8763832,0.3125822558,439249.3638,Bear Trend,False,True
2022-01-24 00:00:00+00:00,2539,2539.75,2159,2439.29,1123134.704,ETHUSDT,249.6107063,25.95363746,3060.978349,3467.530119,3612.8868,480993.1713,2437.634823,3085.393,3733.151177,0.4198869816,45.57598278,8.089344612,38.83400331,-0.409009415,260.7108082,0.32778254,480993.1713,Crash/Capitulation,False,True
2022-01-25 00:00:00+00:00,2439.56,2506.55,2348.96,2458.83,510152.954,ETHUSDT,243.0377987,26.86776445,3003.630887,3427.973252,3575.1116,486603.7172,2364.252899,3031.303,3698.353101,0.4401078353,47.00062868,7.714682192,37.0353852,-0.4042752686,259.9851433,0.3388866508,486603.7172,Bear Trend,False,True
2022-01-26 00:00:00+00:00,2459.04,2722,2402.03,2462.99,806441.6229,ETHUSDT,248.532956,27.07417771,2952.141279,3390.130771,3538.2434,502088.5112,2296.767322,2984.112,3671.456678,0.4606694911,46.76013601,13.19729316,33.62962469,-0.3899307198,259.5073235,0.3464366718,502088.5112,Bear Trend,False,True
2022-01-27 00:00:00+00:00,2463,2521,2316.43,2424.25,599481.7159,ETHUSDT,245.3927448,26.32890952,2901.865919,3352.253094,3497.9902,498581.0107,2224.342603,2945.3625,3666.382397,0.4895967116,46.75241723,12.41144787,34.11874954,-0.3785137654,258.9089433,0.3549184828,498581.0107,Bear Trend,False,True
2022-01-28 00:00:00+00:00,2424.02,2558.98,2357.88,2544.99,485149.8065,ETHUSDT,242.2289773,32.55982997,2867.877736,3320.595718,3466.7772,502803.8957,2180.066027,2918.5645,3657.062973,0.5060696607,46.48391166,12.79539917,32.09549257,-0.3475605848,258.3760069,0.3621700606,502803.8957,Bear Trend,False,True
2022-01-29 00:00:00+00:00,2544.99,2636.66,2520.01,2601.43,376666.8246,ETHUSDT,233.2590504,35.31397064,2842.501761,3292.39314,3440.847,507843.5287,2148.361067,2891.0375,3633.713933,0.5137784849,45.70255434,14.71705686,30.94902375,-0.3330914983,257.5359111,0.3635904926,507843.5287,Bear Trend,False,True
2022-01-30 00:00:00+00:00,2601.43,2640,2542.5,2601.68,290770.0859,ETHUSDT,223.5619754,35.3265695,2819.566356,3265.306351,3411.0932,495891.1137,2119.555324,2866.9875,3614.419676,0.5214059537,44.95371234,14.36531258,29.98491595,-0.3330274077,256.568608,0.3689872391,495891.1137,Bear Trend,False,True
2022-01-31 00:00:00+00:00,2601.67,2706.77,2476.07,2686.94,444584.851,ETHUSDT,224.0718343,39.64405243,2806.935274,3242.625317,3382.232,499998.0208,2108.39247,2839.3485,3570.30453,0.5148758807,43.78267425,15.43732926,27.77978124,-0.3111699605,255.7047669,0.3790685425,499998.0208,Bear Trend,False,True
2022-02-01 00:00:00+00:00,2686.94,2813,2673.52,2787.23,390034.2736,ETHUSDT,218.0295604,44.35019785,2805.058581,3224.766677,3362.338,500976.4444,2121.058395,2810.147,3499.235605,0.4904288674,41.98069866,18.21211726,26.5103846,-0.2854593884,254.3277479,0.4015213108,500976.4444,Bear Trend,False,True
2022-02-02 00:00:00+00:00,2787.48,2810.88,2612.72,2680.67,447852.1228,ETHUSDT,216.6103061,40.71735899,2793.21205,3203.429553,3338.7716,506557.3066,2120.333592,2782.15,3443.966408,0.475758969,40.57369721,17.0220561,26.78299469,-0.3127773519,252.4100992,0.4145026232,506557.3066,Bear Trend,False,True
2022-02-03 00:00:00+00:00,2680.25,2726.64,2576.05,2695.46,405043.3931,ETHUSDT,211.8945699,41.43441275,2783.902331,3183.509178,3312.2992,512543.1587,2134.642506,2751.552,3368.461494,0.4484083848,39.42745824,16.1579635,26.65953331,-0.299516632,250.550604,0.4299974085,512543.1587,Bear Trend,False,True
2022-02-04 00:00:00+00:00,2695.21,2995,2671.4,2994.99,664002.9328,ETHUSDT,219.8735292,53.65927197,2804.005918,3176.116269,3293.0368,535588.2865,2164.625498,2734.9995,3305.373502,0.4170925824,36.71441704,23.17735034,23.85694005,-0.1564430224,248.6673228,0.4299974085,535588.2865,Bear Trend,False,True
2022-02-05 00:00:00+00:00,2994.99,3060.47,2958.01,3012.65,356803.3071,ETHUSDT,211.4868486,54.26542333,2823.876783,3169.705827,3275.7814,542889.3404,2203.751494,2718.288,3232.824506,0.3785739452,34.32523584,24.5865054,23.03136285,-0.1182728667,246.8392521,0.4299974085,542889.3404,Range/Chop,False,True
2022-02-06 00:00:00+00:00,3012.64,3074.56,2950.21,3054.99,249394.5966,ETHUSDT,205.2627879,55.75953398,2845.887566,3165.207167,3257.6826,541155.8875,2221.789281,2710.554,3199.318719,0.3606382452,32.18028316,24.012909,22.03474843,-0.1044840433,245.0189127,0.4299974085,541155.8875,Range/Chop,False,True
2022-02-07 00:00:00+00:00,3055,3186,2991.8,3139.77,455070.2529,ETHUSDT,204.4725888,58.67105331,2873.876369,3164.209631,3241.9952,548952.6865,2224.412067,2709.55,3194.687933,0.3580948373,30.75697462,26.27681465,20.53991022,-0.07963229496,243.0695022,0.4299974085,548952.6865,Range/Chop,False,True
2022-02-08 00:00:00+00:00,3139.77,3232.87,3025.21,3116.69,514773.5837,ETHUSDT,204.700261,57.56046937,2897.001477,3162.346116,3225.4344,558041.5372,2220.821205,2711.1835,3201.545795,0.3617330184,29.66281903,26.00825357,19.05156061,-0.08639778627,241.0973711,0.4299974085,558041.5372,Range/Chop,False,True
2022-02-09 00:00:00+00:00,3116.69,3269.7,3055,3243.94,370267.8913,ETHUSDT,205.4145281,61.8483927,2930.043241,3165.545877,3210.0302,558675.0965,2194.365295,2723.3065,3252.247705,0.3884551408,28.8268102,25.34723062,17.62922065,-0.04909671311,239.2016303,0.4299974085,558675.0965,Bull Trend,False,True
2022-02-10 00:00:00+00:00,3243.6,3283.66,3056.74,3072.49,578212.8383,ETHUSDT,206.9506332,53.94057907,2943.609599,3161.896627,3191.8898,536484.6534,2203.724156,2748.5235,3293.322844,0.396430552,28.12094243,23.84383772,16.24848324,-0.09935422975,237.488371,0.4299974085,536484.6534,Range/Chop,False,True
2022-02-11 00:00:00+00:00,3072.36,3138.62,2879,2927.54,462025.8751,ETHUSDT,210.7127309,48.31606535,2942.079161,3152.706171,3168.2124,505518.0697,2247.0967,2774.2915,3301.4863,0.3800572509,26.26354614,21.74540286,20.84362521,-0.141483871,235.6454874,0.4299974085,505518.0697,Range/Chop,False,True
2022-02-12 00:00:00+00:00,2927.54,2985.98,2858.3,2918.88,336250.3131,ETHUSDT,204.7818215,47.9940761,2939.869717,3143.536517,3145.6628,493305.6973,2274.053804,2793.285,3312.516196,0.3717710126,24.41165476,20.77696693,20.63737292,-0.1398868458,233.8508335,0.4299974085,493305.6973,Range/Chop,False,True
2022-02-13 00:00:00+00:00,2918.58,2954.4,2836.7,2871.13,242751.3547,ETHUSDT,198.5616914,46.16714167,2933.323077,3132.853908,3121.1888,449286.5298,2321.029195,2814.877,3308.724805,0.3508841095,22.78160208,19.89726588,20.54059883,-0.1539574493,231.7905716,0.4286002088,449286.5298,Range/Chop,False,True
2022-02-14 00:00:00+00:00,2871.14,2964.97,2829.01,2929.75,381778.238,ETHUSDT,194.090142,48.74652429,2932.982784,3124.889049,3098.5126,442867.794,2370.498577,2838.423,3306.347423,0.3297073221,21.1952374,19.29068754,19.51283638,-0.1366837577,229.835376,0.4067615672,442867.794,Range/Chop,False,True
2022-02-15 00:00:00+00:00,2929.75,3196.19,2912.06,3183.52,448971.754,ETHUSDT,200.5215605,58.10508025,2956.843471,3127.188302,3081.4384,424994.3005,2416.857945,2874.4495,3332.041055,0.3183855241,21.01280873,25.57463487,17.5379215,-0.05183808528,228.0079682,0.3924428464,424994.3005,Range/Chop,False,True
2022-02-16 00:00:00+00:00,3183.53,3186.77,3044.03,3122.3,319997.6244,ETHUSDT,196.3943061,55.47354514,2972.601236,3126.996604,3068.0294,411020.096,2489.509947,2909.352,3329.194053,0.2886155082,20.84341067,24.24694022,16.62744889,-0.04914028858,226.2073038,0.3842561959,411020.096,Range/Chop,False,True
2022-02-17 00:00:00+00:00,3122.31,3160,2851.55,2891.87,488693.2624,ETHUSDT,204.3982843,46.86928101,2964.912547,3117.775953,3053.263,411197.2688,2541.24395,2926.696,3312.14805,0.2634042278,19.3664722,21.63335639,21.56153538,-0.1193150326,224.7257583,0.3793155981,411197.2688,Range/Chop,True,True
2022-02-18 00:00:00+00:00,2891.88,2943.97,2750,2779.48,502977.4069,ETHUSDT,203.6534068,43.33846811,2947.252304,3104.509445,3034.6672,417512.7979,2573.064114,2935.5985,3298.132886,0.2469918047,18.55284544,20.16159042,23.65637915,-0.1535420841,223.3067041,0.3751724789,417512.7979,Range/Chop,True,True
2022-02-19 00:00:00+00:00,2779.3,2830.96,2694.45,2763.63,293838.0025,ETHUSDT,198.8574492,42.84823167,2929.764466,3091.141624,3016.4152,417666.1937,2604.899272,2943.696,3282.492728,0.2301845896,18.09770572,19.17299327,24.491747,-0.1583690151,221.9732015,0.3667520155,417666.1937,Range/Chop,True,True
2022-02-20 00:00:00+00:00,2763.63,2764.64,2576,2621.99,386384.904,ETHUSDT,198.1276314,38.64165253,2900.452612,3072.743521,2993.5442,414756.1964,2590.798305,2940.4485,3290.098695,0.237820996,18.27079761,17.86907424,27.09644493,-0.2015038098,220.7911037,0.3611856318,414756.1964,Range/Chop,True,True
2022-02-21 00:00:00+00:00,2621.99,2759.51,2558,2568.02,761838.9858,ETHUSDT,198.3692291,37.14524273,2868.792363,3052.950441,2968.3392,433346.432,2548.93558,2929.488,3310.04042,0.2598081443,18.51840805,16.5725032,25.77848253,-0.217939738,219.6276558,0.3593665413,433346.432,Range/Chop,True,True
2022-02-22 00:00:00+00:00,2568.03,2665.74,2500,2636.29,692639.4942,ETHUSDT,196.0385699,40.2949355,2846.649281,3036.610816,2945.7472,445585.8005,2540.472693,2927.269,3314.065307,0.264271105,19.03023594,15.57170646,26.33503274,-0.1971489131,218.6045376,0.3544894734,445585.8005,Range/Chop,True,True
2022-02-23 00:00:00+00:00,2636.28,2753.55,2575.83,2579.71,504470.1412,ETHUSDT,194.7301006,38.56990669,2821.226492,3018.693137,2921.6392,450557.138,2517.88545,2921.4815,3325.07755,0.2762954685,18.82346163,17.77754209,24.61827488,-0.2143796861,217.7240587,0.3402957158,450557.138,Range/Chop,True,True
2022-02-24 00:00:00+00:00,2579.7,2740,2300,2596.2,1395732.775,ETHUSDT,212.2493792,39.38437256,2799.795398,3002.124779,2902.7506,487143.6301,2475.654283,2901.542,3327.429717,0.2935595744,19.85622994,15.14515394,30.25549785,-0.2093578507,217.3052807,0.3240464231,487143.6301,Range/Chop,True,True
2022-02-25 00:00:00+00:00,2596.26,2834.97,2571.72,2768.49,679394.1762,ETHUSDT,215.8922807,47.25323007,2796.813931,2992.962631,2889.9842,503273.1735,2462.888486,2889.334,3315.779514,0.2951860281,20.14435256,16.96816566,27.62033455,-0.1568889593,217.1149749,0.3067857761,503273.1735,Range/Chop,False,True
2022-02-26 00:00:00+00:00,2768.05,2878,2727.5,2779.47,418485.2529,ETHUSDT,211.2214035,47.71902814,2795.162128,2984.590371,2881.5888,511727.7063,2453.631109,2875.558,3297.484891,0.2934574024,20.11772805,17.55972201,26.21461244,-0.1535451295,216.7866315,0.2943728012,511727.7063,Range/Chop,False,True
2022-02-27 00:00:00+00:00,2779.47,2836.33,2557.98,2616.79,650198.7785,ETHUSDT,216.0163032,41.82568914,2778.174307,2970.166827,2872.3056,521484.1326,2431.416417,2849.409,3267.401583,0.2933889682,20.8013131,15.94352501,29.40721625,-0.2030874086,216.5469435,0.2935084884,521484.1326,Range/Chop,False,True
2022-02-28 00:00:00+00:00,2616.79,2951.6,2568.62,2920.95,733794.4488,ETHUSDT,227.9422816,53.41096047,2791.771992,2968.236755,2867.6852,532435.1759,2438.286162,2839.622,3240.957838,0.2826684943,20.6672175,17.64224727,25.87800965,-0.1104590609,216.561138,0.2934231853,532435.1759,Range/Chop,False,True
2022-03-01 00:00:00+00:00,2920.83,3037.94,2854.09,2976.33,673901.6976,ETHUSDT,224.7928329,55.16184782,2809.348945,2968.554137,2865.5582,547616.8662,2463.753556,2826.2415,3188.729444,0.2565159023,20.00967273,19.35508557,24.36624562,-0.09359373382,216.563771,0.2910022382,547616.8662,Range/Chop,False,True
2022-03-02 00:00:00+00:00,2976.33,3043.91,2914.21,2947.3,614623.7461,ETHUSDT,218.0004877,54.01587419,2822.487141,2967.720642,2859.7098,549437.4116,2470.633819,2819.982,3169.330181,0.247766249,19.36206765,18.72816869,23.33076233,-0.1024344786,216.5980136,0.2856420012,549437.4116,Range/Chop,True,True
2022-03-03 00:00:00+00:00,2947.31,2970.97,2785,2833.99,446192.2353,ETHUSDT,215.7125957,49.67773491,2823.582651,2962.476303,2848.9644,548645.7296,2469.35344,2815.3045,3161.25556,0.2457645771,19.38284678,17.57488895,26.17256543,-0.1369417053,216.6843697,0.2794819814,548645.7296,Range/Chop,True,True
2022-03-04 00:00:00+00:00,2834,2836.17,2573,2622.1,556178.7588,ETHUSDT,219.1024103,42.76160717,2804.393827,2949.128212,2836.5942,559642.1519,2448.15687,2800.4655,3152.77413,0.2516071921,20.24776901,16.06705409,30.83840898,-0.2014703106,216.8717957,0.2702832868,559642.1519,Range/Chop,False,True
2022-03-05 00:00:00+00:00,2622.11,2685.12,2589.38,2665.15,268730.3036,ETHUSDT,210.2908096,44.45362268,2791.13251,2937.991812,2823.7488,560941.0993,2434.694341,2790.1665,3145.638659,0.2548035462,21.05091108,15.54456004,29.83555649,-0.1883599398,216.9364532,0.2638376664,560941.0993,Range/Chop,False,True
2022-03-06 00:00:00+00:00,2665.16,2676.29,2535,2551.29,336487.9099,ETHUSDT,205.3621803,41.00140367,2768.290366,2922.827035,2808.2538,558676.5829,2407.31518,2771.2435,3135.17182,0.2626462237,22.00217711,14.78065151,30.26077536,-0.2230346625,216.6492184,0.2630252257,558676.5829,Range/Chop,False,True
2022-03-07 00:00:00+00:00,2551.3,2649,2445,2491.12,620171.6787,ETHUSDT,205.2648817,39.26599675,2741.893189,2905.897347,2791.1386,567236.5791,2405.94375,2736.6235,3067.30325,0.24166989,23.21193593,13.73139649,31.24445271,-0.2413587278,216.3272266,0.261227184,567236.5791,Range/Chop,False,True
2022-03-08 00:00:00+00:00,2491.12,2624,2480.15,2575.97,561659.7421,ETHUSDT,200.8781044,42.93405426,2726.09098,2892.95902,2778.4646,579319.685,2423.340272,2709.307,2995.273728,0.2110995377,24.3352834,13.02902976,29.64628574,-0.2155186591,215.7800319,0.2581620233,579319.685,Range/Chop,False,True
2022-03-09 00:00:00+00:00,2575.98,2775.85,2567.7,2726.98,562771.7403,ETHUSDT,201.3975256,48.85444862,2726.175649,2886.450039,2769.8072,583023.6089,2427.380752,2701.0625,2974.744248,0.2026474754,24.18829946,17.45276387,27.45769509,-0.1695303411,215.222101,0.2556597243,583023.6089,Range/Chop,False,True
2022-03-10 00:00:00+00:00,2726.98,2733.25,2550.27,2606.7,559029.9377,ETHUSDT,200.081988,44.86212403,2714.797016,2875.479449,2760.2608,585826.2355,2418.280899,2692.4235,2966.566101,0.2036400296,24.13290686,16.31269311,26.28631491,-0.2061601993,214.7380819,0.2556597243,585826.2355,Range/Chop,False,True
2022-03-11 00:00:00+00:00,2606.69,2676.78,2522.57,2556.86,494583.6568,ETHUSDT,196.8054174,43.28372903,2699.755395,2862.984569,2751.3684,595863.5182,2403.897929,2682.085,2960.272071,0.207440906,24.21489472,15.39968819,25.82044046,-0.2213383846,214.1672546,0.2556597243,595863.5182,Range/Chop,False,True
2022-03-12 00:00:00+00:00,2556.86,2616.79,2553.39,2568.8,219236.5711,ETHUSDT,187.2764591,43.79391694,2687.283453,2851.447919,2751.3814,587506.1015,2397.993144,2679.4255,2960.857856,0.2100691782,24.2910263,15.02730509,25.19607096,-0.1962930865,213.4606055,0.2556597243,587506.1015,Range/Chop,False,True
2022-03-13 00:00:00+00:00,2568.8,2603.32,2493,2515.65,316942.1601,ETHUSDT,181.7795691,41.9834754,2670.93741,2838.279373,2753.4508,565261.2602,2390.347595,2676.807,2963.266405,0.2140306755,24.67172997,14.37588335,26.47680952,-0.2129222606,212.6914432,0.2532053691,565261.2602,Range/Chop,False,True
2022-03-14 00:00:00+00:00,2515.66,2609.6,2498.67,2589.41,386630.1912,ETHUSDT,176.7188856,45.35936895,2663.172894,2828.51979,2754.4588,549960.7951,2385.95592,2674.463,2962.97008,0.2157495392,24.96540191,13.98514302,25.28966481,-0.1898447839,211.8990782,0.2496867206,549960.7951,Range/Chop,False,True
2022-03-15 00:00:00+00:00,2589.42,2669,2507,2617.73,461202.3014,ETHUSDT,175.6675366,46.6431306,2658.845,2820.253524,2758.0276,547797.4031,2389.885414,2676.364,2962.842586,0.2140804362,24.66991496,15.47920183,23.62380465,-0.1809842344,211.171894,0.2467654131,547797.4031,Range/Chop,False,True
2022-03-16 00:00:00+00:00,2617.74,2788,2603.38,2773.81,666224.7217,ETHUSDT,176.3069983,53.17298974,2669.794047,2818.432209,2764.3272,511322.0004,2398.245513,2685.2445,2972.243487,0.2137600408,23.38065635,19.14254792,21.85682722,-0.1321510924,210.584723,0.2437172335,511322.0004,Range/Chop,False,True
2022-03-17 00:00:00+00:00,2773.8,2836,2746.42,2811.92,379312.541,ETHUSDT,170.1122127,54.63291533,2683.329852,2818.176828,2771.3058,496317.9187,2397.290285,2687.416,2977.541715,0.2159142576,21.81338075,20.43799979,21.03470829,-0.1176269389,209.9985404,0.2287920738,496317.9187,Range/Chop,False,True
2022-03-18 00:00:00+00:00,2811.91,2984,2765.59,2938.92,556535.7966,ETHUSDT,173.5620547,59.19815467,2707.671771,2822.911855,2781.5992,503220.4459,2387.371046,2695.3885,3003.405954,0.2285514348,21.15927154,24.69178362,19.14399275,-0.06996202532,209.4565375,0.2222328462,503220.4459,Range/Chop,False,True
2022-03-19 00:00:00+00:00,2938.84,2987.7,2890.86,2950.84,325971.5398,ETHUSDT,168.0819079,59.60898702,2730.83065,2827.928645,2789.7162,487009.0839,2387.168844,2712.091,3037.013156,0.2396100688,20.57513634,23.83286891,18.35615226,-0.03057580546,208.8758325,0.2222328462,487009.0839,Range/Chop,False,True
2022-03-20 00:00:00+00:00,2950.85,2964.17,2817.21,2861.38,377608.8214,ETHUSDT,166.5732002,55.12302874,2743.263921,2829.240462,2794.9152,469199.8026,2390.879965,2709.1125,3027.345035,0.2349348981,19.43568008,22.33096446,20.35758031,-0.0599656363,208.3033802,0.2222328462,469199.8026,Range/Chop,False,True
2022-03-21 00:00:00+00:00,2861.39,2960.57,2829.81,2890.03,450223.9073,ETHUSDT,164.0151145,56.25835076,2757.241643,2831.624366,2800.6822,458015.913,2399.080868,2704.7975,3010.514132,0.226055098,18.37761355,21.059306,19.19829813,-0.05055340007,207.5867459,0.2209846778,458015.913,Range/Chop,False,True
2022-03-22 00:00:00+00:00,2890.03,3052.85,2886.43,2969.64,564868.9839,ETHUSDT,164.186892,59.33675226,2777.470058,2837.036744,2806.3362,455528.1749,2396.520761,2705.9145,3015.308239,0.228679612,18.05643024,23.54919952,17.80833996,-0.02725649803,206.3680854,0.2209846778,455528.1749,Range/Chop,False,True
2022-03-23 00:00:00+00:00,2969.64,3045.2,2920.65,3036,453962.7298,ETHUSDT,161.3556854,61.75304951,2802.091957,2844.839224,2811.3116,455916.6997,2378.632389,2716.015,3053.397611,0.2484394311,17.75818859,22.25080231,16.82646799,-0.005519432661,204.9966508,0.2209846778,455916.6997,Range/Chop,False,True
2022-03-24 00:00:00+00:00,3035.99,3129.11,2999.11,3110.76,577171.5239,ETHUSDT,159.1159936,64.32498494,2831.488914,2855.26749,2819.9134,456966.3379,2365.161632,2740.448,3115.734368,0.2738868736,18.0524736,24.71908059,15.84450652,-0.005864287289,203.6565329,0.2209846778,456966.3379,Range/Chop,False,True
2022-03-25 00:00:00+00:00,3110.75,3193.28,3076,3102.14,489099.5572,ETHUSDT,156.1277084,63.79231977,2857.265208,2864.948765,2828.047,467984.8006,2357.377115,2762.2975,3167.217885,0.2931765204,18.7221783,26.32854425,14.9943583,-0.02854118649,202.0984829,0.2209846778,467984.8006,Range/Chop,False,True
2022-03-26 00:00:00+00:00,3102.13,3153.2,3084.9,3145,207134.847,ETHUSDT,149.8543006,65.3296339,2884.668521,2875.931166,2831.0472,461517.1474,2366.750111,2791.983,3217.215889,0.3046099414,19.34404695,25.47140713,14.50621049,-0.01511925043,200.5454246,0.2209846778,461517.1474,Range/Chop,False,True
2022-03-27 00:00:00+00:00,3145.01,3299.37,3126.02,3295.65,335467.4145,ETHUSDT,151.5325649,70.13023266,2923.809615,2892.390728,2836.7072,447281.9342,2377.25598,2832.2095,3287.16302,0.3212710922,20.74065247,30.28014793,13.32086811,-0.001127487975,198.9287514,0.2209846778,447281.9342,Range/Chop,False,True
2022-03-28 00:00:00+00:00,3295.65,3431.15,3275.01,3332.92,527237.1133,ETHUSDT,151.8616674,71.19293334,2962.772508,2909.666386,2842.2658,445560.8028,2381.934642,2870.057,3358.179358,0.3401481981,22.61806579,34.25465684,12.3425716,-0.02862888536,197.3699001,0.2273032664,445560.8028,Range/Chop,False,True
2022-03-29 00:00:00+00:00,3332.91,3481.87,3329.68,3400.51,465899.8226,ETHUSDT,151.8851197,73.06452659,3004.461793,2928.915155,2847.4806,440717.2069,2369.029019,2903.7335,3438.437981,0.3682875723,24.55910568,34.18824564,11.45918968,-0.02336675407,195.8641692,0.2286155234,440717.2069,Range/Chop,False,True
2022-03-30 00:00:00+00:00,3400.51,3446.9,3331.84,3385.79,356082.5231,ETHUSDT,149.254754,71.96789369,3040.778765,2946.831816,2852.8626,430569.8362,2387.108138,2942.688,3498.267862,0.3776002499,26.36149987,32.30570233,10.82820027,-0.02759436739,194.4640975,0.231807255,430569.8362,Bull Trend,False,True
2022-03-31 00:00:00+00:00,3385.8,3444.83,3261.35,3281.51,455091.2395,ETHUSDT,151.6994144,64.57373909,3063.70555,2959.956451,2853.614,428595.2153,2434.305749,2978.9205,3523.535251,0.3656457105,27.20399952,29.51472712,13.21178693,-0.05754379112,193.2663882,0.2372724834,428595.2153,Bull Trend,False,True
2022-04-01 00:00:00+00:00,3281.51,3481.29,3210.68,3455.21,532169.2392,ETHUSDT,160.1930277,70.08683535,3100.991688,2979.378158,2861.2684,444241.8487,2475.081741,3023.241,3571.400259,0.3626302097,27.42655226,25.95340737,13.87694801,-0.007656805108,192.2017414,0.24402475,444241.8487,Bull Trend,False,True
2022-04-02 00:00:00+00:00,3455.2,3532.2,3433.14,3443.77,499893.29,ETHUSDT,155.8263829,69.32167894,3133.637241,2997.589603,2871.593,453389.4052,2544.572044,3069.647,3594.721956,0.3421077119,27.92102392,27.10856453,13.24682802,-0.02503538871,191.1650218,0.2611631524,453389.4052,Bull Trend,False,True
2022-04-03 00:00:00+00:00,3443.77,3580.34,3412.11,3521.91,381581.7683,ETHUSDT,156.7123555,71.60218272,3170.615599,3018.151187,2883.6536,453136.9841,2604.616847,3116.272,3627.927153,0.3283764402,28.64096128,27.22412028,12.23108448,-0.01631967914,190.1667226,0.283531697,453136.9841,Bull Trend,False,True
2022-04-04 00:00:00+00:00,3521.9,3547,3405.97,3519.5,449984.1586,ETHUSDT,155.5921873,71.42582973,3203.842685,3037.811925,2896.621,452576.0769,2675.079878,3161.3605,3647.641122,0.3076400947,29.23474984,25.46153743,11.72107455,-0.01699279957,189.2283496,0.2988932309,452576.0769,Bull Trend,False,True
2022-04-05 00:00:00+00:00,3519.5,3555,3400,3406.99,397782.7437,ETHUSDT,155.5498882,63.55589446,3223.190048,3052.289497,2906.1658,439153.978,2729.891692,3193.0195,3656.147308,0.2900876789,29.8335222,24.01664577,10.88681462,-0.04841718943,188.1562889,0.2988932309,439153.978,Bull Trend,False,True
2022-04-06 00:00:00+00:00,3407,3407.5,3162.39,3168.51,736273.1047,ETHUSDT,161.947039,50.78322519,3217.982425,3056.847163,2905.8656,457002.0062,2781.560543,3210.849,3640.137457,0.2673987204,27.91375594,21.42024138,20.18991457,-0.1150253887,187.3306254,0.2988932309,457002.0062,Bull Trend,False,True
2022-04-07 00:00:00+00:00,3168.52,3268.98,3143.15,3227.19,458179.3272,ETHUSDT,159.3672505,53.27167492,3218.859337,3063.527275,2907.9634,452084.1828,2814.50477,3225.2625,3636.02023,0.2547127436,25.97307068,20.21220103,19.91359998,-0.09863588374,186.5656998,0.2988932309,452084.1828,Bull Trend,False,True
2022-04-08 00:00:00+00:00,3227.2,3314.02,3173.52,3192.39,502422.5048,ETHUSDT,158.0195898,51.60525863,3216.338447,3068.580715,2913.9738,460906.731,2845.813465,3237.34,3628.866535,0.2418816279,24.53537849,20.96445214,18.64890109,-0.108355631,185.7914831,0.2988932309,460906.731,Range/Chop,False,True
2022-04-09 00:00:00+00:00,3192.39,3268.4,3181.28,3258.57,212444.2566,ETHUSDT,152.9553333,54.51898964,3220.3605,3076.031275,2923.5556,452648.5028,2905.722066,3257.1995,3608.676934,0.2158157239,23.2003786,20.1115313,17.89018647,-0.089871353,184.9290677,0.2988932309,452648.5028,Range/Chop,False,True
2022-04-10 00:00:00+00:00,3258.57,3307.22,3193,3203.04,232303.2326,ETHUSDT,150.1885238,51.7059405,3218.710929,3081.012009,2932.3438,441752.469,2962.720034,3272.85,3582.979966,0.1895167614,22.28936088,20.86527963,16.91835213,-0.1053810532,184.0086343,0.2988932309,441752.469,Range/Chop,False,True
2022-04-11 00:00:00+00:00,3203.04,3213.63,2950,2979.74,693394.2912,ETHUSDT,158.2914864,42.26249664,3195.951793,3077.040558,2939.4988,448178.7344,2965.174842,3273.355,3581.535158,0.1882962022,21.90585395,18.38309864,25.87101069,-0.1677494316,183.1976485,0.2988932309,448178.7344,Range/Chop,False,True
2022-04-12 00:00:00+00:00,2979.75,3085,2950,3027.66,579522.9505,ETHUSDT,156.6278088,44.60082774,3179.924003,3075.104066,2948.6916,454456.7454,2963.454493,3272.938,3582.421507,0.1891166331,21.54974037,17.25133541,24.278251,-0.1543652279,182.2962331,0.2988932309,454456.7454,Range/Chop,False,True
2022-04-13 00:00:00+00:00,3027.65,3128.97,2996.86,3118.28,419101.494,ETHUSDT,154.8765368,48.82191176,3174.053145,3076.797239,2958.3314,446553.2439,2964.602234,3273.314,3582.025766,0.1886233744,20.80626938,18.22811626,22.79900833,-0.1290547825,181.4644784,0.2988932309,446553.2439,Range/Chop,False,True
2022-04-14 00:00:00+00:00,3118.28,3145,2976.3,3021.98,408382.5572,ETHUSDT,155.863927,44.90617326,3159.569989,3074.647544,2967.1768,442517.3939,2949.912283,3269.306,3588.699717,0.1953893071,20.27004459,16.8188819,21.97860742,-0.1559516694,180.752849,0.2973488102,442517.3939,Range/Chop,False,True
2022-04-15 00:00:00+00:00,3021.98,3060.92,2993.13,3040.56,249626.2981,ETHUSDT,149.5729322,45.80925718,3148.235704,3073.310777,2976.064,444641.9665,2933.512042,3264.084,3594.655958,0.2025511342,19.77212156,16.27440218,21.26709127,-0.1507622181,180.0108955,0.2787431996,444641.9665,Range/Chop,True,True
2022-04-16 00:00:00+00:00,3040.57,3086.1,3010.03,3059.3,176352.4165,ETHUSDT,144.3227228,46.75722676,3139.765637,3072.761335,2981.8802,436686.2166,2910.34952,3252.2665,3594.18348,0.2102638144,19.03991708,16.90790613,20.46641168,-0.1455280783,179.0742482,0.261055732,436686.2166,Range/Chop,True,True
2022-04-17 00:00:00+00:00,3059.3,3083,2981.7,2988.06,243772.074,ETHUSDT,141.2496711,43.63245734,3125.317481,3069.439714,2986.052,422512.9646,2876.724805,3235.0235,3593.322195,0.2215122669,18.61097775,16.04177472,20.85061105,-0.16542563,178.1551709,0.2482971858,422512.9646,Range/Chop,True,True
2022-04-18 00:00:00+00:00,2988.07,3069.6,2883.22,3055.56,510251.6536,ETHUSDT,144.473266,47.23089129,3118.673911,3068.895412,2994.8274,424730.5562,2859.792309,3217.776,3575.759691,0.222503798,19.001086,14.56356452,23.79819697,-0.1465726719,177.1564206,0.232192713,424730.5562,Range/Chop,True,True
2022-04-19 00:00:00+00:00,3055.56,3131,3030.34,3101.77,359375.0038,ETHUSDT,141.343747,49.60285085,3117.064015,3070.184611,2998.4438,424895.1802,2850.883369,3203.575,3556.266631,0.2201862801,18.66739407,16.92560321,22.58760903,-0.1336660764,176.1179263,0.2220080325,424895.1802,Range/Chop,True,True
2022-04-20 00:00:00+00:00,3101.74,3166.5,3036.45,3076.04,415000.0685,ETHUSDT,140.5370508,48.30096814,3113.156966,3070.414234,3000.438,422890.6217,2838.326191,3193.3015,3548.276809,0.2223249567,17.97685395,17.61114958,21.09460236,-0.1408525447,175.1459196,0.2219186118,422890.6217,Range/Chop,False,True
2022-04-21 00:00:00+00:00,3076.03,3180,2942.31,2983.58,562699.697,ETHUSDT,147.4765472,43.8474023,3100.816303,3067.00897,3001.1636,424417.1445,2824.958444,3169.72,3514.481556,0.2175343915,18.0992985,15.5837114,23.22570342,-0.1666769078,174.3017349,0.2208492735,424417.1445,Range/Chop,True,True
2022-04-22 00:00:00+00:00,2983.57,3034.32,2930.35,2962.39,452433.082,ETHUSDT,144.3689367,42.87177211,3087.632845,3062.906265,3003.7316,422044.1341,2813.808072,3145.651,3477.493928,0.2109852158,18.30374524,14.78207552,22.62269658,-0.1725953401,173.40173,0.2188603358,422044.1341,Range/Chop,True,True
2022-04-23 00:00:00+00:00,2962.39,2978.03,2913.89,2933.03,187576.7324,ETHUSDT,138.6382983,41.49412573,3072.908765,3057.813079,3009.9502,412343.8823,2820.607097,3116.207,3411.806903,0.1897177585,18.62292801,14.2935884,22.72315339,-0.1807956786,172.4450588,0.2166750577,412343.8823,Range/Chop,True,True
2022-04-24 00:00:00+00:00,2933.04,2967.06,2912.09,2921,218957.0222,ETHUSDT,132.6619913,40.91398631,3058.441263,3052.44786,3015.0672,400792.5255,2843.610646,3086.282,3328.953354,0.1572580564,18.93415504,13.87053766,22.14752735,-0.1841556947,171.4105904,0.2134004699,400792.5255,Range/Chop,True,True
2022-04-25 00:00:00+00:00,2920.99,3025.65,2797.01,3006.62,619198.3616,ETHUSDT,139.5175634,46.63290116,3053.505905,3050.650689,3024.1738,411863.3064,2871.366329,3066.2635,3261.160671,0.1271235636,20.08305488,12.24690197,25.44674809,-0.1602417647,170.1983934,0.2106245151,411863.3064,Range/Chop,False,True
2022-04-26 00:00:00+00:00,3006.63,3039.54,2767,2809.67,531184.3504,ETHUSDT,149.019166,37.61416286,3030.283438,3041.200466,3030.5448,401608.8687,2829.747893,3048.3215,3266.895107,0.1434058754,21.34506729,10.64702595,23.56096155,-0.2152505069,169.0838415,0.2064074743,401608.8687,Range/Chop,False,True
2022-04-27 00:00:00+00:00,2809.68,2919.87,2794.46,2888.96,488951.2416,ETHUSDT,147.332797,42.44049819,3016.824063,3035.230251,3036.8046,403147.4644,2818.546533,3031.41,3244.273467,0.1404385861,22.51693597,9.999685106,22.1284514,-0.1931045655,168.0190314,0.1989702207,403147.4644,Range/Chop,False,True
2022-04-28 00:00:00+00:00,2888.95,2980,2853.83,2936.93,537392.9978,ETHUSDT,145.8211686,45.20252576,3009.215104,3031.37534,3041.0036,404895.9891,2815.509849,3018.637,3221.764151,0.1345820323,22.72922786,12.32706605,20.76085322,-0.1797063966,166.8491125,0.1925535328,404895.9891,Range/Chop,False,True
2022-04-29 00:00:00+00:00,2936.92,2946.46,2776.63,2817.13,525978.147,ETHUSDT,147.5360852,40.0356328,2990.921285,3022.973562,3045.2122,420572.6836,2807.04088,2996.565,3186.08912,0.1264942493,23.50962094,11.31350983,22.79143843,-0.2131669059,165.5090092,0.1896172599,420572.6836,Range/Chop,False,True
2022-04-30 00:00:00+00:00,2817.13,2841.63,2709.26,2726.66,367757.2469,ETHUSDT,146.4527934,36.63044254,2965.753544,3011.353422,3048.6082,427345.3843,2773.51405,2972.746,3171.97795,0.1340389994,24.67677517,10.58310905,24.6058199,-0.2384354559,164.2033419,0.1894171958,427345.3843,Range/Chop,False,True
2022-05-01 00:00:00+00:00,2726.67,2849.9,2716.13,2824.81,442544.8792,ETHUSDT,145.5468796,42.35841591,2952.330349,3004.037994,3053.7284,414802.9137,2755.665878,2964.9995,3174.333122,0.1412031418,25.63875655,10.29419747,22.99047363,-0.2110218583,162.9957818,0.1894171958,414802.9137,Bear Trend,False,True
2022-05-02 00:00:00+00:00,2824.81,2894.22,2778.78,2856.54,521706.8567,ETHUSDT,143.3963882,44.11700526,2943.207459,2998.253759,3060.5462,411912.109,2744.087266,2956.4435,3168.799734,0.1436565478,25.88327181,11.90991751,21.66845375,-0.2021595714,161.7905116,0.1891705664,411912.109,Bear Trend,False,True
2022-05-03 00:00:00+00:00,2856.54,2861.47,2755.19,2781.7,371331.1796,ETHUSDT,140.7452176,40.94402442,2927.825796,2989.761454,3064.392,409523.5933,2727.880807,2939.6145,3151.348193,0.1440554145,26.29434449,11.26752774,21.69691284,-0.2175246132,160.4845584,0.1734879074,409523.5933,Bear Trend,False,True
2022-05-04 00:00:00+00:00,2781.7,2965.85,2771.74,2940.64,548738.0668,ETHUSDT,144.5569877,49.28607408,2929.046196,2987.835123,3070.8502,416541.3688,2727.200698,2935.5475,3143.894302,0.1419474915,25.28888747,15.34444692,19.61588098,-0.1728157525,159.3889947,0.1506567354,416541.3688,Bear Trend,False,True
2022-05-05 00:00:00+00:00,2940.65,2954.65,2683,2747.97,734845.3194,ETHUSDT,153.63506,41.61249086,2911.800844,2978.428647,3070.3334,440802.3198,2703.239707,2920.918,3138.596293,0.1490478633,25.10138178,13.40649687,21.26419612,-0.1935524578,158.5268761,0.1465516389,440802.3198,Bear Trend,False,True
2022-05-06 00:00:00+00:00,2747.96,2758.18,2632.95,2692.85,711449.3234,ETHUSDT,151.6061272,39.70777864,2890.948383,2967.229485,3067.952,467557.1652,2673.217928,2902.5955,3131.973072,0.1580499739,25.29962258,12.61549247,22.36765921,-0.18743701,157.6325635,0.1465516389,467557.1652,Bear Trend,False,True
2022-05-07 00:00:00+00:00,2692.86,2704.36,2584.75,2635.34,371271.4532,ETHUSDT,149.3206895,37.76546511,2866.604727,2954.214211,3061.8804,473932.1342,2631.593716,2884.9595,3138.325284,0.1756459904,25.82031464,11.89368117,23.39354531,-0.2047905565,156.7732732,0.1465516389,473932.1342,Bear Trend,False,True
2022-05-08 00:00:00+00:00,2635.35,2642,2484,2519.71,757615.3415,ETHUSDT,149.9406403,34.14862879,2833.567134,2937.17483,3053.2578,486300.3185,2571.490524,2858.167,3144.843476,0.2006016274,26.92121901,10.99846899,26.43228109,-0.2381184197,155.9156585,0.1465516389,486300.3185,Bear Trend,False,True
2022-05-09 00:00:00+00:00,2519.71,2530.78,2225,2228.55,1574924.979,ETHUSDT,161.0720231,27.10843863,2775.946455,2909.385621,3040.6012,547077.8173,2437.712556,2814.506,3191.299444,0.2677510324,29.04320218,9.507072344,34.33359875,-0.3261561069,155.2654924,0.1465516389,547077.8173,Crash/Capitulation,False,True
2022-05-10 00:00:00+00:00,2229,2457.34,2200,2342.05,1550626.139,ETHUSDT,167.9483072,32.91458605,2734.622983,2887.137165,3029.6416,603859.1208,2368.47923,2777.8065,3187.13377,0.2947125868,31.09574514,8.466552352,31.6391437,-0.2712135498,154.7845406,0.1465516389,603859.1208,Crash/Capitulation,False,True
2022-05-11 00:00:00+00:00,2342.04,2451.37,2005,2084.99,2022864.838,ETHUSDT,187.835571,27.56012965,2672.753175,2855.680414,3011.9486,676867.3779,2235.881459,2732.877,3229.872541,0.3637159966,33.55095828,7.029423456,33.68395472,-0.3443427673,154.7938591,0.1465516389,676867.3779,Crash/Capitulation,False,True
2022-05-12 00:00:00+00:00,2084.99,2195,1800,1960.22,2305192.908,ETHUSDT,202.6330302,25.40026933,2604.892873,2820.564319,2990.433,769505.3692,2094.699078,2682.7685,3270.837922,0.4384048955,36.25245629,6.050658239,36.22015028,-0.3835786164,155.1414168,0.1465516389,769505.3692,Crash/Capitulation,False,True
2022-05-13 00:00:00+00:00,1960.22,2147.54,1940.23,2009.69,1134042.339,ETHUSDT,202.9670994,27.81574844,2548.206885,2788.765326,2968.4116,816828.6495,1992.101037,2636.6015,3281.101963,0.4888872766,38.76099016,5.609220769,33.57763919,-0.3680220126,155.578887,0.1465516389,816828.6495,Bear Trend,False,True
2022-05-14 00:00:00+00:00,2009.69,2070.06,1951.21,2056.48,563788.3078,ETHUSDT,196.9587352,30.12043587,2501.375753,2760.048254,2947.4984,834070.2138,1915.851634,2593.3755,3270.899366,0.5225034829,41.09034303,5.367452981,32.13038085,-0.3533081761,155.9337403,0.1465516389,834070.2138,Bear Trend,False,True
2022-05-15 00:00:00+00:00,2056.47,2167,2000.68,2145.29,514398.2587,ETHUSDT,194.7702541,34.40154865,2467.462824,2735.940088,2927.5042,828830.2087,1873.831643,2550.309,3226.786357,0.5305061912,42.1307377,8.595169826,30.17059019,-0.3253805031,156.2414612,0.1535489186,828830.2087,Bear Trend,False,True
2022-05-16 00:00:00+00:00,2145.29,2145.29,1979.12,2023.66,822070.8531,ETHUSDT,192.7273788,31.55067086,2425.195888,2708.007535,2902.0644,843374.5338,1808.540205,2511.0085,3213.476795,0.5595108858,43.16489641,8.065828706,29.11156393,-0.3636289308,156.6183807,0.1668479822,843374.5338,Bear Trend,False,True
2022-05-17 00:00:00+00:00,2023.66,2122.42,2008,2090.72,568249.0448,ETHUSDT,187.1339946,34.76075953,2393.341042,2683.800181,2877.2204,847339.4239,1768.352698,2471.0965,3173.840302,0.5687708291,44.12518665,7.713563123,27.84015061,-0.3425408805,156.8445797,0.1881238089,847339.4239,Bear Trend,False,True
2022-05-18 00:00:00+00:00,2090.72,2110.72,1908,1915.11,631577.2341,ETHUSDT,188.2472807,30.70041855,2347.795228,2653.655468,2847.5124,852048.6358,1711.604682,2420.0055,3128.406318,0.5854538907,45.3380852,7.120235062,29.49308463,-0.3977641509,157.1806692,0.2341763299,852048.6358,Bear Trend,False,True
2022-05-19 00:00:00+00:00,1915.11,2040.39,1903.18,2019.55,741476.9794,ETHUSDT,184.6017607,35.52404157,2316.533778,2628.788587,2820.1876,862823.5774,1675.852599,2380.1265,3084.400401,0.591795353,46.47921307,6.742213806,28.11376558,-0.3649213836,157.4811452,0.2812318096,862823.5774,Bear Trend,False,True
2022-05-20 00:00:00+00:00,2019.55,2064,1923,1959.08,576981.5371,ETHUSDT,181.4873492,34.04639142,2282.490561,2602.525505,2793.739,873284.7919,1633.546346,2341.7475,3049.948654,0.6048484341,47.22253495,7.297289038,26.55362498,-0.3839371069,157.7723491,0.3292142917,873284.7919,Bear Trend,False,True
2022-05-21 00:00:00+00:00,1959.08,1990.86,1937.36,1975.07,238869.7632,ETHUSDT,172.3453957,34.81847962,2253.212412,2577.919407,2764.1362,863101.0361,1610.385405,2299.2605,2988.135595,0.599214482,47.9127624,7.13548565,25.96484928,-0.3502075972,157.9083242,0.4010604461,863101.0361,Bear Trend,False,True
2022-05-22 00:00:00+00:00,1975.06,2056.41,1966.33,2043.19,355735.1927,ETHUSDT,166.469296,38.14081455,2233.210278,2556.949626,2736.1246,854802.4529,1611.340464,2258.593,2905.845536,0.5731466771,47.64363093,9.672305007,24.96126926,-0.3277963113,157.993551,0.463646086,854802.4529,Bear Trend,False,True
2022-05-23 00:00:00+00:00,2043.19,2088.5,1957.12,1973.32,636085.0224,ETHUSDT,163.9629177,36.10788751,2208.458823,2534.06219,2705.1528,868040.145,1606.660293,2218.174,2829.687707,0.5513667612,46.9709971,10.51668259,23.53263109,-0.3507833422,158.0743331,0.5056953797,868040.145,Bear Trend,False,True
2022-05-24 00:00:00+00:00,1973.33,1993.83,1913.02,1979.41,534096.972,ETHUSDT,158.0234236,36.42595764,2186.644649,2512.311123,2674.351,867308.0903,1648.84519,2170.1125,2691.37981,0.4804057943,46.59916084,10.13253831,24.66642688,-0.3487797496,158.1059284,0.5056953797,867308.0903,Bear Trend,False,True
2022-05-25 00:00:00+00:00,1979.4,2022.34,1934.61,1942.63,524786.3091,ETHUSDT,153.0024648,35.28353488,2163.405159,2489.970687,2645.0638,856805.1398,1672.899461,2129.8455,2586.791539,0.4290884375,45.86553344,11.04852375,23.65617909,-0.3608802648,158.1583978,0.5056953797,856805.1398,Bear Trend,False,True
2022-05-26 00:00:00+00:00,1942.64,1966.01,1735,1792.23,1168740.575,ETHUSDT,158.5744316,31.00176708,2128.055144,2462.608307,2617.5382,879669.7024,1684.701328,2084.8145,2484.927672,0.3838357532,46.20444878,9.898852063,30.18586897,-0.3985805369,158.2757622,0.5056953797,879669.7024,Bear Trend,False,True
2022-05-27 00:00:00+00:00,1792.24,1822.26,1703,1727.27,1296693.285,ETHUSDT,155.7662579,29.34533743,2089.88513,2433.771511,2587.5398,925940.7939,1697.655842,2039.411,2381.166158,0.3351508427,46.65067892,9.357501969,30.00245921,-0.4203791946,158.3408387,0.5056953797,925940.7939,Bear Trend,False,True
2022-05-28 00:00:00+00:00,1727.26,1808.98,1722.26,1792.22,558271.1818,ETHUSDT,150.8343823,33.1890593,2061.53607,2408.612628,2559.5364,915973.586,1724.49131,2003.0365,2281.58169,0.2781229301,47.06503548,8.973219288,28.77035416,-0.3957145506,158.3233264,0.5056953797,915973.586,Bear Trend,False,True
2022-05-29 00:00:00+00:00,1792.21,1827.4,1759.96,1813.64,432430.611,ETHUSDT,144.8776407,34.4554643,2037.926921,2385.280368,2530.6378,858848.8676,1712.348675,1982.291,2252.233325,0.2723538828,47.1853532,9.58301766,27.81374757,-0.3884923378,158.2503745,0.5056953797,858848.8676,Bear Trend,False,True
2022-05-30 00:00:00+00:00,1813.64,2013,1803.18,1998.78,814922.8359,ETHUSDT,149.5163807,44.28557014,2034.198642,2370.123491,2506.5526,822063.7024,1750.978986,1965.1275,2179.276014,0.2179487221,45.08119024,17.48912284,25.02576804,-0.3260684121,158.2139907,0.5056953797,822063.7024,Bear Trend,False,True
2022-05-31 00:00:00+00:00,1998.78,2016.45,1925,1941.9,751103.4226,ETHUSDT,145.368782,42.19196183,2025.408295,2353.330413,2485.7958,758475.6316,1750.875588,1957.973,2165.070412,0.2115426636,43.09236355,16.8727691,23.90123573,-0.3452467252,157.9669199,0.5056953797,758475.6316,Bear Trend,False,True
2022-06-01 00:00:00+00:00,1941.9,1972.58,1763.75,1817.95,1037841.271,ETHUSDT,149.9017262,37.97846887,2005.650363,2332.335103,2461.6016,695108.0498,1734.972472,1950.8595,2166.746528,0.2213250394,42.26861658,15.19379274,29.20647577,-0.3870391287,157.8681756,0.5056953797,695108.0498,Bear Trend,False,True
2022-06-02 00:00:00+00:00,1817.96,1853.05,1782.42,1834.08,788784.4017,ETHUSDT,144.23946,38.83450398,1989.310328,2312.795687,2435.9176,677845.1529,1722.228813,1942.079,2161.929187,0.2264070486,41.50370869,14.66236615,28.18493374,-0.381600553,157.660294,0.5014546386,677845.1529,Bear Trend,False,True
2022-06-03 00:00:00+00:00,1834.09,1843.91,1737,1775.12,741282.5346,ETHUSDT,141.57307,36.8332731,1968.911249,2291.710366,2410.9804,686719.8643,1703.288918,1928.011,2152.733082,0.2331128629,41.05501195,13.87148048,28.95624101,-0.3992114125,157.4266421,0.4547471159,686719.8643,Bear Trend,False,True
2022-06-04 00:00:00+00:00,1775.13,1816,1748.43,1804.58,388279.4579,ETHUSDT,136.2871365,38.53758472,1953.260654,2272.607214,2386.2608,680413.9242,1703.745698,1910.9755,2118.205302,0.2168837869,40.63836498,13.38024036,27.93079406,-0.3457352312,157.1055962,0.4064620954,680413.9242,Bear Trend,False,True
2022-06-05 00:00:00+00:00,1804.58,1830.17,1773.05,1806.23,371974.5061,ETHUSDT,130.632341,38.63744665,1939.257735,2254.317912,2361.1994,657909.1069,1694.857326,1900.104,2105.350674,0.2160373055,40.0680372,13.73714206,27.0584401,-0.3321044535,156.5836846,0.359493298,657909.1069,Bear Trend,False,True
2022-06-06 00:00:00+00:00,1806.22,1920,1804.35,1859.84,804250.3567,ETHUSDT,129.5621738,41.93830275,1931.694141,2238.84819,2338.635,669709.1725,1702.413586,1888.56,2074.706414,0.1971305273,38.45087744,17.81367332,25.33322944,-0.2960484481,156.0869333,0.3066368864,669709.1725,Bear Trend,False,True
2022-06-07 00:00:00+00:00,1859.84,1874.98,1725.13,1813.33,1397598.229,ETHUSDT,131.0113042,39.93141499,1920.421366,2222.161202,2313.7904,708010.2222,1694.95621,1883.471,2071.98579,0.2001780646,37.5289704,16.3583033,27.58266214,-0.2834896751,155.6367952,0.2752384065,708010.2222,Bear Trend,False,True
2022-06-08 00:00:00+00:00,1813.33,1838.77,1765.28,1791.88,941510.1373,ETHUSDT,126.9026396,39.00439016,1908.179331,2205.287429,2287.5926,718011.8801,1690.445619,1872.0875,2053.729381,0.1940527688,36.67291387,15.68164749,26.44171445,-0.2708050168,155.2025836,0.2527333729,718011.8801,Bear Trend,False,True
2022-06-09 00:00:00+00:00,1791.88,1833,1777.33,1788.81,535310.9618,ETHUSDT,121.8145939,38.86531977,1896.810823,2188.954981,2261.848,715928.3513,1683.082051,1863.574,2044.065949,0.1937051593,35.87800423,15.169747,25.57857001,-0.2702815161,154.7296848,0.2297599557,715928.3513,Bear Trend,False,True
2022-06-10 00:00:00+00:00,1788.8,1804.32,1655.93,1662.91,955035.7924,ETHUSDT,123.7128372,33.57786886,1874.534554,2168.325766,2235.4346,751736.6528,1655.171182,1847.966,2040.760818,0.2086562388,35.9819894,13.87005582,30.39640702,-0.2424100228,154.153374,0.223866044,751736.6528,Bear Trend,False,True
2022-06-11 00:00:00+00:00,1662.91,1682.21,1496.74,1532.89,1220325.254,ETHUSDT,128.1240631,29.16505139,1841.996978,2143.406716,2206.8446,794966.1559,1606.122833,1822.451,2038.779167,0.2374035484,36.89653463,12.43591056,36.12822782,-0.2926211352,153.6783116,0.223866044,794966.1559,Bear Trend,False,True
2022-06-12 00:00:00+00:00,1532.89,1547,1423,1434.84,1563225.37,ETHUSDT,127.8294872,26.35246307,1803.220123,2115.619786,2176.8808,841323.1732,1532.098765,1795.527,2058.955235,0.2934272059,38.05137962,11.57424211,37.74539312,-0.3378680203,153.2275274,0.223866044,841323.1732,Bear Trend,False,True
2022-06-13 00:00:00+00:00,1434.84,1455,1165.45,1209.82,3626351.665,ETHUSDT,139.3809524,21.28043047,1746.705825,2080.098226,2142.6572,995935.9079,1403.042283,1757.0475,2111.052717,0.4029546354,39.92535078,9.85678987,45.34318339,-0.4417074296,152.9528112,0.223866044,995935.9079,Crash/Capitulation,False,True
2022-06-14 00:00:00+00:00,1209.35,1268.45,1075.8,1208.9,2716493.801,ETHUSDT,143.1858844,21.26241171,1695.486223,2045.93359,2106.7028,1105521.282,1304.258777,1720.361,2136.463223,0.4837382659,41.87530444,8.909514447,45.45773764,-0.4364864424,152.8463604,0.223866044,1105521.282,Crash/Capitulation,False,True
2022-06-15 00:00:00+00:00,1208.9,1250,1014.4,1237.52,3114823.136,ETHUSDT,149.7868926,23.4343369,1651.870392,2014.231096,2075.2598,1202825.411,1228.235487,1692.6255,2157.015513,0.5487215133,43.81988939,7.908529664,43.27852589,-0.4169297312,152.9374299,0.223866044,1202825.411,Crash/Capitulation,False,True
2022-06-16 00:00:00+00:00,1237.53,1257.85,1051.55,1068.5,1447386.83,ETHUSDT,153.8235432,19.93673798,1596.311307,1977.143602,2038.8506,1210360.088,1122.113949,1659.687,2197.260051,0.6478005196,45.53119114,7.51544026,39.13260662,-0.4937746361,153.1469944,0.223866044,1210360.088,Bear Trend,False,True
2022-06-17 00:00:00+00:00,1068.5,1118,1051.11,1086.94,1220677.949,ETHUSDT,147.6140044,21.3165135,1547.799754,1942.233657,2001.8508,1243480.426,1036.115757,1624.423,2212.730243,0.7243276446,47.12134216,7.27218624,37.8872834,-0.4795594925,153.19934,0.223866044,1243480.426,Bear Trend,False,True
2022-06-18 00:00:00+00:00,1086.93,1097.58,881.56,995.13,2308983.519,ETHUSDT,152.5001469,19.5134046,1495.164539,1905.092337,1965.4108,1337308.072,942.0560397,1583.4975,2224.93896,0.810157844,48.97434804,6.536384761,41.99528368,-0.5235192722,153.38528,0.223866044,1337308.072,Bear Trend,False,True
2022-06-19 00:00:00+00:00,995.12,1158.62,936.15,1128.53,2018599.45,ETHUSDT,157.4979936,28.92136324,1460.246964,1874.638912,1933.4482,1397491.902,899.0630308,1539.985,2180.906969,0.8323743013,49.9575351,8.645187354,37.75818174,-0.4596456787,153.6679624,0.2297599557,1397491.902,Bear Trend,False,True
2022-06-20 00:00:00+00:00,1128.53,1170,1053,1128.24,1721772.913,ETHUSDT,154.6052797,28.91345102,1428.627253,1845.368367,1899.5168,1446025.377,862.3089072,1499.302,2136.295093,0.8497195265,50.73291083,8.70363716,35.71717435,-0.4597845344,153.7867746,0.2352582056,1446025.377,Bear Trend,False,True
2022-06-21 00:00:00+00:00,1128.24,1194,1109.23,1125.85,1306095.376,ETHUSDT,149.6170455,28.84341666,1399.791324,1817.15196,1864.903,1459438.082,825.5130313,1464.697,2103.880969,0.8727866155,51.15220549,9.49718343,34.27170074,-0.4609288963,153.8742431,0.2654153772,1459438.082,Bear Trend,False,True
2022-06-22 00:00:00+00:00,1125.86,1127.33,1043.65,1050.19,1306959.859,ETHUSDT,144.9072565,26.64326888,1366.49596,1787.07502,1830.2728,1485346.855,785.5917555,1425.5025,2065.413245,0.8978037492,51.76325962,9.105443061,36.09066913,-0.4807055193,153.9787257,0.3481909207,1485346.855,Bear Trend,False,True
2022-06-23 00:00:00+00:00,1050.19,1155,1045.3,1144.72,1278257.09,ETHUSDT,142.3924525,33.4713955,1345.37444,1761.884627,1794.3544,1512195.583,764.0356748,1393.9825,2023.929325,0.9038087999,51.97159577,9.992394615,34.1046357,-0.4339626373,154.1409001,0.4433464507,1512195.583,Bear Trend,False,True
2022-06-24 00:00:00+00:00,1144.71,1245.43,1132,1225.02,1337137.483,ETHUSDT,140.3237059,38.69187285,1333.912113,1740.831113,1763.8954,1559638.484,760.4669011,1365.0045,1969.542099,0.8857664556,51.0631317,14.0185765,32.13546998,-0.3924867961,154.1543358,0.5162298896,1559638.484,Bear Trend,False,True
2022-06-25 00:00:00+00:00,1225.02,1256.77,1180,1242.36,861986.6177,ETHUSDT,135.7841554,39.79058628,1325.192864,1721.283226,1734.8856,1584139.089,765.5329932,1336.811,1908.089007,0.8546877708,50.08736892,14.04897868,30.83769599,-0.3838875251,153.9337523,0.5982610165,1584139.089,Bear Trend,False,True
2022-06-26 00:00:00+00:00,1242.31,1280,1194.6,1197.79,884184.273,ETHUSDT,132.1852872,37.90997884,1313.059258,1700.75408,1706.1346,1588135.785,783.0080489,1303.7085,1824.408951,0.7987988896,48.90175569,14.65592824,29.41461821,-0.4059907263,153.6812938,0.6860640821,1588135.785,Bear Trend,False,True
2022-06-27 00:00:00+00:00,1197.79,1238.93,1172.49,1192.51,868734.2061,ETHUSDT,127.4891953,37.68276409,1301.578376,1680.822939,1679.5906,1561692.584,805.9716765,1272.6675,1739.363323,0.7334135954,47.93559591,14.11036947,29.55843587,-0.4086091894,153.3757609,0.72887062,1561692.584,Bear Trend,False,True
2022-06-28 00:00:00+00:00,1192.51,1237.99,1136.32,1144.05,1104065.221,ETHUSDT,125.644967,35.57527457,1286.575673,1659.77302,1657.9006,1569820.338,836.5430155,1240.276,1644.008985,0.6510373248,47.25815771,13.29480542,29.90623777,-0.4326415235,153.0109089,0.72887062,1569820.338,Bear Trend,False,True
2022-06-29 00:00:00+00:00,1144.05,1156.8,1087.42,1100.21,1295517.796,ETHUSDT,121.6260408,33.73703784,1268.826562,1637.829372,1633.0638,1607830.68,886.4647072,1205.846,1525.227293,0.529721528,46.91402392,12.75310187,31.55949347,-0.4543827023,152.5971297,0.72887062,1607830.68,Bear Trend,False,True
2022-06-30 00:00:00+00:00,1100.21,1106.62,998,1071.01,1420670.366,ETHUSDT,120.6970379,32.5313035,1249.986889,1615.601162,1612.7842,1631112.409,930.5772255,1176.251,1421.924774,0.4177233847,47.05980348,11.93331496,34.82268624,-0.4570511716,152.1829657,0.72887062,1631112.409,Bear Trend,False,True
2022-07-01 00:00:00+00:00,1071.02,1117,1033.44,1059.73,1562255.144,ETHUSDT,118.0443923,32.05471069,1231.867185,1593.802293,1594.7744,1648208.903,964.4601931,1152.593,1340.725807,0.3264514133,47.04673217,11.9580346,33.06197837,-0.4480572917,151.7604324,0.72887062,1648208.903,Bear Trend,False,True
2022-07-02 00:00:00+00:00,1059.73,1078.88,1028.29,1067.01,714812.0804,ETHUSDT,113.2262214,32.73958757,1216.166501,1573.143771,1575.9208,1605788.239,994.297318,1134.2015,1274.105682,0.2467007528,47.06267107,11.57639851,32.3317049,-0.444265625,151.3017825,0.72887062,1605788.239,Bear Trend,False,True
2022-07-03 00:00:00+00:00,1067.01,1088.34,1040.78,1074.26,644746.3337,ETHUSDT,108.5357771,33.45892764,1202.651596,1553.579702,1556.2764,1456707.972,989.7122798,1127.4235,1265.13472,0.2442936842,46.9257206,11.83663297,31.31973057,-0.4404895833,150.701429,0.72887062,1456707.972,Bear Trend,False,True
2022-07-04 00:00:00+00:00,1074.26,1160.9,1045.37,1151,1150108.986,ETHUSDT,109.0353644,40.68953131,1197.732397,1537.792263,1536.3906,1378388.731,991.4332622,1124.5285,1257.623738,0.2367129652,45.69468083,15.69417158,28.94935383,-0.4005208333,149.9581007,0.72887062,1378388.731,Bear Trend,False,True
2022-07-05 00:00:00+00:00,1151.01,1174.9,1076.34,1132.5,1398961.45,ETHUSDT,108.2871241,39.57313139,1191.519787,1521.898448,1518.5674,1292595.647,996.5446866,1119.2775,1242.010313,0.2193072109,44.35106171,15.59732749,27.06728842,-0.41015625,149.2361173,0.72887062,1292595.647,Bear Trend,False,True
2022-07-06 00:00:00+00:00,1132.51,1205,1111.44,1186.57,1211768.076,ETHUSDT,107.2351867,44.37669171,1191.048379,1508.748313,1500.4844,1280814.709,1001.431562,1125.181,1248.930438,0.2199636114,42.67088165,16.63024674,25.38046502,-0.3671559163,148.5346923,0.72887062,1280814.709,Bear Trend,False,True
2022-07-07 00:00:00+00:00,1186.57,1254.29,1163.18,1237.49,1001316.079,ETHUSDT,106.0833876,48.52654893,1195.471391,1498.110732,1486.932,1269846.616,1001.112687,1132.7085,1264.304313,0.2323560079,40.44072916,18.92885507,23.82345931,-0.3270012019,147.8037381,0.6922254601,1269846.616,Bear Trend,False,True
2022-07-08 00:00:00+00:00,1237.49,1276.46,1193.15,1214.04,1189518.363,ETHUSDT,104.4567171,46.79507629,1197.23983,1486.970703,1470.8218,1213873.358,1023.75556,1143.654,1263.55244,0.2096760729,38.08138277,19.36651897,22.466279,-0.3376759411,146.8601496,0.5903794264,1213873.358,Bear Trend,False,True
2022-07-09 00:00:00+00:00,1214.03,1235.4,1204.67,1217.02,576337.1809,ETHUSDT,99.19052299,47.053618,1199.123655,1476.384401,1455.9806,1141760.245,1024.271804,1148.0785,1271.885196,0.2156763601,35.89056113,18.93795475,21.96911979,-0.325496586,145.7141866,0.4737224564,1141760.245,Bear Trend,False,True
2022-07-10 00:00:00+00:00,1217.02,1219.95,1153,1168.36,1018038.651,ETHUSDT,96.88762849,43.34935388,1196.193783,1464.305013,1439.8464,1106573.532,1026.328464,1150.0845,1273.840536,0.2152120754,34.44626285,18.00322236,24.69404931,-0.3054612682,144.1983875,0.372087399,1106573.532,Bear Trend,False,True
2022-07-11 00:00:00+00:00,1168.37,1171.29,1091.71,1096.4,1201652.305,ETHUSDT,95.65136932,38.51990214,1186.689614,1449.877366,1420.9106,1101351.378,1023.049958,1148.612,1274.174042,0.2186326485,33.72137983,16.93334265,27.80344215,-0.2912734324,142.4153599,0.2865760831,1101351.378,Bear Trend,False,True
2022-07-12 00:00:00+00:00,1096.37,1098.26,1033.46,1038.58,1261349.632,ETHUSDT,93.44770008,35.13300423,1172.583936,1433.748057,1402.2158,1099070.867,1020.561862,1148.0315,1275.501138,0.2220664468,33.56081377,16.09461482,30.87875818,-0.2861993127,140.5900365,0.2454972185,1099070.867,Bear Trend,False,True
2022-07-13 00:00:00+00:00,1038.58,1119.18,1006.32,1115,2035605.83,ETHUSDT,94.83429293,42.34813078,1167.099752,1421.248133,1384.9276,1136938.304,1018.265733,1146.5455,1274.825267,0.2237674248,33.63394422,14.72648539,30.2980636,-0.12890625,138.8879625,0.2405033247,1136938.304,Bear Trend,False,True
2022-07-14 00:00:00+00:00,1115.01,1214.65,1072.11,1193.42,1605101.926,ETHUSDT,98.24184344,48.65899741,1169.606442,1412.313697,1369.9434,1150336.526,1019.851523,1144.9655,1270.079477,0.2185462835,32.29109631,20.14161089,27.1580821,-0.067640625,137.2791556,0.2345344865,1150336.526,Bear Trend,False,True
2022-07-15 00:00:00+00:00,1193.42,1287.82,1181.05,1231.25,1466037.258,ETHUSDT,98.85099748,51.42156742,1175.477257,1405.21316,1358.7238,1180539.058,1020.942845,1144.41,1267.877155,0.2157743373,30.15798301,23.8748489,25.06281571,-0.04392694631,135.7145493,0.2280617164,1180539.058,Bear Trend,False,True
2022-07-16 00:00:00+00:00,1231.25,1422.91,1191.23,1355.85,1493809.923,ETHUSDT,108.3387834,59.20727443,1192.655614,1403.277349,1351.2954,1211020.34,999.4542466,1152.313,1305.171753,0.2653076957,29.12415377,29.13458979,21.23451172,-0.04712877132,134.4012958,0.2280617164,1211020.34,Bull Trend,False,True
2022-07-17 00:00:00+00:00,1355.84,1387,1319.04,1338.65,1246202.88,ETHUSDT,105.4545846,57.82943504,1206.559841,1400.742943,1342.224,1229893.774,987.0703977,1159.62,1332.169602,0.2975968028,28.16416947,27.79346628,20.25704462,-0.05921667569,133.0214175,0.2280617164,1229893.774,Range/Chop,False,True
2022-07-18 00:00:00+00:00,1338.65,1597.47,1336.07,1581.04,2029918.765,ETHUSDT,116.5935428,68.8359224,1242.224618,1407.813416,1337.572,1276186.451,929.8065489,1181.4695,1433.132451,0.4260168393,28.73106928,36.23658756,17.01305741,-0.01028501318,131.8879472,0.2280617164,1276186.451,Bull Trend,False,True
2022-07-19 00:00:00+00:00,1581.03,1631,1493.11,1542.32,1846048.682,ETHUSDT,118.1147183,65.87801119,1270.80513,1413.088184,1328.4428,1303712.996,910.144218,1203.575,1497.005782,0.4875986656,29.43952569,35.24260048,15.59438186,-0.0543715512,130.8317367,0.2280617164,1303712.996,Bull Trend,False,True
2022-07-20 00:00:00+00:00,1542.33,1620.4,1484.23,1521.58,1351177.425,ETHUSDT,119.4043813,64.28457434,1294.688451,1417.342765,1320.0364,1300238.348,908.6413279,1226.1035,1543.565672,0.5178391092,29.98598366,32.37181272,14.85530454,-0.06708767627,129.9493864,0.2280617164,1300238.348,Bull Trend,False,True
2022-07-21 00:00:00+00:00,1521.63,1605.98,1463.56,1575.45,1247327.496,ETHUSDT,121.0483541,66.54786887,1321.427646,1423.543049,1315.1864,1284491.966,909.8439962,1251.8895,1593.935004,0.5464467971,30.22488244,29.65129802,14.82657194,-0.0340588596,129.1923708,0.2280617164,1284491.966,Bull Trend,False,True
2022-07-22 00:00:00+00:00,1575.45,1650.05,1516.11,1535.27,1170723.087,ETHUSDT,121.9691859,63.32453782,1341.793585,1427.924498,1309.2102,1307287.516,923.1274469,1275.3025,1627.477553,0.5523004199,30.72879991,29.90634203,13.66359024,-0.06956152844,128.4924752,0.2280617164,1307287.516,Bull Trend,False,True
2022-07-23 00:00:00+00:00,1535.27,1596.51,1488,1548.67,851284.7339,ETHUSDT,121.0078155,63.95163646,1361.496101,1432.659616,1304.6812,1317614.436,940.3602612,1299.023,1657.685739,0.5522038313,30.81333594,27.99080036,14.44769769,-0.06144056241,127.8755484,0.2280617164,1317614.436,Bull Trend,False,True
2022-07-24 00:00:00+00:00,1548.66,1664.34,1545.67,1597.7,1009935.9,ETHUSDT,120.8408287,66.22710255,1383.99171,1439.131788,1300.5436,1310605.782,947.0546743,1321.358,1695.661326,0.5665433981,31.34039381,30.03678087,13.43425812,-0.04003989569,127.3395212,0.2280617164,1310605.782,Bull Trend,False,True
2022-07-25 00:00:00+00:00,1597.7,1609.55,1435.58,1440.79,1418390.981,ETHUSDT,124.6357695,54.39376291,1389.401071,1439.196816,1293.2348,1311577.259,969.5234236,1336.7725,1704.021576,0.5494563606,30.45944201,27.04205541,18.40407775,-0.1343175072,126.7738768,0.2488318518,1311577.259,Bull Trend,False,True
2022-07-26 00:00:00+00:00,1440.79,1454.11,1356.17,1449.12,1199643.741,ETHUSDT,122.7289288,54.8549328,1395.088588,1439.58596,1285.0204,1310971.042,986.3139812,1349.9,1713.486019,0.5386858564,28.81393308,25.50062182,21.97670419,-0.1293125203,126.2232546,0.2814522493,1310971.042,Bull Trend,False,True
2022-07-27 00:00:00+00:00,1449.12,1644.44,1420.83,1635.74,1513426.041,ETHUSDT,129.9347196,63.7088474,1418.00777,1447.278275,1281.4686,1336576.54,989.782946,1369.8125,1749.842054,0.5548636094,28.61384388,32.82892043,19.27523179,-0.01718398885,125.8749269,0.3618068211,1336576.54,Bull Trend,False,True
2022-07-28 00:00:00+00:00,1635.74,1784.79,1593.27,1724.52,1578145.076,ETHUSDT,134.3336682,67.02234344,1447.199411,1458.1505,1280.1214,1356007.876,992.686489,1395.3365,1797.986511,0.5771367853,29.15489253,36.94851589,17.31231978,-0.03376867867,125.699194,0.4568077525,1356007.876,Bull Trend,False,True
2022-07-29 00:00:00+00:00,1724.52,1765.99,1655.02,1721.68,1205266.57,ETHUSDT,132.6648348,66.81219348,1473.34042,1468.48499,1278.7788,1387454.345,1002.812543,1420.5695,1838.326457,0.5881541977,29.65729486,34.74092431,16.27794721,-0.03535990229,125.4183349,0.5027188874,1387454.345,Bull Trend,False,True
2022-07-30 00:00:00+00:00,1721.68,1744.85,1673.01,1697,735132.5286,ETHUSDT,128.3202037,64.90753842,1494.641332,1477.446363,1279.4606,1373309.039,1029.524422,1447.0015,1864.478578,0.5770236978,30.1238113,33.35166084,15.62700433,-0.04918785964,125.134192,0.5282624828,1373309.039,Bull Trend,False,True
2022-07-31 00:00:00+00:00,1697,1754.69,1666,1678.12,696326.8079,ETHUSDT,125.4894749,63.41812413,1512.115491,1485.315917,1282.3652,1348042.764,1079.852722,1476.0875,1872.322278,0.536871666,30.61124535,32.22808408,14.83811687,-0.05976613495,124.7273211,0.5377787612,1348042.764,Bull Trend,False,True
2022-08-01 00:00:00+00:00,1678.12,1704.68,1606.12,1630.28,801566.5648,ETHUSDT,123.5659409,59.68105824,1523.369254,1491.000783,1286.274,1325053.611,1159.300716,1505.6725,1852.044284,0.4600891421,30.35618453,30.39193319,17.45416091,-0.08657040884,124.3827625,0.5377787612,1325053.611,Bull Trend,False,True
2022-08-02 00:00:00+00:00,1630.28,1678,1559.28,1630.91,1081964.51,ETHUSDT,123.2198023,59.71472473,1533.611229,1496.487419,1294.6958,1277371.545,1231.595248,1531.468,1831.340752,0.3916147805,29.59808791,28.30035709,18.96820444,-0.08621742614,124.0768747,0.5377787612,1277371.545,Bull Trend,False,True
2022-08-03 00:00:00+00:00,1630.91,1685.03,1589.71,1618.16,777724.7413,ETHUSDT,121.2269593,58.64741171,1541.663493,1501.258893,1302.881,1236002.686,1294.311042,1552.705,1811.098958,0.3328307152,28.94687634,27.12511755,17.90287725,-0.09336112372,123.8258717,0.5377787612,1236002.686,Bull Trend,False,True
2022-08-04 00:00:00+00:00,1618.16,1662.79,1580.39,1607.96,735552.181,ETHUSDT,118.4536051,57.75801141,1547.977446,1505.44325,1310.2898,1199478.432,1358.72064,1571.5405,1784.36036,0.2708423485,28.23061823,25.77732664,17.57532461,-0.09907608178,123.6228928,0.5377787612,1199478.432,Bull Trend,False,True
2022-08-05 00:00:00+00:00,1607.97,1742.07,1605.64,1736.81,1005846.471,ETHUSDT,119.7376333,64.98243636,1565.961499,1514.516456,1323.656,1175080.259,1390.590223,1590.5885,1790.586777,0.2514770814,28.1802884,28.40879394,16.1449344,-0.02688271449,123.4591504,0.5377787612,1175080.259,Bull Trend,False,True
2022-08-06 00:00:00+00:00,1736.81,1749.93,1685.26,1690.6,523314.6444,ETHUSDT,115.8042309,60.95608019,1577.831832,1521.421693,1335.7292,1138935.847,1440.655462,1608.186,1775.716538,0.2083472161,28.19156642,27.76041107,15.50093319,-0.05277371568,123.2056992,0.5377787612,1138935.847,Bull Trend,False,True
2022-08-07 00:00:00+00:00,1690.6,1729.79,1668,1700.19,439904.764,ETHUSDT,111.9460715,61.48937104,1589.484991,1528.432215,1349.8304,1059435.147,1442.474982,1614.1435,1785.812018,0.2127053983,27.96536996,26.66593267,15.99109097,-0.04740053452,122.9564231,0.5377787612,1059435.147,Bull Trend,False,True
2022-08-08 00:00:00+00:00,1700.2,1818,1693.87,1777.05,781620.5443,ETHUSDT,112.8163521,65.55061142,1607.348325,1538.181932,1362.8008,1006213.74,1443.684828,1625.88,1808.075172,0.2241188433,28.42161964,30.15514176,14.734324,-0.02252475248,122.8064524,0.5377787612,1006213.74,Bull Trend,False,True
2022-08-09 00:00:00+00:00,1777.05,1790.83,1667.93,1702.76,818171.1019,ETHUSDT,113.5366127,59.06672179,1616.435152,1544.635974,1374.2912,979563.4243,1456.408252,1634.939,1813.469748,0.2183943836,28.48149421,27.82356731,15.2270232,-0.06338833883,122.6368486,0.5377787612,979563.4243,Bull Trend,False,True
2022-08-10 00:00:00+00:00,1702.76,1885,1656.78,1853.57,1317767.513,ETHUSDT,121.7282832,66.34450775,1639.019423,1556.751034,1388.8456,983085.4251,1448.965449,1648.845,1848.724551,0.2424479578,29.18928141,29.62330486,13.18787318,-0.01667374005,122.5302523,0.4984804041,983085.4251,Bull Trend,False,True
2022-08-11 00:00:00+00:00,1853.58,1942,1850.32,1880.19,1105261.901,ETHUSDT,119.5819773,67.44479426,1661.988049,1569.434915,1405.4456,979812.3658,1449.558363,1666.091,1882.623637,0.2599289434,30.18803425,31.40578524,12.46567631,-0.03182801236,122.3927938,0.4258519613,979812.3658,Bull Trend,False,True
2022-08-12 00:00:00+00:00,1880.19,1964.71,1853.06,1958.28,717628.1015,ETHUSDT,119.0154075,70.49238094,1690.20633,1584.683742,1421.7168,973129.5342,1442.59215,1686.5715,1930.55085,0.2893199015,31.24625605,30.66431106,11.63037464,-0.003272747632,122.0533681,0.3622227478,973129.5342,Bull Trend,False,True
2022-08-13 00:00:00+00:00,1958.28,2020,1946.5,1983.55,695876.0293,ETHUSDT,115.7643069,71.42460928,1718.143823,1600.325556,1436.8874,957426.5406,1433.656839,1705.864,1978.071161,0.3191428631,32.53494445,32.6851493,11.10292824,-0.01804455446,121.5963418,0.3259867892,957426.5406,Bull Trend,False,True
2022-08-14 00:00:00+00:00,1983.55,2030,1906,1935.31,569583.4852,ETHUSDT,116.3525707,67.06854991,1738.826316,1613.462201,1450.7464,914986.1659,1469.577575,1730.59,1991.602425,0.3016455954,33.11417219,30.19704754,12.74402213,-0.0466453202,121.0391031,0.3103942293,914986.1659,Bull Trend,False,True
2022-08-15 00:00:00+00:00,1935.32,2012.47,1872.31,1899.06,949162.3305,ETHUSDT,118.0531014,63.91406985,1754.086667,1624.662114,1464.7718,902462.0953,1516.582492,1753.087,1989.591508,0.2698149125,33.15664398,27.63620347,13.70170125,-0.06450246305,120.4429291,0.2954827484,902462.0953,Bull Trend,False,True
2022-08-16 00:00:00+00:00,1899.05,1915,1853,1876.67,622729.1499,ETHUSDT,114.0493084,61.97516141,1765.76127,1634.544776,1478.455,857927.2508,1529.221657,1765.1335,2001.045343,0.2673019832,32.91396903,26.56308078,14.37903643,-0.0755320197,119.8835175,0.280081125,857927.2508,Bull Trend,False,True
2022-08-17 00:00:00+00:00,1876.67,1959.43,1818.74,1834.25,951824.8975,ETHUSDT,115.952215,58.3627451,1772.284006,1642.376354,1492.259,826611.2419,1533.640006,1770.62,2007.599994,0.2676802408,33.03080719,26.99789054,13.13284164,-0.09642857143,119.2743853,0.2703286305,826611.2419,Bull Trend,False,True
2022-08-18 00:00:00+00:00,1834.24,1882.37,1821.25,1846.39,606254.024,ETHUSDT,112.0356282,59.09753357,1779.34172,1650.376889,1507.1826,796660.6146,1538.794194,1776.8555,2014.916806,0.2679579812,33.13929977,25.94585844,12.62109163,-0.09044827586,118.5166792,0.2688864469,796660.6146,Bull Trend,False,True
2022-08-19 00:00:00+00:00,1846.39,1848,1602.37,1609.01,1419826.951,ETHUSDT,121.5780833,43.08617176,1763.119651,1648.754658,1517.9426,830895.3357,1525.56573,1772.456,2019.34627,0.2785854993,30.99922907,22.20159736,23.65919556,-0.2073842365,117.9662259,0.2688864469,830895.3357,Range/Chop,False,True
2022-08-20 00:00:00+00:00,1609,1657.08,1523.67,1576.04,914615.9226,ETHUSDT,122.4232202,41.40812527,1745.302542,1645.903103,1528.2688,841809.7914,1508.920974,1767.352,2025.783026,0.2924499766,29.68937132,20.47345,26.4093897,-0.2236256158,117.5129955,0.2688864469,841809.7914,Range/Chop,False,True
2022-08-21 00:00:00+00:00,1576.03,1646.52,1562.34,1618.13,780662.6062,ETHUSDT,119.6915616,44.38592483,1733.190871,1644.813962,1539.2912,840764.5935,1506.973807,1766.7445,2026.515193,0.2940670746,28.47307483,19.44494032,25.08268057,-0.2028916256,117.0927339,0.2688864469,840764.5935,Range/Chop,False,True
2022-08-22 00:00:00+00:00,1618.13,1629.72,1529.92,1624.66,941192.8954,ETHUSDT,118.2707358,44.85418751,1722.854597,1644.02361,1550.2992,833726.0127,1505.994251,1766.432,2026.869749,0.2948743561,27.62252236,18.27292896,25.52884122,-0.1996748768,116.6907053,0.2688864469,833726.0127,Range/Chop,False,True
2022-08-23 00:00:00+00:00,1624.65,1676.07,1563.76,1665.41,940246.932,ETHUSDT,117.844969,47.80751699,1717.383683,1644.862292,1560.5874,841852.1223,1512.963174,1768.7945,2024.625826,0.28927196,26.29659033,19.8384042,23.79099858,-0.1796009852,116.3160597,0.2688864469,841852.1223,Range/Chop,False,True
2022-08-24 00:00:00+00:00,1665.4,1694.13,1604.92,1656.56,744667.6078,ETHUSDT,115.799614,47.21610536,1711.590952,1645.321026,1571.0686,842307.8936,1520.681456,1771.2245,2021.767544,0.28290377,24.8604212,19.86074326,22.4818436,-0.1839605911,115.982984,0.2688864469,842307.8936,Range/Chop,False,True
2022-08-25 00:00:00+00:00,1656.56,1722,1653.68,1695.11,603090.713,ETHUSDT,112.408213,50.11119851,1710.021337,1647.273535,1581.2394,822170.1057,1516.797985,1769.1395,2021.481015,0.2852703415,23.20908936,20.7694936,21.50583488,-0.1649704433,115.6533661,0.2742002059,822170.1057,Range/Chop,False,True
2022-08-26 00:00:00+00:00,1695.11,1706.45,1486.85,1508.18,1149912.829,ETHUSDT,120.0647692,38.95405359,1690.798353,1641.818886,1586.6532,853500.015,1484.82811,1760.0185,2035.20889,0.3127130657,23.1680419,18.05608862,28.62123168,-0.2570541872,115.5296256,0.2807446347,853500.015,Range/Chop,False,True
2022-08-27 00:00:00+00:00,1508.18,1518.42,1447.52,1491.06,756136.6768,ETHUSDT,116.553,38.11701288,1671.775652,1635.906773,1592.1936,869311.6106,1451.159181,1749.562,2047.964819,0.34111717,23.41296464,17.27154261,29.78793247,-0.2654876847,115.3780929,0.2840870558,869311.6106,Range/Chop,False,True
2022-08-28 00:00:00+00:00,1491.06,1511,1424,1426.76,544846.4486,ETHUSDT,114.4420714,35.06904905,1648.440828,1627.704939,1596.3884,857472.9058,1402.644525,1732.0475,2061.450475,0.3803625187,23.80781593,16.33368558,29.6384182,-0.2971625616,115.25836,0.2872711508,857472.9058,Range/Chop,False,True
2022-08-29 00:00:00+00:00,1426.76,1559.99,1422.08,1551.8,826252.0831,ETHUSDT,116.1183521,44.38276557,1639.23694,1624.728274,1604.0572,857876.9549,1385.966324,1724.4995,2063.032676,0.3926161488,23.55885808,17.96159451,27.12409049,-0.2355665025,115.1820486,0.2892959308,857876.9549,Range/Chop,False,True
2022-08-30 00:00:00+00:00,1551.79,1606.13,1473.61,1524.59,1003075.017,ETHUSDT,117.2898983,42.93935131,1628.318184,1620.801283,1612.621,842142.3301,1364.272438,1708.0505,2051.828562,0.4025385219,22.78201871,19.32191717,24.93507938,-0.2489704433,115.1694737,0.290884939,842142.3301,Range/Chop,False,True
2022-08-31 00:00:00+00:00,1524.59,1619.78,1524.59,1554.1,949227.6775,ETHUSDT,115.7113342,45.02743538,1621.249785,1618.185547,1622.9314,834340.6189,1351.255532,1691.746,2032.236468,0.4025314295,21.90108716,19.02916076,23.46987521,-0.2344334975,115.2108922,0.2932585256,834340.6189,Range/Chop,False,True
2022-09-01 00:00:00+00:00,1554.11,1599,1512.77,1586.16,728710.482,ETHUSDT,113.6055246,47.28442328,1617.907901,1616.929643,1632.3546,834894.7379,1352.873499,1673.14,1993.406501,0.3828328786,21.1991988,17.99746764,22.94059553,-0.2186403941,115.295388,0.2944707154,834894.7379,Range/Chop,False,True
2022-09-02 00:00:00+00:00,1586.17,1650,1546.41,1575.35,919009.6598,ETHUSDT,112.89013,46.58984475,1613.854768,1615.299069,1639.9932,846051.4194,1363.686642,1652.73,1941.773358,0.3497768633,19.92470242,20.04474413,21.43697408,-0.2239655172,115.3596341,0.2944707154,846051.4194,Range/Chop,False,True
2022-09-03 00:00:00+00:00,1575.35,1582.71,1534.28,1557.46,321397.2189,ETHUSDT,108.285835,45.40123242,1608.483837,1613.03087,1646.5174,833642.1061,1373.139706,1633.8375,1894.535294,0.3191232834,18.87610117,19.40439724,21.55228223,-0.2327783251,115.3596126,0.2944707154,833642.1061,Range/Chop,False,True
2022-09-04 00:00:00+00:00,1557.45,1583.66,1540.66,1579.28,296591.1166,ETHUSDT,103.622561,47.17152926,1605.70252,1611.707306,1650.986,801013.5454,1386.61819,1617.8485,1849.07881,0.2858491514,17.89003373,18.89472536,20.91346097,-0.2220295567,115.2994022,0.2944707154,801013.5454,Range/Chop,True,True
2022-09-05 00:00:00+00:00,1579.29,1631.99,1556.56,1617.8,503492.937,ETHUSDT,101.6088067,50.2389211,1606.854661,1611.946236,1656.569,795051.7348,1406.411659,1604.905,1803.398341,0.2473583681,16.87042582,21.29030713,19.80451437,-0.2030541872,115.2248259,0.2944707154,795051.7348,Range/Chop,True,True
2022-09-06 00:00:00+00:00,1617.8,1687.4,1555,1559.01,1010722.858,ETHUSDT,103.8081776,45.86211633,1602.298026,1609.870305,1656.1284,797996.6328,1422.194842,1591.143,1760.091158,0.2123607474,16.56131357,23.16337958,18.00028155,-0.2320147783,115.2140169,0.2944707154,797996.6328,Range/Chop,True,True
2022-09-07 00:00:00+00:00,1559.01,1657.5,1490.66,1630,850991.4243,ETHUSDT,108.3104507,51.37130773,1604.936309,1610.659705,1657.882,810233.5028,1456.440487,1580.3235,1704.206513,0.1567818402,15.43985636,20.61476768,20.26284717,-0.197044335,115.3660157,0.2944707154,810233.5028,Range/Chop,True,True
2022-09-08 00:00:00+00:00,1630,1663.56,1595.06,1635.37,645124.0085,ETHUSDT,105.466847,51.77111949,1607.834756,1611.628736,1660.1578,771498.3557,1456.017088,1581.6415,1707.265912,0.1588532064,14.47228373,20.06881983,19.32280563,-0.1943990148,115.5090026,0.2944707154,771498.3557,Range/Chop,True,True
2022-09-09 00:00:00+00:00,1635.37,1746.13,1630.51,1718.23,837458.2126,ETHUSDT,106.1920723,57.56820494,1618.348589,1615.809177,1663.0134,767640.4702,1449.811009,1588.751,1727.690991,0.1749046784,14.50309381,24.06201747,17.8200685,-0.1535812808,115.684681,0.2944707154,767640.4702,Range/Chop,True,True
2022-09-10 00:00:00+00:00,1718.24,1789,1706.03,1774.12,411046.2466,ETHUSDT,104.5333528,60.97552878,1633.183961,1622.017445,1667.7904,749159.6522,1436.049097,1596.5505,1757.051903,0.2010602276,14.95127788,25.62718737,16.80977503,-0.1260492611,115.8694419,0.2920731581,749159.6522,Range/Chop,True,True
2022-09-11 00:00:00+00:00,1774.12,1789,1720.1,1766.11,409287.7263,ETHUSDT,101.9881133,60.22906079,1645.843584,1627.668133,1672.1392,722564.3938,1427.121795,1603.623,1780.124205,0.2201280542,15.3674488,24.39054941,15.99862063,-0.1299950739,115.9886722,0.2875605557,722564.3938,Range/Chop,True,True
2022-09-12 00:00:00+00:00,1766.12,1783,1693,1716.37,630774.6032,ETHUSDT,101.1318195,55.67136407,1652.560386,1631.146638,1674.5126,707090.7773,1424.772111,1606.171,1787.569889,0.2258774298,15.33833706,22.84013343,16.89569886,-0.1544975369,116.0368385,0.2855597464,707090.7773,Range/Chop,True,True
2022-09-13 00:00:00+00:00,1716.37,1760.51,1560.54,1574.4,1134549.726,ETHUSDT,108.1916895,45.16569896,1645.116539,1628.92128,1677.1848,726584.8832,1421.696365,1602.063,1782.429635,0.2251679683,14.83508929,19.82475694,23.41017274,-0.217677779,116.1925167,0.2855597464,726584.8832,Range/Chop,True,True
2022-09-14 00:00:00+00:00,1574.4,1647.01,1552.38,1638.39,764562.5393,ETHUSDT,107.2229974,49.76700358,1644.475917,1629.292602,1680.9702,734658.4746,1423.067036,1599.227,1775.386964,0.2203063906,14.45452476,18.57501389,22.47800022,-0.1638435668,116.1739203,0.2666037598,734658.4746,Range/Chop,True,True
2022-09-15 00:00:00+00:00,1638.4,1655.2,1458,1472.75,1335499.805,ETHUSDT,113.6499262,40.33245496,1628.121067,1623.153676,1677.7104,743937.8234,1417.008402,1597.4555,1777.902598,0.2259181528,15.01628711,16.27283607,25.62383744,-0.2483783549,116.3105093,0.2366382605,743937.8234,Range/Chop,True,True
2022-09-16 00:00:00+00:00,1472.76,1483.35,1405.52,1433.9,693597.2425,ETHUSDT,111.09136,38.48942846,1609.623823,1615.731964,1671.898,740810.8516,1405.879291,1594.5975,1783.315709,0.2366969831,15.97157933,15.45850321,27.7158715,-0.2382475284,116.2188063,0.231307568,740810.8516,Range/Chop,False,True
2022-09-17 00:00:00+00:00,1433.9,1476.13,1409.12,1468.83,421391.3743,ETHUSDT,107.9426915,41.09567992,1596.214887,1609.971102,1666.841,734638.0979,1414.694212,1596.701,1778.707788,0.2279785487,16.8586364,14.77303743,26.48688567,-0.2051785714,116.0492725,0.2269483508,734638.0979,Range/Chop,False,True
2022-09-18 00:00:00+00:00,1468.82,1469.63,1325.55,1334.51,804113.468,ETHUSDT,110.5239278,34.96117698,1571.290612,1599.168706,1659.5912,733531.1672,1371.360567,1585.8365,1800.312433,0.2704893382,18.32750174,13.39744698,29.42145998,-0.2540469536,115.9012649,0.2269483508,733531.1672,Range/Chop,False,True
2022-09-19 00:00:00+00:00,1334.51,1393.35,1280,1375.98,974855.198,ETHUSDT,110.7257901,38.03654349,1552.689602,1590.416208,1653.5484,732120.1762,1346.378416,1578.406,1810.433584,0.29400241,19.99956964,12.41780644,30.20852498,-0.2308664058,115.7292222,0.2269483508,732120.1762,Range/Chop,False,True
2022-09-20 00:00:00+00:00,1375.98,1384.78,1312.71,1322.93,658027.1465,ETHUSDT,107.9646622,35.71030718,1530.807735,1579.926553,1647.4014,717560.1497,1309.480359,1566.8475,1824.214641,0.3285158773,21.55220413,11.82571369,28.76815395,-0.2605198435,115.4958135,0.2269483508,717560.1497,Range/Chop,False,True
2022-09-21 00:00:00+00:00,1322.94,1408.9,1220,1245.78,1192266.738,ETHUSDT,113.7457578,32.5888522,1503.662236,1566.822766,1639.6988,740737.9625,1257.216926,1549.8285,1842.440074,0.3776051009,23.57635427,10.42291267,31.17747189,-0.3036444941,115.3747792,0.2269483508,740737.9625,Range/Chop,False,True
2022-09-22 00:00:00+00:00,1245.79,1350.08,1237.32,1326.46,904282.2725,ETHUSDT,113.6753465,38.63018735,1486.785833,1557.396775,1633.8648,740001.5931,1229.405919,1537.384,1845.362081,0.4006521226,25.45592226,9.684413786,28.96844175,-0.2585466741,115.2553545,0.2269483508,740001.5931,Bear Trend,False,True
2022-09-23 00:00:00+00:00,1326.47,1360,1262.15,1327.25,974052.3644,ETHUSDT,112.5449646,38.68812911,1471.591944,1548.371412,1628.2506,772634.3504,1204.82649,1525.8735,1846.92051,0.4208042278,27.01847235,9.712580377,27.16943886,-0.2581050866,115.0538411,0.2269483508,772634.3504,Bear Trend,False,True
2022-09-24 00:00:00+00:00,1327.24,1349.33,1306.52,1317.13,517557.3497,ETHUSDT,107.5638957,38.19069843,1456.881283,1539.303121,1619.857,783682.662,1180.30807,1512.766,1845.22393,0.4395364916,28.46941172,9.436468368,26.3970583,-0.2637618781,114.8010905,0.2269483508,783682.662,Bear Trend,False,True
2022-09-25 00:00:00+00:00,1317.13,1337,1269.27,1294.63,515533.8409,ETHUSDT,104.7186174,37.05010473,1441.42878,1529.708097,1611.9376,784284.7072,1154.855951,1496.6075,1838.359049,0.4567016393,30.07703206,9.000516414,27.71837283,-0.2763387367,114.3808221,0.2269483508,784284.7072,Bear Trend,False,True
2022-09-26 00:00:00+00:00,1294.62,1340.42,1277.85,1336.17,799166.4333,ETHUSDT,101.7080019,40.57856446,1431.404134,1522.118367,1604.6572,773706.886,1138.094274,1485.4655,1832.836726,0.4676934282,31.49654191,8.845196206,26.50036318,-0.2531190609,113.837061,0.2323377659,773706.886,Bear Trend,False,True
2022-09-27 00:00:00+00:00,1336.17,1400,1303.75,1328.02,860584.8944,ETHUSDT,101.3181446,40.10361276,1421.558026,1514.506667,1595.6766,774186.5595,1123.185535,1470.3665,1817.547465,0.4722373159,31.60357381,12.44534804,24.70216605,-0.2576746786,113.3146162,0.2535931606,774186.5595,Bear Trend,False,True
2022-09-28 00:00:00+00:00,1328.01,1355.7,1253.2,1337.2,919314.9131,ETHUSDT,101.4025629,40.94210775,1413.523928,1507.553464,1588.3654,787896.1047,1112.315171,1455.458,1798.600829,0.4715255665,32.15112852,11.54677384,26.47940204,-0.2525433203,112.8659888,0.2822458741,787896.1047,Bear Trend,False,True
2022-09-29 00:00:00+00:00,1337.2,1352.02,1288.52,1335.7,770591.6895,ETHUSDT,98.69523696,40.84149922,1406.112125,1500.814113,1578.008,784552.7786,1111.766745,1436.3315,1760.896255,0.4519357192,32.65957218,11.01612142,25.26249426,-0.2533817775,112.4194182,0.3112591437,784552.7786,Bear Trend,False,True
2022-09-30 00:00:00+00:00,1335.69,1373.19,1313.35,1328.72,740753.611,ETHUSDT,95.91986289,40.34467851,1398.741447,1494.065324,1566.9786,801038.1468,1126.217269,1414.0615,1701.905731,0.4071169901,32.69894361,12.10169673,24.13677207,-0.2572833985,111.9586502,0.3530604891,801038.1468,Bear Trend,False,True
2022-10-01 00:00:00+00:00,1328.71,1333.69,1302.68,1311.79,252081.9056,ETHUSDT,91.28344411,39.1022096,1390.460357,1486.917272,1554.0488,793177.8558,1150.317499,1391.3455,1632.373501,0.3464675037,32.84555164,11.8080481,24.38601042,-0.2667467859,111.4263776,0.3620363023,793177.8558,Bear Trend,False,True
2022-10-02 00:00:00+00:00,1311.79,1317.93,1270,1276.72,371740.0407,ETHUSDT,88.18676953,36.58854188,1379.627942,1478.674242,1539.9122,780226.1276,1175.298083,1369.363,1563.427917,0.2834382366,33.31122519,11.34963811,26.08628047,-0.2863499162,110.8757078,0.3620363023,780226.1276,Bear Trend,False,True
2022-10-03 00:00:00+00:00,1276.72,1329.9,1263.04,1323.09,483775.2435,ETHUSDT,86.66342885,41.90622192,1374.243376,1472.572899,1527.6678,747687.4035,1186.357397,1356.7975,1527.237603,0.2512388221,33.47352826,11.71077512,24.64875805,-0.260430408,110.3458715,0.3620363023,747687.4035,Bear Trend,False,True
2022-10-04 00:00:00+00:00,1323.1,1369.55,1318.66,1361.49,476207.6702,ETHUSDT,84.10818393,45.9486285,1373.028769,1468.216707,1516.9164,733269.6601,1231.468738,1342.9525,1454.436262,0.1660278564,32.76956611,14.57191903,23.58348436,-0.2389659027,109.7520474,0.3620363023,733269.6601,Bear Trend,False,True
2022-10-05 00:00:00+00:00,1361.5,1364.77,1316.29,1352.2,483508.7782,ETHUSDT,81.56331365,45.13044788,1371.045076,1463.667032,1506.427,690670.1087,1242.421395,1336.925,1431.428605,0.1413745793,32.14670558,13.95325272,22.78977377,-0.2441587479,109.1813654,0.3620363023,690670.1087,Bear Trend,False,True
2022-10-06 00:00:00+00:00,1352.2,1383.99,1345.01,1352.06,573975.324,ETHUSDT,78.52164839,45.11740968,1369.236974,1459.290286,1496.7832,684689.0128,1248.994244,1332.833,1416.671756,0.1258053421,31.15175949,15.20686716,21.98167507,-0.2442370039,108.6242917,0.3620363023,684689.0128,Bear Trend,False,True
2022-10-07 00:00:00+00:00,1352.07,1361.75,1317.26,1331.1,491999.8776,ETHUSDT,76.09081636,43.10939003,1365.604881,1454.263216,1486.4774,688219.438,1269.903612,1325.9465,1381.989388,0.08453265341,30.62581693,14.5717675,23.66860221,-0.2559530464,108.0121994,0.3620363023,688219.438,Bear Trend,False,True
2022-10-08 00:00:00+00:00,1331.1,1337.35,1303.51,1315.48,203391.6612,ETHUSDT,73.07290091,41.62267338,1360.831083,1448.820737,1480.6068,658183.3476,1268.919812,1324.995,1381.070188,0.08464211249,30.32837895,14.08975511,24.22973899,-0.2646841811,107.3378042,0.3620363023,658183.3476,Bear Trend,False,True
2022-10-09 00:00:00+00:00,1315.48,1329,1307.26,1323.13,186201.9185,ETHUSDT,69.40626513,42.66555975,1357.240504,1443.891688,1475.5486,618750.6836,1271.388816,1322.3525,1373.316184,0.07708033052,30.05218653,13.77451877,23.6876363,-0.2604080492,106.4657706,0.3620363023,618750.6836,Bear Trend,False,True
2022-10-10 00:00:00+00:00,1323.13,1338,1288,1290.03,393663.0114,ETHUSDT,68.02010333,39.3869036,1350.839503,1437.857896,1468.9866,605532.4769,1267.836382,1320.7075,1373.578618,0.08006484038,30.0788877,13.05128097,24.46641676,-0.2789100056,105.606406,0.3620363023,605532.4769,Bear Trend,False,True
2022-10-11 00:00:00+00:00,1290.03,1298,1267.01,1280.11,429430.3941,ETHUSDT,65.37509595,38.43367149,1344.10336,1431.671704,1462.0956,567390.6597,1277.810382,1322.424,1367.037618,0.06747248731,30.39939511,12.60937045,25.93135397,-0.2820471116,104.7124008,0.3149528701,567390.6597,Bear Trend,False,True
2022-10-12 00:00:00+00:00,1280.11,1306.87,1275.25,1294.44,369712.5759,ETHUSDT,62.96401767,40.66754383,1339.373516,1426.290069,1454.6762,540662.1749,1274.633335,1320.823,1367.012665,0.06994073345,30.44358319,13.16330554,25.00117484,-0.2647357868,103.832396,0.2673385294,540662.1749,Bear Trend,False,True
2022-10-13 00:00:00+00:00,1294.44,1301.58,1190,1287.08,945618.3163,ETHUSDT,66.43658784,39.86743385,1334.393181,1420.830851,1447.2866,539240.4725,1270.473983,1318.8145,1367.155017,0.0733090468,31.54097863,11.58418253,31.16749405,-0.2224021266,103.000463,0.2086333393,539240.4725,Bear Trend,False,True
2022-10-14 00:00:00+00:00,1287.08,1343.12,1283.39,1296.27,669742.8093,ETHUSDT,65.95754585,41.41729761,1330.762402,1415.946111,1439.3098,546849.7454,1268.440601,1317.7715,1367.102399,0.07487018613,31.50678513,15.33343055,29.15144137,-0.2168499275,102.1322037,0.1537012178,546849.7454,Bear Trend,False,True
2022-10-15 00:00:00+00:00,1296.26,1301.69,1263.64,1274.92,287100.9529,ETHUSDT,63.96414972,38.90833883,1325.444078,1410.415676,1434.6446,535428.101,1264.922746,1316.786,1368.649254,0.07877248725,31.71744467,14.68190819,30.11826381,-0.1405130279,101.2974511,0.1335899607,535428.101,Bear Trend,False,True
2022-10-16 00:00:00+00:00,1274.93,1315.35,1274.67,1305.95,293321.3632,ETHUSDT,62.30099617,44.19913775,1323.587499,1406.318982,1430.9424,510135.8475,1264.00122,1315.275,1366.54878,0.07796663091,31.57335094,15.56327448,28.71355001,-0.1152879489,100.4032641,0.1052237273,510135.8475,Bear Trend,False,True
2022-10-17 00:00:00+00:00,1305.96,1338.57,1295.64,1331.4,459848.4941,ETHUSDT,60.91735358,48.16428322,1324.331547,1403.380983,1429.0352,490099.0275,1263.981369,1315.444,1366.906631,0.07824374319,30.87615632,17.5025162,27.26818108,-0.09405768799,99.55129283,0.08458738295,490099.0275,Bear Trend,False,True
2022-10-18 00:00:00+00:00,1331.39,1341.73,1286.72,1310.71,572728.9189,ETHUSDT,60.49539976,45.34337202,1323.034257,1399.746827,1424.2134,472769.7278,1263.610069,1314.1195,1364.628931,0.07687189998,30.36581924,16.36569609,26.55027213,-0.06969266804,98.53324811,0.08229874689,472769.7278,Bear Trend,False,True
2022-10-19 00:00:00+00:00,1310.71,1313.5,1280.31,1285.09,368637.5105,ETHUSDT,58.54501406,42.05847924,1319.420518,1395.250481,1419.4234,452672.0189,1260.58912,1311.589,1362.58888,0.07776808065,29.99347082,15.7029857,26.25720883,-0.08787706722,97.46861134,0.07941866381,452672.0189,Bear Trend,False,True
2022-10-20 00:00:00+00:00,1285.09,1310.87,1270.36,1282.57,428531.6103,ETHUSDT,57.25679877,41.73818653,1315.910945,1390.831638,1413.9928,437060.9188,1257.421923,1309.2815,1361.141077,0.07921837594,29.80925658,14.90940813,26.17153026,-0.08966569664,96.42803196,0.0789954316,437060.9188,Bear Trend,False,True
2022-10-21 00:00:00+00:00,1282.57,1306.97,1252.65,1299.75,468076.7986,ETHUSDT,57.04702743,44.82320161,1314.371807,1387.259809,1408.2646,447860.6635,1256.671063,1308.6795,1360.687937,0.07948231298,29.92204344,13.89535874,26.60896694,-0.07160714286,95.40763682,0.0789954316,447860.6635,Bear Trend,False,True
2022-10-22 00:00:00+00:00,1299.76,1320.2,1294.32,1313.61,221776.7007,ETHUSDT,54.82081118,47.24992956,1314.299254,1384.371582,1403.0298,440362.4965,1260.605578,1310.524,1360.442422,0.07618085836,29.63086815,15.15060169,25.71170594,-0.06170714286,94.35723419,0.07850811522,440362.4965,Bear Trend,False,True
2022-10-23 00:00:00+00:00,1313.62,1371.55,1299.44,1364.2,432269.46,ETHUSDT,56.05575324,55.02526815,1319.051706,1383.580539,1399.1646,437787.2073,1257.628702,1312.5795,1367.530298,0.08372947797,28.01305196,20.30171067,23.34917144,-0.02557142857,93.36150317,0.07850811522,437787.2073,Bear Trend,False,True
2022-10-24 00:00:00+00:00,1364.19,1370.6,1324.17,1343.61,611830.797,ETHUSDT,55.36819944,51.68604157,1321.390591,1382.013067,1394.4512,444568.3636,1259.431081,1311.6855,1363.939919,0.07967522483,26.51079406,19.08568461,21.95060945,-0.04027857143,92.41083628,0.07850811522,444568.3636,Bear Trend,False,True
2022-10-25 00:00:00+00:00,1343.61,1525.16,1334.94,1459.74,1127932.901,ETHUSDT,65.00047091,64.69828739,1334.566725,1385.061182,1391.29,476789.5698,1235.38865,1317.0625,1398.73635,0.1240242587,26.74348939,32.08066857,17.36224167,-0.04289386032,91.49309797,0.07850811522,476789.5698,Bull Trend,False,True
2022-10-26 00:00:00+00:00,1459.74,1594.99,1457.44,1566.1,1236044.702,ETHUSDT,70.18258013,72.10768344,1356.617514,1392.160744,1391.4318,509893.0387,1192.223153,1327.7645,1463.305847,0.2041647407,27.67795194,34.69660468,14.93166667,-0.01811296623,90.72025764,0.07850811522,509893.0387,Bull Trend,False,True
2022-10-27 00:00:00+00:00,1566.11,1578.58,1503.2,1514.05,869454.4851,ETHUSDT,70.5538244,64.92590304,1371.611084,1396.940714,1389.1128,528765.7691,1178.87725,1336.912,1494.94675,0.2364175803,28.54566716,32.04874775,13.79216275,-0.05074639966,89.98878686,0.07850811522,528765.7691,Bull Trend,False,True
2022-10-28 00:00:00+00:00,1514.04,1574.9,1479.82,1554.41,858954.4425,ETHUSDT,72.30569409,67.61902262,1389.020504,1403.11598,1387.4936,561543.9081,1165.08332,1348.8585,1532.63368,0.2724899308,28.8252825,29.03851759,14.80634998,-0.02544216578,89.25857589,0.07850811522,561543.9081,Bull Trend,False,True
2022-10-29 00:00:00+00:00,1554.4,1663.06,1547.66,1619.55,914161.0846,ETHUSDT,75.3838588,71.43173687,1410.975694,1411.603589,1385.52,597941.8664,1145.924925,1363.6795,1581.434075,0.3193632743,29.93504613,34.21673398,13.18734786,-0.0261626159,88.5601419,0.0789954316,597941.8664,Bull Trend,False,True
2022-10-30 00:00:00+00:00,1619.55,1640.06,1576.56,1590.44,476036.4243,ETHUSDT,74.53501174,67.6010481,1428.067533,1418.616782,1381.8464,602060.5371,1142.662273,1378.7,1614.737727,0.3424062184,30.96554092,32.1345269,12.38485195,-0.04366649429,87.87386986,0.0789954316,602060.5371,Bull Trend,False,True
2022-10-31 00:00:00+00:00,1590.45,1635.8,1545.43,1572.69,810334.2414,ETHUSDT,75.66608233,65.30146342,1441.841101,1424.658869,1377.978,621105.7294,1147.483105,1393.329,1639.174895,0.3528899424,31.22838094,29.39316162,14.2669756,-0.05433959087,87.24154582,0.07935034446,621105.7294,Bull Trend,False,True
2022-11-01 00:00:00+00:00,1572.69,1612.92,1563.69,1578.48,527539.2965,ETHUSDT,73.77779074,65.71120785,1454.85433,1430.69107,1375.2202,628997.0655,1153.495985,1407.531,1661.566015,0.3609654278,31.47244667,27.9922122,13.58697692,-0.05085805683,86.5896735,0.0795787689,628997.0655,Bull Trend,False,True
2022-11-02 00:00:00+00:00,1578.47,1621.68,1502.32,1518.34,981395.3648,ETHUSDT,77.03366283,58.04413198,1460.900584,1434.128283,1374.099,630785.9179,1166.996767,1419.094,1671.191233,0.3552932129,30.41642439,24.89416915,17.77369799,-0.08702031196,86.06880397,0.0817023514,630785.9179,Bull Trend,False,True
2022-11-03 00:00:00+00:00,1518.33,1559.01,1515.17,1531.01,560202.8813,ETHUSDT,74.66268691,59.12614815,1467.577671,1437.927566,1371.9514,625308.9215,1180.851246,1430.831,1680.810754,0.3494189801,29.43583227,23.85008253,17.02825113,-0.07940182555,85.5861394,0.1038768683,625308.9215,Bull Trend,False,True
2022-11-04 00:00:00+00:00,1531.01,1680,1528.4,1644.78,935531.4781,ETHUSDT,80.15820927,67.28492098,1484.454084,1446.039426,1375.392,657730.4477,1193.560241,1449.324,1705.087759,0.3529421425,29.91587144,31.40953239,14.72790491,-0.02096428571,85.22862944,0.1640944997,657730.4477,Bull Trend,False,True
2022-11-05 00:00:00+00:00,1644.78,1666.97,1621.42,1626.98,351385.5362,ETHUSDT,77.68619433,65.09560782,1498.02798,1453.135135,1379.2536,660633.6564,1207.333628,1465.3755,1723.417372,0.3521853234,30.3616221,30.09407141,14.1110863,-0.03155952381,84.79326305,0.2202911605,660633.6564,Bull Trend,False,True
2022-11-06 00:00:00+00:00,1626.98,1639.02,1564.39,1568.29,414863.9525,ETHUSDT,77.46789473,58.35363709,1504.719601,1457.651012,1381.2428,658384.4293,1223.147508,1477.22,1731.292492,0.3439873434,29.67388668,28.02324069,18.39847496,-0.06649404762,84.27922045,0.2544537555,658384.4293,Bull Trend,False,True
2022-11-07 00:00:00+00:00,1568.25,1608.04,1545.03,1568.1,642409.4494,ETHUSDT,76.43518796,58.33257408,1510.75583,1461.982345,1385.9146,661868.4558,1245.14654,1490.0895,1735.03246,0.3287627492,28.69235278,26.37315513,19.12431128,-0.06660714286,83.79535947,0.2959266025,661868.4558,Bull Trend,False,True
2022-11-08 00:00:00+00:00,1568.09,1579.98,1233,1334.77,2339916.509,ETHUSDT,95.7598174,39.48409201,1493.995274,1456.993625,1385.0904,760432.4058,1255.10299,1492.5735,1730.04401,0.3182027687,28.88639152,19.54732954,37.44936,-0.2054940476,83.62148855,0.3187830215,760432.4058,Bear Trend,False,True
2022-11-09 00:00:00+00:00,1334.78,1337.16,1073.53,1102.73,2494797.936,ETHUSDT,107.7505447,29.33324455,1456.731915,1443.100934,1380.6864,863745.722,1204.934562,1483.5815,1762.228438,0.37564089,29.96564234,16.13119667,41.47600535,-0.3436130952,83.67510842,0.3240630117,863745.722,Crash/Capitulation,False,True
2022-11-10 00:00:00+00:00,1102.73,1350,1085.93,1299.28,1975955.677,ETHUSDT,118.9162201,42.75758528,1441.736495,1437.460898,1381.7564,939139.666,1204.84898,1483.558,1762.26702,0.375730535,30.80670534,14.34376473,34.89720275,-0.2266190476,83.95724353,0.3355844838,939139.666,Bear Trend,False,True
2022-11-11 00:00:00+00:00,1299.28,1310,1201.26,1289.28,1308087.15,ETHUSDT,118.1893472,42.31712615,1427.216828,1431.649882,1381.0128,993455.1884,1200.481389,1482.3415,1764.201611,0.3802903869,31.58769241,13.40112419,32.60383566,-0.2325714286,84.24153566,0.3431967809,993455.1884,Bear Trend,False,True
2022-11-12 00:00:00+00:00,1289.35,1292.16,1238.7,1257.25,547772.9172,ETHUSDT,113.5658224,40.86506062,1411.029511,1424.810671,1379.6128,999230.3613,1182.592075,1476.994,1771.395925,0.3986501293,32.3128947,12.95052075,31.50755447,-0.2516369048,84.33110454,0.3467031618,999230.3613,Bear Trend,False,True
2022-11-13 00:00:00+00:00,1257.25,1274.23,1200.66,1221.49,547410.5304,ETHUSDT,110.708978,39.24590121,1392.978129,1416.837311,1377.7,996009.348,1161.014541,1470.888,1780.761459,0.4213420182,33.21426264,12.33580108,32.46630316,-0.272922619,84.38920422,0.3508021518,996009.348,Bear Trend,False,True
2022-11-14 00:00:00+00:00,1221.5,1291.2,1171.13,1243.28,934742.0059,ETHUSDT,111.3776224,40.78550819,1378.721165,1410.031142,1376.673,986349.8032,1134.658737,1460.065,1785.471263,0.4457421598,34.22349837,11.38590545,31.86010994,-0.259952381,84.35133249,0.3525376329,986349.8032,Bear Trend,False,True
2022-11-15 00:00:00+00:00,1243.29,1291,1234.01,1253.23,632825.568,ETHUSDT,107.4927922,41.51435144,1366.769625,1403.882078,1375.0142,956188.8465,1110.928143,1444.4215,1777.914857,0.4617673675,35.16064584,10.95472521,30.65357877,-0.2540297619,84.29135636,0.3529160424,956188.8465,Bear Trend,False,True
2022-11-16 00:00:00+00:00,1253.22,1268.67,1187.06,1216.17,673339.7215,ETHUSDT,105.6440214,39.56117135,1352.426804,1396.52082,1372.7772,946383.1083,1083.434134,1429.5275,1775.620866,0.4842066569,36.31187068,10.35025917,32.13656543,-0.2760892857,84.25304519,0.3541176777,946383.1083,Bear Trend,False,True
2022-11-17 00:00:00+00:00,1216.16,1228.22,1181.05,1200.43,530537.3488,ETHUSDT,101.4673055,38.72777692,1337.950918,1388.830984,1370.0418,929962.2536,1056.996702,1411.8285,1766.660298,0.5026556663,37.41634493,10.0065723,31.49252842,-0.2854583333,84.10210148,0.3581293203,929962.2536,Bear Trend,False,True
2022-11-18 00:00:00+00:00,1200.42,1234,1199.18,1212.58,360218.5337,ETHUSDT,96.70678372,39.78231375,1326.01083,1381.91918,1367.5794,902265.1261,1039.969392,1391.48,1742.990608,0.5052327133,38.32865453,10.17613579,30.68259127,-0.2782261905,83.86845138,0.3683031589,902265.1261,Bear Trend,False,True
2022-11-19 00:00:00+00:00,1212.58,1235,1197.67,1217.67,209789.5888,ETHUSDT,92.46558489,40.24628303,1315.692656,1375.478036,1365.3584,888952.7843,1026.00566,1372.8415,1719.67734,0.5052816944,39.18622754,9.882686729,29.9144436,-0.2751964286,83.61013342,0.3756857125,888952.7843,Bear Trend,False,True
2022-11-20 00:00:00+00:00,1217.67,1227.07,1132.65,1142.21,531108.7607,ETHUSDT,92.60518597,35.83779068,1299.170498,1366.33027,1361.9668,874991.5103,1003.334365,1351.3175,1699.300635,0.5150279418,40.40701886,9.16294666,32.75096959,-0.3201130952,83.25779056,0.3780104609,874991.5103,Bear Trend,False,True
2022-11-21 00:00:00+00:00,1142.21,1146.99,1079.76,1107.34,922647.9454,ETHUSDT,90.79267268,33.98522225,1280.900927,1356.173789,1358.5792,894746.9427,980.6913753,1327.7605,1674.829625,0.522788748,41.83690608,8.678306462,35.1796995,-0.3408690476,82.87641266,0.3894702581,894746.9427,Bear Trend,False,True
2022-11-22 00:00:00+00:00,1107.34,1146.13,1075,1139.6,748884.5791,ETHUSDT,89.38819606,37.21863313,1267.443696,1347.680699,1354.9094,883121.4035,964.0927311,1308.8235,1653.554269,0.5267796138,43.1904144,8.185042278,33.5604924,-0.3216666667,82.49046652,0.4099960738,883121.4035,Bear Trend,False,True
2022-11-23 00:00:00+00:00,1139.59,1190,1127.75,1184.52,636927.1594,ETHUSDT,87.44975349,41.51428983,1259.546201,1341.28224,1351.37,886957.6174,958.5490733,1291.499,1624.448927,0.5156022989,43.49476598,11.35215169,31.85409156,-0.2949285714,82.15523082,0.433542089,886957.6174,Bear Trend,False,True
2022-11-24 00:00:00+00:00,1184.52,1217.71,1180.6,1203.73,486080.6123,ETHUSDT,83.85405681,43.30096965,1254.230372,1335.888035,1348.4006,864485.0741,977.0604723,1269.4465,1561.832528,0.4606512014,43.2149403,13.35369183,30.84715047,-0.2834940476,81.80748814,0.4531966806,864485.0741,Bear Trend,False,True
2022-11-25 00:00:00+00:00,1203.72,1207.77,1171.2,1199.3,391430.1658,ETHUSDT,80.47662418,42.97492794,1248.998908,1330.531641,1345.3454,866487.3055,1005.001699,1248.0625,1491.123301,0.3895010079,43.03768917,12.92025229,30.6802162,-0.2861309524,81.45363184,0.4531966806,866487.3055,Bear Trend,False,True
2022-11-26 00:00:00+00:00,1199.29,1235.66,1196.2,1205.6,379840.8116,ETHUSDT,77.54686531,43.62503271,1244.865679,1325.632361,1342.8354,864736.1485,1035.983175,1229.928,1423.872825,0.3153758994,42.29388396,15.01959739,29.56509207,-0.2823809524,81.05744385,0.4531966806,864736.1485,Bear Trend,False,True
2022-11-27 00:00:00+00:00,1205.61,1223.33,1188.65,1193.88,286386.7986,ETHUSDT,74.48494636,42.65090147,1240.0099,1320.465602,1340.4034,846935.016,1094.589301,1211.217,1327.844699,0.1925793632,41.68271253,14.52009125,29.30586673,-0.2893571429,80.60881691,0.4531966806,846935.016,Bear Trend,False,True
2022-11-28 00:00:00+00:00,1193.88,1199.25,1151.02,1167.77,478795.6093,ETHUSDT,72.60959305,40.48215269,1233.12991,1314.477539,1337.2962,753878.971,1099.679841,1202.867,1306.054159,0.1715686926,41.50070421,13.83117795,31.61722803,-0.3048988095,80.17405618,0.4531966806,753878.971,Bear Trend,False,True
2022-11-29 00:00:00+00:00,1167.77,1228.37,1158.27,1216.49,512143.5861,ETHUSDT,72.4303364,45.9998871,1231.545156,1310.634891,1335.8254,654746.2535,1116.089818,1208.555,1301.020182,0.1530177482,40.69998261,15.74674707,29.43151435,-0.2758988095,79.78256407,0.4531966806,654746.2535,Bear Trend,False,True
2022-11-30 00:00:00+00:00,1216.49,1309.77,1212.5,1294.46,815679.2717,ETHUSDT,74.20459809,53.43929043,1237.537046,1310.000581,1336.1124,596732.4332,1116.775449,1208.314,1299.852551,0.1515145084,38.46167874,22.10784105,26.67580968,-0.2294880952,79.49791664,0.4531966806,596732.4332,Bear Trend,False,True
2022-12-01 00:00:00+00:00,1294.46,1299.9,1262.77,1276.41,430018.7391,ETHUSDT,71.55641251,51.66480441,1241.239232,1308.683303,1335.7518,552829.0127,1118.261528,1207.6705,1297.079472,0.1480684878,36.38325373,21.28844345,25.68710642,-0.2402321429,79.22074402,0.4531966806,552829.0127,Bear Trend,False,True
2022-12-02 00:00:00+00:00,1276.4,1297.18,1265.24,1295.59,371559.585,ETHUSDT,68.72666876,53.43423968,1246.415496,1308.169841,1335.922,544018.3461,1114.54221,1209.5875,1304.63279,0.1571532275,34.45328765,20.58175908,24.83440543,-0.2288154762,78.92179802,0.4531966806,544018.3461,Bear Trend,False,True
2022-12-03 00:00:00+00:00,1295.58,1309,1236.26,1240.51,347148.2588,ETHUSDT,69.01333528,47.99995888,1245.853068,1305.516513,1334.8068,534005.2325,1114.65891,1210.5385,1306.41809,0.1584081633,33.09272871,19.03224782,25.96415122,-0.2616011905,78.67021721,0.4531966806,534005.2325,Bear Trend,False,True
2022-12-04 00:00:00+00:00,1240.5,1287.19,1240.1,1279.41,324129.5466,ETHUSDT,67.44738276,51.73340156,1249.048966,1304.492729,1334.8966,503474.6095,1112.775438,1212.345,1311.914562,0.1642594501,31.82935255,18.08311796,24.66933038,-0.2324936861,78.43495169,0.4250761047,503474.6095,Bear Trend,False,True
2022-12-05 00:00:00+00:00,1279.4,1305.11,1246.61,1259.41,391628.5166,ETHUSDT,66.80828399,49.75546802,1250.035731,1302.724778,1333.9658,491414.7569,1112.541953,1212.654,1312.766047,0.1651123016,30.28013201,18.86802661,23.12636964,-0.231607912,78.23972895,0.3524384537,491414.7569,Bear Trend,False,True
2022-12-06 00:00:00+00:00,1259.41,1274.76,1241.56,1271.32,301631.839,ETHUSDT,64.40769227,50.95794229,1252.062804,1301.493219,1332.7642,472829.3628,1112.077701,1215.4115,1318.745299,0.1700391997,28.92922805,18.17332423,22.83492766,-0.2093977762,78.04501022,0.2539776313,472829.3628,Bear Trend,False,True
2022-12-07 00:00:00+00:00,1271.31,1278.69,1218.01,1231.18,398559.5166,ETHUSDT,64.14142854,46.88531976,1250.073966,1298.735837,1331.1736,466230.4712,1113.637536,1216.949,1320.260464,0.1697876634,28.08116134,16.94528205,23.91443566,-0.2207622881,77.89615235,0.1820740279,466230.4712,Bear Trend,False,True
2022-12-08 00:00:00+00:00,1231.18,1292.58,1222.01,1280.18,406653.5447,ETHUSDT,64.60061222,51.93532346,1252.941207,1298.008158,1331.0754,468552.2218,1113.448809,1220.329,1327.209191,0.1751661899,26.96615107,17.15887074,22.04841871,-0.05171851852,77.81605813,0.1733674413,468552.2218,Bear Trend,False,True
2022-12-09 00:00:00+00:00,1280.18,1296.64,1250,1263.1,406008.0032,ETHUSDT,63.31771134,50.14559803,1253.908711,1296.63921,1330.686,478363.1425,1114.123802,1222.6005,1331.077198,0.177452402,25.83293244,16.71407336,20.88835258,-0.06437037037,77.73768493,0.1733674413,478363.1425,Bear Trend,False,True
2022-12-10 00:00:00+00:00,1263.11,1283.61,1259.6,1266.35,182278.6396,ETHUSDT,60.51001768,50.49518176,1255.093596,1295.451398,1330.018,460921.6364,1125.350437,1228.8075,1332.264563,0.1683861184,24.78065799,16.24035617,20.29632624,-0.03332061069,77.65660029,0.1708039461,460921.6364,Range/Chop,False,True
2022-12-11 00:00:00+00:00,1266.35,1284.75,1255.85,1263.01,180494.902,ETHUSDT,58.25215927,50.10632643,1255.847539,1294.179186,1329.006,423813.9843,1148.590297,1236.591,1324.591703,0.1423279053,23.88533033,15.66484556,20.03690749,-0.03570092459,77.57806932,0.1699134316,423813.9843,Range/Chop,False,True
2022-12-12 00:00:00+00:00,1263,1278.9,1240.03,1275.4,363750.5481,ETHUSDT,56.86771932,51.59546028,1257.709678,1293.442748,1327.23,404557.2827,1166.053875,1243.381,1320.708125,0.1243820279,23.40045476,14.90004745,21.0457216,-0.02624124846,77.41858818,0.1690868909,404557.2827,Range/Chop,False,True
2022-12-13 00:00:00+00:00,1275.41,1349,1255.1,1320.69,659393.8825,ETHUSDT,59.51288223,56.68462,1263.707804,1294.511267,1326.7716,405680.6189,1170.839173,1250.1895,1329.539827,0.1269412791,22.25361083,21.63434637,18.67385427,-0.02098591549,77.31117712,0.16674921,405680.6189,Range/Chop,False,True
2022-12-14 00:00:00+00:00,1320.69,1352.72,1301,1307.44,554465.5717,ETHUSDT,58.95624778,54.86713632,1267.872775,1295.018276,1323.7256,409099.8668,1175.295391,1255.375,1335.454609,0.1275787848,21.26670105,20.72940364,17.50372293,-0.03347329824,77.22771209,0.1646858759,409099.8668,Range/Chop,False,True
2022-12-15 00:00:00+00:00,1307.45,1311.14,1259.27,1266.54,390051.2447,ETHUSDT,58.45008723,49.58238223,1267.745844,1293.901481,1317.7344,409030.9208,1182.818742,1258.737,1334.655258,0.1206260842,20.11054091,19.4154203,21.49379628,-0.06370867585,77.16353027,0.1613338067,409030.9208,Range/Chop,False,True
2022-12-16 00:00:00+00:00,1266.53,1280.06,1155.32,1166.83,751422.2779,ETHUSDT,63.185081,39.57476058,1258.134811,1288.918286,1310.79,427609.9941,1173.893603,1256.7985,1339.703397,0.1319302922,20.73604522,16.67756839,30.21405534,-0.1374194216,77.20132573,0.1577806954,427609.9941,Range/Chop,False,True
2022-12-17 00:00:00+00:00,1166.82,1190.03,1161.92,1187.16,328881.6281,ETHUSDT,60.67971807,42.13908027,1251.375306,1284.927765,1303.445,429734.7356,1172.492702,1256.4625,1340.432298,0.1336606507,21.31687065,16.1257172,29.21428954,-0.122390443,77.2043977,0.1550854878,429734.7356,Range/Chop,False,True
2022-12-18 00:00:00+00:00,1187.16,1199.54,1170.32,1183.06,252260.144,ETHUSDT,58.43259535,41.75423559,1244.869086,1280.932951,1294.7152,418407.9623,1176.277,1257.227,1338.177,0.1287754724,21.61779503,16.71223737,28.17078984,-0.1254213732,77.20252405,0.1522661283,418407.9623,Range/Chop,False,True
2022-12-19 00:00:00+00:00,1183.06,1195,1150.51,1167.82,296832.7228,ETHUSDT,57.43669568,40.2816077,1237.531078,1276.497149,1286.2628,407642.4191,1166.498333,1254.7935,1343.088667,0.1407325864,22.18932376,15.7875828,29.07573839,-0.1366875628,77.20552234,0.1497914981,407642.4191,Range/Chop,False,True
2022-12-20 00:00:00+00:00,1167.82,1230.47,1163.12,1216.94,465184.1943,ETHUSDT,58.14478885,46.79494349,1235.570023,1274.161574,1279.1478,390117.6653,1163.123227,1250.9175,1338.711773,0.1403678063,21.83355082,18.83871767,26.67010457,-0.1003755397,77.22381836,0.1451981966,390117.6653,Range/Chop,False,True
2022-12-21 00:00:00+00:00,1216.95,1223.39,1203.02,1213.78,245723.8377,ETHUSDT,55.44658964,46.44399904,1233.494783,1271.793669,1271.8538,380902.9202,1159.386484,1247.786,1336.185516,0.1416901871,21.50319024,18.34436204,25.97024183,-0.1027115737,77.234248,0.1420090462,380902.9202,Range/Chop,False,True
2022-12-22 00:00:00+00:00,1213.78,1237.99,1182.54,1217.71,336761.6598,ETHUSDT,55.44683324,46.97659421,1231.99147,1269.672741,1265.8412,379163.0239,1157.418362,1243.892,1330.365638,0.1390372129,21.55274152,17.03397562,26.75342464,-0.09980631616,77.22409933,0.1412113868,379163.0239,Range/Chop,False,True
2022-12-23 00:00:00+00:00,1217.72,1231.99,1210,1219.99,278604.2882,ETHUSDT,53.05705944,47.30400551,1230.848473,1267.724398,1259.6208,375735.8254,1155.771494,1242.866,1329.960506,0.1401510798,21.59875342,16.52969761,25.96140965,-0.09812082323,77.18558033,0.1405501963,375735.8254,Range/Chop,False,True
2022-12-24 00:00:00+00:00,1219.98,1227.99,1214.69,1220.41,123701.5301,ETHUSDT,50.21726948,47.36847751,1229.854332,1265.868932,1251.1334,365714.4246,1153.983442,1239.916,1325.848558,0.1386102902,21.64147876,16.21699218,25.47027703,-0.09781033769,76.93919364,0.1402594431,365714.4246,Range/Chop,False,True
2022-12-25 00:00:00+00:00,1220.42,1225,1193.18,1218.51,231652.0612,ETHUSDT,48.9031788,47.08781074,1228.77392,1264.011719,1242.964,357715.6018,1151.944772,1237.871,1323.797228,0.1388290506,22.08822525,15.4632803,27.42827973,-0.09921491513,76.58453695,0.1395941464,357715.6018,Range/Chop,False,True
2022-12-26 00:00:00+00:00,1218.52,1231.09,1211.67,1228.11,162723.0857,ETHUSDT,46.79723746,48.74045223,1228.710689,1262.603808,1236.1604,350770.1641,1151.094107,1235.7105,1320.326893,0.1369518065,22.30348868,15.93446669,26.61526289,-0.09211810279,76.18859384,0.1389331318,350770.1641,Range/Chop,False,True
2022-12-27 00:00:00+00:00,1228.12,1233.73,1200.58,1211.55,262437.6398,ETHUSDT,45.82243478,46.06749912,1227.076338,1260.601698,1229.0294,343964.0703,1149.472203,1234.729,1319.985797,0.1380979904,22.72315975,15.1110591,26.96865191,-0.1043601041,75.74720618,0.1387196704,343964.0703,Range/Chop,False,True
2022-12-28 00:00:00+00:00,1211.55,1215.78,1181.06,1190.15,367828.8914,ETHUSDT,45.02940373,42.80092116,1223.559544,1257.838886,1226.137,342022.8376,1145.540038,1230.2275,1314.914962,0.1376777248,23.48348568,14.27881564,28.57973952,-0.1201800816,75.2412986,0.1383541403,342022.8376,Range/Chop,False,True
2022-12-29 00:00:00+00:00,1190.15,1206.57,1186.77,1200.49,249130.4869,ETHUSDT,43.22730346,44.83629084,1221.362445,1255.58991,1228.0922,334178.9618,1142.874025,1227.097,1311.319975,0.1372719113,24.18950262,13.81164967,27.64468427,-0.1125362233,74.71950346,0.1378878576,334178.9618,Range/Chop,False,True
2022-12-30 00:00:00+00:00,1200.48,1202.15,1181.08,1199.99,266014.2115,ETHUSDT,41.64463893,44.75336038,1219.326974,1253.409522,1226.1064,338365.7404,1140.78339,1223.779,1306.77461,0.1356382328,24.95856386,13.31250901,27.62157463,-0.112905849,74.1524794,0.1374748181,338365.7404,Range/Chop,False,True
2022-12-31 00:00:00+00:00,1199.98,1208.46,1191.66,1196.13,139379.2811,ETHUSDT,39.87002186,44.07558705,1217.117738,1251.163266,1224.2434,336309.9594,1138.651009,1220.435,1302.218991,0.134024329,25.40581338,14.04229085,26.79022596,-0.1157593589,73.58734992,0.1371118589,336309.9594,Bear Trend,False,True
2023-01-01 00:00:00+00:00,1196.13,1204.67,1190.57,1200.34,117762.0685,ETHUSDT,38.02930601,45.05300928,1215.519858,1249.170197,1223.1052,324010.5354,1138.523106,1216.682,1294.840894,0.1284787544,25.84628942,13.67040415,26.28546075,-0.112647111,72.93727731,0.1371118589,324010.5354,Bear Trend,False,True
2023-01-02 00:00:00+00:00,1200.33,1224.29,1193,1214,252794.14,ETHUSDT,37.54792701,48.21553152,1215.37511,1247.790973,1222.9554,303680.5483,1149.437154,1211.3475,1273.257846,0.1022173177,25.40618537,16.58906072,24.72084695,-0.1025489384,72.31869798,0.1371118589,303680.5483,Bear Trend,False,True
2023-01-03 00:00:00+00:00,1213.99,1219.89,1204.93,1214.55,205519.4944,ETHUSDT,35.93450365,48.34444649,1215.296528,1246.487406,1222.3808,286233.2444,1163.092188,1206.703,1250.313812,0.07228093741,24.99751732,16.09575778,23.98573201,-0.1021423502,71.58163622,0.1371118589,286233.2444,Range/Chop,False,True
2023-01-04 00:00:00+00:00,1214.56,1272.6,1212.71,1256.9,457799.6648,ETHUSDT,37.64561054,57.18324113,1219.258763,1246.895743,1222.4542,289620.6654,1165.125647,1206.221,1247.316353,0.06813901177,23.68386718,24.26788312,21.2601145,-0.07083505825,70.91429315,0.1371118589,289620.6654,Range/Chop,False,True
2023-01-05 00:00:00+00:00,1256.91,1259.95,1242.81,1251.24,272805.33,ETHUSDT,36.18092407,55.80879918,1222.304595,1247.066106,1223.1556,265689.818,1169.058055,1210.4415,1251.824945,0.06837743856,22.46404919,23.44670943,20.54071733,-0.07501922053,70.22617698,0.1371118589,265689.818,Range/Chop,False,True
2023-01-06 00:00:00+00:00,1251.25,1276.7,1236,1269.14,342344.2023,ETHUSDT,36.50371521,59.15262089,1226.76511,1247.931749,1224.5298,266362.9467,1167.359154,1214.5405,1261.721846,0.07769415032,21.83098493,24.85697475,18.90486193,-0.06178662251,69.56065243,0.1371118589,266362.9467,Range/Chop,False,True
2023-01-07 00:00:00+00:00,1269.13,1271.09,1261.3,1264.07,129474.2884,ETHUSDT,34.59559269,57.81814397,1230.317957,1248.564621,1225.5596,260223.6539,1169.06441,1218.591,1268.11759,0.08128500865,21.24313954,24.35453712,18.52273522,-0.06553462653,68.54124869,0.1371118589,260223.6539,Range/Chop,False,True
2023-01-08 00:00:00+00:00,1264.06,1296,1257.77,1290.16,213636.7848,ETHUSDT,34.85519321,62.50576387,1236.017199,1250.195813,1227.0094,256063.857,1171.678783,1224.708,1277.737217,0.08659895534,21.40327655,27.55128569,17.07157994,-0.04624756047,67.32632616,0.1362950196,256063.857,Range/Chop,False,True
2023-01-09 00:00:00+00:00,1290.15,1344.91,1285.44,1320.39,581727.6968,ETHUSDT,36.6133937,67.07183789,1244.052704,1252.948526,1230.573,261891.0322,1162.619668,1229.8805,1297.141332,0.1093778323,22.61651578,33.89659252,15.09094866,-0.02389999409,65.95461239,0.1348312809,261891.0322,Range/Chop,False,True
2023-01-10 00:00:00+00:00,1320.4,1347.69,1316.8,1335.62,459660.2307,ETHUSDT,36.20457986,69.11266104,1252.773399,1256.190544,1235.1386,272587.8518,1154.979335,1235.9725,1316.965665,0.1310598171,23.79494656,32.37929091,14.17125562,-0.012641197,64.5881996,0.132542073,272587.8518,Range/Chop,False,True
2023-01-11 00:00:00+00:00,1335.63,1398,1321.04,1389.39,472465.9556,ETHUSDT,39.1156813,75.00311305,1265.784504,1261.414053,1240.1344,279373.0666,1140.125496,1244.5565,1348.987504,0.1678204309,25.70135108,37.01588547,12.17969075,-0.006158798283,63.34736391,0.132542073,279373.0666,Bull Trend,False,True
2023-01-12 00:00:00+00:00,1389.4,1438,1361.92,1415.92,877712.4492,ETHUSDT,41.75598978,77.30305768,1280.083122,1267.473109,1244.7624,309328.4747,1126.782093,1254.353,1381.923907,0.2034051126,27.95914885,39.0409695,10.59457878,-0.01535465925,62.19814744,0.132542073,309328.4747,Bull Trend,False,True
2023-01-13 00:00:00+00:00,1415.91,1464,1401.03,1451.2,499377.8649,ETHUSDT,43.27127622,79.94557411,1296.379968,1274.678085,1249.7118,328112.2914,1113.376865,1265.8925,1418.408135,0.2409614317,30.32402644,39.27469457,9.493319327,-0.008743169399,61.06304167,0.132542073,328112.2914,Bull Trend,False,True
2023-01-14 00:00:00+00:00,1451.21,1599.98,1449.14,1549.9,940691.7774,ETHUSDT,50.95475649,85.1533481,1320.524733,1285.471102,1256.7238,363564.2772,1087.921883,1282.462,1477.002117,0.3033853904,33.44158892,50.0318637,7.485975129,-0.03130039125,60.12074108,0.132542073,363564.2772,Bull Trend,False,True
2023-01-15 00:00:00+00:00,1549.91,1566.66,1516.03,1552.52,387832.7138,ETHUSDT,50.9315596,85.26275058,1342.61952,1295.943607,1263.6622,374819.7586,1073.318627,1298.6825,1524.046373,0.3470653888,36.33646837,46.47931863,6.954428588,-0.02966287079,59.20886671,0.132542073,374819.7586,Bull Trend,False,True
2023-01-16 00:00:00+00:00,1552.52,1604.5,1521.31,1576.94,574622.8953,ETHUSDT,53.23573392,86.27772216,1364.935756,1306.963074,1271.3234,390429.0214,1065.117114,1316.952,1568.786886,0.3824511231,39.20421881,46.36847133,6.178179157,-0.01717669056,58.40500719,0.132542073,390429.0214,Bull Trend,False,True
2023-01-17 00:00:00+00:00,1576.94,1609,1541.15,1565.57,506771.7219,ETHUSDT,54.27961006,83.39773088,1384.04378,1317.104522,1279.2794,397376.1629,1068.96873,1335.723,1602.47727,0.3994155521,41.88766031,42.82057136,5.626552055,-0.02699192045,57.69788763,0.132542073,397376.1629,Bull Trend,False,True
2023-01-18 00:00:00+00:00,1565.56,1610,1501.39,1511.43,752534.8857,ETHUSDT,58.1603522,71.20872749,1396.175801,1324.725129,1285.1782,422546.3829,1081.625789,1351.27,1620.914211,0.3990974585,43.06389405,37.10884743,9.759092589,-0.06122360248,57.12613375,0.132542073,422546.3829,Bull Trend,False,True
2023-01-19 00:00:00+00:00,1511.44,1564.43,1509.15,1551.09,308679.4645,ETHUSDT,57.95461276,74.18519996,1410.929534,1333.602183,1290.3108,424679.6455,1095.176014,1368.825,1642.473986,0.3998304908,44.15611109,34.58054247,9.094184788,-0.03659006211,56.54862419,0.132542073,424679.6455,Bull Trend,False,True
2023-01-20 00:00:00+00:00,1551.09,1669.9,1542.02,1658.52,440570.9974,ETHUSDT,62.94928328,80.16652468,1434.509578,1346.344058,1297.953,439739.2313,1102.867264,1391.9445,1681.021736,0.4153574167,45.89234216,41.5304006,7.774568775,-0.006814779328,56.0845677,0.149440124,439739.2313,Bull Trend,False,True
2023-01-21 00:00:00+00:00,1658.53,1679.26,1616.21,1626.66,494248.6009,ETHUSDT,62.95647733,74.64292562,1452.809618,1357.33684,1304.5744,458563.5579,1120.986695,1413.2605,1705.534305,0.4136163222,47.55562826,39.62149483,7.21841749,-0.03132332099,55.64403906,0.1856127717,458563.5579,Bull Trend,False,True
2023-01-22 00:00:00+00:00,1626.65,1663.89,1604,1627.44,431729.6909,ETHUSDT,62.73744323,74.6889061,1469.441083,1367.929121,1312.313,467510.3355,1142.47363,1433.9325,1725.39137,0.4065168624,48.72710223,36.91983716,8.116364935,-0.03085883068,55.23216722,0.2221832721,467510.3355,Bull Trend,False,True
2023-01-23 00:00:00+00:00,1627.43,1648.09,1585.29,1626.29,407267.1156,ETHUSDT,62.74191157,74.47448388,1484.379075,1378.06092,1319.2506,477597.7165,1169.866167,1454.5195,1739.172833,0.3914053174,49.24727027,34.2802644,9.666129049,-0.03154365613,54.88029813,0.272173411,477597.7165,Bull Trend,False,True
2023-01-24 00:00:00+00:00,1626.28,1641.46,1535,1555.97,462275.3243,ETHUSDT,65.86463218,62.63353908,1491.197259,1385.037747,1325.1818,477821.4995,1196.744492,1469.473,1742.201508,0.3711922679,48.35920879,30.32249653,14.0039697,-0.07341924419,54.63676493,0.3252253896,477821.4995,Bull Trend,False,True
2023-01-25 00:00:00+00:00,1555.97,1641,1518,1611.94,646474.9166,ETHUSDT,69.94572988,67.11516542,1502.696567,1393.935874,1331.9942,496504.9788,1227.481011,1487.508,1747.534989,0.3496142388,47.11562796,26.51376094,13.98100468,-0.04008908686,54.51007934,0.3483398138,496504.9788,Bull Trend,False,True
2023-01-26 00:00:00+00:00,1611.95,1632.84,1577.43,1601.09,532777.8466,ETHUSDT,68.90746346,65.47573432,1512.06737,1402.059565,1339.3924,506026.6611,1260.065781,1504.1055,1748.145219,0.32449814,45.96087433,24.99088268,13.17797382,-0.04655026619,54.4171213,0.3483398138,506026.6611,Bull Trend,False,True
2023-01-27 00:00:00+00:00,1601.08,1621,1552.54,1597.62,512093.3875,ETHUSDT,68.87550178,64.92947505,1520.21524,1409.728602,1345.7412,525157.616,1300.173816,1520.783,1741.392184,0.2901257898,44.25391043,23.21658829,14.8236304,-0.04861665257,54.35488644,0.3483398138,525157.616,Bull Trend,False,True
2023-01-28 00:00:00+00:00,1597.61,1606.83,1555.99,1572.1,313675.6574,ETHUSDT,67.58725166,60.90501716,1525.156646,1416.096108,1351.9212,530159.5596,1340.553461,1534.88,1729.206539,0.2532139834,42.66887252,21.96917284,14.02716429,-0.06381382276,54.27416836,0.3483398138,530159.5596,Bull Trend,False,True
2023-01-29 00:00:00+00:00,1572.1,1660,1566.33,1644.72,551767.9134,ETHUSDT,69.45030511,67.14552925,1536.543632,1425.061751,1359.4886,528661.5705,1378.114774,1551.0965,1724.078226,0.2230444411,41.99822966,25.32115603,12.67581316,-0.02056858378,54.19493015,0.3483398138,528661.5705,Bull Trend,False,True
2023-01-30 00:00:00+00:00,1644.73,1647.53,1535,1566.2,595055.3281,ETHUSDT,72.52742617,56.62135173,1539.368048,1430.596584,1365.5524,535431.3254,1420.672674,1562.6255,1704.578326,0.1816850247,40.57882438,22.51493712,14.35654754,-0.06732727511,54.21111371,0.3483398138,535431.3254,Bull Trend,False,True
2023-01-31 00:00:00+00:00,1566.21,1605.18,1561.63,1585.33,348856.6751,ETHUSDT,70.45761002,58.3347731,1543.745377,1436.664561,1371.751,529250.8613,1454.661423,1572.4225,1690.183577,0.1497829965,39.26080518,21.5208992,13.72270377,-0.05593535248,54.23996273,0.3483398138,529250.8613,Bull Trend,False,True
2023-02-01 00:00:00+00:00,1585.32,1647.77,1555.18,1641.68,474617.1709,ETHUSDT,72.03849502,62.97412321,1553.072484,1444.704382,1378.1708,509096.0974,1486.660465,1583.7105,1680.760535,0.1225603223,38.68526064,23.76809053,12.46287621,-0.02237890499,54.29038206,0.3483398138,509096.0974,Bull Trend,False,True
2023-02-02 00:00:00+00:00,1641.67,1714.68,1626.85,1643.12,629188.8874,ETHUSDT,73.16645966,63.08723639,1561.648438,1452.485387,1384.8844,515586.6485,1514.284556,1593.3065,1672.328444,0.09919239469,38.9602528,28.26219561,11.39426165,-0.04173373457,54.3857,0.3483398138,515586.6485,Bull Trend,False,True
2023-02-03 00:00:00+00:00,1643.12,1676,1625.93,1663.52,464815.032,ETHUSDT,71.51671254,64.73105065,1571.350491,1460.761254,1392.824,491792.8113,1516.984239,1598.9875,1680.990761,0.102568983,39.19083105,26.8488515,10.91634071,-0.02983647095,54.46417381,0.3483398138,491792.8113,Bull Trend,False,True
2023-02-04 00:00:00+00:00,1663.52,1695.29,1645.43,1666.38,308227.1295,ETHUSDT,69.9698045,64.96659844,1580.400921,1468.824734,1402.815,487812.5321,1520.588896,1604.6805,1688.772104,0.1048079094,39.61999423,27.45147499,10.36070434,-0.02816852124,54.55687568,0.3370561894,487812.5321,Bull Trend,False,True
2023-02-05 00:00:00+00:00,1666.39,1673.81,1609.3,1629.02,413579.6748,ETHUSDT,69.57981846,59.38699441,1585.031309,1475.106902,1411.6522,479760.371,1523.565626,1607.2845,1691.003374,0.1041743061,39.03259224,25.63352723,13.38357488,-0.04995684326,54.64751552,0.3073119649,479760.371,Bull Trend,False,True
2023-02-06 00:00:00+00:00,1629.01,1658.56,1605.01,1614.29,384119.4197,ETHUSDT,68.43483143,57.29755443,1587.817851,1480.565062,1420.2768,473627.7559,1528.191923,1609.7205,1691.249077,0.1012953211,38.37443203,24.20080299,13.08329918,-0.05854736744,54.71141917,0.2716698866,473627.7559,Bull Trend,False,True
2023-02-07 00:00:00+00:00,1614.28,1678.37,1613.14,1671.03,451922.4,ETHUSDT,68.2059149,62.73626781,1595.742818,1488.034275,1430.341,458597.1316,1545.508022,1617.7005,1689.892978,0.0892532055,38.04579955,24.62219671,12.18955222,-0.02545664497,54.79288923,0.2381292123,458597.1316,Bull Trend,False,True
2023-02-08 00:00:00+00:00,1671.03,1697.91,1630.47,1650.43,417966.2539,ETHUSDT,68.15120669,59.76036177,1600.951121,1494.402735,1439.0108,464061.4711,1556.034762,1622.6675,1689.300238,0.08212740794,38.00783405,24.92978906,11.32795612,-0.03747054844,54.92024238,0.2023647329,464061.4711,Bull Trend,False,True
2023-02-09 00:00:00+00:00,1650.42,1656.17,1524.4,1545.35,658011.6964,ETHUSDT,72.69540622,47.40710436,1595.655776,1496.400667,1445.6422,474933.5061,1544.54959,1617.009,1689.46841,0.08962152944,35.53433028,21.70203715,20.28343968,-0.09875312012,55.16096316,0.1657340106,474933.5061,Bull Trend,False,True
2023-02-10 00:00:00+00:00,1545.35,1555.01,1490,1513.06,484654.2199,ETHUSDT,72.14644863,44.37176246,1587.789511,1497.053974,1451.5492,474453.787,1526.101264,1611.329,1696.556736,0.1057856419,33.343942,20.30522606,22.38370501,-0.1175846222,55.41560865,0.1361716594,474453.787,Range/Chop,False,True
2023-02-11 00:00:00+00:00,1513.05,1543,1505,1538.51,289691.5708,ETHUSDT,69.70741658,47.23911244,1583.096225,1498.679701,1457.9196,467351.881,1516.365706,1606.8825,1697.399294,0.1126613731,31.31001003,19.51457583,21.51212242,-0.1027422026,55.58551756,0.1176108477,467351.881,Range/Chop,False,True
2023-02-12 00:00:00+00:00,1538.5,1548.02,1493.08,1514.83,286758.374,ETHUSDT,68.65260111,44.91907596,1576.594679,1499.313046,1463.808,461326.4439,1502.879529,1601.3095,1699.739471,0.122936847,29.63245304,18.39909339,21.52265578,-0.1165523596,55.74712345,0.1176108477,461326.4439,Range/Chop,False,True
2023-02-13 00:00:00+00:00,1514.82,1526.1,1461.93,1505.24,643152.3904,ETHUSDT,68.33241532,43.97709693,1569.798996,1499.545476,1469.5426,470370.2972,1493.42852,1598.773,1704.11748,0.1317816602,28.60406391,17.16492717,23.33510993,-0.1221452399,55.91182891,0.1176108477,470370.2972,Range/Chop,False,True
2023-02-14 00:00:00+00:00,1505.25,1569,1482.66,1555.71,668964.3768,ETHUSDT,69.61867137,49.92826776,1568.457187,1501.748006,1476.0946,471494.7702,1489.18111,1595.9615,1702.74189,0.133813241,26.77220328,20.04590736,21.26797832,-0.09271117643,56.01905542,0.1176108477,471494.7702,Range/Chop,False,True
2023-02-15 00:00:00+00:00,1555.7,1680,1542.55,1674.92,581207.8586,ETHUSDT,74.46376627,60.57994696,1578.596502,1508.539064,1485.362,473916.2708,1487.451522,1599.653,1711.854478,0.1402822715,26.33204784,28.05046203,18.46384977,-0.02318800009,56.24878956,0.1176108477,473916.2708,Bull Trend,False,True
2023-02-16 00:00:00+00:00,1674.92,1742.97,1633.72,1637.84,832723.6731,ETHUSDT,76.94849725,56.55025585,1584.23874,1513.609689,1494.3158,489947.7851,1488.245227,1601.664,1715.082773,0.1416261747,26.6190755,31.05106553,16.59137694,-0.06031658606,56.55738792,0.1176108477,489947.7851,Bull Trend,False,True
2023-02-17 00:00:00+00:00,1637.83,1722,1630.51,1693.87,579934.663,ETHUSDT,77.98717602,60.79410397,1594.679812,1520.678721,1504.1834,503260.7354,1488.416328,1607.7525,1727.088672,0.1484509239,26.82330857,28.44911578,15.49509315,-0.028170307,56.89989593,0.1176108477,503260.7354,Bull Trend,False,True
2023-02-18 00:00:00+00:00,1693.81,1713.13,1679.77,1691.62,267305.7813,ETHUSDT,74.79952059,60.53839258,1603.912211,1527.382301,1514.016,489037.6288,1486.19206,1610.0975,1734.00294,0.153910481,27.01295356,27.54282416,15.00147243,-0.02946120702,57.17747479,0.1176108477,489037.6288,Bull Trend,False,True
2023-02-19 00:00:00+00:00,1691.62,1726.59,1666.14,1679.75,401023.0477,ETHUSDT,73.77455483,59.12547719,1611.134858,1533.357505,1523.6884,479336.0148,1490.04307,1615.775,1741.50693,0.1556304929,26.89406506,25.93080522,15.44312779,-0.03627142177,57.48294088,0.1176108477,479336.0148,Bull Trend,False,True
2023-02-20 00:00:00+00:00,1679.74,1719.89,1650.56,1703.27,451314.8335,ETHUSDT,73.45708663,61.06458246,1619.909633,1540.02074,1533.747,484458.9227,1491.230001,1621.672,1752.113999,0.1608734678,26.44540433,24.18266821,15.9169982,-0.02277721361,57.78311177,0.1176108477,484458.9227,Bull Trend,False,True
2023-02-21 00:00:00+00:00,1703.27,1716.66,1636.3,1659.76,520354.4688,ETHUSDT,73.95015187,55.79162629,1623.704906,1544.716397,1542.6622,486745.7876,1491.343682,1622.576,1753.808318,0.1617579928,25.71948493,22.30561303,16.05889883,-0.04774035124,58.13132997,0.1177991101,486745.7876,Bull Trend,False,True
2023-02-22 00:00:00+00:00,1659.77,1666.95,1595.07,1643.14,528875.4809,ETHUSDT,73.80228388,53.87780541,1625.555868,1548.576146,1551.234,481730.1173,1491.344055,1622.577,1753.809945,0.1617586653,24.21026575,20.75385359,18.93210293,-0.05727579935,58.52441355,0.1273592536,481730.1173,Range/Chop,False,True
2023-02-23 00:00:00+00:00,1643.15,1679,1628.75,1650.53,501305.9717,ETHUSDT,72.11997789,54.62316285,1627.934356,1552.574337,1559.1066,483554.6642,1491.384761,1621.9275,1752.470239,0.1609723477,23.01790736,20.91441823,17.98988514,-0.05303590997,58.9113602,0.1327974506,483554.6642,Range/Chop,False,True
2023-02-24 00:00:00+00:00,1650.52,1664.66,1575.64,1607.8,512515.4982,ETHUSDT,73.32712233,49.62899385,1626.016799,1554.740049,1566.2378,493769.0827,1489.956636,1618.9985,1748.040364,0.1594094922,21.81292521,19.1008216,21.60337991,-0.0775515356,59.35352495,0.1370477563,493769.0827,Range/Chop,False,True
2023-02-25 00:00:00+00:00,1607.8,1608.98,1557.33,1594.58,290188.0391,ETHUSDT,71.77875644,48.16184967,1623.022818,1556.3024,1572.7466,487599.5009,1487.896795,1617.2765,1746.656205,0.159997014,20.99609935,18.11907725,22.31507618,-0.08513629035,59.78613031,0.1409542231,487599.5009,Range/Chop,False,True
2023-02-26 00:00:00+00:00,1594.58,1651.26,1587.76,1641.36,308607.9941,ETHUSDT,71.1874167,53.41040419,1624.769216,1559.637992,1580.2924,483823.9296,1488.83786,1618.63,1748.42214,0.1603728332,19.54959664,21.20694099,20.89326859,-0.0582970447,60.22209719,0.1450385493,483823.9296,Range/Chop,False,True
2023-02-27 00:00:00+00:00,1641.37,1665.22,1608,1633.45,431861.4129,ETHUSDT,70.18974408,52.44350133,1625.595957,1562.532581,1587.1582,482820.8803,1488.975214,1616.751,1744.526786,0.1580648914,18.45165476,21.39270158,19.67665533,-0.06283527542,60.6714712,0.1511807025,482820.8803,Range/Chop,False,True
2023-02-28 00:00:00+00:00,1633.45,1647.52,1596.66,1605.23,393523.1647,ETHUSDT,68.80904807,49.03305557,1623.656342,1564.206989,1592.855,481598.7258,1487.581928,1614.491,1741.400072,0.1572124868,17.21357225,20.26324796,19.81497321,-0.07902603028,61.12421135,0.154770487,481598.7258,Range/Chop,False,True
2023-03-01 00:00:00+00:00,1605.24,1669.72,1595,1665.22,474456.8235,ETHUSDT,69.23125892,55.63757579,1627.614786,1568.168284,1599.447,472420.9821,1495.901936,1620.4845,1745.067064,0.1537596489,16.475784,20.9915834,18.28740684,-0.0446077672,61.6135653,0.154770487,472420.9821,Range/Chop,True,True
2023-03-02 00:00:00+00:00,1665.23,1677.86,1619.18,1647.86,423023.8082,ETHUSDT,68.47759757,53.47792866,1629.542902,1571.293449,1604.6164,469339.4616,1512.416034,1627.2245,1742.032966,0.1411095588,15.94039623,20.55579321,17.16805742,-0.05456777799,62.12103683,0.154770487,469339.4616,Range/Chop,True,True
2023-03-03 00:00:00+00:00,1647.86,1649.25,1544.39,1569.45,742816.5976,ETHUSDT,71.0763406,44.98448572,1623.819768,1571.221157,1607.687,491995.7129,1518.024324,1628.7715,1739.518676,0.1359885976,15.57820177,18.38963088,22.87495696,-0.09955420919,62.67984372,0.154770487,491995.7129,Range/Chop,True,True
2023-03-04 00:00:00+00:00,1569.45,1577.53,1549.12,1566.73,237640.2606,ETHUSDT,68.02874485,44.71915659,1618.382647,1571.045033,1609.9976,489539.8072,1529.330735,1631.3665,1733.402265,0.1250923875,15.24187834,17.84107137,22.19260094,-0.1011147639,63.21474774,0.154770487,489539.8072,Range/Chop,True,True
2023-03-05 00:00:00+00:00,1566.74,1588.77,1553.05,1564.58,299240.7415,ETHUSDT,65.72097736,44.49575053,1613.258586,1570.791502,1610.2912,472344.2248,1544.408011,1634.3335,1724.258989,0.1100454574,14.68589991,18.37005764,21.33103682,-0.1023482906,63.68267052,0.154770487,472344.2248,Range/Chop,True,True
2023-03-06 00:00:00+00:00,1564.57,1583.49,1554.44,1565.84,307709.3011,ETHUSDT,63.10162183,44.67020302,1608.74253,1570.597326,1610.5576,454281.471,1546.59314,1634.84,1723.08686,0.1079577942,14.16963421,17.76598649,20.62959841,-0.1016253866,64.13134882,0.154770487,454281.471,Range/Chop,True,True
2023-03-07 00:00:00+00:00,1565.84,1584.49,1536.14,1561.96,437947.9032,ETHUSDT,62.04793456,44.20940407,1604.287051,1570.258607,1610.258,447118.4732,1537.535433,1629.192,1720.848567,0.1125178213,14.05321293,16.77713644,21.58802667,-0.1038514719,64.55708581,0.154770487,447118.4732,Range/Chop,True,True
2023-03-08 00:00:00+00:00,1561.95,1570.89,1523.61,1532.38,460101.7658,ETHUSDT,60.99308209,40.75754762,1597.43876,1568.773172,1609.5942,428487.3779,1523.175448,1623.919,1724.662552,0.1240746023,14.18820934,15.84819852,21.86009277,-0.1208225041,64.99704396,0.154770487,428487.3779,Range/Chop,True,True
2023-03-09 00:00:00+00:00,1532.38,1546.45,1408,1437.32,718485.1364,ETHUSDT,66.52571908,32.08692179,1582.189355,1563.618145,1608.112,435414.9015,1486.68775,1611.0915,1735.49525,0.1544341218,15.98776625,13.49230722,31.02354143,-0.1753615954,65.52488606,0.1550323074,435414.9015,Range/Chop,True,True
2023-03-10 00:00:00+00:00,1437.32,1439.43,1368.39,1426.44,960262.4509,ETHUSDT,66.84816772,31.2670516,1567.356083,1558.23861,1605.619,470062.735,1455.370729,1597.8325,1740.294271,0.1783187801,18.06270776,12.46813821,32.90102383,-0.1816038142,66.02879896,0.1564214898,470062.735,Range/Chop,False,True
2023-03-11 00:00:00+00:00,1426.43,1478.07,1408.4,1471.97,1374859.62,ETHUSDT,67.04972717,38.36448771,1558.271694,1554.855527,1601.888,518754.5636,1440.168895,1587.4435,1734.718105,0.1855494137,19.06476181,15.65910124,30.45911091,-0.1554817352,66.54288475,0.1576386891,518754.5636,Range/Chop,False,True
2023-03-12 00:00:00+00:00,1471.93,1594.19,1448.3,1580.33,1002355.093,ETHUSDT,72.68117523,51.26327521,1560.372485,1555.854526,1600.9614,546306.5766,1443.944282,1581.2965,1718.648718,0.1737210164,17.88061417,24.82584282,26.0920146,-0.09331199045,67.10230965,0.1576386891,546306.5766,Range/Chop,False,True
2023-03-13 00:00:00+00:00,1580.33,1693.49,1565,1673.45,1228063.605,ETHUSDT,76.66751985,59.17090435,1571.141772,1560.466114,1601.8816,581692.0334,1442.945368,1581.981,1721.016632,0.1757740854,17.67825884,31.1053948,22.9685435,-0.03988594181,67.68416848,0.1576386891,581692.0334,Range/Chop,False,True
2023-03-14 00:00:00+00:00,1673.44,1780.02,1655.24,1699.4,1283321.235,ETHUSDT,80.10412558,61.06669469,1583.356841,1565.914501,1603.3438,619414.3211,1438.819294,1584.794,1730.768706,0.1842191547,18.32982829,35.36027538,20.41292797,-0.04529162594,68.29804931,0.1576386891,619414.3211,Range/Chop,False,True
2023-03-15 00:00:00+00:00,1699.41,1716.9,1611,1649.96,963142.4833,ETHUSDT,81.94668804,55.755033,1589.699999,1569.210403,1605.2236,642506.1467,1438.841929,1584.7655,1730.689071,0.1841579351,18.29379231,32.09626029,22.38482927,-0.07306659476,68.8145815,0.1576386891,642506.1467,Range/Chop,False,True
2023-03-16 00:00:00+00:00,1649.95,1691.42,1632.18,1673.73,627985.6119,ETHUSDT,80.32478175,57.66178386,1597.702857,1573.309211,1606.4594,648279.6524,1437.3071,1588.062,1738.8169,0.189860219,18.26033032,30.40546164,21.20561902,-0.05971281222,69.30446853,0.1576386891,648279.6524,Range/Chop,False,True
2023-03-17 00:00:00+00:00,1673.73,1800,1662.65,1789.27,907528.2825,ETHUSDT,84.39801162,65.45480111,1615.947346,1581.778261,1610.223,679146.6646,1423.336095,1597.7965,1772.256905,0.2183762508,19.21351977,36.06047794,18.74060515,-0.005961111111,69.82383983,0.1576386891,679146.6646,Range/Chop,False,True
2023-03-18 00:00:00+00:00,1789.26,1841,1747.47,1758.84,711614.731,ETHUSDT,85.05029651,62.20716214,1629.556171,1588.721859,1613.4474,699297.0014,1416.304913,1603.6705,1791.036087,0.2336709285,20.41048964,36.67126232,17.26852764,-0.04462791961,70.3366846,0.1576386891,699297.0014,Range/Chop,False,True
2023-03-19 00:00:00+00:00,1758.84,1841.36,1757.92,1780.68,541131.8908,ETHUSDT,84.93527533,63.60297591,1643.948916,1596.249629,1617.619,704760.5253,1408.601258,1611.032,1813.462742,0.2513056755,21.52472072,34.1282754,16.0567764,-0.03295390364,70.78293332,0.1654667516,704760.5253,Range/Chop,False,True
2023-03-20 00:00:00+00:00,1780.67,1803.05,1722,1732.78,682848.1248,ETHUSDT,84.65775566,58.49980672,1652.409019,1601.603761,1619.3802,719226.7733,1408.188808,1617.4095,1826.630192,0.2587108484,21.96794534,31.79442735,17.98943055,-0.05896728505,71.2279857,0.1747475509,719226.7733,Range/Chop,False,True
2023-03-21 00:00:00+00:00,1732.77,1835,1717.01,1801.23,742348.4999,ETHUSDT,87.03863026,63.06092345,1666.582446,1609.432241,1624.0808,732621.3571,1400.851237,1624.21,1847.568763,0.2750368036,22.66394966,31.33779556,16.2475333,-0.02179367424,71.62947482,0.1770464328,732621.3571,Range/Chop,False,True
2023-03-22 00:00:00+00:00,1801.23,1819.98,1710.12,1734.33,891287.6009,ETHUSDT,88.6687281,56.52240911,1673.034594,1614.330193,1627.0608,756034.5468,1400.2184,1628.5335,1856.8486,0.2803934954,23.19137113,28.56441464,15.36466928,-0.05812551592,72.05801233,0.1812383576,756034.5468,Range/Chop,False,True
2023-03-23 00:00:00+00:00,1734.34,1857.16,1729.35,1813.79,732061.103,ETHUSDT,91.46453323,61.6134332,1686.439871,1622.152146,1630.503,755496.772,1400.549362,1640.7505,1880.951638,0.2927942282,24.02289816,28.61688007,13.83108626,-0.02335286136,72.53679717,0.1841885449,755496.772,Range/Chop,False,True
2023-03-24 00:00:00+00:00,1813.78,1818.99,1726.4,1749.57,564770.1417,ETHUSDT,91.54492372,55.91477408,1692.452264,1627.148925,1632.632,771853.2661,1407.746239,1649.8925,1892.038761,0.2935297439,24.73906684,26.5494822,13.06204909,-0.05793254216,73.01684737,0.1848842842,771853.2661,Range/Chop,False,True
2023-03-25 00:00:00+00:00,1749.57,1763.23,1713.09,1741.88,355679.3743,ETHUSDT,88.58742917,55.25572873,1697.159668,1631.648182,1634.1992,774675.1977,1416.771644,1658.7575,1900.743356,0.2917676105,25.14116095,25.47613494,13.60716744,-0.06207327317,73.39556065,0.1877048163,774675.1977,Bull Trend,False,True
2023-03-26 00:00:00+00:00,1741.88,1801,1739.31,1773.88,354933.2372,ETHUSDT,86.66618422,57.50054308,1704.466366,1637.225901,1636.3492,777036.3945,1426.161035,1669.1595,1912.157965,0.2911626655,25.89958965,27.29376366,12.91532884,-0.04484266299,73.67423489,0.2041182349,777036.3945,Bull Trend,False,True
2023-03-27 00:00:00+00:00,1773.88,1780.48,1686.13,1715.22,570563.5023,ETHUSDT,87.21502821,52.31878205,1705.490522,1640.284493,1638.0732,783667.1745,1438.202855,1676.8225,1915.442145,0.2846093069,25.58509544,25.18471806,16.27274393,-0.07642852528,73.97936097,0.2260235897,783667.1745,Bull Trend,False,True
2023-03-28 00:00:00+00:00,1715.21,1795.73,1701.13,1772.99,536511.3973,ETHUSDT,87.74252619,56.47841605,1711.919043,1645.48863,1641.2472,787487.6561,1456.393727,1688.853,1921.312273,0.2752865679,25.46927329,24.48667381,15.01956306,-0.04532188934,74.29381138,0.242488302,787487.6561,Bull Trend,False,True
2023-03-29 00:00:00+00:00,1773,1827.99,1772.48,1793.07,536865.5972,ETHUSDT,85.44020289,57.85468437,1719.647706,1651.276135,1643.688,778406.6791,1500.994689,1706.6405,1912.286311,0.2409948797,25.72456036,26.04728468,14.32255433,-0.03450968145,74.59136056,0.2461502776,778406.6791,Bull Trend,False,True
2023-03-30 00:00:00+00:00,1793.06,1829.69,1763,1793.61,579690.0394,ETHUSDT,84.10090269,57.89324685,1726.691734,1656.857855,1646.5516,759378.0585,1561.437586,1724.999,1888.560414,0.1896365323,25.77077372,24.57193665,14.31646373,-0.0342189149,74.83553719,0.2461502776,759378.0585,Bull Trend,False,True
2023-03-31 00:00:00+00:00,1793.6,1847.28,1777.91,1821.52,554525.4762,ETHUSDT,83.04869535,59.93378481,1735.722997,1663.315194,1652.075,718361.3513,1621.691526,1742.4765,1863.261474,0.1386359861,26.02262231,24.61876353,13.46228923,-0.01919059209,75.01089168,0.2461502776,718361.3513,Bull Trend,False,True
2023-04-01 00:00:00+00:00,1821.52,1842.83,1807.81,1820.79,272904.9674,ETHUSDT,79.61807426,59.85208521,1743.824617,1669.490677,1658.2296,681888.8451,1654.604039,1754.4995,1854.394961,0.1138734565,26.25648173,23.84529495,13.03933307,-0.01958366538,75.16356608,0.2461502776,681888.8451,Bull Trend,False,True
2023-04-02 00:00:00+00:00,1820.8,1824.81,1771.7,1794.51,322122.9385,ETHUSDT,77.72464038,56.8477481,1748.651796,1674.393395,1663.3496,636591.8117,1666.537014,1760.5525,1854.567986,0.1068022525,25.67557532,22.68145773,15.72140312,-0.03373430399,75.25833517,0.2461502776,636591.8117,Bull Trend,False,True
2023-04-03 00:00:00+00:00,1794.51,1839.99,1762.77,1810.51,628503.6619,ETHUSDT,77.68859464,58.22270474,1754.543053,1679.731301,1669.2632,603850.9331,1674.093425,1766.108,1858.122575,0.1042003946,25.35633814,22.46680757,14.6052191,-0.0251189989,75.33370409,0.2461502776,603850.9331,Bull Trend,False,True
2023-04-04 00:00:00+00:00,1810.51,1891.91,1802.01,1870.37,622208.6411,ETHUSDT,78.56083788,62.97576232,1765.574191,1687.207329,1676.5658,586804.241,1690.775053,1777.1285,1863.481947,0.09718312047,25.74531756,25.35104543,13.41141346,-0.0113853196,75.45110618,0.2461502776,586804.241,Bull Trend,False,True
2023-04-05 00:00:00+00:00,1870.38,1942.98,1864.58,1908.69,548595.5155,ETHUSDT,78.54934946,65.66852851,1779.204268,1695.892924,1683.6254,582834.7361,1698.16657,1788.8765,1879.58643,0.101415531,26.67128658,28.18773168,12.45527677,-0.01764814872,75.59409859,0.2461502776,582834.7361,Bull Trend,False,True
2023-04-06 00:00:00+00:00,1908.68,1909.91,1853.7,1872.41,396241.4352,ETHUSDT,76.95368164,61.13507243,1788.081005,1702.815162,1687.5752,557270.3938,1695.285319,1793.0335,1890.781681,0.109031071,27.27801341,26.71705815,12.81531606,-0.03632049738,75.71699631,0.2461502776,557270.3938,Bull Trend,False,True
2023-04-07 00:00:00+00:00,1872.41,1882.61,1841.46,1863.72,284256.4873,ETHUSDT,74.39627581,60.06544143,1795.284718,1709.125156,1692.0928,535902.4816,1697.232035,1798.2775,1899.322965,0.1123802806,27.55156415,25.6615071,13.4841761,-0.04079300868,75.81635372,0.2461502776,535902.4816,Bull Trend,False,True
2023-04-08 00:00:00+00:00,1863.73,1879.38,1847,1848.82,197905.5407,ETHUSDT,71.39511325,58.185646,1800.383317,1714.603385,1695.1918,518741.1641,1698.666395,1801.6845,1904.702605,0.114357541,27.80557555,24.8301981,13.04735387,-0.0484616414,75.86950702,0.215315706,518741.1641,Bull Trend,False,True
2023-04-09 00:00:00+00:00,1848.82,1873.99,1824.01,1858.92,287131.3079,ETHUSDT,69.8654623,59.11959023,1805.958239,1720.26286,1698.5378,498955.3232,1707.198488,1807.9915,1908.784512,0.1114972192,27.46661943,23.56141945,14.73109328,-0.04326344069,75.89807795,0.1641362592,498955.3232,Bull Trend,False,True
2023-04-10 00:00:00+00:00,1858.91,1918.79,1846.4,1910.2,434739.7984,ETHUSDT,70.04578643,63.56877693,1815.886026,1727.711375,1703.1468,483574.8882,1703.346137,1813.44,1923.533863,0.1214199123,27.77900724,26.39057795,13.64365778,-0.01687099198,75.85391762,0.1300279492,483574.8882,Bull Trend,False,True
2023-04-11 00:00:00+00:00,1910.21,1937.37,1881.11,1889.86,405203.4892,ETHUSDT,69.0610874,60.74479399,1822.931166,1734.070145,1706.8786,459270.6826,1712.611308,1821.2165,1929.821692,0.119266646,28.30518434,26.77663997,12.84975176,-0.02733944765,75.80249493,0.1203432792,459270.6826,Bull Trend,False,True
2023-04-12 00:00:00+00:00,1889.86,1933,1852.65,1917.39,630844.4186,ETHUSDT,69.8674383,63.13209209,1831.927246,1741.259159,1712.0312,454209.8484,1710.092605,1826.3965,1942.700395,0.1273588673,28.07874685,24.5770633,14.70379594,-0.01317049069,75.80516196,0.1203432792,454209.8484,Bull Trend,False,True
2023-04-13 00:00:00+00:00,1917.4,2023,1899.55,2012.01,676164.5188,ETHUSDT,73.69476413,69.9061456,1849.077984,1751.876839,1719.4086,459779.5672,1703.32797,1839.5185,1975.70903,0.1480719329,28.94569331,30.35956515,12.94443117,-0.005432525952,75.88919801,0.1203432792,459779.5672,Bull Trend,False,True
2023-04-14 00:00:00+00:00,2012,2128.76,2009.22,2099.99,896307.3934,ETHUSDT,76.96942384,74.58260224,1872.974367,1765.528335,1728.3978,486810.9682,1687.342085,1857.424,2027.505915,0.1831374152,30.618181,36.80629725,11.50844601,-0.01351491009,76.03314815,0.1203432792,486810.9682,Bull Trend,False,True
2023-04-15 00:00:00+00:00,2099.99,2111.85,2071.13,2090.6,321823.7851,ETHUSDT,74.38017928,73.27385892,1893.700617,1778.276244,1738.0538,485155.4956,1679.861366,1873.26,2066.658634,0.2064834931,32.17120527,35.3670194,11.05841836,-0.01792592871,76.11250662,0.1203432792,485155.4956,Bull Trend,False,True
2023-04-16 00:00:00+00:00,2090.61,2141.54,2072.72,2118.67,319880.4393,ETHUSDT,73.98302361,74.70291393,1915.126273,1791.625019,1748.5356,472621.3424,1686.490001,1893.4325,2100.374999,0.2185897825,33.82439476,35.88358745,10.32365487,-0.01067923083,76.10449424,0.1203432792,472621.3424,Bull Trend,False,True
2023-04-17 00:00:00+00:00,2118.66,2120.51,2056.25,2074,426972.7071,ETHUSDT,73.28852193,68.43200916,1930.257104,1802.698547,1757.1884,467144.4079,1695.084844,1908.483,2121.881156,0.2236311836,34.9630461,33.63622781,11.28229449,-0.03153805206,76.04349465,0.1203432792,467144.4079,Bull Trend,False,True
2023-04-18 00:00:00+00:00,2073.99,2125,2051,2103.5,414244.6135,ETHUSDT,73.33934179,70.21048064,1946.756427,1814.494683,1766.5894,461013.3587,1701.479447,1924.0045,2146.529553,0.2313144826,35.89072401,31.21199703,10.98047851,-0.01776291827,75.96603075,0.1203432792,461013.3587,Bull Trend,False,True
2023-04-19 00:00:00+00:00,2103.51,2104.6,1923.03,1933.73,775389.0602,ETHUSDT,81.07010309,52.04017203,1945.515815,1819.170577,1773.1594,470798.3098,1716.675634,1931.0105,2145.345366,0.22199244,34.20163573,26.21882085,20.49893768,-0.09703764581,76.07054046,0.1203432792,470798.3098,Bull Trend,False,True
2023-04-20 00:00:00+00:00,1933.74,1982.99,1914.43,1942.98,625336.2495,ETHUSDT,80.1765243,52.7575666,1945.274309,1824.025849,1778.7146,474338.8484,1728.701808,1937.0835,2145.465192,0.2151499321,32.49556276,24.61738811,20.01303915,-0.0927183242,76.17723995,0.1203432792,474338.8484,Bull Trend,False,True
2023-04-21 00:00:00+00:00,1942.98,1957.27,1825,1848.78,688876.6186,ETHUSDT,83.89748685,45.32245123,1936.084375,1824.9966,1782.733,495137.431,1732.886889,1938.483,2144.079111,0.2121206237,30.70814743,21.84517675,25.37321615,-0.1367053616,76.35124662,0.1243893898,495137.431,Range/Chop,False,True
2023-04-22 00:00:00+00:00,1848.77,1887.31,1841.64,1874.16,331007.5879,ETHUSDT,81.16695207,47.47044053,1930.186815,1826.924576,1788.8272,495581.6635,1745.264677,1942.4655,2139.666323,0.2030417764,29.04840462,20.96720751,24.35345314,-0.124854077,76.47152662,0.1377154001,495581.6635,Range/Chop,False,True
2023-04-23 00:00:00+00:00,1874.17,1882.01,1836.37,1862,344514.3444,ETHUSDT,78.62931264,46.5273401,1923.692833,1828.300083,1794.7326,481382.1976,1753.535063,1945.04,2136.544937,0.196916194,27.57925563,20.09789943,23.8224883,-0.1305322338,76.5519771,0.1656046741,481382.1976,Range/Chop,False,True
2023-04-24 00:00:00+00:00,1862.01,1890,1806,1841.84,447864.0517,ETHUSDT,79.01293317,44.93349356,1915.897325,1828.83106,1800.2778,472664.9681,1749.497742,1943.6135,2137.729258,0.1997472831,26.62924522,18.57172654,24.75896336,-0.1399460202,76.66685969,0.1900268046,472664.9681,Range/Chop,False,True
2023-04-25 00:00:00+00:00,1841.84,1877.86,1801.66,1866.1,457870.6047,ETHUSDT,78.81200937,47.2741972,1911.154723,1830.292587,1806.283,468128.7226,1744.962941,1941.484,2138.005059,0.2024441709,25.8062212,17.2891396,23.44241908,-0.1286177237,76.75827447,0.1983317385,468128.7226,Range/Chop,False,True
2023-04-26 00:00:00+00:00,1866.1,1964.72,1785,1866.01,897709.7298,ETHUSDT,86.01972298,47.26617034,1906.855225,1831.69327,1812.364,493202.1373,1744.173801,1941.164,2138.154199,0.2029609031,24.30033189,21.92162855,19.94399253,-0.1286597495,76.99562392,0.201095727,493202.1373,Range/Chop,False,True
2023-04-27 00:00:00+00:00,1866.01,1940.96,1861.19,1908.68,727472.9466,ETHUSDT,85.5733142,51.47313272,1907.029013,1834.712358,1819.89,515362.9603,1748.998904,1943.412,2137.825096,0.2000739898,22.90200611,20.46198767,18.61603157,-0.1087348357,77.23538887,0.2012590804,515362.9603,Range/Chop,False,True
2023-04-28 00:00:00+00:00,1908.68,1923.88,1873.94,1890.94,387630.7791,ETHUSDT,83.02807747,49.69798794,1905.496726,1836.917363,1828.9624,524849.2222,1754.36402,1945.518,2136.67198,0.1965070276,21.60356073,19.58287743,17.81622931,-0.1170185941,77.4493611,0.2012590804,524849.2222,Range/Chop,False,True
2023-04-29 00:00:00+00:00,1890.93,1918,1883.05,1907.8,182046.1406,ETHUSDT,79.59392908,51.41297987,1905.716086,1839.697075,1838.5896,519594.9638,1760.077359,1947.962,2135.846641,0.1929038047,20.39786146,18.96866909,17.25743112,-0.1091457549,77.62910911,0.2012590804,519594.9638,Range/Chop,False,True
2023-04-30 00:00:00+00:00,1907.79,1939,1866.16,1870.09,355336.4888,ETHUSDT,79.11150557,47.5112531,1902.323125,1840.888954,1846.552,515624.7983,1755.661555,1945.9565,2136.251445,0.1955798547,19.63932507,19.6172312,16.12247675,-0.1267545785,77.79377989,0.2012590804,515624.7983,Range/Chop,True,True
2023-05-01 00:00:00+00:00,1870.08,1886.49,1806.12,1830.73,445519.1779,ETHUSDT,79.20139803,43.77692422,1895.504732,1840.490564,1851.56,517640.5828,1747.543436,1943,2138.456564,0.2011904926,18.63906087,18.1953255,20.36864687,-0.1451338756,77.9725099,0.2018173318,517640.5828,Range/Chop,True,True
2023-05-02 00:00:00+00:00,1830.73,1881.87,1822.94,1870.08,373753.2027,ETHUSDT,77.75344103,48.16350412,1893.083329,1841.650934,1855.4926,504786.022,1742.863985,1940.6345,2138.405015,0.2038204673,17.71024412,17.2102974,19.26596315,-0.126759248,78.08379491,0.202702537,504786.022,Range/Chop,False,True
2023-05-03 00:00:00+00:00,1870.09,1916.52,1842.64,1905.12,465185.2501,ETHUSDT,77.47676667,51.7719113,1894.229679,1844.139917,1859.607,494237.0586,1739.759221,1935.29,2130.820779,0.2020687122,16.69087358,19.23256561,17.95370859,-0.1103971908,78.24126194,0.202702537,494237.0586,Range/Chop,True,True
2023-05-04 00:00:00+00:00,1905.12,1918.26,1866.71,1877.07,354528.6144,ETHUSDT,75.62485477,48.84090306,1892.595424,1845.431292,1864.1492,467148.1196,1742.517879,1924.144,2105.770121,0.1887864125,15.77620947,18.46048502,17.07954996,-0.1234952417,78.40632656,0.202702537,467148.1196,Range/Chop,True,True
2023-05-05 00:00:00+00:00,1877.07,1998.36,1875.65,1993.3,546608.875,ETHUSDT,78.98807943,59.15880389,1902.186336,1851.230065,1870.5406,478387.3741,1751.028099,1919.279,2087.529901,0.1753271938,16.20722512,23.65540441,15.18429872,-0.06922121464,78.67110085,0.2022564416,478387.3741,Range/Chop,True,True
2023-05-06 00:00:00+00:00,1993.3,2019,1860,1896.33,608106.9915,ETHUSDT,84.70321661,50.08339712,1901.628589,1852.99869,1872.6818,492798.7017,1766.853855,1908.162,2049.470145,0.1481091703,16.88226628,22.22418089,13.14836364,-0.1145017137,79.04868889,0.2016296024,492798.7017,Range/Chop,True,True
2023-05-07 00:00:00+00:00,1896.33,1933.33,1867.59,1870.4,413268.8357,ETHUSDT,83.34870114,47.96446929,1898.654438,1853.681095,1874.913,492113.5081,1778.239745,1897.982,2017.724255,0.1261784938,17.50909023,20.97211095,12.40760874,-0.1266098228,79.42128254,0.2006322412,492113.5081,Range/Chop,True,True
2023-05-08 00:00:00+00:00,1870.41,1883.97,1810.73,1847.56,625316.6168,ETHUSDT,82.62665106,46.11378876,1893.788301,1853.441052,1876.2506,502667.1083,1809.395154,1885.185,1960.974846,0.08040573831,16.87178374,19.6442815,16.53743046,-0.1372750451,79.68963141,0.1999106364,502667.1083,Range/Chop,True,True
2023-05-09 00:00:00+00:00,1847.55,1861.88,1830.99,1846.52,304396.186,ETHUSDT,78.93117598,46.02670371,1889.286558,1853.169638,1878.5254,479117.4646,1806.69139,1880.8245,1954.95761,0.07883043803,16.27999915,19.09514862,16.07514596,-0.1377606769,79.89101488,0.1983317385,479117.4646,Range/Chop,True,True
2023-05-10 00:00:00+00:00,1846.53,1887.47,1790.51,1840.84,639933.3855,ETHUSDT,80.21894913,45.52108275,1884.6726,1852.686123,1879.3176,479847.3214,1805.443159,1875.7175,1945.991841,0.07493062325,15.28605869,17.44656627,18.29171687,-0.1404129738,80.11050191,0.1967116108,479847.3214,Range/Chop,True,True
2023-05-11 00:00:00+00:00,1840.83,1842.02,1772.68,1794.3,522096.0725,ETHUSDT,79.44188133,41.49845498,1876.065686,1850.396471,1880.517,471508.2941,1794.958647,1872.9935,1951.028353,0.08332634716,14.6815193,16.35884845,18.7544562,-0.1621449985,80.22318034,0.1960434412,471508.2941,Range/Chop,True,True
2023-05-12 00:00:00+00:00,1794.31,1818.63,1740,1807.45,565539.8309,ETHUSDT,79.38388981,43.03033581,1869.530859,1848.712295,1880.3902,483234.9062,1786.568566,1869.658,1952.747434,0.08888196011,14.67036873,15.20145613,20.36807715,-0.1560045575,80.26845318,0.1942418297,483234.9062,Range/Chop,True,True
2023-05-13 00:00:00+00:00,1807.45,1817.03,1785.23,1795.11,212895.4373,ETHUSDT,75.98504054,41.92099916,1862.443158,1846.610245,1881.301,476653.9609,1777.101039,1866.3135,1955.525961,0.0956028672,14.66001463,14.74703745,19.75921214,-0.161766766,80.19980176,0.1908451086,476653.9609,Range/Chop,True,True
2023-05-14 00:00:00+00:00,1795.12,1824,1789.82,1799.21,218101.0977,ETHUSDT,72.99896621,42.45185105,1856.420952,1844.751411,1882.4476,465165.8132,1770.79316,1864.182,1957.57084,0.1001928356,14.4864747,14.93583295,19.0983712,-0.1598522559,80.05067306,0.1820568031,465165.8132,Range/Chop,True,True
2023-05-15 00:00:00+00:00,1799.2,1846.7,1785.05,1816.2,388171.9261,ETHUSDT,72.18832577,44.70721632,1852.590385,1843.631748,1883.294,461680.8792,1765.998473,1861.687,1957.375527,0.1027976525,13.7989082,16.27083897,17.93334845,-0.1519187127,79.91506546,0.1617181821,461680.8792,Range/Chop,True,True
2023-05-16 00:00:00+00:00,1816.21,1832.64,1796.2,1824.21,311238.6786,ETHUSDT,69.63487393,45.78596696,1849.887492,1842.870111,1885.4738,432357.3267,1762.56098,1859.597,1956.63302,0.1043624182,13.1604536,15.66265708,17.26302421,-0.1415482353,79.66901317,0.1371438321,432357.3267,Range/Chop,True,True
2023-05-17 00:00:00+00:00,1824.21,1837.5,1783.68,1822.12,352097.9913,ETHUSDT,68.50524008,45.53632988,1847.242969,1842.056381,1886.4564,413588.5789,1759.664922,1855.269,1950.873078,0.1030622278,12.84154721,14.78372097,17.59970757,-0.1425317647,79.39326223,0.115270456,413588.5789,Range/Chop,True,True
2023-05-18 00:00:00+00:00,1822.12,1831.92,1771.12,1800.56,293755.311,ETHUSDT,67.95486578,42.93567825,1842.796972,1840.429072,1886.6062,408894.8055,1753.783072,1850.75,1947.716928,0.1047866307,12.81759522,13.83892346,17.79515008,-0.1444645063,79.1102554,0.1045745245,408894.8055,Range/Chop,False,True
2023-05-19 00:00:00+00:00,1800.56,1829.54,1796.81,1812.32,243116.4676,ETHUSDT,65.43880394,44.78793586,1839.894403,1839.326756,1886.9804,411948.3219,1751.340629,1845.976,1940.611371,0.1025315287,12.79535409,13.3445161,17.15940315,-0.1023675087,78.78993954,0.103712323,411948.3219,Range/Chop,True,True
2023-05-20 00:00:00+00:00,1812.31,1828.87,1807.06,1819.42,127754.4349,ETHUSDT,62.3224608,45.92906892,1837.94446,1838.546099,1886.9384,400569.2192,1748.812029,1843.4425,1938.072971,0.1026671256,12.7747016,13.01094696,16.73047435,-0.0988509163,78.37800338,0.1029299401,400569.2192,Range/Chop,True,True
2023-05-21 00:00:00+00:00,1819.42,1828.98,1797.21,1804.91,161517.8053,ETHUSDT,60.14014217,43.93075058,1834.798321,1837.227036,1886.6208,386369.1505,1746.167707,1842.1515,1938.135293,0.1042083599,13.00095902,12.52000107,17.26906497,-0.1060376424,77.90252695,0.1029299401,386369.1505,Range/Chop,False,True
2023-05-22 00:00:00+00:00,1804.91,1828.27,1792.01,1817.35,237498.9423,ETHUSDT,58.43441773,46.096133,1833.136576,1836.447544,1887.0776,379556.4375,1743.848356,1839.515,1935.181644,0.1040128986,13.34218399,11.96507464,17.13927808,-0.09987617632,77.35202502,0.1029299401,379556.4375,Range/Chop,False,True
2023-05-23 00:00:00+00:00,1817.36,1872.5,1815.24,1854.05,396869.6097,ETHUSDT,58.35053075,51.9872399,1835.128331,1837.137837,1887.9484,376140.6555,1745.816147,1836.9615,1928.106853,0.09923490781,12.5217409,16.54072138,15.93792401,-0.08169886082,76.79878514,0.1027323891,376140.6555,Range/Chop,True,True
2023-05-24 00:00:00+00:00,1854.06,1854.09,1777.6,1799.89,420846.1445,ETHUSDT,59.64620713,44.29385085,1831.772299,1835.677137,1886.5388,379456.532,1742.542969,1833.1025,1923.662031,0.09880465592,12.45898049,15.02559717,18.98554708,-0.1085240218,76.31643144,0.1025993272,379456.532,Range/Chop,True,True
2023-05-25 00:00:00+00:00,1799.89,1818.81,1761.41,1805.6,350633.0089,ETHUSDT,59.48576376,45.21436354,1829.279699,1834.497642,1884.477,369657.7387,1770.1699,1823.7175,1877.2651,0.05872356844,12.76573989,13.9899721,19.62102878,-0.1056958891,75.86342443,0.1013621822,369657.7387,Range/Chop,True,True
2023-05-26 00:00:00+00:00,1805.61,1838.2,1796.99,1827.79,275690.6854,ETHUSDT,58.18035206,48.75807199,1829.137823,1834.234597,1883.5846,353036.9234,1778.228996,1820.2905,1862.352004,0.04621405676,12.47164551,15.66269346,18.62832423,-0.09470529965,75.37951316,0.09971387172,353036.9234,Range/Chop,True,True
2023-05-27 00:00:00+00:00,1827.8,1836.12,1812.18,1829.89,138824.9406,ETHUSDT,55.73461263,49.09366259,1829.209459,1834.06422,1882.908,339314.7286,1782.642013,1818.265,1853.887987,0.03918349332,12.19855788,15.18214458,18.0567865,-0.09366518078,74.84604794,0.09901978186,339314.7286,Range/Chop,True,True
2023-05-28 00:00:00+00:00,1829.89,1918.65,1823.6,1908.64,378392.4371,ETHUSDT,58.54285459,59.74143151,1836.774272,1836.988761,1884.1044,326968.5197,1769.419306,1821.319,1873.218694,0.05699132812,12.69018195,23.49099945,15.96271911,-0.05466072313,74.3977588,0.09901978186,326968.5197,Range/Chop,True,True
2023-05-29 00:00:00+00:00,1908.64,1927.62,1873.65,1892.6,313593.4942,ETHUSDT,58.21622212,57.12072169,1842.091008,1839.169594,1884.778,327428.3851,1763.944505,1823.623,1883.301495,0.06545047376,13.31434799,23.03603392,14.9056893,-0.06260525012,73.96634746,0.09901978186,327428.3851,Range/Chop,True,True
2023-05-30 00:00:00+00:00,1892.6,1917,1881.19,1900.59,272665.8402,ETHUSDT,56.61577768,58.10658382,1847.662341,1841.578237,1884.5858,309065.0078,1758.409907,1826.6105,1894.811093,0.07467447833,13.89393074,21.99528369,14.23226176,-0.05864784547,73.52579883,0.09901978186,309065.0078,Range/Chop,True,True
2023-05-31 00:00:00+00:00,1900.58,1907.13,1846.95,1873.63,319255.5681,ETHUSDT,56.87036499,53.62631126,1850.135451,1842.835169,1884.2612,298922.9826,1761.138096,1830.577,1900.015904,0.07586559223,13.44506738,20.33276054,17.45701748,-0.07200099059,73.14667034,0.09901978186,298922.9826,Range/Chop,True,True
2023-06-01 00:00:00+00:00,1873.63,1889.2,1840,1861.78,270496.6097,ETHUSDT,56.32248177,51.73800717,1851.244456,1843.578104,1883.149,284170.8215,1763.436519,1833.2935,1903.150481,0.07620927096,12.84169917,19.0640819,17.24917703,-0.07787023279,72.7899677,0.09901978186,284170.8215,Range/Chop,True,True
2023-06-02 00:00:00+00:00,1861.78,1910,1847.51,1906.68,313004.0658,ETHUSDT,56.76301879,57.80126597,1856.524032,1846.052688,1881.0424,289176.2529,1764.433846,1838.872,1913.310154,0.08096066975,12.77377047,20.18237227,15.89278452,-0.05563150074,72.4412081,0.09901978186,289176.2529,Range/Chop,True,True
2023-06-03 00:00:00+00:00,1906.69,1907.92,1881.6,1892.06,148818.2427,ETHUSDT,54.58851745,55.36232715,1859.908409,1847.856896,1876.8838,285712.1102,1767.976394,1843.5145,1919.052606,0.08195010752,12.71069383,19.48730192,15.34544533,-0.06287270926,72.04166943,0.09037738172,285712.1102,Range/Chop,True,True
2023-06-04 00:00:00+00:00,1892.05,1914.63,1884.22,1890.01,172683.0119,ETHUSDT,52.86148049,55.01180888,1862.775228,1849.509959,1872.872,274937.6645,1770.168151,1847.205,1924.241849,0.0834090959,12.81844558,19.59322721,14.71488222,-0.0638880634,71.61353828,0.08267960171,274937.6645,Range/Chop,False,True
2023-06-05 00:00:00+00:00,1890,1890.63,1778,1810.5,555361.2683,ETHUSDT,57.13066045,43.50640033,1857.796635,1847.980157,1866.7086,287143.794,1768.439452,1846.5195,1924.599548,0.08456996883,13.4212054,16.83415683,25.92310304,-0.06353286816,71.28315459,0.08267960171,287143.794,Range/Chop,False,True
2023-06-06 00:00:00+00:00,1810.49,1898.29,1797.18,1884.64,491407.2174,ETHUSDT,60.27204185,53.31186458,1860.353146,1849.417798,1862.9214,294109.2553,1770.721652,1849.6455,1928.569348,0.08533943204,13.7769092,15.72478012,22.81684768,-0.02229692574,71.04775069,0.08267960171,294109.2553,Range/Chop,False,True
2023-06-07 00:00:00+00:00,1884.65,1897.8,1821.18,1832.13,429196.7064,ETHUSDT,61.43975315,47.07922089,1857.665227,1848.739845,1857.494,300881.325,1775.076193,1851.224,1927.371807,0.08226752315,14.1072056,14.32406689,20.7843957,-0.04953777197,70.88182802,0.08210881533,300881.325,Range/Chop,False,True
2023-06-08 00:00:00+00:00,1832.12,1861.28,1828.31,1845.64,189270.4853,ETHUSDT,59.40619935,48.73967841,1856.519967,1848.618282,1855.7322,298189.0259,1778.78927,1852.89,1926.99073,0.0799839495,14.41390939,13.75622754,19.96045388,-0.04252912919,70.70750697,0.08145538863,298189.0259,Range/Chop,True,True
2023-06-09 00:00:00+00:00,1845.65,1855,1827,1840.37,198324.3252,ETHUSDT,57.1628994,48.10560842,1854.981875,1848.29482,1853.68,301717.5205,1781.178782,1853.9375,1926.696218,0.07849101516,14.72788195,13.27492838,19.42577553,-0.04526307052,70.49279219,0.08047230962,301717.5205,Range/Chop,True,True
2023-06-10 00:00:00+00:00,1840.37,1844.99,1715.03,1751.53,652324.6695,ETHUSDT,62.3626923,38.91482999,1845.129316,1844.500121,1851.735,326257.8637,1768.310337,1851.2685,1934.226663,0.08962304873,16.8487126,11.29891902,29.35894218,-0.09135099242,70.38115227,0.08047230962,326257.8637,Range/Chop,False,True
2023-06-11 00:00:00+00:00,1751.52,1778.25,1738.72,1752.76,219956.2434,ETHUSDT,60.7317857,39.08834547,1836.332238,1840.902469,1849.307,325380.7287,1755.567219,1848.039,1940.510781,0.1000755726,18.81805535,10.77360424,27.9939721,-0.09071289985,70.2288914,0.08047230962,325380.7287,Range/Chop,False,True
2023-06-12 00:00:00+00:00,1752.77,1759.33,1720,1742.57,302132.4819,ETHUSDT,59.20308672,38.12221816,1827.402501,1837.046294,1846.9184,320643.8723,1739.293939,1842.465,1945.636061,0.1119924244,20.875549,10.26237866,28.92418069,-0.09599921146,69.98736344,0.08047230962,320643.8723,Range/Chop,False,True
2023-06-13 00:00:00+00:00,1742.57,1770.13,1724.22,1740.12,284268.0018,ETHUSDT,58.25358053,37.87979657,1819.089882,1833.245263,1844.884,313814.9652,1728.38682,1839.4765,1950.56618,0.1207840166,22.42153907,11.00893509,27.29594339,-0.09727020886,69.67543272,0.08047230962,313814.9652,Range/Chop,False,True
2023-06-14 00:00:00+00:00,1740.12,1750.03,1630.43,1650.95,415847.327,ETHUSDT,62.63546763,30.32209557,1803.07656,1826.096429,1840.581,317075.6811,1693.973627,1831.744,1969.514373,0.1504253571,24.86024652,9.507425431,34.26872164,-0.1435293263,69.47968752,0.08145538863,317075.6811,Range/Chop,False,True
2023-06-15 00:00:00+00:00,1650.95,1680.91,1626.01,1666.96,370774.7696,ETHUSDT,62.08293423,32.91028044,1790.113078,1819.855785,1836.6,321829.8853,1668.300958,1823.7025,1979.104042,0.1704242241,27.1627617,8.906895024,32.61269625,-0.1352237474,69.2813527,0.08210881533,321829.8853,Bear Trend,False,True
2023-06-16 00:00:00+00:00,1666.96,1729.5,1649.86,1717.92,311734.5904,ETHUSDT,63.33701036,40.48782975,1783.237547,1815.858303,1832.7848,330475.3678,1656.071297,1818.104,1980.136703,0.178243602,27.87976905,13.58668522,29.68360864,-0.1087870016,69.11549417,0.08283830952,330475.3678,Bear Trend,False,True
2023-06-17 00:00:00+00:00,1717.91,1770,1714.26,1727.76,210914.9216,ETHUSDT,62.79436676,41.85350273,1777.953971,1812.403468,1829.5212,322101.492,1648.06163,1809.06,1970.05837,0.1779911893,27.54525143,17.33210554,27.80154224,-0.103682261,68.93974459,0.08398953236,322101.492,Bear Trend,False,True
2023-06-18 00:00:00+00:00,1727.75,1747.84,1712,1720.95,156535.0128,ETHUSDT,60.86905485,41.1497106,1772.525021,1808.817057,1825.7842,314248.5679,1639.907496,1800.4775,1961.047504,0.1783637995,27.26807368,16.60316059,26.89748531,-0.107215115,68.60306045,0.08495470044,314248.5679,Bear Trend,False,True
2023-06-19 00:00:00+00:00,1720.95,1752.19,1698,1737.11,245162.7589,ETHUSDT,60.3919795,43.57446209,1769.152162,1806.005016,1823.1246,312873.4139,1636.373854,1792.3035,1948.233146,0.1739991537,27.22379053,15.53901116,26.82938884,-0.09883171994,68.27331804,0.08748124039,312873.4139,Bear Trend,False,True
2023-06-20 00:00:00+00:00,1737.1,1796.99,1714.72,1791.99,328855.6846,ETHUSDT,61.95469525,50.96361285,1771.327194,1805.455407,1822.3498,313353.4197,1636.812704,1788.2215,1939.630296,0.1693400908,26.10890509,19.23019404,24.28461017,-0.07036137828,67.90760485,0.09484931066,313353.4197,Bear Trend,False,True
2023-06-21 00:00:00+00:00,1791.99,1901,1787.38,1889.11,613755.8869,ETHUSDT,65.64507416,60.75749359,1782.544604,1808.73598,1822.7304,330516.3836,1635.086604,1789.588,1944.089396,0.1726670005,25.23885266,28.17011556,21.28229872,-0.01997800396,67.64890688,0.1060339985,330516.3836,Bull Trend,False,True
2023-06-22 00:00:00+00:00,1889.1,1933.17,1865.98,1872.01,416714.5719,ETHUSDT,65.75542601,58.54049776,1791.065118,1811.217314,1822.0682,335701.9089,1637.937085,1787.8545,1937.771915,0.1677065048,24.86640508,29.60861709,19.72896939,-0.03163715555,67.4343421,0.1163882205,335701.9089,Range/Chop,False,True
2023-06-23 00:00:00+00:00,1872,1936.42,1861.01,1892.63,401147.9324,ETHUSDT,66.44503844,60.41618288,1800.737964,1814.409968,1822.3794,348318.3934,1637.886161,1787.883,1937.879839,0.1677926792,24.42070867,27.20836713,18.66389837,-0.02261389575,67.22487719,0.1356046868,348318.3934,Range/Chop,False,True
2023-06-24 00:00:00+00:00,1892.63,1906,1864.77,1874.96,226910.2941,ETHUSDT,64.64396426,57.99483206,1807.806729,1816.784479,1820.0126,351029.7575,1639.051863,1787.1305,1935.209137,0.1657166469,24.00684771,25.96882927,17.81362285,-0.03173898225,66.98874311,0.158071002,351029.7575,Range/Chop,False,True
2023-06-25 00:00:00+00:00,1874.95,1930,1868.83,1898.8,338757.6158,ETHUSDT,64.39582396,60.30626242,1816.472755,1820.000774,1820.062,340199.5748,1635.872437,1791.5455,1947.218563,0.1737863349,23.97846713,26.86893945,16.6049605,-0.01942760352,66.62834479,0.1667115759,340199.5748,Range/Chop,False,True
2023-06-26 00:00:00+00:00,1898.8,1909.1,1837.18,1858.97,458743.861,ETHUSDT,64.9332651,54.87340012,1820.520112,1821.528979,1819.8334,338566.407,1637.280274,1790.262,1943.243726,0.1709042879,23.24571094,24.74322499,18.77286895,-0.03999648837,66.28434397,0.167749592,338566.407,Range/Chop,False,True
2023-06-27 00:00:00+00:00,1858.97,1912.53,1855.19,1889.58,366634.5707,ETHUSDT,64.39088903,58.00456593,1827.097244,1824.197647,1820.6738,335438.3002,1635.043923,1793.1345,1951.225077,0.1763287443,22.62230826,23.54987014,17.5787822,-0.02418896727,65.97372416,0.168566385,335438.3002,Range/Chop,False,True
2023-06-28 00:00:00+00:00,1889.58,1890.19,1816.56,1828.02,337836.5792,ETHUSDT,65.05082552,50.42659307,1827.185126,1824.347543,1820.3038,342866.6049,1635.14984,1792.2535,1949.35716,0.1753141065,21.21820704,21.64588975,20.39929573,-0.0559795912,65.7313391,0.1698821574,342866.6049,Range/Chop,False,True
2023-06-29 00:00:00+00:00,1828.03,1880,1827.84,1851.99,241844.8281,ETHUSDT,64.13005227,53.00131694,1829.547495,1825.431561,1820.5268,345042.6301,1634.939407,1792.8345,1950.729593,0.1761401764,19.91439877,20.38834516,19.21417354,-0.04360107828,65.48164822,0.170664256,345042.6301,Range/Chop,False,True
2023-06-30 00:00:00+00:00,1851.99,1948.6,1825.01,1933.79,716538.1035,ETHUSDT,68.3771914,60.53436795,1839.475352,1829.680911,1823.3166,348253.3018,1633.926217,1801.9475,1969.968783,0.1864885438,19.89608862,24.92223424,16.73352209,-0.007600328441,65.30124477,0.1717856442,348253.3018,Range/Chop,False,True
2023-07-01 00:00:00+00:00,1933.8,1944.56,1909.44,1924.5,178373.3688,ETHUSDT,66.00167772,59.37050181,1847.572938,1833.399307,1825.6576,346174.1581,1636.017606,1810.5345,1985.051394,0.1927794181,19.87908633,23.97499764,16.09751954,-0.01236785384,65.10538205,0.1732266677,346174.1581,Range/Chop,False,True
2023-07-02 00:00:00+00:00,1924.5,1959.2,1885.75,1937.48,255852.7832,ETHUSDT,66.53370074,60.51285504,1856.135515,1837.480903,1828.505,343860.1731,1640.348223,1820.28,2000.211777,0.1976968128,19.3123679,22.08448034,17.37145738,-0.01108615762,64.92299762,0.1738927443,343860.1731,Range/Chop,False,True
2023-07-03 00:00:00+00:00,1937.49,1976.16,1933.55,1955.54,322102.4295,ETHUSDT,64.82486498,62.10917787,1865.602609,1842.110671,1831.6316,345751.8945,1645.888058,1831.051,2016.213942,0.2022477167,19.08390586,22.91637044,16.55585566,-0.01043437778,64.74299779,0.1746566301,345751.8945,Range/Chop,False,True
2023-07-04 00:00:00+00:00,1955.55,1967.08,1931.58,1936.2,205525.0984,ETHUSDT,62.73023176,59.34252655,1872.32617,1845.800449,1834.0316,335235.7831,1674.446219,1845.3135,2016.180781,0.1851905179,18.82293314,21.99003291,16.11094274,-0.02022103473,64.47203366,0.1757271415,335235.7831,Range/Chop,False,True
2023-07-05 00:00:00+00:00,1936.19,1942.5,1894.51,1910.36,267633.4783,ETHUSDT,61.67735807,55.76810895,1875.948439,1848.332196,1835.7546,330078.7185,1705.53809,1857.4835,2009.42891,0.1636035093,17.70176351,20.76788764,19.50861914,-0.03329689904,64.08826935,0.1757271415,330078.7185,Range/Chop,True,True
2023-07-06 00:00:00+00:00,1910.35,1958,1846,1846.17,456362.741,ETHUSDT,65.27183249,48.02882519,1873.112398,1848.247404,1836.2356,337310.126,1725.863642,1863.896,2001.928358,0.148111652,17.17602432,18.22248491,22.42612643,-0.06577908671,63.78698821,0.1746566301,337310.126,Range/Chop,True,True
2023-07-07 00:00:00+00:00,1846.17,1878,1826,1870.91,232944.3466,ETHUSDT,64.32384446,50.85938566,1872.902645,1849.136133,1837.6426,338411.5973,1747.963087,1871.0535,1994.143913,0.131573376,17.03883177,17.17025434,23.35206769,-0.0532598575,63.48194143,0.1738927443,338411.5973,Range/Chop,True,True
2023-07-08 00:00:00+00:00,1870.92,1876,1842.8,1865.24,125819.8273,ETHUSDT,62.10071271,50.18478001,1872.17287,1849.767657,1838.701,336875.838,1776.074062,1878.268,1980.461938,0.1088172058,16.91143868,16.51457697,22.46032655,-0.05612905838,63.20143371,0.1732266677,336875.838,Range/Chop,True,True
2023-07-09 00:00:00+00:00,1865.24,1879.36,1856.15,1862.8,135046.3743,ETHUSDT,59.32280466,49.87817386,1871.280215,1850.27873,1839.5686,331370.0188,1804.875924,1884.5525,1964.229076,0.08455755512,16.70616213,16.45762064,21.83264192,-0.05736377621,62.85316463,0.1717856442,331370.0188,Range/Chop,True,True
2023-07-10 00:00:00+00:00,1862.81,1905.5,1846.63,1880.4,247868.1494,ETHUSDT,59.29046147,52.14911728,1872.148766,1851.459956,1841.0784,327320.642,1821.444644,1888.973,1956.501356,0.07149742834,15.85312607,18.43955817,20.28422659,-0.04845761477,62.51730764,0.1717856442,327320.642,Range/Chop,True,True
2023-07-11 00:00:00+00:00,1880.41,1891.99,1862.38,1878.3,177771.6117,ETHUSDT,57.17042851,51.84726353,1872.734598,1852.512507,1842.2974,305521.4283,1820.744324,1888.4325,1956.120676,0.07168715386,15.06102117,17.75739317,19.53381872,-0.04952028176,62.14708328,0.1693484836,305521.4283,Range/Chop,True,True
2023-07-12 00:00:00+00:00,1878.31,1902,1864.37,1871.82,264406.8673,ETHUSDT,55.77468361,50.86880694,1872.647494,1853.269663,1842.6528,297906.043,1820.725555,1888.423,1956.120445,0.07169733177,14.06464775,18.18358409,18.59245768,-0.05279936847,61.810244,0.1693484836,297906.043,Range/Chop,True,True
2023-07-13 00:00:00+00:00,1871.82,2012.63,1862.59,2004.49,548861.4207,ETHUSDT,62.5079205,65.30528966,1885.203923,1859.199873,1846.7448,305291.7174,1809.466681,1894.016,1978.565319,0.0892804701,15.09839299,27.70778859,15.40473326,-0.00404445924,61.63539324,0.1683104674,305291.7174,Range/Chop,True,True
2023-07-14 00:00:00+00:00,2004.49,2029.11,1898.39,1937.83,498724.0359,ETHUSDT,67.38021189,56.34651863,1890.21593,1862.283407,1849.3894,318882.4045,1811.017941,1897.1595,1983.301059,0.09081108755,16.28763118,25.61522624,13.27003835,-0.04498523983,61.55525801,0.1672538986,318882.4045,Range/Chop,True,True
2023-07-15 00:00:00+00:00,1937.82,1946.37,1926.23,1931.41,135181.7663,ETHUSDT,64.00591104,55.55604785,1894.139175,1864.994254,1851.4618,308703.6121,1811.361085,1898.79,1986.218915,0.0920890827,17.39192378,25.03950859,12.97178624,-0.04814918856,61.46144196,0.1558575807,308703.6121,Range/Chop,True,True
2023-07-16 00:00:00+00:00,1931.41,1943.55,1914,1922.11,148667.1051,ETHUSDT,61.54477454,54.36622979,1896.803063,1867.234087,1853.3062,293199.7743,1815.949404,1901.947,1987.944596,0.0904311172,18.06699913,24.1807639,13.94631915,-0.05273247877,61.3454342,0.139842514,293199.7743,Range/Chop,True,True
2023-07-17 00:00:00+00:00,1922.12,1936.18,1873.26,1911.2,277159.0349,ETHUSDT,61.64300493,52.93400737,1898.1742,1868.95824,1853.3574,288725.9975,1817.135932,1903.028,1988.920068,0.09026884312,17.62639984,22.41778589,17.65024723,-0.0581092203,61.24023652,0.1201952909,288725.9975,Range/Chop,True,True
2023-07-18 00:00:00+00:00,1911.21,1917.19,1875.73,1897.21,215780.5006,ETHUSDT,60.20136172,51.07588298,1898.082371,1870.066153,1853.4496,282623.1935,1827.676939,1906.4875,1985.298061,0.08267619005,17.21727194,21.31500898,16.78199534,-0.06500386869,61.15294581,0.1004531442,282623.1935,Range/Chop,True,True
2023-07-19 00:00:00+00:00,1897.21,1922.04,1882.17,1888.63,218045.0005,ETHUSDT,58.7491216,49.91855547,1897.182145,1870.794147,1853.2104,281433.2022,1833.036951,1908.3195,1983.602049,0.07889931377,16.938095,20.87144076,15.96848998,-0.06923232353,61.09339016,0.09145008512,281433.2022,Range/Chop,True,True
2023-07-20 00:00:00+00:00,1888.64,1929.05,1878,1891.59,292907.5164,ETHUSDT,58.19918434,50.33664143,1896.64956,1871.60967,1853.5696,260251.6728,1831.537686,1906.2095,1980.881314,0.07834586291,16.82938606,20.42410134,14.96799558,-0.06777355589,61.06104086,0.09062110237,260251.6728,Range/Chop,True,True
2023-07-21 00:00:00+00:00,1891.59,1905.74,1884.64,1891.73,165554.0428,ETHUSDT,55.5492426,50.35775012,1896.181031,1872.398703,1854.1686,259610.7065,1830.138723,1904.571,1979.003277,0.07816172416,16.72844204,19.86996168,14.56188909,-0.06770456013,61.01295461,0.09034998016,259610.7065,Range/Chop,True,True
2023-07-22 00:00:00+00:00,1891.73,1897.35,1851.18,1866.52,131901.6487,ETHUSDT,54.8792967,46.52312029,1893.356171,1872.168165,1853.3654,253413.1498,1826.438914,1901.023,1975.607086,0.07846731547,15.65690411,18.67591768,18.04183475,-0.08012872639,60.95510071,0.08977465661,253413.1498,Range/Chop,True,True
2023-07-23 00:00:00+00:00,1866.52,1905.25,1857.82,1888.73,153501.0178,ETHUSDT,54.34720408,50.12632467,1892.915583,1872.817649,1853.2988,244983.0792,1827.298176,1897.6825,1968.066824,0.07417924073,14.86739993,18.55000927,16.91715575,-0.06918304084,60.86678399,0.08691901261,244983.0792,Range/Chop,True,True
2023-07-24 00:00:00+00:00,1888.74,1890.86,1833.19,1850,276504.5547,ETHUSDT,54.58454665,44.49606914,1888.828385,1871.922839,1852.4986,248532.052,1822.396073,1893.3725,1964.348927,0.07497354803,14.14527808,17.15011145,18.86353032,-0.08827022685,60.78509704,0.08361687259,248532.052,Range/Chop,True,True
2023-07-25 00:00:00+00:00,1850,1868.71,1845.45,1857.66,152251.21,ETHUSDT,52.34707903,45.79290302,1885.859967,1871.363512,1853.4418,242762.9386,1818.576279,1890.7375,1962.898721,0.07633129491,13.47473636,16.6057891,18.26482627,-0.08449517276,60.68787582,0.08078775191,242762.9386,Range/Chop,True,True
2023-07-26 00:00:00+00:00,1857.66,1888,1848.35,1872,272090.5333,ETHUSDT,51.44014481,48.23145293,1884.53997,1871.388473,1853.189,233549.3282,1822.218283,1892.029,1961.839717,0.07379455335,12.73495878,18.37008715,17.25921874,-0.07742803495,60.61630136,0.07868331462,233549.3282,Range/Chop,True,True
2023-07-27 00:00:00+00:00,1871.99,1886.11,1854.84,1861.28,163766.4259,ETHUSDT,49.99942018,46.54573199,1882.324735,1870.992062,1853.772,230090.4322,1821.031497,1891.5475,1962.063503,0.07455906127,12.04802246,17.5494596,16.48821584,-0.08271113937,60.47391079,0.07840658919,230090.4322,Range/Chop,True,True
2023-07-28 00:00:00+00:00,1861.29,1883.39,1856.52,1874.19,138695.7147,ETHUSDT,48.34731874,48.863666,1881.549998,1871.117471,1854.343,230734.2266,1822.04112,1891.995,1961.94888,0.07394721424,11.41015302,16.85278338,15.83366874,-0.07634874403,60.30942906,0.07825379354,230734.2266,Range/Chop,True,True
2023-07-29 00:00:00+00:00,1874.2,1886.58,1869.54,1880.46,72867.0269,ETHUSDT,46.11108169,49.99772187,1881.446189,1871.483845,1855.1448,227625.2592,1823.982658,1892.878,1961.773342,0.07279427649,10.92365675,16.90208757,15.41572503,-0.07325871934,60.1343508,0.07724650953,227625.2592,Range/Chop,True,True
2023-07-30 00:00:00+00:00,1880.45,1885.3,1848.17,1861.79,158657.5902,ETHUSDT,45.46957585,46.67816511,1879.574171,1871.103694,1857.35,223164.7312,1821.909956,1891.9475,1961.985044,0.07403751279,10.55716489,15.91622504,17.87359163,-0.08245979765,59.94433765,0.07724650953,223164.7312,Range/Chop,True,True
2023-07-31 00:00:00+00:00,1861.79,1877.4,1851.02,1856.14,168204.4534,ETHUSDT,44.10603472,45.68953143,1877.342345,1870.516883,1859.4176,222686.3733,1819.288599,1890.8395,1962.390401,0.07568162279,10.21685102,15.23625652,17.11000104,-0.08524426966,59.74073019,0.07724650953,222686.3733,Range/Chop,True,True
2023-08-01 00:00:00+00:00,1856.13,1875.62,1813.8,1873.47,358476.0966,ETHUSDT,45.37131795,49.2407058,1876.97355,1870.632691,1862.0356,227389.8348,1819.455254,1890.922,1962.388746,0.07558931175,11.02555055,13.75340438,21.30437483,-0.0767035794,59.55086851,0.07724650953,227389.8348,Range/Chop,True,True
2023-08-02 00:00:00+00:00,1873.48,1879.74,1821.21,1839.9,254213.0553,ETHUSDT,46.31122382,43.33029634,1873.442736,1869.427488,1864.0312,212657.4165,1829.988535,1882.6925,1935.396465,0.05598786301,11.60689344,13.14727739,19.38113685,-0.09324777858,59.41291362,0.07600645885,212657.4165,Range/Chop,True,True
2023-08-03 00:00:00+00:00,1839.9,1859.12,1826,1835.81,171148.052,ETHUSDT,45.36899354,42.65847274,1869.858666,1868.109155,1867.7284,196278.6173,1827.539606,1877.5915,1927.643394,0.05331499847,12.14671183,12.46172765,18.37052964,-0.09526344062,59.28803884,0.07563546727,196278.6173,Range/Chop,True,True
2023-08-04 00:00:00+00:00,1835.81,1851.31,1815.74,1830.23,187699.4552,ETHUSDT,44.66906543,41.70834473,1866.084507,1866.623698,1870.9938,198904.5017,1824.86538,1872.5325,1920.19962,0.05091192794,12.95634557,11.75292192,18.96627631,-0.09801341475,59.08034559,0.07528142989,198904.5017,Range/Chop,True,True
2023-08-05 00:00:00+00:00,1830.24,1839,1827.5,1836.48,93657.3255,ETHUSDT,42.29984647,43.23345,1863.26503,1865.441592,1873.365,196154.0128,1823.897869,1868.251,1912.604131,0.04748091196,13.70814833,11.52468975,18.59796667,-0.0949332466,58.780809,0.07476630465,196154.0128,Range/Chop,True,True
2023-08-06 00:00:00+00:00,1836.48,1838.58,1825.86,1830.28,90403.9915,ETHUSDT,40.1870003,42.05790983,1860.123599,1864.062706,1875.4154,186816.2606,1821.529998,1864.205,1906.880002,0.04578359334,14.45983397,11.26413276,18.46898726,-0.0979887734,58.42659645,0.074369151,186816.2606,Range/Chop,True,True
2023-08-07 00:00:00+00:00,1830.28,1847,1802,1829.1,224092.9059,ETHUSDT,40.53078599,41.82481822,1857.16897,1862.691619,1877.5784,187231.8809,1818.333369,1860.7995,1903.265631,0.04564288708,15.87844344,10.37083301,21.20922451,-0.09857030915,58.11200623,0.07410837676,187231.8809,Range/Chop,True,True
2023-08-08 00:00:00+00:00,1829.1,1876.51,1826.33,1856.3,236336.03,ETHUSDT,41.22001556,48.8605118,1857.086211,1862.440968,1879.9622,188146.4323,1818.660639,1859.183,1899.705361,0.04359157844,15.75049471,14.58271122,19.36497678,-0.08516541735,57.8462915,0.07399236351,188146.4323,Range/Chop,True,True
2023-08-09 00:00:00+00:00,1856.3,1871.99,1846.28,1855.35,191926.8343,ETHUSDT,40.11215731,48.63925559,1856.920858,1862.162891,1881.2294,183097.3982,1819.663918,1857.371,1895.078082,0.04060263836,15.63168518,13.91508053,18.47840275,-0.08563360291,57.47544925,0.07387088379,183097.3982,Range/Chop,True,True
2023-08-10 00:00:00+00:00,1855.36,1865.95,1845.38,1852.47,127321.4553,ETHUSDT,38.71628893,47.93065037,1856.496967,1861.782777,1880.4966,181185.7689,1821.128176,1855.408,1889.687824,0.03695125123,15.55388483,13.38700231,17.94318922,-0.08705294439,57.1085243,0.07329441492,181185.7689,Range/Chop,True,True
2023-08-11 00:00:00+00:00,1852.47,1857.26,1838.05,1848.84,113209.3103,ETHUSDT,37.32298258,47.00120212,1855.767732,1861.275217,1880.0332,180251.1519,1820.525281,1854.524,1888.522719,0.0366657094,15.75278158,12.89484229,18.68633787,-0.08884190606,56.7438559,0.06439106975,180251.1519,Range/Chop,True,True
2023-08-12 00:00:00+00:00,1848.84,1854.01,1846.08,1849.93,63292.6476,ETHUSDT,35.22348382,47.33147098,1855.211757,1860.830307,1879.1792,175740.7334,1822.400074,1852.584,1882.767926,0.03258575675,15.93747142,12.68748043,18.38584301,-0.08830472473,56.36002095,0.05465143074,175740.7334,Range/Chop,True,True
2023-08-13 00:00:00+00:00,1849.94,1862,1834.51,1840.73,120674.1364,ETHUSDT,34.67109212,44.79418582,1853.832542,1860.042059,1878.4946,167949.2125,1821.510402,1852.1205,1882.730598,0.03305411067,16.54760835,11.96893445,19.7281988,-0.05427539471,55.89394803,0.05211346321,167949.2125,Range/Chop,True,True
2023-08-14 00:00:00+00:00,1840.73,1856.5,1835,1845.5,150196.1203,ETHUSDT,33.73029982,46.39857903,1853.038967,1859.471783,1877.4286,167846.458,1820.883618,1851.5125,1882.141382,0.03308525583,17.11416407,11.42399818,18.82998927,-0.05044892079,55.42140412,0.04919641995,167846.458,Range/Chop,True,True
2023-08-15 00:00:00+00:00,1845.5,1847.36,1814,1828.98,186081.6989,ETHUSDT,33.70384984,41.86111557,1850.747637,1858.276026,1876.8288,163546.0163,1818.74751,1849.3615,1879.97549,0.03310763249,18.37746045,10.61632322,21.949242,-0.05536675309,54.92751811,0.04663225265,163546.0163,Range/Chop,True,True
2023-08-16 00:00:00+00:00,1828.98,1831.52,1798.17,1807.81,205430.7368,ETHUSDT,33.67857485,36.88335121,1846.658338,1856.296967,1875.1934,165629.2319,1811.680554,1846.688,1881.695446,0.03791376389,20.01559872,9.865412628,23.75410455,-0.06284958918,54.44225491,0.04571324021,165629.2319,Range/Chop,False,True
2023-08-17 00:00:00+00:00,1807.81,1809.99,1550,1681.49,812138.2159,ETHUSDT,49.84367665,20.90755054,1830.92802,1849.441791,1872.2628,199301.3569,1758.561012,1837.053,1915.544988,0.08545424482,24.16807632,6.189765654,50.46786762,-0.1283325989,54.25849861,0.04571324021,199301.3569,Range/Chop,False,True
2023-08-18 00:00:00+00:00,1681.49,1699.4,1641.02,1661.59,538083.1018,ETHUSDT,50.45341403,19.47633471,1814.80059,1842.075054,1868.4548,222562.1607,1719.046104,1826.1095,1933.172896,0.1172584626,28.02394838,5.678178415,46.29667302,-0.1386485576,54.09285585,0.04571324021,222562.1607,Bear Trend,False,True
2023-08-19 00:00:00+00:00,1661.6,1696.72,1654.31,1669.67,231919.0485,ETHUSDT,49.87888445,21.81657073,1800.978629,1835.314072,1863.1724,226225.2336,1691.070196,1816.5035,1941.936804,0.1381041146,31.604401,5.333326582,43.48494514,-0.1238731411,53.89159234,0.04571324021,226225.2336,Bear Trend,False,True
2023-08-20 00:00:00+00:00,1669.68,1694.75,1662.03,1685.24,195623.5263,ETHUSDT,48.65324985,26.26369659,1789.955902,1829.428814,1858.3872,227596.1872,1671.674765,1807.9585,1944.242235,0.1507598046,34.92910702,5.077131031,41.39607072,-0.1154756594,53.60839527,0.04571324021,227596.1872,Bear Trend,False,True
2023-08-21 00:00:00+00:00,1685.23,1688.59,1649.4,1667.55,250835.1518,ETHUSDT,47.97730343,24.55476606,1778.298197,1823.080625,1852.9886,222214.14,1651.944334,1797.6625,1943.380666,0.1621196042,38.08063126,4.780900536,40.86112728,-0.1247605301,53.31209322,0.04571324021,222214.14,Bear Trend,False,True
2023-08-22 00:00:00+00:00,1667.56,1669.38,1580,1634.99,402012.045,ETHUSDT,50.9346389,21.74958568,1764.649797,1815.704522,1846.5776,229604.0895,1626.950274,1787.417,1947.883726,0.179551527,41.3003487,4.181649503,45.47184368,-0.1353193785,53.05358657,0.04571324021,229604.0895,Bear Trend,False,True
2023-08-23 00:00:00+00:00,1635,1702.11,1629.05,1679.61,374761.1088,ETHUSDT,52.51502184,33.03911931,1756.550769,1810.367482,1841.4458,239784.7423,1614.193339,1779.607,1945.020661,0.1858990895,43.10562879,8.217894186,40.95317348,-0.1103760593,52.85143753,0.04571324021,239784.7423,Bear Trend,False,True
2023-08-24 00:00:00+00:00,1679.61,1683.37,1635.28,1661.16,231539.7805,ETHUSDT,52.19894885,31.0446489,1747.465934,1804.516209,1836.4618,241976.7586,1599.778959,1771.1535,1942.528041,0.1935174344,44.78196029,7.677108075,38.2582121,-0.1201483051,52.64815627,0.04571324021,241976.7586,Bear Trend,False,True
2023-08-25 00:00:00+00:00,1661.16,1677.22,1635.51,1653.8,236261.6898,ETHUSDT,51.44973822,30.25989642,1738.545369,1798.605769,1832.6144,249106.9768,1586.132116,1762.0195,1937.906884,0.1996429482,46.33855384,7.232551908,36.04280443,-0.1233872934,52.42343083,0.04571324021,249106.9768,Bear Trend,False,True
2023-08-26 00:00:00+00:00,1653.79,1655.59,1644,1647.04,79175.425,ETHUSDT,48.60261406,29.52175151,1729.830572,1792.662013,1828.137,248545.5485,1573.099995,1752.8575,1932.615005,0.2051022464,47.78396212,7.109358539,35.4288808,-0.1269704969,52.16029291,0.06554856595,248545.5485,Bear Trend,False,True
2023-08-27 00:00:00+00:00,1647.03,1660.24,1646.32,1658.33,87789.9196,ETHUSDT,46.12528448,32.48394342,1723.020994,1787.394091,1823.9988,241730.3991,1563.637948,1744.319,1925.000052,0.2071651486,48.92377805,7.676196281,34.66516887,-0.120986123,51.84486723,0.1013563537,241730.3991,Bear Trend,False,True
2023-08-28 00:00:00+00:00,1658.33,1664.34,1621.75,1653.08,214351.0143,ETHUSDT,45.87276416,31.81431978,1716.359947,1782.126872,1819.8044,240631.1484,1556.986836,1734.158,1911.329164,0.2043310512,50.21069843,7.16713418,36.19207935,-0.1231740307,51.54057909,0.1276812886,240631.1484,Bear Trend,False,True
2023-08-29 00:00:00+00:00,1653.08,1745.84,1640,1729.42,494371.0823,ETHUSDT,50.15613815,48.45369762,1717.603761,1780.059936,1816.7848,255753.3608,1559.641326,1727.8615,1896.081674,0.1947148825,48.54795912,17.69344945,30.73687227,-0.07996850628,51.23689487,0.1444319596,255753.3608,Bear Trend,False,True
2023-08-30 00:00:00+00:00,1729.41,1730.93,1694.34,1705.23,202841.4402,ETHUSDT,49.18712828,44.72891711,1716.425308,1777.125429,1813.3234,259529.36,1562.138481,1720.4995,1878.860519,0.1840872591,47.0039869,16.7533032,29.10366021,-0.09283730729,50.95665238,0.1564397044,259529.36,Bear Trend,False,True
2023-08-31 00:00:00+00:00,1705.23,1729,1630,1645.76,330518.2668,ETHUSDT,52.74519055,37.1648858,1709.695278,1771.973843,1808.8022,270394.8078,1560.383041,1710.3455,1860.307959,0.1753592582,46.50942448,14.50722568,33.91484719,-0.1244746614,50.72684388,0.1687394312,270394.8078,Bear Trend,False,True
2023-09-01 00:00:00+00:00,1645.77,1654.53,1602.33,1629.12,302406.1686,ETHUSDT,52.70624837,35.36289404,1702.021442,1766.371732,1801.2948,282350.4839,1559.935282,1699.305,1838.674718,0.1640314346,46.37943265,13.48094836,35.26552058,-0.1318351621,50.52486693,0.1696953464,282350.4839,Bear Trend,False,True
2023-09-02 00:00:00+00:00,1629.13,1645,1628.03,1637.03,102145.9476,ETHUSDT,50.1536592,36.9284245,1695.831781,1761.299507,1795.2788,281424.0744,1563.483976,1689.12,1814.756024,0.1487591456,46.25872596,13.15513295,34.41320293,-0.1276198901,50.31525739,0.1696953464,281424.0744,Bear Trend,False,True
2023-09-03 00:00:00+00:00,1637.02,1647.5,1625.14,1635.84,116767.2862,ETHUSDT,48.16839783,36.78408185,1690.118278,1756.379526,1789.3674,279752.6327,1573.652962,1678.637,1783.621038,0.1250824778,46.18311531,12.71894184,33.70070375,-0.1282540461,50.09010805,0.1696953464,279752.6327,Bear Trend,False,True
2023-09-04 00:00:00+00:00,1635.84,1644.82,1616.32,1630.51,168010.9056,ETHUSDT,46.76351227,36.10339571,1684.441299,1751.443466,1783.5354,278849.0931,1587.655602,1668.7135,1749.771398,0.09715016765,46.22817917,12.16525949,33.58084525,-0.1310944253,49.78163605,0.1696953464,278849.0931,Bear Trend,False,True
2023-09-05 00:00:00+00:00,1630.52,1648.02,1609.69,1634.45,204365.4907,ETHUSDT,46.16111853,37.03100995,1679.680223,1746.855487,1778.0004,278795.8308,1608.712507,1660.0455,1711.378493,0.06184528446,46.35848399,11.44372709,32.61504513,-0.1289947829,49.47892395,0.1696953464,278795.8308,Bear Trend,False,True
2023-09-06 00:00:00+00:00,1634.46,1670,1609.2,1633.15,219541.0193,ETHUSDT,47.20675292,36.8409667,1675.248773,1742.396449,1772.7192,249165.9709,1606.010587,1657.6285,1709.246413,0.06227922903,45.6678081,13.71673935,29.61457437,-0.1296875583,49.23069129,0.1696953464,249165.9709,Bear Trend,False,True
2023-09-07 00:00:00+00:00,1633.15,1660,1623.4,1648.11,228558.2782,ETHUSDT,46.44912772,40.61770429,1672.664128,1738.698941,1767.9088,233689.7298,1605.209225,1656.9545,1708.699775,0.06245829291,45.02646621,12.94472322,27.947784,-0.119594656,49.01613,0.1696953464,233689.7298,Bear Trend,False,True
2023-09-08 00:00:00+00:00,1648.11,1658.93,1616.21,1636.44,221570.0458,ETHUSDT,46.18276145,38.67487688,1669.214211,1734.688786,1762.8058,233172.2796,1603.155074,1655.293,1707.430926,0.06299540393,44.5588873,12.08942793,27.21323451,-0.1229990085,48.79766834,0.1696953464,233172.2796,Bear Trend,False,True
2023-09-09 00:00:00+00:00,1636.43,1637.52,1629.74,1635.54,58519.6229,ETHUSDT,43.43970706,38.52184487,1666.007144,1730.800599,1757.682,226317.0844,1601.893031,1652.808,1703.722969,0.06161026394,44.12470688,11.93477063,26.8651018,-0.1216219119,48.56882298,0.1696953464,226317.0844,Bear Trend,False,True
2023-09-10 00:00:00+00:00,1635.53,1635.7,1600,1617.42,207957.8428,ETHUSDT,42.88687084,35.47806258,1661.379797,1726.354301,1752.7,224173.219,1597.630819,1650.3015,1702.972181,0.06383158609,44.246698,11.22514401,30.2209671,-0.1313533835,48.3540261,0.1696953464,224173.219,Bear Trend,False,True
2023-09-11 00:00:00+00:00,1617.42,1619,1531.01,1551.85,417424.8189,ETHUSDT,46.10852292,27.12555593,1650.948387,1719.510995,1745.9624,224943.8577,1578.345317,1646.1445,1713.943683,0.08237330687,45.24954935,9.695057477,36.78910064,-0.1665682062,48.08070281,0.1563952901,224943.8577,Bear Trend,False,True
2023-09-12 00:00:00+00:00,1551.84,1626,1549.67,1592.97,329739.9685,ETHUSDT,48.26719986,37.12284844,1645.426636,1714.548603,1740.8218,222692.8007,1572.075982,1641.8125,1711.549018,0.08495064755,45.90368618,9.635828055,32.63349533,-0.1419499057,47.76215261,0.1369208117,222692.8007,Bear Trend,False,True
2023-09-13 00:00:00+00:00,1592.97,1619.3,1581.88,1607.62,223409.2889,ETHUSDT,47.49239987,40.26691198,1641.826004,1710.355324,1735.821,222286.2761,1568.470963,1639.1355,1709.800037,0.0862217153,46.51109894,9.09352672,30.7968926,-0.1297743807,47.48692742,0.1111163227,222286.2761,Bear Trend,False,True
2023-09-14 00:00:00+00:00,1607.61,1644.29,1607.05,1626.47,275301.1505,ETHUSDT,46.76008559,44.1375024,1640.363528,1707.065704,1730.9104,224238.2491,1567.234746,1637.769,1708.303254,0.08613455751,46.05911396,12.39358952,29.04497677,-0.1119561894,47.24051594,0.09168594147,224238.2491,Bear Trend,False,True
2023-09-15 00:00:00+00:00,1626.48,1654.08,1611.42,1641.29,181340.024,ETHUSDT,46.46722234,47.04291524,1640.451763,1704.486264,1726.5106,229346.4791,1567.053952,1637.4815,1707.909048,0.08601935152,45.26481304,13.08576633,27.14031819,-0.09320493483,46.98758623,0.08617813641,229346.4791,Bear Trend,False,True
2023-09-16 00:00:00+00:00,1641.3,1653.17,1631.31,1634.4,99555.4671,ETHUSDT,44.7095636,45.84900113,1639.875405,1701.737783,1721.7148,229934.7565,1566.504772,1636.285,1706.065228,0.08529104439,44.5272479,12.62876143,26.19247472,-0.06383173716,46.72938959,0.08607695452,229934.7565,Bear Trend,False,True
2023-09-17 00:00:00+00:00,1634.4,1635,1612,1622.48,120227.4117,ETHUSDT,43.15888048,43.77892797,1638.218699,1698.629635,1716.5552,225228.5763,1565.173265,1634.755,1704.336735,0.08512802848,44.20871995,12.14804343,28.39128238,-0.07065939605,46.46955224,0.08565519796,225228.5763,Bear Trend,False,True
2023-09-18 00:00:00+00:00,1622.48,1669.5,1603.88,1636.66,279041.6978,ETHUSDT,44.76324616,46.85303473,1638.070252,1696.199453,1712.0526,214462.1071,1575.674305,1630.117,1684.559695,0.06679605825,42.59527122,16.38118049,25.41844176,-0.06253723136,46.24561994,0.08520953644,214462.1071,Bear Trend,False,True
2023-09-19 00:00:00+00:00,1636.66,1661.04,1626.32,1643.12,184282.4258,ETHUSDT,44.04587144,48.24152322,1638.55118,1694.117906,1707.7922,213534.1564,1584.223025,1627.0115,1669.799975,0.05259763037,41.09706882,15.45883916,23.98725801,-0.05883700683,46.05389709,0.08503933802,213534.1564,Bear Trend,False,True
2023-09-20 00:00:00+00:00,1643.13,1649.34,1604.51,1622.26,232844.2347,ETHUSDT,44.10188062,44.22374638,1636.999639,1691.299949,1702.768,208650.4548,1583.889567,1625.8365,1667.783433,0.05160043189,40.19887865,14.33640604,25.77799995,-0.07078540989,45.87427348,0.08366197721,208650.4548,Bear Trend,False,True
2023-09-21 00:00:00+00:00,1622.27,1625.3,1567.77,1583.94,240627.544,ETHUSDT,45.061032,37.96800908,1631.94634,1687.089755,1697.6488,205561.5235,1577.882425,1623.5775,1669.272575,0.05628936763,40.06810535,13.02901502,29.25105411,-0.09273472941,45.71950395,0.07458468256,205561.5235,Bear Trend,False,True
2023-09-22 00:00:00+00:00,1583.94,1602.68,1576.58,1593.08,124886.091,ETHUSDT,43.70667258,40.14293161,1628.244784,1683.403098,1692.7942,206698.5307,1574.27852,1621.38,1668.48148,0.05810048259,39.94667299,12.47326907,28.00336539,-0.08749942721,45.53820605,0.06531382217,206698.5307,Bear Trend,False,True
2023-09-23 00:00:00+00:00,1593.07,1598.24,1587.45,1593.86,64537.1341,ETHUSDT,41.35548168,40.33518741,1624.970043,1679.891604,1688.0668,204087.0231,1571.212528,1619.281,1667.349472,0.05937014262,39.83391438,12.24081314,27.48148551,-0.08705265087,45.35501276,0.06341349501,204087.0231,Bear Trend,False,True
2023-09-24 00:00:00+00:00,1593.85,1601.12,1570.01,1580.71,137517.8533,ETHUSDT,40.62366156,38.11265047,1620.754801,1676.002129,1682.9514,202562.3705,1566.213298,1616.791,1667.368702,0.06256554096,40.06157916,11.57123206,29.04470358,-0.09458484168,45.17473804,0.06278047245,202562.3705,Bear Trend,False,True
2023-09-25 00:00:00+00:00,1580.71,1597.5,1563.01,1588.33,176706.9277,ETHUSDT,40.18554287,40.16995298,1617.666724,1672.564006,1678.1124,201179.4423,1563.138423,1614.485,1665.831577,0.06360737633,40.40160484,10.86185862,28.50834895,-0.09022018054,45.01117342,0.06330139013,201179.4423,Bear Trend,False,True
2023-09-26 00:00:00+00:00,1588.34,1599.78,1580.05,1594.01,125583.0161,ETHUSDT,38.72443267,41.7250456,1615.413703,1669.483457,1673.4106,196481.5422,1561.192629,1612.528,1663.863371,0.06367067224,40.60392748,10.8871205,27.47085386,-0.08696673235,44.85079198,0.06363902429,196481.5422,Bear Trend,False,True
2023-09-27 00:00:00+00:00,1594.02,1634.1,1583.5,1598.64,274404.4328,ETHUSDT,39.57268748,43.02503064,1613.816207,1666.705282,1668.2574,198773.8499,1561.103432,1610.0545,1659.005568,0.06080672177,39.24784029,16.0875177,24.96186291,-0.08431471383,44.74181875,0.06363902429,198773.8499,Bear Trend,False,True
2023-09-28 00:00:00+00:00,1598.63,1668.21,1598.14,1652.99,331409.7015,ETHUSDT,41.75106694,55.5579836,1617.547045,1666.167428,1664.2102,204265.8327,1559.667544,1610.882,1662.096456,0.06358560887,36.78057876,19.99459943,21.96950528,-0.04502781742,44.6798436,0.06363902429,204265.8327,Bear Trend,False,True
2023-09-29 00:00:00+00:00,1653,1688,1648.37,1667.45,251975.6728,ETHUSDT,41.59956216,58.19293391,1622.299707,1666.217725,1660.5098,213938.6352,1556.521067,1612.4775,1668.433933,0.06940429619,34.41512249,22.03207628,20.47455223,-0.03559861191,44.63806905,0.06375112916,213938.6352,Bull Trend,False,True
2023-09-30 00:00:00+00:00,1667.45,1694.32,1666.19,1670.89,136924.9141,ETHUSDT,40.63745058,58.81847512,1626.927354,1666.400952,1656.9508,210386.9888,1553.668886,1615.151,1676.633114,0.07613172281,32.40275078,22.05358651,19.46220463,-0.01382855659,44.55917126,0.06523336525,210386.9888,Bull Trend,False,True
2023-10-01 00:00:00+00:00,1670.89,1751,1668,1733.79,225611.5868,ETHUSDT,43.66334697,68.19060893,1637.104749,1669.043659,1654.628,200796.3272,1550.338137,1624.248,1698.157863,0.09100810111,31.90942025,28.33141217,16.81964335,-0.009828669332,44.51503998,0.06523336525,200796.3272,Bull Trend,False,True
2023-10-02 00:00:00+00:00,1733.8,1744,1636.79,1662.4,378575.6898,ETHUSDT,48.20239361,53.35026255,1639.513821,1668.783124,1651.0614,203238.1132,1553.490698,1627.7195,1701.948302,0.09120588842,30.47821925,23.8304343,18.77237097,-0.05059965734,44.56226332,0.06523336525,203238.1132,Bull Trend,False,True
2023-10-03 00:00:00+00:00,1662.41,1670.65,1643,1656.88,198287.1164,ETHUSDT,46.7343655,52.40065843,1641.167742,1668.316334,1647.289,201982.0046,1555.517123,1630.1825,1704.847877,0.09160370287,29.1492469,22.82335723,17.97904828,-0.05375214163,44.59668499,0.06523336525,201982.0046,Bull Trend,False,True
2023-10-04 00:00:00+00:00,1656.88,1657.66,1625,1646.58,222861.7167,ETHUSDT,45.72905368,50.59113872,1641.683195,1667.463929,1643.641,199360.0329,1556.208713,1631.188,1706.167287,0.09193212141,27.37424731,21.65902892,19.87344299,-0.05963449457,44.65383844,0.06523336525,199360.0329,Bull Trend,False,True
2023-10-05 00:00:00+00:00,1646.58,1655.47,1606.73,1611.79,237378.7449,ETHUSDT,45.94412127,44.94548161,1638.836224,1665.280638,1639.7206,202161.969,1554.426631,1629.713,1704.999369,0.09239218044,25.62514731,20.01780997,21.20793424,-0.07950314106,44.74979046,0.06523336525,202161.969,Bear Trend,False,True
2023-10-06 00:00:00+00:00,1611.79,1662,1611.68,1645.03,220507.9286,ETHUSDT,46.25668404,50.61593926,1639.426108,1664.486495,1638.9914,208209.592,1554.683691,1630.2445,1705.805309,0.09269874429,23.81112199,19.47071345,19.56001293,-0.06051970303,44.84522209,0.06523336525,208209.592,Range/Chop,False,True
2023-10-07 00:00:00+00:00,1645.03,1647.71,1630.03,1633.57,101241.5732,ETHUSDT,44.21549232,48.75161092,1638.868383,1663.274084,1638.431,207260.3001,1555.311516,1630.799,1706.286484,0.09257730013,22.1266699,18.91460227,19.00135123,-0.06706453455,44.8951467,0.06523336525,207260.3001,Range/Chop,False,True
2023-10-08 00:00:00+00:00,1633.56,1641.4,1616.17,1632.84,149424.6635,ETHUSDT,42.85938573,48.62873946,1638.294252,1662.08059,1637.6944,200779.4484,1555.161481,1630.608,1706.054519,0.0925378987,20.98864835,18.11928486,20.51226534,-0.06748143918,44.94093384,0.06653748422,200779.4484,Range/Chop,False,True
2023-10-09 00:00:00+00:00,1632.85,1636,1546,1580.13,340141.0988,ETHUSDT,46.22657246,40.66008203,1632.754799,1658.866842,1635.5922,208572.382,1549.159104,1627.4585,1705.757896,0.09622291013,21.57922961,15.59949785,28.50225255,-0.09758423758,45.06610523,0.0727680095,208572.382,Range/Chop,False,True
2023-10-10 00:00:00+00:00,1580.13,1594.9,1550.55,1567.63,240659.3287,ETHUSDT,46.09253157,39.02681594,1626.552437,1655.288926,1633.5938,208963.1367,1542.195575,1624.727,1707.258425,0.1015942064,22.12762649,14.5273723,26.54334378,-0.1047230154,45.21226438,0.08356991196,208963.1367,Range/Chop,False,True
2023-10-11 00:00:00+00:00,1567.62,1578.43,1544.26,1566.87,260253.9671,ETHUSDT,45.24092217,38.92443967,1620.868396,1651.821517,1632.2314,209944.4579,1539.343666,1623.8735,1708.403334,0.1041088907,22.76278545,13.74363131,26.10444586,-0.1051570531,45.37922169,0.09110699476,209944.4579,Range/Chop,False,True
2023-10-12 00:00:00+00:00,1566.86,1568.56,1521,1539.61,237221.4977,ETHUSDT,45.40657059,35.34315784,1613.129501,1647.421066,1629.4314,215561.2282,1529.837414,1621.2,1712.562586,0.1127098267,23.79744008,12.71538632,27.81041758,-0.1207252998,45.55814633,0.09140479565,215561.2282,Range/Chop,False,True
2023-10-13 00:00:00+00:00,1539.61,1575.36,1537.76,1552.16,192205.8736,ETHUSDT,44.8489584,38.16388378,1607.322882,1643.685338,1627.2514,221944.6652,1523.545432,1619.115,1714.684568,0.1180516122,24.48722155,13.03694415,26.14503139,-0.1135579669,45.74345731,0.09176791214,221944.6652,Range/Chop,False,True
2023-10-14 00:00:00+00:00,1552.16,1561.72,1544.55,1554.94,100314.6754,ETHUSDT,42.87188995,38.8007936,1602.334036,1640.205128,1625.2742,220084.5063,1519.563594,1617.8265,1716.089406,0.1214752091,25.12773291,12.6639986,25.3971051,-0.1119703027,45.89625798,0.09216215093,220084.5063,Bear Trend,False,True
2023-10-15 00:00:00+00:00,1554.94,1567.62,1547.44,1557.77,120311.2738,ETHUSDT,41.25104066,39.484125,1598.089842,1636.972378,1623.4888,217264.7236,1515.335103,1616.2985,1717.261897,0.1249316225,25.46453774,13.24310175,24.50965809,-0.1103540834,46.02246574,0.09246503957,217264.7236,Bear Trend,False,True
2023-10-16 00:00:00+00:00,1557.78,1639.43,1555.06,1599.42,418510.8644,ETHUSDT,44.33096633,48.58331828,1598.216524,1635.499736,1622.3106,231911.116,1515.817146,1616.569,1717.320854,0.1246489996,23.94232077,23.01324665,21.17777259,-0.08656767561,45.93058723,0.09255759941,231911.116,Range/Chop,False,True
2023-10-17 00:00:00+00:00,1599.41,1600.53,1551.08,1565.01,234817.0699,ETHUSDT,44.69661159,42.85078359,1595.053998,1632.735432,1620.5492,229931.7479,1511.897196,1614.8875,1717.877804,0.127551057,22.41435883,21.19462837,20.14023652,-0.1062193033,45.83464053,0.09263802221,229931.7479,Range/Chop,False,True
2023-10-18 00:00:00+00:00,1565.01,1585.42,1555.88,1563.44,177750.2253,ETHUSDT,43.61399648,42.60377772,1592.043141,1630.017965,1617.2296,222248.7741,1506.651532,1610.41,1714.168468,0.1288596911,20.99553702,20.16925419,19.16587273,-0.1071159338,45.73022573,0.09446082721,222248.7741,Range/Chop,False,True
2023-10-19 00:00:00+00:00,1563.45,1574.45,1541.61,1566.57,216217.6675,ETHUSDT,42.8444253,43.30542587,1589.617127,1627.529809,1614.4564,220460.8738,1503.396747,1605.366,1707.335253,0.1270355215,19.75415629,19.064996,20.49558854,-0.1053283838,45.63341199,0.09890855825,220460.8738,Range/Chop,False,True
2023-10-20 00:00:00+00:00,1566.57,1630.4,1561.19,1603.89,315995.792,ETHUSDT,44.72768064,50.99739034,1590.976448,1626.602758,1613.619,229414.4177,1504.575785,1602.016,1699.456215,0.1216469933,19.58359387,25.89284138,18.23029322,-0.08401484866,45.57925161,0.1028515485,229414.4177,Range/Chop,False,True
2023-10-21 00:00:00+00:00,1603.88,1644.53,1592.36,1628.94,176419.4092,ETHUSDT,45.25927488,55.37396969,1594.592025,1626.694414,1613.6154,226954.8088,1518.948291,1596.7735,1674.598709,0.09747808202,19.73332173,25.99095934,16.72929954,-0.06970873786,45.48466221,0.1028515485,226954.8088,Range/Chop,True,True
2023-10-22 00:00:00+00:00,1628.94,1667.8,1621.1,1663.7,228650.9225,ETHUSDT,45.36218382,60.62871752,1601.173737,1628.145614,1614.1488,219458.5705,1518.792295,1596.8385,1674.884705,0.09775090542,20.34638344,27.74387034,15.49910825,-0.04985722444,45.36544824,0.1028515485,219458.5705,Range/Chop,False,True
2023-10-23 00:00:00+00:00,1663.69,1800,1657.07,1765.46,610931.9663,ETHUSDT,52.33131354,71.28766192,1616.820048,1633.530492,1616.7412,240090.813,1497.678019,1602.2675,1706.856981,0.1305518352,22.66381348,40.3757072,12.47539618,-0.01918888889,45.36765432,0.1084093587,240090.813,Range/Chop,False,True
2023-10-24 00:00:00+00:00,1765.47,1854.38,1756.21,1784.98,674055.1375,ETHUSDT,55.60550543,72.80840788,1632.835281,1639.469688,1619.8306,262650.484,1478.682841,1609.1875,1739.692159,0.162199444,25.25872406,42.26955465,10.90218397,-0.03742490752,45.4369171,0.1153807195,262650.484,Bull Trend,False,True
2023-10-25 00:00:00+00:00,1784.98,1817.69,1760,1787.15,354410.8294,ETHUSDT,55.7543979,72.97974135,1647.531921,1645.261073,1622.8846,268502.0882,1466.111072,1617.9555,1769.799928,0.1876991403,27.66828389,39.14548257,10.09642178,-0.03625470508,45.5561135,0.1197634107,268502.0882,Bull Trend,False,True
2023-10-26 00:00:00+00:00,1787.15,1865.54,1762.21,1803.38,431169.0453,ETHUSDT,59.15265519,74.28483125,1662.374595,1651.461815,1626.2892,279035.1441,1454.013096,1625.873,1797.732904,0.2114063074,30.25200655,40.03917182,8.836650702,-0.03332011107,45.77323635,0.1215611012,279035.1441,Bull Trend,False,True
2023-10-27 00:00:00+00:00,1803.39,1803.91,1744.66,1779.4,274532.6921,ETHUSDT,59.15960839,68.98319901,1673.519872,1656.478999,1628.915,287699.7,1448.704689,1633.1645,1817.624311,0.2258925059,32.12909587,37.17486119,10.32346201,-0.04617429806,45.99468375,0.1231479965,287699.7,Bull Trend,False,True
2023-10-28 00:00:00+00:00,1779.41,1803.23,1770,1776.2,122919.7382,ETHUSDT,57.30749351,68.28286267,1683.298932,1661.17394,1631.7102,286374.4537,1445.623202,1640.3325,1835.041798,0.2374022314,33.87210738,35.63514652,9.895883119,-0.04788961909,46.11387301,0.124790311,286374.4537,Bull Trend,False,True
2023-10-29 00:00:00+00:00,1776.21,1811.3,1762.66,1795.14,144110.6508,ETHUSDT,56.68838683,70.21056627,1693.950462,1666.427511,1634.9022,276572.9313,1447.324266,1651.083,1854.841734,0.2468182817,35.56277019,34.467997,9.289389845,-0.03773706273,46.23889398,0.125983572,276572.9313,Bull Trend,False,True
2023-10-30 00:00:00+00:00,1795.14,1829.84,1777.77,1809.04,277686.192,ETHUSDT,56.35850206,71.57594106,1704.91137,1672.020158,1638.7346,278424.2745,1452.12735,1663.1535,1874.17965,0.2537662944,37.29755625,34.54309202,8.676351995,-0.03028613699,46.29911584,0.1272932892,278424.2745,Bull Trend,False,True
2023-10-31 00:00:00+00:00,1809.03,1819.41,1780.99,1814.67,258074.5796,ETHUSDT,55.07718048,72.13307165,1715.364573,1677.614269,1643.991,278315.3051,1459.545039,1675.5435,1891.541961,0.2578249519,38.90842902,32.82194157,8.244042486,-0.02726824405,46.33863138,0.1282053741,278315.3051,Bull Trend,False,True
2023-11-01 00:00:00+00:00,1814.67,1857.66,1783.19,1846.99,471921.6184,ETHUSDT,56.46238188,75.14492384,1727.900328,1684.256455,1649.0714,290050.3112,1472.066189,1690.9125,1909.758811,0.2588499533,40.73436732,34.5686798,7.467376395,-0.009943501613,46.44377675,0.1297057632,290050.3112,Bull Trend,False,True
2023-11-02 00:00:00+00:00,1846.99,1875,1785.01,1800.8,368738.2193,ETHUSDT,58.85721174,64.42778097,1734.843154,1688.82679,1652.935,298876.9284,1489.24151,1703.3445,1917.44749,0.2513912958,42.56491047,32.89776489,6.651856473,-0.03957333333,46.62192365,0.1463756396,298876.9284,Bull Trend,False,True
2023-11-03 00:00:00+00:00,1800.79,1834.58,1777.11,1832.71,315000.2678,ETHUSDT,58.75812519,67.84015653,1744.163806,1694.469269,1657.0598,309611.2081,1507.445402,1717.233,1927.020598,0.2443321295,43.96237455,30.59943892,7.147493468,-0.02255466667,46.82183387,0.1749492922,309611.2081,Bull Trend,False,True
2023-11-04 00:00:00+00:00,1832.7,1869.9,1824.03,1855.54,171538.0364,ETHUSDT,57.83754482,70.05353281,1754.771063,1700.785768,1661.3448,312172.5462,1527.513968,1732.1215,1936.729032,0.2362507847,45.55521977,33.22798823,6.742596409,-0.01037866667,47.01644097,0.1995527239,312172.5462,Bull Trend,False,True
2023-11-05 00:00:00+00:00,1855.54,1912.67,1846.11,1891.71,383106.7628,ETHUSDT,58.46057733,73.20051999,1767.812866,1708.272993,1666.491,310402.3411,1540.38274,1746.736,1953.08926,0.2362729798,47.33451678,35.75147768,6.194257148,-0.01095850304,47.20400471,0.2186494067,310402.3411,Bull Trend,False,True
2023-11-06 00:00:00+00:00,1891.71,1914.23,1868.48,1900.95,328746.2394,ETHUSDT,57.55267895,73.95353952,1780.492593,1715.828954,1672.0604,315098.7996,1564.523868,1763.533,1962.542132,0.2256936869,48.99699453,33.91511026,5.842545502,-0.006937515346,47.3890639,0.2257930964,315098.7996,Bull Trend,False,True
2023-11-07 00:00:00+00:00,1900.95,1906.99,1850.32,1885.27,332419.4406,ETHUSDT,57.48963045,70.34151762,1790.471394,1722.473701,1677.0326,322832.2604,1596.525,1779.6245,1962.724,0.2057731844,49.83955161,31.52714011,7.68747815,-0.01512879852,47.57751172,0.2257930964,322832.2604,Bull Trend,False,True
2023-11-08 00:00:00+00:00,1885.26,1904.69,1872.51,1888.12,247881.0997,ETHUSDT,55.68179971,70.62237867,1799.771261,1728.969634,1681.9326,324415.432,1635.180059,1795.702,1956.223941,0.1787846106,50.62192604,30.22568463,7.370135361,-0.01363994922,47.78154659,0.2257930964,324415.432,Bull Trend,False,True
2023-11-09 00:00:00+00:00,1888.11,2132,1882.07,2121.32,1100330.324,ETHUSDT,69.55667116,83.98577578,1830.394951,1744.355923,1691.9138,363632.1586,1629.383481,1821.5735,2013.763519,0.2110153873,52.62298255,45.81081254,5.478545278,-0.005009380863,48.22604327,0.2257930964,363632.1586,Bull Trend,False,True
2023-11-10 00:00:00+00:00,2121.33,2136.99,2064.61,2077.72,555573.6495,ETHUSDT,69.7583375,76.93901551,1853.949717,1757.429024,1701.7894,382589.8706,1642.459427,1844.0125,2045.565573,0.2186027189,54.49735009,42.9265832,5.072513826,-0.02773527251,48.62020684,0.2257930964,382589.8706,Bull Trend,False,True
2023-11-11 00:00:00+00:00,2077.72,2089.6,2030.3,2053.17,370966.0372,ETHUSDT,69.0113134,73.21400409,1872.923077,1769.026709,1710.9912,389705.6263,1660.130093,1863.486,2066.841907,0.2182532168,55.3043789,40.29187401,8.312355213,-0.03922339365,48.96594207,0.2257930964,389705.6263,Bull Trend,False,True
2023-11-12 00:00:00+00:00,2053.16,2066.5,2012.1,2044.68,281907.559,ETHUSDT,67.96764815,71.9172579,1889.28088,1779.836642,1720.0076,373254.4059,1664.800767,1877.447,2090.093233,0.2265270162,55.57928001,37.9883853,9.74981208,-0.04319627139,49.30719621,0.226209761,373254.4059,Bull Trend,False,True
2023-11-13 00:00:00+00:00,2044.69,2118,2028.49,2053.65,529143.5815,ETHUSDT,69.50638757,72.47201727,1904.935081,1790.574421,1729.4664,366008.8282,1669.529975,1890.8805,2112.231025,0.2341242881,56.1520122,39.78643138,8.852971917,-0.03899877866,49.68630124,0.2303256521,366008.8282,Bull Trend,False,True
2023-11-14 00:00:00+00:00,2053.65,2064.96,1936.6,1979.39,481909.733,ETHUSDT,73.71021703,61.61949994,1912.026026,1797.978953,1737.2876,372383.7733,1681.309298,1900.4925,2119.675702,0.2306593705,54.66311696,34.83752806,16.65634112,-0.07374859031,50.14035115,0.2323918293,372383.7733,Bull Trend,False,True
2023-11-15 00:00:00+00:00,1979.4,2062.4,1967.01,2058.48,421870.8032,ETHUSDT,75.25877296,67.24530867,1925.974024,1808.194681,1746.577,371918.8612,1688.533552,1913.2475,2137.961448,0.2349031663,53.28057137,31.68350393,15.1483552,-0.03673859026,50.64950464,0.2345137272,371918.8612,Bull Trend,False,True
2023-11-16 00:00:00+00:00,2058.49,2090.4,1939.1,1961.77,545286.1297,ETHUSDT,80.69028917,56.36548045,1929.383164,1814.217242,1753.8396,385456.5331,1705.452132,1922.366,2139.279868,0.2256738498,52.26290152,29.91863043,13.11948109,-0.08199383245,51.27502812,0.2345137272,385456.5331,Bull Trend,False,True
2023-11-17 00:00:00+00:00,1961.77,1991.5,1904,1960.82,401100.5069,ETHUSDT,81.17669709,56.26917132,1932.377149,1819.96637,1759.9962,399365.5715,1724.875877,1931.597,2138.318123,0.2140416694,50.60151093,27.61511911,15.19787963,-0.08243838296,51.88191897,0.2323918293,399365.5715,Bull Trend,False,True
2023-11-18 00:00:00+00:00,1960.82,1971.22,1916,1962.6,279368.2208,ETHUSDT,79.3226473,56.41942609,1935.255515,1825.559846,1765.8992,406128.45,1742.685107,1939.97,2137.254893,0.2033896326,49.05879109,26.24196878,14.44217137,-0.08160543568,52.46986523,0.2285931933,406128.45,Bull Trend,False,True
2023-11-19 00:00:00+00:00,1962.59,2015.75,1942.89,2011.47,251132.6192,ETHUSDT,78.86102963,60.43845257,1942.514038,1832.85044,1772.7108,404800.7714,1760.077114,1950.0915,2140.105886,0.1948774055,48.11288048,28.54349497,13.48908737,-0.05873682142,53.04918438,0.2261103515,404800.7714,Bull Trend,False,True
2023-11-20 00:00:00+00:00,2011.47,2066.4,1990,2021.4,421717.679,ETHUSDT,78.6852418,61.22100963,1950.026987,1840.24454,1778.463,412982.9264,1778.693914,1960.428,2142.162086,0.1854024586,47.71672999,31.1617723,12.55356407,-0.05409009869,53.60958788,0.2256837684,412982.9264,Bull Trend,False,True
2023-11-21 00:00:00+00:00,2021.41,2034.6,1931.43,1933.01,490163.9863,ETHUSDT,80.4341531,51.4627135,1948.406321,1843.882402,1783.8752,413895.0448,1790.000648,1964.729,2139.457352,0.1778650914,46.16953291,28.30676613,16.60465841,-0.09545201428,54.22171255,0.2221382844,413895.0448,Bull Trend,False,True
2023-11-22 00:00:00+00:00,1933.01,2092.46,1928.41,2063.21,466120.5109,ETHUSDT,86.40671359,61.25855689,1959.340005,1852.483484,1792.0018,418764.1593,1815.348531,1977.8495,2140.350469,0.1643208633,45.31221559,29.25103387,14.35285404,-0.03452519666,54.97256642,0.2184279678,418764.1593,Bull Trend,False,True
2023-11-23 00:00:00+00:00,2063.22,2088.94,2040.35,2062.2,250960.6958,ETHUSDT,83.70551977,61.1554479,1969.136195,1860.707661,1800.3142,415562.1807,1837.370669,1989.324,2141.277331,0.1527688106,44.51613523,28.03818696,13.75773611,-0.03499782404,55.69059739,0.2161474431,415562.1807,Bull Trend,False,True
2023-11-24 00:00:00+00:00,2062.21,2133.02,2059.37,2080.84,426932.5402,ETHUSDT,82.98726835,62.41286186,1979.774652,1869.340302,1809.6952,428331.9059,1856.791859,2000.589,2144.386141,0.1437548051,44.19239816,30.05483669,12.88560813,-0.02627527504,56.40395948,0.2125285284,428331.9059,Bull Trend,False,True
2023-11-25 00:00:00+00:00,2080.84,2090.54,2065.3,2083.09,138847.393,ETHUSDT,78.86246347,62.5703635,1989.614209,1877.722643,1818.4564,416118.9374,1871.227405,2010.158,2149.088595,0.1382285327,43.89178516,29.36775979,12.59103313,-0.02522239224,57.07292666,0.2083942859,416118.9374,Bull Trend,False,True
2023-11-26 00:00:00+00:00,2083.1,2094.99,2036.42,2062.33,241262.9136,ETHUSDT,77.4130018,60.06928246,1996.539523,1884.962147,1827.0316,411744.7712,1887.076776,2018.227,2149.377224,0.1299657813,42.98358721,27.78066049,14.57532807,-0.03493699081,57.70359856,0.2045814085,411744.7712,Bull Trend,False,True
2023-11-27 00:00:00+00:00,2062.34,2071.24,1985.78,2027.5,326073.2298,ETHUSDT,77.98778738,56.02317327,1999.48814,1890.551867,1834.9248,411427.4606,1909.236077,2025.3385,2141.440923,0.1146498946,41.14531729,25.60620351,18.07257203,-0.05123561645,58.30754391,0.1991335191,411427.4606,Bull Trend,False,True
2023-11-28 00:00:00+00:00,2027.5,2075,1995.15,2048.14,283775.9279,ETHUSDT,78.12080257,57.8356461,2004.12165,1896.731794,1844.285,413222.202,1935.554497,2033.3395,2131.124503,0.0961816789,39.4881177,24.08049379,16.75310011,-0.04157717163,58.91623125,0.1991335191,413222.202,Bull Trend,False,True
2023-11-29 00:00:00+00:00,2048.14,2075.7,2019.31,2028.81,254843.7319,ETHUSDT,76.56860239,55.52750364,2006.472922,1901.911331,1853.5086,370947.8724,1939.650452,2028.714,2117.777548,0.08780296041,37.95916634,22.87905108,15.87181076,-0.05062260469,59.51508378,0.1901399321,370947.8724,Bull Trend,False,True
2023-11-30 00:00:00+00:00,2028.8,2054.75,2020.85,2051.96,243680.0921,ETHUSDT,73.52084507,57.70453482,2010.805024,1907.795593,1863.2104,355353.1946,1940.515486,2027.426,2114.336514,0.08573483209,36.53942579,22.12552345,15.34906845,-0.03978961062,60.01270874,0.181633775,355353.1946,Bull Trend,False,True
2023-12-01 00:00:00+00:00,2051.95,2110.87,2045.04,2087.24,372645.586,ETHUSDT,72.971499,60.84988128,2018.084546,1914.832628,1874.163,355437.172,1938.991706,2029.1295,2119.267294,0.08884380657,36.01370418,26.19313581,14.36000404,-0.02328040842,60.42552717,0.1710929773,355437.172,Bull Trend,False,True
2023-12-02 00:00:00+00:00,2087.24,2186.6,2086.25,2164.74,320979.9768,ETHUSDT,74.92710621,66.70701603,2032.051732,1924.632917,1886.4146,357390.7929,1927.381139,2035.1325,2142.883861,0.1058912492,36.35756086,30.90678262,12.98626278,-0.009997256014,60.89540618,0.1585448369,357390.7929,Bull Trend,False,True
2023-12-03 00:00:00+00:00,2164.75,2217.27,2149,2192.95,257879.1136,ETHUSDT,74.45159862,68.55135257,2047.375376,1935.155156,1899.1748,343827.5695,1914.312508,2042.0975,2169.882492,0.1251507253,36.95975993,31.82491886,12.13568893,-0.01096844318,61.37411526,0.1482618078,343827.5695,Bull Trend,False,True
2023-12-04 00:00:00+00:00,2192.96,2274.28,2191,2243.37,565307.7134,ETHUSDT,75.08219872,71.5815585,2066.041531,1947.242012,1912.8868,347997.4685,1903.811097,2055.2965,2206.781903,0.1474097808,37.98492098,34.72709123,11.1742092,-0.01359111455,61.85974989,0.1455822929,347997.4685,Bull Trend,False,True
2023-12-05 00:00:00+00:00,2243.36,2309.72,2188.33,2293.33,529829.7214,ETHUSDT,78.38989881,74.23109778,2087.688052,1960.81409,1926.765,353395.4144,1883.391934,2067.039,2250.686066,0.1776909536,39.19178546,34.11520336,9.938228837,-0.007096098228,62.39530347,0.1455822929,353395.4144,Bull Trend,False,True
2023-12-06 00:00:00+00:00,2293.33,2312.23,2220,2232.7,408338.9056,ETHUSDT,79.37847747,66.16856252,2101.498714,1971.476283,1940.1188,346548.0532,1890.152796,2080.5855,2271.018204,0.183056841,40.33036377,31.50974251,9.113425516,-0.03439536724,62.98135322,0.1455822929,346548.0532,Bull Trend,False,True
2023-12-07 00:00:00+00:00,2232.7,2382.8,2222,2355.73,485190.0609,ETHUSDT,85.19430051,72.65820662,2125.711217,1986.545056,1955.9646,350752.5309,1883.588711,2100.331,2317.073289,0.2063886973,41.84939911,33.17839321,7.884772883,-0.01136058419,63.68693513,0.1455822929,350752.5309,Bull Trend,False,True
2023-12-08 00:00:00+00:00,2355.74,2392,2336.34,2358.72,378569.8126,ETHUSDT,83.08470761,72.79478984,2147.90253,2001.140152,1971.8076,355712.6105,1885.686325,2120.137,2354.587675,0.2211655895,43.31432234,32.38169394,7.507475964,-0.01391304348,64.30123738,0.1455822929,355712.6105,Bull Trend,False,True
2023-12-09 00:00:00+00:00,2358.71,2403,2328.01,2340.49,287771.0664,ETHUSDT,82.50651421,70.4829662,2166.244194,2014.447989,1986.5396,357544.5329,1889.133029,2136.588,2384.042971,0.2316356465,44.74154505,31.23173865,7.02008101,-0.02601331669,64.90813709,0.1455822929,357544.5329,Bull Trend,False,True
2023-12-10 00:00:00+00:00,2340.48,2377.47,2320,2352.39,200037.2102,ETHUSDT,80.71819177,71.12755527,2183.972366,2027.700617,2001.0086,346460.5094,1894.682737,2153.1375,2411.592263,0.2400726968,45.8434672,29.64341904,7.371883405,-0.02106117353,65.49942492,0.1455822929,346460.5094,Bull Trend,False,True
2023-12-11 00:00:00+00:00,2352.39,2355,2156.62,2225.12,640414.9166,ETHUSDT,89.12260664,56.83289676,2187.891188,2035.442554,2012.237,353973.0559,1928.388337,2167.743,2407.097663,0.2208330631,43.47925302,24.93027987,19.29411562,-0.0740241365,66.22802552,0.1455822929,353973.0559,Bull Trend,False,True
2023-12-12 00:00:00+00:00,2225.11,2244.12,2166,2203.46,361588.9087,ETHUSDT,88.33670617,54.81386379,2189.373932,2042.031473,2020.997,348746.4758,1939.886035,2174.7555,2409.624965,0.2159962025,41.28391128,23.35549893,18.07535651,-0.08303786933,66.95282132,0.1455822929,348746.4758,Bull Trend,False,True
2023-12-13 00:00:00+00:00,2203.47,2284.02,2144.32,2260.16,418916.6154,ETHUSDT,92.00551287,58.927312,2196.115462,2050.585533,2030.5006,357144.2718,1952.927754,2184.6535,2416.379246,0.2121395875,39.72761103,23.92008994,16.11497142,-0.05944236371,67.77171503,0.1455822929,357144.2718,Bull Trend,False,True
2023-12-14 00:00:00+00:00,2260.16,2332.11,2228.2,2315.32,409508.0931,ETHUSDT,92.85583338,62.5034782,2207.468275,2060.967277,2041.064,356273.0494,1963.125895,2196.3775,2429.629105,0.2123966436,38.8072659,25.70739473,14.82687119,-0.03648772368,68.63179491,0.1625503672,356273.0494,Bull Trend,False,True
2023-12-15 00:00:00+00:00,2315.32,2317.81,2200,2220.5,333552.6328,ETHUSDT,94.63827385,53.82731588,2208.709392,2067.223462,2049.4064,366008.3114,1975.724235,2203.248,2430.771765,0.2065348654,37.45894416,23.42155711,15.63690763,-0.07594673325,69.47025004,0.1803738973,366008.3114,Bull Trend,False,True
2023-12-16 00:00:00+00:00,2220.51,2263.4,2210,2228.96,199285.923,ETHUSDT,91.69268286,54.43504428,2210.638021,2073.566071,2058.3976,363909.4619,1993.29058,2211.5795,2429.86842,0.1974054473,36.20693112,22.44725351,14.98643443,-0.072426134,70.25351789,0.1902311441,363909.4619,Bull Trend,False,True
2023-12-17 00:00:00+00:00,2228.96,2248.68,2191.5,2196.52,225925.7675,ETHUSDT,89.22749123,51.62888499,2209.293448,2078.387794,2066.804,358902.0888,2018.455005,2220.0305,2421.605995,0.1815970505,34.70331885,21.41975632,15.78141337,-0.08592592593,71.0137428,0.1902311441,358902.0888,Bull Trend,False,True
2023-12-18 00:00:00+00:00,2196.53,2224,2116.6,2219.43,364103.1181,ETHUSDT,90.52552757,53.4538172,2210.258834,2083.918861,2075.2898,362918.4483,2043.041555,2228.595,2414.148445,0.1665205613,32.35847126,19.60457628,20.35398009,-0.07639200999,71.80842784,0.1902311441,362918.4483,Range/Chop,False,True
2023-12-19 00:00:00+00:00,2219.44,2255,2135.55,2177.91,383551.4049,ETHUSDT,92.59156132,49.7877527,2207.177992,2087.604788,2082.6672,369353.832,2072.530101,2236.05,2399.569899,0.1462578202,30.36323308,20.18950567,18.47839809,-0.09367041199,72.60615919,0.1902311441,369353.832,Bull Trend,False,True
2023-12-20 00:00:00+00:00,2177.9,2266,2156,2202.17,416841.6272,ETHUSDT,93.83502122,51.86505633,2206.701041,2092.097541,2090.4172,378011.9087,2102.263393,2243.5605,2384.857607,0.1259579197,28.66812724,19.33630182,16.93113555,-0.08357469829,73.41575496,0.1902311441,378011.9087,Bull Trend,False,True
2023-12-21 00:00:00+00:00,2202.17,2279.31,2182.98,2239.61,453069.7252,ETHUSDT,94.01323399,54.96177208,2209.835227,2097.882344,2098.2696,382033.1157,2129.324137,2251.179,2373.033863,0.1082587065,27.28888333,18.93235721,15.69196632,-0.06799417395,74.2266058,0.1902311441,382033.1157,Bull Trend,False,True
2023-12-22 00:00:00+00:00,2239.6,2343.15,2230.59,2324.54,591357.488,ETHUSDT,95.33800299,61.07875864,2220.759491,2106.770879,2108.7444,395551.9912,2140.109038,2259.169,2378.228962,0.1054015539,26.85685663,22.11874499,14.36863874,-0.0326508531,74.94338395,0.1902311441,395551.9912,Bull Trend,False,True
2023-12-23 00:00:00+00:00,2324.54,2330.65,2265,2308.2,255626.9352,ETHUSDT,93.21743135,59.40701539,2229.087159,2114.67006,2118.2542,395439.3823,2148.114269,2264.9315,2381.748731,0.1031529923,26.45568899,21.0060656,13.64582701,-0.03945068664,75.57024938,0.1902311441,395439.3823,Bull Trend,False,True
2023-12-24 00:00:00+00:00,2308.2,2326.19,2245,2264.05,307951.076,ETHUSDT,92.35832911,55.02473021,2232.416953,2120.528097,2126.4244,382571.5504,2149.564621,2265.9655,2382.366379,0.1027384385,25.68946734,19.68707058,14.33576038,-0.05782355389,76.1803149,0.1902311441,382571.5504,Bull Trend,False,True
2023-12-25 00:00:00+00:00,2264.04,2304.8,2253.1,2271.35,286277.1616,ETHUSDT,89.45416275,55.60783428,2236.124863,2126.442682,2134.0172,370393.9225,2149.106538,2264.8665,2380.626462,0.1022223267,24.97797581,18.87434664,13.74394986,-0.05478568456,76.68534003,0.1902311441,370393.9225,Range/Chop,False,True
2023-12-26 00:00:00+00:00,2271.36,2274.99,2178.45,2230.88,410413.1591,ETHUSDT,89.96029398,51.61276387,2235.625352,2130.538263,2140.6158,370497.6351,2148.911721,2264.7755,2380.639279,0.1023181141,23.42966557,17.42757389,18.61765485,-0.07162713275,77.19868479,0.1895012489,370497.6351,Range/Chop,False,True
2023-12-27 00:00:00+00:00,2230.88,2392.44,2211.88,2378.35,541537.3574,ETHUSDT,96.43170155,62.25442951,2249.218175,2140.25637,2150.4774,373314.9999,2146.137606,2265.9065,2385.675394,0.1057138885,23.1281498,23.79646142,16.12765882,-0.01025801082,77.85075492,0.1740588059,373314.9999,Range/Chop,False,True
2023-12-28 00:00:00+00:00,2378.35,2445.8,2335,2344.15,580459.982,ETHUSDT,97.45800858,59.01302113,2258.259302,2148.252199,2159.598,383409.5084,2147.517451,2265.178,2382.838549,0.1038863608,23.40415035,25.77486079,14.81797785,-0.04156104342,78.53024862,0.1563891908,383409.5084,Range/Chop,False,True
2023-12-29 00:00:00+00:00,2344.15,2385.41,2255.34,2299.2,450201.2069,ETHUSDT,99.78743654,54.96243621,2262.158416,2154.17172,2163.1556,391531.0154,2149.429393,2263.1135,2376.797607,0.1004669952,22.44386588,23.37509108,19.1404699,-0.0599394881,79.25406419,0.13610787,391531.0154,Range/Chop,False,True
2023-12-30 00:00:00+00:00,2299.2,2322.84,2268,2291.68,210539.1327,ETHUSDT,96.57690536,54.29105222,2264.969995,2159.564202,2167.4348,392056.1116,2153.043569,2260.078,2367.112431,0.09471746608,21.55217315,22.42700136,18.3641357,-0.0630141467,79.94572628,0.1171083131,392056.1116,Range/Chop,False,True
2023-12-31 00:00:00+00:00,2291.68,2321.34,2258.88,2281.87,222175.8779,ETHUSDT,94.13998355,53.37508603,2266.579519,2164.360508,2172.0088,371144.1596,2156.73297,2262.9155,2369.09803,0.09384577526,20.5867515,21.36415367,18.18581165,-0.06702510426,80.5736863,0.1069862975,371144.1596,Range/Chop,False,True
2024-01-01 00:00:00+00:00,2281.87,2352.37,2265.24,2352.04,216702.6914,ETHUSDT,93.63927044,58.73764792,2274.718613,2171.720488,2178.156,363899.8488,2161.094267,2270.3445,2379.594733,0.09624110634,20.08603831,22.31120847,16.97712327,-0.03833510508,81.15338728,0.1055577212,363899.8488,Range/Chop,False,True
2024-01-02 00:00:00+00:00,2352.05,2431.3,2341,2355.34,458041.6642,ETHUSDT,93.40075112,58.97661217,2282.39684,2178.921253,2184.1898,365856.1012,2159.911819,2275.1035,2390.295181,0.1012628048,20.49555143,26.80665861,15.80472965,-0.0369858533,81.73076438,0.1046439573,365856.1012,Range/Chop,False,True
2024-01-03 00:00:00+00:00,2355.35,2385.45,2100,2209.72,798729.4869,ETHUSDT,107.1185546,46.2483991,2275.475236,2180.129047,2188.7964,385317.1709,2152.822916,2269.8235,2386.824084,0.1030922312,20.04324985,21.70419412,28.86671903,-0.09652465451,82.55211454,0.1035196765,385317.1709,Range/Chop,False,True
2024-01-04 00:00:00+00:00,2209.72,2294.69,2201.91,2267.11,448844.055,ETHUSDT,106.0943721,50.75880932,2274.678547,2183.540065,2192.969,391081.742,2157.339702,2272.154,2386.968298,0.1010620738,19.62325552,20.34845024,27.06357088,-0.07305993949,83.34601112,0.1031226117,391081.742,Range/Chop,True,True
2024-01-05 00:00:00+00:00,2267.11,2277.21,2206.17,2268.78,405568.0006,ETHUSDT,103.5904884,50.88795432,2274.116781,2186.882807,2199.1092,401395.8459,2161.027366,2274.145,2387.262634,0.09948146114,19.23326078,19.35169994,25.73788651,-0.07237713632,84.11330795,0.1029153348,401395.8459,Range/Chop,True,True
2024-01-06 00:00:00+00:00,2268.78,2270,2216.4,2240.78,194067.8656,ETHUSDT,100.0197392,48.58706384,2270.941849,2188.996423,2204.7084,399802.9508,2167.759998,2276.358,2384.956002,0.09541381655,18.87112281,18.61095251,24.75268762,-0.08382533322,84.8221431,0.1025282763,399802.9508,Range/Chop,True,True
2024-01-07 00:00:00+00:00,2240.77,2258.01,2203.46,2221.42,207138.6927,ETHUSDT,96.77190073,47.00453118,2266.225483,2190.267936,2209.8848,391954.7295,2168.064863,2276.4575,2384.850137,0.09522922116,18.67240481,17.8616002,24.71116205,-0.09174094366,85.50697811,0.1022702204,391954.7295,Range/Chop,True,True
2024-01-08 00:00:00+00:00,2221.42,2358.2,2166.38,2330.44,539407.5547,ETHUSDT,103.5610507,55.7457589,2272.341151,2195.764879,2216.2642,399747.537,2183.303,2284.084,2384.865,0.08824631658,17.49617737,22.40880607,21.44180335,-0.04716657127,86.07371777,0.1017425658,399747.537,Range/Chop,True,True
2024-01-09 00:00:00+00:00,2330.43,2371.72,2226.78,2344.29,551454.9931,ETHUSDT,106.5166899,56.72237833,2279.193422,2201.589394,2222.722,406478.2053,2194.557703,2291.19,2387.822297,0.08435118596,16.5603584,21.13742091,19.35777383,-0.04150380244,86.68635698,0.1011624393,406478.2053,Range/Chop,True,True
2024-01-10 00:00:00+00:00,2344.3,2643.1,2339.59,2584.38,1038388.666,ETHUSDT,120.5876406,69.34976035,2308.258811,2216.60079,2235.7494,435744.1523,2150.919411,2308.4285,2465.937589,0.136464343,17.91850435,33.41218121,15.87762688,-0.02221633688,87.54596243,0.1011624393,435744.1523,Range/Chop,False,True
2024-01-11 00:00:00+00:00,2584.37,2689.39,2566.01,2618.01,838712.2577,ETHUSDT,120.7870949,70.64191683,2337.758924,2232.342328,2246.8454,448111.8908,2115.583105,2323.102,2530.620895,0.1786567227,19.43974339,33.71176683,14.71916489,-0.02654133465,88.42628654,0.1011624393,448111.8908,Range/Chop,False,True
2024-01-12 00:00:00+00:00,2618.01,2717.32,2458,2522.54,887457.7627,ETHUSDT,130.6823024,62.57665752,2355.357122,2243.722629,2256.0522,479703.4322,2109.062766,2333.819,2558.575234,0.1926081104,19.61563279,28.93347452,18.53650666,-0.07168092091,89.44588512,0.1011624393,479703.4322,Range/Chop,False,True
2024-01-13 00:00:00+00:00,2522.55,2590,2497.5,2578.19,422061.232,ETHUSDT,127.9549951,65.07942324,2376.579301,2256.838996,2265.9992,485408.94,2103.561735,2349.526,2595.490265,0.2093735205,19.77895866,27.43945235,17.5793471,-0.05120118352,90.34996476,0.1011624393,485408.94,Range/Chop,False,True
2024-01-14 00:00:00+00:00,2578.18,2578.69,2470,2472.87,306207.7463,ETHUSDT,126.578924,57.27290782,2385.749843,2265.3108,2273.7948,486405.4692,2110.779236,2359.602,2608.424764,0.2109023162,19.62218675,25.75648538,18.05296508,-0.08995996055,91.20530061,0.1011624393,486405.4692,Range/Chop,False,True
2024-01-15 00:00:00+00:00,2472.87,2553.82,2470.92,2511.78,315247.8819,ETHUSDT,123.4590009,59.21918414,2397.752715,2274.976259,2282.7838,481647.2054,2123.764072,2373.647,2623.529928,0.2105476744,19.47661283,24.52113447,17.1870959,-0.07564070481,91.91811247,0.1011624393,481647.2054,Range/Chop,False,True
2024-01-16 00:00:00+00:00,2511.79,2614.43,2500.05,2587.4,381077.6247,ETHUSDT,122.8105008,62.76870275,2415.814362,2287.22817,2293.9818,473624.2188,2117.382227,2384.0995,2650.816773,0.2237467635,19.83019764,26.41503525,16.04371995,-0.04781181458,92.6120092,0.1011624393,473624.2188,Range/Chop,False,True
2024-01-17 00:00:00+00:00,2587.41,2592.97,2506.75,2530.19,366281.3477,ETHUSDT,120.1968936,58.61225848,2426.70728,2296.756085,2303.6228,462915.287,2120.012968,2393.4015,2666.790032,0.2284518766,20.15852639,25.0615986,15.22168211,-0.06886564703,93.29324664,0.1011624393,462915.287,Range/Chop,False,True
2024-01-18 00:00:00+00:00,2530.2,2550,2428.56,2470.81,452090.1074,ETHUSDT,120.2856869,54.57293142,2430.907539,2303.581729,2312.4628,463009.7321,2130.190867,2401.982,2673.773133,0.2263057204,19.48137352,23.25430571,18.76709795,-0.09071806044,93.98365759,0.102177518,463009.7321,Range/Chop,False,True
2024-01-19 00:00:00+00:00,2470.81,2504.2,2415.2,2492,424209.0029,ETHUSDT,118.050995,55.74501401,2436.725868,2310.970681,2321.2636,473693.2256,2142.449338,2411.998,2681.546662,0.2235065383,18.69505558,22.00204228,18.5648417,-0.08291993582,94.63975348,0.1197782871,473693.2256,Range/Chop,False,True
2024-01-20 00:00:00+00:00,2491.99,2492,2454.2,2472.01,136620.9577,ETHUSDT,112.3187811,54.32111656,2440.086262,2317.285948,2328.959,469415.4796,2157.632725,2421.505,2685.377275,0.2179407229,17.96490321,21.47314129,18.11856663,-0.09027644885,95.17116394,0.1575605328,469415.4796,Range/Chop,False,True
2024-01-21 00:00:00+00:00,2472.02,2482.18,2452.13,2457.05,122572.1687,ETHUSDT,106.4424396,53.22540772,2441.701856,2322.766891,2334.8052,464708.9534,2164.446677,2426.7555,2689.064323,0.2161806768,17.2592599,21.04013202,17.89211095,-0.09578187332,95.50509271,0.1856324166,464708.9534,Range/Chop,False,True
2024-01-22 00:00:00+00:00,2457.06,2466.1,2303.59,2314.2,526337.6492,ETHUSDT,110.4472653,44.08177305,2429.558822,2322.430935,2337.2302,468123.7527,2159.551923,2424.6985,2689.845077,0.2187047806,17.11752069,18.8288428,25.61806894,-0.1483520528,95.95078847,0.2009908155,468123.7527,Range/Chop,False,True
2024-01-23 00:00:00+00:00,2314.19,2352.23,2168.07,2242.6,700105.3314,ETHUSDT,115.7124606,40.34097928,2411.75322,2319.30031,2337.2148,463192.5449,2166.18732,2426.3425,2686.49768,0.2144422564,18.0459341,16.68836479,31.07135028,-0.1747015442,96.49620834,0.2099605975,463192.5449,Range/Chop,False,True
2024-01-24 00:00:00+00:00,2242.6,2264.6,2196.12,2235.02,359851.1496,ETHUSDT,112.3387134,39.95442502,2394.921485,2315.9952,2336.0486,458742.8996,2160.313564,2424.738,2689.162436,0.2181055731,18.90803226,15.96172353,29.71844809,-0.1774910574,97.05414584,0.2107249953,458742.8996,Range/Chop,False,True
2024-01-25 00:00:00+00:00,2235.02,2242.89,2171.3,2218.64,330426.6061,ETHUSDT,109.4280911,39.08289936,2378.132772,2312.177349,2335.7674,454985.8299,2151.074515,2422.231,2693.387485,0.2238898646,19.88760873,15.21583266,29.94981745,-0.1835190555,97.58773066,0.2126722863,454985.8299,Range/Chop,False,True
2024-01-26 00:00:00+00:00,2218.64,2282.36,2195.84,2267.68,363566.4255,ETHUSDT,107.7917988,43.08564814,2367.61346,2310.432355,2334.0064,463460.7579,2155.787067,2423.576,2691.364933,0.220986619,20.24896014,16.95895902,28.23271213,-0.165471862,98.08446418,0.2153114666,463460.7579,Range/Chop,False,True
2024-01-27 00:00:00+00:00,2267.67,2282.94,2251.4,2267.94,145109.3836,ETHUSDT,102.3452418,43.10699262,2358.12075,2308.765988,2332.1908,460359.2924,2164.44383,2425.902,2687.36017,0.2155554266,20.57633417,16.62613207,27.61124438,-0.1653761795,98.48820484,0.2158680517,460359.2924,Range/Chop,False,True
2024-01-28 00:00:00+00:00,2267.94,2308.24,2239.89,2256.9,209326.9087,ETHUSDT,99.91701022,42.38020546,2348.480678,2306.732028,2330.519,443855.2601,2153.531811,2422.225,2690.918189,0.2218565074,20.51283858,17.6223902,26.26210433,-0.1694390061,98.87734497,0.2170606999,443855.2601,Range/Chop,False,True
2024-01-29 00:00:00+00:00,2256.9,2322.34,2233.8,2317.6,305528.0776,ETHUSDT,99.10436664,47.61030209,2345.539661,2307.158223,2329.8232,431558.9144,2150.40314,2420.8905,2691.37786,0.2234610443,20.24751448,17.51407262,24.5862039,-0.1471008199,99.30373699,0.218023148,431558.9144,Range/Chop,False,True
2024-01-30 00:00:00+00:00,2317.61,2391.98,2297,2343.01,372879.5791,ETHUSDT,98.80976902,49.66982717,2345.298741,2308.564175,2332.181,398283.46,2147.196068,2408.822,2670.447932,0.2172231336,19.05187989,21.34575953,22.8981134,-0.1377496946,99.73437483,0.218023148,398283.46,Range/Chop,True,True
2024-01-31 00:00:00+00:00,2343,2351.6,2263.57,2283.14,397116.1859,ETHUSDT,98.03978552,45.16467601,2339.378861,2307.567148,2333.7746,376203.6564,2143.615187,2392.0785,2640.541813,0.2077384277,18.3245408,19.97673281,23.8651254,-0.1597824327,100.1195862,0.218023148,376203.6564,Range/Chop,True,True
2024-02-01 00:00:00+00:00,2283.15,2311.72,2240,2304.28,310997.4538,ETHUSDT,96.15980084,46.9929072,2336.036112,2307.43824,2334.657,347380.641,2137.453952,2381.1655,2624.877048,0.2046993775,17.91261708,18.91248405,24.34453066,-0.1520027086,100.4813895,0.218023148,347380.641,Range/Chop,True,True
2024-02-02 00:00:00+00:00,2304.28,2324.74,2281.94,2309.06,238230.511,ETHUSDT,92.34838649,47.41978215,2333.466959,2307.501839,2334.5318,338189.1049,2139.789894,2367.709,2595.628106,0.1925229037,17.34108619,19.29345264,23.53861828,-0.1502436224,100.7691593,0.218023148,338189.1049,Range/Chop,True,True
2024-02-03 00:00:00+00:00,2309.07,2329.98,2292.75,2296.49,133232.845,ETHUSDT,88.41135889,46.3624174,2329.945344,2307.070002,2336.0516,329540.3599,2134.304422,2358.89,2583.475578,0.1904163211,16.73118349,19.13647924,22.83061071,-0.1548695038,100.9361837,0.218023148,329540.3599,Range/Chop,True,True
2024-02-04 00:00:00+00:00,2296.5,2311,2266,2289.79,171232.0444,ETHUSDT,85.31054754,45.77650577,2326.121025,2306.392355,2337.2682,322339.568,2132.788691,2347.7905,2562.792309,0.1831524651,16.50712229,18.41546509,24.21012738,-0.1573351685,101.0350515,0.218023148,322339.568,Range/Chop,True,True
2024-02-05 00:00:00+00:00,2289.79,2338.41,2269.11,2301.83,236610.412,ETHUSDT,84.166937,47.07098832,2323.807594,2306.213439,2339.3744,315116.2074,2148.173913,2333.512,2518.850087,0.1588490542,15.85439028,19.65857986,22.78628882,-0.1529043322,101.0179288,0.2175819283,315116.2074,Range/Chop,True,True
2024-02-06 00:00:00+00:00,2301.84,2392.4,2299,2372.64,368942.7498,ETHUSDT,84.8264415,54.02288358,2328.4583,2308.818402,2342.4386,315249.2775,2162.319652,2325.6345,2488.949348,0.1404475618,14.99429928,22.65872983,20.99419315,-0.1268455684,101.0469577,0.2167019052,315249.2775,Range/Chop,True,True
2024-02-07 00:00:00+00:00,2372.63,2444.44,2354,2425.1,342791.7013,ETHUSDT,85.22740996,58.38391334,2337.662271,2313.378465,2347.3824,309784.3572,2167.09812,2323.349,2479.59988,0.1345048718,14.86592281,25.30270189,19.40289186,-0.1075397818,101.0923059,0.2158680517,309784.3572,Range/Chop,True,True
2024-02-08 00:00:00+00:00,2425.09,2463.15,2411.01,2419.55,338040.0539,ETHUSDT,82.86402354,57.75971624,2345.461102,2317.542054,2351.73,305475.9097,2176.464007,2319.7265,2462.988993,0.1235167102,14.97239614,25.77828061,18.53083774,-0.1095822354,101.1280698,0.2149988415,305475.9097,Range/Chop,True,True
2024-02-09 00:00:00+00:00,2419.56,2525,2419.16,2486.56,492384.385,ETHUSDT,84.50516471,62.91505812,2358.899093,2324.170209,2356.669,323264.0811,2173.993578,2320.454,2466.914422,0.1262342821,15.75663287,28.70001816,16.87303216,-0.08492190835,101.0511124,0.2110903421,323264.0811,Range/Chop,True,True
2024-02-10 00:00:00+00:00,2486.56,2516.45,2471.57,2500.24,185099.59,ETHUSDT,81.6747958,63.88413847,2372.360131,2331.074907,2360.183,326390.4521,2167.162835,2322.6135,2478.064165,0.1338584014,16.48485268,27.57354998,16.21077008,-0.07988753625,100.9400806,0.2062189026,326390.4521,Range/Chop,True,True
2024-02-11 00:00:00+00:00,2500.24,2539.63,2493.45,2507.21,219975.1471,ETHUSDT,79.13945325,64.39465376,2385.202976,2337.982165,2364.1632,311072.327,2157.354318,2332.264,2507.173682,0.1499913234,17.41225613,28.51641857,15.53509719,-0.04101085131,100.7256463,0.1986111406,311072.327,Range/Chop,True,True
2024-02-12 00:00:00+00:00,2507.22,2665.58,2472,2659.99,449501.776,ETHUSDT,87.31377802,73.30291642,2411.373169,2350.609924,2372.082,298542.1493,2132.397929,2353.1335,2573.869071,0.1876099007,19.36902761,34.30407632,13.07493554,-0.00209710457,100.6332787,0.1914696124,298542.1493,Range/Chop,True,True
2024-02-13 00:00:00+00:00,2659.99,2686.12,2590,2639.99,502447.745,ETHUSDT,87.94279387,70.80548887,2433.1462,2361.958162,2379.4548,305671.979,2126.904099,2373.382,2619.859901,0.2077018377,21.33106228,33.29424143,12.0541723,-0.01717346954,100.5216873,0.1914696124,305671.979,Range/Chop,False,True
2024-02-14 00:00:00+00:00,2639.99,2786,2618.4,2774.81,461670.6944,ETHUSDT,93.63259431,76.59443796,2465.68561,2378.14843,2390.3334,312234.1835,2109.474927,2401.1905,2692.906073,0.242975785,23.76634127,36.65684118,10.51298182,-0.004016511127,100.5540192,0.1914696124,312234.1835,Range/Chop,False,True
2024-02-15 00:00:00+00:00,2774.8,2867.65,2759.25,2822.59,481689.1874,ETHUSDT,94.687409,78.24112641,2499.676504,2395.577511,2399.2182,318140.3215,2091.342722,2428.936,2766.529278,0.2779762649,26.4240778,39.81867235,9.653305574,-0.01571321465,100.6450178,0.1914696124,318140.3215,Bull Trend,False,True
2024-02-16 00:00:00+00:00,2822.58,2857.4,2740,2801.8,378070.8037,ETHUSDT,96.30973693,75.7440384,2528.45017,2411.507805,2408.3712,329788.3926,2089.923207,2455.629,2821.334793,0.297851013,28.53964616,36.35165001,10.24047505,-0.02296305337,100.7414213,0.1914696124,329788.3926,Bull Trend,False,True
2024-02-17 00:00:00+00:00,2801.81,2804.21,2719.01,2785.93,243302.8759,ETHUSDT,95.51618429,73.80758579,2552.972059,2426.191028,2418.1058,331487.1909,2101.471637,2482.0805,2862.689363,0.3066853494,30.11698064,34.03554246,11.15768051,-0.02849720154,100.790165,0.1914696124,331487.1909,Bull Trend,False,True
2024-02-18 00:00:00+00:00,2785.92,2895,2764.25,2881.2,367987.8833,ETHUSDT,98.03288541,77.52265825,2584.231863,2444.034517,2429.8962,334610.1812,2100.217618,2510.2605,2920.303382,0.32669349,32.07280536,37.40821014,10.09472326,-0.004766839378,100.8601294,0.1914696124,334610.1812,Bull Trend,False,True
2024-02-19 00:00:00+00:00,2881.2,2984.52,2856.93,2944.8,446451.0401,ETHUSDT,100.1441079,79.60260448,2618.571685,2463.672379,2443.1548,338288.7542,2096.859276,2540.35,2983.840724,0.3491571823,34.28000974,40.38897639,9.176057318,-0.01330867275,100.9623107,0.1914696124,338288.7542,Bull Trend,False,True
2024-02-20 00:00:00+00:00,2944.8,3033.09,2874.56,3014.81,634681.7471,ETHUSDT,104.3145287,81.6189507,2656.308668,2485.285619,2456.4102,350167.0323,2104.57593,2576.9335,3049.29107,0.3666043924,36.51469183,39.33045761,8.179976123,-0.0060268571,101.1119194,0.1914696124,350167.0323,Bull Trend,False,True
2024-02-21 00:00:00+00:00,3014.81,3017.15,2868,2967.9,595955.0033,ETHUSDT,107.5170624,76.18460051,2685.984033,2504.211674,2468.6614,364414.9098,2125.944351,2610.1145,3094.284649,0.3709953332,38.47055574,35.43331021,7.805255905,-0.02149293295,101.3502466,0.1914696124,364414.9098,Bull Trend,False,True
2024-02-22 00:00:00+00:00,2967.91,3036.02,2906.51,2971.4,563525.9936,ETHUSDT,109.0879865,76.311332,2713.166506,2522.532784,2483.895,380679.6839,2155.366282,2643.2315,3131.096718,0.3691430114,40.36479601,33.6641171,7.14336641,-0.02128444477,101.6290742,0.1990590794,380679.6839,Bull Trend,False,True
2024-02-23 00:00:00+00:00,2971.4,2993.8,2906.05,2922.24,428826.5787,ETHUSDT,107.5638446,70.62643648,2733.078267,2538.207577,2496.9976,395459.3706,2199.524205,2674.519,3149.513795,0.3552001649,42.11437327,31.70247397,6.757661659,-0.03747669646,101.9309023,0.2253388113,395459.3706,Bull Trend,False,True
2024-02-24 00:00:00+00:00,2922.25,3007.48,2906.4,2992.62,243854.0783,ETHUSDT,107.1007129,73.65260561,2757.796527,2556.027672,2511.4744,399090.4723,2249.970688,2709.6605,3169.350312,0.3392969802,43.80124576,30.47766815,6.302106174,-0.01429503099,102.2165759,0.2604760249,399090.4723,Bull Trend,False,True
2024-02-25 00:00:00+00:00,2992.62,3122,2983.61,3112.59,412306.2237,ETHUSDT,109.335662,77.84300566,2791.586382,2577.853646,2528.9106,407875.2629,2298.593917,2750.1985,3201.803083,0.3284159907,45.81499429,35.20374051,5.732334899,-0.00301409353,102.4316419,0.2879136389,407875.2629,Bull Trend,False,True
2024-02-26 00:00:00+00:00,3112.6,3196,3036.59,3175.94,546722.7747,ETHUSDT,112.9124004,79.68074627,2828.191488,2601.308013,2548.001,416764.2641,2337.334946,2790.3635,3243.392054,0.3247093464,47.9106154,36.33494091,5.154268879,-0.006276595745,102.6892151,0.3022681812,416764.2641,Bull Trend,False,True
2024-02-27 00:00:00+00:00,3175.95,3288.14,3160.02,3242.36,625939.1221,ETHUSDT,113.9986575,81.42070713,2867.636109,2626.447306,2566.2394,430921.6352,2369.997258,2831.2265,3292.455742,0.3258158557,50.08977414,39.19134508,4.74050152,-0.01392276485,102.9260688,0.3156973479,430921.6352,Bull Trend,False,True
2024-02-28 00:00:00+00:00,3242.35,3488,3176.16,3383.1,947538.766,ETHUSDT,128.130182,84.45773862,2916.727908,2656.119961,2587.0156,461396.5708,2399.335784,2879.404,3359.472216,0.3334497111,52.47534055,43.51985068,3.916407745,-0.03007454128,103.4519567,0.3252626011,461396.5708,Bull Trend,False,True
2024-02-29 00:00:00+00:00,3383.11,3522.81,3300,3340.09,759698.1123,ETHUSDT,134.8930261,80.14613077,2957.048107,2682.942315,2602.1298,474762.2571,2437.55868,2922.0805,3406.60232,0.3316279751,54.74027787,40.22853475,3.454340646,-0.05186768517,104.1311741,0.3262546729,474762.2571,Bull Trend,False,True
2024-03-01 00:00:00+00:00,3340.1,3450,3338.54,3433.43,412788.5773,ETHUSDT,133.2192385,82.26242952,3002.417811,2712.373205,2618.4382,486146.7065,2476.034471,2968.74,3461.445529,0.3319290537,56.84343396,37.82440296,3.247902848,-0.02537179127,104.7908402,0.3275547403,486146.7065,Bull Trend,False,True
2024-03-02 00:00:00+00:00,3433.42,3460.04,3390.01,3421.4,283984.9448,ETHUSDT,128.7057215,81.06310268,3042.320877,2740.178177,2636.4154,489347.1964,2531.977188,3014.4495,3496.921812,0.3201064157,58.81208789,36.9115548,3.12167323,-0.02878667882,105.3792564,0.3275547403,489347.1964,Bull Trend,False,True
2024-03-03 00:00:00+00:00,3421.39,3491.8,3360,3487.81,341631.531,ETHUSDT,128.9267414,82.57352408,3084.748412,2769.497072,2654.6078,483953.6841,2560.247524,3055.8405,3551.433476,0.3243578818,60.69055131,35.97583907,2.893727318,-0.009935250553,105.7427262,0.3275547403,483953.6841,Bull Trend,False,True
2024-03-04 00:00:00+00:00,3487.8,3640.94,3423.78,3627.76,715360.6361,ETHUSDT,135.229117,85.2444863,3136.463802,2803.154442,2677.7056,494599.3287,2588.810994,3105.229,3621.647006,0.3326118662,62.63295573,39.72687337,2.56180291,-0.0036199443,106.2283053,0.3300219829,494599.3287,Bull Trend,False,True
2024-03-05 00:00:00+00:00,3627.75,3822.04,3200,3553.65,1392904.864,ETHUSDT,170.0013229,78.39243039,3176.19582,2832.58564,2698.543,541161.0372,2615.964056,3144.171,3672.377944,0.3359912318,61.33159549,29.34388513,11.29469971,-0.07022166173,107.3351525,0.3317785144,541161.0372,Bull Trend,False,True
2024-03-06 00:00:00+00:00,3553.66,3900,3499.4,3818.59,969494.71,ETHUSDT,186.472657,83.49891928,3237.376219,2871.252478,2723.1668,565551.3133,2611.418217,3193.971,3776.523783,0.3647827629,60.44031026,27.82732407,9.561524614,-0.02087435897,108.7760345,0.33227046,565551.3133,Bull Trend,False,True
2024-03-07 00:00:00+00:00,3818.58,3933.81,3735,3868.76,540780.675,ETHUSDT,187.3538958,84.25761603,3297.508007,2910.37042,2749.9382,573686.8069,2624.188092,3247.319,3870.449908,0.3837817647,59.74406726,27.00712293,8.836797335,-0.01653613164,110.2857344,0.3330307886,573686.8069,Bull Trend,False,True
2024-03-08 00:00:00+00:00,3868.76,3993.75,3820,3883.36,646399.2589,ETHUSDT,186.3821889,84.48123387,3353.303435,2948.526874,2778.1892,593841.626,2658.309865,3302.1905,3946.071135,0.3899718291,59.32383139,27.50591078,8.248377553,-0.02764068858,111.6660867,0.3347204714,593841.626,Bull Trend,False,True
2024-03-09 00:00:00+00:00,3883.37,3942,3870.01,3905.21,254839.1386,ETHUSDT,178.2113183,84.82856671,3405.865965,2986.04386,2806.4534,588184.1888,2689.029494,3353.391,4017.752506,0.3962326526,58.93361236,26.71225006,8.010377318,-0.02216964006,112.8609972,0.337644106,588184.1888,Bull Trend,False,True
2024-03-10 00:00:00+00:00,3905.2,3964.67,3791.26,3878.47,356664.68,ETHUSDT,177.868367,82.39804119,3450.875873,3021.040963,2834.5826,583694.8708,2725.974297,3400.0745,4074.174703,0.3965208427,57.59132835,24.8520577,10.61500028,-0.02886510172,113.815676,0.337644106,583694.8708,Bull Trend,False,True
2024-03-11 00:00:00+00:00,3878.47,4086.23,3722.95,4064.8,721554.5139,ETHUSDT,191.1120551,85.51294258,3509.344838,3061.97269,2866.7376,588038.5091,2744.003224,3452.574,4161.144776,0.4104594288,56.89686322,26.02105942,9.173730171,-0.005244442922,114.9877586,0.337644106,588038.5091,Bull Trend,False,True
2024-03-12 00:00:00+00:00,4064.8,4093.92,3828.98,3979.96,632787.3941,ETHUSDT,196.3854797,78.68517432,3554.165329,3097.972192,2900.0528,589880.1287,2795.734203,3503.177,4210.619797,0.4038864136,56.28446534,23.79329089,8.289722397,-0.0278364013,116.0828116,0.337644106,589880.1287,Bull Trend,False,True
2024-03-13 00:00:00+00:00,3979.97,4083,3932.23,4004.79,482305.7766,ETHUSDT,193.1272312,79.20840767,3597.081965,3133.533675,2935.2966,585819.1178,2859.460185,3554.8465,4250.232815,0.3912328227,55.71581017,22.46651399,7.827465529,-0.02177130965,117.1690155,0.337644106,585819.1178,Bull Trend,False,True
2024-03-14 00:00:00+00:00,4004.79,4010.98,3723,3881.7,648237.5245,ETHUSDT,199.9024289,70.03072592,3624.188444,3162.873531,2968.2302,596789.6651,2958.083168,3602.8195,4247.555832,0.3579065407,52.90206938,20.1547052,14.49816504,-0.05183784734,118.3910739,0.337644106,596789.6651,Bull Trend,False,True
2024-03-15 00:00:00+00:00,3881.69,3934.02,3570,3742.19,947537.4071,ETHUSDT,211.6251126,61.35372056,3635.426688,3185.591824,2998.7012,631973.8315,3057.646709,3640.298,4222.949291,0.3201118652,49.16404107,17.67838695,17.88095894,-0.08591521085,119.8605091,0.3347204714,631973.8315,Range/Chop,False,True
2024-03-16 00:00:00+00:00,3742.19,3781.12,3468.8,3523.09,548288.1569,ETHUSDT,218.8176045,50.72410915,3624.727955,3198.827046,3023.8094,638772.9282,3127.109761,3660.823,4194.536239,0.2915810127,46.35883304,15.87606598,19.3614545,-0.1394335991,121.4606275,0.3347204714,638772.9282,Range/Chop,False,True
2024-03-17 00:00:00+00:00,3523.09,3678.68,3412,3644.71,517790.9936,ETHUSDT,222.2363471,55.34855123,3626.631007,3216.312652,3051.3448,637326.3391,3198.790606,3684.2615,4169.732394,0.2635376963,44.09915621,14.51527878,19.52752201,-0.1097261305,123.1612851,0.3347204714,637326.3391,Range/Chop,False,True
2024-03-18 00:00:00+00:00,3644.7,3645.02,3454.09,3520.46,570901.2851,ETHUSDT,220.0001794,50.1685216,3616.519483,3228.239999,3076.616,634574.4473,3249.591654,3698.1665,4146.741346,0.2425931042,42.00088487,13.61547361,18.31700684,-0.1400760152,124.8231933,0.3347204714,634574.4473,Range/Chop,False,True
2024-03-19 00:00:00+00:00,3520.47,3548.09,3150.88,3158.64,1049629.694,ETHUSDT,232.6580238,38.78512155,3572.911913,3225.510588,3093.4368,639678.9937,3197.985467,3686.9435,4175.901533,0.2652376057,41.57073106,11.95509605,25.39216785,-0.2284558565,126.7333104,0.334301549,639678.9937,Range/Chop,False,True
2024-03-20 00:00:00+00:00,3158.65,3535.24,3056.56,3516.53,1207322.82,ETHUSDT,250.2310221,50.70087667,3567.542207,3236.923114,3116.9072,662060.2291,3226.174902,3695.7655,4165.356098,0.2541235897,41.5237149,10.32155833,24.61496523,-0.1410359753,129.0318478,0.334301549,662060.2291,Range/Chop,False,True
2024-03-21 00:00:00+00:00,3516.53,3587.32,3412,3492.85,602755.2072,ETHUSDT,244.8802348,50.00726799,3560.428663,3246.959462,3141.1014,671558.5606,3235.108439,3698.7365,4162.364561,0.250695372,41.03902608,11.31283719,23.35618788,-0.1468201626,131.3391444,0.334301549,671558.5606,Range/Chop,False,True
2024-03-22 00:00:00+00:00,3492.84,3542.52,3250,3336.35,558848.888,ETHUSDT,248.2830751,45.57018851,3539.087838,3250.464973,3161.7428,685301.7577,3219.341566,3694.484,4169.626434,0.2572172103,41.18561779,10.3608043,26.05122456,-0.1850475828,133.6364079,0.334301549,685301.7577,Range/Chop,False,True
2024-03-23 00:00:00+00:00,3336.35,3435.48,3270.08,3329.53,323675.9448,ETHUSDT,242.3628555,45.3812176,3519.129949,3253.565563,3182.1522,684403.9784,3193.006161,3686.57,4180.133839,0.2677631721,41.32173867,9.855753717,24.78132447,-0.1867134678,135.7472478,0.334301549,684403.9784,Range/Chop,False,True
2024-03-24 00:00:00+00:00,3329.53,3471.22,3298.76,3454.98,260824.1408,ETHUSDT,237.3697944,49.52733262,3513.02043,3261.464168,3205.322,661677.1537,3174.600298,3677.931,4181.261702,0.2737031785,41.12402535,10.41975517,23.49526987,-0.1560704655,137.8310991,0.3280515485,661677.1537,Range/Chop,False,True
2024-03-25 00:00:00+00:00,3454.99,3666,3420.12,3590.42,548577.6942,ETHUSDT,237.9776662,53.62073256,3520.391818,3274.364397,3231.3346,619460.7952,3178.001867,3679.7695,4181.537133,0.2727168823,39.38752346,15.49705953,21.76130855,-0.1229872592,139.9735921,0.3058464389,619460.7952,Range/Chop,False,True
2024-03-26 00:00:00+00:00,3590.43,3678.86,3542.62,3587.33,499013.8384,ETHUSDT,230.7106901,53.51409938,3526.766883,3286.637558,3257.0446,595936.7516,3169.116597,3668.2065,4167.296403,0.2721165797,37.68299503,15.24153871,20.84341169,-0.123742037,142.0222402,0.2826420956,595936.7516,Range/Chop,False,True
2024-03-27 00:00:00+00:00,3587.32,3665.84,3460.02,3501.19,443195.3297,ETHUSDT,228.9327836,50.49918451,3524.330989,3295.051379,3279.6156,591057.4843,3154.576331,3649.828,4145.079669,0.2713835659,36.52808268,14.26276935,22.08208125,-0.1447829953,144.1320326,0.2732100304,591057.4843,Range/Chop,False,True
2024-03-28 00:00:00+00:00,3501.2,3611.78,3465,3560.49,404654.0311,ETHUSDT,223.0647276,52.48382925,3527.774704,3305.460737,3302.3234,578970.2229,3148.998435,3633.6845,4118.370565,0.2667738848,35.45566407,13.59240362,21.04419933,-0.1302981006,146.1844946,0.272416731,578970.2229,Range/Chop,False,True
2024-03-29 00:00:00+00:00,3560.49,3584.37,3445.91,3509.74,323086.179,ETHUSDT,217.0215328,50.61356327,3526.057114,3313.471688,3324.1272,582382.575,3143.077861,3613.911,4084.744139,0.2605670915,34.56441086,12.9729772,20.71349487,-0.1426945324,148.1497807,0.2717500728,582382.575,Range/Chop,False,True
2024-03-30 00:00:00+00:00,3509.74,3565.81,3485,3505.64,216025.2634,ETHUSDT,207.2921376,50.45712865,3524.112627,3321.0077,3344.5088,575350.6041,3138.498166,3595.2695,4052.040834,0.2540957412,33.73681859,12.61173881,20.13671828,-0.1436960175,149.9578201,0.269573369,575350.6041,Range/Chop,False,True
2024-03-31 00:00:00+00:00,3505.65,3655.32,3505.09,3645.29,243464.9877,ETHUSDT,203.2162706,55.50198053,3535.653329,3333.724653,3367.4098,551446.1278,3170.203914,3574.294,3978.384086,0.2261090361,32.15943316,15.09197416,19.07341085,-0.109584457,151.7107616,0.2672685284,551446.1278,Range/Chop,False,True
2024-04-01 00:00:00+00:00,3645.29,3645.95,3413.71,3503.8,408854.1225,ETHUSDT,205.2893942,49.95202118,3532.619678,3340.394275,3387.3416,540249.4642,3191.177756,3550.486,3909.794244,0.2023994707,31.27487003,13.87245528,20.71165256,-0.1441454645,153.5295881,0.2660057452,540249.4642,Range/Chop,False,True
2024-04-02 00:00:00+00:00,3503.8,3505.6,3212,3278.96,623264.6476,ETHUSDT,211.5972946,42.65301731,3508.461614,3337.985087,3399.721,547297.4078,3202.263465,3514.1945,3826.125535,0.1775263353,31.48121779,12.49755488,25.46801192,-0.1990659319,155.5170699,0.264387651,547297.4078,Bear Trend,False,True
2024-04-03 00:00:00+00:00,3278.96,3367.4,3202.79,3310.83,410484.1933,ETHUSDT,208.2410593,43.90423753,3489.639555,3336.920182,3413.1378,535409.7412,3211.239975,3485.651,3760.062025,0.1574518076,31.71393573,11.79190891,24.34592998,-0.191281217,157.5142316,0.2620523939,535409.7412,Bear Trend,False,True
2024-04-04 00:00:00+00:00,3310.83,3443.93,3250.92,3327.4,356338.5716,ETHUSDT,207.1531265,44.58126289,3474.188169,3336.546842,3424.1896,505849.7994,3209.12423,3464.9115,3720.69877,0.1476443308,31.23177358,13.64596998,22.72566274,-0.1872337515,159.5449412,0.2588921509,505849.7994,Bear Trend,False,True
2024-04-05 00:00:00+00:00,3327.39,3350,3210,3317.85,344556.7983,ETHUSDT,202.3564746,44.24978725,3459.29882,3335.813632,3434.0948,495663.2315,3192.629725,3454.6495,3716.669275,0.1516910903,30.99898639,12.97161696,23.0470218,-0.1895664791,161.5147669,0.2556704,495663.2315,Bear Trend,False,True
2024-04-06 00:00:00+00:00,3317.85,3398.42,3306.68,3351.59,183312.2125,ETHUSDT,194.4552978,45.78354495,3449.040837,3336.432313,3445.0906,478939.2925,3189.604159,3439.9935,3690.382841,0.1455754736,30.33841905,14.31308717,22.27037111,-0.1813249893,163.3419145,0.2541096654,478939.2925,Bear Trend,False,True
2024-04-07 00:00:00+00:00,3351.59,3459.94,3344.08,3454.2,210459.0752,ETHUSDT,188.841348,50.26483524,3449.532186,3341.050654,3458.456,460917.182,3188.897708,3436.6805,3684.463292,0.1441989103,29.18260586,16.01280789,21.2944025,-0.1562609919,165.0688134,0.2541096654,460917.182,Bear Trend,False,True
2024-04-08 00:00:00+00:00,3454.2,3730.71,3406.36,3694.61,496841.3532,ETHUSDT,198.5205374,58.84739468,3472.87293,3354.915726,3474.7242,433277.7649,3226.059761,3463.479,3700.898239,0.1370987026,27.94753295,23.88649695,18.80929097,-0.09753732364,166.996422,0.2523955566,433277.7649,Bull Trend,False,True
2024-04-09 00:00:00+00:00,3694.61,3727.34,3450.46,3506.39,457592.252,ETHUSDT,204.1176419,51.3728485,3476.065032,3360.855894,3485.956,395791.2365,3225.965131,3462.972,3699.978869,0.136880615,26.80067953,21.57211266,16.98684177,-0.143512819,168.9899633,0.2384022041,395791.2365,Bull Trend,False,True
2024-04-10 00:00:00+00:00,3506.4,3562.95,3411.82,3545.64,389404.9055,ETHUSDT,200.3328103,52.72143996,3482.691219,3368.102329,3496.5726,385123.7214,3226.16913,3465.6115,3705.05387,0.138181888,25.44490136,20.40969221,17.44920758,-0.1339254309,170.9675969,0.2142542534,385123.7214,Bull Trend,False,True
2024-04-11 00:00:00+00:00,3545.64,3618.3,3474.52,3502.52,338139.5534,ETHUSDT,196.2933239,51.04652959,3484.579675,3373.373611,3507.265,374088.2547,3241.568404,3473.92,3706.271596,0.1337691117,24.5359446,21.3559781,16.53627097,-0.1421699731,172.9201614,0.189962903,374088.2547,Range/Chop,False,True
2024-04-12 00:00:00+00:00,3502.52,3552.4,3100,3237.43,697327.1174,ETHUSDT,214.5866579,42.17567219,3461.04161,3368.042489,3512.5856,392770.8133,3222.498773,3469.315,3716.131227,0.1422852792,24.12269711,18.14001312,26.51259053,-0.1928581045,175.041376,0.1674890714,392770.8133,Range/Chop,False,True
2024-04-13 00:00:00+00:00,3237.42,3301.9,2852,3007.01,994971.2354,ETHUSDT,231.3947537,36.27480345,3417.800505,3353.884352,3514.281,429478.1681,3128.14454,3446.9165,3765.68846,0.1849606513,24.70257055,15.6207586,30.48600619,-0.2356393714,177.432242,0.1674890714,429478.1681,Range/Chop,False,True
2024-04-14 00:00:00+00:00,3007.01,3174.23,2906.73,3155.11,737580.4666,ETHUSDT,233.9736999,41.90132207,3392.782361,3346.089279,3517.5308,438928.3067,3089.543833,3425.151,3760.758167,0.1959663484,25.24102446,14.34511067,27.9964081,-0.1655620557,179.7712605,0.1674890714,438928.3067,Bear Trend,False,True
2024-04-15 00:00:00+00:00,3155.11,3277.85,3023.19,3101.99,605430.8863,ETHUSDT,235.4512928,40.51941317,3365.087851,3336.516758,3517.3188,444249.1591,3046.056123,3400.884,3755.711877,0.2086680268,25.03762623,16.38037363,25.83352058,-0.1685255622,182.1173252,0.1674890714,444249.1591,Bear Trend,False,True
2024-04-16 00:00:00+00:00,3102,3128.01,2986,3084.22,526113.855,ETHUSDT,228.7769147,40.04364072,3338.338532,3326.622768,3515.4844,448395.0854,3002.931878,3380.0355,3757.139122,0.223135894,25.00384264,15.65409628,25.84925073,-0.1732887306,184.3251115,0.1674890714,448395.0854,Bear Trend,False,True
2024-04-17 00:00:00+00:00,3084.21,3123.75,2914.47,2985.41,491897.5661,ETHUSDT,227.3842779,37.41302663,3304.72629,3313.241875,3510.3454,452757.2621,2946.889286,3351.2815,3755.673714,0.2413358677,25.26761448,14.62497334,26.39686643,-0.1997743057,186.522913,0.1674890714,452757.2621,Bear Trend,False,True
2024-04-18 00:00:00+00:00,2985.41,3094.4,2950.98,3064.4,389060.7133,ETHUSDT,221.3868295,40.76322768,3281.838072,3303.48337,3503.9714,456055.9888,2913.09604,3329.0145,3744.93296,0.2498748266,25.51254546,13.94822845,25.17539792,-0.1786013922,188.5788121,0.1674890714,456055.9888,Bear Trend,False,True
2024-04-19 00:00:00+00:00,3064.4,3128.89,2865.18,3056.46,607850.4019,ETHUSDT,224.4099131,40.52838378,3260.373494,3293.796179,3498.2988,475647.2457,2882.776765,3306.5555,3730.334235,0.256326401,26.10059499,12.77744769,25.79320734,-0.1807296734,190.6499089,0.1674890714,475647.2457,Bear Trend,False,True
2024-04-20 00:00:00+00:00,3056.45,3171.88,3018.75,3155.79,242577.6371,ETHUSDT,219.3184908,44.81190325,3250.413161,3288.384172,3492.746,475602.8782,2883.595683,3282.0805,3680.565317,0.2428245234,26.29508698,13.54032697,24.50684787,-0.1541047147,192.5666416,0.1674890714,475602.8782,Bear Trend,False,True
2024-04-21 00:00:00+00:00,3155.79,3197.18,3116.49,3147.67,219970.5072,ETHUSDT,209.4164557,44.52954561,3240.628098,3282.865969,3487.2714,466158.6974,2875.29689,3264.274,3653.25111,0.2383238113,26.26596956,14.03061148,23.83236903,-0.1562812441,194.2649648,0.1674890714,466158.6974,Bear Trend,False,True
2024-04-22 00:00:00+00:00,3147.66,3235,3129.15,3200.2,290879.9569,ETHUSDT,202.0188517,46.86217624,3236.777803,3279.624167,3481.5192,449539.4629,2870.439705,3260.336,3650.232295,0.2391755297,25.92068969,14.8427209,22.94042389,-0.1422008143,195.8138125,0.1712062294,449539.4629,Bear Trend,False,True
2024-04-23 00:00:00+00:00,3200.19,3263.61,3152,3219.46,253914.2263,ETHUSDT,195.5610766,47.73007623,3235.128489,3277.264788,3473.3532,441710.9646,2866.2038,3255.7675,3645.3312,0.2393068304,25.35699499,15.28262874,22.0052463,-0.1370382581,197.2804331,0.1904634998,441710.9646,Bear Trend,False,True
2024-04-24 00:00:00+00:00,3219.46,3293.56,3104.9,3140.8,393314.3414,ETHUSDT,195.0681426,44.53109539,3226.144823,3271.913227,3465.0962,443559.7531,2855.24836,3246.4375,3637.62664,0.2409959471,25.11070522,14.22687286,22.20975001,-0.1581227166,198.7465569,0.2023171876,443559.7531,Bear Trend,False,True
2024-04-25 00:00:00+00:00,3140.79,3191.64,3072.2,3155.8,352288.5502,ETHUSDT,189.6661324,45.28419822,3219.445316,3267.359767,3451.8404,443946.3406,2846.685382,3238.335,3629.984618,0.2418833248,25.07266304,13.58692967,22.44221393,-0.1541020342,200.0853981,0.2159019604,443946.3406,Bear Trend,False,True
2024-04-26 00:00:00+00:00,3155.81,3167.7,3102,3131.3,252522.655,ETHUSDT,180.8114086,44.22796183,3211.050524,3262.02409,3437.0912,447406.8628,2836.641468,3227.3205,3617.999532,0.2421073655,25.03733816,13.23428865,21.85973905,-0.1606691488,201.2170482,0.2307298527,447406.8628,Bear Trend,False,True
2024-04-27 00:00:00+00:00,3131.3,3285,3066.74,3255.56,323811.1919,ETHUSDT,183.486308,50.53032528,3215.289522,3261.770596,3424.5352,453074.4686,2840.426752,3217.3885,3594.350248,0.2343277776,23.89672039,16.67615082,20.00241609,-0.1273618158,202.3751757,0.2363257945,453074.4686,Range/Chop,False,True
2024-04-28 00:00:00+00:00,3255.55,3357.4,3250.45,3263.45,304766.009,ETHUSDT,178.0194289,50.90965195,3219.876234,3261.836455,3411.7,443470.7014,2887.419361,3195.8305,3504.241639,0.1930084459,22.24215698,18.86551284,19.14405938,-0.1252469369,203.2066632,0.2363257945,443470.7014,Range/Chop,False,True
2024-04-29 00:00:00+00:00,3263.44,3286.95,3115.13,3216.73,421831.2912,ETHUSDT,177.5766125,48.53635545,3219.576593,3260.067575,3398.4652,441682.6534,2907.346918,3181.3475,3455.348082,0.1722544184,21.6511247,17.56166015,23.26407898,-0.1377700223,203.9180563,0.2363257945,441682.6534,Range/Chop,False,True
2024-04-30 00:00:00+00:00,3216.74,3250.95,2921,3014.05,561717.4866,ETHUSDT,188.4604259,39.85598658,3200.002631,3250.419827,3377.4502,450298.2824,2928.259004,3154.768,3381.276996,0.1435978782,22.15190482,15.36549246,27.71253739,-0.1920974828,204.8387427,0.2363257945,450298.2824,Range/Chop,False,True
2024-05-01 00:00:00+00:00,3014.04,3023.24,2817,2972.46,624963.7773,ETHUSDT,189.7303955,38.3407034,3178.331905,3239.519441,3357.3002,464639.4936,2952.317168,3128.265,3304.212832,0.1124890841,23.07399323,14.17245403,29.47615506,-0.2032454948,205.8558206,0.2363257945,464639.4936,Range/Chop,False,True
2024-05-02 00:00:00+00:00,2972.46,3016.72,2893.26,2986.19,365939.7191,ETHUSDT,184.9967958,39.1630109,3160.032676,3229.584954,3336.9282,448070.1237,2936.873232,3115.703,3294.532768,0.1147925641,23.93021817,13.49687044,28.07106273,-0.1995652302,206.7903215,0.2363257945,448070.1237,Range/Chop,False,True
2024-05-03 00:00:00+00:00,2986.19,3126.99,2958.32,3102.61,355825.8391,ETHUSDT,183.8305961,45.76747049,3154.563849,3224.605544,3321.3464,416112.8539,2948.552363,3120.483,3292.413637,0.110194888,23.76687306,16.89692736,26.23134638,-0.168359374,207.6003462,0.2363257945,416112.8539,Range/Chop,False,True
2024-05-04 00:00:00+00:00,3102.61,3168,3092.85,3117.23,196263.9488,ETHUSDT,176.0676964,46.5521713,3151.008245,3220.394738,3308.8472,389047.028,2947.392897,3118.589,3289.785103,0.1097907439,23.2827031,18.04550989,25.43161921,-0.1644405488,207.7014524,0.2363257945,389047.028,Range/Chop,False,True
2024-05-05 00:00:00+00:00,3117.24,3171.93,3072.99,3136.41,218760.2662,ETHUSDT,170.5585752,47.62288106,3149.617936,3217.101219,3301.1136,369713.497,2949.12393,3120.31,3291.49607,0.1097237583,22.94913428,17.29778907,25.20957383,-0.1592994363,207.4362177,0.2363257945,369713.497,Range/Chop,False,True
2024-05-06 00:00:00+00:00,3136.4,3221.4,3046.35,3062.6,355135.3027,ETHUSDT,170.8793913,43.9722211,3141.330513,3211.042347,3289.4714,361164.5694,2946.87591,3119.229,3291.58209,0.1105100586,22.21687212,18.09995135,23.36494117,-0.1790838741,207.1616426,0.2363257945,361164.5694,Range/Chop,False,True
2024-05-07 00:00:00+00:00,3062.59,3129.85,2998,3005.69,298796.6829,ETHUSDT,168.0915776,41.34078687,3128.412369,3202.989314,3279.176,351509.5252,2950.837597,3120.243,3289.648403,0.1085847503,21.84791657,17.08584488,24.11042447,-0.1943383431,206.8567991,0.2136681118,351509.5252,Range/Chop,False,True
2024-05-08 00:00:00+00:00,3005.69,3038.15,2936.48,2974.21,266934.8125,ETHUSDT,163.3471792,39.91776632,3113.726429,3194.017576,3275.4874,345403.2302,2936.127577,3115.7335,3295.339423,0.115289657,21.88431616,16.32623675,25.72866622,-0.2020556214,206.6090635,0.1826314321,345403.2302,Range/Chop,False,True
2024-05-09 00:00:00+00:00,2974.2,3059,2950.77,3036.23,238561.7462,ETHUSDT,159.4102378,44.00705231,3106.345817,3187.829828,3265.8814,326938.7974,2933.570994,3114.722,3295.873006,0.1163192129,21.71872088,16.46873136,24.48093602,-0.1608683636,206.301428,0.1579261483,326938.7974,Range/Chop,False,True
2024-05-10 00:00:00+00:00,3036.24,3053.89,2878.03,2909.99,327855.8758,ETHUSDT,160.5852209,38.29384141,3087.645263,3176.934149,3254.2242,331202.7093,2901.789949,3102.432,3303.074051,0.1293450114,22.01853889,15.18050077,25.80145542,-0.1957576763,205.7926474,0.1364714448,331202.7093,Range/Chop,False,True
2024-05-11 00:00:00+00:00,2909.98,2945.67,2886.46,2912.45,138163.1087,ETHUSDT,153.3441336,38.46150073,3070.96,3166.562221,3245.7462,327112.3394,2875.001612,3090.671,3306.340388,0.1395615309,22.29694132,14.76181717,25.08984211,-0.1801458169,205.0752916,0.1344532711,327112.3394,Range/Chop,False,True
2024-05-12 00:00:00+00:00,2912.45,2955.2,2901.17,2929.29,107670.6323,ETHUSDT,146.250267,39.66993935,3057.467619,3157.257428,3237.7414,317951.8732,2856.696809,3077.1255,3297.554191,0.1432692237,22.44884474,14.83772375,24.42776558,-0.1275123608,204.2940089,0.1344532711,317951.8732,Range/Chop,False,True
2024-05-13 00:00:00+00:00,2929.3,2996.4,2864.76,2950.99,368664.7648,ETHUSDT,145.2066765,41.27037154,3047.326893,3149.16851,3227.6616,323689.4001,2846.911186,3063.702,3280.492814,0.1415221287,22.12507135,15.903575,22.84594582,-0.121049026,203.382413,0.1344532711,323689.4001,Range/Chop,False,True
2024-05-14 00:00:00+00:00,2950.99,2960.6,2862,2881.93,269675.3037,ETHUSDT,141.8776281,37.83082745,3031.574808,3138.688568,3213.4918,317507.4482,2823.277705,3050.7585,3278.239295,0.1491306474,21.84646442,15.11411575,21.85081749,-0.1416185143,202.219955,0.1344532711,317507.4482,Range/Chop,False,True
2024-05-15 00:00:00+00:00,2881.93,3041.36,2863.75,3032.55,350254.3188,ETHUSDT,144.4299404,48.00824773,3031.667684,3134.526271,3202.3962,317405.7366,2822.210809,3044.596,3266.981191,0.1460851888,20.69340127,17.78055036,19.93148667,-0.09675641866,200.9801606,0.1344532711,317405.7366,Range/Chop,False,True
2024-05-16 00:00:00+00:00,3032.55,3041.24,2922.8,2944.7,293874.1513,ETHUSDT,142.5735161,43.53199126,3023.385047,3127.082104,3191.2664,319473.3114,2812.556991,3035.266,3257.975009,0.146747606,19.62269977,16.72549147,18.74879593,-0.1229224996,199.6524467,0.1344532711,319473.3114,Range/Chop,False,True
2024-05-17 00:00:00+00:00,2944.7,3120,2933.06,3092.01,357724.7731,ETHUSDT,145.7425507,51.66956533,3029.920757,3125.706727,3181.8968,321168.9905,2826.414875,3027.0885,3227.762125,0.1325852385,18.62135365,19.05314615,17.03104094,-0.07904628582,198.4148196,0.1309651249,321168.9905,Range/Chop,False,True
2024-05-18 00:00:00+00:00,3092,3146.98,3083.61,3122.94,199976.5456,ETHUSDT,139.858797,53.19473978,3038.779732,3125.598228,3174.1608,315929.5173,2844.744366,3020.063,3195.381634,0.1161026339,17.94751595,19.81442526,16.47984365,-0.06983379996,196.8681658,0.1228321121,315929.5173,Range/Chop,True,True
2024-05-19 00:00:00+00:00,3122.94,3136.64,3053.38,3071.19,166145.0102,ETHUSDT,135.8160258,50.33277172,3041.866425,3123.464572,3165.4718,303145.2033,2860.103267,3012.786,3165.468733,0.1013565071,16.98017695,18.94678673,17.3480813,-0.08524751296,194.9612492,0.1162109234,303145.2033,Range/Chop,True,True
2024-05-20 00:00:00+00:00,3071.2,3694,3047.67,3661.78,847107.8828,ETHUSDT,172.2813097,70.10224479,3100.905813,3144.574981,3165.8016,317414.7231,2723.684089,3045.1725,3366.660911,0.2111462722,19.25822271,36.97797877,12.69929521,-0.008722252301,193.7512671,0.1162109234,317414.7231,Range/Chop,False,True
2024-05-21 00:00:00+00:00,3661.79,3841.54,3624.28,3789.6,952437.2694,ETHUSDT,175.4940733,72.64047565,3166.495735,3169.87008,3171.5176,333788.3977,2631.65668,3086.0295,3540.40232,0.2944708208,21.8011282,39.71318076,11.57632327,-0.01352061933,192.5381171,0.1228321121,333788.3977,Range/Chop,False,True
2024-05-22 00:00:00+00:00,3789.59,3813.69,3653.15,3737.73,574938.3099,ETHUSDT,174.4259252,70.04180071,3220.898999,3192.139096,3180.693,344238.3272,2590.919294,3123.6065,3656.293706,0.3410719023,24.16239758,37.10234916,10.81527039,-0.02702301681,191.4058349,0.1309651249,344238.3272,Range/Chop,False,True
2024-05-23 00:00:00+00:00,3737.72,3949.29,3498,3783.61,1127866.076,ETHUSDT,194.2019305,71.02905226,3274.490523,3215.334034,3190.1486,382840.3391,2552.55254,3157.6565,3762.76046,0.3832614218,24.97289262,30.94384074,14.72658086,-0.04195184451,190.6863705,0.1360733847,382840.3391,Range/Chop,False,True
2024-05-24 00:00:00+00:00,3783.6,3829.61,3626.1,3728.28,479418.4318,ETHUSDT,194.8667926,68.11384484,3317.708568,3235.449562,3198.1662,396998.0632,2534.594162,3188.209,3841.823838,0.4100200697,25.72549516,28.63553092,13.62802586,-0.05596195772,189.9678559,0.1405418298,396998.0632,Bull Trend,False,True
2024-05-25 00:00:00+00:00,3728.28,3779.43,3709.03,3749.26,158711.8992,ETHUSDT,185.9763075,68.63943451,3358.808704,3255.598991,3206.7944,393995.6449,2521.803781,3218.8515,3915.899219,0.433103372,26.42434038,27.86126126,13.25954074,-0.05064961044,189.2222829,0.1423956762,393995.6449,Bull Trend,False,True
2024-05-26 00:00:00+00:00,3749.25,3884.2,3731.17,3826.47,292208.2937,ETHUSDT,183.6229998,70.56251775,3403.347875,3277.986089,3216.292,390849.2944,2516.101216,3257.045,3997.988784,0.4549791509,27.51243549,30.27824419,12.47022648,-0.03109926088,188.4671198,0.1446772063,390849.2944,Bull Trend,False,True
2024-05-27 00:00:00+00:00,3826.47,3977,3823.37,3894.22,363717.6473,ETHUSDT,181.4806427,72.17491177,3450.097602,3302.152125,3225.0924,394095.3427,2520.66079,3301.4715,4082.28221,0.4730076936,28.870195,32.09990772,11.71619058,-0.02081468444,187.7740517,0.1464163974,394095.3427,Bull Trend,False,True
2024-05-28 00:00:00+00:00,3894.21,3931.09,3773.9,3844.69,416249.8344,ETHUSDT,179.7455968,69.19114584,3487.67783,3323.42812,3228.094,401561.0938,2545.192237,3344.9955,4144.798763,0.4782088726,29.65299681,30.09477833,12.95020928,-0.03326879557,187.1527861,0.1479391267,401561.0938,Bull Trend,False,True
2024-05-29 00:00:00+00:00,3844.69,3888.55,3742.59,3767.43,334759.6348,ETHUSDT,177.3323398,64.69809782,3514.320894,3340.839958,3233.3148,406370.9882,2574.733537,3381.5555,4188.377463,0.4771898396,30.07836389,28.32544759,13.44999221,-0.05269549912,186.6534562,0.1801384598,406370.9882,Bull Trend,False,True
2024-05-30 00:00:00+00:00,3767.44,3825.35,3702.58,3747.91,277034.2894,ETHUSDT,173.4350299,63.57482436,3536.567475,3356.803489,3237.3602,403829.9089,2632.054696,3423.4515,4214.848304,0.4623385514,30.08698419,26.8932459,14.41772571,-0.0576037214,186.1571022,0.2528085465,403829.9089,Bull Trend,False,True
2024-05-31 00:00:00+00:00,3747.9,3849.94,3723.75,3762.29,273406.766,ETHUSDT,170.0603849,64.0697253,3558.064859,3372.704921,3242.5556,410592.0917,2697.943227,3465.9435,4233.943773,0.4431695285,30.22323049,26.5006716,13.65355479,-0.0539879306,185.569952,0.3177713615,410592.0917,Bull Trend,False,True
2024-06-01 00:00:00+00:00,3762.29,3833.3,3752.67,3815.82,132687.2006,ETHUSDT,163.6725002,65.92567794,3582.612967,3390.081983,3254.1234,411842.9201,2769.426978,3510.27,4251.113022,0.4221003066,30.34974491,25.56816957,13.17311536,-0.04052803621,184.7712054,0.3621666621,411842.9201,Bull Trend,False,True
2024-06-02 00:00:00+00:00,3815.82,3838.59,3752.62,3780.91,210295.4407,ETHUSDT,158.1223216,63.61775153,3601.498399,3405.408572,3269.6014,403924.4539,2848.878321,3551.766,4254.653679,0.3957961638,30.49819684,24.81418931,12.6615346,-0.04930600955,183.9358931,0.3895287928,403924.4539,Bull Trend,False,True
2024-06-03 00:00:00+00:00,3780.92,3849.99,3758.43,3767.06,248848.702,ETHUSDT,153.3678701,62.68022725,3617.266171,3419.590981,3281.8404,402883.1238,2959.036797,3596.0225,4233.008203,0.3542723678,30.70642951,24.28698484,12.12161424,-0.05278853407,183.0394722,0.3895287928,402883.1238,Bull Trend,False,True
2024-06-04 00:00:00+00:00,3767.07,3831.65,3730,3810.23,232063.7468,ETHUSDT,149.6737365,64.43932959,3635.643678,3434.910158,3296.0052,396973.5952,3047.216409,3634.9065,4222.596591,0.323359124,30.54063307,23.1088165,12.89035198,-0.04193361831,182.1614266,0.3895287928,396973.5952,Bull Trend,False,True
2024-06-05 00:00:00+00:00,3810.23,3887.47,3777.33,3865.99,273738.6035,ETHUSDT,146.8498982,66.62742963,3657.581423,3451.81525,3311.6406,395966.8179,3178.681438,3680.971,4183.260562,0.2729114477,30.76423686,24.58592971,12.19978126,-0.02791299975,181.3680032,0.3895287928,395966.8179,Bull Trend,False,True
2024-06-06 00:00:00+00:00,3866,3878.6,3760,3813.46,237504.1905,ETHUSDT,144.8320483,62.71252794,3672.427002,3465.997397,3328.2016,389955.7887,3291.337547,3717.0435,4142.749453,0.2290562126,30.74192362,23.14786438,12.34088358,-0.04112144833,180.6345149,0.3895287928,389955.7887,Bull Trend,False,True
2024-06-07 00:00:00+00:00,3813.47,3841.39,3600,3678.32,362223.3594,ETHUSDT,151.7290449,53.93278423,3672.98824,3474.323774,3340.48,398068.1294,3416.408485,3744.8125,4073.216515,0.1753914329,28.92103535,20.51739383,18.47071763,-0.07510183555,179.8546567,0.3895287928,398068.1294,Bull Trend,False,True
2024-06-08 00:00:00+00:00,3678.31,3709.5,3660.08,3681.57,140550.8394,ETHUSDT,144.421256,54.09921429,3673.80555,3482.451077,3352.9822,396788.4209,3656.293573,3775.3315,3894.369427,0.0630609136,27.23021053,20.01589978,18.01924923,-0.07428463666,178.8597169,0.3895287928,396788.4209,Bull Trend,False,True
2024-06-09 00:00:00+00:00,3681.58,3721.52,3666.36,3706.4,103451.102,ETHUSDT,138.045452,55.42421722,3676.909784,3491.233387,3363.9944,359605.5818,3665.662365,3777.5625,3889.462635,0.05924462416,25.77219271,20.06656786,17.504956,-0.06804123711,177.8215943,0.3895287928,359605.5818,Bull Trend,False,True
2024-06-10 00:00:00+00:00,3706.4,3713.67,3642.74,3667.85,156363.1846,ETHUSDT,133.2514911,52.87235222,3676.046947,3498.159529,3374.398,319801.8776,3650.018029,3771.475,3892.931971,0.06440820708,24.16008205,19.30360579,18.10552471,-0.07773447322,176.7708971,0.3895287928,319801.8776,Range/Chop,False,True
2024-06-11 00:00:00+00:00,3667.85,3673,3432,3497.33,439568.5978,ETHUSDT,140.9478132,43.36188407,3659.026285,3498.126998,3380.3406,313033.392,3589.228018,3759.455,3929.681982,0.09055939347,24.01458454,16.94601132,26.57399266,-0.1206110133,175.543583,0.3895287928,313033.392,Range/Chop,False,True
2024-06-12 00:00:00+00:00,3497.33,3659.01,3462.07,3560.12,387043.774,ETHUSDT,144.9472551,47.13290184,3649.606639,3500.558097,3387.1538,275992.2769,3557.734066,3748.2805,3938.826934,0.1016713843,23.87947971,15.30139955,23.99498452,-0.1048227307,174.1027914,0.3750342658,275992.2769,Range/Chop,False,True
2024-06-13 00:00:00+00:00,3560.13,3561.65,3428,3469.4,300230.8299,ETHUSDT,144.1403083,42.70843744,3632.444102,3499.33621,3393.7258,267032.8968,3509.255502,3735.3365,3961.417498,0.1210498693,23.99871187,14.28798616,24.09412915,-0.1276338949,172.6055682,0.3388157459,267032.8968,Range/Chop,False,True
2024-06-14 00:00:00+00:00,3469.4,3532.61,3362.26,3481.8,322316.4214,ETHUSDT,146.0124291,43.4892928,3618.097045,3498.648516,3400.2458,275213.1229,3470.538268,3721.9635,3973.388732,0.1351035455,24.55480667,13.09730551,25.3022284,-0.1245159668,171.1149205,0.2981352858,275213.1229,Range/Chop,False,True
2024-06-15 00:00:00+00:00,3481.8,3594.39,3473.1,3568.74,246649.5894,ETHUSDT,144.2465413,48.76223202,3613.396374,3501.397202,3408.9946,272935.1877,3454.005311,3709.077,3964.148689,0.1375391716,24.33566792,15.36991648,23.78255479,-0.1026552678,169.7060809,0.2509838302,272935.1877,Range/Chop,False,True
2024-06-16 00:00:00+00:00,3568.75,3653.79,3541.05,3624.41,149839.982,ETHUSDT,141.9960741,51.85976874,3614.445291,3506.221233,3416.3716,262241.3044,3452.869162,3695.5865,3938.303838,0.1313552466,23.48266268,17.48627057,22.4338026,-0.08865727936,168.2829442,0.2022238228,262241.3044,Range/Chop,False,True
2024-06-17 00:00:00+00:00,3624.41,3638.37,3463.39,3511.46,337805.6402,ETHUSDT,144.3520688,45.80880044,3604.637168,3506.426675,3421.3318,258319.0947,3433.699743,3678.925,3924.150257,0.1333135398,23.2871818,15.9722403,24.33418271,-0.117058084,166.9990315,0.1564653022,258319.0947,Range/Chop,False,True
2024-06-18 00:00:00+00:00,3511.47,3517.2,3355,3483.42,449913.3014,ETHUSDT,145.626921,44.42306823,3593.092676,3505.524452,3426.6656,264076.778,3408.977312,3664.7245,3920.471688,0.1395723949,23.81521158,14.70152874,27.7146387,-0.1241086246,165.6859816,0.1385557832,264076.778,Range/Chop,False,True
2024-06-19 00:00:00+00:00,3483.42,3590.01,3465.65,3560.51,321500.0027,ETHUSDT,144.1078552,48.99160157,3589.989564,3507.680748,3437.5948,266300.0637,3398.754416,3655.3545,3911.954584,0.1403968257,23.52952791,17.40422561,26.00629896,-0.1047246668,164.432471,0.1385557832,266300.0637,Range/Chop,False,True
2024-06-20 00:00:00+00:00,3560.51,3625.96,3486,3513.08,329117.8453,ETHUSDT,143.8115799,46.46107309,3582.664843,3507.892484,3448.4072,269085.6177,3384.081494,3642.894,3901.706506,0.1420917031,22.90194674,17.97993157,24.19845646,-0.1166507418,163.3390564,0.1385557832,269085.6177,Range/Chop,False,True
2024-06-21 00:00:00+00:00,3513.08,3547.55,3446.82,3518.5,342155.102,ETHUSDT,140.7343242,46.79924554,3576.553906,3508.308465,3459.0534,279559.0127,3376.604026,3628.028,3879.451974,0.1386009006,22.60744836,17.06071298,24.94986696,-0.1152879055,162.3176476,0.1380700361,279559.0127,Range/Chop,False,True
2024-06-22 00:00:00+00:00,3518.5,3521.19,3475.09,3495.75,115774.6157,ETHUSDT,133.9747296,45.50012935,3568.858296,3507.815976,3466.9162,274832.9715,3366.331593,3613.77,3861.208407,0.1369419785,22.33398558,16.64139143,24.33664424,-0.1210082977,161.2912085,0.137240575,274832.9715,Range/Chop,False,True
2024-06-23 00:00:00+00:00,3495.76,3521.45,3406.38,3420.91,133411.4304,ETHUSDT,132.6243918,41.42613329,3554.767982,3504.407898,3472.9898,269061.1079,3345.929073,3596.4625,3846.995927,0.1393221406,22.58953274,15.61005512,26.52897009,-0.1398265024,160.2504793,0.137240575,269061.1079,Range/Chop,False,True
2024-06-24 00:00:00+00:00,3420.91,3435.76,3240,3352.73,543370.4229,ETHUSDT,137.1340781,38.0809236,3535.526269,3498.459745,3477.3162,284626.4417,3321.762694,3573.5875,3825.412306,0.1409366953,23.81291805,14.01837803,32.49012711,-0.1569700779,159.3749451,0.137240575,284626.4417,Range/Chop,False,True
2024-06-25 00:00:00+00:00,3352.74,3430.88,3336.76,3394.91,240036.2236,ETHUSDT,134.0616439,41.24210515,3522.134244,3494.398971,3483.9624,282941.3227,3325.351826,3550.0335,3774.715174,0.1265800305,24.9489187,13.31539133,30.86082826,-0.1463640935,158.5957824,0.136022762,282941.3227,Range/Chop,False,True
2024-06-26 00:00:00+00:00,3394.91,3426.75,3325.01,3371.44,206949.3418,ETHUSDT,131.7529551,40.01785553,3507.782411,3489.577051,3491.2774,281413.5803,3325.377664,3527.9325,3730.487336,0.1148292014,26.06850424,12.58094973,29.7956417,-0.1423650947,157.7335598,0.1342085426,281413.5803,Bear Trend,False,True
2024-06-27 00:00:00+00:00,3371.77,3477,3361.74,3450.44,201041.6609,ETHUSDT,130.5748868,45.84512856,3502.321229,3488.042264,3500.802,273354.4954,3323.699432,3516.5385,3709.377568,0.1096755048,26.45774549,14.5365433,27.91700127,-0.1126666752,156.9428174,0.1323343932,273354.4954,Bear Trend,False,True
2024-06-28 00:00:00+00:00,3450.44,3487.7,3365.22,3380.15,221634.3435,ETHUSDT,129.9966806,41.94092446,3490.685874,3483.811195,3507.6804,277408.6706,3315.586755,3501.4675,3687.348245,0.1061730515,26.6817408,14.14618398,26.03823115,-0.1305013286,156.1498186,0.1323343932,277408.6706,Bear Trend,False,True
2024-06-29 00:00:00+00:00,3380.15,3408.32,3371.86,3378.8,88329.7651,ETHUSDT,123.3154892,41.86717855,3480.030076,3479.693109,3517.0566,276652.6037,3317.491465,3485.0875,3652.683535,0.09617895371,26.88973645,13.84743234,25.48833272,-0.1308485982,155.0640696,0.1323343932,276652.6037,Bear Trend,False,True
2024-06-30 00:00:00+00:00,3378.8,3460,3352.66,3438.16,141221.6185,ETHUSDT,122.1743828,46.33538041,3476.04245,3478.06436,3527.5708,275895.5254,3327.586331,3473.603,3619.619669,0.0840721689,26.38170962,15.99986896,23.88879374,-0.115579027,153.9381361,0.1323343932,275895.5254,Bear Trend,False,True
2024-07-01 00:00:00+00:00,3438.16,3524.94,3423.78,3442.2,224273.2122,ETHUSDT,120.6733555,46.63601008,3472.819359,3476.657914,3537.829,265130.7561,3324.644208,3470.8465,3617.048792,0.08424589883,25.11453309,18.88573104,22.4583736,-0.1145397907,152.8660787,0.1323343932,265130.7561,Bear Trend,False,True
2024-07-02 00:00:00+00:00,3442.2,3464.12,3402,3421.35,137932.7014,ETHUSDT,116.4909729,45.22782777,3467.917516,3474.488976,3547.2362,252675.2025,3322.209136,3463.908,3605.606864,0.08181445005,24.14988453,18.16637327,22.93841437,-0.1199031761,151.7437517,0.1323343932,252675.2025,Range/Chop,False,True
2024-07-03 00:00:00+00:00,3421.35,3432.1,3251,3295.48,310408.451,ETHUSDT,121.1059034,37.80616839,3451.494895,3467.469017,3555.5072,253184.0836,3295.701335,3455.212,3614.722665,0.09233046477,24.48668654,16.22596403,29.39430654,-0.152281561,150.8277218,0.1323343932,253184.0836,Range/Chop,False,True
2024-07-04 00:00:00+00:00,3295.49,3313.45,3050.34,3059.7,450402.5692,ETHUSDT,131.2490532,28.4037368,3414.181096,3451.478075,3556.0502,259588.391,3199.99905,3434.107,3668.21495,0.1363428396,25.90898813,13.90256583,36.10568231,-0.2129328329,150.1725631,0.1323343932,259588.391,Bear Trend,False,True
2024-07-05 00:00:00+00:00,3059.7,3110,2810,2981.78,886994.3753,ETHUSDT,143.3026922,26.09408625,3373.000039,3433.058542,3556.7918,291605.6303,3107.007349,3404.759,3702.510651,0.1749032171,28.10251336,11.82366473,42.68630601,-0.2312226061,149.7129515,0.1323343932,291605.6303,Bear Trend,False,True
2024-07-06 00:00:00+00:00,2981.79,3081.78,2955.06,3066.83,214487.9713,ETHUSDT,142.1182142,32.54193353,3343.840988,3418.696639,3556.2882,294838.0297,3062.655589,3376.88,3691.104411,0.1861033921,30.13935821,11.07062222,39.96763936,-0.2016353455,149.2800621,0.1348281897,294838.0297,Bear Trend,False,True
2024-07-07 00:00:00+00:00,3066.83,3073.08,2922.24,2931,179892.7612,ETHUSDT,142.7411989,28.29605548,3304.522798,3399.57128,3552.4494,286942.3858,2985.217948,3347.857,3710.496052,0.2166395113,32.13493844,10.23499769,38.59316446,-0.2124185817,148.9366291,0.1366424091,286942.3858,Bear Trend,False,True
2024-07-08 00:00:00+00:00,2930.99,3097.06,2822.8,3019.01,500445.0105,ETHUSDT,152.135399,34.27943379,3277.331103,3384.647309,3551.4058,289468.9712,2940.835874,3324.6365,3708.437126,0.23088276,34.28411435,8.917069015,38.29241672,-0.1887696425,148.8153817,0.1366424091,289468.9712,Bear Trend,False,True
2024-07-09 00:00:00+00:00,3019.01,3115.2,3004,3066.65,280358.1424,ETHUSDT,149.2114419,37.32803851,3257.266236,3372.176826,3539.5032,287411.8782,2916.475003,3299.9435,3683.411997,0.232409129,36.0589451,9.310768201,36.25402616,-0.1742265737,148.6258188,0.1366424091,287411.8782,Bear Trend,False,True
2024-07-10 00:00:00+00:00,3066.65,3151.51,3024,3101.05,270827.0844,ETHUSDT,147.6613389,39.51003732,3242.388499,3361.544401,3525.7322,284497.3402,2899.635939,3279.342,3659.048061,0.2315745419,37.25846839,10.49290563,34.01785186,-0.1557173972,148.5311055,0.1366424091,284497.3402,Bear Trend,False,True
2024-07-11 00:00:00+00:00,3101.06,3217.24,3054.76,3099.57,289229.32,ETHUSDT,148.7198147,39.44640517,3228.786738,3351.270895,3512.969,281851.0511,2887.658459,3258.3955,3629.132541,0.2275580366,37.59239981,12.83100924,31.36318563,-0.1528938155,148.5722647,0.1366424091,281851.0511,Bear Trend,False,True
2024-07-12 00:00:00+00:00,3099.57,3157.89,3045.58,3133.88,185745.1825,ETHUSDT,146.1191137,41.78703418,3219.748001,3342.745762,3499.9744,285349.5794,2882.573269,3240.302,3598.030731,0.2207996236,37.94656712,12.12656896,30.09005632,-0.1422933447,148.5874719,0.1378324901,285349.5794,Bear Trend,False,True
2024-07-13 00:00:00+00:00,3133.89,3201.8,3113.37,3175.93,119302.4769,ETHUSDT,141.9984627,44.61277438,3215.574858,3336.203968,3488.9274,284644.1317,2879.234145,3228.053,3576.871855,0.2161171799,37.74684657,13.79592683,28.75157921,-0.1307847468,148.5894858,0.1386397674,284644.1317,Bear Trend,False,True
2024-07-14 00:00:00+00:00,3175.93,3268.72,3163.67,3245.08,165430.7716,ETHUSDT,139.3592868,48.99724354,3218.384871,3332.630479,3478.8438,265747.1492,2878.42085,3222.6705,3566.92015,0.2136424745,36.80345427,16.48309096,27.20349775,-0.1118591928,148.504975,0.1556230283,265747.1492,Bear Trend,False,True
2024-07-15 00:00:00+00:00,3245.2,3493.63,3233.22,3483.39,314296.8452,ETHUSDT,148.0057663,60.57890481,3243.623455,3338.542617,3471.9822,269460.1802,2872.001305,3227.0945,3582.187695,0.2200699079,34.390331,25.26587536,23.7846817,-0.0466365062,148.5955125,0.1805033046,269460.1802,Bull Trend,False,True
2024-07-16 00:00:00+00:00,3483.2,3498.59,3346.55,3444.13,376128.7869,ETHUSDT,148.2939259,58.23285097,3262.719316,3342.683299,3462.9804,277919.1525,2868.386489,3230.729,3593.071511,0.2243100621,32.18578919,23.65448883,22.04285956,-0.05338654397,148.6380354,0.1998729333,277919.1525,Range/Chop,False,True
2024-07-17 00:00:00+00:00,3444.14,3517,3376,3387.05,297812.5162,ETHUSDT,147.7729311,54.90367807,3274.560334,3344.423169,3453.8276,282757.6953,2871.912795,3227.5595,3583.206205,0.2203811922,30.27977106,22.93220164,20.54053377,-0.06588875774,148.7699376,0.2148798272,282757.6953,Range/Chop,False,True
2024-07-18 00:00:00+00:00,3387.05,3489.98,3367.2,3426.5,241950.3457,ETHUSDT,145.9877218,56.74427877,3289.030778,3347.641868,3447.009,283773.4954,2869.70789,3229.877,3590.04611,0.2230234219,28.43131818,21.55458299,19.73715567,-0.05500888041,148.9394659,0.2163783456,283773.4954,Range/Chop,False,True
2024-07-19 00:00:00+00:00,3426.49,3540.27,3377,3503.53,299511.6422,ETHUSDT,147.2221702,60.16328253,3309.459276,3353.755128,3442.1214,294332.5892,2861.803744,3236.1135,3610.423256,0.2313328972,27.1266817,22.28709263,18.17368511,-0.03376485124,148.5218136,0.2183547096,294332.5892,Bull Trend,False,True
2024-07-20 00:00:00+00:00,3503.53,3539.65,3480,3517.5,147510.8165,ETHUSDT,140.9670152,60.76891277,3329.272678,3360.176496,3437.2256,294647.0491,2855.74216,3240.0805,3624.41884,0.2372399946,25.91523354,21.61346743,17.62438725,-0.008470634663,147.9463626,0.22022555,294647.0491,Bull Trend,False,True
2024-07-21 00:00:00+00:00,3517.5,3547,3411.4,3535.92,218890.9656,ETHUSDT,140.583657,61.59791691,3348.953375,3367.068398,3431.6276,294377.9368,2848.582365,3244.7665,3640.950635,0.2441988569,24.10497818,20.12437635,19.89559877,-0.003123766563,147.3823248,0.2205904079,294377.9368,Range/Chop,False,True
2024-07-22 00:00:00+00:00,3535.93,3562.82,3422.34,3439.6,207859.5043,ETHUSDT,140.5762529,55.04741181,3357.586387,3369.912775,3424.8014,297874.2769,2847.791817,3245.679,3643.566183,0.2451796267,22.57438947,19.49173932,18.47545761,-0.0345849636,146.4885635,0.2219115227,297874.2769,Range/Chop,False,True
2024-07-23 00:00:00+00:00,3439.61,3541,3389,3482.51,500568.7811,ETHUSDT,141.3922348,57.22953593,3369.483874,3374.328352,3419.1104,307382.2934,2844.316287,3255.0305,3665.744713,0.2523565987,21.10698847,17.99501924,18.74104627,-0.02254113315,145.5973209,0.223666742,307382.2934,Range/Chop,False,True
2024-07-24 00:00:00+00:00,3482.51,3487.82,3300,3335.81,275479.0506,ETHUSDT,144.7085038,48.55214011,3366.276838,3372.817829,3409.622,298636.1175,2866.843386,3268.836,3670.828614,0.2459545932,20.55932916,16.32672725,21.39665913,-0.06371638197,144.9095241,0.2259340494,298636.1175,Range/Chop,False,True
2024-07-25 00:00:00+00:00,3335.82,3342.5,3087.53,3175.48,494282.6398,ETHUSDT,152.5843249,41.19968414,3348.105711,3365.07909,3395.8118,279000.5307,2895.786491,3278.521,3661.255509,0.23347998,21.47540373,14.37800356,28.78905573,-0.1087172521,144.3922129,0.2292203983,279000.5307,Range/Chop,False,True
2024-07-26 00:00:00+00:00,3175.47,3286.36,3171,3274.61,260237.4641,ETHUSDT,149.9254446,46.58557568,3341.106119,3361.531283,3385.0348,281288.0054,2918.64736,3288.91,3659.17264,0.225158268,22.32604441,13.58777913,27.20679049,-0.08089378638,143.8662929,0.2292203983,281288.0054,Range/Chop,False,True
2024-07-27 00:00:00+00:00,3274.6,3327.59,3191.01,3249.01,231991.9037,ETHUSDT,148.9721985,45.42833341,3332.33506,3357.118683,3376.4486,283892.9625,2971.97179,3304.8105,3637.64921,0.2014268051,22.64623295,14.67483772,25.42510453,-0.08807910588,143.3534029,0.2292203983,283892.9625,Range/Chop,False,True
2024-07-28 00:00:00+00:00,3249,3284.3,3198.11,3270.16,103529.8329,ETHUSDT,144.4877558,46.60838494,3326.413626,3353.708539,3368.2204,264047.2036,3010.684792,3317.368,3624.051208,0.1848955003,22.94355088,14.04956266,24.34177509,-0.082142797,142.8059932,0.2263581523,264047.2036,Range/Chop,False,True
2024-07-29 00:00:00+00:00,3270.16,3396.77,3258,3317.66,318471.5055,ETHUSDT,144.0793447,49.26198315,3325.579947,3352.294871,3360.4456,265952.8718,3045.572507,3329.9185,3614.264493,0.1707825541,21.99753653,18.65879983,22.66714815,-0.06881066122,142.3167318,0.2247341651,265952.8718,Range/Chop,False,True
2024-07-30 00:00:00+00:00,3317.66,3366.4,3233.18,3279.21,197277.1641,ETHUSDT,143.3036772,47.21628596,3321.163762,3349.428797,3352.6728,262275.3758,3073.170056,3338.8265,3604.482944,0.1591316255,21.31949088,17.41980994,22.39912717,-0.07960267429,141.8707867,0.223666742,262275.3758,Range/Chop,False,True
2024-07-31 00:00:00+00:00,3279.2,3350,3213.75,3232.74,233711.3352,ETHUSDT,142.7998431,44.79513792,3312.742451,3344.852766,3347.381,259499.4765,3098.102425,3345.485,3592.867575,0.1478904104,20.84939487,16.2326092,21.84446416,-0.09264571323,141.522909,0.2219115227,259499.4765,Range/Chop,False,True
2024-08-01 00:00:00+00:00,3232.74,3242.57,3080.02,3203.4,323285.6105,ETHUSDT,144.2105686,43.28593227,3302.328885,3339.305599,3340.2466,266376.4979,3111.82791,3348.961,3586.09409,0.141615916,21.38175788,14.92568566,26.70946442,-0.100880763,141.2910465,0.221702307,266376.4979,Range/Chop,False,True
2024-08-02 00:00:00+00:00,3203.4,3218.6,2967,2989.61,385704.0395,ETHUSDT,151.8812423,34.23489253,3272.546134,3325.592046,3330.6508,279696.5761,3064.465724,3339.645,3614.824276,0.164795525,22.52383832,13.15959598,28.8642959,-0.1608866011,141.2662694,0.221702307,279696.5761,Range/Chop,False,True
2024-08-03 00:00:00+00:00,2989.61,3018.02,2859,2903.64,344595.3157,ETHUSDT,152.3911535,31.39227333,3237.412216,3309.044907,3319.0876,288654.8033,2989.722605,3322.573,3655.423395,0.2003570092,24.09955603,12.17873714,31.77503838,-0.1850163634,141.3115596,0.221702307,288654.8033,Range/Chop,False,True
2024-08-04 00:00:00+00:00,2903.65,2935.46,2630,2688.92,512064.2612,ETHUSDT,163.3246426,25.66118955,3185.174862,3284.726283,3301.4912,298543.1741,2859.047232,3282.8495,3706.651768,0.2581917133,26.38694587,10.55177722,37.54531485,-0.2452832307,141.5861387,0.223666742,298543.1741,Bear Trend,False,True
2024-08-05 00:00:00+00:00,2688.91,2697.44,2111,2419.59,2670604.1,ETHUSDT,193.5471681,20.58477547,3112.262018,3250.79937,3277.3948,413266.9397,2672.200787,3231.6225,3791.044213,0.3462172413,29.56703104,8.268101992,48.57323778,-0.320877844,142.3980574,0.2240908449,413266.9397,Crash/Capitulation,False,True
2024-08-06 00:00:00+00:00,2419.76,2556.23,2414.19,2461.33,642283.8038,ETHUSDT,189.8680847,23.12299459,3050.268493,3219.839787,3256.3922,430490.5041,2538.635917,3185.3365,3832.037083,0.4060485182,32.51996727,7.826291034,45.97769787,-0.3091624051,143.033708,0.2282455826,430490.5041,Bear Trend,False,True
2024-08-07 00:00:00+00:00,2461.33,2551.32,2309.04,2342.8,630115.4228,ETHUSDT,193.6117929,21.06412305,2982.890541,3185.44607,3233.5798,449898.758,2398.472054,3131.1515,3863.830946,0.4679936096,35.41443749,7.126749159,45.74731173,-0.3424309957,143.8535503,0.2324064386,449898.758,Bear Trend,False,True
2024-08-08 00:00:00+00:00,2342.79,2724.1,2320.4,2682.5,586502.8754,ETHUSDT,208.6180934,38.08042194,2954.281918,3165.722694,3216.0196,464248.3196,2353.484257,3090.1,3826.715743,0.4767585145,36.6818361,12.05747179,39.42400396,-0.2470851741,145.029761,0.2353599873,464248.3196,Bear Trend,False,True
2024-08-09 00:00:00+00:00,2682.5,2707.98,2552.61,2598.78,406739.9611,ETHUSDT,204.8146582,36.01956661,2920.424592,3143.489648,3197.7336,477209.7768,2305.308666,3044.164,3783.019334,0.4854241323,37.85870624,11.40413916,37.28781914,-0.2705834143,146.2224805,0.2388394184,477209.7768,Bear Trend,False,True
2024-08-10 00:00:00+00:00,2598.79,2644.7,2576.49,2609.92,171012.3619,ETHUSDT,195.0571826,36.51192187,2890.852727,3122.565348,3179.562,474815.8467,2272.135936,2997.864,3723.592064,0.4841634334,38.95151423,11.11928631,36.35644312,-0.2674566776,147.1243033,0.2393298034,474815.8467,Bear Trend,False,True
2024-08-11 00:00:00+00:00,2609.92,2720,2540,2555.38,297098.9145,ETHUSDT,193.9816695,35.0882568,2858.902943,3100.322785,3160.7546,479277.8172,2233.239888,2953.653,3674.066112,0.4878116094,39.32227186,13.15501933,33.94673099,-0.2827647762,147.9415435,0.2397172866,479277.8172,Bear Trend,False,True
2024-08-12 00:00:00+00:00,2555.38,2750,2510.05,2722.3,483414.2506,ETHUSDT,197.2651217,42.48034795,2845.893139,3085.498362,3146.7824,478420.0906,2231.549848,2915.6425,3599.735152,0.4692568801,39.41291113,13.0983346,30.99728551,-0.2359142477,148.8269571,0.2397172866,478420.0906,Bear Trend,False,True
2024-08-13 00:00:00+00:00,2722.3,2738.4,2611.37,2702.44,325668.6964,ETHUSDT,192.2483273,41.86941093,2832.230935,3070.476466,3133.7766,480929.5729,2222.344122,2883.974,3545.603878,0.4588320688,39.49707617,12.48013065,29.53430225,-0.2414884838,149.5975554,0.2458358466,480929.5729,Bear Trend,False,True
2024-08-14 00:00:00+00:00,2702.44,2780,2632.2,2661.45,338808.7141,ETHUSDT,189.0734468,40.57246135,2815.966084,3054.436212,3119.1074,473155.8766,2204.040076,2858.2725,3512.504924,0.4577817011,39.19254092,13.35486128,27.88521903,-0.2529934153,150.3446705,0.3022044773,473155.8766,Bear Trend,False,True
2024-08-15 00:00:00+00:00,2661.45,2675.6,2515.71,2569.89,356546.8059,ETHUSDT,186.9889149,37.75888955,2792.530267,3035.4344,3103.0764,477971.3437,2186.625256,2823.0365,3459.447744,0.4508700077,39.38659899,12.53918696,30.63191827,-0.2786921596,151.0945512,0.3761328798,477971.3437,Bear Trend,False,True
2024-08-16 00:00:00+00:00,2569.9,2630.97,2550.04,2592.73,270684.1373,ETHUSDT,179.4132781,38.89720524,2773.50167,3018.073443,3085.9222,479905.9554,2177.825758,2790.2225,3402.619242,0.4389590737,39.56679578,12.13517307,29.64495471,-0.2722815073,151.6789047,0.4225037959,479905.9554,Bear Trend,False,True
2024-08-17 00:00:00+00:00,2592.72,2629.69,2587.5,2614.51,89348.676,ETHUSDT,169.6116154,40.02365504,2758.359606,3002.247426,3070.6094,479196.8976,2182.254833,2757.44,3332.625167,0.4171878023,39.73412136,11.91956159,29.11823849,-0.2661683722,152.0786496,0.428073438,479196.8976,Bear Trend,False,True
2024-08-18 00:00:00+00:00,2614.51,2689.16,2594.53,2612.15,174074.0585,ETHUSDT,164.2557857,39.93773924,2744.434882,2986.949487,3055.2764,471977.0252,2205.141213,2722.1645,3239.187787,0.3798618984,39.26438904,14.01518331,27.91999459,-0.2668307689,152.4144484,0.428073438,471977.0252,Bear Trend,False,True
2024-08-19 00:00:00+00:00,2612.15,2648.08,2563.58,2636.36,224867.1336,ETHUSDT,158.5589439,41.32912122,2734.142036,2973.20088,3039.2404,473356.5237,2239.918608,2690.022,3140.125392,0.3346466249,38.9877173,13.4816805,28.25144431,-0.2600355898,152.6602378,0.428073438,473356.5237,Bear Trend,False,True
2024-08-20 00:00:00+00:00,2636.36,2695,2555,2572.82,281315.8751,ETHUSDT,157.233305,38.7893516,2718.778032,2957.499669,3021.8528,475736.7507,2280.095217,2657.026,3033.956783,0.2837238199,38.23061182,14.75574933,26.45465932,-0.2778697773,152.9352208,0.428073438,475736.7507,Bear Trend,False,True
2024-08-21 00:00:00+00:00,2572.81,2663.74,2536.22,2630.71,245286.6218,ETHUSDT,155.1109261,42.27015554,2710.390601,2944.684388,3006.04,471836.8013,2346.912063,2628.3915,2909.870937,0.2141837983,37.63913825,13.88924817,25.76598251,-0.2570714487,153.2874908,0.428073438,471836.8013,Bear Trend,False,True
2024-08-22 00:00:00+00:00,2630.71,2644.69,2584.2,2622.88,199063.1196,ETHUSDT,148.3522885,41.9229019,2702.056258,2932.064608,2992.588,462504.7553,2382.46748,2610.055,2837.64252,0.174392892,37.08991278,13.48472814,25.01555628,-0.247988715,153.5496224,0.428073438,462504.7553,Bear Trend,False,True
2024-08-23 00:00:00+00:00,2622.89,2799.13,2621.4,2762.48,401786.4447,ETHUSDT,150.4506965,49.83547936,2707.8109,2925.414231,2986.6436,465364.3117,2405.500004,2602.997,2800.493996,0.1517458498,34.98168365,19.67914435,22.90474859,-0.186733279,153.771566,0.428073438,465364.3117,Bear Trend,False,True
2024-08-24 00:00:00+00:00,2762.49,2820,2731.26,2768,263542.9441,ETHUSDT,146.0427896,50.12483752,2713.543195,2919.241124,2982.368,452938.2459,2399.800879,2606.951,2814.101121,0.1589213766,32.83620867,19.84576515,21.9106332,-0.1851082057,153.9712518,0.428073438,452938.2459,Bear Trend,False,True
2024-08-25 00:00:00+00:00,2768.01,2792.28,2733.21,2746.13,154527.2352,ETHUSDT,139.8304475,48.92083521,2716.6467,2912.452452,2975.954,327134.4026,2426.559372,2623.278,2819.996628,0.1499792462,30.8439819,19.2469331,21.24949521,-0.1915466752,154.1058766,0.428073438,327134.4026,Bear Trend,False,True
2024-08-26 00:00:00+00:00,2746.12,2762,2666.66,2680.49,211708.1247,ETHUSDT,136.6525584,45.39631946,2713.203205,2903.355886,2970.9438,305605.6187,2450.859013,2634.236,2817.612987,0.1392259365,29.55697577,18.28777349,23.66912119,-0.2108709156,154.2071712,0.428073438,305605.6187,Bear Trend,False,True
2024-08-27 00:00:00+00:00,2680.49,2699.98,2392.96,2457.33,412660.7197,ETHUSDT,148.8216613,35.9211275,2688.834328,2885.864675,2959.7102,294732.8835,2489.071459,2639.9625,2790.853541,0.1143130186,30.03428143,15.59293143,33.31782528,-0.2765686225,154.5209208,0.3985248504,294732.8835,Bear Trend,False,True
2024-08-28 00:00:00+00:00,2457.33,2554.6,2418.8,2528.33,451266.634,ETHUSDT,147.8915427,40.19784797,2673.548202,2871.843707,2948.9438,287971.0714,2475.216114,2632.254,2789.291886,0.1193181859,30.47749382,14.57021281,31.13255559,-0.2489514021,154.9305217,0.3572542616,287971.0714,Bear Trend,False,True
2024-08-29 00:00:00+00:00,2528.33,2595.4,2505.88,2527.61,237002.9632,ETHUSDT,143.7221468,40.16856999,2659.649326,2858.344346,2937.475,279484.2215,2465.673362,2628.6955,2791.717638,0.124032729,30.45723732,15.94969726,29.74744926,-0.2454895522,155.2896511,0.3091852224,279484.2215,Bear Trend,False,True
2024-08-30 00:00:00+00:00,2527.6,2552.17,2431.14,2526,338379.1941,ETHUSDT,142.1012791,40.0982398,2646.920818,2845.311234,2926.0036,287852.5632,2455.548143,2624.4995,2793.450857,0.128749392,30.83977267,14.97936727,31.69458475,-0.2209882902,155.6467832,0.2489538091,287852.5632,Bear Trend,False,True
2024-08-31 00:00:00+00:00,2525.99,2533.95,2491.92,2513.01,97946.1147,ETHUSDT,134.9533306,39.49735479,2634.167407,2832.279813,2913.5862,277894.9232,2449.011194,2622.381,2795.750806,0.1322232018,31.19498407,14.64613948,30.98951381,-0.2192226434,155.9544892,0.1942883452,277894.9232,Bear Trend,False,True
2024-09-01 00:00:00+00:00,2513,2516.28,2400,2425.72,223127.776,ETHUSDT,133.6195213,35.63314862,2614.315273,2816.336291,2898.582,264880.5994,2420.69419,2607.552,2794.40981,0.1433204861,31.99699376,13.73574369,33.97696188,-0.196254498,156.1630495,0.1666571343,264880.5994,Bear Trend,False,True
2024-09-02 00:00:00+00:00,2425.71,2564.83,2423.52,2538.01,262632.8385,ETHUSDT,134.1688412,43.31586925,2607.048104,2805.421535,2884.4406,261728.8065,2415.450266,2599.3305,2783.210734,0.1414827655,32.17876537,15.28709497,31.4208625,-0.135396156,156.2117126,0.1553336132,261728.8065,Bear Trend,False,True
2024-09-03 00:00:00+00:00,2538,2553.6,2411.12,2425.29,224793.1299,ETHUSDT,134.7624954,38.36549368,2589.737809,2790.514416,2863.2786,256028.0273,2391.205212,2587.5225,2783.839788,0.1517415119,32.41765222,14.13262726,29.70522807,-0.1399680851,156.069376,0.1517436808,256028.0273,Bear Trend,False,True
2024-09-04 00:00:00+00:00,2425.28,2490,2306.65,2450.71,384179.3854,ETHUSDT,138.2330314,40.02999614,2576.497065,2777.188752,2843.4102,257409.6563,2376.42991,2581.5635,2786.69709,0.1589219791,33.19093854,12.79367852,32.28913934,-0.1309539007,156.0046229,0.1517436808,257409.6563,Bear Trend,False,True
2024-09-05 00:00:00+00:00,2450.71,2466,2348.04,2368.81,278549.0969,ETHUSDT,136.7849578,36.60042594,2556.717344,2761.173899,2823.0454,257802.9043,2345.409147,2570.3675,2795.325853,0.1750398359,33.90899013,12.00561029,30.3001848,-0.1599964539,155.9053522,0.1517436808,257802.9043,Bear Trend,False,True
2024-09-06 00:00:00+00:00,2368.81,2408.83,2150.55,2225.23,643027.111,ETHUSDT,145.4631751,31.50451653,2525.147121,2740.156491,2799.02,285486.826,2281.598584,2550.9035,2820.208416,0.2111447308,35.4187209,10.48298191,36.15491562,-0.2109113475,155.7941485,0.1517436808,285486.826,Bear Trend,False,True
2024-09-07 00:00:00+00:00,2225.24,2311.27,2220.98,2273.58,219453.2076,ETHUSDT,141.522234,34.79676003,2501.188348,2721.859374,2774.421,287755.7835,2240.699908,2533.975,2827.250092,0.2314743372,36.82061375,10.00526372,34.50730609,-0.1937659574,155.6659951,0.1517436808,287755.7835,Bear Trend,False,True
2024-09-08 00:00:00+00:00,2273.58,2333.58,2240.94,2297.3,192775.6493,ETHUSDT,138.0306459,36.41153222,2481.77041,2705.209987,2750.017,286151.2093,2210.481405,2517.022,2823.562595,0.2435740288,37.82866989,10.68012025,32.85303741,-0.1853546099,155.5054835,0.1517436808,286151.2093,Bear Trend,False,True
2024-09-09 00:00:00+00:00,2297.3,2381.41,2272.8,2359.5,321698.99,ETHUSDT,135.9291712,40.56798567,2470.125609,2691.652733,2726.4886,288170.365,2193.542901,2506.356,2819.169099,0.2496158555,38.14269491,12.58396479,30.97802288,-0.1632978723,155.2923061,0.1517436808,288170.365,Bear Trend,False,True
2024-09-10 00:00:00+00:00,2359.51,2400,2320.41,2388.52,224382.1729,ETHUSDT,131.9049446,42.45781512,2462.353646,2679.765174,2705.467,287125.1426,2182.878943,2494.2465,2805.614057,0.2496686333,38.1947374,13.04828305,29.64289431,-0.1530070922,155.0554033,0.1517436808,287125.1426,Bear Trend,False,True
2024-09-11 00:00:00+00:00,2388.52,2389.32,2277.68,2340.55,282898.3125,ETHUSDT,130.4574486,40.18322104,2450.753299,2666.462619,2682.6278,291316.9022,2167.771455,2480.13,2792.488545,0.2518888489,38.48387005,12.25069933,30.17052518,-0.1700177305,154.8630531,0.1517436808,291316.9022,Bear Trend,False,True
2024-09-12 00:00:00+00:00,2340.54,2391.93,2315.39,2361.76,202611.1308,ETHUSDT,126.6062023,41.67116041,2442.277747,2654.513496,2663.1468,281358.1365,2172.309215,2460.094,2747.878785,0.23396243,38.71562433,11.8689371,28.8676935,-0.1624964539,154.6505016,0.1553314442,281358.1365,Bear Trend,False,True
2024-09-13 00:00:00+00:00,2361.75,2464.82,2337.35,2439.19,253888.616,ETHUSDT,126.6679021,46.86726251,2441.983676,2646.069438,2648.421,280875.4201,2192.924369,2443.6535,2694.382631,0.2052084148,37.93817961,15.12608574,26.79265835,-0.1350390071,154.2948706,0.1553317455,280875.4201,Bear Trend,False,True
2024-09-14 00:00:00+00:00,2439.19,2440.6,2376.72,2417.79,122931.2302,ETHUSDT,122.183052,45.65669773,2439.679516,2637.117303,2631.2846,279295.6199,2218.376732,2427.2365,2636.096268,0.1720967597,37.21626666,14.5612106,25.79210164,-0.1426276596,153.8596893,0.1655093694,279295.6199,Bear Trend,False,True
2024-09-15 00:00:00+00:00,2417.8,2430.32,2283.75,2316.1,174364.1946,ETHUSDT,123.9249768,40.32633941,2427.910038,2624.528389,2612.6264,277428.4234,2230.306621,2409.017,2587.727379,0.148367885,37.19890841,13.33106735,28.97182019,-0.1786879433,153.4622234,0.1655093694,277428.4234,Bear Trend,False,True
2024-09-16 00:00:00+00:00,2316.09,2335.7,2252.39,2295.68,330555.232,ETHUSDT,121.023907,39.3332822,2415.316701,2611.632374,2593.1368,273323.149,2217.145713,2400.9345,2584.723287,0.1530977098,37.38083445,12.67558221,29.39815724,-0.185929078,153.0461599,0.1655093694,273323.149,Bear Trend,False,True
2024-09-17 00:00:00+00:00,2295.67,2393.63,2263.29,2341.8,274206.2588,ETHUSDT,121.6893423,42.7616754,2408.315111,2601.050712,2573.6196,264470.1302,2215.870017,2391.608,2567.345983,0.1469621974,36.7465098,15.10616518,27.14901332,-0.1695744681,152.6206127,0.1655093694,264470.1302,Bear Trend,False,True
2024-09-18 00:00:00+00:00,2341.79,2376.14,2277.34,2374.75,292917.6008,ETHUSDT,120.0543892,45.14670436,2405.118433,2592.176174,2555.5304,267265.8621,2219.624784,2383.965,2548.305216,0.137871333,36.15749405,14.21818128,25.55311611,-0.1578900709,152.272069,0.1655093694,267265.8621,Bear Trend,False,True
2024-09-19 00:00:00+00:00,2374.74,2494.95,2372.6,2465.21,326746.032,ETHUSDT,120.2183614,51.16315293,2410.84144,2587.197109,2540.1798,266684.204,2225.181755,2380.9255,2536.669245,0.130826223,34.13594105,20.24376755,23.6955298,-0.1258120567,151.9326474,0.1655093694,266684.204,Bear Trend,False,True
2024-09-20 00:00:00+00:00,2465.21,2571.93,2437.31,2561.4,340754.5912,ETHUSDT,121.2470499,56.61267463,2425.18035,2586.185457,2527.3398,278824.6278,2218.246108,2383.345,2548.443892,0.1385438469,31.91310612,23.17331395,21.8163134,-0.09170212766,151.610494,0.1655093694,278824.6278,Bull Trend,False,True
2024-09-21 00:00:00+00:00,2561.4,2623.34,2528.97,2612.4,154757.8773,ETHUSDT,119.3272606,59.21147941,2443.010793,2587.213479,2519.7956,275406.1329,2200.212742,2392.679,2585.145258,0.1608792973,30.31731418,24.94164078,20.58392497,-0.07361702128,151.2427444,0.1664880285,275406.1329,Bull Trend,False,True
2024-09-22 00:00:00+00:00,2612.4,2632.57,2524.58,2581,214266.3257,ETHUSDT,118.5174563,56.94971939,2456.152622,2586.969813,2513.3428,272987.8072,2195.09488,2394.8285,2594.56212,0.1668041116,28.9188369,23.87462028,19.24424404,-0.08475177305,150.806227,0.1694504356,272987.8072,Bull Trend,False,True
2024-09-23 00:00:00+00:00,2580.99,2702.82,2539.49,2646.97,333282.0149,ETHUSDT,121.7183523,60.3743848,2474.325706,2589.322761,2512.5038,278412.2515,2178.027473,2405.9125,2633.797527,0.1894375017,28.22997652,25.70880681,17.39972681,-0.05203991004,150.2917941,0.1735682978,278412.2515,Bull Trend,False,True
2024-09-24 00:00:00+00:00,2646.98,2670.96,2591.56,2653.2,288600.0402,ETHUSDT,118.6956128,60.69239786,2491.361353,2591.827751,2517.176,273633.2842,2164.341903,2416.037,2667.732097,0.2083536773,27.59032045,24.48040705,16.56834555,-0.03939174511,149.7712969,0.1822386688,273633.2842,Bull Trend,False,True
2024-09-25 00:00:00+00:00,2653.2,2673.5,2554.05,2579.95,220343.4293,ETHUSDT,118.7494976,55.09383909,2499.798367,2591.361957,2519.5484,270723.0009,2166.148157,2426.594,2687.039843,0.2146595953,26.52002896,22.72149157,17.63416126,-0.04545992704,149.2675852,0.1973229583,270723.0009,Bull Trend,False,True
2024-09-26 00:00:00+00:00,2580.09,2666.22,2559.2,2632.26,278686.3573,ETHUSDT,117.9116764,58.06854254,2512.413761,2592.965802,2525.3376,252505.9632,2189.020101,2446.9455,2704.870899,0.2108141756,25.52618687,21.24844345,16.49092786,-0.026106067,148.8246505,0.1973229583,252505.9632,Bull Trend,False,True
2024-09-27 00:00:00+00:00,2632.25,2728.6,2615.21,2694.43,281826.9792,ETHUSDT,117.5886995,61.34583276,2529.748641,2596.94479,2525.5762,255624.6518,2201.542958,2467.988,2734.433042,0.2159208572,25.21094886,23.57412793,15.35506415,-0.01252290552,148.3831398,0.1973229583,255624.6518,Bull Trend,False,True
2024-09-28 00:00:00+00:00,2694.43,2704.35,2650,2675.21,137230.0342,ETHUSDT,113.0716495,59.79000774,2543.602103,2600.014014,2527.1048,252847.371,2217.948352,2486.8835,2755.818648,0.2162828678,24.91822785,22.76474616,14.82787141,-0.01956681082,147.8792727,0.1973229583,252847.371,Range/Chop,False,True
2024-09-29 00:00:00+00:00,2675.21,2683.7,2629.73,2657.62,160554.3146,ETHUSDT,108.8501031,58.33193494,2554.460951,2602.273072,2528.0588,244790.1372,2229.719219,2501.7895,2773.859781,0.2175005376,24.34031029,21.95851728,15.63287083,-0.02601334017,147.3134437,0.1973229583,244790.1372,Range/Chop,False,True
2024-09-30 00:00:00+00:00,2657.62,2663.5,2575,2602.23,282475.7961,ETHUSDT,107.3965243,53.87640451,2559.010384,2602.271383,2528.9958,247694.8184,2242.258086,2512.475,2782.691914,0.2151001816,23.02518787,20.66602482,18.35275862,-0.04631312761,146.6998763,0.1973229583,247694.8184,Range/Chop,False,True
2024-10-01 00:00:00+00:00,2602.24,2659,2414,2447.79,502828.6804,ETHUSDT,117.225344,43.82497524,2548.417966,2596.21329,2523.5056,258691.3368,2257.400126,2517.837,2778.273874,0.2068734982,22.68310657,17.58089474,25.42313006,-0.1029135821,146.122278,0.1973229583,258691.3368,Range/Chop,False,True
2024-10-02 00:00:00+00:00,2447.78,2499,2352,2364.1,317484.735,ETHUSDT,119.3521052,39.52202018,2530.863874,2587.110808,2516.7388,264435.017,2257.795745,2517.954,2778.112255,0.2066425797,22.87022996,16.03421574,26.89704019,-0.1335849886,145.5716271,0.1973229583,264435.017,Range/Chop,False,True
2024-10-03 00:00:00+00:00,2364.09,2403.38,2310,2349.8,314635.9263,ETHUSDT,117.4969548,38.82063764,2513.619696,2577.804501,2510.5058,267472.3825,2245.125017,2513.4845,2781.843983,0.2135358166,23.3604509,15.12399454,27.92342204,-0.1388257715,144.8078324,0.1980400407,267472.3825,Range/Chop,False,True
2024-10-04 00:00:00+00:00,2349.8,2441.64,2339.15,2414.41,239383.017,ETHUSDT,116.4250295,43.68358121,2504.171153,2571.396874,2507.3962,273294.9718,2244.71103,2513.3155,2781.91997,0.2137451271,23.30610363,16.52032033,26.16761923,-0.1151469618,143.5224634,0.2067580389,273294.9718,Range/Chop,False,True
2024-10-05 00:00:00+00:00,2414.41,2428.23,2390.05,2414.66,103740.2316,ETHUSDT,110.8360988,43.70222827,2495.646282,2565.25033,2503.8348,269763.7737,2260.912951,2518.2435,2775.574049,0.2043730476,23.25563829,16.11383477,25.52376008,-0.1150553397,142.2052636,0.2067580389,269763.7737,Range/Chop,False,True
2024-10-06 00:00:00+00:00,2414.66,2457.8,2407,2440.03,105752.7096,ETHUSDT,106.547806,45.66827592,2490.349493,2560.339729,2500.3452,258523.6476,2286.029986,2525.461,2764.892014,0.1896137093,22.79743153,17.54740803,24.65452785,-0.1057575313,140.7541972,0.2067580389,258523.6476,Range/Chop,False,True
2024-10-07 00:00:00+00:00,2440.02,2521,2403,2422.71,300459.5407,ETHUSDT,107.3658199,44.52508262,2483.907636,2554.942484,2496.5564,259836.3117,2300.100687,2529.5065,2758.912313,0.1813838496,21.55766735,20.37446221,22.719066,-0.1121051088,139.0666593,0.2067580389,259836.3117,Range/Chop,False,True
2024-10-08 00:00:00+00:00,2422.7,2466.66,2401.18,2440.89,201358.3312,ETHUSDT,104.3739756,46.05164288,2479.810719,2550.469838,2492.647,255258.3482,2310.633519,2532.8135,2754.993481,0.1754412485,20.42683351,19.46145425,21.82554521,-0.1054423514,137.3926479,0.2067580389,255258.3482,Range/Chop,False,True
2024-10-09 00:00:00+00:00,2440.88,2473.61,2351.42,2370.47,242082.2725,ETHUSDT,105.6465488,41.3097016,2469.397317,2543.411021,2488.6,251025.1602,2296.49234,2528.0765,2759.66066,0.1832097724,19.92610896,17.85367061,23.38677302,-0.1312504581,135.9024707,0.2067580389,251025.1602,Range/Chop,True,True
2024-10-10 00:00:00+00:00,2370.47,2421.36,2330.66,2386.49,257862.9619,ETHUSDT,104.5789381,42.75383923,2461.501382,2537.257255,2483.7156,246880.5787,2280.34869,2519.331,2758.31331,0.1897188657,19.67981494,16.74765173,23.35591437,-0.1253793154,134.4124251,0.2067580389,246880.5787,Range/Chop,True,True
2024-10-11 00:00:00+00:00,2386.49,2471.45,2381.86,2439.5,235441.2197,ETHUSDT,103.5082997,47.36877558,2459.406012,2533.423637,2480.048,250914.7459,2273.292171,2510.686,2748.079829,0.1891067457,18.75107021,19.16883637,21.91196089,-0.1059517701,132.8498114,0.2067580389,250914.7459,Range/Chop,True,True
2024-10-12 00:00:00+00:00,2439.49,2490.51,2434.35,2476.4,139637.5062,ETHUSDT,100.1262783,50.36816547,2461.024487,2531.187416,2474.3264,247183.3049,2269.887087,2505.456,2741.024913,0.1880447418,17.63469123,19.76057353,21.0340868,-0.09242835154,131.314444,0.2067580389,247183.3049,Range/Chop,True,True
2024-10-13 00:00:00+00:00,2476.4,2484.92,2436.4,2468.91,120022.8179,ETHUSDT,96.44011555,49.74842632,2461.775488,2528.745165,2468.3446,236520.345,2269.754546,2496.553,2723.351454,0.1816892766,16.59805362,19.05044889,20.27819663,-0.09517334897,129.7705551,0.2067580389,236520.345,Range/Chop,True,True
2024-10-14 00:00:00+00:00,2468.92,2654,2443.39,2629.79,435900.1619,ETHUSDT,104.5951073,60.88199555,2477.776871,2532.707707,2466.0178,243885.3511,2271.608458,2495.3825,2719.156542,0.1793504936,17.07035769,27.85705105,17.36165008,-0.03621270981,128.397325,0.2055078137,243885.3511,Range/Chop,True,True
2024-10-15 00:00:00+00:00,2629.79,2688.6,2537.36,2607.41,416285.6663,ETHUSDT,107.9268853,58.92614579,2490.122883,2535.637209,2464.5562,253682.463,2270.598517,2496.7555,2722.912483,0.1811606966,17.80114029,27.35863135,15.6238493,-0.04441471817,127.2058851,0.1970459567,253682.463,Range/Chop,True,True
2024-10-16 00:00:00+00:00,2607.41,2647.79,2588.67,2611.1,260322.4242,ETHUSDT,104.4406793,59.1591119,2501.644513,2538.596534,2467.6316,252764.2663,2271.900399,2495.6975,2719.494601,0.1793463359,18.47972413,26.25243793,14.99212913,-0.04306237631,126.1197028,0.1896662875,252764.2663,Range/Chop,True,True
2024-10-17 00:00:00+00:00,2611.1,2648.37,2575.4,2605.8,221624.5434,ETHUSDT,102.1927736,58.64460694,2511.564083,2541.231964,2469.181,249754.1445,2280.239508,2491.266,2702.292492,0.1694130554,18.89935102,24.9134836,15.15500362,-0.04500476435,125.0853193,0.1893602275,249754.1445,Range/Chop,True,True
2024-10-18 00:00:00+00:00,2605.79,2675.58,2596.49,2642.17,292444.1153,ETHUSDT,100.5425755,61.14207337,2524.002742,2545.190318,2471.4722,257514.8486,2283.923484,2489.614,2695.304516,0.1652388814,19.55176878,25.4467279,14.30347435,-0.03167558455,124.1183798,0.1885757437,257514.8486,Range/Chop,True,True
2024-10-19 00:00:00+00:00,2642.17,2663.49,2631.02,2648.2,105413.7646,ETHUSDT,95.68024866,61.5565958,2535.831052,2549.229914,2473.9162,254757.8211,2284.955827,2489.143,2693.330173,0.1640622282,20.15758527,24.82990015,13.95675866,-0.02946566005,123.0924955,0.1856272571,254757.8211,Range/Chop,False,True
2024-10-20 00:00:00+00:00,2648.2,2759,2635.54,2746.91,256910.7448,ETHUSDT,97.66451661,67.64187237,2555.933809,2556.982074,2478.5942,253479.5685,2267.87293,2496.377,2724.88107,0.1830685592,21.5696202,29.57317902,12.69653972,-0.004382022472,122.1350554,0.1831391658,253479.5685,Range/Chop,False,True
2024-10-21 00:00:00+00:00,2746.91,2769.48,2655.01,2666.7,310674.7232,ETHUSDT,98.86490828,59.41213976,2566.48297,2561.284738,2483.4138,243871.8707,2268.440228,2507.3225,2746.204772,0.1905477032,22.96298392,27.88455314,11.64649728,-0.03711165995,121.3102657,0.1831391658,243871.8707,Range/Chop,False,True
2024-10-22 00:00:00+00:00,2666.71,2671.92,2606.56,2622.81,265747.713,ETHUSDT,96.47170055,55.43751949,2571.847449,2563.697493,2485.1098,241285.0196,2285.821726,2520.258,2754.694274,0.1860414882,23.37953808,26.53513121,14.67017077,-0.05295940032,120.4106158,0.1831391658,241285.0196,Range/Chop,False,True
2024-10-23 00:00:00+00:00,2622.81,2628.2,2450,2524.61,352647.7086,ETHUSDT,102.3094362,47.74179087,2567.348645,2562.16465,2487.0962,243185.6087,2307.984058,2528.9985,2750.012942,0.174784162,21.7918671,23.23382954,23.77544427,-0.08841732022,119.6817266,0.1823789179,243185.6087,Range/Chop,False,True
2024-10-24 00:00:00+00:00,2524.6,2562.65,2507.31,2535.82,290851.7842,ETHUSDT,98.95447649,48.61865088,2564.345917,2561.131527,2488.7984,245759.047,2320.399064,2535.069,2749.738936,0.169360231,20.3176012,22.30572591,22.82570517,-0.08436962896,119.0004604,0.1815365631,245759.047,Range/Chop,False,True
2024-10-25 00:00:00+00:00,2535.82,2566.33,2382.59,2440.62,514799.8822,ETHUSDT,105.0105853,42.15031469,2552.562496,2556.405585,2490.2346,266312.0296,2324.327147,2536.367,2748.406853,0.1671996625,20.19718692,19.51794295,28.4564334,-0.118744313,118.4730942,0.1812722731,266312.0296,Range/Chop,False,True
2024-10-26 00:00:00+00:00,2440.63,2508,2430.12,2482.51,248724.8313,ETHUSDT,103.0726864,45.58112967,2545.89083,2553.507718,2495.3802,273460.6357,2329.524961,2538.491,2747.457039,0.164637999,20.08537365,18.46455498,26.92063299,-0.1036187299,117.7106112,0.1802555951,273460.6357,Range/Chop,False,True
2024-10-27 00:00:00+00:00,2482.51,2527.99,2464.13,2507.8,137580.8836,ETHUSDT,100.2717802,47.6015328,2542.263132,2551.715259,2500.0646,265316.7028,2340.009854,2542.7455,2745.481146,0.1594620033,19.71187325,19.04857737,25.69599587,-0.09448705172,116.9169485,0.1793484148,265316.7028,Range/Chop,True,True
2024-10-28 00:00:00+00:00,2507.8,2589.67,2471.67,2567.48,360605.327,ETHUSDT,101.5380816,52.11920326,2544.664738,2552.333484,2505.4682,273279.0526,2351.618822,2549.075,2746.531178,0.1549237885,18.58044502,21.80635189,23.56299775,-0.07293788004,116.2138808,0.1793484148,273279.0526,Range/Chop,True,True
2024-10-29 00:00:00+00:00,2567.49,2681.86,2561.2,2638.8,451915.7025,ETHUSDT,102.9039329,56.90138902,2553.630001,2555.724328,2511.0542,283770.7241,2379.463911,2562.4915,2745.519089,0.1428512749,17.9664816,26.37916446,21.58951264,-0.04718575328,115.5605917,0.177065249,283770.7241,Range/Chop,True,True
2024-10-30 00:00:00+00:00,2638.8,2722.3,2599.66,2659.19,460627.126,ETHUSDT,104.313652,58.18716486,2563.683334,2559.781805,2516.4676,293908.9323,2407.513749,2576.1265,2744.739251,0.1309040926,17.7775471,26.93302928,19.77647929,-0.03982336034,115.0499304,0.1720986087,293908.9323,Range/Chop,True,True
2024-10-31 00:00:00+00:00,2659.19,2669,2503,2518.61,403427.2017,ETHUSDT,108.7198197,47.63544578,2559.390636,2558.167225,2520.0288,302308.2314,2421.035009,2580.082,2739.128991,0.1232883225,16.51152193,23.99567364,23.97015835,-0.0905837919,114.6349353,0.1693866432,302308.2314,Range/Chop,True,True
2024-11-01 00:00:00+00:00,2518.61,2586.8,2467.67,2511.49,430249.1073,ETHUSDT,109.463404,47.16890144,2554.828671,2556.336745,2523.0234,316838.8115,2426.67654,2581.8365,2736.99646,0.1201934827,15.68232477,22.13033751,24.41220761,-0.09315467164,114.2231781,0.1682799467,316838.8115,Range/Chop,True,True
2024-11-02 00:00:00+00:00,2511.49,2523.45,2470,2494.23,145961.13,ETHUSDT,105.4624466,45.99292347,2549.057369,2553.901187,2524.1242,318135.7271,2431.271333,2583.1025,2734.933667,0.1175572139,14.91235599,21.32919483,23.52845871,-0.09938688851,113.7348439,0.166219272,318135.7271,Range/Chop,True,True
2024-11-03 00:00:00+00:00,2494.23,2496.39,2411,2457.73,276009.1197,ETHUSDT,104.0287004,43.52183992,2540.359524,2550.129767,2524.923,310141.1749,2414.923922,2574.4995,2734.075078,0.1239662913,14.79199137,20.07864712,26.20004624,-0.1125662579,113.1647717,0.1649384402,310141.1749,Range/Chop,True,True
2024-11-04 00:00:00+00:00,2457.73,2491.39,2357.59,2398.21,306316.9645,ETHUSDT,106.1552218,39.76950702,2526.821474,2544.17213,2526.5652,304642.7399,2387.898375,2564.0395,2740.180625,0.1373934567,15.16756762,18.27096874,27.43505299,-0.134057657,112.6542761,0.1643501136,304642.7399,Range/Chop,True,True
2024-11-05 00:00:00+00:00,2398.21,2480,2380.74,2422.55,331619.2545,ETHUSDT,105.662706,41.97277954,2516.890857,2539.402634,2529.1026,308207.5814,2369.595508,2554.612,2739.628492,0.1448489966,15.51631699,17.04498113,25.59415251,-0.1252690036,111.990935,0.1617621158,308207.5814,Range/Chop,True,True
2024-11-06 00:00:00+00:00,2422.6,2744.7,2420.3,2721.87,1002141.362,ETHUSDT,121.2867984,60.91003175,2536.412681,2546.558217,2536.704,347233.4223,2362.507983,2560.4155,2758.323017,0.1545901573,15.64497022,29.37738451,20.70447709,-0.01719095281,111.6536777,0.1571928959,347233.4223,Range/Chop,True,True
2024-11-07 00:00:00+00:00,2721.88,2916.11,2699.49,2895.47,730845.9524,ETHUSDT,128.0963128,67.52886363,2570.608616,2560.241032,2547.1184,369153.5142,2328.864775,2573.0805,2817.296225,0.1898236183,16.81777542,35.38696475,18.20356657,-0.007077922301,111.4881055,0.1571928959,369153.5142,Range/Chop,False,True
2024-11-08 00:00:00+00:00,2895.47,2981.69,2886.4,2961.75,568864.435,ETHUSDT,125.7530047,69.64235998,2607.860176,2575.986482,2557.0492,392326.0477,2292.544576,2588.758,2884.971424,0.2288459749,18.23899185,37.1966211,17.2182917,-0.006687482602,111.3185027,0.1571928959,392326.0477,Range/Chop,False,True
2024-11-09 00:00:00+00:00,2961.75,3157.4,2953.71,3126.21,526719.4212,ETHUSDT,131.319933,74.14009097,2657.226826,2597.563875,2568.3454,405816.4815,2234.799111,2607.723,2980.646889,0.2860149558,20.30429502,42.63286481,15.31063123,-0.009878380946,111.3087525,0.1571928959,405816.4815,Range/Chop,False,True
2024-11-10 00:00:00+00:00,3126.2,3248.52,3069,3183.21,865536.7322,ETHUSDT,134.7627949,75.49520487,2707.320462,2620.53039,2579.7616,433559.5819,2184.164698,2633.5485,3082.932302,0.3412762681,22.54046448,43.40594174,13.85380453,-0.02010453991,111.3805083,0.1571928959,433559.5819,Range/Chop,False,True
2024-11-11 00:00:00+00:00,3183.2,3387.61,3105,3371.59,1000093.966,ETHUSDT,145.3233096,79.3471001,2770.584227,2649.983708,2595.5734,470276.8946,2118.486754,2670.9875,3223.488246,0.413705228,25.03779197,44.21303221,11.92941376,-0.00472899773,111.6924601,0.1571928959,470276.8946,Bull Trend,False,True
2024-11-12 00:00:00+00:00,3371.59,3442.5,3207.67,3243.8,973215.7285,ETHUSDT,151.7166446,71.17392054,2815.652396,2673.270621,2607.51,501305.2956,2105.762927,2706.947,3308.131073,0.4441786803,27.50610084,41.90913848,10.61051514,-0.05771968046,112.1099391,0.1571928959,501305.2956,Bull Trend,False,True
2024-11-13 00:00:00+00:00,3243.79,3331,3116.69,3187.16,919686.3747,ETHUSDT,156.1875985,67.83852432,2851.034073,2693.423146,2618.1892,532747.0251,2109.082507,2739.514,3369.945493,0.4602506083,28.87770548,37.80164781,13.73133201,-0.07417283951,112.6766816,0.1571928959,532747.0251,Bull Trend,False,True
2024-11-14 00:00:00+00:00,3187.16,3240.4,3028.56,3058.82,605780.6662,ETHUSDT,160.1627701,60.87701563,2870.823209,2707.752434,2627.7666,537296.0643,2141.022781,2770.424,3399.825219,0.4543717631,29.33727906,34.23032512,16.36443664,-0.1114538853,113.2806448,0.1571928959,537296.0643,Bull Trend,False,True
2024-11-15 00:00:00+00:00,3058.81,3131.06,3014.5,3090.01,519623.6317,ETHUSDT,157.0482865,61.90027755,2891.698141,2722.742927,2636.9216,550841.0043,2171.272607,2800.799,3430.325393,0.4495334318,29.63672718,32.41564817,16.13637269,-0.1023936093,113.8810511,0.1571928959,550841.0043,Bull Trend,False,True
2024-11-16 00:00:00+00:00,3090.01,3219.97,3072,3132.87,423639.1573,ETHUSDT,156.3998375,63.32000689,2914.66689,2738.826342,2645.6904,565143.918,2201.75027,2832.0525,3462.35473,0.445120442,30.30559328,34.28560651,15.04589883,-0.08994335512,114.4595594,0.1723737034,565143.918,Bull Trend,False,True
2024-11-17 00:00:00+00:00,3132.88,3162.11,3034.99,3076,449818.9575,ETHUSDT,154.3084205,60.11882764,2930.031948,2752.048838,2653.7062,569604.5995,2230.902622,2857.4785,3484.054378,0.4385515956,30.57336339,32.26813199,15.87372392,-0.1064633261,115.0304599,0.2093347966,569604.5995,Bull Trend,False,True
2024-11-18 00:00:00+00:00,3075.99,3224.94,3050.01,3207.8,640658.4357,ETHUSDT,155.7813905,64.5871709,2956.486048,2769.921433,2664.7098,579041.7362,2250.050608,2885.9285,3521.806392,0.4406747377,31.1097438,32.56082038,14.60051548,-0.0681771968,115.623177,0.2574304654,579041.7362,Bull Trend,False,True
2024-11-19 00:00:00+00:00,3207.81,3221.2,3065.4,3107.44,500112.0194,ETHUSDT,155.7827197,59.15240382,2970.862615,2783.157455,2674.814,581015.9809,2274.414496,2908.341,3542.267504,0.435936848,31.60781132,30.23478951,13.55750584,-0.09733042847,116.1987715,0.313645612,581015.9809,Bull Trend,False,True
2024-11-20 00:00:00+00:00,3107.45,3159.2,3029.41,3069.97,503607.8336,ETHUSDT,153.9260969,57.21658662,2980.301413,2794.405006,2687.2576,586025.0125,2324.623821,2935.909,3547.194179,0.4164197047,31.68566045,28.41379813,14.41105613,-0.1082149601,116.7754188,0.3774907481,586025.0125,Bull Trend,False,True
2024-11-21 00:00:00+00:00,3069.97,3386.73,3032.59,3355.81,974923.3035,ETHUSDT,168.22709,66.28183768,3016.064136,2816.420888,2707.0918,613258.7223,2373.329266,2978.125,3582.920734,0.4061587304,32.7665563,33.80215126,12.24411644,-0.02518228032,117.6039127,0.4099319792,613258.7223,Bull Trend,False,True
2024-11-22 00:00:00+00:00,3355.88,3425.92,3257.54,3327.78,603273.7093,ETHUSDT,168.2380121,64.83115331,3045.751361,2836.474186,2726.6514,636124.3512,2439.758817,3019.8025,3599.846183,0.3841600123,33.91254226,33.04955838,11.36879858,-0.03332461874,118.3792404,0.4099319792,636124.3512,Bull Trend,False,True
2024-11-23 00:00:00+00:00,3327.78,3497.51,3312.72,3393.91,721024.0009,ETHUSDT,169.420297,66.68380548,3078.909327,2858.334414,2746.2414,658375.0953,2525.785715,3066.6115,3607.437285,0.3527188133,35.2276275,33.49299155,10.48307223,-0.02962107328,119.2246518,0.4099319792,658375.0953,Bull Trend,False,True
2024-11-24 00:00:00+00:00,3393.91,3450,3281.4,3361.2,479098.0921,ETHUSDT,169.3617043,64.8636689,3105.794153,2878.054633,2765.1722,667014.1517,2655.170535,3114.761,3574.351465,0.2951048027,36.10796616,31.11139463,11.05857509,-0.03897344111,120.0681885,0.4099319792,667014.1517,Bull Trend,False,True
2024-11-25 00:00:00+00:00,3361.21,3546.66,3300.01,3414.49,949330.37,ETHUSDT,174.8822969,66.46940694,3135.193757,2899.091314,2784.6614,697899.7075,2812.903555,3164.358,3515.812445,0.2221331754,37.27866453,31.92515605,9.944520664,-0.03726604749,121.0176989,0.4099319792,697899.7075,Bull Trend,False,True
2024-11-26 00:00:00+00:00,3414.49,3462.49,3252,3324.73,672367.1503,ETHUSDT,177.4257042,61.38108424,3153.244828,2915.783027,2802.7018,681410.9969,2901.464253,3194.501,3487.537747,0.1834632368,37.84273329,29.21982807,11.03462598,-0.06257436574,122.0149823,0.4099319792,681410.9969,Bull Trend,False,True
2024-11-27 00:00:00+00:00,3324.74,3684.92,3302.4,3653.28,754573.6485,ETHUSDT,192.0752968,70.33321849,3200.867225,2944.704477,2826.9496,682597.3817,2909.375244,3232.3915,3555.407756,0.199862087,39.1233384,33.33496697,9.464942036,-0.008586346515,123.3317098,0.4099319792,682597.3817,Bull Trend,False,True
2024-11-28 00:00:00+00:00,3653.27,3661.92,3529.76,3578.79,560976.425,ETHUSDT,187.7956327,66.56567695,3236.85987,2969.570576,2851.116,682202.9812,2931.760261,3263.2435,3594.726739,0.2031618166,40.31247172,31.65930453,8.989163917,-0.028801168,124.6474686,0.4099319792,682202.9812,Bull Trend,False,True
2024-11-29 00:00:00+00:00,3578.8,3647.98,3534.28,3592.21,425493.2449,ETHUSDT,182.5030875,66.90958238,3270.70274,2993.987809,2875.2304,677141.6724,2932.145795,3286.5435,3640.941205,0.2156659146,41.41666695,30.25045834,8.589144095,-0.0251592979,125.8992446,0.4099319792,677141.6724,Bull Trend,False,True
2024-11-30 00:00:00+00:00,3592.22,3738.98,3568.4,3703.6,503684.7485,ETHUSDT,181.6514384,69.69587437,3311.93105,3021.815738,2900.5124,659049.0732,2918.175705,3312.563,3706.950295,0.238116102,42.72593319,31.79968787,8.013026523,-0.009462473723,126.9730129,0.4099319792,659049.0732,Bull Trend,False,True
2024-12-01 00:00:00+00:00,3703.59,3746.8,3659.2,3707.61,429089.2633,ETHUSDT,174.9334785,69.79447815,3349.61476,3048.70963,2925.1366,630498.838,2899.331638,3329.364,3759.396362,0.2583270333,43.96539864,30.98155947,7.726410993,-0.01045959219,127.8993691,0.3951593714,630498.838,Bull Trend,False,True
2024-12-02 00:00:00+00:00,3707.61,3760,3554.32,3643.42,737130.569,ETHUSDT,177.1296586,66.08750971,3377.596211,3072.031606,2948.6268,618694.5801,2900.354058,3349.345,3798.335942,0.2681067146,43.89903973,28.41189738,11.31491699,-0.03100531915,128.8932475,0.3684394128,618694.5801,Bull Trend,False,True
2024-12-03 00:00:00+00:00,3643.43,3670,3500,3614.51,678400.2032,ETHUSDT,176.6203973,64.42778364,3400.159429,3093.305268,2968.3212,606630.2715,2914.01973,3370.7125,3827.40527,0.2709769938,43.26474604,26.45854649,12.73380508,-0.03869414894,129.8965036,0.323911808,606630.2715,Bull Trend,False,True
2024-12-04 00:00:00+00:00,3614.51,3887.24,3614.51,3837.8,968744.0399,ETHUSDT,183.4853689,70.57454181,3441.839484,3122.50114,2992.929,624778.4402,2933.553373,3409.6615,3885.769627,0.2792700252,43.5783647,32.10631507,11.38185196,-0.01271853552,131.1073248,0.287187414,624778.4402,Bull Trend,False,True
2024-12-05 00:00:00+00:00,3837.8,3956,3677,3785.2,946493.276,ETHUSDT,190.3078426,67.61072113,3474.540485,3148.489331,3016.411,646121.9224,2965.237869,3444.421,3923.604131,0.2782372605,44.10201095,31.32500131,10.18997228,-0.04317492417,132.5033254,0.2787536428,646121.9224,Bull Trend,False,True
2024-12-06 00:00:00+00:00,3785.21,4087.73,3777.26,3998.87,803855.1146,ETHUSDT,198.8908538,72.63762066,3524.476629,3181.837592,3044.2724,665132.7203,2973.729904,3487.721,4001.712096,0.2947432414,44.98685839,32.56312721,9.053785331,-0.02173822635,134.0287426,0.2787536428,665132.7203,Bull Trend,False,True
2024-12-07 00:00:00+00:00,3998.87,4024.46,3968,3996.22,283920.02,ETHUSDT,188.7172214,72.48735899,3569.40457,3213.774157,3071.3534,656837.7734,3010.730844,3533.732,4056.733156,0.2960049917,45.80850243,31.86725834,8.860307372,-0.02238650792,135.4344634,0.2787536428,656837.7734,Bull Trend,False,True
2024-12-08 00:00:00+00:00,3996.22,4015.58,3923.5,4004.15,251362.1685,ETHUSDT,181.8145627,72.66955769,3610.808896,3244.769288,3098.4724,637372.96,3034.84665,3573.5495,4112.25235,0.3014945506,46.09486069,30.71446008,10.28803479,-0.02044655591,136.7039303,0.2787536428,637372.96,Bull Trend,False,True
2024-12-09 00:00:00+00:00,4004.15,4006.17,3509,3712,939642.2001,ETHUSDT,204.3399511,57.54899075,3620.446144,3263.092061,3117.7742,659349.4691,3106.859068,3603.7775,4100.695932,0.2757764217,43.1549462,25.37660868,22.98924231,-0.09191654048,138.3666139,0.2770068411,659349.4691,Bull Trend,False,True
2024-12-10 00:00:00+00:00,3712,3780.76,3515.89,3628.25,942206.0337,ETHUSDT,208.663526,54.07539806,3621.189369,3277.41198,3137.0052,681279.3791,3199.324927,3631.6915,4064.058073,0.2381075447,40.4250256,23.0757403,20.90483373,-0.1124046843,140.119201,0.2733767078,681279.3791,Bull Trend,False,True
2024-12-11 00:00:00+00:00,3628.24,3848.64,3562.34,3831.81,461818.7801,ETHUSDT,214.2089885,60.3411551,3641.248476,3299.153079,3161.1852,655624.1529,3234.22857,3655.4915,4076.75443,0.2304822373,38.25564873,23.13623381,18.90910119,-0.06260687472,142.0205795,0.2695418542,655624.1529,Bull Trend,False,True
2024-12-12 00:00:00+00:00,3831.82,3987.41,3796.8,3881.61,572098.6343,ETHUSDT,212.5233464,61.71726369,3664.14005,3321.994527,3188.3252,654065.3991,3279.274435,3683.183,4087.091565,0.2193258196,36.92200841,26.31806994,17.69771704,-0.050424074,143.9553,0.2632168739,654065.3991,Bull Trend,False,True
2024-12-13 00:00:00+00:00,3881.6,3968.47,3852.94,3906.8,387765.6873,ETHUSDT,205.5952503,62.42744122,3687.250521,3344.928075,3215.7448,637402.4835,3316.683768,3708.8275,4100.971232,0.2114650691,35.68362811,25.26172028,16.98736946,-0.04426172962,145.6386357,0.2482215676,637402.4835,Bull Trend,False,True
2024-12-14 00:00:00+00:00,3906.8,3945,3825.03,3870.29,265538.9479,ETHUSDT,199.4791609,60.67068618,3704.682853,3365.530503,3244.3382,626724.5263,3370.647524,3734.282,4097.916476,0.194754695,34.32767383,24.17651971,17.25700925,-0.05319333713,147.164507,0.2381118233,626724.5263,Bull Trend,False,True
2024-12-15 00:00:00+00:00,3870.3,3974.61,3831.5,3959.09,253833.2141,ETHUSDT,195.4527923,63.37060807,3728.912105,3388.807346,3273.8698,591949.6685,3416.666407,3761.512,4106.357593,0.183354775,33.22814476,23.99419518,16.35447104,-0.03146978886,148.6813755,0.2381118233,591949.6685,Bull Trend,False,True
2024-12-16 00:00:00+00:00,3959.09,4107.8,3884,3986.24,673351.0723,ETHUSDT,197.4775929,64.18026083,3753.419523,3412.236078,3303.4386,591998.8646,3500.500166,3794.5875,4088.674834,0.1550035856,32.87291847,26.86942161,15.03058463,-0.02959248259,150.2694558,0.2381118233,591998.8646,Bull Trend,False,True
2024-12-17 00:00:00+00:00,3986.24,4041.82,3847.96,3893.01,450825.9861,ETHUSDT,197.2191934,59.33052774,3766.713855,3431.089957,3329.9492,576811.4814,3516.994147,3806.574,4096.153853,0.1521472341,32.24607459,24.9828673,15.28054975,-0.05228832952,151.8807328,0.2381118233,576811.4814,Bull Trend,False,True
2024-12-18 00:00:00+00:00,3893.01,3907.19,3617.42,3626.8,722505.0618,ETHUSDT,203.8299653,48.14365322,3753.388726,3438.764861,3349.7092,584887.9133,3526.273121,3808.9745,4091.675879,0.148439628,30.04579918,22.44598899,21.80775319,-0.1170943084,153.6832281,0.2381118233,584887.9133,Bull Trend,False,True
2024-12-19 00:00:00+00:00,3626.8,3720,3326.8,3417.01,1078153.485,ETHUSDT,217.3563963,41.50241545,3721.352656,3437.911729,3364.8656,617520.9253,3482.499245,3800.2145,4117.929755,0.1672091168,29.23577621,19.54562974,28.54034005,-0.1681654414,155.6780927,0.2381118233,617520.9253,Range/Chop,False,True
2024-12-20 00:00:00+00:00,3417.01,3497.84,3101.9,3472.21,1332783.731,ETHUSDT,230.112368,43.70298126,3697.624784,3439.256759,3383.9376,658975.8744,3442.151006,3788.645,4135.138994,0.1829118296,29.30825912,17.14341931,32.01371694,-0.1547275914,157.8655504,0.234294891,658975.8744,Range/Chop,False,True
2024-12-21 00:00:00+00:00,3472.2,3555.18,3293.11,3338.92,475275.82,ETHUSDT,232.395056,39.80877937,3663.462424,3435.321984,3400.4862,661285.2022,3372.924777,3770.2105,4167.496223,0.2107498895,29.02640295,17.52491996,29.43503078,-0.1871756171,160.1309396,0.2249040285,661285.2022,Bear Trend,False,True
2024-12-22 00:00:00+00:00,3338.92,3403,3221.1,3281.83,361920.2495,ETHUSDT,228.7882663,38.23718498,3627.116479,3429.302691,3416.2382,642524.6863,3303.782465,3752.131,4200.479535,0.2389834124,29.02220655,16.52968193,30.01159878,-0.2010735674,162.2389202,0.2249040285,642524.6863,Bear Trend,False,True
2024-12-23 00:00:00+00:00,3281.83,3466.99,3216.97,3422.53,488253.41,ETHUSDT,230.3048187,44.09494317,3607.632052,3429.037095,3435.5342,633017.3466,3274.998791,3742.532,4210.065209,0.2498486101,28.61128265,17.23255443,27.68440353,-0.1668216564,164.4280925,0.2249040285,633017.3466,Bear Trend,False,True
2024-12-24 00:00:00+00:00,3422.53,3539.65,3358.19,3493.18,315723.6763,ETHUSDT,226.8159031,46.82226832,3596.731857,3431.552503,3457.4336,600366.3284,3247.786856,3725.301,4202.815144,0.2563627176,27.77836163,18.53599688,26.10237417,-0.1496226691,166.4581812,0.2249040285,600366.3284,Range/Chop,False,True
2024-12-25 00:00:00+00:00,3493.17,3547.95,3440.93,3497,219846.0452,ETHUSDT,218.2590529,46.97290113,3587.233585,3434.119072,3478.9226,564033.9669,3224.171515,3710.891,4197.610485,0.2623194724,26.95258741,18.15842381,25.18816693,-0.1486927309,168.3779539,0.2249040285,564033.9669,Range/Chop,False,True
2024-12-26 00:00:00+00:00,3497,3514.94,3304.63,3335.05,310170.1719,ETHUSDT,217.6912634,41.59368016,3563.2161,3430.23401,3491.1862,539349.7198,3183.580382,3677.7,4171.819618,0.2687112154,26.78284067,16.90537197,27.92227384,-0.1881177273,170.3349453,0.2249040285,539349.7198,Bear Trend,False,True
2024-12-27 00:00:00+00:00,3335.04,3444.16,3306.6,3333.51,342529.6038,ETHUSDT,211.9676017,41.54495932,3541.339329,3426.440912,3499.947,542280.1989,3151.447166,3644.5645,4137.681834,0.2706042568,26.6252187,16.12172696,26.62794261,-0.1884926238,172.1754373,0.2249040285,542280.1989,Bear Trend,False,True
2024-12-28 00:00:00+00:00,3333.51,3428.68,3322.23,3404,175963.613,ETHUSDT,204.4306302,44.73592283,3528.259393,3425.560876,3508.792,538510.2712,3139.923653,3614.557,4089.190347,0.2626232466,26.47885543,15.52209713,25.63754571,-0.1713325868,173.8675489,0.2249040285,538510.2712,Bear Trend,False,True
2024-12-29 00:00:00+00:00,3404.01,3413.78,3326.17,3356.48,156256.8819,ETHUSDT,196.0862994,43.03058387,3511.899451,3422.851822,3513.3974,499341.0053,3111.564977,3596.781,4081.997023,0.2698057088,26.34294669,15.02672817,24.81935444,-0.1829008228,175.3970931,0.2249040285,499341.0053,Bear Trend,False,True
2024-12-30 00:00:00+00:00,3356.48,3437.59,3305,3361.84,420794.6476,ETHUSDT,191.5508495,43.29316455,3497.608074,3420.459202,3516.97,473270.436,3087.914093,3583.4605,4079.006907,0.276574226,26.012935,15.17163789,23.59222851,-0.1815959881,176.7776102,0.2249040285,473270.436,Bear Trend,False,True
2024-12-31 00:00:00+00:00,3361.83,3451,3315.59,3337.78,303053.1685,ETHUSDT,187.5407888,42.34956979,3482.386353,3417.21688,3516.2938,465332.1554,3065.948821,3558.759,4051.569179,0.2769561965,25.58736417,14.89992881,22.3754937,-0.1874531379,178.0789,0.229154616,465332.1554,Bear Trend,False,True
2025-01-01 00:00:00+00:00,3337.78,3374.85,3313.88,3360.38,190238.5861,ETHUSDT,178.5000182,43.59321089,3470.7667,3414.987983,3518.6254,446239.153,3056.074634,3532.6975,4009.320366,0.2698350857,25.20291588,14.53640398,21.89800922,-0.1819514095,179.2961928,0.2444160112,446239.153,Bear Trend,False,True
2025-01-02 00:00:00+00:00,3360.39,3509.99,3354.5,3455.67,338632.8874,ETHUSDT,176.8564454,48.62548003,3469.328919,3416.583356,3523.9956,443782.513,3064.798115,3510.141,3955.483885,0.2537464363,23.66265081,19.08154894,20.52283358,-0.1587540776,180.5099886,0.2517975232,443782.513,Range/Chop,False,True
2025-01-03 00:00:00+00:00,3455.68,3630,3423.44,3609.01,334041.0604,ETHUSDT,178.9781279,55.50470329,3482.631879,3424.129499,3534.9994,447207.6186,3080.350269,3497.077,3913.803731,0.2383285988,22.57457713,22.29802945,18.83100814,-0.1214250937,181.7237037,0.2517975232,447207.6186,Range/Chop,False,True
2025-01-04 00:00:00+00:00,3609,3671.6,3572.42,3656.88,229266.3133,ETHUSDT,173.2782616,57.421494,3499.226939,3433.256969,3546.3368,445979.2736,3114.319854,3481.9665,3849.613146,0.2111718458,21.83671139,23.10123029,18.06112367,-0.1097716539,182.8506296,0.2517975232,445979.2736,Range/Chop,False,True
2025-01-05 00:00:00+00:00,3656.88,3675.25,3593.7,3635.99,155444.1741,ETHUSDT,166.7262429,56.28205718,3512.251992,3441.207284,3556.3992,420083.9286,3168.10353,3464.454,3760.80447,0.1710806205,21.17612829,22.45050347,17.43011296,-0.1148571011,183.6079537,0.2517975232,420083.9286,Range/Chop,False,True
2025-01-06 00:00:00+00:00,3636,3744.83,3610.63,3687.45,329642.3648,ETHUSDT,164.4029399,58.46836265,3528.937517,3450.863861,3568.6282,414024.7476,3207.975988,3454.176,3700.376012,0.1425520949,21.02787892,24.16455973,16.41382893,-0.1023297142,184.2130641,0.2517975232,414024.7476,Range/Chop,False,True
2025-01-07 00:00:00+00:00,3687.44,3700.86,3356.31,3381.31,541543.2874,ETHUSDT,177.270587,44.28095418,3514.877753,3448.136259,3572.0984,404976.6589,3207.138056,3441.9015,3676.664944,0.1364149692,20.09057992,20.80976137,24.38252468,-0.1768562247,185.0716905,0.2517975232,404976.6589,Range/Chop,False,True
2025-01-08 00:00:00+00:00,3381.31,3415.1,3208.2,3327.29,584749.9627,ETHUSDT,179.3869737,42.32913011,3497.012253,3443.39719,3576.4954,380306.4827,3197.547579,3437.4155,3677.283421,0.1395629484,20.03925666,19.09537521,28.27126685,-0.1900068163,185.8728078,0.2517975232,380306.4827,Range/Chop,False,True
2025-01-09 00:00:00+00:00,3327.29,3357.27,3158,3219.2,501818.4247,ETHUSDT,180.8071898,38.65739066,3470.553943,3434.605143,3579.48,338758.2174,3167.51425,3424.765,3682.01575,0.1502297238,20.24195233,17.59214192,28.02885576,-0.2163201714,186.6402144,0.2517975232,338758.2174,Range/Chop,False,True
2025-01-10 00:00:00+00:00,3219.2,3322.49,3193.97,3267.04,454142.1333,ETHUSDT,177.0723906,41.09290374,3451.171663,3428.033961,3577.7046,337701.5331,3157.300116,3421.171,3685.041884,0.1542576409,20.43016974,16.68010892,26.57575009,-0.2046740348,187.1693658,0.2517975232,337701.5331,Range/Chop,False,True
2025-01-11 00:00:00+00:00,3267.05,3320.18,3217.56,3282.83,151679.7487,ETHUSDT,171.7543627,41.91266113,3435.139123,3422.339688,3576.8056,327189.5081,3157.45539,3421.221,3684.98661,0.1541938447,20.60494305,15.96824812,25.44157075,-0.200830128,187.5033277,0.2517975232,327189.5081,Range/Chop,False,True
2025-01-12 00:00:00+00:00,3282.83,3300,3224.49,3267.3,164879.9709,ETHUSDT,164.8797653,41.30385043,3419.154445,3416.2597,3574.2734,311020.8361,3141.302697,3413.4595,3685.616303,0.1594609827,20.76723255,15.44589241,24.6093223,-0.2046107405,187.6481972,0.2460375176,311020.8361,Range/Chop,False,True
2025-01-13 00:00:00+00:00,3267.3,3339,2920,3137.51,845907.5669,ETHUSDT,183.0312107,36.52832407,3392.331165,3405.32834,3569.7996,337530.0306,3101.120627,3395.676,3690.231373,0.173488503,22.36014889,12.92023849,32.46812795,-0.2362067287,188.0293379,0.2247502223,337530.0306,Range/Chop,False,True
2025-01-14 00:00:00+00:00,3137.51,3256.67,3125.65,3225.63,374308.4517,ETHUSDT,179.3161242,41.47580465,3376.454863,3398.281346,3566.0224,345253.151,3082.513994,3382.1075,3681.701006,0.1771637986,23.83928548,12.24592671,30.77360496,-0.2147548566,188.4004685,0.1941678222,345253.151,Range/Chop,False,True
2025-01-15 00:00:00+00:00,3225.63,3473.75,3186.36,3451.52,464188.034,ETHUSDT,187.0356867,51.8392581,3383.603924,3400.369136,3568.5582,352954.0441,3087.695503,3387.931,3688.166497,0.1772382595,23.39430085,19.19213477,27.3960882,-0.1460480675,188.911066,0.177201029,352954.0441,Range/Chop,False,True
2025-01-16 00:00:00+00:00,3451.51,3460.79,3265.44,3308.05,471282.6787,ETHUSDT,187.6295663,46.23879047,3376.408312,3396.748778,3561.6536,359391.6978,3085.296527,3386.658,3688.019473,0.1779698291,22.98110084,17.76486065,25.35870528,-0.1533429396,189.4664184,0.177201029,359391.6978,Range/Chop,False,True
2025-01-17 00:00:00+00:00,3308.04,3525.72,3307.5,3473.63,518550.1813,ETHUSDT,189.8145972,52.60304343,3385.66752,3399.763728,3559.5504,376521.0262,3086.457214,3390.1395,3693.821786,0.179156218,22.10900237,18.7494124,23.2763061,-0.07241984282,190.0336385,0.177201029,376521.0262,Range/Chop,False,True
2025-01-18 00:00:00+00:00,3473.64,3494.39,3227,3307.71,634197.1281,ETHUSDT,195.3556974,46.64432628,3378.242995,3396.153778,3553.8604,400418.0385,3082.198991,3387.701,3693.203009,0.1803594881,21.7583039,16.91634386,23.94400702,-0.1167262599,190.6931882,0.177201029,400418.0385,Range/Chop,False,True
2025-01-19 00:00:00+00:00,3307.71,3448.99,3130.48,3215.12,1342301.522,ETHUSDT,204.1524333,43.67136858,3362.707471,3389.054414,3544.0908,446493.3822,3065.818832,3380.365,3694.911168,0.1861018963,21.93595499,15.03118922,24.65271917,-0.1414510138,191.5302938,0.177201029,446493.3822,Range/Chop,False,True
2025-01-20 00:00:00+00:00,3215.2,3453.69,3142.78,3284,1158354.781,ETHUSDT,211.7779738,46.40792385,3355.211522,3384.934633,3535.6186,489258.4629,3060.808653,3377.676,3694.543347,0.1876244771,22.06148878,13.61348242,22.06753972,-0.1230576555,192.2561418,0.177201029,489258.4629,Range/Chop,False,True
2025-01-21 00:00:00+00:00,3283.99,3368,3204.6,3327.54,548706.0513,ETHUSDT,208.3224043,48.12355989,3352.576139,3382.683863,3529.301,507181.8361,3058.485541,3376.034,3693.582459,0.1881192307,22.17805587,12.85077623,20.83118824,-0.1114309595,192.924215,0.177201029,507181.8361,Range/Chop,False,True
2025-01-22 00:00:00+00:00,3327.55,3365.99,3222.85,3242.6,349240.7498,ETHUSDT,203.6665182,45.09091119,3342.102221,3377.190378,3521.8628,507712.2293,3044.95019,3365.3805,3685.81081,0.1904273888,22.28629674,12.20565297,19.78543942,-0.134112897,193.4949854,0.177201029,507712.2293,Range/Chop,False,True
2025-01-23 00:00:00+00:00,3242.61,3347.97,3185,3338.21,605592.7225,ETHUSDT,200.7596241,48.98776785,3341.731533,3375.661736,3511.871,521289.8124,3051.475991,3351.8405,3652.205009,0.1792236286,22.61994884,11.4979284,19.98488438,-0.108581698,194.0182841,0.177201029,521289.8124,Range/Chop,False,True
2025-01-24 00:00:00+00:00,3338.22,3428,3275.9,3310.09,451524.2752,ETHUSDT,197.2839366,47.91080592,3338.718054,3373.090295,3502.3688,532402.7105,3068.502868,3334.501,3600.499132,0.1595429916,22.1249007,13.7623098,18.88433105,-0.1160907171,194.3916447,0.1753261508,532402.7105,Range/Chop,False,True
2025-01-25 00:00:00+00:00,3310.1,3350.68,3268.66,3318.77,208559.0415,ETHUSDT,189.0507983,48.28871482,3336.818239,3370.960088,3488.7668,535058.4538,3091.441649,3318.64,3545.838351,0.1369225652,21.71684059,13.33582403,18.57266394,-0.1137728548,194.5853963,0.1753261508,535058.4538,Range/Chop,False,True
2025-01-26 00:00:00+00:00,3318.76,3362,3230,3232.61,272165.469,ETHUSDT,184.9757413,44.81322267,3326.893645,3365.534594,3473.4946,532184.609,3141.540087,3295.898,3450.255913,0.0936666809,21.61843888,12.65607128,19.11883917,-0.1367805748,194.4670704,0.1753261508,532184.609,Range/Chop,False,True
2025-01-27 00:00:00+00:00,3232.61,3253.91,3020.01,3182.44,753004.7529,ETHUSDT,188.4703312,42.87801136,3313.136155,3358.354414,3457.0604,542757.6823,3129.281675,3285.9545,3442.627325,0.09535909598,22.75372002,11.53416106,25.38246372,-0.1501777117,194.4783153,0.1753261508,542757.6823,Range/Chop,False,True
2025-01-28 00:00:00+00:00,3182.44,3223.01,3040.03,3077.72,350959.7173,ETHUSDT,188.0781647,39.08405725,3290.715569,3347.349143,3444.3748,531068.17,3093.881682,3273.476,3453.070318,0.1097269801,23.80790965,10.73262471,23.61857581,-0.1781415979,194.5712333,0.1753261508,531068.17,Range/Chop,False,True
2025-01-29 00:00:00+00:00,3077.72,3182.52,3054.06,3113.9,409737.2576,ETHUSDT,183.8197243,41.02558972,3273.875991,3338.194274,3434.0878,526464.1117,3076.777039,3268.211,3459.644961,0.1171490828,24.78680002,10.19688515,22.43960928,-0.1684802781,194.6073714,0.1753261508,526464.1117,Range/Chop,False,True
2025-01-30 00:00:00+00:00,3113.9,3283.43,3091.06,3247.39,350639.4823,ETHUSDT,184.4304583,47.65471343,3271.353515,3334.633322,3422.3994,521288.9791,3075.579006,3267.2285,3458.877994,0.1173162477,24.5704765,13.34535225,20.76777989,-0.1328338002,194.7656544,0.1753261508,521288.9791,Range/Chop,False,True
2025-01-31 00:00:00+00:00,3247.38,3437.31,3213.8,3300.99,648681.6561,ETHUSDT,187.2218542,50.08109079,3274.176038,3333.313977,3410.787,546139.0745,3076.028413,3268.1365,3460.244587,0.1175642983,22.99243687,18.07815608,18.99684558,-0.1185207339,194.9338576,0.1753261508,546139.0745,Range/Chop,False,True
2025-02-01 00:00:00+00:00,3300.99,3331.98,3101.7,3117.54,354065.2525,ETHUSDT,190.297436,42.77322779,3259.25832,3324.852252,3395.0018,555598.3386,3057.628901,3260.6485,3463.668099,0.1245271298,22.29685513,16.51555046,21.56253077,-0.1675082714,195.1618083,0.1753261508,555598.3386,Range/Chop,False,True
2025-02-02 00:00:00+00:00,3117.54,3163.2,2750.71,2869.68,1050805.93,ETHUSDT,206.1683334,35.28213912,3222.155623,3307.00236,3374.9896,565843.2567,2986.415507,3247.257,3508.098493,0.1606534331,23.33293156,14.15530875,30.64133658,-0.2336955216,195.5398577,0.1689086158,565843.2567,Range/Chop,False,True
2025-02-03 00:00:00+00:00,2869.68,2921,2125.01,2879.9,2807979.021,ETHUSDT,248.2984525,35.78155441,3189.559849,3290.253248,3353.4058,687526.7852,2923.801136,3229.9705,3536.139864,0.1895802851,25.84154429,10.91396635,41.6246058,-0.2309664257,196.5063679,0.1689458463,687526.7852,Bear Trend,False,True
2025-02-04 00:00:00+00:00,2879.89,2888.5,2632.6,2731.19,1259594.392,ETHUSDT,248.8414202,31.92148804,3145.905578,3268.329199,3328.3048,727297.1031,2835.498302,3193.954,3552.409698,0.2244588985,28.1709704,10.11228425,38.56708294,-0.2706771736,197.3388773,0.1693116311,727297.1031,Bear Trend,False,True
2025-02-05 00:00:00+00:00,2731.19,2826.95,2699.13,2788.25,686593.0429,ETHUSDT,240.197033,34.82672391,3111.843142,3249.502563,3306.2096,738062.6213,2772.863842,3167.964,3563.064158,0.2494347525,30.33400893,9.727911661,37.10113033,-0.2465940349,198.1968742,0.1699048255,738062.6213,Bear Trend,False,True
2025-02-06 00:00:00+00:00,2788.25,2857.64,2655.28,2686.64,719459.9571,ETHUSDT,237.4943878,32.19214828,3071.347605,3227.429522,3287.4064,748108.1101,2707.23721,3128.6145,3549.99179,0.2693699014,32.42894548,9.135855504,36.16192476,-0.2379882691,199.1248712,0.1699385309,748108.1101,Bear Trend,False,True
2025-02-07 00:00:00+00:00,2686.63,2797.5,2562.51,2622.1,695467.3612,ETHUSDT,237.3155029,30.60829698,3028.562118,3203.691109,3271.5082,751171.6218,2627.692213,3094.334,3560.975787,0.3016104838,34.5534755,8.489688976,36.39648571,-0.2562937499,199.6744638,0.1699385309,751171.6218,Bear Trend,False,True
2025-02-08 00:00:00+00:00,2622.11,2667.3,2588.8,2632.46,379685.1509,ETHUSDT,225.9715384,31.19350378,2990.838107,3181.289889,3254.7132,703040.8032,2561.110435,3065.201,3569.291565,0.3289119148,36.52625338,8.27903015,35.49336182,-0.253355343,199.9629306,0.1699385309,703040.8032,Bear Trend,False,True
2025-02-09 00:00:00+00:00,2632.46,2698.9,2520.02,2627.18,387166.7911,ETHUSDT,222.6078571,31.04978311,2956.204002,3159.56009,3240.4784,664481.4037,2504.542748,3032.36,3560.177252,0.3481230803,38.49530649,7.803834206,35.66308611,-0.2548529095,200.1029118,0.1699385309,664481.4037,Bear Trend,False,True
2025-02-10 00:00:00+00:00,2627.18,2693.79,2559.85,2661.19,398173.2716,ETHUSDT,216.2744388,33.1852118,2928.10743,3140.016164,3228.0656,656954.7647,2465.865217,2999.0425,3532.219783,0.3555650068,40.32371295,7.458622829,34.08548941,-0.2452066528,200.16543,0.1699385309,656954.7647,Bear Trend,False,True
2025-02-11 00:00:00+00:00,2661.19,2725.04,2558.24,2602.59,484196.1435,ETHUSDT,212.7405503,31.3817684,2897.10577,3118.940629,3211.6668,663702.5344,2419.545193,2967.042,3514.538807,0.3690522794,41.71610595,8.090143816,32.17657144,-0.2618273714,200.2845183,0.1699385309,663702.5344,Bear Trend,False,True
2025-02-12 00:00:00+00:00,2602.59,2795.45,2546.92,2738.27,646295.8959,ETHUSDT,215.2969395,39.57038691,2881.978554,3104.012369,3196.5686,665737.6931,2408.776449,2937.045,3465.313551,0.3597279245,42.33020686,9.759053664,29.5234771,-0.2233444516,200.548148,0.1751168591,665737.6931,Bear Trend,False,True
2025-02-13 00:00:00+00:00,2738.27,2757.28,2612.76,2675.87,443769.2853,ETHUSDT,210.2414439,37.36209839,2862.349168,3087.222472,3180.146,665349.9436,2394.594072,2905.334,3416.073928,0.3515877538,42.90044341,9.279884025,28.07387405,-0.2410429643,200.7946255,0.2070195918,665349.9436,Bear Trend,False,True
2025-02-14 00:00:00+00:00,2675.87,2791.78,2664.46,2725.95,419895.7862,ETHUSDT,204.3184836,40.24433111,2849.358771,3073.054924,3167.964,675916.7808,2396.536682,2875.693,3354.849318,0.3332458073,43.07898715,10.07293344,26.8242963,-0.2268387734,200.9086403,0.2369468255,675916.7808,Bear Trend,False,True
2025-02-15 00:00:00+00:00,2725.95,2739,2662.28,2693.04,202971.4295,ETHUSDT,195.2043062,38.97513787,2834.471269,3058.152378,3155.1546,672457.0788,2392.782604,2848.7145,3304.646396,0.320096588,43.25343363,9.790154461,26.15102368,-0.236173037,200.8750589,0.259402327,672457.0788,Bear Trend,False,True
2025-02-16 00:00:00+00:00,2693.04,2727.31,2651.26,2661.41,191231.5314,ETHUSDT,186.6932843,37.7431205,2817.989243,3042.593853,3140.3028,644368.4178,2386.886424,2822.663,3258.439576,0.3087698221,43.46187544,9.505294093,25.81174093,-0.238376369,200.5894475,0.2854901926,644368.4178,Bear Trend,False,True
2025-02-17 00:00:00+00:00,2661.41,2849.7,2637.71,2744.05,639739.8197,ETHUSDT,188.5001926,42.8280827,2810.947411,3030.886251,3128.0542,658807.4229,2385.250307,2805.9795,3226.708693,0.2998804467,42.35088297,13.37947456,23.73829441,-0.2054729869,200.1085108,0.3007454652,658807.4229,Bear Trend,False,True
2025-02-18 00:00:00+00:00,2744.05,2756.93,2605.44,2671.99,604863.8737,ETHUSDT,185.8566074,39.77721493,2797.713371,3016.811888,3114.2572,668563.7537,2384.274391,2783.884,3183.493609,0.2870878305,41.49568023,12.60051129,23.59643611,-0.2263376273,199.3709148,0.3007454652,668563.7537,Bear Trend,False,True
2025-02-19 00:00:00+00:00,2672,2736.7,2656.03,2715.5,326154.0202,ETHUSDT,178.3432783,42.44327738,2789.883527,3004.995736,3101.8116,667339.4806,2418.428936,2757.2895,3096.150064,0.2457925176,40.7015634,12.19339784,22.83405226,-0.2099926978,198.4700518,0.3007454652,667339.4806,Bear Trend,False,True
2025-02-20 00:00:00+00:00,2715.51,2770.59,2707.18,2738.04,336735.2544,ETHUSDT,170.1337584,43.83054174,2784.946048,2994.526884,3089.3648,651742.1605,2499.774573,2729.142,2958.509427,0.1680875727,39.59110496,13.29161637,22.22616616,-0.2034352444,197.4924767,0.3007454652,651742.1605,Bear Trend,False,True
2025-02-21 00:00:00+00:00,2738.04,2845.32,2616.72,2663,890440.0604,ETHUSDT,174.3099185,40.34421535,2773.332139,2981.525829,3073.5114,678560.9009,2560.649085,2706.415,2852.180915,0.1077188202,39.11201214,12.04651736,23.85098085,-0.2252662693,196.5592284,0.3007454652,678560.9009,Bear Trend,False,True
2025-02-22 00:00:00+00:00,2663,2798.07,2653.33,2763.22,444989.6669,ETHUSDT,172.1977815,46.46839252,2772.369078,2972.964816,3056.5956,648270.0877,2572.839771,2701.092,2829.344229,0.09496324404,38.66714024,11.32325729,22.41899335,-0.1961097486,195.6489263,0.3007454652,648270.0877,Bear Trend,False,True
2025-02-23 00:00:00+00:00,2763.23,2857.34,2745.41,2819.69,611002.1222,ETHUSDT,167.89294,49.60752024,2776.875832,2966.954039,3039.8518,538421.2428,2584.807413,2698.0815,2811.355587,0.08396639411,37.56344434,13.30563785,21.35140914,-0.1796812042,194.8094911,0.3007454652,538421.2428,Bear Trend,False,True
2025-02-24 00:00:00+00:00,2819.7,2839.95,2470.33,2513.52,876876.3707,ETHUSDT,182.3020157,36.9544705,2751.794324,2949.172312,3017.4024,519285.3417,2549.536925,2687.198,2824.859075,0.1024569642,38.0012079,11.37868248,29.0372783,-0.2687537638,194.2196703,0.3007454652,519285.3417,Bear Trend,False,True
2025-02-25 00:00:00+00:00,2513.52,2533.49,2313.49,2495.7,1322016.872,ETHUSDT,184.9947288,36.37296194,2727.404389,2931.389084,2993.5674,551056.5332,2519.643354,2672.5705,2825.497646,0.1144419919,38.97361888,10.41212593,32.62649206,-0.2739380504,193.7701225,0.3007454652,551056.5332,Crash/Capitulation,False,True
2025-02-26 00:00:00+00:00,2495.69,2507.5,2253.77,2336.37,863087.2133,ETHUSDT,189.9043911,31.58697311,2690.163018,2908.055003,2972.6686,558237.896,2443.570863,2655.057,2866.543137,0.159308171,40.06510183,9.418442178,31.75901801,-0.3202911579,193.5280185,0.3007454652,558237.896,Bear Trend,False,True
2025-02-27 00:00:00+00:00,2336.38,2381.6,2230.57,2307.72,637583.9106,ETHUSDT,187.1276488,30.80212531,2653.739874,2884.512453,2952.2772,555343.7235,2379.24301,2639.338,2899.43299,0.1970910813,41.15152911,8.875471594,30.81368757,-0.3286261641,193.3787076,0.2934841386,555343.7235,Bear Trend,False,True
2025-02-28 00:00:00+00:00,2307.72,2314.18,2076.26,2237.59,1291539.056,ETHUSDT,190.7556739,28.90861113,2614.106552,2859.142945,2932.645,600936.4187,2305.96891,2619.5945,2933.22009,0.2394459064,42.60057511,8.084762217,33.84666511,-0.3490287463,193.3654547,0.266440174,600936.4187,Crash/Capitulation,False,True
2025-03-01 00:00:00+00:00,2237.59,2281.14,2142.73,2217.39,446430.7271,ETHUSDT,187.0166972,28.36767763,2576.324024,2833.976163,2911.652,603899.6155,2239.906008,2599.105,2958.303992,0.2764020632,43.94611782,7.657370303,32.05739901,-0.3549054348,193.3567198,0.2610972904,603899.6155,Bear Trend,False,True
2025-03-02 00:00:00+00:00,2217.4,2550.58,2172.04,2518.11,1266684.775,ETHUSDT,200.6969331,44.89795063,2570.779831,2821.589255,2896.3576,647325.1907,2232.284035,2591.951,2951.617965,0.2775260528,42.67975078,16.21518455,27.7385175,-0.2442601696,193.7266684,0.2610972904,647325.1907,Bear Trend,False,True
2025-03-03 00:00:00+00:00,2518.12,2523.56,2097.91,2149.01,1109565.2,ETHUSDT,216.7650093,34.40386423,2530.611276,2795.213598,2873.9918,678593.6435,2161.203763,2569.272,2977.340237,0.3176528112,41.82383064,13.94083445,26.29063623,-0.3206215225,194.3918112,0.2610972904,678593.6435,Bear Trend,False,True
2025-03-04 00:00:00+00:00,2149.02,2221.88,1993.2,2171.51,1257822.337,ETHUSDT,217.6160801,35.39516692,2496.411154,2770.754633,2854.6718,709169.9656,2105.918628,2540.934,2975.949372,0.3424058806,41.44759854,12.89443396,27.75417609,-0.2565867853,195.035777,0.2610972904,709169.9656,Bear Trend,False,True
2025-03-05 00:00:00+00:00,2171.5,2273.51,2155.03,2241.59,687130.7897,ETHUSDT,210.5349315,38.51200756,2472.142473,2750.003079,2834.991,721338.0408,2070.185253,2519.22,2968.254747,0.3564871244,40.67912535,14.1277778,26.63854352,-0.2239605331,195.6567215,0.2610972904,721338.0408,Bear Trend,False,True
2025-03-06 00:00:00+00:00,2241.59,2319.99,2176.9,2202.2,596908.3935,ETHUSDT,205.7174364,37.41925631,2446.433666,2728.520605,2810.0046,730188.6712,2034.292987,2493.0325,2951.772013,0.3680172745,39.5922217,15.03972782,25.31505365,-0.2293640906,196.3065747,0.2610972904,730188.6712,Bear Trend,False,True
2025-03-07 00:00:00+00:00,2202.21,2258.47,2101.82,2141.6,782387.2606,ETHUSDT,202.2126195,35.73913545,2417.401888,2705.504111,2786.6756,759159.4627,1992.066964,2465.4605,2938.854036,0.3840203779,38.92925443,14.20751561,26.56635214,-0.2505704008,196.9367361,0.2610972904,759159.4627,Bear Trend,False,True
2025-03-08 00:00:00+00:00,2141.6,2234.93,2105.06,2203.58,328793.0979,ETHUSDT,197.0452896,38.76738599,2397.037899,2685.820813,2761.2746,766037.541,1965.031153,2442.569,2920.106847,0.3910127795,38.31364196,13.5386592,25.3156708,-0.2288002128,197.2663145,0.2610972904,766037.541,Bear Trend,False,True
2025-03-09 00:00:00+00:00,2203.57,2212,1989.66,2020.41,601671.5882,ETHUSDT,198.8520546,33.71136333,2361.168575,2659.726271,2735.5286,764134.1295,1916.212202,2406.387,2896.561798,0.4073948186,38.25919389,12.45738675,27.43904185,-0.2929052895,197.5907325,0.2610972904,764134.1295,Bear Trend,False,True
2025-03-10 00:00:00+00:00,2020.43,2152.4,1810.01,1865.1,1248745.351,ETHUSDT,209.104765,30.12392969,2313.923949,2628.564456,2708.5282,796328.2033,1838.548471,2366.0425,2893.536529,0.4458871965,38.87035881,11.00039848,30.36653764,-0.3472600391,198.0623587,0.2610972904,796328.2033,Bear Trend,False,True
2025-03-11 00:00:00+00:00,1865.11,1963.2,1754.28,1923.43,1171427.999,ETHUSDT,209.0915675,33.00737548,2276.734049,2600.912125,2681.3168,838591.9023,1790.964204,2326.439,2861.913796,0.4603385658,39.61725087,10.21530046,30.10309289,-0.3268459476,198.5960117,0.276964058,838591.9023,Bear Trend,False,True
2025-03-12 00:00:00+00:00,1923.42,1960,1829.72,1908.2,788739.6763,ETHUSDT,203.4621698,32.62877885,2241.635568,2573.746943,2652.93,861192.1234,1754.901145,2284.947,2814.992855,0.4639458643,40.31079349,9.748085023,28.72627291,-0.3321760799,199.1244751,0.297589432,861192.1234,Bear Trend,False,True
2025-03-13 00:00:00+00:00,1908.2,1923.09,1821.81,1864.59,569537.2622,ETHUSDT,196.1634434,31.5141204,2205.726466,2545.936867,2625.3698,845146.9835,1714.621739,2245.0265,2775.431261,0.4725153679,40.98271413,9.388586683,27.95490561,-0.3474385267,199.6458698,0.3300293459,845146.9835,Bear Trend,False,True
2025-03-14 00:00:00+00:00,1864.59,1945.64,1861.31,1911.65,375805.7355,ETHUSDT,188.1753403,34.12919732,2177.719184,2521.062872,2596.8386,841687.7869,1709.903003,2202.448,2694.992997,0.4472704886,41.35926801,9.944018685,27.06005738,-0.3309686632,199.7316052,0.3494465025,841687.7869,Bear Trend,False,True
2025-03-15 00:00:00+00:00,1911.64,1957.19,1903.75,1937.17,209545.8675,ETHUSDT,178.5513874,35.56604797,2154.809738,2498.165113,2569.3802,821614.9742,1742.763214,2158.322,2573.880786,0.3850758002,41.57731145,10.19348334,26.48155666,-0.3220372794,199.7188596,0.3622521995,821614.9742,Bear Trend,False,True
2025-03-16 00:00:00+00:00,1937.18,1940.87,1860.38,1887,324766.6564,ETHUSDT,171.5470026,33.99606328,2129.304048,2474.197853,2540.7448,794009.4884,1729.184697,2126.996,2524.807303,0.3740592866,41.9722604,9.851855405,27.39988037,-0.3395955679,199.4607149,0.3710382805,794009.4884,Bear Trend,False,True
2025-03-17 00:00:00+00:00,1887.01,1952.4,1879.98,1926.31,334840.4877,ETHUSDT,164.4665024,36.36629415,2109.971282,2452.712055,2514.6188,744650.6692,1729.909857,2098.5265,2467.143143,0.3513099719,42.19516049,10.04274475,26.53808988,-0.3258380172,199.0746638,0.3710382805,744650.6692,Bear Trend,False,True
2025-03-18 00:00:00+00:00,1926.3,1936.2,1872.31,1931.54,332896.0155,ETHUSDT,157.2824665,36.69202774,2092.977827,2432.273935,2489.6008,718141.1093,1719.812758,2078.285,2436.757242,0.3449692818,42.44022673,9.751353188,26.11641062,-0.3240076435,198.5324617,0.3710382805,718141.1093,Bear Trend,False,True
2025-03-19 00:00:00+00:00,1931.54,2069.9,1927.58,2056.06,691809.5034,ETHUSDT,156.2137189,44.03712349,2089.461843,2417.520448,2469.1676,720852.389,1723.007199,2065.702,2408.396801,0.3317950038,41.06386229,15.23019676,24.41686739,-0.2804286504,197.8800953,0.3710382805,720852.389,Bear Trend,False,True
2025-03-20 00:00:00+00:00,2056.05,2067.9,1952.17,1983.79,401518.9282,ETHUSDT,153.3220247,41.05958592,2079.397858,2400.511411,2446.5654,676351.3826,1718.006924,2053.012,2388.017076,0.3263547176,39.7858096,14.40905359,23.10042058,-0.3057214052,197.0329219,0.3710382805,676351.3826,Bear Trend,False,True
2025-03-21 00:00:00+00:00,1983.79,1996.73,1937.1,1965.75,262641.659,ETHUSDT,146.6297372,40.32660424,2068.574252,2383.461943,2420.9326,667161.9292,1712.231767,2040.43,2368.628233,0.3216951648,38.70747747,13.99050086,23.16351533,-0.3120349696,195.9471179,0.3710382805,667161.9292,Bear Trend,False,True
2025-03-22 00:00:00+00:00,1965.74,2006.61,1964.34,1980.69,170782.9574,ETHUSDT,139.1754703,41.26179027,2060.204324,2367.666965,2394.5266,612366.8383,1768.806034,2013.559,2258.311966,0.2431048367,37.58363137,14.19405763,22.66100385,-0.3068063304,194.794669,0.3710382805,612366.8383,Bear Trend,False,True
2025-03-23 00:00:00+00:00,1980.68,2020.74,1976.81,2005.99,268707.5233,ETHUSDT,132.3722224,42.89391831,2055.041055,2353.483555,2372.2956,570323.9545,1769.677076,2006.408,2243.138924,0.2359748606,36.35778956,14.62005068,22.12382927,-0.2979519413,193.6064308,0.3710382805,570323.9545,Bear Trend,False,True
2025-03-24 00:00:00+00:00,2005.99,2104.11,1977.67,2081.2,477912.8154,ETHUSDT,131.9484922,47.55885188,2057.532383,2342.805768,2356.526,531328.4784,1774.67673,2001.8925,2229.10827,0.22700097,34.21749702,18.1324823,20.60952789,-0.2716302575,192.4595786,0.3710382805,531328.4784,Bear Trend,False,True
2025-03-25 00:00:00+00:00,2081.2,2097.7,2037.08,2066.15,328765.3292,ETHUSDT,126.8535999,46.73611437,2058.353108,2331.956523,2340.251,513410.2054,1791.492027,1993.1205,2194.748973,0.2023244182,32.23008252,17.51355112,19.90604564,-0.2724695857,191.2857396,0.3710382805,513410.2054,Bear Trend,False,True
2025-03-26 00:00:00+00:00,2066.16,2079.21,1981.6,2009.52,428975.3286,ETHUSDT,124.7647714,43.67448593,2053.702336,2319.311953,2325.8176,505013.5521,1805.740258,1983.4865,2161.232742,0.1792260666,30.93616875,16.53485354,21.96991285,-0.2121321425,190.2143058,0.3626846292,505013.5521,Bear Trend,False,True
2025-03-27 00:00:00+00:00,2009.52,2037.38,1987.06,2003.66,360634.8383,ETHUSDT,119.4472877,43.3579635,2048.936399,2306.933445,2310.1258,483925.931,1813.847771,1976.5895,2139.331229,0.1646692231,29.73467739,16.03730362,21.30881669,-0.2144296591,189.1221649,0.3481396268,483925.931,Bear Trend,False,True
2025-03-28 00:00:00+00:00,2003.67,2015.93,1860,1896.9,626167.5832,ETHUSDT,122.0531957,37.96034184,2034.456742,2290.853702,2294.331,498794.6553,1832.76624,1961.2555,2089.74476,0.1310275585,29.72154076,14.57383357,26.80016715,-0.2562868054,188.0152127,0.3383821428,498794.6553,Bear Trend,False,True
2025-03-29 00:00:00+00:00,1896.9,1913.6,1797.2,1828.08,409769.7555,ETHUSDT,121.649396,34.94069669,2014.801814,2272.705714,2278.4506,489199.5636,1813.846136,1951.639,2089.431864,0.1412073279,30.1486931,13.57776602,28.65588685,-0.2832689035,186.9080665,0.3290748607,489199.5636,Bear Trend,False,True
2025-03-30 00:00:00+00:00,1828.09,1849.01,1767.69,1807.74,327843.4476,ETHUSDT,118.7687249,34.07787847,1995.081642,2254.471764,2261.9562,443154.4685,1801.809929,1948.771,2095.732071,0.1508243618,30.73967007,12.913724,29.02918335,-0.2912435603,185.8238832,0.3240249412,443154.4685,Bear Trend,False,True
2025-03-31 00:00:00+00:00,1807.74,1854.22,1776.75,1822.43,497854.9052,ETHUSDT,115.818816,35.32013807,1978.638628,2237.52895,2245.8612,409475.8138,1787.006218,1943.721,2100.435782,0.1612523421,31.20952441,12.618049,27.64223203,-0.285484086,184.6803558,0.2824000007,409475.8138,Bear Trend,False,True
2025-04-01 00:00:00+00:00,1822.43,1927.9,1817.88,1904.98,452989.0974,ETHUSDT,115.4046148,41.94122133,1971.623521,2224.487815,2230.737,392688.2848,1786.693038,1943.56,2100.426962,0.1614222997,30.58282456,16.31916507,25.75991168,-0.2451219705,183.4834019,0.2395398486,392688.2848,Bear Trend,False,True
2025-04-02 00:00:00+00:00,1904.98,1957,1781.53,1795.22,750840.7823,ETHUSDT,119.6949995,36.57944406,1954.823185,2207.653783,2214.5896,401753.4608,1773.619818,1940.0915,2106.563182,0.1716121965,30.30253123,14.6103433,25.23172891,-0.2261949405,182.3066946,0.2314879153,401753.4608,Bear Trend,False,True
2025-04-03 00:00:00+00:00,1795.21,1845.26,1750,1817.23,508075.018,ETHUSDT,117.9496424,38.28329293,1941.719072,2192.343046,2196.1688,408366.925,1760.78277,1935.3705,2109.95823,0.1804178886,30.29579445,13.76750098,25.68556999,-0.2167078306,180.8363831,0.2146626941,408366.925,Bear Trend,False,True
2025-04-04 00:00:00+00:00,1817.23,1835.68,1758.72,1816.87,572734.4702,ETHUSDT,115.0218108,38.26518486,1929.828685,2177.618613,2178.9888,426526.3551,1747.300617,1929.3555,2111.410383,0.1887209311,30.28953886,13.10952212,24.45800066,-0.2168630037,178.6151057,0.1955226746,426526.3551,Bear Trend,False,True
2025-04-05 00:00:00+00:00,1816.88,1827.29,1764.39,1806.01,201716.2696,ETHUSDT,111.2988243,37.68608203,1918.036429,2163.045726,2160.59,420373.8357,1736.196478,1925.306,2114.415522,0.1964461987,30.28373011,12.58032327,23.47069191,-0.2003391677,176.3227291,0.1925835649,420373.8357,Bear Trend,False,True
2025-04-06 00:00:00+00:00,1806.02,1817,1537.5,1580.76,979847.0958,ETHUSDT,123.313194,28.16508218,1885.914864,2140.210992,2138.3444,452624.1662,1666.552723,1908.0285,2149.504277,0.2531154828,31.78944587,10.54358121,32.81330336,-0.2927026797,174.3746651,0.1925835649,452624.1662,Crash/Capitulation,False,True
2025-04-07 00:00:00+00:00,1580.77,1639,1411.01,1553.04,2168796.007,ETHUSDT,130.7901087,27.2526036,1854.212496,2117.184678,2116.177,544419.1657,1602.798178,1889.1035,2175.408822,0.3031123728,33.72249969,9.230773833,35.63565253,-0.2979023508,172.5962605,0.1925835649,544419.1657,Crash/Capitulation,False,True
2025-04-08 00:00:00+00:00,1553.04,1618.67,1441.3,1473.41,891846.1327,ETHUSDT,134.1172438,24.77000803,1817.945592,2091.938613,2090.7642,554420.9972,1532.005682,1859.971,2187.936318,0.3526563781,35.51747824,8.358795647,32.26935711,-0.3154571641,170.8762895,0.1925835649,554420.9972,Bear Trend,False,True
2025-04-09 00:00:00+00:00,1473.41,1689,1385.05,1669.51,1968530.914,ETHUSDT,146.2481549,39.40847022,1803.808869,2075.372785,2070.7146,632771.5965,1511.447174,1844.257,2177.066826,0.360914803,36.15944127,10.55288636,27.47893228,-0.2065481367,169.5475664,0.1925835649,632771.5965,Bear Trend,False,True
2025-04-10 00:00:00+00:00,1669.51,1669.85,1471.02,1522.25,911855.3934,ETHUSDT,150.004001,34.05029188,1776.993738,2053.681695,2046.8496,665232.2832,1466.299694,1822.082,2177.864306,0.3905228265,36.7555498,9.55375568,24.8772702,-0.276534972,168.3375022,0.1925835649,665232.2832,Bear Trend,False,True
2025-04-11 00:00:00+00:00,1522.24,1591.47,1504.63,1566.85,578484.3183,ETHUSDT,145.4922867,36.85075894,1756.980049,2034.590256,2023.4258,685617.3513,1436.882402,1801.39,2165.897598,0.4046959275,37.30907915,9.146444867,23.81666309,-0.2553383616,167.1577996,0.1925835649,685617.3513,Bear Trend,False,True
2025-04-12 00:00:00+00:00,1566.85,1669.59,1546.06,1644.18,501867.9033,ETHUSDT,143.9235519,41.489986,1746.237187,2019.28005,2003.0494,697275.3703,1425.350496,1783.2995,2141.248504,0.4014457514,36.67376065,12.46275887,22.35652662,-0.2185864807,166.0108496,0.1925835649,697275.3703,Bear Trend,False,True
2025-04-13 00:00:00+00:00,1644.19,1649.75,1562.01,1597.76,580136.6145,ETHUSDT,139.9104411,39.60888581,1732.096503,2002.749852,1979.7402,702386.5602,1420.119555,1759.1275,2098.135445,0.3854273722,36.08382205,11.90450253,21.35508923,-0.240648065,164.754408,0.1925835649,702386.5602,Bear Trend,False,True
2025-04-14 00:00:00+00:00,1597.76,1691.5,1595.56,1623.77,645930.1419,ETHUSDT,136.7696953,41.21708434,1721.779693,1987.887897,1955.8218,718244.8008,1424.308718,1737.0085,2049.708282,0.3600440432,34.94384899,13.48843843,20.28509068,-0.228286544,163.5298789,0.1925835649,718244.8008,Bear Trend,False,True
2025-04-15 00:00:00+00:00,1623.78,1661.21,1583.12,1588.78,476178.8915,ETHUSDT,132.5782885,39.6860234,1709.113056,1972.236607,1937.327,720604.979,1423.477455,1715.9715,2008.465545,0.3409078118,34.00109839,12.92095047,20.10187671,-0.2449159027,162.3342089,0.2247808407,720604.979,Bear Trend,False,True
2025-04-16 00:00:00+00:00,1588.77,1613.66,1538.07,1577.14,611387.8686,ETHUSDT,128.5076964,39.16482257,1696.544193,1956.742622,1918.9558,733142.6305,1428.120688,1694.6455,1961.170312,0.3145493405,33.53566848,12.37807323,21.76130991,-0.2504479329,161.2225988,0.2781139278,733142.6305,Bear Trend,False,True
2025-04-17 00:00:00+00:00,1577.15,1616.96,1563.2,1583.62,449870.3628,ETHUSDT,123.1685753,39.64007345,1685.789508,1942.110363,1903.9008,724327.7695,1425.33216,1678.9815,1932.63084,0.3021466764,33.05109803,12.18354007,21.08286227,-0.247368246,160.1638536,0.3026295246,724327.7695,Bear Trend,False,True
2025-04-18 00:00:00+00:00,1583.63,1600.64,1573.54,1588.6,200409.0359,ETHUSDT,116.3065342,40.02782803,1676.533364,1928.247211,1889.5184,713859.7335,1420.122564,1667.0075,1913.892436,0.2962013499,32.60113974,11.98076683,20.73197572,-0.2450014495,158.960626,0.3026295246,713859.7335,Bear Trend,False,True
2025-04-19 00:00:00+00:00,1588.6,1631.81,1585.01,1613.27,223096.3899,ETHUSDT,111.3417817,42.01505724,1670.508282,1915.895164,1877.032,708622.3806,1418.138851,1657.284,1896.429149,0.2885988748,31.64658995,13.62069806,20.10953164,-0.2332767774,157.7187122,0.3026295246,708622.3806,Bear Trend,False,True
2025-04-20 00:00:00+00:00,1613.26,1619.19,1565.59,1587.36,276052.2306,ETHUSDT,107.2173687,40.49728354,1662.589398,1903.011432,1864.4314,697532.2469,1417.142549,1645.5305,1873.918451,0.2775858008,30.98090604,13.13432336,20.68521735,-0.2455907723,156.5332804,0.3026295246,697532.2469,Bear Trend,False,True
2025-04-21 00:00:00+00:00,1587.36,1658.75,1564.07,1579.57,691486.6667,ETHUSDT,106.3218424,40.02908244,1654.682789,1890.327454,1845.6606,709457.1253,1433.021654,1629.26,1825.498346,0.2408926084,29.68625811,14.95658182,19.36948423,-0.2492930503,155.4697485,0.3026295246,709457.1253,Bear Trend,False,True
2025-04-22 00:00:00+00:00,1579.57,1778,1537.26,1756.26,1103036.959,ETHUSDT,115.9231394,53.23542893,1664.356809,1885.069907,1837.8056,727066.9342,1437.018634,1627.312,1817.605366,0.2338744703,28.26668976,20.08581322,16.49626911,-0.1653193036,154.4966355,0.3026295246,727066.9342,Range/Chop,False,True
2025-04-23 00:00:00+00:00,1756.25,1834.86,1744.95,1795.07,887545.6316,ETHUSDT,114.065058,55.55080859,1676.805684,1881.540499,1830.2768,746040.4649,1440.13564,1626.204,1812.27236,0.2288376608,27.55082043,22.51555726,15.56748865,-0.1442675311,153.5277568,0.3026295246,746040.4649,Range/Chop,False,True
2025-04-24 00:00:00+00:00,1795.08,1802.82,1722.9,1769.65,483465.0385,ETHUSDT,111.6261253,53.67622917,1685.648,1877.152636,1820.838,741576.9933,1446.519049,1623.843,1801.166951,0.2184003633,26.56869042,21.36410937,16.18232572,-0.1488834702,152.5899765,0.3026295246,741576.9933,Range/Chop,False,True
2025-04-25 00:00:00+00:00,1769.64,1827.32,1738.6,1784.6,595610.8894,ETHUSDT,109.9899735,54.64558529,1695.072,1873.523121,1812.486,761271.7243,1449.651736,1622.7725,1795.893264,0.2133641828,25.92166019,21.72425662,15.24997064,-0.1240711109,151.3847758,0.3026295246,761271.7243,Range/Chop,False,True
2025-04-26 00:00:00+00:00,1784.6,1841.16,1778.94,1820.88,355068.0442,ETHUSDT,106.5778325,56.99730672,1707.053714,1871.458685,1806.0716,730032.7717,1442.709426,1634.7785,1826.847574,0.2349787128,25.471157,21.74591534,14.61404828,-0.09675435159,150.0778275,0.3026295246,730032.7717,Bull Trend,False,True
2025-04-27 00:00:00+00:00,1820.87,1857.47,1781.9,1791.29,340332.6435,ETHUSDT,104.3629873,54.51451202,1715.076218,1868.314815,1797.8258,638609.6035,1446.976624,1646.691,1846.405376,0.2425644835,25.23289853,21.73747035,13.85818122,-0.08467552376,148.6521375,0.2991740131,638609.6035,Range/Chop,False,True
2025-04-28 00:00:00+00:00,1791.29,1827.98,1744.71,1799.88,587269.743,ETHUSDT,102.8563454,55.12561981,1723.152768,1865.631096,1793.4152,623380.784,1469.344372,1663.0145,1856.684628,0.2329145387,24.38787455,20.48046119,15.63946534,-0.08028615227,147.2476158,0.2924001123,623380.784,Range/Chop,False,True
2025-04-29 00:00:00+00:00,1799.88,1842.99,1780.47,1797.81,480456.3884,ETHUSDT,99.97517785,54.93408456,1730.262981,1862.971446,1792.0694,548977.0577,1467.021406,1669.4295,1871.837594,0.2424877407,23.78965183,20.63804428,14.9408781,-0.08134389371,145.7346075,0.2830923378,548977.0577,Range/Chop,False,True
2025-04-30 00:00:00+00:00,1797.81,1816.8,1731.7,1793.61,473523.9877,ETHUSDT,98.91266515,54.52016493,1736.29603,1860.251389,1789.473,527060.4875,1485.552641,1682.9975,1880.442359,0.2346347618,22.44356149,19.36975547,17.54456841,-0.08349003577,144.2662069,0.2600751421,527060.4875,Range/Chop,False,True
2025-05-01 00:00:00+00:00,1793.62,1873.17,1792.52,1838.11,537198.7291,ETHUSDT,97.60818907,58.12071453,1745.992599,1859.383099,1788.0712,524996.208,1495.656091,1696.5605,1897.464909,0.2368373058,21.91434942,22.35166952,16.50910974,-0.06075114972,142.5480612,0.2425261121,524996.208,Range/Chop,False,True
2025-05-02 00:00:00+00:00,1838.1,1871,1813,1842.2,410667.875,ETHUSDT,94.7790327,58.44633168,1755.155209,1858.709252,1787.6234,520436.2066,1497.502433,1706.4615,1915.420567,0.2449033479,21.4229382,21.37466257,15.78748512,-0.01653347,140.5149616,0.2425261121,520436.2066,Range/Chop,False,True
2025-05-03 00:00:00+00:00,1842.2,1848.6,1810,1833.52,213751.5979,ETHUSDT,90.76624465,57.42587003,1762.618522,1857.721438,1786.0608,502116.9558,1508.550589,1718.2495,1927.948411,0.2440843556,20.91314315,20.72537937,15.54400496,-0.02116732598,138.4007977,0.2425261121,502116.9558,Range/Chop,False,True
2025-05-04 00:00:00+00:00,1833.52,1849.95,1803,1808.86,238254.3564,ETHUSDT,87.63651289,54.51378663,1767.022472,1855.805304,1783.4946,481733.1665,1518.966647,1727.504,1936.041353,0.2414319768,20.30838836,19.93228482,15.51972363,-0.03433217487,136.3524907,0.2419598588,481733.1665,Range/Chop,False,True
2025-05-05 00:00:00+00:00,1808.86,1833.55,1781.85,1820.19,342341.0078,ETHUSDT,85.06961911,55.62714535,1772.086046,1854.408625,1782.1584,475041.2723,1537.030963,1739.0745,1941.118037,0.232357541,19.3471683,19.06702786,16.62187158,-0.0282836048,134.3416937,0.2411622926,475041.2723,Range/Chop,True,True
2025-05-06 00:00:00+00:00,1820.19,1820.9,1752,1817,384584.2451,ETHUSDT,83.91464632,55.21734127,1776.363566,1852.94162,1779.9722,463701.0911,1560.762001,1751.0675,1941.372999,0.2173594098,18.01248767,17.94878426,18.18787868,-0.02998660026,132.3700609,0.2388649571,463701.0911,Range/Chop,True,True
2025-05-07 00:00:00+00:00,1817,1850,1787.01,1811.11,456170.0705,ETHUSDT,82.42002873,54.42015723,1779.67275,1851.301164,1777.5636,464016.0765,1586.90866,1762.442,1937.97534,0.1991933233,17.17289685,19.49089043,17.1950076,-0.03313100253,130.4596398,0.2359080093,464016.0765,Range/Chop,True,True
2025-05-08 00:00:00+00:00,1811.11,2226,1808.71,2207.39,1473152.686,ETHUSDT,106.3393124,77.7230641,1820.407726,1865.265432,1780.5902,527653.259,1547.343944,1793.3815,2039.419056,0.2743839569,19.66686773,39.28376293,12.3753247,-0.008360287511,128.9177608,0.2359080093,527653.259,Range/Chop,False,True
2025-05-09 00:00:00+00:00,2207.39,2490.77,2184.33,2345.04,1667041.038,ETHUSDT,120.6322186,81.29949167,1870.372705,1884.080121,1787.8152,599850.4914,1498.976049,1829.97,2160.963951,0.3617479528,22.90832783,47.83329345,10.12983687,-0.05850801158,127.4432184,0.2359080093,599850.4914,Range/Chop,False,True
2025-05-10 00:00:00+00:00,2345.04,2600,2317,2583.23,979350.1606,ETHUSDT,132.2299173,85.60586397,1938.263876,1911.497764,1800.1648,635015.3879,1431.04574,1879.7635,2328.48126,0.4774193771,26.1860815,46.42134691,8.581265859,-0.00645,126.1621909,0.2359080093,635015.3879,Bull Trend,False,True
2025-05-11 00:00:00+00:00,2583.22,2608.13,2435.51,2514.57,831584.3888,ETHUSDT,135.1149232,79.89449797,1993.150173,1935.147655,1810.8424,642020.274,1421.362029,1926.5135,2431.664971,0.5244203803,29.24871131,42.61492962,7.798176875,-0.03587244501,125.0230701,0.2359080093,642020.274,Bull Trend,False,True
2025-05-12 00:00:00+00:00,2514.58,2624,2406.63,2495.47,1068680.943,ETHUSDT,140.9902858,78.32892649,2040.990157,1957.121081,1820.632,640302.4732,1407.903353,1963.474,2519.044647,0.5659057841,31.71117435,37.92199878,8.402529703,-0.04898246951,124.1035175,0.2391346413,640302.4732,Bull Trend,False,True
2025-05-13 00:00:00+00:00,2495.48,2738.5,2415.3,2679.71,1031355.647,ETHUSDT,154.0052654,81.9941811,2101.820618,1985.457901,1832.6022,647492.974,1377.02408,2007.706,2638.38792,0.6282612296,34.30565673,37.54799023,7.142972769,-0.02146795691,123.5340162,0.2419598588,647492.974,Bull Trend,False,True
2025-05-14 00:00:00+00:00,2679.71,2725.99,2547.26,2609.74,830047.1122,ETHUSDT,155.7713179,76.68935169,2150.193892,2009.939552,1843.474,664822.0777,1377.507385,2049.7105,2721.913615,0.6559005431,36.71481894,34.47069884,6.557561713,-0.04701844075,123.1543484,0.2425261121,664822.0777,Bull Trend,False,True
2025-05-15 00:00:00+00:00,2609.75,2647.03,2476.03,2548.69,768954.0332,ETHUSDT,156.8590809,72.29442462,2188.145903,2031.06702,1854.2574,673489.2349,1393.827048,2087.915,2782.002952,0.664862269,38.0041459,31.78653824,9.290522913,-0.06931166697,122.9095497,0.2433244195,673489.2349,Bull Trend,False,True
2025-05-16 00:00:00+00:00,2548.7,2649.31,2529.4,2537.12,605953.6919,ETHUSDT,154.2198608,71.45862221,2221.381531,2050.912235,1864.9266,686033.5173,1414.696975,2123.727,2832.757025,0.6677223814,39.21014898,30.12679102,8.774549624,-0.07353660763,122.7387723,0.2444938517,686033.5173,Bull Trend,False,True
2025-05-17 00:00:00+00:00,2537.13,2538.16,2446.42,2475.08,494333.2782,ETHUSDT,149.7570136,66.98654295,2245.54329,2067.546265,1876.4902,693733.549,1450.360988,2157.9165,2865.472012,0.6557765439,39.26609901,28.8085452,12.34844511,-0.09619134563,122.6133481,0.2596436524,693733.549,Bull Trend,False,True
2025-05-18 00:00:00+00:00,2475.09,2587.61,2323.21,2497.78,810103.1851,ETHUSDT,157.9457984,67.78106291,2269.565834,2084.418176,1889.8842,704875.2211,1490.509876,2192.8115,2895.113124,0.640549016,37.98535311,25.36388279,16.44391476,-0.08790213621,122.6422161,0.3180659548,704875.2211,Bull Trend,False,True
2025-05-19 00:00:00+00:00,2497.78,2547.36,2348.38,2528.14,861747.523,ETHUSDT,160.8768128,68.86047286,2294.191945,2101.819032,1904.2922,723939.7778,1537.101479,2229.328,2921.554521,0.6210181011,36.79608906,23.12307981,14.99115716,-0.07681577506,122.7681293,0.419583665,723939.7778,Bull Trend,False,True
2025-05-20 00:00:00+00:00,2528.14,2588.63,2442.4,2524.19,676989.1747,ETHUSDT,159.8306119,68.53874301,2316.096522,2118.3826,1918.3274,734113.0372,1592.612045,2265.857,2939.101955,0.5942519364,35.96836338,23.45633978,14.01147852,-0.07825817053,122.9881438,0.5009198787,734113.0372,Bull Trend,False,True
2025-05-21 00:00:00+00:00,2524.19,2615.95,2452.2,2550.99,1095890.29,ETHUSDT,160.1105682,69.5773258,2338.467329,2135.347596,1931.2476,762047.6152,1647.403563,2301.501,2955.598437,0.5684094308,35.38088129,22.96160326,12.98790925,-0.06847179113,123.3370621,0.5451630822,762047.6152,Bull Trend,False,True
2025-05-22 00:00:00+00:00,2551,2692.99,2544.83,2664.82,852555.6669,ETHUSDT,159.2569562,73.56844255,2369.548536,2156.111219,1948.6396,784142.0048,1706.011958,2342.632,2979.252042,0.543508363,35.31714264,24.89110357,12.12484373,-0.02690524009,123.785141,0.5547070735,784142.0048,Bull Trend,False,True
2025-05-23 00:00:00+00:00,2664.83,2734.23,2498.3,2526.5,971442.4532,ETHUSDT,164.7336021,62.78905853,2384.496294,2170.63627,1962.825,822026.5476,1781.122173,2377.281,2973.439827,0.50154679,34.70808603,22.34475949,12.90202302,-0.07741464305,124.3315595,0.5547070735,822026.5476,Bull Trend,False,True
2025-05-24 00:00:00+00:00,2526.49,2575.85,2515.08,2530.4,257544.2344,ETHUSDT,157.3076306,62.95387835,2398.391885,2184.744651,1977.0956,822991.0415,1874.59298,2413.358,2952.12302,0.4464857843,34.14253348,21.72818281,12.54600726,-0.07599050575,124.8391267,0.5547070735,822991.0415,Bull Trend,False,True
2025-05-25 00:00:00+00:00,2530.41,2554.26,2463,2551.22,359890.0299,ETHUSDT,152.5899427,63.87382277,2412.946944,2199.116234,1991.9998,823868.4926,1982.624545,2449.9095,2917.194455,0.3814711969,32.990992,20.79996494,14.44795407,-0.06838780354,125.3028796,0.5547070735,823868.4926,Bull Trend,False,True
2025-05-26 00:00:00+00:00,2551.22,2599,2525.86,2563.7,362971.1182,ETHUSDT,146.9149468,64.44379383,2427.304378,2213.413636,2011.6586,822787.8362,2119.475023,2487.2445,2855.013977,0.2957244271,32.2738567,22.23553343,13.93418579,-0.06383056418,125.7606739,0.5547070735,822787.8362,Bull Trend,False,True
2025-05-27 00:00:00+00:00,2563.7,2712.36,2509.46,2660.81,798430.8862,ETHUSDT,150.9138791,68.59575433,2449.543008,2230.958592,2033.814,839900.877,2323.26422,2529.7295,2736.19478,0.1632311121,32.38375281,25.4655735,12.59603078,-0.02836954537,126.2416853,0.5547070735,839900.877,Bull Trend,False,True
2025-05-28 00:00:00+00:00,2660.81,2689.14,2608.5,2681.6,560095.6833,ETHUSDT,145.8943163,69.41906506,2471.643674,2248.630804,2057.9778,794248.0269,2397.839423,2553.44,2709.040577,0.1218752562,32.4857992,24.46017653,12.0987315,-0.02077779806,126.6457673,0.5547070735,794248.0269,Bull Trend,False,True
2025-05-29 00:00:00+00:00,2681.61,2788,2619.05,2631.39,811567.2545,ETHUSDT,147.5411509,64.98780066,2486.85761,2263.640968,2077.2154,751474.3377,2441.580224,2567.7575,2693.934776,0.09827818677,33.17049846,27.24557531,11.10913801,-0.05617288379,127.1253077,0.5547070735,751474.3377,Bull Trend,False,True
2025-05-30 00:00:00+00:00,2631.39,2649.23,2507.35,2531.34,763045.2564,ETHUSDT,147.136783,57.15820967,2491.094028,2274.138969,2097.3972,740659.0925,2438.233309,2565.163,2692.092691,0.09896423006,32.46856807,25.36899191,15.76653197,-0.09205882353,127.6472738,0.5547070735,740659.0925,Bull Trend,False,True
2025-05-31 00:00:00+00:00,2531.35,2550.34,2475.33,2528.06,394537.2521,ETHUSDT,141.9848699,56.91611573,2494.614597,2284.096657,2116.6214,718806.7357,2439.850506,2565.8375,2691.824494,0.09820340874,31.47226353,24.41168262,16.78241105,-0.09323529412,128.0902781,0.5547070735,718806.7357,Bull Trend,False,True
2025-06-01 00:00:00+00:00,2528.06,2547.79,2468.56,2539.21,332021.7088,ETHUSDT,137.5023792,57.57396061,2498.861778,2294.101102,2134.522,681973.774,2445.529281,2568.0245,2690.519719,0.09540035055,30.47241281,23.40695319,16.44336735,-0.08923601148,128.3870677,0.5225275765,681973.774,Bull Trend,False,True
2025-06-02 00:00:00+00:00,2539.2,2615,2475,2607.41,468889.9737,ETHUSDT,137.6807807,61.45112774,2509.199704,2306.387725,2154.715,653850.4903,2451.412513,2564.4095,2677.406487,0.08812710056,30.05220098,25.19370872,15.24905633,-0.06477403156,128.71592,0.4740162871,653850.4903,Bull Trend,False,True
2025-06-03 00:00:00+00:00,2607.42,2655.38,2575,2593.36,454383.0439,ETHUSDT,133.5878678,60.22997126,2517.21497,2317.64154,2174.1068,635067.2869,2451.687455,2563.5905,2675.493545,0.08730180963,29.94660623,26.27000925,14.5936722,-0.06981348637,129.0253543,0.4139784906,635067.2869,Bull Trend,False,True
2025-06-04 00:00:00+00:00,2593.35,2679.88,2583.5,2607.68,502494.8214,ETHUSDT,130.9301629,61.07891283,2525.830687,2329.015597,2194.4848,621744.3263,2453.262177,2566.54,2679.817823,0.08827278947,30.01881168,26.22532704,13.8263394,-0.06467718795,129.3525433,0.338597812,621744.3263,Bull Trend,False,True
2025-06-05 00:00:00+00:00,2607.68,2640.86,2391.66,2414.01,808938.0344,ETHUSDT,139.3780084,46.59298162,2515.181098,2332.348711,2211.2222,631893.5434,2429.387259,2560.3845,2691.381741,0.1023262259,28.0316225,22.87608402,21.89200834,-0.1341427547,129.6202902,0.2294777696,631893.5434,Bull Trend,False,True
2025-06-06 00:00:00+00:00,2414.02,2531.36,2381.49,2476.1,578843.4974,ETHUSDT,140.1274364,50.63517179,2511.459089,2337.986016,2229.0718,636119.0544,2429.570414,2560.4355,2691.300586,0.1022209588,26.09598576,21.12847138,20.73797957,-0.1118723099,129.7759123,0.1425531841,636119.0544,Bull Trend,False,True
2025-06-07 00:00:00+00:00,2476.1,2544.36,2457,2524.63,264787.6743,ETHUSDT,136.3583338,53.59173427,2512.713461,2345.305388,2247.7924,608853.2788,2432.97689,2561.778,2690.57911,0.1005560278,24.41720547,20.84257379,19.78897272,-0.09446556671,129.8132638,0.1121007411,608853.2788,Range/Chop,False,True
2025-06-08 00:00:00+00:00,2524.64,2548.63,2490.58,2509.83,266474.7139,ETHUSDT,130.7648814,52.55791723,2512.438846,2351.757334,2265.7236,579089.6384,2430.86331,2560.8625,2690.86169,0.1015276607,22.89934282,20.41491888,19.16148344,-0.09977403156,129.5552093,0.1022735924,579089.6384,Range/Chop,False,True
2025-06-09 00:00:00+00:00,2509.84,2693.99,2477.73,2680.13,568726.3025,ETHUSDT,136.8716756,61.71083204,2528.409432,2364.634693,2287.579,573676.4948,2429.977889,2568.6595,2707.341111,0.1079797546,22.71879156,25.69675344,16.99894564,-0.03869081779,129.3363372,0.1022735924,573676.4948,Range/Chop,False,True
2025-06-10 00:00:00+00:00,2680.13,2827,2655.61,2816.4,1138405.478,ETHUSDT,139.3372702,67.16903426,2555.837105,2382.35098,2312.3156,575802.2542,2406.599474,2581.93,2757.260526,0.1358135397,23.39858785,30.25754397,15.5054219,-0.003749557835,129.2337536,0.1022735924,575802.2542,Range/Chop,False,True
2025-06-11 00:00:00+00:00,2816.41,2879.22,2743.75,2771.61,850210.9324,ETHUSDT,139.0610366,63.94255294,2576.386905,2397.61604,2332.6226,575685.0174,2396.355115,2587.2695,2778.183885,0.1475798212,24.31667529,30.83437727,14.42649202,-0.03737470565,129.1527117,0.1022735924,575685.0174,Range/Chop,False,True
2025-06-12 00:00:00+00:00,2771.6,2784.83,2616.24,2642.65,699593.3757,ETHUSDT,141.1702483,55.65339594,2582.697676,2407.225214,2349.5742,562092.5636,2402.845016,2593.077,2783.308984,0.1467229736,23.85701557,28.20413485,19.64756265,-0.08216461403,129.1737084,0.1022735924,562092.5636,Range/Chop,False,True
2025-06-13 00:00:00+00:00,2642.66,2645.45,2436.98,2579.19,1202176.297,ETHUSDT,145.9773734,52.07584022,2582.363611,2413.968932,2365.765,609324.1667,2407.321676,2595.5165,2783.711324,0.1450153166,22.30309435,25.32711559,26.41479175,-0.1042053056,129.3271697,0.1022735924,609324.1667,Range/Chop,False,True
2025-06-14 00:00:00+00:00,2579.19,2579.43,2488.72,2530.76,331438.9278,ETHUSDT,142.0297039,49.46264898,2577.448982,2418.548973,2380.6882,607901.6116,2405.127847,2594.4935,2783.859153,0.1459750449,20.86016749,24.17171209,25.20976929,-0.1210258334,129.4846933,0.1022735924,607901.6116,Range/Chop,False,True
2025-06-15 00:00:00+00:00,2530.77,2559.51,2492,2547.61,299701.6624,ETHUSDT,136.7068679,50.39531831,2574.607174,2423.61019,2395.2228,604738.1388,2403.671301,2593.689,2783.706699,0.1465231177,19.52030684,23.31908887,24.32053007,-0.1151735539,129.6213462,0.1022735924,604738.1388,Range/Chop,False,True
2025-06-16 00:00:00+00:00,2547.62,2680.34,2514.85,2544.17,680429.988,ETHUSDT,138.7628059,50.19166566,2571.708395,2428.338026,2410.2804,598838.0939,2399.283254,2587.857,2776.430746,0.1457373774,18.88668602,27.55237846,22.24874984,-0.116368322,129.88125,0.1022735924,598838.0939,Range/Chop,False,True
2025-06-17 00:00:00+00:00,2544.17,2618.6,2453.8,2509.95,715930.4081,ETHUSDT,140.6226055,48.10894082,2565.826643,2431.538495,2424.4818,606629.8301,2392.936714,2579.2745,2765.612286,0.1444885268,17.79540439,25.24598644,23.48732638,-0.1282534853,130.2865179,0.1022735924,606629.8301,Range/Chop,False,True
2025-06-18 00:00:00+00:00,2509.95,2548.42,2465.78,2525,504532.1818,ETHUSDT,136.4809908,49.10912817,2561.938392,2435.203652,2439.0256,591278.0765,2387.797751,2573.955,2760.112249,0.1446468562,16.78207144,24.15408749,22.47149017,-0.1230263752,130.7055047,0.1051529903,591278.0765,Range/Chop,False,True
2025-06-19 00:00:00+00:00,2525,2546.91,2485.03,2521.12,252646.059,ETHUSDT,131.1523486,48.84772367,2558.050926,2438.572921,2453.5758,565758.1166,2386.766265,2573.444,2760.121735,0.1450800835,15.84111942,23.34006419,21.71417253,-0.1243739624,131.104421,0.1218966472,565758.1166,Range/Chop,False,True
2025-06-20 00:00:00+00:00,2521.13,2569,2367.36,2406.49,632027.8235,ETHUSDT,136.1871808,41.77316337,2543.616552,2437.314767,2464.9434,577632.6452,2367.706866,2567.3655,2767.024134,0.1555358085,15.43490531,20.87167027,25.58938216,-0.1641868284,131.6021767,0.1401510332,577632.6452,Range/Chop,False,True
2025-06-21 00:00:00+00:00,2406.49,2448.8,2216,2295.73,496783.864,ETHUSDT,143.0880965,36.30227008,2520.008309,2431.762423,2474.014,585870.753,2323.093745,2555.1915,2787.289255,0.1816676008,16.05507828,18.44612916,30.17137049,-0.2026555803,132.054926,0.1445676915,585870.753,Range/Chop,False,True
2025-06-22 00:00:00+00:00,2295.72,2314.48,2111.89,2227.7,840155.8295,ETHUSDT,147.3382324,33.40815634,2492.169422,2423.759975,2481.8976,604434.0458,2265.40653,2536.206,2807.00547,0.2135469045,17.19051197,16.63445638,32.25529379,-0.2262835073,132.6094789,0.1448310864,604434.0458,Range/Chop,False,True
2025-06-23 00:00:00+00:00,2227.7,2438.68,2188,2411.66,744583.8003,ETHUSDT,154.7197873,45.95524526,2484.501858,2423.285467,2493.9536,618944.0836,2252.437128,2527.121,2801.804872,0.217388777,17.14116706,20.44321959,28.52239004,-0.1623912032,133.3277066,0.1450477001,618944.0836,Range/Chop,False,True
2025-06-24 00:00:00+00:00,2411.66,2482.04,2376.11,2448.45,516760.6621,ETHUSDT,151.2348025,48.06285912,2481.068348,2424.272311,2506.5188,619657.3756,2245.047183,2519.1595,2793.271817,0.2176220417,16.74443794,21.46832838,27.09538631,-0.149613437,134.0151204,0.1454087304,619657.3756,Range/Chop,False,True
2025-06-25 00:00:00+00:00,2448.46,2468.69,2389.69,2418.49,414894.7387,ETHUSDT,146.0751737,46.47343792,2475.108505,2424.045554,2518.5486,599955.2108,2245.60814,2519.3835,2793.15886,0.2173352012,16.37604662,20.6390108,26.04869651,-0.1600190329,134.6734094,0.1458562111,599955.2108,Range/Chop,False,True
2025-06-26 00:00:00+00:00,2418.5,2520.92,2394.32,2415.96,463704.0261,ETHUSDT,144.6840899,46.33409226,2469.475314,2423.728473,2530.6456,594198.2373,2239.462486,2516.3765,2793.290514,0.2200894932,15.59054048,21.92758235,24.4206347,-0.1608977431,135.3454278,0.1462490813,594198.2373,Range/Chop,False,True
2025-06-27 00:00:00+00:00,2415.96,2463.54,2382.53,2423.17,381474.766,ETHUSDT,140.1359406,46.82342965,2465.065284,2423.706572,2534.9612,600032.5918,2231.478025,2511.3035,2791.128975,0.2228527732,14.95132854,21.02215874,24.01321621,-0.1583935927,135.9667544,0.1466230457,600032.5918,Range/Chop,False,True
2025-06-28 00:00:00+00:00,2423.17,2447.8,2405.81,2435.62,155814.9859,ETHUSDT,133.1255163,47.71006852,2462.260972,2424.173766,2536.7728,594499.6054,2225.826449,2507.593,2789.359551,0.2247306887,14.3577746,20.54853458,23.47220425,-0.1540695049,136.51926,0.1471513974,594499.6054,Range/Chop,False,True
2025-06-29 00:00:00+00:00,2435.62,2525,2412,2500.09,284291.8057,ETHUSDT,131.6879794,52.15847495,2465.863736,2427.150873,2535.11,580277.8806,2228.173358,2498.591,2769.008642,0.216456108,13.55868681,23.4764597,22.03354432,-0.1316780239,137.0655152,0.1515578149,580277.8806,Range/Chop,False,True
2025-06-30 00:00:00+00:00,2500.09,2524.3,2431,2485.47,440455.714,ETHUSDT,128.9459809,51.09688883,2467.730999,2429.437897,2534.528,545380.3924,2254.306769,2482.0445,2709.782231,0.1835081776,12.81667672,22.26313119,20.89478967,-0.136755788,137.5878118,0.1686017047,545380.3924,Range/Chop,False,True
2025-07-01 00:00:00+00:00,2485.47,2500.8,2386.52,2405.01,351951.0868,ETHUSDT,127.8984108,45.59666048,2461.757571,2428.479941,2532.7188,520467.4001,2276.798086,2463.7145,2650.630914,0.1517354499,12.10157498,20.84223191,22.04533644,-0.1647008565,138.1398014,0.1686017047,520467.4001,Range/Chop,True,True
2025-07-02 00:00:00+00:00,2405.01,2619.28,2373,2570.41,634967.0337,ETHUSDT,136.3542386,56.0661535,2472.105421,2434.045825,2530.5328,517236.083,2284.720737,2460.1025,2635.484263,0.1425808587,12.08305598,24.35984226,19.20120805,-0.1072547426,138.8996013,0.1686017047,517236.083,Range/Chop,True,True
2025-07-03 00:00:00+00:00,2570.41,2635.5,2556.12,2591.25,504943.6592,ETHUSDT,132.2846501,57.18417787,2483.452524,2440.210695,2530.163,482374.4511,2283.61548,2460.7055,2637.79552,0.1439343476,12.19541187,24.19154486,18.37820364,-0.1000166712,139.6437369,0.1686017047,482374.4511,Range/Chop,True,True
2025-07-04 00:00:00+00:00,2591.26,2603.17,2474.24,2508.04,452593.02,ETHUSDT,132.0450323,51.54400172,2485.794188,2442.870668,2529.35,488432.1557,2284.006697,2459.5695,2635.132303,0.1427589689,11.4830783,22.5043413,21.52566786,-0.1289168594,140.4266605,0.1686017047,488432.1557,Range/Chop,True,True
2025-07-05 00:00:00+00:00,2508.04,2529.81,2487.95,2516.41,157198.0958,ETHUSDT,125.6032443,52.05625338,2488.70998,2445.754563,2528.9358,481306.9774,2285.068742,2458.0095,2630.950258,0.1407161025,10.82162569,21.96862281,21.01324681,-0.1260098221,141.1214704,0.1686017047,481306.9774,Range/Chop,True,True
2025-07-06 00:00:00+00:00,2516.42,2605,2503.5,2570.35,277593.6319,ETHUSDT,123.8815839,55.33335094,2496.48522,2450.640659,2530.8412,461165.1596,2283.417951,2459.3185,2635.219049,0.1430482056,10.88325347,25.01830058,19.78347532,-0.1072755816,141.8124964,0.1686017047,461165.1596,Range/Chop,True,True
2025-07-07 00:00:00+00:00,2570.35,2590.57,2512,2542.29,315707.5272,ETHUSDT,120.6450422,53.2926194,2500.84758,2454.23475,2531.7314,441154.0156,2282.624848,2460.9355,2639.246152,0.1449129017,10.94047927,23.85450409,18.86319143,-0.1170212766,142.0509252,0.1686017047,441154.0156,Range/Chop,True,True
2025-07-08 00:00:00+00:00,2542.3,2628.21,2523.59,2615.25,370915.7321,ETHUSDT,119.5003964,57.66465646,2511.743049,2460.549074,2533.4736,434473.1931,2276.62274,2465.448,2654.27326,0.1531772404,11.32916961,24.61262577,17.68359756,-0.09168108029,142.0320615,0.1686017047,434473.1931,Range/Chop,True,True
2025-07-09 00:00:00+00:00,2615.25,2795.74,2589.78,2768.74,686119.3772,ETHUSDT,125.6760823,65.07185221,2536.218949,2472.634993,2538.3646,456146.859,2248.004816,2477.829,2707.653184,0.185504475,12.90353588,31.25315717,15.61358569,-0.03837150339,141.9228309,0.1825878892,456146.859,Range/Chop,False,True
2025-07-10 00:00:00+00:00,2768.74,3000,2755.5,2951.29,951896.07,ETHUSDT,134.163505,71.46620634,2575.749525,2491.405777,2546.3706,472140.2713,2199.019497,2505.069,2811.118503,0.24434417,15.36767806,38.05967235,13.58113937,-0.01623666667,141.9069739,0.1845063263,472140.2713,Range/Chop,False,True
2025-07-11 00:00:00+00:00,2951.29,3040.15,2913.75,2958.22,906839.1689,ETHUSDT,133.608969,71.67817828,2612.175285,2509.712217,2552.2386,492643.0366,2189.507437,2538.1935,2886.879563,0.274751364,17.81614172,37.63426112,12.66339943,-0.02694932816,141.783952,0.1995256897,492643.0366,Range/Chop,False,True
2025-07-12 00:00:00+00:00,2958.21,2979.78,2903.85,2943.28,348884.8877,ETHUSDT,129.4890426,70.46288432,2643.709067,2526.714875,2560.5742,468079.4895,2213.418489,2573.9725,2934.526511,0.28015374,19.96994395,36.05797251,12.67910296,-0.03186355936,141.3753483,0.2009802915,468079.4895,Range/Chop,False,True
2025-07-13 00:00:00+00:00,2943.29,3020.31,2936.49,2972.03,357333.5016,ETHUSDT,126.2269681,71.46550467,2674.977727,2544.178214,2569.4068,448716.9745,2210.481186,2601.991,2993.500814,0.300930952,22.14485968,36.64117409,12.07771324,-0.02240678914,140.8829425,0.2009802915,448716.9745,Range/Chop,False,True
2025-07-14 00:00:00+00:00,2972.03,3083,2962.81,3013.62,815552.6496,ETHUSDT,125.7957561,72.89866527,2707.229372,2562.587695,2578.6548,463656.5739,2206.86022,2630.2495,3053.63878,0.3219384929,24.42194272,37.70020214,11.25346311,-0.02250405449,140.3652204,0.2009802915,463656.5739,Range/Chop,False,True
2025-07-15 00:00:00+00:00,3013.61,3144.14,2932.46,3137.89,863583.7377,ETHUSDT,131.930345,76.66930026,2748.24467,2585.14857,2590.1386,486091.0239,2200.757926,2666.2195,3131.681074,0.3491547296,26.76938542,36.68972369,9.963749496,-0.00198782497,139.9937284,0.2009802915,486091.0239,Bull Trend,False,True
2025-07-16 00:00:00+00:00,3137.9,3425,3101,3371.35,1135950.583,ETHUSDT,145.649606,81.7940073,2807.588035,2615.979999,2604.3494,519703.3517,2171.36333,2713.989,3256.61467,0.3998731534,29.74183838,44.63370552,8.380568892,-0.01566423358,139.9252716,0.2009802915,519703.3517,Bull Trend,False,True
2025-07-17 00:00:00+00:00,3371.35,3523.44,3310.77,3476.87,974065.8264,ETHUSDT,150.436777,83.55252776,2871.329174,2649.740391,2620.2548,549332.9047,2147.947787,2766.674,3385.400213,0.4472707756,32.70366107,44.80071913,7.534320853,-0.01321719683,139.8001213,0.2009802915,549332.9047,Bull Trend,False,True
2025-07-18 00:00:00+00:00,3476.88,3673.84,3458.68,3546.92,1163823.398,ETHUSDT,155.0598644,84.61493366,2935.671158,2684.923905,2638.5654,599733.3253,2136.447732,2822.239,3508.030268,0.485990923,35.7174176,47.28854964,6.787565729,-0.03454695904,139.7031722,0.2009802915,599733.3253,Bull Trend,False,True
2025-07-19 00:00:00+00:00,3546.92,3608.3,3506.79,3592.01,381791.9213,ETHUSDT,151.2348741,85.27429603,2998.179619,2720.495909,2659.7788,604608.3311,2131.086883,2876.835,3622.583117,0.518450392,38.51590581,45.02137572,6.462146741,-0.02227369728,139.5599099,0.2149243225,604608.3311,Bull Trend,False,True
2025-07-20 00:00:00+00:00,3592,3824.56,3579.13,3756.69,852356.5533,ETHUSDT,157.9630974,87.39848375,3070.418703,2761.130971,2684.3514,625203.3731,2125.426122,2940.396,3755.365878,0.5543266132,41.43016814,49.80386874,5.744978933,-0.0177458322,139.5241187,0.259547767,625203.3731,Bull Trend,False,True
2025-07-21 00:00:00+00:00,3756.69,3860,3701.01,3762.33,812074.0534,ETHUSDT,158.0364475,87.46517335,3136.315017,2800.393678,2708.8138,648209.5214,2157.650342,3008.262,3858.873658,0.5655170048,44.18078808,47.82678545,5.332147312,-0.02530310881,139.5037769,0.277452552,648209.5214,Bull Trend,False,True
2025-07-22 00:00:00+00:00,3762.32,3798.65,3616.54,3746.21,870127.3864,ETHUSDT,159.755987,86.06325198,3194.400253,2837.484514,2731.5898,659967.539,2183.714176,3067.052,3950.389824,0.5760175075,45.81221886,43.9325715,8.674728346,-0.02947927461,139.4208166,0.290542346,659967.539,Bull Trend,False,True
2025-07-23 00:00:00+00:00,3746.21,3764.2,3527,3628.29,800259.4025,ETHUSDT,165.2877022,76.4144952,3235.723086,2868.496494,2752.2884,674733.3262,2231.632169,3118.904,4006.175831,0.568963861,46.42346038,39.4292523,11.65496668,-0.06002849741,139.5538178,0.3114347225,674733.3262,Bull Trend,False,True
2025-07-24 00:00:00+00:00,3628.29,3771,3502.85,3706.94,749459.495,ETHUSDT,172.6350092,78.17225084,3280.600888,2901.376632,2774.2736,689576.65,2302.833023,3178.849,4054.864977,0.5511529343,46.75367016,35.05464136,11.36108517,-0.03965284974,139.8879022,0.3355466113,689576.65,Bull Trend,False,True
2025-07-25 00:00:00+00:00,3706.95,3747,3573.76,3724.96,764606.7261,ETHUSDT,172.6782228,78.56638983,3322.920803,2933.674019,2800.4926,719947.0815,2387.994866,3239.2765,4090.558134,0.5255998577,47.06029353,32.54259241,10.546939,-0.03498445596,140.3172902,0.3745139415,719947.0815,Bull Trend,False,True
2025-07-26 00:00:00+00:00,3724.97,3793,3697.66,3741.1,407259.7024,ETHUSDT,167.1540641,78.93330882,3362.747393,2965.337783,2825.7926,726430.385,2478.151449,3297.814,4117.476551,0.4970944697,47.50375455,33.18245944,10.11724765,-0.03080310881,140.5879599,0.4235719645,726430.385,Bull Trend,False,True
2025-07-27 00:00:00+00:00,3741.11,3879.82,3731,3872.1,457352.4605,ETHUSDT,165.8444881,81.67528978,3411.257165,3000.897085,2852.742,733512.6317,2585.869962,3364.3045,4142.739038,0.4627610478,48.19752266,34.79489357,9.468770613,-0.001989783031,140.9204628,0.4550159117,733512.6317,Bull Trend,False,True
2025-07-28 00:00:00+00:00,3872.11,3941,3754,3799,620994.7463,ETHUSDT,167.3555961,75.7503554,3448.185054,3032.195239,2878.5254,746016.5824,2704.101149,3423.492,4142.882851,0.4202672888,49.02584695,34.62901705,8.713040152,-0.0360314641,141.2507035,0.4550159117,746016.5824,Bull Trend,False,True
2025-07-29 00:00:00+00:00,3799,3886.44,3716.04,3793.79,584210.4393,ETHUSDT,167.5730535,75.33091416,3481.099811,3062.0617,2900.7986,740921.1355,2804.893766,3474.7445,4144.595234,0.3855539504,49.35330729,32.11378803,9.698238595,-0.03735346359,141.5913081,0.4550159117,740921.1355,Bull Trend,False,True
2025-07-30 00:00:00+00:00,3793.79,3834.03,3677.65,3810,525424.9003,ETHUSDT,166.7735497,75.78026526,3512.423639,3091.392614,2920.6706,719597.577,2878.1454,3517.68,4157.2146,0.3636115851,49.21363355,29.96290131,10.69291048,-0.03324029434,142.0044527,0.4550159117,719597.577,Bull Trend,False,True
2025-07-31 00:00:00+00:00,3810,3878.67,3684.33,3698.39,516088.4503,ETHUSDT,168.7425818,66.76302691,3530.134721,3115.196433,2939.2062,700060.0411,2965.232725,3554.6885,4144.144275,0.3316497496,49.2650499,29.38764206,9.813269598,-0.06156051764,142.5251228,0.4550159117,700060.0411,Bull Trend,False,True
2025-08-01 00:00:00+00:00,3698.39,3724.02,3431.75,3488.2,783869.1517,ETHUSDT,177.5659688,53.78346987,3526.140938,3129.824024,2956.1172,721809.2543,3061.733763,3581.9345,4102.135237,0.2904579839,46.88134717,25.93253738,18.81993256,-0.1148946968,143.1898759,0.4550159117,721809.2543,Bull Trend,False,True
2025-08-02 00:00:00+00:00,3488.21,3537.69,3368.29,3393.94,494195.7094,ETHUSDT,176.9826853,49.16712024,3513.550372,3140.181513,2972.4122,728652.3646,3154.142027,3603.03,4051.917973,0.2491724872,44.18881727,24.15957466,20.09443312,-0.1388124841,143.9131229,0.4550159117,728652.3646,Bull Trend,False,True
2025-08-03 00:00:00+00:00,3393.94,3521.79,3354.28,3496.74,296347.6758,ETHUSDT,176.306065,53.82226184,3511.949384,3154.164199,2991.7318,702692.116,3263.943593,3627.186,3990.428407,0.2002888229,41.58275506,22.51998665,19.29832628,-0.1127277341,144.6693879,0.4550159117,702692.116,Bull Trend,False,True
2025-08-04 00:00:00+00:00,3496.75,3736.73,3490.73,3720.99,463349.9861,ETHUSDT,181.2842032,61.99787113,3531.858014,3176.392662,3015.1994,682680.4284,3369.247438,3656.341,3943.434562,0.1570387236,40.37044183,28.80612387,17.42778734,-0.0558259325,145.3678245,0.4550159117,682680.4284,Bull Trend,False,True
2025-08-05 00:00:00+00:00,3720.99,3722.24,3546,3612,489070.9589,ETHUSDT,180.923903,56.73993629,3539.490585,3193.475302,3036.556,650336.4472,3411.482784,3668.3735,3925.264216,0.1400570121,39.2447224,26.80181188,16.21517285,-0.08348134991,146.0477656,0.4550159117,650336.4472,Bull Trend,False,True
2025-08-06 00:00:00+00:00,3612.01,3698.6,3564.19,3683.31,365309.9205,ETHUSDT,177.6014813,59.17925113,3553.187672,3212.684506,3060.0232,619898.6519,3437.290101,3678.6955,3920.100899,0.1312451108,38.1994115,25.35296959,15.33861912,-0.06538695762,146.7351514,0.4415141683,619898.6519,Bull Trend,False,True
2025-08-07 00:00:00+00:00,3683.31,3927.77,3647.63,3910.31,631678.9872,ETHUSDT,184.9256612,65.79182724,3587.199322,3240.042369,3087.7294,593291.4313,3443.46385,3696.865,3950.26615,0.1370897503,38.28473479,31.46145471,13.67889398,-0.007787363613,147.637831,0.4029106196,593291.4313,Bull Trend,False,True
2025-08-08 00:00:00+00:00,3910.3,4071,3880,4009.5,723300.0109,ETHUSDT,185.3595426,68.21476293,3627.418434,3270.217178,3117.497,610366.8358,3435.218035,3717.7395,4000.260965,0.1519856165,38.86871253,34.66521367,12.67209825,-0.01510685335,148.4459622,0.3745827677,610366.8358,Bull Trend,False,True
2025-08-09 00:00:00+00:00,4009.51,4326.2,4006.63,4260.62,691932.1048,ETHUSDT,194.9460038,73.3593937,3687.723345,3309.056504,3154.5796,602345.6134,3374.263594,3742.936,4111.608406,0.1969963718,40.1101448,39.95680262,11.1883092,-0.01515879987,149.3727744,0.3476306673,602345.6134,Bull Trend,False,True
2025-08-10 00:00:00+00:00,4260.63,4332.6,4153.07,4250.57,494843.8105,ETHUSDT,193.8448607,72.85119346,3741.327789,3345.978602,3193.6764,586484.1012,3337.233143,3767.348,4197.462857,0.228338267,41.27825804,37.54933809,10.44816019,-0.01893320408,150.2858381,0.3110538667,586484.1012,Bull Trend,False,True
2025-08-11 00:00:00+00:00,4250.58,4366.46,4166.77,4223.22,722664.04,ETHUSDT,194.2623706,71.401545,3787.222285,3380.380225,3233.5868,579110.9339,3317.703096,3791.1985,4264.693904,0.2497866594,42.44761897,36.03730814,9.681011722,-0.03280460602,151.1707068,0.2701223216,579110.9339,Bull Trend,False,True
2025-08-12 00:00:00+00:00,4223.22,4639.7,4219.04,4590.52,885288.0652,ETHUSDT,210.4336299,77.79259392,3863.726829,3427.836687,3277.164,583362.3671,3258.436375,3839.31,4420.183625,0.3025927185,44.11235559,40.16638266,8.298691119,-0.01059982326,152.2449778,0.2701223216,583362.3671,Bull Trend,False,True
2025-08-13 00:00:00+00:00,4590.52,4783.85,4564.33,4749.3,925931.4988,ETHUSDT,211.0826563,79.88527576,3948.067131,3479.658778,3323.181,592185.9672,3192.385068,3891.428,4590.470932,0.3592732191,45.8980582,42.06058839,7.682233665,-0.007222216416,153.3958603,0.2701223216,592185.9672,Bull Trend,False,True
2025-08-14 00:00:00+00:00,4749.31,4788,4451.33,4546.84,1265449.045,ETHUSDT,220.0531809,70.73250605,4005.093119,3521.509022,3365.748,617228.0832,3182.670806,3932.522,4682.373194,0.3813589314,46.63266844,37.46412213,10.51064813,-0.05036758563,154.7849655,0.2701223216,617228.0832,Bull Trend,False,True
2025-08-15 00:00:00+00:00,4546.84,4672.67,4368,4439.47,880409.2591,ETHUSDT,226.0972394,66.38834382,4046.462345,3557.507492,3406.2182,640885.561,3191.895282,3967.4405,4742.985718,0.3909549331,46.67621646,33.85815339,12.1315439,-0.07279239766,156.2405394,0.2701223216,640885.561,Bull Trend,False,True
2025-08-16 00:00:00+00:00,4439.47,4490.42,4372.54,4421.99,358676.5884,ETHUSDT,218.3674366,65.68109773,4082.226884,3591.408766,3446.1946,635951.7674,3196.216225,3994.935,4793.653775,0.3998657176,46.7166539,32.5526215,11.66376537,-0.07644319131,157.5362866,0.2701223216,635951.7674,Bull Trend,False,True
2025-08-17 00:00:00+00:00,4422,4576,4393.98,4472.33,442461.3829,ETHUSDT,215.7711911,66.77871666,4119.379562,3625.954697,3486.9288,627025.0993,3209.259666,4028.6015,4847.943334,0.4067624134,46.99473382,33.42417034,10.96095786,-0.06592940685,158.8577899,0.2701223216,627025.0993,Bull Trend,False,True
2025-08-18 00:00:00+00:00,4472.34,4481.88,4225.86,4312.99,823188.1269,ETHUSDT,218.646106,60.21405483,4137.818651,3652.897258,3523.1868,638973.9836,3233.724469,4054.5615,4875.398531,0.4048955876,45.97309489,30.62863655,15.53644543,-0.09920843776,160.3160192,0.2701223216,638973.9836,Bull Trend,False,True
2025-08-19 00:00:00+00:00,4312.99,4355,4067.34,4075.59,831222.7951,ETHUSDT,223.5756699,52.01043769,4131.892113,3669.473444,3554.9892,654263.8784,3254.702374,4067.841,4880.979626,0.3997887949,44.00285281,27.81379104,19.17304932,-0.1487907268,161.772494,0.2701223216,654263.8784,Bull Trend,False,True
2025-08-20 00:00:00+00:00,4075.58,4378,4060,4336.16,728324.8933,ETHUSDT,230.3202649,58.66677318,4151.346197,3695.618015,3593.6122,664875.7005,3297.091893,4099.7295,4902.367107,0.391556373,42.2698912,25.78407523,17.28219477,-0.09436925647,163.2263635,0.2701223216,664875.7005,Bull Trend,False,True
2025-08-21 00:00:00+00:00,4336.16,4340.26,4204.2,4225.3,433836.3992,ETHUSDT,223.5873888,55.16121346,4158.389417,3716.389857,3626.71,647374.0629,3383.488299,4136.5845,4889.680701,0.3641149846,40.66071257,24.66333055,16.53099747,-0.1175229741,164.4971828,0.2761896889,647374.0629,Bull Trend,False,True
2025-08-22 00:00:00+00:00,4225.3,4887.59,4207.39,4832.07,1277976.635,ETHUSDT,256.2025753,66.8403158,4222.549472,3760.14202,3671.5264,686563.1092,3478.485826,4208.491,4938.496174,0.3469201545,40.9649001,35.24563818,13.39609409,-0.01135938162,166.1885626,0.3247564365,686563.1092,Bull Trend,False,True
2025-08-23 00:00:00+00:00,4832.07,4832.07,4659.7,4778.4,512442.0888,ETHUSDT,250.2145342,65.2220777,4275.487618,3800.073705,3716.9336,697367.8298,3579.665357,4272.574,4965.482643,0.324351851,41.24735994,33.51132913,12.73692125,-0.02234025358,167.8382248,0.3356360027,697367.8298,Bull Trend,False,True
2025-08-24 00:00:00+00:00,4778.4,4956.78,4711,4780.15,780668.7784,ETHUSDT,249.8977818,65.251619,4323.550702,3838.50807,3762.2084,713233.7694,3647.60731,4325.532,5003.45669,0.3134526296,41.81082898,34.7217056,11.84213239,-0.03563402047,169.5686016,0.3356360027,713233.7694,Bull Trend,False,True
2025-08-25 00:00:00+00:00,4780.15,4797.97,4334.13,4376.18,1043917.166,ETHUSDT,265.1793688,53.87509031,4328.563016,3859.593244,3798.325,740976.0798,3770.083156,4363.741,4957.398844,0.272086654,40.20942933,30.38358641,20.51392997,-0.1171324933,171.5768562,0.3356360027,740976.0798,Bull Trend,False,True
2025-08-26 00:00:00+00:00,4376.17,4633.46,4311.04,4600.63,834750.2767,ETHUSDT,269.2679853,58.23235227,4354.474157,3888.653509,3839.4918,764448.0976,3897.121989,4409.607,4922.092011,0.2324402201,38.61164827,27.78493364,19.3719181,-0.07185108074,173.729057,0.3356360027,764448.0976,Bull Trend,False,True
2025-08-27 00:00:00+00:00,4600.63,4663.93,4481.53,4506.71,606669.3611,ETHUSDT,263.0631292,55.8546334,4368.972809,3912.891018,3877.321,763197.6163,3979.959638,4439.427,4898.894362,0.2069939934,37.2343563,27.23618652,18.41249661,-0.09079886539,175.8946839,0.3356360027,763197.6163,Bull Trend,False,True
2025-08-28 00:00:00+00:00,4506.71,4633.97,4430,4511.21,485243.4027,ETHUSDT,258.8421914,55.94744588,4382.519208,3936.354507,3912.1704,751294.7859,4048.993256,4464.5125,4880.031744,0.1861431651,35.68308154,25.70316062,18.79811576,-0.08989101796,178.0139207,0.3356360027,751294.7859,Bull Trend,False,True
2025-08-29 00:00:00+00:00,4511.2,4516.75,4265,4360.18,679063.8777,ETHUSDT,258.3356063,51.99624911,4380.391664,3952.975115,3940.3482,750651.3745,4061.544739,4469.4905,4877.436261,0.1825468745,33.42367101,23.91402317,22.05179433,-0.1203603953,180.1704145,0.3356360027,750651.3745,Bull Trend,False,True
2025-08-30 00:00:00+00:00,4360.18,4415.61,4257.2,4373.7,340319.1826,ETHUSDT,251.198063,52.32086881,4379.754363,3969.47413,3968.6578,742925.1431,4077.503734,4475.647,4873.790266,0.1779154015,31.28828214,22.83683664,21.28028453,-0.1176328181,182.2254087,0.3356360027,742925.1431,Bull Trend,False,True
2025-08-31 00:00:00+00:00,4373.7,4498.47,4372.63,4391.83,356586.1861,ETHUSDT,242.2439157,52.781988,4380.904424,3986.037105,3997.6288,724621.2504,4100.808734,4484.0775,4867.346266,0.1709465397,29.68019032,24.43269346,20.49066982,-0.1139752016,183.9902366,0.3356360027,724621.2504,Bull Trend,False,True
2025-09-01 00:00:00+00:00,4391.83,4491.84,4210.61,4314.5,513830.0395,ETHUSDT,245.028636,50.53692482,4374.580193,3998.918003,4024.4782,706048.3492,4083.471147,4470.2765,4857.081853,0.1730565674,27.73177443,22.42966041,23.53387358,-0.1295760554,185.8693031,0.3356360027,706048.3492,Range/Chop,False,True
2025-09-02 00:00:00+00:00,4314.5,4416.78,4257.85,4326.5,524605.0512,ETHUSDT,238.8787334,50.88603758,4370.001127,4011.764356,4050.7358,685982.0268,4079.820515,4449.1365,4818.452485,0.166016927,25.92253111,21.36374422,22.41548229,-0.1271551289,187.6498648,0.3189022403,685982.0268,Range/Chop,False,True
2025-09-03 00:00:00+00:00,4326.49,4490.64,4283.23,4450.46,487091.6861,ETHUSDT,236.6309667,54.46162299,4377.663877,4028.968107,4076.9872,647064.1588,4077.72159,4444.3175,4810.91341,0.1649728714,24.27622459,22.25571352,21.01209298,-0.1021469583,189.5003268,0.2927696418,647064.1588,Range/Chop,False,True
2025-09-04 00:00:00+00:00,4450.46,4482.05,4265.33,4297.55,471795.7096,ETHUSDT,235.2087548,49.65899333,4370.033984,4039.50073,4095.5112,626633.4814,4065.072889,4437.2215,4809.370111,0.1677394787,22.65000117,20.79097873,20.17279575,-0.1329956141,191.3557796,0.252263437,626633.4814,Range/Chop,False,True
2025-09-05 00:00:00+00:00,4297.56,4490,4256.03,4307.45,624169.8754,ETHUSDT,235.1202723,49.96662589,4364.073604,4050.008545,4112.1228,639908.1457,4055.083657,4431.4945,4807.905343,0.1698798648,21.08649854,19.31317419,19.02146128,-0.1309983497,193.2637001,0.2197171067,639908.1457,Range/Chop,False,True
2025-09-06 00:00:00+00:00,4307.46,4329.3,4236,4273.14,191166.0686,ETHUSDT,224.9902529,48.85241688,4355.413261,4058.758798,4126.6472,627343.38,4039.474693,4421.535,4803.595307,0.17281795,19.64693032,18.74111158,19.09393987,-0.1379201821,195.0218644,0.1965685792,627343.38,Range/Chop,True,True
2025-09-07 00:00:00+00:00,4273.15,4336.02,4270.81,4306.19,169620.8372,ETHUSDT,213.5773777,50.00883615,4350.725331,4068.461982,4140.9308,594665.0155,4038.73702,4421.195,4803.65298,0.1730111338,18.26667312,18.55713414,18.67752478,-0.131252547,196.486886,0.1843450198,594665.0155,Range/Chop,True,True
2025-09-08 00:00:00+00:00,4306.19,4384.06,4279,4306.37,372882.4355,ETHUSDT,205.8261364,50.01546459,4346.501014,4077.791708,4151.9244,571747.9975,4079.90273,4432.734,4785.56527,0.1591935226,17.2570192,19.54770231,17.99655449,-0.1312162331,197.6812632,0.180231138,571747.9975,Range/Chop,True,True
2025-09-09 00:00:00+00:00,4306.36,4381.87,4276.76,4310.09,405485.7821,ETHUSDT,198.6321267,50.16253639,4343.033299,4086.901445,4162.8796,555606.042,4076.99276,4431.4305,4785.86824,0.1599653835,16.30293534,18.80884219,17.39687527,-0.1304657459,198.7649825,0.1754859845,555606.042,Range/Chop,True,True
2025-09-10 00:00:00+00:00,4310.08,4453.57,4285.1,4349.32,506633.9098,ETHUSDT,196.477689,51.77405213,4343.632032,4097.192369,4174.9418,559245.9175,4093.650727,4437.6315,4781.612273,0.1550289936,15.90593832,20.26348731,16.33137749,-0.1225513337,199.8814599,0.1730338506,559245.9175,Range/Chop,True,True
2025-09-11 00:00:00+00:00,4349.33,4481.09,4338.82,4458.82,441259.6649,ETHUSDT,192.6057113,56.04628308,4354.602315,4111.373845,4191.5524,517410.069,4125.876761,4418.969,4712.061239,0.1326518649,15.71963502,20.21494761,15.4697115,-0.1004603795,200.9877723,0.1729145419,517410.069,Range/Chop,True,True
2025-09-12 00:00:00+00:00,4458.83,4748.4,4450.71,4712.16,510777.5402,ETHUSDT,200.1117319,63.99371169,4388.655428,4134.934086,4211.6568,517326.8416,4137.784282,4415.657,4693.529718,0.1258579268,16.97276237,27.60839299,13.82592324,-0.04935058647,202.2263719,0.1718822448,517326.8416,Range/Chop,True,True
2025-09-13 00:00:00+00:00,4712.16,4769.36,4605,4666.53,394393.6869,ETHUSDT,197.5580367,61.82536316,4415.119673,4155.780985,4230.4882,498013.087,4158.777721,4409.976,4661.174279,0.1139227418,18.22730643,26.72557268,13.00430979,-0.05855615944,203.3201668,0.1704132023,498013.087,Range/Chop,True,True
2025-09-14 00:00:00+00:00,4666.54,4692.36,4576.89,4604.49,278244.3205,ETHUSDT,191.6946056,58.90299343,4433.154942,4173.377417,4247.756,459729.4447,4156.971331,4421.3915,4685.811669,0.1196094801,19.13459938,25.57567749,13.49221098,-0.07107234939,204.0875834,0.1688096718,459729.4447,Range/Chop,True,True
2025-09-15 00:00:00+00:00,4604.48,4670.28,4466,4523.74,412291.9687,ETHUSDT,192.5935623,55.24283514,4441.78209,4187.117126,4260.7888,438606.5293,4161.561336,4417.547,4673.532664,0.1158949364,19.02081108,23.63799241,16.58266109,-0.08736316722,204.7901965,0.1668782028,438606.5293,Range/Chop,True,True
2025-09-16 00:00:00+00:00,4523.74,4538.25,4424,4501.29,293307.1099,ETHUSDT,186.9975936,54.2338348,4447.44951,4199.437631,4274.8346,422938.4168,4161.657267,4417.276,4672.894733,0.1157359117,18.57900087,22.60641281,17.46328012,-0.09189231719,205.322492,0.1654948992,422938.4168,Range/Chop,True,True
2025-09-17 00:00:00+00:00,4501.3,4616.77,4412,4590.53,476981.4561,ETHUSDT,188.2670512,57.5527263,4461.076224,4214.774586,4290.7694,422525.3194,4157.58182,4421.242,4684.90218,0.1192697344,18.6331868,23.82917622,16.10656147,-0.07388869387,205.939695,0.1624691275,422525.3194,Range/Chop,True,True
2025-09-18 00:00:00+00:00,4590.54,4644.47,4553.7,4587.66,290660.377,ETHUSDT,181.3029761,57.40853734,4473.131821,4229.397544,4306.3226,403105.1444,4160.968259,4432.616,4704.263741,0.1225676852,18.84228629,24.06832826,15.53057511,-0.07446769879,206.3286929,0.1595794531,403105.1444,Range/Chop,True,True
2025-09-19 00:00:00+00:00,4587.66,4620.72,4435.7,4468.59,331611.1482,ETHUSDT,181.5684778,51.62933616,4472.699267,4238.77764,4321.7266,402669.7427,4166.681611,4437.3605,4708.039389,0.1219999542,18.06188461,22.3164815,19.0422502,-0.09848934187,206.7208934,0.1571112581,402669.7427,Range/Chop,True,True
2025-09-20 00:00:00+00:00,4468.59,4508.71,4454.45,4480.42,130781.913,ETHUSDT,172.4750151,52.14478748,4473.434575,4248.253811,4341.571,391379.529,4171.337051,4441.79,4712.242949,0.1217765583,17.33722591,21.81500419,18.61434868,-0.09610271184,206.9328772,0.1438404293,391379.529,Range/Chop,True,True
2025-09-21 00:00:00+00:00,4480.41,4498.16,4443,4444.97,149349.8262,ETHUSDT,164.0953712,50.4111882,4470.723663,4255.968171,4362.5916,373155.5184,4184.237664,4448.3135,4712.389336,0.1187307668,16.56817874,21.29121662,18.66581375,-0.1032545322,206.9130051,0.1292548958,373155.5184,Range/Chop,True,True
2025-09-22 00:00:00+00:00,4444.98,4455.76,4077,4199.08,708243.2348,ETHUSDT,179.4285589,40.38257029,4444.852838,4253.737263,4376.6384,382337.4275,4160.820728,4441.9425,4723.064272,0.1265760517,17.20210403,18.08092133,30.42144211,-0.1528613334,207.0262309,0.1262169892,382337.4275,Range/Chop,False,True
2025-09-23 00:00:00+00:00,4199.09,4229.03,4114.39,4164.26,315227.9057,ETHUSDT,174.8008047,39.19351792,4418.12971,4250.22835,4385.5038,373744.2385,4121.662974,4427.6325,4733.602026,0.1382090884,17.79074895,17.2339177,28.99634483,-0.132078775,207.0616073,0.1262169892,373744.2385,Range/Chop,False,True
2025-09-24 00:00:00+00:00,4164.25,4206.9,4073.74,4152.81,353665.5671,ETHUSDT,171.8264615,38.78905601,4392.861167,4246.408023,4396.32,367837.7314,4096.159407,4420.3955,4744.631593,0.1467000376,18.53573757,16.27993671,29.08108428,-0.12927311,207.1394805,0.1262169892,367837.7314,Range/Chop,False,True
2025-09-25 00:00:00+00:00,4152.81,4161.04,3815,3874.36,930327.6951,ETHUSDT,184.2702857,30.53619203,4343.480103,4231.817904,4400.141,383145.6224,3998.324978,4398.741,4799.157022,0.1820593766,20.27043522,14.09622315,35.2098073,-0.1876562054,207.4465772,0.1262169892,383145.6224,Range/Chop,False,True
2025-09-26 00:00:00+00:00,3874.35,4068.3,3867.65,4032.24,575711.0859,ETHUSDT,185.4402653,38.52299152,4313.838189,4223.99132,4402.5796,402372.8732,3958.371197,4386.696,4815.020803,0.1952835588,21.8812259,13.00676675,32.48854293,-0.1545532315,207.7479883,0.1262169892,402372.8732,Range/Chop,False,True
2025-09-27 00:00:00+00:00,4032.24,4039.01,3972.98,4018.38,172693.2638,ETHUSDT,176.9109606,38.10874428,4285.699313,4215.928131,4402.7572,402526.4946,3915.721572,4372.3055,4828.889428,0.2088527106,23.3769601,12.66000765,31.62240161,-0.1574592817,207.9036201,0.1262169892,402526.4946,Range/Chop,False,True
2025-09-28 00:00:00+00:00,4018.39,4144.88,3966,4142.16,240331.8589,ETHUSDT,177.0516063,43.90969719,4272.028903,4213.035263,4400.388,395898.9657,3897.272629,4364.095,4830.917371,0.2139377676,23.80522216,16.01753471,29.34033283,-0.131506114,208.0749211,0.1262169892,395898.9657,Range/Chop,False,True
2025-09-29 00:00:00+00:00,4142.16,4235.86,4082.25,4215.07,380728.6784,ETHUSDT,175.3772059,47.05741979,4266.604245,4213.115057,4399.678,394661.1106,3888.503029,4359.344,4830.184971,0.2160145981,23.46213604,18.72091034,27.50471046,-0.1162189476,208.1854981,0.1262169892,394661.1106,Range/Chop,False,True
2025-09-30 00:00:00+00:00,4215.07,4245,4092.1,4145.15,391126.6172,ETHUSDT,173.7716911,44.47951027,4255.037174,4210.44976,4398.1166,388885.7459,3869.104164,4349.1355,4829.166836,0.2207479332,23.07047196,17.9200125,25.77605875,-0.1308791955,208.1222602,0.1262169892,388885.7459,Range/Chop,False,True
2025-10-01 00:00:00+00:00,4145.15,4355.46,4123.08,4348.03,507026.3822,ETHUSDT,177.9579989,52.59454492,4263.893634,4215.845064,4393.2668,392174.0818,3866.205755,4343.596,4820.986245,0.2198133737,21.85867894,20.68220019,23.37186363,-0.08834099334,208.1385154,0.1262169892,392174.0818,Range/Chop,False,True
2025-10-02 00:00:00+00:00,4348.03,4516.74,4332.73,4484.35,526411.1571,ETHUSDT,178.3902847,57.12881706,4284.889478,4226.374669,4387.9678,392955.7626,3880.346091,4332.2055,4784.064909,0.2086047899,20.89672773,25.61611251,21.64985416,-0.05975854203,208.1732524,0.13239257,392955.7626,Range/Chop,False,True
2025-10-03 00:00:00+00:00,4484.35,4591.59,4428,4512.87,485684.0267,ETHUSDT,177.3331215,58.03321505,4306.601909,4237.60978,4387.2884,397520.2796,3890.801196,4324.5225,4758.243804,0.2005869107,20.42175061,26.94309858,20.22328171,-0.05377870406,208.107401,0.142454563,397520.2796,Range/Chop,False,True
2025-10-04 00:00:00+00:00,4512.88,4517.93,4440,4487.15,199732.7088,ETHUSDT,170.2328986,56.8680996,4323.796965,4247.395671,4388.242,393594.699,3897.241614,4318.6555,4740.069386,0.1951597604,19.98070043,26.06208889,19.56200264,-0.05917146116,207.9292176,0.1643797071,393594.699,Range/Chop,False,True
2025-10-05 00:00:00+00:00,4487.16,4618.17,4467.05,4514.32,506587.9614,ETHUSDT,168.8676915,57.83123332,4341.942016,4257.863292,4390.0886,398309.4987,3897.66843,4318.1845,4738.70057,0.1947652167,20.12434197,28.63616545,18.31156898,-0.05347468004,207.7836545,0.1884122966,398309.4987,Range/Chop,False,True
2025-10-06 00:00:00+00:00,4514.32,4735.93,4488.25,4684.01,456200.6528,ETHUSDT,174.4971421,63.33754546,4374.519919,4274.574927,4394.3222,406454.1758,3883.969585,4327.3205,4770.671415,0.2049078244,20.82909635,30.55326379,16.4550468,-0.01789548283,207.6098458,0.1949624885,406454.1758,Range/Chop,False,True
2025-10-07 00:00:00+00:00,4684.02,4755,4430.43,4447.7,640685.9319,ETHUSDT,185.216632,52.96531773,4381.489451,4281.364146,4397.0164,414639.3996,3889.599825,4320.179,4750.758175,0.1993339513,21.00595457,26.72891084,16.62518944,-0.06744301122,207.607464,0.1952216596,414639.3996,Range/Chop,False,True
2025-10-08 00:00:00+00:00,4447.7,4558,4410.08,4525.72,399904.3287,ETHUSDT,182.5525868,55.55328631,4395.225694,4290.946729,4406.019,420101.5972,3893.407285,4317.082,4740.756715,0.19627828,21.00176572,25.18190435,16.45921065,-0.05108442223,207.400907,0.1957809194,420101.5972,Range/Chop,False,True
2025-10-09 00:00:00+00:00,4525.72,4531.52,4265.06,4368.09,515978.1829,ETHUSDT,188.5459735,49.61365338,4392.641342,4293.971955,4406.6576,429319.9489,3893.334312,4312.057,4730.779688,0.1942101825,19.89233689,22.63990582,20.29165175,-0.08413497828,207.3125922,0.1957809194,429319.9489,Range/Chop,True,True
2025-10-10 00:00:00+00:00,4368.09,4393.63,3435,3829.72,1493971.024,ETHUSDT,243.5519754,35.60983496,4339.029785,4275.765996,4398.746,497479.4045,3819.136117,4279.522,4739.907883,0.2151576195,21.40282261,16.27479543,38.93062245,-0.1970159518,208.1340856,0.1978061156,497479.4045,Range/Chop,False,True
2025-10-11 00:00:00+00:00,3829.72,3878.3,3643.33,3746.79,789885.6582,ETHUSDT,242.9389771,34.01704908,4282.625996,4255.021839,4377.0404,529506.1961,3736.315177,4244.613,4752.910823,0.239502552,22.80541648,15.15044233,36.24107922,-0.2144040291,208.6758414,0.199960431,529506.1961,Range/Chop,False,True
2025-10-12 00:00:00+00:00,3746.8,4197.7,3694.74,4152.29,811308.152,ETHUSDT,261.5119073,46.59554703,4270.213044,4250.99314,4364.5182,534659.4419,3732.729743,4242.2735,4751.817257,0.240222021,22.45130555,21.79311542,31.26238945,-0.1293821393,209.5163289,0.2027473675,534659.4419,Range/Chop,False,True
2025-10-13 00:00:00+00:00,4152.29,4292,4042.29,4240.85,622813.9247,ETHUSDT,260.668914,48.88724698,4267.416564,4250.595369,4353.7322,550038.7429,3737.812371,4246.103,4754.393629,0.2394151199,21.70426493,22.88591961,29.12324149,-0.108128286,210.1932578,0.2067563072,550038.7429,Range/Chop,False,True
2025-10-14 00:00:00+00:00,4240.86,4263.38,3888.74,4125.02,962996.7658,ETHUSDT,268.8097058,46.10076313,4253.854986,4245.670845,4348.709,580505.3028,3735.259731,4244.7135,4754.167269,0.2400415336,21.51437351,20.60762685,30.30418014,-0.1324879075,210.9051323,0.2087287503,580505.3028,Range/Chop,False,True
2025-10-15 00:00:00+00:00,4125.01,4217.6,3926.74,3985.61,626081.6966,ETHUSDT,270.3847268,42.92921402,4228.307845,4235.472381,4336.4086,565293.0029,3754.883268,4250.276,4745.668732,0.2331108531,21.33804576,19.0241862,27.97567958,-0.1618065195,211.7720871,0.2113952391,565293.0029,Range/Chop,False,True
2025-10-16 00:00:00+00:00,3985.61,4086.49,3826.04,3894.51,643804.6163,ETHUSDT,269.6751035,40.94680842,4196.517574,4222.101307,4324.1646,568697.6794,3732.47834,4243.3895,4754.30066,0.2408033295,21.5065299,17.71180028,28.71300445,-0.1809652997,212.6704856,0.2145476935,568697.6794,Range/Chop,False,True
2025-10-17 00:00:00+00:00,3894.5,3950.45,3674.5,3831.57,830127.0885,ETHUSDT,270.1233104,39.58667458,4161.760662,4206.786354,4310.5718,601569.3707,3700.687548,4234.049,4767.410452,0.2519391968,22.12722099,16.41938226,30.62500065,-0.1942018927,213.5284391,0.2155861088,601569.3707,Range/Chop,False,True
2025-10-18 00:00:00+00:00,3831.58,3927.73,3819.07,3889.21,250710.6121,ETHUSDT,258.5902168,41.50303349,4135.803456,4194.332379,4301.1524,602088.3083,3668.293309,4221.4015,4774.509691,0.2620495545,22.70357701,15.92656446,29.70580983,-0.1820799159,214.1120148,0.2179139859,602088.3083,Range/Chop,False,True
2025-10-19 00:00:00+00:00,3889.2,4030.94,3827.04,3982.58,408538.2545,ETHUSDT,254.6837727,44.57032138,4121.210746,4186.028364,4293.33,603478.7871,3646.938409,4209.777,4772.615591,0.2673959171,22.65251221,17.91041779,28.00706045,-0.1624437434,214.5180733,0.2202806534,603478.7871,Range/Chop,False,True
2025-10-20 00:00:00+00:00,3982.58,4085.3,3908.73,3979.22,511382.3301,ETHUSDT,249.1042175,44.47993522,4107.687818,4177.918232,4285.0778,609491.5728,3630.246811,4201.4805,4772.714189,0.2719201907,22.3042861,18.56234158,26.58906339,-0.163150368,214.9433538,0.2264621134,609491.5728,Range/Chop,False,True
2025-10-21 00:00:00+00:00,3979.22,4110,3840.24,3873.05,590594.1382,ETHUSDT,250.5796306,41.60858389,4085.341359,4165.962615,4276.2488,613669.9606,3593.497099,4177.7315,4761.965901,0.2796897795,22.24372638,17.13497175,26.49680137,-0.1854784437,214.849638,0.2362629865,613669.9606,Range/Chop,False,True
2025-10-22 00:00:00+00:00,3873.04,3889.27,3710,3805.53,593130.0905,ETHUSDT,245.4860855,39.84688428,4058.692658,4151.828003,4265.8294,617005.9072,3555.891121,4143.7905,4731.689879,0.2837495665,22.65842436,16.24118051,28.90424606,-0.1996782334,214.7708306,0.2394588359,617005.9072,Range/Chop,False,True
2025-10-23 00:00:00+00:00,3805.53,3934.86,3796.54,3856.8,477231.0181,ETHUSDT,237.8313651,41.85986908,4039.464786,4140.258277,4253.9562,616583.2568,3536.052069,4110.987,4685.921931,0.2797065189,22.76295397,16.9357062,27.70350473,-0.1888958991,214.5697236,0.2397720428,616583.2568,Range/Chop,False,True
2025-10-24 00:00:00+00:00,3856.8,4026.39,3845.86,3934.88,425926.9383,ETHUSDT,233.7384105,44.88479646,4029.50433,4132.204227,4246.7028,627892.9683,3530.740558,4083.3735,4636.006442,0.2706746967,22.30861597,18.79847143,26.17514363,-0.1724752892,214.0457076,0.2401317773,627892.9683,Range/Chop,False,True
2025-10-25 00:00:00+00:00,3934.88,3969.22,3912.4,3953.82,138526.3338,ETHUSDT,221.1013812,45.62384388,4022.296299,4125.208767,4239.6302,609489.8869,3537.202371,4055.3485,4573.494629,0.2555371646,21.88673069,18.45340375,25.69466861,-0.1684921136,213.2429309,0.2405126752,609489.8869,Range/Chop,False,True
2025-10-26 00:00:00+00:00,3953.81,4178.78,3919.03,4158.46,344698.0918,ETHUSDT,223.8619968,52.96284818,4035.26427,4126.512737,4237.3366,603914.7589,3594.563552,4029.071,4463.578448,0.215686171,20.33026756,23.61051222,23.5651072,-0.1254553102,212.5895787,0.2405126752,603914.7589,Range/Chop,False,True
2025-10-27 00:00:00+00:00,4158.46,4253.72,4095,4120.15,487131.2291,ETHUSDT,219.208997,51.55988307,4043.348625,4126.263218,4233.6158,596237.0237,3619.841287,4012.6935,4405.545713,0.1958047448,19.25433587,24.83131049,22.3463571,-0.1335120925,211.9290255,0.2405126752,596237.0237,Range/Chop,True,True
2025-10-28 00:00:00+00:00,4120.16,4175.55,3931.33,3979.2,472965.8377,ETHUSDT,220.9954972,46.66232572,4037.239233,4120.496033,4227.0724,599890.0992,3670.834282,3985.3675,4299.900718,0.1578440223,18.31882204,22.8712503,25.87247053,-0.1631545741,211.3066903,0.2405126752,599890.0992,Range/Chop,True,True
2025-10-29 00:00:00+00:00,3979.19,4036.66,3840.37,3902.99,486452.3127,ETHUSDT,219.2308189,44.21672398,4024.453591,4111.966385,4218.9304,598413.8056,3699.75802,3962.1125,4224.46698,0.1324316159,17.85896499,21.4085396,27.18142778,-0.1791819138,210.7739029,0.2405126752,598413.8056,Range/Chop,True,True
2025-10-30 00:00:00+00:00,3903,3948.74,3680,3805.09,531455.9923,ETHUSDT,222.7671889,41.22747876,4003.561821,4099.932017,4208.0458,550288.0541,3695.834843,3960.881,4225.927157,0.1338319212,18.08521359,19.56377866,29.98136022,-0.1997707676,210.4492908,0.2405126752,550288.0541,Range/Chop,True,True
2025-10-31 00:00:00+00:00,3804.95,3906.09,3796.36,3847.99,478636.2995,ETHUSDT,214.693104,43.04454026,3988.745457,4090.051938,4195.8292,534725.5861,3713.89153,3965.941,4217.99047,0.1271070194,18.29530157,18.84955869,28.88682288,-0.1907486856,209.9436986,0.2405126752,534725.5861,Range/Chop,True,True
2025-11-01 00:00:00+00:00,3848,3909.39,3831,3873.77,152998.1626,ETHUSDT,204.957168,44.16175679,3977.795413,4081.570293,4179.0614,501810.0867,3712.208599,3952.015,4191.821401,0.1213590541,18.46902427,18.4496086,28.09765519,-0.1853270242,209.3783392,0.2404224315,501810.0867,Range/Chop,True,True
2025-11-02 00:00:00+00:00,3873.78,3918.23,3839.12,3906.58,216083.1542,ETHUSDT,195.9680846,45.62366442,3971.012993,4074.707929,4163.8624,481473.5481,3735.00801,3935.3015,4135.59499,0.1017932119,18.56930798,18.23982644,27.28746295,-0.178426919,208.7006245,0.2404224315,481473.5481,Range/Chop,True,True
2025-11-03 00:00:00+00:00,3906.58,3914.29,3558.82,3603.83,877187.3852,ETHUSDT,207.3610785,36.20448337,3936.043184,4056.242127,4143.8492,477183.0791,3680.818838,3909.242,4137.665162,0.1168631476,19.77638271,16.00641684,33.60154412,-0.2420967403,208.2364965,0.2369570913,477183.0791,Range/Chop,True,True
2025-11-04 00:00:00+00:00,3603.84,3654.54,3057,3287.05,1568004.238,ETHUSDT,235.2310015,29.37153792,3874.23431,4026.07773,4119.1154,524279.2062,3522.809458,3874.314,4225.818542,0.1814538223,22.15496834,13.10213666,42.74262949,-0.3087171399,208.238342,0.2282447502,524279.2062,Crash/Capitulation,False,True
2025-11-05 00:00:00+00:00,3287.05,3480.46,3166.66,3424.29,809591.5132,ETHUSDT,240.8430728,35.08740606,3831.382471,4002.478211,4097.5754,532568.551,3448.600167,3850.803,4253.005833,0.2088929676,24.363655,11.88277406,38.76474672,-0.2798548896,208.5025557,0.2122895693,532568.551,Range/Chop,False,True
2025-11-06 00:00:00+00:00,3424.29,3456.46,3245.45,3315.14,566363.7003,ETHUSDT,238.7121391,32.81296033,3782.216521,3975.523772,4072.0676,519380.3816,3359.779278,3824.9815,4290.183722,0.2432441686,26.41457832,11.13250276,36.31716361,-0.2726766125,208.9214684,0.2122895693,519380.3816,Bear Trend,False,True
2025-11-07 00:00:00+00:00,3315.14,3473,3194.2,3436.05,683417.3854,ETHUSDT,241.5755577,37.63559397,3749.248281,3954.367938,4049.0354,541015.7203,3308.574525,3802.3235,4296.072475,0.2597090831,28.43173878,10.21479468,34.83870715,-0.2417444919,209.5172921,0.2122895693,541015.7203,Bear Trend,False,True
2025-11-08 00:00:00+00:00,3436.04,3488,3355.58,3401.51,291532.2881,ETHUSDT,233.7787321,36.82247052,3716.130349,3932.687234,4027.6938,535165.422,3257.476012,3773.27,4289.063988,0.2733936283,30.18893278,10.25981799,33.42915035,-0.2258087276,210.1030688,0.2122895693,535165.422,Bear Trend,False,True
2025-11-09 00:00:00+00:00,3401.51,3623.25,3358.66,3583.46,464098.052,ETHUSDT,235.979537,43.72046185,3703.495078,3918.992049,4009.7546,532801.208,3240.452113,3753.482,4266.511887,0.2733621139,30.81009276,13.53200085,30.75185438,-0.165083877,210.7614329,0.2122895693,532801.208,Bear Trend,False,True
2025-11-10 00:00:00+00:00,3583.46,3658.98,3507.3,3567.85,595273.0298,ETHUSDT,229.9581415,43.28382423,3690.576499,3905.221772,3992.2122,533035.1526,3222.178648,3738.222,4254.265352,0.2760902654,31.13265637,14.00428125,29.30300646,-0.168720876,211.3839734,0.2122895693,533035.1526,Bear Trend,False,True
2025-11-11 00:00:00+00:00,3567.85,3648.27,3405.24,3417.76,660283.2747,ETHUSDT,230.8918457,39.22726363,3664.593975,3886.105624,3976.5858,536392.8118,3185.51353,3718.8335,4252.15347,0.2868211068,31.76973929,12.95138863,30.25722265,-0.2036905871,211.8969753,0.2122895693,536392.8118,Bear Trend,False,True
2025-11-12 00:00:00+00:00,3417.76,3588.19,3371.65,3414.92,553101.9368,ETHUSDT,229.8667138,39.15249094,3640.815502,3867.627757,3961.599,540186.3578,3151.630939,3696.7395,4241.848061,0.2949131585,32.46941761,12.07992284,29.26506415,-0.1990111132,212.4354533,0.2122895693,540186.3578,Bear Trend,False,True
2025-11-13 00:00:00+00:00,3414.91,3565.84,3154.22,3231.54,951989.1347,ETHUSDT,242.8490914,34.57026954,3601.836882,3842.683139,3943.1736,566489.4676,3092.242712,3661.5725,4230.902288,0.3109755646,33.74374255,10.61742205,32.11719232,-0.2403026057,213.2880281,0.2122895693,566489.4676,Bear Trend,False,True
2025-11-14 00:00:00+00:00,3231.55,3256.71,3070,3112.4,890446.1491,ETHUSDT,238.8391563,31.95372309,3555.223846,3814.044584,3927.9344,604085.4584,3019.257468,3619.5015,4219.745532,0.3316722106,35.13558878,10.02456075,32.8425457,-0.2683110313,214.058788,0.2122895693,604085.4584,Bear Trend,False,True
2025-11-15 00:00:00+00:00,3112.4,3230,3110.68,3167.88,338463.4782,ETHUSDT,230.3020737,34.44208948,3518.333956,3788.704797,3910.6472,603773.7277,2992.757156,3569.9725,4147.187844,0.3233724316,36.42801743,9.653578861,31.62713187,-0.2552683298,214.7805293,0.2260685681,603773.7277,Bear Trend,False,True
2025-11-16 00:00:00+00:00,3167.87,3249,3004,3095.29,570633.5809,ETHUSDT,231.3519256,32.75435531,3478.044055,3761.512059,3892.1854,607948.8453,2964.473411,3518.7295,4072.985589,0.3150319391,37.8935789,8.923359609,32.52846516,-0.2723333929,215.4986105,0.2514766259,607948.8453,Bear Trend,False,True
2025-11-17 00:00:00+00:00,3095.29,3223.38,2959.46,3031.44,762500.4289,ETHUSDT,233.6782166,31.30141648,3435.510336,3732.881783,3869.971,622425.5748,2920.613875,3471.3415,4022.069125,0.3172995944,39.36053696,8.203489016,31.26576646,-0.2873437838,216.3715312,0.2665355985,622425.5748,Bear Trend,False,True
2025-11-18 00:00:00+00:00,3031.44,3169.95,2946.56,3123.66,766640.1058,ETHUSDT,232.943344,35.73544689,3405.810304,3708.990732,3848.1428,636434.9645,2899.327381,3432.375,3965.422619,0.3105998726,40.75431785,7.641556727,29.51964611,-0.2656639365,217.227779,0.2733778711,636434.9645,Bear Trend,False,True
2025-11-19 00:00:00+00:00,3123.65,3125.54,2873.64,3025.48,737926.7146,ETHUSDT,234.2973909,33.27321873,3369.58837,3682.18639,3825.7494,646758.5006,2861.049442,3393.3945,3925.739558,0.3137537105,42.22731103,7.054723737,29.47574621,-0.2887449103,218.2581519,0.2747419468,646758.5006,Bear Trend,False,True
2025-11-20 00:00:00+00:00,3025.48,3063.61,2790.01,2834.22,912524.3718,ETHUSDT,237.1047201,29.07103214,3318.600906,3648.932806,3795.4732,668452.9042,2800.195378,3342.706,3885.216622,0.3245936806,43.78795345,6.473252992,29.56565098,-0.3337079074,219.4749744,0.2814556861,668452.9042,Bear Trend,False,True
2025-11-21 00:00:00+00:00,2834.21,2886.73,2623.57,2765.85,1180475.408,ETHUSDT,238.9658115,27.72315803,3265.957963,3614.302108,3761.1032,719826.7665,2746.764274,3287.31,3827.855726,0.3288681178,45.57148688,5.964064416,32.21501481,-0.3497808977,220.4672619,0.2908671327,719826.7665,Bear Trend,False,True
2025-11-22 00:00:00+00:00,2765.86,2799.01,2704.33,2770.12,264691.3089,ETHUSDT,228.6596821,27.94784755,3218.7353,3581.196927,3726.2482,722257.1742,2724.45113,3230.487,3736.52287,0.3132876682,47.22762506,5.787670768,31.26222094,-0.3487770704,221.3649099,0.3027565156,722257.1742,Bear Trend,False,True
2025-11-23 00:00:00+00:00,2770.12,2858.16,2768.29,2802.16,409808.5734,ETHUSDT,218.7461334,29.71349865,3179.061462,3550.646459,3692.5484,698888.2336,2682.01255,3190.4035,3698.79445,0.3187000956,48.15106988,7.549289507,30.34480528,-0.3412448398,222.1469044,0.3107877186,698888.2336,Bear Trend,False,True
2025-11-24 00:00:00+00:00,2802.16,2987,2763,2953.38,715279.7551,ETHUSDT,219.1214096,37.49835796,3157.567989,3527.224245,3661.3296,656252.0095,2657.274533,3173.72,3690.165467,0.3254511847,47.78686208,11.19793837,28.12906158,-0.3056947801,222.7277565,0.3121316164,656252.0095,Bear Trend,False,True
2025-11-25 00:00:00+00:00,2953.38,2980.82,2857.32,2959.36,427686.4528,ETHUSDT,212.2913089,37.79178707,3138.691038,3504.955059,3626.8366,637156.7565,2639.408633,3150.4735,3661.538367,0.3244368612,47.44866912,10.73262581,26.96020304,-0.3042889518,223.1752739,0.3135206893,637156.7565,Bear Trend,False,True
2025-11-26 00:00:00+00:00,2959.36,3045,2888.69,3026.56,364535.326,ETHUSDT,208.292644,41.13614861,3128.011891,3486.194469,3598.4138,627065.3377,2628.10512,3136.0445,3643.98388,0.3239363345,46.54084519,12.35821756,25.5150696,-0.2751709356,223.6983019,0.3143928248,627065.3377,Bear Trend,False,True
2025-11-27 00:00:00+00:00,3026.56,3071.37,2985.78,3015.23,274980.3955,ETHUSDT,199.5281694,40.73848515,3117.270759,3467.725274,3568.204,606643.4883,2623.933151,3115.0035,3606.073849,0.3152936099,45.45659795,12.9235728,24.73328424,-0.253038403,224.0729113,0.3151627745,606643.4883,Bear Trend,False,True
2025-11-28 00:00:00+00:00,3015.23,3099,2994.36,3031.15,346616.0275,ETHUSDT,192.750443,41.59287432,3109.068782,3450.604675,3541.4652,609397.6752,2622.388981,3096.4855,3570.582019,0.306215882,44.19168118,13.44633512,23.77420145,-0.2323753906,224.3624653,0.3151627745,609397.6752,Bear Trend,False,True
2025-11-29 00:00:00+00:00,3031.14,3052.64,2961.91,2989.16,217904.1303,ETHUSDT,185.4632685,39.95658953,3097.648898,3432.508805,3524.654,597087.9791,2647.115279,3066.7705,3486.425721,0.2736789212,43.19064101,12.97647466,24.19321654,-0.2371147176,224.5573249,0.3151627745,597087.9791,Bear Trend,False,True
2025-11-30 00:00:00+00:00,2989.17,3053.02,2975.3,2991.26,182722.4253,ETHUSDT,177.7673208,40.08354289,3087.516622,3415.20493,3509.5434,576460.4489,2686.216423,3037.941,3389.665577,0.2315545807,42.25716262,12.58650598,23.43769571,-0.2365787613,224.5541469,0.3151627745,576460.4489,Bear Trend,False,True
2025-12-01 00:00:00+00:00,2991.25,2999.47,2716.04,2799.07,849002.9909,ETHUSDT,185.314655,33.17105617,3060.045515,3391.042776,3482.479,585896.4347,2686.941223,3007.0065,3327.071777,0.2128796708,42.57563047,11.21147273,30.8702487,-0.2856289702,224.6695531,0.3151627745,585896.4347,Bear Trend,False,True
2025-12-02 00:00:00+00:00,2799.07,3033.76,2782.19,2996.07,523707.3586,ETHUSDT,190.0471796,43.85846897,3053.952609,3375.553648,3457.5834,584426.7058,2726.385998,2986.064,3245.742002,0.1739266154,42.52848574,11.44018654,27.95141391,-0.234581495,224.8814541,0.3151627745,584426.7058,Bear Trend,False,True
2025-12-03 00:00:00+00:00,2996.07,3214.99,2985.58,3188.36,553669.8146,ETHUSDT,192.8588097,51.93798135,3066.753313,3368.21272,3438.8502,564510.7398,2731.819576,2983.905,3235.990424,0.1689634379,40.89338203,17.18032463,25.57649597,-0.1286205445,225.2585526,0.3151627745,564510.7398,Bear Trend,False,True
2025-12-04 00:00:00+00:00,3188.39,3240.35,3066.37,3133.26,486698.3987,ETHUSDT,191.5103233,49.72949592,3073.087283,3358.998888,3421.8032,544323.3523,2730.582319,2984.948,3239.313681,0.1704322359,39.1775819,17.01135468,23.91683207,-0.1436793861,225.6359298,0.3143928248,544323.3523,Bear Trend,False,True
2025-12-05 00:00:00+00:00,3133.26,3193.33,2983.08,3021.78,530382.8986,ETHUSDT,192.8488716,45.512793,3068.200875,3345.774618,3404.3486,553919.3233,2736.672165,2977.643,3218.613835,0.1618534091,38.03301226,15.68661737,25.13928674,-0.1741468934,225.9417919,0.3135206893,553919.3233,Bear Trend,False,True
2025-12-06 00:00:00+00:00,3021.77,3069,3012.58,3038.06,159721.2488,ETHUSDT,183.1039522,46.22983149,3065.330315,3333.707378,3388.4784,533373.7067,2738.146612,2974.7815,3211.416388,0.1590939623,36.9701976,15.34136503,24.58598724,-0.169697566,225.9065806,0.3119437704,533373.7067,Bear Trend,False,True
2025-12-07 00:00:00+00:00,3038.06,3150,2907.52,3059.85,391129.675,ETHUSDT,187.3450985,47.23078989,3064.808381,3322.967873,3371.8912,514805.169,2737.888568,2976.202,3214.515432,0.160146006,36.52966774,13.92306028,26.31861476,-0.1637423544,225.9864558,0.3084078773,514805.169,Bear Trend,False,True
2025-12-08 00:00:00+00:00,3059.86,3180.51,3040.87,3124.16,452820.2207,ETHUSDT,183.9375914,50.17858088,3070.460916,3315.171486,3354.7228,499114.1748,2737.851601,2976.227,3214.602399,0.1601863023,35.83853492,14.35285818,24.89144927,-0.146166418,225.9096494,0.2899474016,499114.1748,Bear Trend,False,True
2025-12-09 00:00:00+00:00,3124.16,3397.85,3090.8,3318.04,603859.9458,ETHUSDT,192.7313349,57.82726979,3094.039876,3315.283977,3341.4992,492410.8363,2710.054411,2990.855,3271.655589,0.187772787,33.49283403,20.77443792,22.05889056,-0.09317897338,225.0626388,0.2526167509,492410.8363,Bear Trend,False,True
2025-12-10 00:00:00+00:00,3318.04,3447.44,3288.1,3324.14,539585.4535,ETHUSDT,190.3462396,58.04550804,3115.954174,3315.631272,3330.521,473763.8904,2709.152325,3015.351,3321.549675,0.203093222,31.2112337,21.39316044,20.73991684,-0.08884484975,224.1860931,0.2222171257,473763.8904,Range/Chop,False,True
2025-12-11 00:00:00+00:00,3324.14,3327.37,3145.28,3237.39,504114.2391,ETHUSDT,189.7565082,53.78296996,3127.519491,3312.562987,3319.1582,439945.832,2740.692786,3038.928,3337.163214,0.1962765906,29.74504474,19.92681488,24.69440893,-0.09776516851,222.9901698,0.2079864464,439945.832,Bear Trend,False,True
2025-12-12 00:00:00+00:00,3237.38,3265.5,3045.31,3084.86,435686.4435,ETHUSDT,191.930329,47.21740317,3123.456682,3303.633458,3303.7194,448495.5887,2782.775259,3054.665,3326.554741,0.1780160779,28.91475278,18.29389892,26.3912814,-0.1348854688,221.8445267,0.1996849063,448495.5887,Bear Trend,False,True
2025-12-13 00:00:00+00:00,3084.86,3135.68,3078.6,3114.64,136465.7567,ETHUSDT,182.2981626,48.53829045,3122.616998,3296.22195,3287.3146,434828.4478,2823.478872,3070.289,3317.099128,0.1607732221,28.1437674,17.88475141,25.80103396,-0.09653540018,220.4026677,0.1920246888,434828.4478,Bear Trend,False,True
2025-12-14 00:00:00+00:00,3114.64,3129.54,3024.44,3063.5,279058.3545,ETHUSDT,176.7840082,46.39128984,3116.986808,3287.095599,3269.5082,413017.3778,2834.818548,3075.795,3316.771452,0.1566921407,27.71859755,17.12527443,26.89369555,-0.111369596,218.8426557,0.1828944325,413017.3778,Bear Trend,False,True
2025-12-15 00:00:00+00:00,3063.49,3177.5,2894.57,2964.85,520509.9555,ETHUSDT,184.3658647,42.48714197,3102.497588,3274.458516,3245.636,417658.553,2835.612257,3076.0695,3316.526743,0.1563405785,27.95610481,15.24808548,28.97727257,-0.1399850324,217.4208351,0.1759713467,417658.553,Bear Trend,False,True
2025-12-16 00:00:00+00:00,2964.85,2981.87,2876,2962.3,378293.1159,ETHUSDT,178.7590173,42.38783977,3089.145437,3262.217006,3222.479,418346.4424,2828.159026,3072.8565,3317.553974,0.1592638472,28.26145196,14.60303718,28.49345129,-0.1407247117,215.8980968,0.1721794257,418346.4424,Bear Trend,False,True
2025-12-17 00:00:00+00:00,2962.3,3030.92,2791.02,2833.49,497630.4162,ETHUSDT,183.1262303,37.6064146,3064.7973,3245.404182,3199.5648,429478.9435,2798.549476,3063.7695,3328.989524,0.1731331446,28.92360219,13.23658371,29.14188029,-0.1780886687,214.6403637,0.1717826903,429478.9435,Bear Trend,False,True
2025-12-18 00:00:00+00:00,2833.5,2997.4,2775.19,2828.57,595253.7997,ETHUSDT,185.9179281,37.43272742,3042.299462,3229.057744,3178.0764,441910.8321,2769.418353,3053.6405,3337.862647,0.1861529852,29.60738672,12.10655311,27.26216561,-0.1795158146,213.4942663,0.1717826903,441910.8321,Bear Trend,False,True
2025-12-19 00:00:00+00:00,2828.56,3020,2808.63,2979.5,531702.5439,ETHUSDT,187.7359333,45.71551796,3036.318561,3219.271165,3161.5646,457600.7528,2768.466243,3053.1575,3337.848757,0.1864897286,30.0128156,11.99280591,25.06972289,-0.1357355023,212.4714616,0.1717826903,457600.7528,Bear Trend,False,True
2025-12-20 00:00:00+00:00,2979.49,2994.41,2964.17,2977.93,91783.7734,ETHUSDT,176.4862238,45.6478227,3030.757745,3209.806806,3144.1634,453053.8202,2767.161524,3052.491,3337.820476,0.1869486111,30.38928528,11.84602697,24.76289666,-0.1361909127,211.2365715,0.1717826903,453053.8202,Bear Trend,False,True
2025-12-21 00:00:00+00:00,2977.93,3013.4,2944,3002.02,162244.8067,ETHUSDT,168.8372078,46.94600173,3028.020817,3201.658304,3126.7284,418715.911,2800.596429,3062.6385,3324.680571,0.1711217766,30.84726859,11.49822183,24.88916156,-0.1292031188,209.9590902,0.1707770063,418715.911,Bear Trend,False,True
2025-12-22 00:00:00+00:00,3002.03,3077.39,2963.43,3009.49,298443.5633,ETHUSDT,164.9174072,47.36581296,3026.255977,3194.122292,3108.7866,407452.7212,2801.884701,3063.3095,3324.734299,0.1706812836,30.54770488,13.70220932,23.66068132,-0.1270362936,208.7438575,0.1705567598,407452.7212,Bear Trend,False,True
2025-12-23 00:00:00+00:00,3009.48,3035.79,2900.93,2965.02,386465.747,ETHUSDT,162.7704496,45.07894602,3020.42398,3185.137888,3096.0104,399092.5178,2793.978294,3052.1425,3310.306706,0.1691691698,30.64872542,12.89130399,25.00311546,-0.1399357204,207.5610582,0.1705567598,399092.5178,Bear Trend,False,True
2025-12-24 00:00:00+00:00,2965.03,2978.15,2888.7,2947.47,197035.5598,ETHUSDT,157.5332746,44.17253967,3013.475982,3175.817579,3089.2188,384609.3759,2783.664198,3042.853,3302.041802,0.1703590687,30.81554013,12.3684543,24.54356236,-0.1450264544,206.5015898,0.1705201762,384609.3759,Bear Trend,False,True
2025-12-25 00:00:00+00:00,2947.48,2971.46,2891.2,2903.95,188721.2981,ETHUSDT,152.013755,41.92150342,3003.044936,3165.156105,3078.812,367526.2959,2770.860034,3036.9615,3303.062966,0.1752419094,30.9704395,11.90200584,23.61795706,-0.1576503144,205.3041191,0.1709015301,367526.2959,Bear Trend,False,True
2025-12-26 00:00:00+00:00,2903.9,2994.38,2894.26,2927.99,314830.9989,ETHUSDT,148.3070582,43.63036009,2995.896847,3155.855474,3071.069,375281.7834,2761.155295,3031.458,3301.760705,0.178331816,30.8139206,12.43197348,22.47908926,-0.1506770241,204.1224201,0.1721274606,375281.7834,Bear Trend,False,True
2025-12-27 00:00:00+00:00,2928,2960.89,2917.13,2949.05,95040.3956,ETHUSDT,140.8394112,45.1528449,2991.435242,3147.745455,3061.329,360477.3194,2753.635462,3025.918,3298.200538,0.1799668981,30.66858161,12.15606493,21.98020042,-0.1445681433,202.7864853,0.174187527,360477.3194,Bear Trend,False,True
2025-12-28 00:00:00+00:00,2949.05,2961.23,2924.54,2950.91,128834.139,ETHUSDT,133.4001675,45.29338066,2987.575695,3140.026418,3052.317,344278.0153,2747.010117,3017.2555,3287.500883,0.1791332439,30.52862276,11.935458,21.54838818,-0.1440286125,201.3559745,0.1766289937,344278.0153,Bear Trend,False,True
2025-12-29 00:00:00+00:00,2950.91,3057.78,2910.25,2937.9,485959.1824,ETHUSDT,134.4094413,44.43572289,2982.844677,3132.099891,3039.4058,338382.9771,2764.255554,2998.2485,3232.241446,0.1560864256,29.08797379,16.13061498,19.85896939,-0.1478024273,199.8833453,0.174187527,338382.9771,Bear Trend,False,True
2025-12-30 00:00:00+00:00,2937.91,3009.8,2919.44,2973.69,286583.2879,ETHUSDT,131.2630526,47.38720237,2981.972803,3125.887739,3027.5226,325732.8689,2800.714565,2980.726,3160.737435,0.1207836177,27.75022833,15.33746264,18.88249154,-0.1374208108,198.4928445,0.1721274606,325732.8689,Bear Trend,False,True
2025-12-31 00:00:00+00:00,2973.69,3028.08,2958.91,2971.64,233729.5887,ETHUSDT,126.8278346,47.23244144,2980.988726,3119.838808,3018.6002,312213.6363,2831.28008,2967.4385,3103.59692,0.09176831801,26.26875649,15.76949247,18.14690384,-0.1380154549,197.1906889,0.1709015301,312213.6363,Bear Trend,False,True
2026-01-01 00:00:00+00:00,2971.65,3010,2971.15,3004.19,136088.5207,ETHUSDT,120.5437035,50.02337203,2983.198371,3115.303561,3010.3856,297233.7402,2836.966827,2963.405,3089.843173,0.08533303634,24.89310407,15.40646777,17.72914948,-0.1285736663,195.9336159,0.1705201762,297233.7402,Range/Chop,False,True
2026-01-02 00:00:00+00:00,3004.19,3150.01,2992.49,3125.45,369891.2449,ETHUSDT,123.1848676,58.77176083,2996.746146,3115.70146,3008.2638,308905.0146,2834.861208,2963.9455,3093.029792,0.08710301324,24.2376127,22.11773575,16.10980886,-0.0933997401,194.530679,0.1705201762,308905.0146,Range/Chop,False,True
2026-01-03 00:00:00+00:00,3125.46,3136.71,3076,3127.11,134405.2258,ETHUSDT,118.722377,58.87788439,3009.161751,3116.148854,3008.558,301672.3582,2825.829846,2967.126,3108.422154,0.09524108813,23.62894214,21.30986798,15.52138537,-0.09291822338,192.5888686,0.1705201762,301672.3582,Range/Chop,False,True
2026-01-04 00:00:00+00:00,3127.11,3167.22,3118.75,3144.7,181576.0686,ETHUSDT,113.7043501,60.05132683,3022.070155,3117.268507,3008.0944,284725.6638,2815.038979,2976.1185,3137.198021,0.108248056,23.3704102,22.57763623,15.04878029,-0.08781588657,190.4698899,0.1705201762,284725.6638,Range/Chop,False,True
2026-01-05 00:00:00+00:00,3144.71,3265.66,3135.02,3224.99,382446.6618,ETHUSDT,114.9140394,64.96562017,3041.395855,3121.492879,3010.6884,284933.3411,2795.330938,2989.253,3183.175062,0.1297461689,23.98954529,26.86311135,13.82676583,-0.06452614114,188.4065883,0.1705201762,284933.3411,Range/Chop,False,True
2026-01-06 00:00:00+00:00,3224.99,3308.86,3183.27,3296.84,412503.5066,ETHUSDT,115.676608,68.67880861,3065.723869,3128.369237,3015.9964,280676.9956,2789.870811,3012.4205,3234.970189,0.1477547302,24.88656305,27.44741386,12.75450093,-0.04368458914,186.3082724,0.1697641193,280676.9956,Range/Chop,False,True
2026-01-07 00:00:00+00:00,3296.83,3296.84,3125.42,3168.72,321350.1225,ETHUSDT,119.6582788,57.06449888,3075.533024,3129.951619,3016.8976,266981.8118,2813.796255,3029.428,3245.059745,0.1423580588,24.86771017,24.63879935,14.90265595,-0.08084839765,184.4062649,0.1626277977,266981.8118,Range/Chop,False,True
2026-01-08 00:00:00+00:00,3168.72,3184.39,3054.65,3106.65,343616.1005,ETHUSDT,120.3784018,52.43786483,3078.496546,3129.03783,3018.521,257577.4896,2818.922722,3035.7855,3252.648278,0.1428709493,23.93169688,22.74201995,17.95465658,-0.09885306198,182.4795793,0.1519205779,257577.4896,Range/Chop,False,True
2026-01-09 00:00:00+00:00,3106.66,3148.41,3058.69,3088.4,274587.4533,ETHUSDT,118.1885159,51.12535877,3079.439732,3127.44419,3023.6046,266717.6736,2824.995261,3041.309,3257.622739,0.1422504185,23.06254169,21.50887256,16.98109584,-0.07181948506,180.6167522,0.1453128397,266717.6736,Range/Chop,False,True
2026-01-10 00:00:00+00:00,3088.4,3104.12,3077.99,3086.72,82341.0546,ETHUSDT,111.6129077,50.99881305,3080.133091,3125.847163,3030.022,262722.486,2829.156386,3045.544,3261.931614,0.1421011247,22.25546901,21.14919397,16.69713225,-0.06713490447,178.6287699,0.1426145041,262722.486,Range/Chop,False,True
2026-01-11 00:00:00+00:00,3086.72,3147.27,3084.46,3123.45,149381.2965,ETHUSDT,108.1269857,53.69726147,3084.258511,3125.753157,3037.0886,255269.3727,2832.958649,3051.242,3269.525351,0.1430783604,21.96520853,23.12215138,16.00433118,-0.0560344046,176.5997744,0.1426145041,255269.3727,Range/Chop,False,True
2026-01-12 00:00:00+00:00,3123.46,3171.49,3065.55,3095.75,297373.4681,ETHUSDT,107.9707724,51.39846159,3085.352938,3124.576562,3042.9604,250814.7587,2842.404259,3057.7785,3273.152741,0.1408697467,21.94215904,23.10391845,14.88266596,-0.06440586788,174.3518024,0.1423042387,250814.7587,Range/Chop,False,True
2026-01-13 00:00:00+00:00,3095.75,3367.79,3091.96,3325.82,457782.2816,ETHUSDT,119.9607172,64.85598873,3108.254563,3132.468462,3050.4092,263852.0948,2838.179265,3076.696,3315.212735,0.1550473201,23.4268601,30.9977205,12.43836238,-0.01246217846,172.3704951,0.1423042387,263852.0948,Range/Chop,False,True
2026-01-14 00:00:00+00:00,3325.83,3402.89,3280.48,3354.92,503440.0759,ETHUSDT,120.135666,66.13332569,3131.746509,3141.192052,3058.3204,279588.0337,2845.532112,3099.2445,3352.956888,0.1637253134,25.00704507,30.82860754,11.53308825,-0.01409684121,170.5343883,0.1423042387,279588.0337,Bull Trend,False,True
2026-01-15 00:00:00+00:00,3354.92,3384.19,3273.72,3318.69,389993.836,ETHUSDT,119.4452613,63.06027288,3149.550651,3148.152755,3064.163,283346.1755,2860.692003,3118.7795,3376.866997,0.1655054463,26.36920574,28.79202835,11.17544669,-0.02474367376,168.6692773,0.1423042387,283346.1755,Bull Trend,False,True
2026-01-16 00:00:00+00:00,3318.7,3326.79,3253.01,3296.28,223921.7876,ETHUSDT,116.1834569,61.16694996,3163.524875,3153.961667,3069.784,289790.2451,2879.347048,3136.141,3392.934952,0.1637642902,27.30173687,27.48604217,11.94176893,-0.03132925249,166.7110313,0.1423042387,289790.2451,Bull Trend,False,True
2026-01-17 00:00:00+00:00,3296.28,3330.26,3283.96,3310.56,124325.0303,ETHUSDT,111.1917814,61.95089272,3177.52822,3160.102778,3075.3722,289564.7897,2901.394504,3154.1235,3406.852496,0.160253076,28.19272457,26.89144288,11.58658858,-0.02713281946,164.6818386,0.1423042387,289564.7897,Bull Trend,False,True
2026-01-18 00:00:00+00:00,3310.56,3368.82,3278.86,3284.03,173354.3026,ETHUSDT,109.6752256,59.54582189,3187.671247,3164.962669,3081.2696,273934.5457,2933.315521,3171.43,3409.544479,0.1501622166,29.29896607,27.82722252,10.90774696,-0.03492913377,162.6048025,0.1423042387,273934.5457,Bull Trend,False,True
2026-01-19 00:00:00+00:00,3284.04,3284.58,3165.38,3189.55,442540.5596,ETHUSDT,110.3555666,51.82896951,3187.850176,3165.926878,3085.2354,281732.4093,2962.04581,3182.223,3402.40019,0.1383794853,28.57685235,25.6802631,17.41126805,-0.06269376912,160.4923166,0.1423042387,281732.4093,Bull Trend,False,True
2026-01-20 00:00:00+00:00,3189.56,3200.5,2920,2939.88,518166.4787,ETHUSDT,122.5087405,37.86431576,3164.233969,3157.062295,3088.0516,295954.2538,2954.040882,3180.635,3407.229118,0.1424835718,27.58403389,21.48037979,28.87058996,-0.1360637576,158.5513654,0.1424208153,295954.2538,Bear Trend,False,True
2026-01-21 00:00:00+00:00,2939.88,3069.07,2866.11,2982.27,577800.2481,ETHUSDT,128.255259,40.7817105,3146.904067,3150.207695,3087.7756,318039.8402,2949.358079,3179.539,3409.719921,0.1447888646,27.04590798,19.05237694,28.60851497,-0.123606699,156.8779583,0.1426772606,318039.8402,Bear Trend,False,True
2026-01-22 00:00:00+00:00,2982.28,3038.33,2906.02,2952.69,291660.7349,ETHUSDT,128.5448833,39.39182307,3128.407489,3142.461903,3083.0622,314128.3147,2921.117562,3170.901,3420.684438,0.1575472953,26.54621963,17.65163219,26.50519593,-0.1322993103,155.3746042,0.1429746548,314128.3147,Bear Trend,False,True
2026-01-23 00:00:00+00:00,2952.7,3019.26,2892.4,2956.41,318415.3317,ETHUSDT,128.4245345,39.6702908,3112.026776,3135.16575,3079.5252,323328.82,2896.061421,3162.366,3428.670579,0.168421099,26.18572012,16.40616141,25.39256409,-0.1312061219,153.8629896,0.1439336125,323328.82,Bear Trend,False,True
2026-01-24 00:00:00+00:00,2956.41,2970.41,2943.84,2953.22,92082.9039,ETHUSDT,121.1492106,39.50267975,3096.902321,3128.030622,3078.154,318854.1617,2871.300482,3152.792,3434.283518,0.1785665014,25.85097058,16.14915148,24.9947781,-0.1321435603,152.3439546,0.1462717974,318854.1617,Bear Trend,False,True
2026-01-25 00:00:00+00:00,2953.23,2960.29,2787,2816.89,380186.5326,ETHUSDT,124.8735527,33.07167437,3070.234481,3115.829029,3073.7306,318741.1553,2817.59256,3132.387,3447.18144,0.2009933254,26.63282292,14.54839707,31.48857846,-0.1722065656,150.9536364,0.1489584734,318741.1553,Bear Trend,False,True
2026-01-26 00:00:00+00:00,2816.9,2951.21,2812.37,2930.35,485169.3372,ETHUSDT,125.8711561,41.59378908,3056.912149,3108.555342,3071.1406,322374.4468,2797.03376,3114.0625,3431.09124,0.2036110324,27.35882866,13.40215725,29.00765479,-0.1388643183,149.7260195,0.1526047683,322374.4468,Bear Trend,False,True
2026-01-27 00:00:00+00:00,2930.35,3035.08,2899.77,3026.77,478792.3988,ETHUSDT,126.5453592,47.68963771,3054.041468,3105.348074,3069.1928,330246.5606,2788.79487,3106.965,3425.13513,0.204810888,26.97939359,17.11260211,26.79217264,-0.1105295793,148.6226015,0.1562973077,330246.5606,Bear Trend,False,True
2026-01-28 00:00:00+00:00,3026.77,3045.78,2983.67,3010.78,296607.6549,ETHUSDT,121.9428336,46.81697877,3049.921329,3101.639522,3063.0476,327896.1383,2781.249995,3102.1715,3423.093005,0.2069012012,26.49980042,17.11678222,25.81744082,-0.1152285263,147.5639276,0.1589001856,327896.1383,Bear Trend,False,True
2026-01-29 00:00:00+00:00,3010.78,3013.5,2754.53,2822.59,561288.5979,ETHUSDT,131.7304883,38.00301373,3028.270726,3090.696403,3053.0166,342231.1956,2745.545457,3088.881,3432.216543,0.2223041565,27.48894769,14.71320962,34.61682332,-0.1705315188,146.796647,0.1619891947,342231.1956,Bear Trend,False,True
2026-01-30 00:00:00+00:00,2822.6,2828.65,2636.01,2707.38,793279.6252,ETHUSDT,136.0811677,33.80686257,2997.709704,3075.664387,3042.4164,377778.1241,2688.406497,3069.914,3451.421503,0.2485460527,28.93168176,13.22546692,37.33758142,-0.2043880349,145.9760889,0.1637448018,377778.1241,Bear Trend,False,True
2026-01-31 00:00:00+00:00,2707.37,2714.64,2250,2451.95,1113097.713,ETHUSDT,159.5496558,26.753707,2945.73259,3051.205,3029.7582,425963.9449,2570.676533,3036.339,3502.001467,0.3067262693,31.39778067,10.47438387,46.8520695,-0.2794507022,145.4677968,0.1646348683,425963.9449,Crash/Capitulation,False,True
2026-02-01 00:00:00+00:00,2451.96,2475.98,2222,2270.15,1026573.947,ETHUSDT,166.2946803,23.06525955,2881.391391,3020.575392,3012.8684,462423.9689,2423.457248,2995.059,3566.660752,0.3816964887,33.7477821,9.331711799,42.94356521,-0.332875879,145.0250614,0.1669632726,462423.9689,Crash/Capitulation,False,True
2026-02-02 00:00:00+00:00,2270.16,2396.62,2157.14,2347.02,1248535.211,ETHUSDT,171.5222032,27.60977167,2830.498877,2994.161455,2998.5388,501961.6153,2330.279403,2946.119,3561.958597,0.418068379,36.06834327,8.401070793,41.36187702,-0.3102862567,144.691926,0.1734938002,501961.6153,Crash/Capitulation,False,True
2026-02-03 00:00:00+00:00,2347.01,2359.88,2110,2233.72,1321099.387,ETHUSDT,177.1191887,25.24296467,2773.662794,2964.340221,2983.9162,542844.5809,2230.69087,2890.059,3549.42713,0.4563008091,38.32143369,7.554482045,39.09483789,-0.3435814851,144.4297646,0.1897799134,542844.5809,Crash/Capitulation,False,True
2026-02-04 00:00:00+00:00,2233.72,2295.74,2076.68,2148.26,1264743.43,ETHUSDT,180.1149609,23.59964108,2714.100623,2932.337075,2967.6354,586582.0606,2128.419081,2831.5375,3534.655919,0.4966336622,40.48319476,6.898200861,37.0199269,-0.3686954324,144.3799481,0.2023021789,586582.0606,Crash/Capitulation,False,True
2026-02-05 00:00:00+00:00,2148.25,2173.77,1818.18,1826.83,1952286.695,ETHUSDT,192.6488923,18.67520674,2629.598659,2888.983857,2947.5022,673000.306,1963.412251,2758.065,3552.717749,0.5762393196,42.94128815,5.98872574,41.72355566,-0.4631533785,144.4683447,0.2042109602,673000.306,Crash/Capitulation,False,True
2026-02-06 00:00:00+00:00,1826.83,2093.94,1747.8,2063.38,2102311.557,ETHUSDT,203.6125428,30.21582622,2575.673072,2856.607235,2932.1984,771899.6323,1888.621297,2695.706,3502.790703,0.598792823,45.32354148,5.261526108,39.1261183,-0.3936389363,144.7962605,0.2058560446,771899.6323,Crash/Capitulation,False,True
2026-02-07 00:00:00+00:00,2063.37,2121.7,1994.57,2087.08,1142616.449,ETHUSDT,198.149504,31.26820938,2529.140399,2826.429696,2914.35,820362.7396,1834.660072,2635.8585,3437.056928,0.6079221836,47.24498116,6.021090457,37.33306258,-0.386674268,144.8865634,0.2146026789,820362.7396,Bear Trend,False,True
2026-02-08 00:00:00+00:00,2087.08,2152.03,2064.1,2089.74,482837.2515,ETHUSDT,190.2766823,31.39326456,2487.292742,2797.539904,2896.5862,822377.5742,1788.304231,2580.868,3373.431769,0.6141838861,48.70391356,6.960911911,36.10076078,-0.3858925795,144.8854041,0.2354251046,822377.5742,Bear Trend,False,True
2026-02-09 00:00:00+00:00,2089.73,2147.73,2008.62,2105.02,625378.5569,ETHUSDT,186.6219193,32.15688266,2450.885814,2770.382261,2878.6462,827738.1781,1738.690271,2539.125,3339.559729,0.6304807597,50.17296192,6.590287687,36.30209341,-0.3814022787,144.8331609,0.277636161,827738.1781,Bear Trend,False,True
2026-02-10 00:00:00+00:00,2105.02,2124.71,1989.38,2022.67,574321.6908,ETHUSDT,182.9582108,30.20559293,2410.103355,2741.060212,2858.9098,827564.2503,1687.679326,2491.145,3294.610674,0.6450573325,51.57692462,6.242095906,35.13525307,-0.4056022969,144.6836256,0.344211379,827564.2503,Bear Trend,False,True
2026-02-11 00:00:00+00:00,2022.67,2032.31,1903.19,1941.18,529655.8177,ETHUSDT,179.1126243,28.37096769,2365.443988,2709.69236,2838.433,839464.0044,1632.353497,2440.5695,3248.785503,0.6623175477,53.05414761,5.920678256,36.76325355,-0.4295495887,144.6305333,0.3998824339,839464.0044,Bear Trend,False,True
2026-02-12 00:00:00+00:00,1941.19,2001.42,1897.24,1947.85,427567.1469,ETHUSDT,173.760294,28.75241657,2325.673132,2679.816189,2818.4406,844921.5952,1591.156274,2390.1415,3189.126726,0.6685673014,54.43764701,5.667120304,35.43342657,-0.4275894901,144.5801381,0.437184594,844921.5952,Bear Trend,False,True
2026-02-13 00:00:00+00:00,1947.85,2073.68,1924.72,2048.72,425649.7698,ETHUSDT,171.9888444,34.4385455,2299.296643,2655.067319,2801.336,861599.9385,1576.73785,2344.9165,3113.09515,0.6551863572,54.83297437,8.317552073,33.24135615,-0.3946202784,144.3738544,0.4764672356,861599.9385,Bear Trend,False,True
2026-02-14 00:00:00+00:00,2048.72,2107.67,2042.37,2086.59,220677.2355,ETHUSDT,164.3682127,36.48791789,2279.038868,2632.774091,2784.508,853624.4736,1564.385521,2308.4015,3052.417479,0.6446157469,54.79683006,9.558608793,32.29806438,-0.3806169519,144.1340077,0.5364364909,853624.4736,Bear Trend,False,True
2026-02-15 00:00:00+00:00,2086.59,2103.32,1928.88,1966.58,834778.0952,ETHUSDT,165.0876261,32.97064138,2249.28088,2606.648832,2764.8586,871104.9115,1560.016135,2260.213,2960.409865,0.6195848493,55.13061883,8.837172133,34.77074501,-0.4162407015,143.8333643,0.5875160713,871104.9115,Bear Trend,False,True
2026-02-16 00:00:00+00:00,1966.59,2023.51,1937.24,1998.33,351347.9433,ETHUSDT,159.4577956,34.76234732,2225.380797,2582.793192,2745.807,864732.6887,1595.689559,2208.791,2821.892441,0.5551466305,55.44056555,8.495665361,33.42705217,-0.4068160365,143.392362,0.5875160713,864732.6887,Bear Trend,False,True
2026-02-17 00:00:00+00:00,1998.34,2015.33,1941.66,1991.66,406246.9427,ETHUSDT,153.3300959,34.55338927,2203.121673,2559.611498,2726.8822,870214.6531,1661.549574,2157.835,2654.120426,0.4599845916,55.72837321,8.204102217,32.27986758,-0.3936332804,142.8189314,0.5875160713,870214.6531,Bear Trend,False,True
2026-02-18 00:00:00+00:00,1991.67,2039.05,1923.78,1955.91,393639.0086,ETHUSDT,150.6115177,33.39471167,2179.577704,2535.93693,2706.5266,861832.1737,1716.301577,2114.501,2512.700423,0.3766367792,55.67036386,8.880541253,30.51520443,-0.3888736135,142.3876863,0.5875160713,861832.1737,Bear Trend,False,True
2026-02-19 00:00:00+00:00,1955.9,1987.55,1907,1949.08,300257.0733,ETHUSDT,145.6071235,33.1658922,2157.625542,2512.922932,2686.0754,837181.0461,1779.964505,2076.586,2373.207495,0.2856818789,55.68506056,8.529632402,30.13257022,-0.3649281378,142.0005183,0.5875160713,837181.0461,Bear Trend,False,True
2026-02-20 00:00:00+00:00,1949.08,1981.18,1922.97,1968.88,386253.5557,ETHUSDT,139.3644719,34.56564164,2139.649776,2491.587915,2665.3692,800838.8382,1807.910037,2052.4325,2296.954963,0.2382757664,55.6987075,8.27515583,29.23358269,-0.3535711706,141.574636,0.5875160713,800838.8382,Bear Trend,False,True
2026-02-21 00:00:00+00:00,1968.88,1995.56,1955.62,1973.35,179173.8456,ETHUSDT,132.2627239,34.89713837,2123.811702,2471.26486,2642.3272,758468.8331,1812.468181,2037.5925,2262.716819,0.2209708951,55.48065795,8.873256686,28.60302532,-0.3521035662,141.0661739,0.5875160713,758468.8331,Bear Trend,False,True
2026-02-22 00:00:00+00:00,1973.35,1983.13,1935,1957.82,155325.6482,ETHUSDT,126.2532436,34.24797074,2108.002969,2451.129767,2618.9414,703808.355,1841.243135,2018.1325,2195.021865,0.1753000511,55.38306518,8.631639219,28.99075872,-0.3572024243,140.54484,0.5875160713,703808.355,Bear Trend,False,True
2026-02-23 00:00:00+00:00,1957.82,1958.33,1837.13,1856.3,547359.4869,ETHUSDT,125.8922976,30.28226706,2084.031257,2427.80311,2593.1734,665121.36,1838.613604,1999.2615,2159.909396,0.1607072373,55.7408495,8.038073646,32.55010506,-0.3905337877,140.1094824,0.5875160713,665121.36,Bear Trend,False,True
2026-02-24 00:00:00+00:00,1856.3,1869.58,1800,1851.94,438064.0284,ETHUSDT,121.8699906,30.12095245,2061.927328,2405.220243,2565.7124,623787.3899,1826.869152,1984.4455,2142.021848,0.1588114642,56.22284475,7.710271651,33.39888058,-0.3919652765,139.6688646,0.5875160713,623787.3899,Bear Trend,False,True
2026-02-25 00:00:00+00:00,1851.95,2148.39,1846.74,2057.48,682979.4378,ETHUSDT,134.7114199,44.9964247,2061.503773,2391.58337,2540.9252,560322.027,1853.161371,1995.978,2138.794629,0.1431044123,53.19127835,21.26050506,28.05689401,-0.324481742,139.5667314,0.5769697267,560322.027,Bear Trend,False,True
2026-02-26 00:00:00+00:00,2057.48,2083.33,1975.35,2027.68,439783.3566,ETHUSDT,132.8020328,43.54896585,2058.282461,2377.31265,2518.1044,477195.617,1853.920971,1994.193,2134.465029,0.140680495,50.37625241,20.02574054,26.4274098,-0.334265771,139.5567625,0.507565611,477195.617,Bear Trend,False,True
2026-02-27 00:00:00+00:00,2027.68,2063.52,1887,1929.84,428687.234,ETHUSDT,135.9247447,39.10155628,2046.049846,2359.764703,2494.5682,441499.1563,1850.199957,1986.331,2122.462043,0.1370678327,48.37342635,18.16812455,28.61876609,-0.3596017919,139.5820176,0.4183106854,441499.1563,Bear Trend,False,True
2026-02-28 00:00:00+00:00,1929.84,1984.99,1835.36,1964.51,461680.9835,ETHUSDT,136.9036915,41.38585955,2038.284146,2344.264519,2472.0904,440441.3429,1852.275204,1980.0695,2107.863796,0.129080617,46.83979202,16.74976747,29.07882571,-0.3054955544,139.6760282,0.3311593291,440441.3429,Bear Trend,False,True
2026-03-01 00:00:00+00:00,1964.51,2054.8,1907.41,1939.71,529196.8464,ETHUSDT,137.6527135,40.22357944,2028.896132,2328.399635,2449.1502,435632.2573,1856.646019,1971.804,2086.961981,0.1168046935,44.70104361,19.09119387,26.8548396,-0.2854632658,139.8564429,0.2619788227,435632.2573,Bear Trend,False,True
2026-03-02 00:00:00+00:00,1939.71,2090,1920,2027.35,577406.3749,ETHUSDT,139.963234,45.99554564,2028.748882,2316.593767,2427.2282,435786.4916,1856.449319,1972.038,2087.626681,0.1172276407,42.37226601,19.23128017,24.52498145,-0.1811929014,140.1801017,0.2296233307,435786.4916,Bear Trend,False,True
2026-03-03 00:00:00+00:00,2027.34,2041.48,1929.56,1982.8,509329.8534,ETHUSDT,137.9601459,43.68630491,2024.372798,2303.503816,2404.9692,434770.1933,1859.331623,1974.119,2088.906377,0.1162922566,40.20982966,18.11689785,23.1038485,-0.1726681743,140.4263564,0.1981354731,434770.1933,Bear Trend,False,True
2026-03-04 00:00:00+00:00,1982.81,2199,1945.08,2127.28,737644.8152,ETHUSDT,146.2429926,52.08759718,2034.173484,2296.593078,2380.9984,450274.0768,1851.151738,1983.0905,2115.029262,0.1330637829,37.87993995,23.56368253,20.23849548,-0.09856433378,140.8850333,0.1680036442,450274.0768,Range/Chop,False,True
2026-03-05 00:00:00+00:00,2127.28,2163.66,2054.75,2072.86,432157.8126,ETHUSDT,143.5763503,49.1153508,2037.857914,2287.819232,2355.3572,450599.4789,1849.567118,1984.2975,2119.027882,0.1357965549,35.71647094,22.28694985,19.14192882,-0.09708416458,141.3829,0.1597593508,450599.4789,Range/Chop,False,True
2026-03-06 00:00:00+00:00,2072.86,2093.33,1955.95,1978.68,411597.7569,ETHUSDT,143.1337538,44.39406562,2032.221922,2275.696125,2328.557,460145.505,1852.611104,1978.902,2105.192896,0.127637342,33.4937294,20.75901776,22.76006402,-0.1001909959,141.8532285,0.1509579383,460145.505,Bear Trend,False,True
2026-03-07 00:00:00+00:00,1978.68,1996.04,1948.09,1969.59,184459.82,ETHUSDT,136.3349143,43.95488816,2026.256977,2263.691963,2302.0232,427629.5912,1852.813536,1979.0525,2105.291464,0.1275751544,31.49526265,20.23751059,22.60008767,-0.104324693,142.1975336,0.1418924537,427629.5912,Bear Trend,False,True
2026-03-08 00:00:00+00:00,1969.6,1979.8,1916.14,1937.1,391189.7317,ETHUSDT,131.1438489,42.34252671,2017.765836,2250.884435,2274.554,429621.6806,1848.804275,1975.991,2103.177725,0.1287320893,29.91208174,19.53581659,23.55665909,-0.1190995907,142.3889598,0.1388741638,429621.6806,Bear Trend,False,True
2026-03-09 00:00:00+00:00,1937.11,2053.52,1929.65,1992.98,550825.4883,ETHUSDT,130.6242883,46.01073518,2015.405281,2240.770535,2248.733,436850.6079,1848.836454,1976.057,2103.277546,0.1287620204,27.82118483,22.24374571,21.96104501,-0.09368804002,142.5597246,0.1364321938,436850.6079,Range/Chop,False,True
2026-03-10 00:00:00+00:00,1992.97,2088.19,1991,2036.51,463411.8739,ETHUSDT,128.2361249,48.74626154,2017.415254,2232.760318,2225.6722,440339.2512,1850.588597,1980.087,2109.585403,0.1308007205,26.19296168,22.97071401,20.77217009,-0.07389267849,142.7271847,0.1344301689,440339.2512,Range/Chop,False,True
2026-03-11 00:00:00+00:00,2036.5,2085.58,2007.17,2051.97,350061.256,ETHUSDT,124.6771159,49.72064234,2020.706182,2225.670502,2207.914,442829.4603,1852.924587,1985.2315,2117.538413,0.1332911682,24.68104018,21.93882932,19.83904785,-0.0668622101,142.9449215,0.1331774756,442829.4603,Range/Chop,False,True
2026-03-12 00:00:00+00:00,2051.97,2095,2017.59,2073.52,400507.8132,ETHUSDT,121.3008934,51.115709,2025.736069,2219.703816,2189.739,443542.1732,1852.982151,1990.4635,2127.944849,0.1381400357,23.37019188,21.49348766,18.9347201,-0.05706230105,143.1644867,0.1331774756,443542.1732,Range/Chop,False,True
2026-03-13 00:00:00+00:00,2073.51,2209.03,2070.12,2092.22,599657.0399,ETHUSDT,122.5586867,52.35119066,2032.067872,2214.70445,2172.5296,464566.3329,1852.281626,1996.407,2140.532374,0.144384761,23.16814678,26.39920721,17.40179736,-0.0528784127,143.4076186,0.1331774756,464566.3329,Range/Chop,False,True
2026-03-14 00:00:00+00:00,2092.21,2106.09,2061.6,2096.16,152500.5822,ETHUSDT,116.9823519,52.62288146,2038.171885,2210.055648,2155.3246,464425.0796,1854.082301,2003.324,2152.565699,0.1489940708,22.8766834,25.68206563,17.44929784,-0.05109482443,143.3579792,0.1331774756,464425.0796,Range/Chop,False,True
2026-03-15 00:00:00+00:00,2096.16,2202.87,2083.35,2178.3,280825.9377,ETHUSDT,117.1636125,57.99962369,2051.517419,2208.810329,2139.8262,451098.4021,1867.646685,2019.424,2171.201315,0.1503174326,23.34913529,29.71091247,16.17785233,-0.01391108315,143.3084449,0.1331774756,451098.4021,Range/Chop,False,True
2026-03-16 00:00:00+00:00,2178.29,2386.02,2164.73,2352.97,845892.7756,ETHUSDT,124.6012116,66.66360506,2080.227189,2214.463649,2130.5478,471489.8395,1851.689474,2044.4755,2237.261526,0.1885921603,24.83354382,36.44111083,14.12559245,-0.01385151843,143.3943774,0.1331774756,471489.8395,Range/Chop,False,True
2026-03-17 00:00:00+00:00,2352.97,2376.66,2294.15,2317.39,493831.1016,ETHUSDT,121.5946965,63.77755092,2102.814123,2218.499977,2118.2886,462032.4227,1830.857759,2057.471,2284.084241,0.2202832906,26.21192318,34.67484721,13.44093934,-0.02876338002,143.4845648,0.1331774756,462032.4227,Bull Trend,False,True
2026-03-18 00:00:00+00:00,2317.38,2350,2153.21,2203.39,488040.8887,ETHUSDT,126.9657896,55.48854242,2112.392778,2217.907429,2101.821,464445.2993,1831.467677,2066.2565,2301.045323,0.2272600933,25.88236065,30.83598231,19.88190808,-0.07654168867,143.7474649,0.1331774756,464445.2993,Bull Trend,False,True
2026-03-19 00:00:00+00:00,2203.39,2233.72,2099.38,2137.81,490791.679,ETHUSDT,127.4925189,51.35371085,2114.813466,2214.766353,2084.3616,467550.5215,1848.63008,2076.655,2304.67992,0.2196078987,25.05157158,28.51511456,21.40136108,-0.1040267894,144.0444198,0.1331774756,467550.5215,Bull Trend,False,True
2026-03-20 00:00:00+00:00,2137.82,2176.84,2116.88,2146.22,300156.1778,ETHUSDT,122.6687676,51.84923742,2117.804564,2212.078261,2070.8342,459474.2812,1861.87059,2085.7405,2309.61041,0.214667079,24.28012458,27.51953789,20.65415399,-0.1005020913,144.2496398,0.1345438616,459474.2812,Range/Chop,False,True
2026-03-21 00:00:00+00:00,2146.21,2168.27,2070.78,2084.87,132559.4646,ETHUSDT,120.8702842,48.00748449,2114.667939,2207.089701,2058.384,439642.4122,1879.358165,2092.9985,2306.638835,0.2041476234,23.10178579,25.93408396,22.1885182,-0.1262143653,144.2223322,0.1369682953,439642.4122,Range/Chop,False,True
2026-03-22 00:00:00+00:00,2084.86,2127.21,2026,2053.89,313070.5572,ETHUSDT,119.4659782,46.14800448,2108.879564,2201.08187,2050.4228,426425.6213,1882.00711,2094.3255,2306.64389,0.2027558659,21.57717718,24.36472584,23.52320786,-0.1391983303,144.0758442,0.1412623983,426425.6213,Range/Chop,False,True
2026-03-23 00:00:00+00:00,2053.9,2198.57,2023.04,2152.03,614508.4369,ETHUSDT,123.4705512,52.4334177,2112.989129,2199.158267,2048.0604,431684.5504,1895.492318,2102.787,2310.081682,0.197161845,20.77582949,26.01882742,21.13453609,-0.09806707404,143.991272,0.1466894159,431684.5504,Range/Chop,False,True
2026-03-24 00:00:00+00:00,2152.03,2175.16,2103.02,2156.23,316703.4728,ETHUSDT,119.8040832,52.68792017,2117.107308,2197.474806,2044.2446,410637.4833,1895.874346,2104.2345,2312.594654,0.1980389104,20.03172092,24.89973951,20.22552496,-0.09630682056,143.8475978,0.1496557517,410637.4833,Range/Chop,False,True
2026-03-25 00:00:00+00:00,2156.22,2199.02,2146.35,2169.02,275641.5255,ETHUSDT,115.0087916,53.50377645,2122.051374,2196.358931,2042.9506,402811.669,1899.366448,2109.0425,2318.718552,0.1988353023,19.55100439,25.56709888,19.56391193,-0.09094642962,143.7452575,0.1694547964,402811.669,Range/Chop,False,True
2026-03-26 00:00:00+00:00,2169.02,2172.19,2034.54,2060.43,338010.6238,ETHUSDT,116.6260207,46.21682751,2116.182671,2191.028385,2041.194,399132.3123,1910.717118,2113.13,2315.542882,0.1915763647,18.35479039,23.41166764,24.76247462,-0.1364573641,143.6077986,0.1900842625,399132.3123,Range/Chop,False,True
2026-03-27 00:00:00+00:00,2060.43,2077.19,1970.93,1992.75,394873.5248,ETHUSDT,115.8855907,42.34579531,2104.427179,2183.252762,2044.5124,409652.9976,1914.931201,2114.288,2313.644799,0.1885805522,17.80021523,21.87830567,27.0613796,-0.1648225916,143.4413725,0.1900842625,409652.9976,Range/Chop,True,True
2026-03-28 00:00:00+00:00,1992.76,2047.45,1983.17,1994.74,154831.8055,ETHUSDT,112.1994771,42.49830055,2093.980781,2175.860104,2043.1396,397835.1012,1926.672921,2117.17,2307.667079,0.1799544477,17.28525258,20.98300134,25.95397344,-0.1639885667,143.2022745,0.1900842625,397835.1012,Range/Chop,True,True
2026-03-29 00:00:00+00:00,1994.74,2019.65,1938.82,1984.64,166726.7382,ETHUSDT,109.9588001,41.89261913,2083.567373,2168.361277,2041.0908,378630.1637,1925.137107,2116.753,2308.368893,0.1810470028,17.19561566,19.88125362,27.47216566,-0.1682215572,143.0025406,0.1900842625,378630.1637,Range/Chop,True,True
2026-03-30 00:00:00+00:00,1984.65,2085,1980.28,2026.48,338304.4344,ETHUSDT,109.5846001,45.36628774,2078.13048,2162.797305,2039.8256,372374.7918,1923.747735,2116.2515,2308.755265,0.1819290053,16.38269079,22.78379592,25.596977,-0.1506860797,142.6334424,0.1900842625,372374.7918,Range/Chop,True,True
2026-03-31 00:00:00+00:00,2026.48,2124.03,2012.64,2105.43,421897.9023,ETHUSDT,109.7135572,51.28424305,2080.730435,2160.547607,2039.8338,375966.6241,1928.592898,2118.9245,2309.256102,0.1796492529,15.22276345,23.67254725,23.7406839,-0.1175975055,142.1939823,0.1900842625,375966.6241,Range/Chop,True,True
2026-04-01 00:00:00+00:00,2105.43,2167.85,2082.08,2140.35,399227.3779,ETHUSDT,108.0033032,53.67446483,2086.408489,2159.755544,2042.1874,375902.6023,1932.896116,2122.266,2311.635884,0.1784600833,14.56046681,25.2277944,22.39400653,-0.1029622551,141.3348764,0.1900842625,375902.6023,Range/Chop,True,True
2026-04-02 00:00:00+00:00,2140.35,2159.37,2017.04,2057.17,346872.8323,ETHUSDT,110.4552101,47.67406374,2083.623871,2155.732581,2044.5072,363263.3919,1929.422911,2120.5135,2311.604089,0.1802304857,13.76628537,22.90579828,24.53880677,-0.1378236561,140.4042186,0.1900842625,363263.3919,Range/Chop,True,True
2026-04-03 00:00:00+00:00,2057.18,2081.76,2040.66,2053.83,136266.6393,ETHUSDT,105.5012665,47.44470644,2080.786359,2151.736402,2046.6268,362451.6948,1925.346711,2118.397,2311.447289,0.1822607275,13.02883117,22.26841371,23.85598155,-0.1392234768,139.3038696,0.1900842625,362451.6948,Range/Chop,True,True
2026-04-04 00:00:00+00:00,2053.83,2084,2044.63,2065.52,86504.4406,ETHUSDT,100.7776046,48.38074734,2079.33242,2148.355366,2046.9628,352735.6199,1920.449024,2112.758,2305.066976,0.1820454368,12.31798175,21.80579148,23.19029369,-0.1343241046,138.0315099,0.1900842625,352735.6199,Range/Chop,True,True
2026-04-05 00:00:00+00:00,2065.51,2123.49,2021.5,2110.17,157353.3199,ETHUSDT,100.8642043,51.9042658,2082.269332,2146.857901,2047.4344,318308.6472,1942.965843,2100.618,2258.270157,0.1501007389,11.68059618,23.02739669,21.51535568,-0.1156109337,136.7106639,0.1900784585,318308.6472,Range/Chop,True,True
2026-04-06 00:00:00+00:00,2110.17,2174.79,2087.5,2107.16,356054.2894,ETHUSDT,99.89461826,51.64831839,2084.639872,2145.301121,2050.246,311419.8065,1967.539067,2090.1065,2212.673933,0.1172834331,11.6458866,25.25827516,20.17245808,-0.1168724487,135.1647594,0.1854206399,311419.8065,Range/Chop,True,True
2026-04-07 00:00:00+00:00,2107.16,2273.87,2060.24,2240.01,460094.8093,ETHUSDT,108.0185741,60.82929402,2099.437027,2149.015194,2055.0796,310022.5026,1961.795474,2091.9375,2222.079526,0.1244224802,12.52575488,28.24193839,17.32278798,-0.06119395479,133.5715266,0.1821530822,310022.5026,Range/Chop,True,True
2026-04-08 00:00:00+00:00,2240.01,2270.55,2179.78,2190,404717.6321,ETHUSDT,106.7865331,56.4815512,2108.062072,2150.622442,2059.0464,305718.8002,1958.855797,2094.547,2230.238203,0.1295661571,13.34277543,26.52722195,16.27103051,-0.0821535444,132.0488104,0.181987221,305718.8002,Range/Chop,True,True
2026-04-09 00:00:00+00:00,2190,2246,2157.31,2190.2,275317.9503,ETHUSDT,105.4939236,56.4949433,2115.884732,2152.174503,2063.7322,304476.8889,1956.429787,2096.746,2237.062213,0.1338418797,13.77876408,24.93423966,16.81535591,-0.0820697228,130.6357644,0.1814880041,304476.8889,Range/Chop,True,True
2026-04-10 00:00:00+00:00,2190.17,2257.99,2176.1,2245.05,272899.0858,ETHUSDT,103.807929,60.11959367,2128.186186,2155.816679,2069.6516,311493.8699,1950.473858,2104.755,2259.036142,0.1466024708,14.3016295,24.35427785,15.86785776,-0.05908165061,129.2555312,0.1806387443,311493.8699,Range/Chop,True,True
2026-04-11 00:00:00+00:00,2245.06,2329.93,2229,2284.99,214785.4039,ETHUSDT,103.6023627,62.56536631,2143.119883,2160.8823,2075.9738,306579.6123,1945.289299,2116.31,2287.330701,0.1616215966,15.4466778,27.61945624,14.76367521,-0.04234247827,127.9329338,0.1800924667,306579.6123,Range/Chop,True,True
2026-04-12 00:00:00+00:00,2285,2288.57,2175,2191.65,258156.8821,ETHUSDT,104.3143368,54.19974552,2147.741799,2162.088876,2080.3398,288762.0345,1944.761688,2118.291,2291.820312,0.1638389736,15.70538034,25.47159256,17.3131737,-0.08146201624,126.6862956,0.1798018503,288762.0345,Range/Chop,True,True
2026-04-13 00:00:00+00:00,2191.64,2394.71,2175.68,2369.46,453870.8292,ETHUSDT,112.5083127,64.05870305,2168.857818,2170.221077,2088.5726,295620.4023,1924.045078,2128.9525,2333.859922,0.1924960013,16.83958922,28.66815451,14.90566623,-0.01054407423,125.6654293,0.1798018503,295620.4023,Range/Chop,False,True
2026-04-14 00:00:00+00:00,2369.46,2415.5,2302.9,2322.44,460107.3841,ETHUSDT,112.5148618,60.35860346,2183.484692,2176.190446,2097.8954,304843.6953,1915.449188,2136.6235,2357.797812,0.2070316193,18.04716193,27.93870536,13.84017015,-0.03852618505,124.6741962,0.1798018503,304843.6953,Range/Chop,False,True
2026-04-15 00:00:00+00:00,2322.44,2385.61,2308.5,2359.95,268190.6377,ETHUSDT,109.9859431,62.23273443,2200.290912,2183.396703,2108.0556,301352.696,1913.198978,2151.5995,2390.000022,0.2216030653,19.16847944,26.53959567,13.14708449,-0.02299730905,123.7678251,0.1798018503,301352.696,Range/Chop,False,True
2026-04-16 00:00:00+00:00,2359.94,2369.59,2285.1,2348.17,328960.9377,ETHUSDT,108.1648043,61.25332658,2214.374635,2189.858401,2113.8694,298057.0666,1928.014052,2169.3705,2410.726948,0.2225128881,19.83135409,25.05883249,13.95881066,-0.02787414614,122.8191114,0.1798018503,298057.0666,Range/Chop,False,True
2026-04-17 00:00:00+00:00,2348.16,2464.91,2317.43,2419,491731.3615,ETHUSDT,110.9730326,64.83669168,2233.862765,2198.844346,2121.6958,314902.0444,1939.950732,2190.5835,2441.216268,0.2288274044,21.20338595,28.81542301,12.6337491,-0.01862542649,122.011032,0.1799398693,314902.0444,Range/Chop,False,True
2026-04-18 00:00:00+00:00,2419,2427.64,2339.92,2350.32,221741.3888,ETHUSDT,109.3121017,59.12666966,2244.95393,2204.784568,2130.1054,317652.7769,1967.82773,2208.8675,2449.90727,0.2182473779,22.47741552,27.16373756,11.909589,-0.04648851277,121.2773988,0.1799398693,317652.7769,Range/Chop,False,True
2026-04-19 00:00:00+00:00,2350.33,2355.3,2252.72,2263.27,256086.8276,ETHUSDT,108.8312373,52.78177912,2246.698318,2207.078114,2136.0806,313541.8966,1993.818565,2220.707,2447.595435,0.2043389202,22.31245725,25.33491901,16.83091395,-0.0818042038,120.5810607,0.1799398693,313541.8966,Range/Chop,False,True
2026-04-20 00:00:00+00:00,2263.28,2346.78,2259.67,2313.85,301000.0659,ETHUSDT,107.2797203,55.75289961,2253.093716,2211.265247,2143.5634,307497.0048,2007.250043,2231.128,2455.005957,0.2006858921,22.15928171,23.86551282,15.85473364,-0.06128418482,119.9422707,0.1811379612,307497.0048,Range/Chop,False,True
2026-04-21 00:00:00+00:00,2313.84,2338.75,2284.19,2327.14,226645.977,ETHUSDT,103.514026,56.52693662,2260.145743,2215.809355,2149.5592,298867.9347,2016.932344,2240.4675,2464.002656,0.1995433153,22.01704728,22.9670132,15.25782746,-0.05589250723,119.3447633,0.1821530822,298867.9347,Range/Chop,False,True
2026-04-22 00:00:00+00:00,2327.15,2423.75,2312.95,2374.07,379707.1259,ETHUSDT,104.0344527,59.23860285,2270.995672,2222.015655,2157.3846,300509.6494,2042.270352,2256.3125,2470.354648,0.189727396,22.69362523,27.0558063,14.09710807,-0.03685327253,118.8742921,0.1859940618,300509.6494,Range/Chop,False,True
2026-04-23 00:00:00+00:00,2374.08,2382,2285.42,2330.26,356645.6923,ETHUSDT,103.5019918,55.74306344,2276.639894,2226.260531,2161.4442,311528.6021,2075.342523,2270.134,2464.925477,0.1716123162,22.87920671,25.25249403,15.05740795,-0.05462674094,118.4951045,0.1858864164,311528.6021,Range/Chop,False,True
2026-04-24 00:00:00+00:00,2330.27,2337.5,2300.22,2314.99,183887.6181,ETHUSDT,98.77184955,54.53514848,2280.292285,2229.740118,2166.2868,316397.7609,2111.287913,2282.6075,2453.927087,0.1501086695,23.05153237,24.57169495,14.6514651,-0.06082169329,118.0430971,0.1806698561,316397.7609,Range/Chop,False,True
2026-04-25 00:00:00+00:00,2314.98,2323.21,2300.55,2319.5,68139.2191,ETHUSDT,93.33528887,54.84636343,2284.026353,2233.260114,2173.1032,311937.0559,2140.635542,2293.074,2445.512458,0.1329555508,23.21154906,24.14558555,14.39738711,-0.05899201188,117.5675187,0.1806698561,311937.0559,Range/Chop,False,True
2026-04-26 00:00:00+00:00,2319.49,2380,2306.72,2369.44,154591.6219,ETHUSDT,91.90276823,58.25402141,2292.160986,2238.600501,2181.1002,301863.9225,2176.561129,2306.188,2435.814871,0.1124165689,23.9379718,27.18420962,13.57738963,-0.03873163726,116.8540412,0.1806698561,301863.9225,Range/Chop,False,True
2026-04-27 00:00:00+00:00,2369.45,2404.37,2266.09,2303.67,300363.8586,ETHUSDT,95.21542765,52.62164497,2293.257083,2241.152246,2188.4316,293877.375,2183.32354,2309.371,2435.41846,0.1091617245,23.87885513,24.36426407,15.21691878,-0.06541415305,116.2275978,0.1806698561,293877.375,Range/Chop,False,True
2026-04-28 00:00:00+00:00,2303.66,2310.88,2258.24,2289.42,187932.2201,ETHUSDT,92.17432567,51.46069601,2292.891646,2243.045099,2194.3604,283038.1044,2200.241867,2314.342,2428.442133,0.09860265477,23.68528761,23.37039043,15.2045055,-0.07119529719,115.4984241,0.1806698561,283038.1044,Range/Chop,False,True
2026-04-29 00:00:00+00:00,2289.42,2346.95,2220.36,2252.9,355078.1015,ETHUSDT,94.63258812,48.5070775,2289.082918,2243.431566,2198.6882,287026.1119,2214.267,2317.477,2420.687,0.08907100224,22.8499936,21.13734985,16.6108933,-0.08601125396,114.7939057,0.1806698561,287026.1119,Range/Chop,False,True
2026-04-30 00:00:00+00:00,2252.9,2279,2231.64,2257.51,167194.2776,ETHUSDT,91.25597469,48.90574028,2286.075973,2243.983662,2202.799,281740.8715,2216.508536,2318.1,2419.691464,0.08765063147,22.07436344,20.35378872,15.99512782,-0.08414100312,114.0206268,0.1806698561,281740.8715,Range/Chop,False,True
2026-05-01 00:00:00+00:00,2257.51,2325.28,2257.21,2295.63,191082.555,ETHUSDT,89.59983364,52.20117013,2286.985881,2246.009008,2207.2412,280555.7291,2217.629924,2318.632,2419.634076,0.08712212696,21.96342071,22.9387087,15.1271508,-0.06867593543,113.1812367,0.1806698561,280555.7291,Range/Chop,False,True
2026-05-02 00:00:00+00:00,2295.63,2343.6,2292.91,2316.97,85588.4724,ETHUSDT,86.82055981,53.99019572,2289.841511,2248.791792,2211.7362,271927.3086,2242.314496,2324.898,2407.481504,0.07104268969,22.08566,23.48929986,14.49629687,-0.06001841852,112.3289103,0.1806698561,271927.3086,Range/Chop,False,True
2026-05-03 00:00:00+00:00,2316.97,2356.92,2297.59,2322.65,151074.4342,ETHUSDT,84.85694839,54.47857112,2292.966129,2251.688193,2216.266,256787.4888,2242.545128,2322.5575,2402.569872,0.06890022896,22.36344309,23.43743092,13.77233453,-0.05771407475,111.3058096,0.1608604929,256787.4888,Range/Chop,False,True
2026-05-04 00:00:00+00:00,2322.65,2398.93,2309.24,2347.16,453020.7985,ETHUSDT,85.20216636,56.61844494,2298.12745,2255.432185,2219.6432,256433.1596,2243.066041,2323.7935,2404.520959,0.06947903016,23.11229263,25.19702469,12.73678014,-0.04777050683,110.3329065,0.1415321101,256433.1596,Range/Chop,False,True
2026-05-05 00:00:00+00:00,2347.17,2399.5,2344.93,2360.77,286636.7312,ETHUSDT,83.01415448,57.80458783,2304.093407,2259.56308,2219.7992,257355.4642,2243.032831,2323.8345,2404.636169,0.06954167296,23.81415123,24.06296539,12.13873575,-0.04224900706,109.3309132,0.1226860598,257355.4642,Range/Chop,False,True
2026-05-06 00:00:00+00:00,2360.76,2423.74,2338,2350.84,420667.3161,ETHUSDT,83.20885773,56.58885373,2308.545464,2263.142567,2220.4682,261940.7832,2242.997298,2323.968,2404.938702,0.06968314711,24.74571822,24.37272066,11.2453082,-0.04627755172,108.4454789,0.1107891467,261940.7832,Range/Chop,False,True
2026-05-07 00:00:00+00:00,2350.84,2352.3,2280.1,2291.06,469521.9378,ETHUSDT,82.42251075,49.79861698,2306.880181,2264.237368,2222.2216,260830.312,2248.267759,2317.571,2386.874241,0.0598067901,24.33363267,22.84772947,15.55939381,-0.0705299585,107.6334566,0.1038821896,260830.312,Range/Chop,False,True
2026-05-08 00:00:00+00:00,2291.06,2321.22,2265.61,2307.06,421035.1582,ETHUSDT,80.50733141,51.47684813,2306.897307,2265.916687,2225.6066,270795.0005,2247.645018,2315.408,2383.170982,0.05853221756,23.66193237,21.72044772,16.0773077,-0.06403884929,106.798174,0.09383682851,270795.0005,Range/Chop,False,True
2026-05-09 00:00:00+00:00,2307.07,2338.37,2300,2326.44,230431.157,ETHUSDT,77.49752202,53.50437518,2308.758516,2268.29015,2229.211,269512.2169,2255.063869,2318.5665,2382.069131,0.05477749341,23.29069667,22.53299575,15.50873072,-0.05617649326,105.9525306,0.08836081686,269512.2169,Range/Chop,False,True
2026-05-10 00:00:00+00:00,2326.43,2382.53,2311.83,2371.27,398122.8623,ETHUSDT,77.01198474,57.88790671,2314.711991,2272.328576,2234.939,274368.3567,2253.978652,2321.4375,2388.896348,0.05811816898,23.54769734,25.15124982,14.49175797,-0.03798921664,105.1581118,0.08738637922,274368.3567,Range/Chop,False,True
2026-05-11 00:00:00+00:00,2371.26,2374.92,2304,2339.87,236962.0552,ETHUSDT,76.57684297,54.0445595,2317.107991,2274.977259,2240.6586,274884.1607,2254.173165,2322.074,2389.974835,0.05848292101,23.61099159,23.48744337,14.26345744,-0.05072801847,104.4127109,0.07908240832,274884.1607,Range/Chop,False,True
2026-05-12 00:00:00+00:00,2339.88,2340.85,2256.27,2274.96,252981.1082,ETHUSDT,77.14849704,47.0851502,2313.093897,2274.976582,2243.1172,268547.8598,2250.669087,2317.1185,2383.567913,0.0573552134,22.66813425,21.64816306,17.56562043,-0.07706163714,103.6558744,0.0703629184,268547.8598,Range/Chop,False,True
2026-05-13 00:00:00+00:00,2274.97,2323.36,2234.13,2258.65,258455.7299,ETHUSDT,78.01146154,45.49968815,2307.908764,2274.336324,2245.1656,263638.3616,2242.732507,2313.538,2384.343493,0.0612097084,21.37231633,19.87949842,18.15767601,-0.08367851159,103.0063596,0.06961241003,263638.3616,Range/Chop,False,True
2026-05-14 00:00:00+00:00,2258.66,2319.33,2238.64,2283.25,256680.8359,ETHUSDT,78.20278572,48.32593659,2305.56031,2274.68588,2247.4502,267278.0225,2239.934373,2311.951,2383.967627,0.06229944031,20.16905682,18.41437275,16.81944922,-0.07369843118,102.3570125,0.06951035156,267278.0225,Range/Chop,False,True
2026-05-15 00:00:00+00:00,2283.26,2300.29,2205.11,2224.66,288536.5507,ETHUSDT,79.41544388,42.65269935,2297.855519,2272.724081,2250.7348,278297.8891,2225.913277,2307.209,2388.504723,0.07047105192,19.04414193,16.83796113,18.3953615,-0.09746806171,101.6039163,0.06951035156,278297.8891,Range/Chop,False,True
2026-05-16 00:00:00+00:00,2224.65,2231.51,2162.55,2180.77,199288.5761,ETHUSDT,78.66862646,38.96269856,2286.704517,2269.118038,2254.4952,280532.7368,2204.631228,2297.7755,2390.919772,0.08107343167,18.71470472,15.78367825,21.10787492,-0.1152739857,100.8884818,0.06951035156,280532.7368,Range/Chop,False,True
2026-05-17 00:00:00+00:00,2180.77,2198.14,2091.48,2131,175116.8149,ETHUSDT,80.66801028,35.23965336,2271.875515,2263.701645,2257.2204,274270.3846,2171.101453,2289.142,2407.182547,0.1031308208,19.37762428,14.29301201,25.40736121,-0.1221927469,100.1168522,0.06951035156,274270.3846,Range/Chop,False,True
2026-05-18 00:00:00+00:00,2131,2157.24,2077.23,2130.08,381878.3932,ETHUSDT,80.62100955,35.17274807,2258.371181,2258.46158,2260.1292,283967.6933,2144.281586,2281.175,2418.068414,0.1200200897,20.16340462,13.27981999,24.86882473,-0.1211634863,99.33566036,0.06951035156,283967.6933,Range/Chop,False,True
2026-05-19 00:00:00+00:00,2130.08,2146.95,2094.47,2111.93,186945.075,ETHUSDT,78.61093744,33.80899853,2244.424402,2252.715244,2261.8382,275561.042,2118.852676,2274.1265,2429.400324,0.1365568921,20.89305779,12.64657027,23.68295201,-0.1286518824,98.6013632,0.06951035156,275561.042,Range/Chop,False,True
2026-05-20 00:00:00+00:00,2111.93,2149,2103.29,2129.44,189088.294,ETHUSDT,76.26087048,36.37212442,2233.473506,2247.88092,2262.3184,276655.7428,2100.159412,2267.723,2435.286588,0.1477813544,21.51945361,12.29713556,22.66900032,-0.12142754,97.85787297,0.06951035156,276655.7428,Range/Chop,False,True
2026-05-21 00:00:00+00:00,2129.44,2157.5,2105.15,2133.76,232889.1117,ETHUSDT,74.55295116,37.02009498,2223.976982,2243.40559,2262.1866,278746.0706,2082.85565,2259.6295,2436.40335,0.1564626856,21.87944434,12.49473716,21.53201154,-0.1196451779,97.10932252,0.06951035156,278746.0706,Range/Chop,False,True
2026-05-22 00:00:00+00:00,2133.77,2141.39,2057.79,2065.85,221783.2548,ETHUSDT,75.19916893,31.57627868,2208.917269,2236.442626,2262.3602,285555.8097,2053.499499,2247.0735,2440.647501,0.1722898703,22.8724613,11.50255292,24.32072382,-0.1476602276,96.30479948,0.06951035156,285555.8097,Range/Chop,False,True
2026-05-23 00:00:00+00:00,2065.86,2149.95,2009.3,2117.68,350546.2289,ETHUSDT,79.8742283,38.95450109,2200.228005,2231.785268,2263.6372,295529.3995,2038.691356,2236.825,2434.958644,0.1771561424,24.35243113,10.05578368,25.59799097,-0.1262759207,95.6393019,0.06961241003,295529.3995,Range/Chop,False,True
2026-05-24 00:00:00+00:00,2117.69,2132.14,2063,2099.85,197748.7605,ETHUSDT,79.1074977,37.45810795,2190.668195,2226.611336,2264.3238,282765.7976,2024.552056,2224.4595,2424.366944,0.1797357464,25.72668882,9.428015047,23.99994388,-0.1336323203,95.040947,0.07007709952,282765.7976,Bear Trend,False,True
2026-05-25 00:00:00+00:00,2099.86,2141.98,2092.26,2113.01,166428.5979,ETHUSDT,77.00839072,39.31115382,2183.272177,2222.156382,2264.3806,276755.3909,2016.835172,2212.0715,2407.307828,0.1765190032,26.71737466,9.905921311,22.8931283,-0.128202695,94.38065317,0.0757722418,276755.3909,Bear Trend,False,True
2026-05-26 00:00:00+00:00,2113.01,2140.49,2055.06,2073.77,282553.3096,ETHUSDT,77.60993424,35.89593728,2172.843398,2216.337308,2263.7128,269849.6906,2005.024657,2198.218,2391.411343,0.1757726873,28.07636004,9.127060363,24.51685273,-0.1443925504,93.74272556,0.09210212624,269849.6906,Bear Trend,False,True
2026-05-27 00:00:00+00:00,2073.77,2097.4,2016,2024.84,267963.1573,ETHUSDT,77.88065323,32.14571937,2158.747836,2208.827609,2259.4094,259771.7516,1982.66211,2184.907,2387.15189,0.1851290604,29.73820967,8.445667302,26.26891833,-0.1645803593,93.17074516,0.1115754553,259771.7516,Bear Trend,False,True
2026-05-28 00:00:00+00:00,2024.83,2030,1967,2009.9,363834.9211,ETHUSDT,76.81774942,31.07807793,2144.571852,2201.026527,2255.8074,256911.7397,1962.296325,2170.049,2377.801675,0.1914727959,31.70661422,7.950918326,29.28631821,-0.1707443868,92.61839432,0.1282884909,256911.7397,Bear Trend,False,True
2026-05-29 00:00:00+00:00,2009.89,2046.59,1976.48,2014.54,283145.695,ETHUSDT,76.33862447,31.8352838,2132.187866,2193.71333,2252.2942,259547.4666,1949.18993,2154.454,2359.71807,0.1905485754,33.05457698,8.981627714,27.36511909,-0.16882999,92.06429472,0.1421691233,259547.4666,Bear Trend,False,True
2026-05-30 00:00:00+00:00,2014.54,2032,2002,2022.44,97977.5349,ETHUSDT,73.02872272,33.18129428,2121.735688,2186.996728,2247.842,244540.2002,1949.929047,2137.0125,2324.095953,0.1750887778,34.30625669,8.718082846,26.56215364,-0.1655705645,91.45288082,0.15212202,244540.2002,Bear Trend,False,True
2026-05-31 00:00:00+00:00,2022.44,2038,1993.75,2007.01,163735.4958,ETHUSDT,70.97309967,31.85807488,2110.809432,2179.938425,2242.2824,240878.8723,1949.951902,2120.3695,2290.787098,0.1607433024,35.55339194,8.329831957,26.2095298,-0.1719367589,90.83571076,0.158602994,240878.8723,Bear Trend,False,True
2026-06-01 00:00:00+00:00,2007.02,2021.5,1956.04,2006.73,374428.2839,ETHUSDT,70.57930683,31.83326661,2100.897105,2173.145938,2238.584,246951.2311,1945.323143,2106.958,2268.592857,0.1534295956,37.07599679,7.778000039,28.28958523,-0.1720522828,90.17111237,0.158602994,246951.2311,Bear Trend,False,True
2026-06-02 00:00:00+00:00,2006.73,2006.78,1839.02,1859.84,556885.5418,ETHUSDT,77.52078492,22.1073184,2077.939286,2160.859431,2228.3916,261872.7217,1907.722488,2087.0175,2266.312512,0.1718193664,39.29463337,6.575707474,34.69905444,-0.2326569682,89.70477101,0.1662813344,261872.7217,Bear Trend,False,True
2026-06-03 00:00:00+00:00,1859.84,1893.07,1769.62,1813.05,584760.4818,ETHUSDT,80.80144314,20.01009194,2052.711735,2147.219845,2218.2038,278276.7039,1870.515219,2063.5075,2256.499781,0.1870526574,41.68022777,5.858100871,37.04731672,-0.2519618441,89.37183499,0.1720546184,278276.7039,Crash/Capitulation,False,True
2026-06-04 00:00:00+00:00,1813.05,1820.5,1717.28,1770.77,648306.1051,ETHUSDT,82.40276863,18.31896285,2025.860141,2132.457106,2206.4202,296265.1817,1823.716519,2040.813,2257.909481,0.2127548986,44.09837276,5.333956579,38.26951557,-0.2694059594,89.06414439,0.173689324,296265.1817,Crash/Capitulation,False,True
2026-06-05 00:00:00+00:00,1770.76,1774.99,1540.19,1583.4,1257013.161,ETHUSDT,93.28828515,13.05377767,1983.72108,2110.925455,2191.1248,349151.4109,1725.479771,2010.9445,2296.409229,0.283911096,46.82420423,4.375014396,44.94874784,-0.3354123558,88.95403884,0.1754307325,349151.4109,Crash/Capitulation,False,True
2026-06-06 00:00:00+00:00,1583.4,1601.22,1505.68,1569.69,558458.3672,ETHUSDT,93.44912193,12.76467988,1944.289549,2089.700535,2174.1386,368318.4885,1644.651467,1982.879,2321.106533,0.34114793,49.42445035,4.055521311,44.30408584,-0.3411667429,88.71121464,0.1761458453,368318.4885,Bear Trend,False,True
2026-06-07 00:00:00+00:00,1569.68,1721.93,1564.1,1690.51,458280.5909,ETHUSDT,98.04775608,27.91551077,1920.120068,2074.046004,2160.9424,372138.5984,1607.024892,1960.9005,2314.776108,0.3609317331,49.60822136,12.38303547,39.20998378,-0.2904559439,88.56556835,0.1768375728,372138.5984,Bear Trend,False,True
2026-06-08 00:00:00+00:00,1690.5,1714.5,1645,1690.49,480027.3121,ETHUSDT,96.00863064,27.9146465,1898.250537,2059.004592,2149.4868,386792.7103,1574.43253,1939.8285,2305.22447,0.37673018,49.77886586,11.74275005,37.18256644,-0.2904643383,88.40748014,0.1784459444,386792.7103,Bear Trend,False,True
2026-06-09 00:00:00+00:00,1690.48,1696.88,1614.02,1639.52,384147.2349,ETHUSDT,95.06944274,25.72844887,1873.609534,2042.554216,2136.0002,396545.6573,1538.555996,1915.3325,2292.109004,0.3934319536,50.10287549,11.01170227,37.19537854,-0.3096525357,88.2618387,0.1824324034,396545.6573,Bear Trend,False,True
2026-06-10 00:00:00+00:00,1639.52,1667.96,1603.44,1621.59,290791.2819,ETHUSDT,92.88733969,24.98709859,1849.607674,2026.045816,2121.8892,399440.7658,1506.250182,1889.724,2273.197818,0.4058516675,50.46067819,10.46536068,36.163525,-0.3072644552,88.08325498,0.1860908589,399440.7658,Bear Trend,False,True
2026-06-11 00:00:00+00:00,1621.6,1693.59,1621.6,1673.46,278507.7204,ETHUSDT,91.39538685,31.1662903,1832.831705,2012.218921,2107.877,402276.9891,1484.53684,1870.1045,2255.67216,0.4123487854,50.31055455,11.87954118,34.12858812,-0.2797241925,87.86793915,0.1888006164,402276.9891,Bear Trend,False,True
2026-06-12 00:00:00+00:00,1673.46,1691.07,1652.09,1666.41,201888.0102,ETHUSDT,87.65143065,30.79498322,1816.982018,1998.657787,2094.6,394844.0782,1469.830081,1847.541,2225.251919,0.4088796069,50.17115402,11.5021824,33.04447872,-0.2815123333,87.45365778,0.1910106856,394844.0782,Bear Trend,False,True
2026-06-13 00:00:00+00:00,1666.42,1697.28,1662.2,1681.18,106751.6077,ETHUSDT,83.89632846,32.60649931,1804.048493,1986.207677,2081.9238,390294.2205,1460.935622,1826.6075,2192.279378,0.4003836385,49.91363141,11.68736286,32.05754611,-0.2691443253,86.97668223,0.2021138472,390294.2205,Bear Trend,False,True
2026-06-14 00:00:00+00:00,1681.19,1732.28,1654.9,1725.62,178009.9541,ETHUSDT,83.43087643,37.8756958,1796.579113,1975.988553,2070.0462,390873.2883,1463.945662,1807.238,2150.530338,0.3799082775,48.95899629,13.90958901,29.93379235,-0.2267029948,86.53409778,0.2483329973,390873.2883,Bear Trend,False,True
2026-06-15 00:00:00+00:00,1725.63,1849.54,1709.66,1796.13,464135.2553,ETHUSDT,87.46295668,45.19705363,1796.53634,1968.935276,2058.58,399952.3856,1472.582551,1793.356,2114.129449,0.3577353845,46.14319652,21.89691062,26.51427214,-0.1828864404,86.18906699,0.312529513,399952.3856,Bear Trend,False,True
2026-06-16 00:00:00+00:00,1796.14,1839.77,1758,1792.99,353577.549,ETHUSDT,87.05631692,44.9430405,1796.198593,1962.035462,2048.3664,404233.1052,1479.040657,1781.7635,2084.486343,0.3398013745,43.5285253,20.42782023,24.73539735,-0.1689501738,85.79045506,0.3404746523,404233.1052,Bear Trend,False,True
2026-06-17 00:00:00+00:00,1793,1810.21,1725.34,1750.6,334498.0575,ETHUSDT,86.90015142,41.5482193,1791.85587,1953.743875,2037.59,402766.262,1484.626483,1768.7985,2052.970517,0.3213164379,41.48870122,19.00277824,25.69438534,-0.1885979143,85.41692256,0.3404746523,402766.262,Bear Trend,False,True
2026-06-18 00:00:00+00:00,1750.61,1762.99,1671.79,1711.11,312480.9656,ETHUSDT,87.20728347,38.62143158,1784.165787,1944.228821,2026.7542,404233.0256,1492.0532,1753.627,2015.2008,0.2983231901,40.17692271,17.58329214,28.16114527,-0.2069015064,85.05652333,0.3404746523,404233.0256,Bear Trend,False,True
2026-06-19 00:00:00+00:00,1711.11,1719.51,1679.11,1711.19,165078.1984,ETHUSDT,83.86390608,38.63086299,1777.215712,1935.090044,2015.8278,407588.0587,1507.066272,1738.0645,1969.062728,0.2658108813,38.95884266,16.97826001,27.19213461,-0.2068644264,84.66625975,0.3404746523,407588.0587,Bear Trend,False,True
2026-06-20 00:00:00+00:00,1711.18,1749.55,1704.06,1741.08,159791.8211,ETHUSDT,81.12291278,42.20421953,1773.774216,1927.481807,2004.7368,407390.875,1529.34928,1724.768,1920.18672,0.2266029052,37.31137096,18.9432315,26.10298468,-0.1901765157,84.29307453,0.3404746523,407390.875,Bear Trend,False,True
2026-06-21 00:00:00+00:00,1741.08,1741.45,1702,1706.94,123762.4689,ETHUSDT,78.14627616,39.38348167,1767.409052,1918.833108,1992.5362,394857.5842,1563.310793,1709.7785,1856.246207,0.1713294526,35.80751405,18.26016223,25.35003523,-0.2060559548,83.86160492,0.3404746523,394857.5842,Bear Trend,False,True
2026-06-22 00:00:00+00:00,1706.94,1779.9,1706.94,1728.19,262657.182,ETHUSDT,77.77582786,41.98270978,1763.673905,1911.356908,1980.647,380146.1663,1573.413189,1703.196,1832.978811,0.1523991492,33.74793654,20.56783713,23.65143681,-0.1931810755,83.43283553,0.3404746523,380146.1663,Bear Trend,False,True
2026-06-23 00:00:00+00:00,1728.19,1736.25,1635.65,1667.13,248262.012,ETHUSDT,79.40612587,37.06462944,1754.479247,1901.779382,1967.0464,363321.2428,1575.57867,1695.9,1816.22133,0.1418967275,32.74928054,18.70658777,27.92392605,-0.2216874107,83.11007346,0.3404746523,363321.2428,Bear Trend,False,True
2026-06-24 00:00:00+00:00,1667.13,1693.67,1552.95,1622.17,355728.3403,ETHUSDT,83.78568831,33.9142587,1741.878366,1890.814308,1952.2744,348692.3545,1569.211784,1688.47,1807.728216,0.1412618714,32.66220731,16.46243445,31.62430668,-0.2421501619,82.95091345,0.3404746523,348692.3545,Bear Trend,False,True
2026-06-25 00:00:00+00:00,1622.18,1660.54,1532.9,1567.84,440671.005,ETHUSDT,86.91813914,30.53656494,1725.303284,1878.148649,1936.6144,307875.2467,1565.5344,1687.692,1809.8496,0.1447629075,32.7616686,14.73563302,29.95481585,-0.2524840278,82.8678363,0.3404746523,307875.2467,Bear Trend,False,True
2026-06-26 00:00:00+00:00,1567.86,1594.7,1512,1578.68,423691.4393,ETHUSDT,86.61684349,31.99193232,1711.339162,1866.404781,1922.3668,301136.9003,1567.669512,1688.1415,1808.613488,0.1427273583,33.04123211,13.73068426,29.63545923,-0.2286290855,82.72452657,0.3305589062,301136.9003,Bear Trend,False,True
2026-06-27 00:00:00+00:00,1578.68,1611.02,1562.86,1573.99,131592.3598,ETHUSDT,83.8699261,31.68264222,1698.258289,1854.937534,1907.7054,284802.4888,1551.997727,1682.3155,1812.633273,0.1549266743,32.98510174,14.55741534,28.41993438,-0.2309207022,82.58611991,0.309819814,284802.4888,Bear Trend,False,True
2026-06-28 00:00:00+00:00,1574,1588.82,1548.37,1571.96,140181.1417,ETHUSDT,80.7685028,31.54050688,1686.229881,1843.840376,1892.6158,267810.1803,1537.592274,1676.389,1815.185726,0.1655901175,33.07812485,14.0366612,28.68472435,-0.2286751717,82.35505182,0.2820670357,267810.1803,Bear Trend,False,True
2026-06-29 00:00:00+00:00,1571.96,1637.58,1550.43,1613.07,309968.9748,ETHUSDT,81.22432403,37.64165289,1679.262273,1834.790557,1877.4518,264101.2672,1534.398346,1675.0665,1815.734654,0.1679553069,32.22407467,17.2488455,26.48633844,-0.2085034347,82.18785764,0.2462068933,264101.2672,Bear Trend,False,True
2026-06-30 00:00:00+00:00,1613.07,1614.41,1550.2,1572.01,222057.2042,ETHUSDT,80.00901517,34.34898589,1669.047771,1824.485438,1862.0946,260664.5634,1526.590483,1672.5875,1818.584517,0.1745762386,31.43383275,16.26007445,24.9885717,-0.2223546871,82.02801067,0.2005895719,260664.5634,Bear Trend,False,True
2026-07-01 00:00:00+00:00,1572,1646.26,1552.92,1609.58,306536.311,ETHUSDT,80.96122838,39.55876586,1663.384174,1816.057773,1848.787,262065.9929,1520.839943,1669.3935,1817.947057,0.1779730864,30.10196774,17.7310472,22.93076723,-0.1979290206,81.93035514,0.1762746625,262065.9929,Bear Trend,False,True
2026-07-02 00:00:00+00:00,1609.59,1725,1597.22,1700.57,373453.5082,ETHUSDT,84.30542635,49.92332,1666.925681,1811.528841,1837.6254,270644.2678,1521.940162,1671.1015,1820.262838,0.1785185856,28.29033361,22.48275522,20.4482178,-0.1016866783,81.92116311,0.1762746625,270644.2678,Range/Chop,False,True
2026-07-03 00:00:00+00:00,1700.57,1775.78,1694.72,1758.21,244416.868,ETHUSDT,84.07361018,55.16801524,1675.619425,1809.437906,1827.1246,277527.5308,1521.047082,1674.953,1828.858918,0.1837734165,27.27092758,25.24865445,19.03998541,-0.0493798458,81.90235384,0.1762746625,277527.5308,Range/Chop,False,True
2026-07-04 00:00:00+00:00,1758.22,1807.65,1744.09,1780.64,190880.1497,ETHUSDT,82.60835231,57.05299876,1685.621385,1808.308576,1818.2442,278171.0406,1518.401524,1677.704,1837.006476,0.1899053422,26.70371334,26.61672393,17.99358355,-0.03725250603,81.89559047,0.1762746625,278171.0406,Range/Chop,False,True
2026-07-05 00:00:00+00:00,1780.64,1808,1748.79,1785.65,389673.4191,ETHUSDT,80.93704143,57.48300553,1695.14792,1807.420005,1810.3418,274447.9488,1519.37726,1677.18,1834.98274,0.1881762726,26.18122101,25.25678133,17.05334649,-0.03454372439,81.85772686,0.1762746625,274447.9488,Range/Chop,False,True
2026-07-06 00:00:00+00:00,1785.65,1833.4,1728.95,1799.56,305879.3304,ETHUSDT,82.61653847,58.71886242,1705.091927,1807.111769,1803.713,272063.0379,1518.718529,1677.5085,1836.298471,0.1893164428,26.00684031,25.17199131,15.5133383,-0.02702293543,81.86096066,0.1762746625,272063.0379,Range/Chop,False,True
2026-07-07 00:00:00+00:00,1799.56,1813.16,1757.57,1771.45,241536.7253,ETHUSDT,80.68607144,55.2253484,1711.411744,1805.713269,1796.5404,267414.9712,1517.596238,1678.551,1839.505762,0.1917782201,25.84491538,23.93322998,14.74989756,-0.04222130908,81.86393966,0.1762746625,267414.9712,Range/Chop,False,True
2026-07-08 00:00:00+00:00,1771.45,1785,1713.44,1743.54,225231.2254,ETHUSDT,80.03420919,51.92224625,1714.471578,1803.275101,1789.1726,263052.4842,1517.296429,1680.1725,1843.048571,0.1938801774,24.8275658,22.40472115,17.74638169,-0.05731154774,81.90621778,0.1762746625,263052.4842,Range/Chop,False,True
2026-07-09 00:00:00+00:00,1743.55,1762.36,1721.93,1745.16,173705.2572,ETHUSDT,77.20533711,52.10132617,1717.394285,1800.996078,1781.487,263483.8372,1517.039774,1681.871,1846.702226,0.1960093557,23.88288404,21.56667502,17.08258024,-0.05643565427,81.90944032,0.1762746625,263483.8372,Range/Chop,False,True
2026-07-10 00:00:00+00:00,1745.17,1812,1737.68,1796.85,215605.8045,ETHUSDT,76.9992416,57.53629222,1724.961496,1800.833486,1774.7488,266274.5363,1514.127618,1684.6595,1855.191382,0.202452641,23.72201699,24.68466928,15.90485309,-0.02848816462,81.9164803,0.1762746625,266274.5363,Range/Chop,False,True
2026-07-11 00:00:00+00:00,1796.85,1830,1786.58,1787.76,178703.4183,ETHUSDT,74.60072434,56.3259071,1730.942306,1800.320801,1769.187,269021.5838,1512.511787,1688.7005,1864.889213,0.208667805,23.81011664,25.38189697,15.2436294,-0.03340290018,81.87401742,0.178245836,269021.5838,Range/Chop,False,True
2026-07-12 00:00:00+00:00,1787.76,1826.92,1779.46,1806.8,141072.9835,ETHUSDT,72.66210118,58.30450952,1738.166848,1800.574887,1762.9694,262942.3739,1509.714949,1692.631,1875.547051,0.2161322235,23.73349131,24.19772214,15.23236134,-0.02310844859,81.78486141,0.181146001,262942.3739,Range/Chop,False,True
2026-07-13 00:00:00+00:00,1806.8,1846,1750.2,1776.72,295031.6198,ETHUSDT,74.31480823,54.1321164,1741.838577,1799.639401,1756.5068,265280.8543,1512.039778,1698.1105,1884.181222,0.2191503114,23.02378142,21.9696123,16.64213592,-0.03937195194,81.72006179,0.1859748445,265280.8543,Range/Chop,False,True
2026-07-14 00:00:00+00:00,1776.71,1896.14,1773.41,1891.87,368913.772,ETHUSDT,77.77303622,64.58137663,1756.127284,1803.256287,1752.084,265940.1259,1510.97125,1711.5955,1912.21975,0.2344295133,23.09433337,24.09821404,14.76626604,-0.002251943422,81.69268833,0.1887463577,265940.1259,Range/Chop,False,True
2026-07-15 00:00:00+00:00,1891.87,1946.52,1864.38,1917.86,319800.9693,ETHUSDT,78.0849622,66.43973409,1771.530399,1807.750551,1748.9658,259896.6241,1520.767842,1729.0965,1937.425158,0.2409682259,23.7766702,26.89605721,13.6567593,-0.01472371206,81.68296059,0.1896108925,259896.6241,Range/Chop,False,True
2026-07-16 00:00:00+00:00,1917.86,1929.48,1857.54,1864.71,271689.0863,ETHUSDT,77.64603633,59.55769502,1780.404647,1809.984254,1745.7632,252296.5064,1539.104393,1743.398,1947.691607,0.234362557,24.25540951,25.11609113,13.38219164,-0.04202885149,81.63259436,0.1908417812,252296.5064,Range/Chop,False,True
2026-07-17 00:00:00+00:00,1864.71,1871.08,1803.05,1841.93,253027.7556,ETHUSDT,76.95917659,56.84013298,1786.264205,1811.237029,1742.4038,258368.2762,1563.870517,1756.795,1949.719483,0.2196323226,23.55381636,23.53023395,17.59463787,-0.05373178801,81.57156381,0.1928291987,258368.2762,Range/Chop,False,True
2026-07-18 00:00:00+00:00,1841.94,1867.58,1837.58,1862.61,92597.9232,ETHUSDT,73.60494969,58.68323508,1793.535233,1813.251655,1739.3652,255989.1153,1593.053415,1771.3275,1949.601585,0.2012886775,22.902337,22.84519945,17.08240607,-0.0431076999,81.48813068,0.1949447665,255989.1153,Range/Chop,False,True
2026-07-19 00:00:00+00:00,1862.61,1879.38,1851.71,1872.23,143922.6662,ETHUSDT,70.32388186,59.54862495,1801.029972,1815.564531,1736.361,247686.7999,1616.544074,1784.2855,1952.026926,0.1880208362,22.48050757,23.4016791,16.60231091,-0.03816554672,81.38918087,0.1949447665,247686.7999,Range/Chop,False,True
2026-07-20 00:00:00+00:00,1872.24,1918.16,1843.14,1904.77,271195.633,ETHUSDT,70.65931887,62.41619111,1810.909975,1819.062785,1734.3162,250143.7213,1656.282499,1800.9235,1945.564501,0.1606298112,22.65721103,25.54719131,15.343246,-0.02144853379,81.324287,0.1949447665,250143.7213,Range/Chop,False,True
2026-07-21 00:00:00+00:00,1904.77,1953,1900.74,1930.09,326965.6779,ETHUSDT,69.34508181,64.52360792,1822.260454,1823.416793,1732.7834,251165.1896,1690.821753,1816.949,1943.076247,0.1388341083,23.27629943,27.76065942,14.51731655,-0.01173067076,81.22671888,0.1949447665,251165.1896,Range/Chop,False,True
2026-07-22 00:00:00+00:00,1930.09,1956.45,1910.68,1934.25,251140.8253,ETHUSDT,67.66114739,64.87211847,1832.926125,1827.763194,1734.2716,245049.5555,1704.515678,1828.633,1952.750322,0.1357487501,23.89517268,26.78351563,13.81586147,-0.01134708273,81.02316753,0.1949447665,245049.5555,Range/Chop,False,True
2026-07-23 00:00:00+00:00,1934.26,1941.5,1869.44,1878.38,219789.0733,ETHUSDT,67.97535115,56.80150834,1837.255065,1829.748167,1735.5782,243818.1658,1713.135227,1834.6415,1956.147773,0.1324577831,23.49416847,24.75544841,17.10321802,-0.03990390759,80.83763175,0.1949447665,243818.1658,Range/Chop,False,True
2026-07-24 00:00:00+00:00,1878.38,1909.8,1848.09,1861.44,200795.4361,ETHUSDT,67.52782607,54.58415798,1839.558392,1830.990984,1737.3916,244313.9301,1719.270916,1838.6815,1958.092084,0.1298871867,22.66077145,23.13954447,18.24513925,-0.04856244729,80.67962234,0.1949447665,244313.9301,Range/Chop,False,True
2026-07-25 00:00:00+00:00,1861.44,1877.07,1851.22,1874.89,88434.488,ETHUSDT,64.55083849,56.05111005,1842.923307,1832.712514,1743.2214,229251.9835,1725.334363,1843.1435,1960.952637,0.1278350136,21.88690279,22.47765507,17.72325066,-0.04168775077,80.46197075,0.1949447665,229251.9835,Range/Chop,False,True
2026-07-26 00:00:00+00:00,1874.88,1967.36,1873.85,1954.72,153233.6949,ETHUSDT,66.61935003,63.57204559,1853.570611,1837.497121,1750.922,221619.7018,1725.409646,1850.9015,1976.393354,0.1356007909,22.49806214,29.90483487,15.94630965,-0.006424853611,80.27428236,0.1949447665,221619.7018,Range/Chop,False,True
2026-07-27 00:00:00+00:00,1954.72,1981.24,1882.49,1892.53,342451.48,ETHUSDT,68.91439645,55.59087527,1857.281029,1839.655273,1754.9624,226665.4395,1735.771013,1856.9555,1978.139987,0.1305195381,23.23336514,28.28263345,14.31416252,-0.0447749894,80.14255981,0.1949447665,226665.4395,Range/Chop,False,True
