timestamp,weight,daily_return,turnover,cost,gross_pnl,equity_before,equity,net_pnl,asset
2021-02-26 00:00:00+00:00,0.0,0.0,0.0,0.0,0.0,1.0,1.0,0.0,SOL
2021-02-27 00:00:00+00:00,0.16877692546266929,-0.029758314823259413,0.16877692546266929,0.0005063307763880079,-0.005022516882819901,1.0,0.9944711523407922,-0.005528847659207803,SOL
2021-02-28 00:00:00+00:00,0.17232332457725733,-0.007800418448103308,0.003546399114588039,1.0580374842434197e-05,-0.001336762195998965,0.9944711523407922,0.9931238097699507,-0.0013473425708414588,SOL
2021-03-01 00:00:00+00:00,0.17274601002024598,0.1449188995087367,0.00042268544298865174,1.2593369324255674e-06,0.024862022008789494,0.9931238097699507,1.0179845724418077,0.024860762671856995,SOL
2021-03-02 00:00:00+00:00,0.17457412373038422,-0.06951386340128796,0.001828113710138246,5.582974660770268e-06,-0.01235357036423745,1.0179845724418077,1.0056254191029095,-0.012359153338898254,SOL
2021-03-03 00:00:00+00:00,0.17167375633523033,0.009351826618281933,0.0029003673951538966,8.750049531912154e-06,0.0016144946075339324,1.0056254191029095,1.0072311636609115,0.001605744558001998,SOL
2021-03-04 00:00:00+00:00,0.17709106742657016,-0.07271461255346656,0.005417311091339833,1.6369453663330147e-05,-0.012970224832594295,1.0072311636609115,0.9942445693746539,-0.012986594286257591,SOL
2021-03-05 00:00:00+00:00,0.17410199845161764,-0.03927728568363631,0.002989068974952519,8.915596787498415e-06,-0.0067988968351762324,0.9942445693746539,0.9874367569426902,-0.006807812431963711,SOL
2021-03-06 00:00:00+00:00,0.17316564629853198,0.040189181860235124,0.0009363521530856567,2.7737656001976185e-06,0.006871953197573323,0.9874367569426902,0.9943059363746632,0.0068691794319730715,SOL
2021-03-07 00:00:00+00:00,0.1745046151747184,0.059445948121851444,0.001338968876186425,3.994034106639222e-06,0.01031452440611647,0.9943059363746632,1.0046164667466733,0.010310530372010018,SOL
2021-03-08 00:00:00+00:00,0.17423132933625088,-0.015531141893554423,0.00027328583846752963,8.236423603594551e-07,-0.0027185037103215903,1.0046164667466733,1.0018971393939913,-0.0027193273526819883,SOL
2021-03-09 00:00:00+00:00,0.1737948726761163,0.09087834857529331,0.0004364566601345876,1.3118540377748966e-06,0.015824154801638433,1.0018971393939913,1.0177199823415919,0.015822842947600613,SOL
2021-03-10 00:00:00+00:00,0.17507277008327465,-0.04273872902486686,0.0012778974071583626,3.901625179942725e-06,-0.00761497545778837,1.0177199823415919,1.0101011052586235,-0.007618877082968378,SOL
2021-03-11 00:00:00+00:00,0.17382164578830173,0.1285621761658029,0.0012511242949729273,3.79128609950421e-06,0.022572617325734647,1.0101011052586235,1.0326699312982586,0.02256882603963506,SOL
2021-03-12 00:00:00+00:00,0.17209617299486107,-0.09177842929324431,0.0017254727934406522,5.345531613178118e-06,-0.016310728745975417,1.0326699312982586,1.01635385702067,-0.01631607427758852,SOL
2021-03-13 00:00:00+00:00,0.18579028839247305,0.05107248088902927,0.013694115397611978,4.175420100854724e-05,0.009643948956763838,1.01635385702067,1.0259560517764255,0.009602194755755411,SOL
2021-03-14 00:00:00+00:00,0.19585671720329617,-0.05507308881091011,0.01006642881082312,3.098314067472163e-05,-0.01106640763002021,1.0259560517764255,1.0148586610057306,-0.011097390770694826,SOL
2021-03-15 00:00:00+00:00,0.19690026442469913,-0.020939801528301216,0.0010435472214029573,3.177158807427768e-06,-0.004184315496704354,1.0148586610057306,1.010671168350219,-0.00418749265551166,SOL
2021-03-16 00:00:00+00:00,0.2385723631205952,-0.036623180318837045,0.04167209869589608,0.0001263503660297608,-0.008830515645305995,1.010671168350219,1.0017143023388833,-0.008956866011335718,SOL
2021-03-17 00:00:00+00:00,0.24039312782472602,0.04124875359258606,0.0018207647041308117,5.471658135964978e-06,0.009932915774518427,1.0017143023388833,1.0116417464552658,0.009927444116382578,SOL
2021-03-18 00:00:00+00:00,0.2535108475595599,0.0001549099409934307,0.01311771973483386,3.9811298706174096e-05,3.972853754138535e-05,1.0116417464552658,1.011641663694101,-8.276116481020779e-08,SOL
2021-03-19 00:00:00+00:00,0.31656045145768064,-0.003435651929034056,0.06304960389812075,0.0001913508185482469,-0.001100252900485301,1.011641663694101,1.0103500599750674,-0.001291603719033585,SOL
2021-03-20 00:00:00+00:00,0.3172783456414826,0.0024160732451676825,0.0007178941838019703,2.1759732949802186e-06,0.0007745017440749173,1.0103500599750674,1.0111223857458476,0.0007723257707801245,SOL
2021-03-21 00:00:00+00:00,0.31946193599481776,0.010416226197020428,0.002183590353335152,6.623631262667572e-06,0.0033645985016264885,1.0111223857458476,1.0144803606162114,0.0033579748703638224,SOL
2021-03-22 00:00:00+00:00,0.31965783134680276,0.03202856903718998,0.0001958953519849982,5.961959619743419e-07,0.010386435500299605,1.0144803606162114,1.024866199920549,0.010385839304337674,SOL
2021-03-23 00:00:00+00:00,0.3610831680399227,-0.043334865237490194,0.04142533669311993,0.00012736628219132132,-0.0160365840517372,1.024866199920549,1.0087022495866207,-0.016163950333928367,SOL
2021-03-24 00:00:00+00:00,0.3709839948861661,-0.03941307787950721,0.009900826846243438,2.9960958937720088e-05,-0.014748862078520072,1.0087022495866207,0.9939234265491629,-0.014778823037457811,SOL
2021-03-25 00:00:00+00:00,0.36633572950128696,-0.04549432607944226,0.004648265384879169,1.3860059576546902e-05,-0.016564923761460248,0.9939234265491629,0.977344642728126,-0.016578783821036835,SOL
2021-03-26 00:00:00+00:00,0.37750810847035243,0.13774106805766384,0.011172378969065477,3.275779419583359e-05,0.050820328409844635,0.977344642728126,1.028132213343775,0.05078757061564887,SOL
2021-03-27 00:00:00+00:00,0.33827969651740647,0.11461832267851335,0.03922841195294596,0.00012099598202143118,0.03986382316530568,1.028132213343775,1.0678750405270592,0.03974282718328426,SOL
2021-03-28 00:00:00+00:00,0.3185697975571606,0.0975520842826676,0.019709898960245886,6.314312745287046e-05,0.03318651040360841,1.0678750405270592,1.1009984078032147,0.0331233672761555,SOL
2021-03-29 00:00:00+00:00,0.30987231615783034,0.04904093664369347,0.008697481399330242,2.8727739517682017e-05,0.016731243719683306,1.1009984078032147,1.1177009237833804,0.0167025159801657,SOL
2021-03-30 00:00:00+00:00,0.30943936017460694,0.006232058426207443,0.00043295598322340423,1.451745907219022e-06,0.002155423832482697,1.1177009237833804,1.119854895869956,0.0021539720865755285,SOL
2021-03-31 00:00:00+00:00,0.31972219717241274,0.016655741143771108,0.0102828369978058,3.454585606627663e-05,0.005963462662517326,1.119854895869956,1.125783812676407,0.005928916806451134,SOL
2021-04-01 00:00:00+00:00,0.32656480115246594,-0.017631189357322996,0.006842603980053208,2.3109878391897174e-05,-0.006481954555880922,1.125783812676407,1.1192787482421342,-0.006505064434272789,SOL
2021-04-02 00:00:00+00:00,0.353838987235486,0.03706095787190922,0.02727418608302007,9.158225057497722e-05,0.014677786999735907,1.1192787482421342,1.1338649529912952,0.014586204749160947,SOL
2021-04-03 00:00:00+00:00,0.38873607045070707,0.13923473805195918,0.03489708321522106,0.00011870573885807983,0.061371081146946456,1.1338649529912952,1.1951173283993837,0.06125237540808848,SOL
2021-04-04 00:00:00+00:00,0.35135479407652914,0.05668888888888901,0.03738127637417793,0.00013402503345739958,0.023804242830807,1.1951173283993837,1.2187875461967332,0.02367021779734957,SOL
2021-04-05 00:00:00+00:00,0.36534256528178444,-0.03380791150554152,0.013987771205255295,5.1144364032043276e-05,-0.01505381673612406,1.2187875461967332,1.203682585096577,-0.015104961100156133,SOL
2021-04-06 00:00:00+00:00,0.36128682990834265,0.09068114244918757,0.004055735373441782,1.4645454116316109e-05,0.039434931479358164,1.203682585096577,1.2431028711218188,0.039420286025241724,SOL
2021-04-07 00:00:00+00:00,0.36221001509436945,0.05921819371936721,0.0009231851860267981,3.4428424659811298e-06,0.026663839117494956,1.2431028711218188,1.2697632673968478,0.02666039627502892,SOL
2021-04-08 00:00:00+00:00,0.3602331665269274,0.015068673813516398,0.001976848567442069,7.530389088432057e-06,0.006892574785211089,1.2697632673968478,1.2766483117929703,0.006885044396122586,SOL
2021-04-09 00:00:00+00:00,0.36220120803283223,0.02519823003593369,0.0019680415059048495,7.537490598155764e-06,0.011651751293578453,1.2766483117929703,1.2882925255959508,0.011644213802980419,SOL
2021-04-10 00:00:00+00:00,0.3656883571616771,-0.029514215778572828,0.0034871491288448464,1.347740447498774e-05,-0.013904547774547645,1.2882925255959508,1.2743745004169282,-0.01391802517902252,SOL
2021-04-11 00:00:00+00:00,0.3571278264667479,0.03916111050999738,0.00856053069492918,3.272796608296246e-05,0.01782279296668162,1.2743745004169282,1.292164565417527,0.017790065000598654,SOL
2021-04-12 00:00:00+00:00,0.35818094525346306,0.024799204357364157,0.001053118786715157,4.082408338106472e-06,0.011477784145247073,1.292164565417527,1.303638267154436,0.011473701736909092,SOL
2021-04-13 00:00:00+00:00,0.35804204741455026,-0.038248360334099396,0.00013889783891279928,5.432176140953329e-07,-0.0178527019443903,1.303638267154436,1.2857850219924316,-0.017853245162004372,SOL
2021-04-14 00:00:00+00:00,0.3602858426507416,-0.03803181703927405,0.002243795236191337,8.655114921338375e-06,-0.01761824457231912,1.2857850219924316,1.268158122305191,-0.017626899687240627,SOL
2021-04-15 00:00:00+00:00,0.3608842763733298,0.05206633165067953,0.0005984337225882208,2.2767257578847512e-06,0.023828590199574,1.268158122305191,1.2919844357790071,0.02382631347381614,SOL
2021-04-16 00:00:00+00:00,0.38058450242516445,-0.08933970685633652,0.019700226051834635,7.635715632089541e-05,-0.04392916057803182,1.2919844357790071,1.2479789180446543,-0.044005517734352795,SOL
2021-04-17 00:00:00+00:00,0.36180555704226114,-0.01777103195307439,0.01877894538290331,7.0307183822926e-05,-0.008024077777752114,1.2479789180446543,1.2398845330830794,-0.008094384961574885,SOL
2021-04-18 00:00:00+00:00,0.380063732541251,0.3012394366197182,0.018258175498989837,6.79140882105418e-05,0.14195460916254746,1.2398845330830794,1.3817712281574164,0.14188669507433693,SOL
2021-04-19 00:00:00+00:00,0.2721716074666122,-0.026741258914268373,0.1078921250746388,0.0004472467025186917,-0.010056823138651154,1.3817712281574164,1.3712671583162466,-0.010504069841169805,SOL
2021-04-20 00:00:00+00:00,0.26927908668698625,0.007362310182993381,0.002892520779625929,1.1899256249545025e-05,0.002718559303758126,1.3712671583162466,1.3739738183637553,0.0027066600475087466,SOL
2021-04-21 00:00:00+00:00,0.26932679516716335,0.026830437690046338,4.770848017709994e-05,1.966506080317846e-07,0.009928548871111127,1.3739738183637553,1.3839021705842585,0.009928352220503145,SOL
2021-04-22 00:00:00+00:00,0.2693984989028656,0.19495966627141859,7.170373570225541e-05,2.9769286643205375e-07,0.07268509037206958,1.3839021705842585,1.4565869632634616,0.07268479267920314,SOL
2021-04-23 00:00:00+00:00,0.24793641449941686,-0.038835475578406164,0.02146208440344874,9.378417703957051e-05,-0.014025080508286394,1.4565869632634616,1.4424680985781355,-0.014118864685326082,SOL
2021-04-24 00:00:00+00:00,0.2431812482682795,0.09229378458542947,0.004755166231137364,2.057752677555502e-05,0.032374923844848066,1.4424680985781355,1.474822444896208,0.032354346318072436,SOL
2021-04-25 00:00:00+00:00,0.2494621446468649,0.16074642324578048,0.006280896378585393,2.7789620859615148e-05,0.059140597557778285,1.474822444896208,1.5339352528331267,0.059112807936918754,SOL
2021-04-26 00:00:00+00:00,0.23737363649803783,-0.07440143444784308,0.01208850814882706,5.562896641093904e-05,-0.027090737015453042,1.5339352528331267,1.5067888868512629,-0.027146365981863818,SOL
2021-04-27 00:00:00+00:00,0.23132043558344578,-0.01665982952732581,0.0060532009145920496,2.7362687603955605e-05,-0.005806801268469664,1.5067888868512629,1.5009547228951892,-0.0058341639560737235,SOL
2021-04-28 00:00:00+00:00,0.23239402043584348,0.03907571789463926,0.0010735848523976965,4.834206763905172e-06,0.013630114577889213,1.5009547228951892,1.5145800032663144,0.013625280371125204,SOL
2021-04-29 00:00:00+00:00,0.23307489005887203,-0.05239444159436124,0.000680869623028546,3.093694547611529e-06,-0.018495791573994797,1.5145800032663144,1.496081117997772,-0.018498885268542375,SOL
2021-04-30 00:00:00+00:00,0.22855534141797193,0.007108558516147223,0.004519548640900095,2.0284834150569375e-05,0.002430681524228275,1.496081117997772,1.4984915146878497,0.0024103966900776985,SOL
2021-05-01 00:00:00+00:00,0.22841504384211236,0.1608937502921517,0.00014029757585956593,6.307041808705034e-07,0.05507039187090108,1.4984915146878497,1.5535612758545698,0.05506976116672013,SOL
2021-05-02 00:00:00+00:00,0.21972883427786594,-0.055828467888061284,0.008686209564246428,4.0483676438912545e-05,-0.01905772907437913,1.5535612758545698,1.5344630631037517,-0.019098212750818133,SOL
2021-05-03 00:00:00+00:00,0.21521759913761856,-0.021003475702070507,0.004511235140247372,2.0766971075055796e-05,-0.006936260412402659,1.5344630631037517,1.527506035720274,-0.0069570273834775875,SOL
2021-05-04 00:00:00+00:00,0.21397000781482806,-0.07135389440669093,0.0012475913227905089,5.717109827024229e-06,-0.02332134098360479,1.527506035720274,1.5041789776268422,-0.02332705809343194,SOL
2021-05-05 00:00:00+00:00,0.21068793004736092,0.05497701472933647,0.0032820777674671398,1.4810497142281533e-05,0.017422895220671246,1.5041789776268422,1.5215870623503711,0.01740808472352895,SOL
2021-05-06 00:00:00+00:00,0.21241273506020483,-0.032992441084926494,0.0017248050128439163,7.873322977861106e-06,-0.01066330441988346,1.5215870623503711,1.51091588460751,-0.010671177742861193,SOL
2021-05-07 00:00:00+00:00,0.21093842552106665,-0.007219054625712706,0.0014743095391381855,6.682673104536785e-06,-0.0023007864720267974,1.51091588460751,1.5086084154623787,-0.002307469145131247,SOL
2021-05-08 00:00:00+00:00,0.21883853371172696,0.05627344726969574,0.00790010819066031,3.575450909848023e-05,0.018578208934543334,1.5086084154623787,1.5271508698878236,0.018542454425444888,SOL
2021-05-09 00:00:00+00:00,0.2196794077950707,-0.0281066386038763,0.00084087408334374,3.852424763533557e-06,-0.00942931626648906,1.5271508698878236,1.5177177011965708,-0.009433168691252769,SOL
2021-05-10 00:00:00+00:00,0.2695910684769584,-0.03329573652154294,0.04991166068188771,0.00022725543273905368,-0.013623387994290028,1.5177177011965708,1.5038670577695417,-0.01385064342702913,SOL
2021-05-11 00:00:00+00:00,0.26884369875484765,0.039296215055770745,0.0007473697221107578,3.371834115170236e-06,0.015887663389714514,1.5038670577695417,1.5197513493251409,0.015884291555599228,SOL
2021-05-12 00:00:00+00:00,0.2682773487797803,-0.018613318963581538,0.0005663499750673262,2.5821334163964867e-06,-0.007588926787516136,1.5197513493251409,1.5121598404042083,-0.0075915089209326325,SOL
2021-05-13 00:00:00+00:00,0.26705495136779867,-0.06085703173259516,0.0012223974119816572,5.5453808262381e-06,-0.02457588128808777,1.5121598404042083,1.487578413735294,-0.024581426668914164,SOL
2021-05-14 00:00:00+00:00,0.30084800068327094,0.04022022460961305,0.03379304931547228,0.00015080943208796647,0.0179999578840945,1.487578413735294,1.5054275621873008,0.01784914845200669,SOL
2021-05-15 00:00:00+00:00,0.3020745036998172,0.01840749414519882,0.0012265030165462543,5.539234338643794e-06,0.008370831592298511,1.5054275621873008,1.5137928545452608,0.008365292357960019,SOL
2021-05-16 00:00:00+00:00,0.3145340634156816,0.0773582302350182,0.012459559715864377,5.658357740596643e-05,0.03683330269915793,1.5137928545452608,1.5505695736670126,0.036776719121751844,SOL
2021-05-17 00:00:00+00:00,0.3525163472413384,-0.0030309498399146984,0.037982283825656826,0.00017668252091534452,-0.001656720583988878,1.5505695736670126,1.5487361705621085,-0.0018334031049040966,SOL
2021-05-18 00:00:00+00:00,0.3706585647594699,0.1984456624132911,0.018142217518131498,8.429252545360733e-05,0.11391819412701949,1.5487361705621085,1.6625700721636745,0.11383390160156592,SOL
2021-05-19 00:00:00+00:00,0.30206766183916883,-0.374957571859871,0.06859090292030107,0.0003421115472539296,-0.18830693759918682,1.6625700721636745,1.4739210230172337,-0.18864904914644076,SOL
2021-05-20 00:00:00+00:00,0.1613358934102574,0.26957814107694067,0.14073176842891144,0.0006222825362812968,0.0641047020489808,1.4739210230172337,1.5374034425299332,0.0634824195126995,SOL
2021-05-21 00:00:00+00:00,0.14819833305704194,-0.12370553804592532,0.01313756035321545,6.0593191540434596e-05,-0.028185147403600216,1.5374034425299332,1.5091577019347926,-0.028245740595140623,SOL
2021-05-22 00:00:00+00:00,0.14484585943837416,-0.19789338471419382,0.0033524736186677784,1.517823414643705e-05,-0.04325855278977395,1.5091577019347926,1.4658839709108722,-0.0432737310239204,SOL
2021-05-23 00:00:00+00:00,0.14180480065170964,-0.2141438729101275,0.0030410587866645244,1.3373517989907574e-05,-0.04451395500778214,1.4658839709108722,1.4213566423851,-0.044527328525772125,SOL
2021-05-24 00:00:00+00:00,0.13439897520462332,0.28040430388001303,0.007405825447086317,3.157895757468222e-05,0.053565319034132336,1.4213566423851,1.4748903824616577,0.053533740076557645,SOL
2021-05-25 00:00:00+00:00,0.12443421279910973,-0.045932009167303334,0.009964762405513597,4.409079670622249e-05,-0.008429755748937348,1.4748903824616577,1.466416535916014,-0.00847384654564376,SOL
2021-05-26 00:00:00+00:00,0.12471550381213836,0.1820638574717246,0.0002812910130286367,1.2374693787292794e-06,0.033296726193556066,1.466416535916014,1.4997120246401914,0.033295488724177424,SOL
2021-05-27 00:00:00+00:00,0.12141831360243303,-0.04750211685012695,0.003297190209705328,1.4834507415062982e-05,-0.00864977944629453,1.4997120246401914,1.4910474106864817,-0.008664613953709654,SOL
2021-05-28 00:00:00+00:00,0.12131903860151189,-0.1409903102497999,9.927500092114794e-05,4.4407119920812715e-07,-0.0255040810081589,1.4910474106864817,1.4655428856071238,-0.025504525079357965,SOL
2021-05-29 00:00:00+00:00,0.11930053552432945,-0.05522784504467204,0.002018503077182432,8.8746084730224e-06,-0.009656039249024386,1.4655428856071238,1.4558779717496264,-0.009664913857497348,SOL
2021-05-30 00:00:00+00:00,0.1197913207520318,0.043814809405579025,0.0004907852277023506,2.14357020561593e-06,0.0076413704581426945,1.4558779717496264,1.4635171986375635,0.007639226887937056,SOL
2021-05-31 00:00:00+00:00,0.11933715423650432,0.1455855603749825,0.00045416651552748766,1.9940415195593164e-06,0.02542680603846116,1.4635171986375635,1.4889420106345053,0.0254248119969418,SOL
2021-06-01 00:00:00+00:00,0.1169619449716857,-0.0553282442748092,0.0023752092648186146,1.06096465753102e-05,-0.009635389037164028,1.4889420106345053,1.4792960119507659,-0.009645998683739387,SOL
2021-06-02 00:00:00+00:00,0.11707457366471258,0.09877820156441919,0.0001126286930268755,4.998335292776519e-07,0.017107194226027123,1.4792960119507659,1.4964027063432637,0.01710669439249779,SOL
2021-06-03 00:00:00+00:00,0.1159055363026969,0.16497028887450726,0.001169037362015679,5.248052017009956e-06,0.028612670965622082,1.4964027063432637,1.5250101292568687,0.028607422913605074,SOL
2021-06-04 00:00:00+00:00,0.11379250166485257,-0.05716882985707783,0.0021130346378443327,9.66719767854968e-06,-0.009920776748908287,1.5250101292568687,1.515079685310282,-0.00993044394658682,SOL
2021-06-05 00:00:00+00:00,0.11369001171934538,0.06146553109432751,0.00010248994550718371,4.658413031594755e-07,0.010587402522230524,1.515079685310282,1.5256666219912094,0.010586936680927472,SOL
2021-06-06 00:00:00+00:00,0.11335416210985227,0.06489541543663102,0.00033584960949310794,1.5371836176372505e-06,0.011223056080079213,1.5256666219912094,1.536888140887671,0.011221518896461502,SOL
2021-06-07 00:00:00+00:00,0.1135099485518453,-0.09406468427911385,0.0001557864419930305,7.182790056305208e-07,-0.016409781125324957,1.536888140887671,1.5204776414833403,-0.016410499404330592,SOL
2021-06-08 00:00:00+00:00,0.11275332525246606,0.07872368248986517,0.0007566232993792416,3.4512864291944776e-06,0.013496302321127565,1.5204776414833403,1.5339704925180389,0.01349285103469855,SOL
2021-06-09 00:00:00+00:00,0.11549893017466682,0.019081100739483547,0.002745604922200759,1.263503080430475e-05,0.0033806358415275203,1.5339704925180389,1.5373384933287622,0.003368000810723304,SOL
2021-06-10 00:00:00+00:00,0.14470408095579884,-0.02205462504758282,0.02920515078113202,0.00013469460749791445,-0.004906253225353735,1.5373384933287622,1.5322975454959107,-0.005040947832851472,SOL
2021-06-11 00:00:00+00:00,0.1564363204423699,-0.12037465028585337,0.011732239486571067,5.3931845305329154e-05,-0.028854645073095323,1.5322975454959107,1.5033889685775101,-0.02890857691840054,SOL
2021-06-12 00:00:00+00:00,0.1566665916611855,0.008822634621235226,0.00023027121881558088,1.0385616304447269e-06,0.0020780024167307235,1.5033889685775101,1.5054659324326103,0.0020769638551001446,SOL
2021-06-13 00:00:00+00:00,0.1700980076106922,0.061136089483496026,0.013431415949506698,6.0661617408943e-05,0.015655531446995528,1.5054659324326103,1.5210608022621968,0.015594869829586466,SOL
2021-06-14 00:00:00+00:00,0.19370815857613133,0.025525758280369848,0.02361015096543914,0.00010773742550706733,0.007520957589094179,1.5210608022621968,1.528474022425784,0.007413220163587253,SOL
2021-06-15 00:00:00+00:00,0.2235835086215358,-0.003980450445911221,0.02987535004540448,0.00013699108936583314,-0.0013602854434874528,1.528474022425784,1.5269767458929306,-0.0014972765328533644,SOL
2021-06-16 00:00:00+00:00,0.22588300235610853,0.004856333468231444,0.0022994937345727218,1.0533820380057113e-05,0.0016750372734451778,1.5269767458929306,1.5286412493459958,0.0016645034530651248,SOL
2021-06-17 00:00:00+00:00,0.2463082310533813,-0.0116542488924688,0.020425228697272757,9.366854134193014e-05,-0.004388021921699578,1.5286412493459958,1.5241595588829542,-0.004481690463041588,SOL
2021-06-18 00:00:00+00:00,0.24886824416336675,-0.06226919648541962,0.002560013109985465,1.1705605357350079e-05,-0.023619634862641306,1.5241595588829542,1.5005282184149553,-0.023631340467998863,SOL
2021-06-19 00:00:00+00:00,0.27144619322467034,-0.04426941879413371,0.022577949061303587,0.00010163654904126445,-0.018031495288575432,1.5005282184149553,1.4823950865773388,-0.018133131837616556,SOL
2021-06-20 00:00:00+00:00,0.27327242643065214,0.0019039499857913533,0.0018262332059817976,8.121597394475394e-06,0.0007712857644198949,1.4823950865773388,1.4831582507443644,0.0007631641670255984,SOL
2021-06-21 00:00:00+00:00,0.27447536374790904,-0.2458235244065008,0.0012029373172569024,5.352439221653597e-06,-0.10007239697070497,1.4831582507443644,1.3830805013344378,-0.10007774940992653,SOL
2021-06-22 00:00:00+00:00,0.21864809647069594,0.01383978939450925,0.0558272672772131,0.00023164081444169865,0.004185261908565785,1.3830805013344378,1.387034122428562,0.003953621094124227,SOL
2021-06-23 00:00:00+00:00,0.21989088822691688,0.14389049632762085,0.00124279175622094,5.171383718854089e-06,0.04388604958603868,1.387034122428562,1.430915000630882,0.043880878202319895,SOL
2021-06-24 00:00:00+00:00,0.2137459029972112,0.009858287122612497,0.006144985229705691,2.6378854631523235e-05,0.0030151789912222253,1.430915000630882,1.4339038007674727,0.0029888001365907524,SOL
2021-06-25 00:00:00+00:00,0.23126020471589717,-0.08028001669824347,0.01751430171868598,7.534147140663632e-05,-0.026621245826112583,1.4339038007674727,1.4072072134699536,-0.026696587297519114,SOL
2021-06-26 00:00:00+00:00,0.22902017774086622,0.03690513599385503,0.002240026975030951,9.456546352892502e-06,0.011893744645002067,1.4072072134699536,1.4190915015686028,0.011884288098649165,SOL
2021-06-27 00:00:00+00:00,0.23119966743102296,0.07404539026197043,0.002179489690156744,9.27868589117347e-06,0.024293810007201048,1.4190915015686028,1.4433760328899126,0.02428453132130981,SOL
2021-06-28 00:00:00+00:00,0.2301404930539679,0.03461140546132868,0.0010591743770550777,4.586360731477207e-06,0.011497191464595657,1.4433760328899126,1.4548686379937767,0.011492605103864184,SOL
2021-06-29 00:00:00+00:00,0.23477071337624583,0.02936274658343696,0.004630220322277945,2.020908700165086e-05,0.010029155814132931,1.4548686379937767,1.4648775847209081,0.010008946727131374,SOL
2021-06-30 00:00:00+00:00,0.23949177358559293,0.04533411833971157,0.004721060209347094,2.074732583037107e-05,0.01590439333264378,1.4648775847209081,1.4807612307277214,0.015883646006813246,SOL
2021-07-01 00:00:00+00:00,0.23775286986106087,-0.06305266122219089,0.0017389037245320593,7.724703657765331e-06,-0.022198019286429803,1.4807612307277214,1.4585554867376338,-0.022205743990087567,SOL
2021-07-02 00:00:00+00:00,0.2352974013473351,0.021910973520483212,0.0024554685137257726,1.0744311219618685e-05,0.007519721564784361,1.4585554867376338,1.4660644639911986,0.007508977253564808,SOL
2021-07-03 00:00:00+00:00,0.2476278201502618,0.014647058823529235,0.012330418802926707,5.423156649929922e-05,0.005317444029826861,1.4660644639911986,1.4713276764545262,0.005263212463327616,SOL
2021-07-04 00:00:00+00:00,0.24747003011065014,-0.0063192069105454385,0.00015779003961166604,6.964825570485007e-07,-0.0023008832963671132,1.4713276764545262,1.4690260966756021,-0.00230157977892409,SOL
2021-07-05 00:00:00+00:00,0.25138314695920067,-0.040023337222870436,0.00391311684855053,1.7245412309585154e-05,-0.014780154291667874,1.4690260966756021,1.4542286969716247,-0.01479739970397742,SOL
2021-07-06 00:00:00+00:00,0.25132214253204405,0.04005105141606902,6.100442715661902e-05,2.6614316584041145e-07,0.01463785313918255,1.4542286969716247,1.4688662839676414,0.014637586996016694,SOL
2021-07-07 00:00:00+00:00,0.24915827843215121,0.07149535440892896,0.0021638640998928316,9.535281058261706e-06,0.026165883716745206,1.4688662839676414,1.4950226324033282,0.026156348435686816,SOL
2021-07-08 00:00:00+00:00,0.24406847044723354,-0.09628336923622283,0.005089807984917677,2.2828134396117315e-05,-0.035132635170664644,1.4950226324033282,1.4598671690982674,-0.03515546330506081,SOL
2021-07-09 00:00:00+00:00,0.23623986547803785,0.005219962585239157,0.007828604969195685,3.4286170123105e-05,0.0018002545558607741,1.4598671690982674,1.4616331374840053,0.0017659683857378372,SOL
2021-07-10 00:00:00+00:00,0.2389339031611739,-0.04868677772775021,0.002694037683136058,1.1813084253906891e-05,-0.017003064039551492,1.4616331374840053,1.4446182603601998,-0.01701487712380545,SOL
2021-07-11 00:00:00+00:00,0.23859715403706855,0.01542927460322474,0.0003367491241053622,1.459421801528728e-06,0.005318190229213129,1.4446182603601998,1.4499349911676114,0.005316730807411574,SOL
2021-07-12 00:00:00+00:00,0.2382955671031538,-0.04387545833074402,0.00030158693391474367,1.3118443450858226e-06,-0.015159544787396262,1.4499349911676114,1.43477413453587,-0.015160856631741382,SOL
2021-07-13 00:00:00+00:00,0.3572550255533961,-0.053103672408189806,0.1189594584502423,0.0005120398621284066,-0.027219894746130627,1.43477413453587,1.407042199927611,-0.027731934608258957,SOL
2021-07-14 00:00:00+00:00,0.347637455939597,0.07650329489291585,0.009617569613799115,4.059697892207055e-05,0.0374208653306619,1.407042199927611,1.4444224682793507,0.03738026835173969,SOL
2021-07-15 00:00:00+00:00,0.3855001473772077,-0.08990913438546144,0.03786269143761073,0.00016406916666603937,-0.050063660443122056,1.4444224682793507,1.3941947386695626,-0.05022772960978816,SOL
2021-07-16 00:00:00+00:00,0.35844703684109275,-0.07966368891224385,0.027053110536114977,0.00011315191312229283,-0.03981152805302199,1.3941947386695626,1.3542700587034182,-0.03992467996614435,SOL
2021-07-17 00:00:00+00:00,0.35875294963879634,0.020212401507365474,0.00030591279770358915,1.2428656275124998e-06,0.00982016249122096,1.3542700587034182,1.3640889783290115,0.009818919625593336,SOL
2021-07-18 00:00:00+00:00,0.36184858057724667,-0.004813073651220079,0.0030956309384503333,1.2668148132343182e-05,-0.0023757026421922013,1.3640889783290115,1.361700607538687,-0.002388370790324501,SOL
2021-07-19 00:00:00+00:00,0.38139218571780026,-0.08113073145128025,0.019543605140553588,7.983761698016409e-05,-0.04213459398077724,1.361700607538687,1.3194861759409295,-0.04221443159775751,SOL
2021-07-20 00:00:00+00:00,0.370408050236256,-0.04222938512383212,0.010984135481544255,4.3480244767679734e-05,-0.02063954026296515,1.3194861759409295,1.2988031554331967,-0.020683020507732852,SOL
2021-07-21 00:00:00+00:00,0.37449513079754787,0.13742864445769776,0.004087080561291867,1.592493938854667e-05,0.06684466840480709,1.2988031554331967,1.3656318988986154,0.06682874346541867,SOL
2021-07-22 00:00:00+00:00,0.3281537046628641,0.03741573033707879,0.04634142613468378,0.0001898559893099344,0.016767379388109918,1.3656318988986154,1.3822094222974155,0.016577523398800142,SOL
2021-07-23 00:00:00+00:00,0.32953211359660983,0.029495649662442558,0.001378408933745745,5.715749448006908e-06,0.013434749072544834,1.3822094222974155,1.3956384556205124,0.013429033323096862,SOL
2021-07-24 00:00:00+00:00,0.3284157318663099,0.003506803198204622,0.0011163817302999313,4.674195821876255e-06,0.0016073419302265073,1.3956384556205124,1.397241123354917,0.0016026677344045392,SOL
2021-07-25 00:00:00+00:00,0.32928240186596214,-0.012859938495946244,0.0008666699996522365,3.632840891676289e-06,-0.0059166894050526045,1.397241123354917,1.3913208011089726,-0.005920322245944298,SOL
2021-07-26 00:00:00+00:00,0.32926523865425006,-0.0022656471254601795,1.716321171207902e-05,7.163860040655804e-08,-0.0010379237057417437,1.3913208011089726,1.3902828057646304,-0.0010379953443422352,SOL
2021-07-27 00:00:00+00:00,0.33157179697470546,-0.0028739710474027236,0.0023065583204553985,9.620305120267454e-06,-0.0013248390585098911,1.3902828057646304,1.3889483464010002,-0.0013344593636301916,SOL
2021-07-28 00:00:00+00:00,0.336797226905757,-0.008113012845603729,0.005225429931051517,2.177355678590489e-05,-0.0037952183366675757,1.3889483464010002,1.3851313545075465,-0.003816991893453636,SOL
2021-07-29 00:00:00+00:00,0.3533015207859728,0.12053811659192815,0.016504293880215848,6.858184481248197e-05,0.058987619270330284,1.3851313545075465,1.4440503919330643,0.05891903742551774,SOL
2021-07-30 00:00:00+00:00,0.33755508374515747,0.035825196094125156,0.015746437040815353,6.821594574101619e-05,0.017462868274306213,1.4440503919330643,1.4614450442616296,0.017394652328565297,SOL
2021-07-31 00:00:00+00:00,0.33438332494002276,0.13568646844285093,0.0031717588051347056,1.3906053562071911e-05,0.06630765052806593,1.4614450442616296,1.5277387887361336,0.06629374447450398,SOL
2021-08-01 00:00:00+00:00,0.3081555843498818,-0.07018833006749403,0.02622774059014099,0.00012020740992140258,-0.033043349004936586,1.5277387887361336,1.4945752323212755,-0.03316355641485802,SOL
2021-08-02 00:00:00+00:00,0.2978468347103848,-0.029211181033221068,0.010308749639496961,4.622160566217911e-05,-0.013003488751033574,1.4945752323212755,1.4815255219645798,-0.013049710356695776,SOL
2021-08-03 00:00:00+00:00,0.2999022455039023,0.02828112280278572,0.002055410793517509,9.135430646152976e-06,0.012565665730949064,1.4815255219645798,1.4940820522648826,0.012556530300302793,SOL
2021-08-04 00:00:00+00:00,0.30529124719976475,0.048526609001612764,0.005389001695862428,2.415483214023921e-05,0.022134450566517513,1.4940820522648826,1.5161923479992598,0.022110295734377283,SOL
2021-08-05 00:00:00+00:00,0.3104464857297997,0.04454697986577183,0.005155238530034967,2.3448999634049907e-05,0.02096811134507737,1.5161923479992598,1.5371370103447033,0.020944662345443454,SOL
2021-08-06 00:00:00+00:00,0.3301254746018068,0.058147939924503955,0.019678988872007086,9.074790636397098e-05,0.029507060765341406,1.5371370103447033,1.5665533232036808,0.0294163128589775,SOL
2021-08-07 00:00:00+00:00,0.3502635702182314,-0.0014168247944338352,0.0201380956164246,9.464220183271031e-05,-0.0007774210589667727,1.5665533232036808,1.5656812599428813,-0.0008720632607994716,SOL
2021-08-08 00:00:00+00:00,0.34915874229370436,-0.04608680230053974,0.001104827924527041,5.189425130680728e-06,-0.025194332105946404,1.5656812599428813,1.5404817384118041,-0.025199521531077185,SOL
2021-08-09 00:00:00+00:00,0.33976472597850305,0.026454183266932274,0.009394016315201315,4.341393175173051e-05,0.013846155386546329,1.5404817384118041,1.5542844798665987,0.013802741454794543,SOL
2021-08-10 00:00:00+00:00,0.3694710056739405,0.0515965429798686,0.029706279695437432,0.000138516028455584,0.029629988134868866,1.5542844798665987,1.5837759519730121,0.029491472106413452,SOL
2021-08-11 00:00:00+00:00,0.38206509274168715,0.024138779527559162,0.012594087067746673,5.983863670485446e-05,0.014606508399585274,1.5837759519730121,1.5983226217358926,0.014546669762880438,SOL
2021-08-12 00:00:00+00:00,0.4276097674377936,-0.012469666754763353,0.04554467469610646,0.00021838525159916772,-0.008522498046956548,1.5983226217358926,1.589581738437337,-0.008740883298555602,SOL
2021-08-13 00:00:00+00:00,0.42386680970573837,0.09070118242421299,0.003742957732055241,1.7849211775853525e-05,0.061111820962654495,1.589581738437337,1.6506757101882155,0.061093971750878495,SOL
2021-08-14 00:00:00+00:00,0.40451072496372437,-0.015391478920365742,0.019356084742014,9.585185678396173e-05,-0.01027713717295755,1.6506757101882155,1.640302721158474,-0.010372989029741486,SOL
2021-08-15 00:00:00+00:00,0.4003147687814402,0.2127548708654281,0.004195956182284188,2.064791503098743e-05,0.1397028062108965,1.640302721158474,1.7799848794543394,0.1396821582958654,SOL
2021-08-16 00:00:00+00:00,0.3234900034448877,0.15850628607722617,0.07682476533655247,0.00041024076200007375,0.0912690789629135,1.7799848794543394,1.8708437176552528,0.09085883820091345,SOL
2021-08-17 00:00:00+00:00,0.30162686581670917,0.033975103199174406,0.02186313762817854,0.00012270754103972997,0.01917203953441558,1.8708437176552528,1.8898930496486286,0.019049331993375773,SOL
2021-08-18 00:00:00+00:00,0.3045507426498177,0.13318154172449814,0.0029238768331085185,1.6577443514761298e-05,0.07665507779681742,1.8898930496486286,1.9665315500019311,0.07663850035330255,SOL
2021-08-19 00:00:00+00:00,0.2972998591023967,0.0013899783934052667,0.007250883547420983,4.2777273784179864e-05,0.0008126502460170819,1.9665315500019311,1.967301422974164,0.0007698729722329656,SOL
2021-08-20 00:00:00+00:00,0.3028625618704199,0.0807954482986093,0.0055627027680231755,3.2830539213342944e-05,0.04813970147021528,1.967301422974164,2.015408293905166,0.048106870931001744,SOL
2021-08-21 00:00:00+00:00,0.30064897561128107,-0.061569370446193594,0.002213586259138811,1.338384031782861e-05,-0.037306755663481454,2.015408293905166,1.9780881544013666,-0.0373201395037992,SOL
2021-08-22 00:00:00+00:00,0.2968927319540397,-0.013902250647010117,0.003756243657241365,2.2290543250303234e-05,-0.008164513707232993,1.9780881544013666,1.9699013501508833,-0.008186804250483348,SOL
2021-08-23 00:00:00+00:00,0.31312914096180394,0.03913431810374446,0.01623640900776424,9.595237207799022e-05,0.02413935909294115,1.9699013501508833,1.9939447568717463,0.024043406720863025,SOL
2021-08-24 00:00:00+00:00,0.32219137147208476,-0.06738690609999609,0.009062230510280822,5.420876103461285e-05,-0.04329149110300556,1.9939447568717463,1.950599057007706,-0.043345699864040244,SOL
2021-08-25 00:00:00+00:00,0.3008854009101688,0.020502786166999742,0.021305970561915966,0.00012467821826012167,0.012033224195596959,1.950599057007706,1.9625076029850428,0.011908545977336704,SOL
2021-08-26 00:00:00+00:00,0.3008750710026125,0.04094591027190764,1.032990755628349e-05,6.081756635201699e-08,0.02417731584915373,1.9625076029850428,1.9866848580166303,0.02417725503158752,SOL
2021-08-27 00:00:00+00:00,0.3009766042297579,0.17431927389215174,0.00010153322714540058,6.051435748659913e-07,0.10423345366872998,1.9866848580166303,2.0909177065417857,0.10423284852515535,SOL
2021-08-28 00:00:00+00:00,0.27799557151721416,0.0936576494657877,0.02298103271254376,0.00014415434463982125,0.05443999442694366,2.0909177065417857,2.1452135466240896,0.054295840082303926,SOL
2021-08-29 00:00:00+00:00,0.2770755039115979,-0.02068177094159218,0.0009200676056162482,5.921224474133898e-06,-0.012292957676298304,2.1452135466240896,2.132914667723317,-0.012298878900772525,SOL
2021-08-30 00:00:00+00:00,0.2826262889284668,0.17000955109837634,0.005550785016868898,3.551805233957548e-05,0.1024847762854564,2.132914667723317,2.2353639259564337,0.10244925823311668,SOL
2021-08-31 00:00:00+00:00,0.26741515791660936,-0.01795918367346938,0.015211131011857448,0.00010200724061070999,-0.0107354647671315,2.2353639259564337,2.2245264539486915,-0.01083747200774221,SOL
2021-09-01 00:00:00+00:00,0.26229914554098405,0.022536251962685938,0.005116012375625312,3.414211460492219e-05,0.013149708940370397,2.2245264539486915,2.237642020774457,0.013115566825765423,SOL
2021-09-02 00:00:00+00:00,0.26221597823887954,0.1582512871465993,8.316730210450318e-05,5.582959498304408e-07,0.0928532292455964,2.237642020774457,2.3304946917241036,0.09285267094964667,SOL
2021-09-03 00:00:00+00:00,0.2563798294441449,0.1416985104889652,0.005836148794734652,4.08033413587234e-05,0.08466370256487717,2.3304946917241036,2.4151175909476224,0.08462289922351873,SOL
2021-09-04 00:00:00+00:00,0.25129835159974134,-0.051366120218579336,0.005081477844403548,3.6817099590088844e-05,-0.031174872423671937,2.4151175909476224,2.3839059014243604,-0.03121168952326192,SOL
2021-09-05 00:00:00+00:00,0.2449335354422643,0.02246543778801846,0.0063648161574770545,4.551936839787202e-05,0.013117535439691443,2.3839059014243604,2.3969779174956543,0.013072016071293824,SOL
2021-09-06 00:00:00+00:00,0.2650454659070478,0.15647887323943666,0.020111930464783517,0.00014462355960688262,0.09941230017193269,2.3969779174956543,2.49624559410798,0.09926767661232594,SOL
2021-09-07 00:00:00+00:00,0.2654534185988529,0.05626598465473154,0.0004079526918051024,3.055050328568933e-06,0.03728391914476306,2.49624559410798,2.5335264582024144,0.03728086409443421,SOL
2021-09-08 00:00:00+00:00,0.2655933987449829,0.10123371382451296,0.000139980146129981,1.0639302115300413e-06,0.06811894139251838,2.5335264582024144,2.601644335664721,0.0681178774623068,SOL
2021-09-09 00:00:00+00:00,0.26998793078360117,-0.016333368233692802,0.004394532038618282,3.429902815850518e-05,-0.011472763171194132,2.601644335664721,2.5901372734653685,-0.011507062199352713,SOL
2021-09-10 00:00:00+00:00,0.2676833392203409,-0.044172432144757856,0.0023045915632602942,1.7907625524342928e-05,-0.030626363669623825,2.5901372734653685,2.5594930021702202,-0.03064427129514824,SOL
2021-09-11 00:00:00+00:00,0.26034012336493206,-0.003118040089086893,0.007343215855408813,5.63847287860328e-05,-0.0020776708541455583,2.5594930021702202,2.557358946587289,-0.002134055582931449,SOL
2021-09-12 00:00:00+00:00,0.2708151961913281,-0.026530384271671092,0.010475072826396037,8.036556362621191e-05,-0.0183741924041862,2.557358946587289,2.5389043886194766,-0.018454557967812146,SOL
2021-09-13 00:00:00+00:00,0.26884214538356244,-0.027310803832692576,0.001973050807765664,1.5028162064416343e-05,-0.01864138523804323,2.5389043886194766,2.5202479752193687,-0.01865641340010793,SOL
2021-09-14 00:00:00+00:00,0.2634453602890537,-0.0628207396920899,0.005396785094508749,4.080371012138923e-05,-0.0417096816008752,2.5202479752193687,2.478497489908372,-0.04175048531099668,SOL
2021-09-15 00:00:00+00:00,0.2646352903922019,-0.0005664652567975992,0.001189930103148218,8.847716321457806e-06,-0.00037154337404357867,2.478497489908372,2.4781170988180072,-0.00038039109036480667,SOL
2021-09-16 00:00:00+00:00,0.26327747199167767,-0.0409345676679892,0.0013578184005242355,1.0094498986286478e-05,-0.026707038434378823,2.4781170988180072,2.451399965884642,-0.026717132933365306,SOL
2021-09-17 00:00:00+00:00,0.25669944219560353,-0.030927835051546282,0.006578029796074136,4.837614605305289e-05,-0.019462051665182688,2.451399965884642,2.4318895380734062,-0.019510427811235687,SOL
2021-09-18 00:00:00+00:00,0.27242656298605167,0.14663233500474315,0.015727120790448135,0.00011473986154292274,0.0971455801205365,2.4318895380734062,2.5289203783323995,0.09703084025899322,SOL
2021-09-19 00:00:00+00:00,0.26254112643558053,-0.09726982626167124,0.009885436550471138,7.49984458235952e-05,-0.06458187362544285,2.5289203783323995,2.4642635062611333,-0.06465687207126614,SOL
2021-09-20 00:00:00+00:00,0.24791590503479782,-0.1308588635768525,0.014625221400782706,0.00010812119810681447,-0.07994562088770009,2.4642635062611333,2.3842097641753264,-0.08005374208580696,SOL
2021-09-21 00:00:00+00:00,0.2437500334782876,-0.06386985011674329,0.0041658715565102145,2.979693492399576e-05,-0.03711804066745296,2.3842097641753264,2.3470619265729495,-0.03714783760237683,SOL
2021-09-22 00:00:00+00:00,0.23954735537847885,0.19092445088100418,0.00420267809980876,2.959183727310927e-05,0.10734392701889298,2.3470619265729495,2.4543762617545695,0.10731433518161992,SOL
2021-09-23 00:00:00+00:00,0.219305295774733,0.01276854479124423,0.020242059603745838,0.00014904489174136467,0.006872767705243889,2.4543762617545695,2.461099984568072,0.00672372281350242,SOL
2021-09-24 00:00:00+00:00,0.23267543547718433,-0.07190981255419915,0.013370139702451322,9.871575184612775e-05,-0.04117825605322689,2.461099984568072,2.4198230127629987,-0.04127697180507317,SOL
2021-09-25 00:00:00+00:00,0.24180981303096646,-0.022065693955293564,0.00913437755378213,6.631073103572336e-05,-0.012911452866906101,2.4198230127629987,2.4068452491650567,-0.012977763597942005,SOL
2021-09-26 00:00:00+00:00,0.24375900330835085,-0.0030868734381891416,0.0019491902773843828,1.4074198076523963e-05,-0.0018110383919054261,2.4068452491650567,2.405020136575075,-0.0018251125899815257,SOL
2021-09-27 00:00:00+00:00,0.24427114374240044,0.005234444116779757,0.0005121404340495961,3.6951241699307337e-06,0.003075115628384983,2.405020136575075,2.4080915570792905,0.003071420504215272,SOL
2021-09-28 00:00:00+00:00,0.26795698324930767,-0.03043637697103052,0.023685839506907225,0.00017111301041675516,-0.0196395272346597,2.4080915570792905,2.388280916834214,-0.019810640245076616,SOL
2021-09-29 00:00:00+00:00,0.27278293897570244,0.023071104387291985,0.0048259557263947706,3.457721390050628e-05,0.015030415863544233,2.388280916834214,2.4032767554838577,0.014995838649643822,SOL
2021-09-30 00:00:00+00:00,0.28782152319284704,0.04524953789279107,0.015038584217144602,0.00010842563965335008,0.03129977398649936,2.4032767554838577,2.434468103830704,0.031191348346846226,SOL
2021-10-01 00:00:00+00:00,0.2827314526205112,0.14281672207681972,0.0050900705723358475,3.717484336379675e-05,0.09830085025623865,2.434468103830704,2.532731779243579,0.09826367541287517,SOL
2021-10-02 00:00:00+00:00,0.259085202898588,0.04592720970537245,0.023646249721923196,0.00017966882439193356,0.030137128532400494,2.532731779243579,2.5626892389515876,0.02995745970800856,SOL
2021-10-03 00:00:00+00:00,0.25653539156908056,0.023671440407148747,0.0025498113295074343,1.9603122166456627e-05,0.015562089889556487,2.5626892389515876,2.5782317257189775,0.015542486767389896,SOL
2021-10-04 00:00:00+00:00,0.25655555757809523,-0.03381893860561913,2.016600901466603e-05,1.5597793266824058e-07,-0.022369864238932793,2.5782317257189775,2.555861705502112,-0.022370020216865516,SOL
2021-10-05 00:00:00+00:00,0.25612403973974585,-0.015018249267037542,0.0004315178383493823,3.308699754834711e-06,-0.009831210667286405,2.555861705502112,2.546027186135071,-0.00983451936704105,SOL
2021-10-06 00:00:00+00:00,0.2604647144787585,-0.06530190742315634,0.004340674739012673,3.315442767508806e-05,-0.04330497584732809,2.546027186135071,2.5026890558600674,-0.04333813027500355,SOL
2021-10-07 00:00:00+00:00,0.25555657387868347,0.0025346071358938183,0.0049081406000750505,3.685064929329088e-05,0.0016210805864281925,2.5026890558600674,2.5042732857972023,0.0015842299371349178,SOL
2021-10-08 00:00:00+00:00,0.2573498464701115,0.029819784778944758,0.00179327259142803,1.347253393459661e-05,0.01921808628191317,2.5042732857972023,2.5234778995451808,0.01920461374797844,SOL
2021-10-09 00:00:00+00:00,0.25774920279083774,-0.012715598640312242,0.0003993563207262407,3.023300548189037e-06,-0.00827053583075349,2.5234778995451808,2.515204340413879,-0.008273559131301678,SOL
2021-10-10 00:00:00+00:00,0.28027031754218124,-0.05923233868910982,0.022521114751343496,0.0001699356167206146,-0.041755074197278065,2.515204340413879,2.4732793305998806,-0.04192500981399849,SOL
2021-10-11 00:00:00+00:00,0.28970595289403744,-0.018841070823449657,0.009435635351856209,7.001088566047047e-05,-0.013500074630836256,2.4732793305998806,2.459709245083384,-0.013570085516496633,SOL
2021-10-12 00:00:00+00:00,0.32506220361372606,0.05215168888581867,0.03535625071968862,0.0002608982903001125,0.04169832652684751,2.459709245083384,2.5011466733199312,0.04143742823654728,SOL
2021-10-13 00:00:00+00:00,0.3325810211044176,-0.02809873949579833,0.007518817490691554,5.641699606242869e-05,-0.02337348446856057,2.5011466733199312,2.477716771855308,-0.023429901464623093,SOL
2021-10-14 00:00:00+00:00,0.42363134169461736,0.013374763577411741,0.09105032059019974,0.0006767907192274218,0.014038666517108011,2.477716771855308,2.4910786476531888,0.013361875797880618,SOL
2021-10-15 00:00:00+00:00,0.4235576253314851,0.08772163711505132,7.371636313224794e-05,5.508997745441747e-07,0.09255644641863489,2.4910786476531888,2.583634543172049,0.09255589551886034,SOL
2021-10-16 00:00:00+00:00,0.4221839624185875,-0.03456305919843128,0.0013736629128975886,1.0647128857309644e-05,-0.03770031589944507,2.583634543172049,2.545923580143747,-0.037710963028302125,SOL
2021-10-17 00:00:00+00:00,0.4178914117788267,0.016376793195379102,0.004292550639760806,3.2785517678184484e-05,0.017423591252400634,2.545923580143747,2.5633143858784697,0.017390805734722736,SOL
2021-10-18 00:00:00+00:00,0.4180439437876892,-0.018735948038970718,0.00015253200886250484,1.1729624778726027e-06,-0.02007703075893738,2.5633143858784697,2.5432361821570546,-0.02007820372141511,SOL
2021-10-19 00:00:00+00:00,0.41495483808682665,-0.008528513238289182,0.003089105700862571,2.3568976166823954e-05,-0.009000380167807659,2.5432361821570546,2.53421223301308,-0.00902394914397453,SOL
2021-10-20 00:00:00+00:00,0.4204545666745055,0.1344203363718064,0.0054997285876788315,4.1812438395442336e-05,0.1432277055191301,2.53421223301308,2.6773981260938147,0.1431858930807346,SOL
2021-10-21 00:00:00+00:00,0.36974721520849524,0.07797645993662283,0.05070735146601024,0.0004072913033828288,0.07719361535501783,2.6773981260938147,2.7541844501454498,0.0767863240516351,SOL
2021-10-22 00:00:00+00:00,0.36106284666444166,0.030393700787401556,0.008684368544053578,7.175505841009393e-05,0.0302245196562255,2.7541844501454498,2.7843372147432652,0.030152764597815462,SOL
2021-10-23 00:00:00+00:00,0.41313229015836156,0.0074379744255947955,0.0520694434939199,0.0004349366678132783,0.008555899081695755,2.7843372147432652,2.7924581771571475,0.008120962413882271,SOL
2021-10-24 00:00:00+00:00,0.41913560550136025,0.022199747155499328,0.006003315342998694,5.029202105882901e-05,0.02598299807210482,2.7924581771571475,2.8183908832081936,0.02593270605104614,SOL
2021-10-25 00:00:00+00:00,0.4193373382861918,0.037399821905609976,0.0002017327848315431,1.705685524840264e-06,0.044201223785407764,2.8183908832081936,2.8625904013080765,0.04419951809988287,SOL
2021-10-26 00:00:00+00:00,0.42465151230411413,-0.046971864568431054,0.005314174017922335,4.563691060375575e-05,-0.057099155597395035,2.8625904013080765,2.8054456088000777,-0.057144792507998865,SOL
2021-10-27 00:00:00+00:00,0.4120868353750925,-0.07685764323242428,0.012564676929021634,0.00010574855314954618,-0.08885413777432899,2.8054456088000777,2.716485722472599,-0.08895988632747853,SOL
2021-10-28 00:00:00+00:00,0.4033730379945063,0.059244403490704034,0.008713797380586197,7.101271851864461e-05,0.06491747567385345,2.716485722472599,2.781332185427934,0.0648464629553347,SOL
2021-10-29 00:00:00+00:00,0.3945981933525592,0.02553474567598002,0.00877484464194711,7.321727347433205e-05,0.028024604394949977,2.781332185427934,2.8092835725494094,0.0279513871214756,SOL
2021-10-30 00:00:00+00:00,0.39511594215857965,-0.023501821266403877,0.0005177488060204571,4.363509646381023e-06,-0.0260868506430839,2.8092835725494094,2.783192358396679,-0.026091214152730302,SOL
2021-10-31 00:00:00+00:00,0.39267459486628,0.034695963208993374,0.002441347292299667,2.0384217384362572e-05,0.03791883416815048,2.783192358396679,2.8210908083474453,0.03789844995076619,SOL
2021-11-01 00:00:00+00:00,0.41309399502876165,0.00696330682996682,0.02041940016248167,0.0001728149463310361,0.008114868378815747,2.8210908083474453,2.8290328617799303,0.007942053432484997,SOL
2021-11-02 00:00:00+00:00,0.4181566396006264,0.08298185384992629,0.005062644571864727,4.29671635839513e-05,0.09816578009633986,2.8290328617799303,2.927155674712686,0.09812281293275582,SOL
2021-11-03 00:00:00+00:00,0.40596681509652877,0.10211937324517706,0.012189824504097613,0.00010704454191276325,0.12135131736623331,2.927155674712686,3.048399947537007,0.12124427282432082,SOL
2021-11-04 00:00:00+00:00,0.39229455911572075,0.015203188560627856,0.013672255980808012,0.00012503551324382302,0.01818104795036957,3.048399947537007,3.066455959974133,0.018056012437126068,SOL
2021-11-05 00:00:00+00:00,0.39242422640106744,-0.044562269802080334,0.0001296672853466907,1.1928570598950788e-06,-0.05362407901737384,3.066455959974133,3.0128306880996996,-0.053625271874433444,SOL
2021-11-06 00:00:00+00:00,0.39104054515322834,0.09480640515123273,0.001383681247839108,1.2506391978113252e-05,0.11169511906647628,3.0128306880996996,3.124513300774198,0.1116826126744983,SOL
2021-11-07 00:00:00+00:00,0.3845109354794252,-0.03389568178300573,0.006529609673803116,6.120555682398512e-05,-0.0407225951944733,3.124513300774198,3.0837295000229004,-0.040783800751297505,SOL
2021-11-08 00:00:00+00:00,0.3736410659018231,-0.005687279718039173,0.01086986957760211,0.00010055921243355925,-0.006552929060496983,3.0837295000229004,3.07707601174997,-0.006653488272930552,SOL
2021-11-09 00:00:00+00:00,0.3765850011203955,-0.03713848384757912,0.002943935218572391,2.7176137323645028e-05,-0.04303535731944236,3.07707601174997,3.034013478293204,-0.043062533456765806,SOL
2021-11-10 00:00:00+00:00,0.3682147671586791,-0.024891231593038743,0.008370233961716378,7.618620796894505e-05,-0.027807701516368955,3.034013478293204,3.006129590568866,-0.02788388772433814,SOL
2021-11-11 00:00:00+00:00,0.40482969851773365,0.0012012527349951618,0.036614931359054526,0.00033020768584530514,0.0014618891846046253,3.006129590568866,3.007261272067625,0.001131681498759196,SOL
2021-11-12 00:00:00+00:00,0.42226669964743324,-0.020953850109268646,0.017437001129699592,0.00015731285459503504,-0.02660858794836967,3.007261272067625,2.9804953712646607,-0.02676590080296437,SOL
2021-11-13 00:00:00+00:00,0.42032398521048386,0.05737920168067223,0.0019427144369493776,1.7370754161049953e-05,0.07188315435366928,2.9804953712646607,3.052361154864169,0.07186578359950824,SOL
2021-11-14 00:00:00+00:00,0.41026884649755363,-0.012210770313340835,0.010055138712930234,9.207574444235742e-05,-0.015291409560806333,3.052361154864169,3.03697766955892,-0.0153834853052488,SOL
2021-11-15 00:00:00+00:00,0.40912547513490305,-0.0018437814280924947,0.0011433713626505804,1.04171798891489e-05,-0.0022909075179946368,3.03697766955892,3.0346763448610363,-0.0023013246978838,SOL
2021-11-16 00:00:00+00:00,0.4126191558150513,-0.08043660789252727,0.00349368068014827,3.180657034963192e-05,-0.10071995270711591,3.0346763448610363,2.9339245855835707,-0.1007517592774656,SOL
2021-11-17 00:00:00+00:00,0.3919359333024846,-0.0004565376186997927,0.020683222512566712,0.0001820490451161452,-0.0005249773880066801,2.9339245855835707,2.933217559150448,-0.0007070264331225928,SOL
2021-11-18 00:00:00+00:00,0.42310651617353223,-0.10929935142048053,0.031170582871047625,0.00027429030301893325,-0.1356474315372435,2.933217559150448,2.7972958373101857,-0.1359217218402624,SOL
2021-11-19 00:00:00+00:00,0.3773983022391472,0.1037895492538845,0.04570821393438501,0.0003835781897086159,0.10957007704833974,2.7972958373101857,2.906482336168817,0.10918649885863108,SOL
2021-11-20 00:00:00+00:00,0.35071253270719177,0.011056910569105627,0.02668576953195545,0.00023268515331510153,0.011270748802322005,2.906482336168817,2.917520399817824,0.011038063649007057,SOL
2021-11-21 00:00:00+00:00,0.352721788400364,0.059183017047282016,0.0020092556931722294,1.7586133419840243e-05,0.0609036456782775,2.917520399817824,2.978406459362682,0.06088605954485793,SOL
2021-11-22 00:00:00+00:00,0.34767586422689023,-0.06472604225413214,0.00504592417347377,4.508643945518574e-05,-0.06702511384966317,2.978406459362682,2.9113362590735634,-0.06707020028911836,SOL
2021-11-23 00:00:00+00:00,0.3350511698418741,0.028572753838304266,0.012624694385016122,0.00011026419156845957,0.027871196138684075,2.9113362590735634,2.939097191020679,0.027760931947115708,SOL
2021-11-24 00:00:00+00:00,0.3485531402726277,-0.07237880496054117,0.013501970430753574,0.00011905081009881631,-0.07414713175072066,2.939097191020679,2.8648310084598596,-0.07426618256081952,SOL
2021-11-25 00:00:00+00:00,0.36305540250817914,0.020758385999027684,0.014502262235551455,0.00012463959163567265,0.02159063899270144,2.8648310084598596,2.8862970078609256,0.02146599940106597,SOL
2021-11-26 00:00:00+00:00,0.36221953009382457,-0.0835833690527219,0.0008358724143545659,7.237728145515215e-06,-0.08738416778835255,2.8862970078609256,2.798905602344427,-0.08739140551649838,SOL
2021-11-27 00:00:00+00:00,0.3487218107724959,0.001663028791186072,0.01349771932132865,0.00011333652668201813,0.0016231816731415115,2.798905602344427,2.8004154474908867,0.0015098451464594653,SOL
2021-11-28 00:00:00+00:00,0.3797426178877907,0.04124727612327472,0.031020807115294757,0.00026061344231791995,0.04386388342310145,2.8004154474908867,2.8440187174716702,0.043603269980783566,SOL
2021-11-29 00:00:00+00:00,0.372204408827096,0.016941551646818542,0.0075382090606946894,6.43164229944907e-05,0.017933586319503342,2.8440187174716702,2.861887987368179,0.017869269896508833,SOL
2021-11-30 00:00:00+00:00,0.36998877263140834,0.021755108040570237,0.0022156361956876536,1.9022707838449884e-05,0.023035753451496107,2.861887987368179,2.884904718111837,0.023016730743657732,SOL
2021-12-01 00:00:00+00:00,0.3700813144846007,0.1020476670023498,9.254185319235164e-05,8.009232866922847e-07,0.1089511233277822,2.884904718111837,2.993855040516332,0.1089503224044952,SOL
2021-12-02 00:00:00+00:00,0.3427550708104445,0.016491884600321915,0.027326243674156203,0.0002454324370867502,0.01692329575034918,2.993855040516332,3.0105329038295947,0.01667786331326271,SOL
2021-12-03 00:00:00+00:00,0.342063466558063,-0.0939640410958904,0.0006916042523814614,6.246292074668571e-06,-0.09676354196018762,3.0105329038295947,2.9137631155773325,-0.09676978825226223,SOL
2021-12-04 00:00:00+00:00,0.32153351744203207,-0.05187810063784559,0.020529949116030954,0.0001794582254969114,-0.0486031660237085,2.9137631155773325,2.864980491328127,-0.04878262424920532,SOL
2021-12-05 00:00:00+00:00,0.3249877215082395,-0.021129217122639044,0.0034542040662074447,2.9688681788251863e-05,-0.019673065051374224,2.864980491328127,2.845277737594965,-0.019702753733162215,SOL
2021-12-06 00:00:00+00:00,0.3246858724649292,-0.01461080283052485,0.0003018490433103205,2.5765330891355798e-06,-0.01349777356262023,2.845277737594965,2.8317773874992556,-0.01350035009570938,SOL
2021-12-07 00:00:00+00:00,0.32475714092539354,-0.017410622029344958,7.126846046434654e-05,6.054492443544637e-07,-0.016011503191268116,2.8317773874992556,2.815765278858743,-0.0160121086405125,SOL
2021-12-08 00:00:00+00:00,0.33750643168453304,0.02323991797676017,0.012749290759139498,0.00010769703074897887,0.022085797893902907,2.815765278858743,2.837743379721897,0.021978100863154104,SOL
2021-12-09 00:00:00+00:00,0.33556119558214037,-0.06936950824726373,0.0019452361023926668,1.656024261468245e-05,-0.06605618198930976,2.837743379721897,2.7716706374899727,-0.0660727422319245,SOL
2021-12-10 00:00:00+00:00,0.35573110852527734,-0.07575506598199999,0.02016991294313697,0.0001677130663956651,-0.07469218213043037,2.7716706374899727,2.6968107422931467,-0.07485989519682601,SOL
2021-12-11 00:00:00+00:00,0.37488966054746103,0.028436585220144694,0.019158552022183695,0.00015500096670062122,0.028749571464231887,2.6968107422931467,2.725405312790678,0.028594570497531446,SOL
2021-12-12 00:00:00+00:00,0.3714481547520308,0.0037757769387163354,0.003441505795430233,2.8138494536596397e-05,0.003822395604716111,2.725405312790678,2.7291995699008575,0.0037942571101794442,SOL
2021-12-13 00:00:00+00:00,0.3872262715004031,-0.10179398148148144,0.015778116748372317,0.00012918488833050973,-0.10757768887851972,2.7291995699008575,2.6214926961340073,-0.10770687376685029,SOL
2021-12-14 00:00:00+00:00,0.36756685436551684,0.0389794472005669,0.01965941713488628,0.00015461105528806842,0.03755957499880114,2.6214926961340073,2.6588976600775207,0.03740496394351345,SOL
2021-12-15 00:00:00+00:00,0.3645661595476482,0.10703212203894341,0.003000694817868632,2.3935621289512943e-05,0.1037509569256267,2.6588976600775207,2.762624681381858,0.10372702130433709,SOL
2021-12-16 00:00:00+00:00,0.3410924742812999,-0.009298678019269535,0.0234736852663483,0.00019454694683941043,-0.008762241822865708,2.762624681381858,2.7536678926121527,-0.00895678876970507,SOL
2021-12-17 00:00:00+00:00,0.3430456883896772,-0.007633156168721178,0.001953214108377288,1.6135508932906835e-05,-0.007210538064310213,2.7536678926121527,2.7464412190389096,-0.007226673573243136,SOL
2021-12-18 00:00:00+00:00,0.3609016110837424,0.041422141188536266,0.017855922694065218,0.00014712072627285903,0.04105742174960984,2.7464412190389096,2.7873515200622467,0.04091030102333715,SOL
2021-12-19 00:00:00+00:00,0.35540809578791155,-0.01559251559251551,0.005493515295830864,4.593707463095809e-05,-0.015446683410138128,2.7873515200622467,2.7718588995774778,-0.01549262048476896,SOL
2021-12-20 00:00:00+00:00,0.36062882819353614,-0.03351303284610685,0.005220732405624595,4.341340074252921e-05,-0.03350003739254644,2.7718588995774778,2.738315448784189,-0.0335434507932888,SOL
2021-12-21 00:00:00+00:00,0.3599646068817806,0.0329499712478436,0.0006642213117555307,5.456542438175606e-06,0.03247867608021087,2.738315448784189,2.7707886683219614,0.03247321953777238,SOL
2021-12-22 00:00:00+00:00,0.35780294238189364,-0.006847408562044133,0.0021616644998869727,1.796854650300205e-05,-0.006788495774871212,2.7707886683219614,2.763982204000587,-0.006806464321374328,SOL
2021-12-23 00:00:00+00:00,0.3956699690637819,0.06519058295964131,0.03786702668188824,0.0003139913636014635,0.0712940351969264,2.763982204000587,2.8349622478339116,0.07098004383332457,SOL
2021-12-24 00:00:00+00:00,0.3784870692200762,0.0017365679103300558,0.01718289984370569,0.00014613861709565057,0.001863331381022225,2.8349622478339116,2.8366794405978384,0.0017171927639267892,SOL
2021-12-25 00:00:00+00:00,0.40993669793101606,0.014393780205925522,0.03144962871093987,0.00026763754553627586,0.016737936899195595,2.8366794405978384,2.8531497399514976,0.01647029935365918,SOL
2021-12-26 00:00:00+00:00,0.4196066790943218,0.02439150699119641,0.009669981163305752,8.276971272426506e-05,0.029201528935115725,2.8531497399514976,2.882268499173889,0.0291187592223916,SOL
2021-12-27 00:00:00+00:00,0.41871939618117393,-0.010818462160659292,0.0008872829131478799,7.672162771264127e-06,-0.013056387911617673,2.882268499173889,2.8692044390995,-0.013064060074388983,SOL
2021-12-28 00:00:00+00:00,0.41918626482902416,-0.09378034445750494,0.0004668686478502271,4.0186247906647585e-06,-0.1127925360840981,2.8692044390995,2.7564078843906112,-0.11279655470888894,SOL
2021-12-29 00:00:00+00:00,0.3824711207267793,-0.03772840063162641,0.03671514410224486,0.0003036057380398955,-0.039775031023668604,2.7564078843906112,2.7163292476289027,-0.04007863676170853,SOL
2021-12-30 00:00:00+00:00,0.3812129064741857,0.01107659848795639,0.0012582142525935924,1.0253172522310545e-05,0.011469815158188264,2.7163292476289027,2.727788809614569,0.011459561985666333,SOL
2021-12-31 00:00:00+00:00,0.3971764504489369,-0.014664966380709465,0.015963543974751193,0.00013063552984834915,-0.015888222216275918,2.727788809614569,2.711769951868445,-0.016018857746124215,SOL
2022-01-01 00:00:00+00:00,0.4224507243055828,0.05335607976939816,0.02527427385664588,0.00020561404919923948,0.06112414768795009,2.711769951868445,2.772688485507196,0.060918533638750993,SOL
2022-01-02 00:00:00+00:00,0.4139792938475614,-0.015134591756952975,0.0084714304580214,7.046591306019266e-05,-0.017372023532305568,2.772688485507196,2.7552459960618303,-0.017442489445365528,SOL
2022-01-03 00:00:00+00:00,0.4127765535187017,-0.03515735752764382,0.0012027403288596972,9.941536426178308e-06,-0.03998449598737586,2.7552459960618303,2.715251558538028,-0.03999443752380216,SOL
2022-01-04 00:00:00+00:00,0.46928570812837145,-0.014281516309138986,0.056509154609669765,0.00046030971037671665,-0.018197918680342595,2.715251558538028,2.6965933301473086,-0.01865822839071951,SOL
2022-01-05 00:00:00+00:00,0.47538786838673436,-0.07870259957071302,0.00610216025836291,4.93651339565742e-05,-0.10089104679015558,2.6965933301473086,2.5956529182231964,-0.10094041192411218,SOL
2022-01-06 00:00:00+00:00,0.5091499177280531,-0.027569246699456484,0.03376204934131871,0.0002629036856939684,-0.03643486772711834,2.5956529182231964,2.558955146810384,-0.0366977714128125,SOL
2022-01-07 00:00:00+00:00,0.505705342689871,-0.09190736057500337,0.003444575038182074,2.644353906759178e-05,-0.11893522805301396,2.558955146810384,2.4399934752183023,-0.1189616715920816,SOL
2022-01-08 00:00:00+00:00,0.4542795968311934,0.04170025650421394,0.051425745858677596,0.00037643545306022394,0.046222201135783555,2.4399934752183023,2.4858392409010253,0.045845765682722917,SOL
2022-01-09 00:00:00+00:00,0.4541147769545994,-0.009286618826509052,0.00016481987659400232,1.229147150753506e-06,-0.010483258469138309,2.4858392409010253,2.475354753284736,-0.010484487616289062,SOL
2022-01-10 00:00:00+00:00,0.4541671024347485,-0.03522226956398222,5.232548014910687e-05,3.885723780149934e-07,-0.0395977452858623,2.475354753284736,2.435756619426496,-0.03959813385824029,SOL
2022-01-11 00:00:00+00:00,0.4536857542393887,0.031944648903282635,0.00048134819535977647,3.517341159289721e-06,0.03530101179877744,2.435756619426496,2.4710541138841142,0.03529749445761832,SOL
2022-01-12 00:00:00+00:00,0.4541833868294443,0.08067047075606282,0.0004976325900555856,3.6890311765789853e-06,0.09053741531041051,2.4710541138841142,2.561587840163348,0.09053372627923384,SOL
2022-01-13 00:00:00+00:00,0.415195421799756,-0.03544320506897236,0.03898796502968832,0.0002996132913982903,-0.03769595901303561,2.561587840163348,2.5235922678589144,-0.03799557230443362,SOL
2022-01-14 00:00:00+00:00,0.4379615857762,0.00020528260572061363,0.022766163976443987,0.00017235754613928662,0.00022688582280370185,2.5235922678589144,2.5236467961355786,5.452827666418969e-05,SOL
2022-01-15 00:00:00+00:00,0.4381788060346059,0.01005678319764658,0.00021722025840592574,1.6445616275455709e-06,0.011120876744722636,2.5236467961355786,2.5347660283186735,0.011119232183094852,SOL
2022-01-16 00:00:00+00:00,0.43930187962223294,0.002302898943375764,0.0011230735876270326,8.540186331656931e-06,0.0025643412585925843,2.5347660283186735,2.5373218293909345,0.0025558010722610547,SOL
2022-01-17 00:00:00+00:00,0.4455548244465751,-0.05527774023516674,0.006252944824342188,4.7597200202341486e-05,-0.06249236879900304,2.5373218293909345,2.474781863391729,-0.06253996599920564,SOL
2022-01-18 00:00:00+00:00,0.4362187928398126,0.010157367668097272,0.009336031606762552,6.931392508940371e-05,0.010965349262708535,2.474781863391729,2.485677898729348,0.010896035337619292,SOL
2022-01-19 00:00:00+00:00,0.47563622093371505,-0.042274465373176584,0.039417428093902473,0.0002939370895133,-0.04998018906666339,2.485677898729348,2.4354037725731716,-0.050274126156176546,SOL
2022-01-20 00:00:00+00:00,0.0,-0.057005545286506476,0.47563622093371505,0.003475098740503249,-0.0,2.4354037725731716,2.4319286738326684,-0.003475098740503224,SOL
2022-01-21 00:00:00+00:00,0.0,-0.11972714442527843,0.0,0.0,-0.0,2.4319286738326684,2.4319286738326684,0.0,SOL
2022-01-22 00:00:00+00:00,0.0,-0.15792286452302473,0.0,0.0,-0.0,2.4319286738326684,2.4319286738326684,0.0,SOL
2022-01-23 00:00:00+00:00,0.0,0.055426274592764946,0.0,0.0,0.0,2.4319286738326684,2.4319286738326684,0.0,SOL
2022-01-24 00:00:00+00:00,0.0,-0.07867308077771096,0.0,0.0,-0.0,2.4319286738326684,2.4319286738326684,0.0,SOL
2022-01-25 00:00:00+00:00,0.0,0.029805286631132244,0.0,0.0,0.0,2.4319286738326684,2.4319286738326684,0.0,SOL
2022-01-26 00:00:00+00:00,0.0,-0.026935671279180284,0.0,0.0,-0.0,2.4319286738326684,2.4319286738326684,0.0,SOL
2022-01-27 00:00:00+00:00,0.0,-0.028332609639600492,0.0,0.0,-0.0,2.4319286738326684,2.4319286738326684,0.0,SOL
2022-01-28 00:00:00+00:00,0.0,0.02044464305664162,0.0,0.0,0.0,2.4319286738326684,2.4319286738326684,0.0,SOL
2022-01-29 00:00:00+00:00,0.0,0.0524414276330194,0.0,0.0,0.0,2.4319286738326684,2.4319286738326684,0.0,SOL
2022-01-30 00:00:00+00:00,0.0,-0.029543326745032683,0.0,0.0,-0.0,2.4319286738326684,2.4319286738326684,0.0,SOL
2022-01-31 00:00:00+00:00,0.0,0.06645942759138168,0.0,0.0,0.0,2.4319286738326684,2.4319286738326684,0.0,SOL
2022-02-01 00:00:00+00:00,0.0,0.10583978289275309,0.0,0.0,0.0,2.4319286738326684,2.4319286738326684,0.0,SOL
2022-02-02 00:00:00+00:00,0.0,-0.07398654790038173,0.0,0.0,-0.0,2.4319286738326684,2.4319286738326684,0.0,SOL
2022-02-03 00:00:00+00:00,0.0,-0.001079701609736916,0.0,0.0,-0.0,2.4319286738326684,2.4319286738326684,0.0,SOL
2022-02-04 00:00:00+00:00,0.0,0.10661295077134714,0.0,0.0,0.0,2.4319286738326684,2.4319286738326684,0.0,SOL
2022-02-05 00:00:00+00:00,0.0,0.010033741786538819,0.0,0.0,0.0,2.4319286738326684,2.4319286738326684,0.0,SOL
2022-02-06 00:00:00+00:00,0.0,0.013450549450549465,0.0,0.0,0.0,2.4319286738326684,2.4319286738326684,0.0,SOL
2022-02-07 00:00:00+00:00,0.0,0.019691186675919514,0.0,0.0,0.0,2.4319286738326684,2.4319286738326684,0.0,SOL
2022-02-08 00:00:00+00:00,0.0,-0.0348787749893662,0.0,0.0,-0.0,2.4319286738326684,2.4319286738326684,0.0,SOL
2022-02-09 00:00:00+00:00,0.0,0.004230938739532952,0.0,0.0,0.0,2.4319286738326684,2.4319286738326684,0.0,SOL
2022-02-10 00:00:00+00:00,0.0,-0.06811199859562889,0.0,0.0,-0.0,2.4319286738326684,2.4319286738326684,0.0,SOL
2022-02-11 00:00:00+00:00,0.0,-0.09079777714985404,0.0,0.0,-0.0,2.4319286738326684,2.4319286738326684,0.0,SOL
2022-02-12 00:00:00+00:00,0.0,-0.005904900031078464,0.0,0.0,-0.0,2.4319286738326684,2.4319286738326684,0.0,SOL
2022-02-13 00:00:00+00:00,0.0,-0.032409337223843315,0.0,0.0,-0.0,2.4319286738326684,2.4319286738326684,0.0,SOL
2022-02-14 00:00:00+00:00,0.0,0.03791060850834693,0.0,0.0,0.0,2.4319286738326684,2.4319286738326684,0.0,SOL
2022-02-15 00:00:00+00:00,0.0,0.09494656013282143,0.0,0.0,0.0,2.4319286738326684,2.4319286738326684,0.0,SOL
2022-02-16 00:00:00+00:00,0.0,-0.03468536770280517,0.0,0.0,-0.0,2.4319286738326684,2.4319286738326684,0.0,SOL
2022-02-17 00:00:00+00:00,0.0,-0.08187708619674061,0.0,0.0,-0.0,2.4319286738326684,2.4319286738326684,0.0,SOL
2022-02-18 00:00:00+00:00,0.0,-0.039136013686911886,0.0,0.0,-0.0,2.4319286738326684,2.4319286738326684,0.0,SOL
2022-02-19 00:00:00+00:00,0.0,0.015691075005564104,0.0,0.0,0.0,2.4319286738326684,2.4319286738326684,0.0,SOL
2022-02-20 00:00:00+00:00,0.0,-0.006026076476388753,0.0,0.0,-0.0,2.4319286738326684,2.4319286738326684,0.0,SOL
2022-02-21 00:00:00+00:00,0.0,-0.08553791887125228,0.0,0.0,-0.0,2.4319286738326684,2.4319286738326684,0.0,SOL
2022-02-22 00:00:00+00:00,0.0,0.0412246865959498,0.0,0.0,0.0,2.4319286738326684,2.4319286738326684,0.0,SOL
2022-02-23 00:00:00+00:00,0.0,-0.020722389442000333,0.0,0.0,-0.0,2.4319286738326684,2.4319286738326684,0.0,SOL
2022-02-24 00:00:00+00:00,0.0,0.056389644165977026,0.0,0.0,0.0,2.4319286738326684,2.4319286738326684,0.0,SOL
2022-02-25 00:00:00+00:00,0.0,0.03748880931065357,0.0,0.0,0.0,2.4319286738326684,2.4319286738326684,0.0,SOL
2022-02-26 00:00:00+00:00,0.0,-0.026750080897421924,0.0,0.0,-0.0,2.4319286738326684,2.4319286738326684,0.0,SOL
2022-02-27 00:00:00+00:00,0.0,-0.050980826776016896,0.0,0.0,-0.0,2.4319286738326684,2.4319286738326684,0.0,SOL
2022-02-28 00:00:00+00:00,0.0,0.16407801004320932,0.0,0.0,0.0,2.4319286738326684,2.4319286738326684,0.0,SOL
2022-03-01 00:00:00+00:00,0.0,-0.010232744783306713,0.0,0.0,-0.0,2.4319286738326684,2.4319286738326684,0.0,SOL
2022-03-02 00:00:00+00:00,0.0,0.020474356375430824,0.0,0.0,0.0,2.4319286738326684,2.4319286738326684,0.0,SOL
2022-03-03 00:00:00+00:00,0.0,-0.05025824394119982,0.0,0.0,-0.0,2.4319286738326684,2.4319286738326684,0.0,SOL
2022-03-04 00:00:00+00:00,0.0,-0.07634386111692126,0.0,0.0,-0.0,2.4319286738326684,2.4319286738326684,0.0,SOL
2022-03-05 00:00:00+00:00,0.0,0.014832427536231929,0.0,0.0,0.0,2.4319286738326684,2.4319286738326684,0.0,SOL
2022-03-06 00:00:00+00:00,0.0,-0.05645431217226382,0.0,0.0,-0.0,2.4319286738326684,2.4319286738326684,0.0,SOL
2022-03-07 00:00:00+00:00,0.0,-0.0344093650230578,0.0,0.0,-0.0,2.4319286738326684,2.4319286738326684,0.0,SOL
2022-03-08 00:00:00+00:00,0.0,0.008082292432035176,0.0,0.0,0.0,2.4319286738326684,2.4319286738326684,0.0,SOL
2022-03-09 00:00:00+00:00,0.0,0.06972789115646272,0.0,0.0,0.0,2.4319286738326684,2.4319286738326684,0.0,SOL
2022-03-10 00:00:00+00:00,0.0,-0.05893708834885303,0.0,0.0,-0.0,2.4319286738326684,2.4319286738326684,0.0,SOL
2022-03-11 00:00:00+00:00,0.0,-0.0265476046820321,0.0,0.0,-0.0,2.4319286738326684,2.4319286738326684,0.0,SOL
2022-03-12 00:00:00+00:00,0.0,0.008801289202925444,0.0,0.0,0.0,2.4319286738326684,2.4319286738326684,0.0,SOL
2022-03-13 00:00:00+00:00,0.0,-0.03256328336200531,0.0,0.0,-0.0,2.4319286738326684,2.4319286738326684,0.0,SOL
2022-03-14 00:00:00+00:00,0.0,0.031627079893306265,0.0,0.0,0.0,2.4319286738326684,2.4319286738326684,0.0,SOL
2022-03-15 00:00:00+00:00,0.0,0.019945826151194446,0.0,0.0,0.0,2.4319286738326684,2.4319286738326684,0.0,SOL
2022-03-16 00:00:00+00:00,0.0,0.059512312892322505,0.0,0.0,0.0,2.4319286738326684,2.4319286738326684,0.0,SOL
2022-03-17 00:00:00+00:00,0.0,0.0003418024381907081,0.0,0.0,0.0,2.4319286738326684,2.4319286738326684,0.0,SOL
2022-03-18 00:00:00+00:00,0.0,0.02277904328018221,0.0,0.0,0.0,2.4319286738326684,2.4319286738326684,0.0,SOL
2022-03-19 00:00:00+00:00,0.0,0.027951002227171617,0.0,0.0,0.0,2.4319286738326684,2.4319286738326684,0.0,SOL
2022-03-20 00:00:00+00:00,0.0,-0.03997400064998369,0.0,0.0,-0.0,2.4319286738326684,2.4319286738326684,0.0,SOL
2022-03-21 00:00:00+00:00,0.0,-0.0003385240352065111,0.0,0.0,-0.0,2.4319286738326684,2.4319286738326684,0.0,SOL
2022-03-22 00:00:00+00:00,0.0,0.020769838582232802,0.0,0.0,0.0,2.4319286738326684,2.4319286738326684,0.0,SOL
2022-03-23 00:00:00+00:00,0.0,0.04931991595709384,0.0,0.0,0.0,2.4319286738326684,2.4319286738326684,0.0,SOL
2022-03-24 00:00:00+00:00,0.0,0.07830119085256615,0.0,0.0,0.0,2.4319286738326684,2.4319286738326684,0.0,SOL
2022-03-25 00:00:00+00:00,0.0,-0.03635652853792026,0.0,0.0,-0.0,2.4319286738326684,2.4319286738326684,0.0,SOL
2022-03-26 00:00:00+00:00,0.0,0.0317444219066938,0.0,0.0,0.0,2.4319286738326684,2.4319286738326684,0.0,SOL
2022-03-27 00:00:00+00:00,0.0,0.05219699203774697,0.0,0.0,0.0,2.4319286738326684,2.4319286738326684,0.0,SOL
2022-03-28 00:00:00+00:00,0.0,-0.012051569506726478,0.0,0.0,-0.0,2.4319286738326684,2.4319286738326684,0.0,SOL
2022-03-29 00:00:00+00:00,0.0,0.05550827423167859,0.0,0.0,0.0,2.4319286738326684,2.4319286738326684,0.0,SOL
2022-03-30 00:00:00+00:00,0.0,0.0824225049274323,0.0,0.0,0.0,2.4319286738326684,2.4319286738326684,0.0,SOL
2022-03-31 00:00:00+00:00,0.0,0.016139711968217174,0.0,0.0,0.0,2.4319286738326684,2.4319286738326684,0.0,SOL
2022-04-01 00:00:00+00:00,0.0,0.09570742037957158,0.0,0.0,0.0,2.4319286738326684,2.4319286738326684,0.0,SOL
2022-04-02 00:00:00+00:00,0.0,-0.015090692833779396,0.0,0.0,-0.0,2.4319286738326684,2.4319286738326684,0.0,SOL
2022-04-03 00:00:00+00:00,0.0,0.03328553098347031,0.0,0.0,0.0,2.4319286738326684,2.4319286738326684,0.0,SOL
2022-04-04 00:00:00+00:00,0.0,-0.03476990504017541,0.0,0.0,-0.0,2.4319286738326684,2.4319286738326684,0.0,SOL
2022-04-05 00:00:00+00:00,0.0,-0.03988194339337059,0.0,0.0,-0.0,2.4319286738326684,2.4319286738326684,0.0,SOL
2022-04-06 00:00:00+00:00,0.0,-0.10971860960037838,0.0,0.0,-0.0,2.4319286738326684,2.4319286738326684,0.0,SOL
2022-04-07 00:00:00+00:00,0.0,0.04895971668880028,0.0,0.0,0.0,2.4319286738326684,2.4319286738326684,0.0,SOL
2022-04-08 00:00:00+00:00,0.0,-0.07224848075624579,0.0,0.0,-0.0,2.4319286738326684,2.4319286738326684,0.0,SOL
2022-04-09 00:00:00+00:00,0.0,0.027656477438136706,0.0,0.0,0.0,2.4319286738326684,2.4319286738326684,0.0,SOL
2022-04-10 00:00:00+00:00,0.0,-0.01673158640226624,0.0,0.0,-0.0,2.4319286738326684,2.4319286738326684,0.0,SOL
2022-04-11 00:00:00+00:00,0.0,-0.10263797605113889,0.0,0.0,-0.0,2.4319286738326684,2.4319286738326684,0.0,SOL
2022-04-12 00:00:00+00:00,0.0,0.03561753787498745,0.0,0.0,0.0,2.4319286738326684,2.4319286738326684,0.0,SOL
2022-04-13 00:00:00+00:00,0.0,0.016663437318349184,0.0,0.0,0.0,2.4319286738326684,2.4319286738326684,0.0,SOL
2022-04-14 00:00:00+00:00,0.0,-0.03973699256718122,0.0,0.0,-0.0,2.4319286738326684,2.4319286738326684,0.0,SOL
2022-04-15 00:00:00+00:00,0.0,0.005358737719559414,0.0,0.0,0.0,2.4319286738326684,2.4319286738326684,0.0,SOL
2022-04-16 00:00:00+00:00,0.0,0.007403020432336316,0.0,0.0,0.0,2.4319286738326684,2.4319286738326684,0.0,SOL
2022-04-17 00:00:00+00:00,0.0,-0.018714481677444605,0.0,0.0,-0.0,2.4319286738326684,2.4319286738326684,0.0,SOL
2022-04-18 00:00:00+00:00,0.0,0.021767348976535095,0.0,0.0,0.0,2.4319286738326684,2.4319286738326684,0.0,SOL
2022-04-19 00:00:00+00:00,0.0,0.06039284667253009,0.0,0.0,0.0,2.4319286738326684,2.4319286738326684,0.0,SOL
2022-04-20 00:00:00+00:00,0.0,-0.026909962215464045,0.0,0.0,-0.0,2.4319286738326684,2.4319286738326684,0.0,SOL
2022-04-21 00:00:00+00:00,0.0,-0.03608296240174258,0.0,0.0,-0.0,2.4319286738326684,2.4319286738326684,0.0,SOL
2022-04-22 00:00:00+00:00,0.0,-0.012084888976223285,0.0,0.0,-0.0,2.4319286738326684,2.4319286738326684,0.0,SOL
2022-04-23 00:00:00+00:00,0.0,0.0007956240676281201,0.0,0.0,0.0,2.4319286738326684,2.4319286738326684,0.0,SOL
2022-04-24 00:00:00+00:00,0.0,-0.01391235218125797,0.0,0.0,-0.0,2.4319286738326684,2.4319286738326684,0.0,SOL
2022-04-25 00:00:00+00:00,0.0,0.017736571601330242,0.0,0.0,0.0,2.4319286738326684,2.4319286738326684,0.0,SOL
2022-04-26 00:00:00+00:00,0.0,-0.05238142390335665,0.0,0.0,-0.0,2.4319286738326684,2.4319286738326684,0.0,SOL
2022-04-27 00:00:00+00:00,0.0,0.02779519331243474,0.0,0.0,0.0,2.4319286738326684,2.4319286738326684,0.0,SOL
2022-04-28 00:00:00+00:00,0.0,-0.001220008133387629,0.0,0.0,-0.0,2.4319286738326684,2.4319286738326684,0.0,SOL
2022-04-29 00:00:00+00:00,0.0,-0.04356677524429964,0.0,0.0,-0.0,2.4319286738326684,2.4319286738326684,0.0,SOL
2022-04-30 00:00:00+00:00,0.0,-0.0992975734355045,0.0,0.0,-0.0,2.4319286738326684,2.4319286738326684,0.0,SOL
2022-05-01 00:00:00+00:00,0.0,0.05967151128441461,0.0,0.0,0.0,2.4319286738326684,2.4319286738326684,0.0,SOL
2022-05-02 00:00:00+00:00,0.0,-0.024308652988403234,0.0,0.0,-0.0,2.4319286738326684,2.4319286738326684,0.0,SOL
2022-05-03 00:00:00+00:00,0.0,-0.018742857142857172,0.0,0.0,-0.0,2.4319286738326684,2.4319286738326684,0.0,SOL
2022-05-04 00:00:00+00:00,0.0,0.08047985092010235,0.0,0.0,0.0,2.4319286738326684,2.4319286738326684,0.0,SOL
2022-05-05 00:00:00+00:00,0.0,-0.0889296108655816,0.0,0.0,-0.0,2.4319286738326684,2.4319286738326684,0.0,SOL
2022-05-06 00:00:00+00:00,0.0,-0.03360151443445325,0.0,0.0,-0.0,2.4319286738326684,2.4319286738326684,0.0,SOL
2022-05-07 00:00:00+00:00,0.0,-0.03452497551420186,0.0,0.0,-0.0,2.4319286738326684,2.4319286738326684,0.0,SOL
2022-05-08 00:00:00+00:00,0.0,-0.044128835911742326,0.0,0.0,-0.0,2.4319286738326684,2.4319286738326684,0.0,SOL
2022-05-09 00:00:00+00:00,0.0,-0.17537808437251257,0.0,0.0,-0.0,2.4319286738326684,2.4319286738326684,0.0,SOL
2022-05-10 00:00:00+00:00,0.0,0.07625482625482638,0.0,0.0,0.0,2.4319286738326684,2.4319286738326684,0.0,SOL
2022-05-11 00:00:00+00:00,0.0,-0.23916292974588949,0.0,0.0,-0.0,2.4319286738326684,2.4319286738326684,0.0,SOL
2022-05-12 00:00:00+00:00,0.0,-0.12298624754420429,0.0,0.0,-0.0,2.4319286738326684,2.4319286738326684,0.0,SOL
2022-05-13 00:00:00+00:00,0.0,0.09587813620071683,0.0,0.0,0.0,2.4319286738326684,2.4319286738326684,0.0,SOL
2022-05-14 00:00:00+00:00,0.0,0.07174979558462802,0.0,0.0,0.0,2.4319286738326684,2.4319286738326684,0.0,SOL
2022-05-15 00:00:00+00:00,0.0,0.12206751859622345,0.0,0.0,0.0,2.4319286738326684,2.4319286738326684,0.0,SOL
2022-05-16 00:00:00+00:00,0.0,-0.085670576236614,0.0,0.0,-0.0,2.4319286738326684,2.4319286738326684,0.0,SOL
2022-05-17 00:00:00+00:00,0.0,0.060048336121955925,0.0,0.0,0.0,2.4319286738326684,2.4319286738326684,0.0,SOL
2022-05-18 00:00:00+00:00,0.0,-0.12434233602244826,0.0,0.0,-0.0,2.4319286738326684,2.4319286738326684,0.0,SOL
2022-05-19 00:00:00+00:00,0.0,0.045463649108752335,0.0,0.0,0.0,2.4319286738326684,2.4319286738326684,0.0,SOL
2022-05-20 00:00:00+00:00,0.0,-0.053065134099616884,0.0,0.0,-0.0,2.4319286738326684,2.4319286738326684,0.0,SOL
2022-05-21 00:00:00+00:00,0.0,0.017802953671859356,0.0,0.0,0.0,2.4319286738326684,2.4319286738326684,0.0,SOL
2022-05-22 00:00:00+00:00,0.0,0.04313257801629877,0.0,0.0,0.0,2.4319286738326684,2.4319286738326684,0.0,SOL
2022-05-23 00:00:00+00:00,0.0,-0.06307164634146334,0.0,0.0,-0.0,2.4319286738326684,2.4319286738326684,0.0,SOL
2022-05-24 00:00:00+00:00,0.0,0.010168802115110731,0.0,0.0,0.0,2.4319286738326684,2.4319286738326684,0.0,SOL
2022-05-25 00:00:00+00:00,0.0,-0.03402456210992555,0.0,0.0,-0.0,2.4319286738326684,2.4319286738326684,0.0,SOL
2022-05-26 00:00:00+00:00,0.0,-0.09462275948311794,0.0,0.0,-0.0,2.4319286738326684,2.4319286738326684,0.0,SOL
2022-05-27 00:00:00+00:00,0.0,-0.0522559852670349,0.0,0.0,-0.0,2.4319286738326684,2.4319286738326684,0.0,SOL
2022-05-28 00:00:00+00:00,0.0,0.07481175613310653,0.0,0.0,0.0,2.4319286738326684,2.4319286738326684,0.0,SOL
2022-05-29 00:00:00+00:00,0.0,0.016497175141242826,0.0,0.0,0.0,2.4319286738326684,2.4319286738326684,0.0,SOL
2022-05-30 00:00:00+00:00,0.0,0.04979991107158743,0.0,0.0,0.0,2.4319286738326684,2.4319286738326684,0.0,SOL
2022-05-31 00:00:00+00:00,0.0,-0.03070732740364246,0.0,0.0,-0.0,2.4319286738326684,2.4319286738326684,0.0,SOL
2022-06-01 00:00:00+00:00,0.0,-0.12366178719685395,0.0,0.0,-0.0,2.4319286738326684,2.4319286738326684,0.0,SOL
2022-06-02 00:00:00+00:00,0.0,0.018449264522562903,0.0,0.0,0.0,2.4319286738326684,2.4319286738326684,0.0,SOL
2022-06-03 00:00:00+00:00,0.0,-0.06291309669522649,0.0,0.0,-0.0,2.4319286738326684,2.4319286738326684,0.0,SOL
2022-06-04 00:00:00+00:00,0.0,0.01880877742946696,0.0,0.0,0.0,2.4319286738326684,2.4319286738326684,0.0,SOL
2022-06-05 00:00:00+00:00,0.0,-0.012307692307692242,0.0,0.0,-0.0,2.4319286738326684,2.4319286738326684,0.0,SOL
2022-06-06 00:00:00+00:00,0.0,0.10046728971962615,0.0,0.0,0.0,2.4319286738326684,2.4319286738326684,0.0,SOL
2022-06-07 00:00:00+00:00,0.0,-0.07265864590705351,0.0,0.0,-0.0,2.4319286738326684,2.4319286738326684,0.0,SOL
2022-06-08 00:00:00+00:00,0.0,-0.012210633426609108,0.0,0.0,-0.0,2.4319286738326684,2.4319286738326684,0.0,SOL
2022-06-09 00:00:00+00:00,0.0,0.02910121040432667,0.0,0.0,0.0,2.4319286738326684,2.4319286738326684,0.0,SOL
2022-06-10 00:00:00+00:00,0.0,-0.06981981981981977,0.0,0.0,-0.0,2.4319286738326684,2.4319286738326684,0.0,SOL
2022-06-11 00:00:00+00:00,0.0,-0.0871670702179177,0.0,0.0,-0.0,2.4319286738326684,2.4319286738326684,0.0,SOL
2022-06-12 00:00:00+00:00,0.0,-0.09784851164161512,0.0,0.0,-0.0,2.4319286738326684,2.4319286738326684,0.0,SOL
2022-06-13 00:00:00+00:00,0.0,-0.0656648154197974,0.0,0.0,-0.0,2.4319286738326684,2.4319286738326684,0.0,SOL
2022-06-14 00:00:00+00:00,0.0,0.03461538461538449,0.0,0.0,0.0,2.4319286738326684,2.4319286738326684,0.0,SOL
2022-06-15 00:00:00+00:00,0.0,0.17472118959107807,0.0,0.0,0.0,2.4319286738326684,2.4319286738326684,0.0,SOL
2022-06-16 00:00:00+00:00,0.0,-0.1334867663981587,0.0,0.0,-0.0,2.4319286738326684,2.4319286738326684,0.0,SOL
2022-06-17 00:00:00+00:00,0.0,0.01958831341301459,0.0,0.0,0.0,2.4319286738326684,2.4319286738326684,0.0,SOL
2022-06-18 00:00:00+00:00,0.0,0.04265711494627156,0.0,0.0,0.0,2.4319286738326684,2.4319286738326684,0.0,SOL
2022-06-19 00:00:00+00:00,0.0,0.06777014366021228,0.0,0.0,0.0,2.4319286738326684,2.4319286738326684,0.0,SOL
2022-06-20 00:00:00+00:00,0.0,0.030710734132787465,0.0,0.0,0.0,2.4319286738326684,2.4319286738326684,0.0,SOL
2022-06-21 00:00:00+00:00,0.0,0.03348467650397269,0.0,0.0,0.0,2.4319286738326684,2.4319286738326684,0.0,SOL
2022-06-22 00:00:00+00:00,0.0,-0.06315211422295453,0.0,0.0,-0.0,2.4319286738326684,2.4319286738326684,0.0,SOL
2022-06-23 00:00:00+00:00,0.0,0.1181125439624855,0.0,0.0,0.0,2.4319286738326684,2.4319286738326684,0.0,SOL
2022-06-24 00:00:00+00:00,0.0,0.0985583224115334,0.0,0.0,0.0,2.4319286738326684,2.4319286738326684,0.0,SOL
2022-06-25 00:00:00+00:00,0.0,0.007396802672393177,0.0,0.0,0.0,2.4319286738326684,2.4319286738326684,0.0,SOL
2022-06-26 00:00:00+00:00,0.0,-0.06702984367598286,0.0,0.0,-0.0,2.4319286738326684,2.4319286738326684,0.0,SOL
2022-06-27 00:00:00+00:00,0.0,-0.022086824067022004,0.0,0.0,-0.0,2.4319286738326684,2.4319286738326684,0.0,SOL
2022-06-28 00:00:00+00:00,0.0,-0.08229491173416414,0.0,0.0,-0.0,2.4319286738326684,2.4319286738326684,0.0,SOL
2022-06-29 00:00:00+00:00,0.0,-0.036775106082036935,0.0,0.0,-0.0,2.4319286738326684,2.4319286738326684,0.0,SOL
2022-06-30 00:00:00+00:00,0.0,-0.008516886930983847,0.0,0.0,-0.0,2.4319286738326684,2.4319286738326684,0.0,SOL
2022-07-01 00:00:00+00:00,0.0,-0.027251184834123032,0.0,0.0,-0.0,2.4319286738326684,2.4319286738326684,0.0,SOL
2022-07-02 00:00:00+00:00,0.0,0.015834348355663774,0.0,0.0,0.0,2.4319286738326684,2.4319286738326684,0.0,SOL
2022-07-03 00:00:00+00:00,0.0,0.0008992805755396738,0.0,0.0,0.0,2.4319286738326684,2.4319286738326684,0.0,SOL
2022-07-04 00:00:00+00:00,0.0,0.09943096735549561,0.0,0.0,0.0,2.4319286738326684,2.4319286738326684,0.0,SOL
2022-07-05 00:00:00+00:00,0.0,-0.03568509942794884,0.0,0.0,-0.0,2.4319286738326684,2.4319286738326684,0.0,SOL
2022-07-06 00:00:00+00:00,0.0,0.04632768361581929,0.0,0.0,0.0,2.4319286738326684,2.4319286738326684,0.0,SOL
2022-07-07 00:00:00+00:00,0.0,0.03833693304535646,0.0,0.0,0.0,2.4319286738326684,2.4319286738326684,0.0,SOL
2022-07-08 00:00:00+00:00,0.0,-0.008840353614144703,0.0,0.0,-0.0,2.4319286738326684,2.4319286738326684,0.0,SOL
2022-07-09 00:00:00+00:00,0.0,-0.0015739769150051597,0.0,0.0,-0.0,2.4319286738326684,2.4319286738326684,0.0,SOL
2022-07-10 00:00:00+00:00,0.0,-0.035470310036784025,0.0,0.0,-0.0,2.4319286738326684,2.4319286738326684,0.0,SOL
2022-07-11 00:00:00+00:00,0.0,-0.08962135657858894,0.0,0.0,-0.0,2.4319286738326684,2.4319286738326684,0.0,SOL
2022-07-12 00:00:00+00:00,0.0,-0.02214242968282476,0.0,0.0,-0.0,2.4319286738326684,2.4319286738326684,0.0,SOL
2022-07-13 00:00:00+00:00,0.0,0.06915544675642593,0.0,0.0,0.0,2.4319286738326684,2.4319286738326684,0.0,SOL
2022-07-14 00:00:00+00:00,0.0,0.06325128792215229,0.0,0.0,0.0,2.4319286738326684,2.4319286738326684,0.0,SOL
2022-07-15 00:00:00+00:00,0.0,0.005652759084791459,0.0,0.0,0.0,2.4319286738326684,2.4319286738326684,0.0,SOL
2022-07-16 00:00:00+00:00,0.0,0.05942184154175578,0.0,0.0,0.0,2.4319286738326684,2.4319286738326684,0.0,SOL
2022-07-17 00:00:00+00:00,0.0,-0.024254674077817118,0.0,0.0,-0.0,2.4319286738326684,2.4319286738326684,0.0,SOL
2022-07-18 00:00:00+00:00,0.0,0.12687726566545843,0.0,0.0,0.0,2.4319286738326684,2.4319286738326684,0.0,SOL
2022-07-19 00:00:00+00:00,0.0,0.03102022058823506,0.0,0.0,0.0,2.4319286738326684,2.4319286738326684,0.0,SOL
2022-07-20 00:00:00+00:00,0.0,-0.06307109427234225,0.0,0.0,-0.0,2.4319286738326684,2.4319286738326684,0.0,SOL
2022-07-21 00:00:00+00:00,0.0,0.025451950523311062,0.0,0.0,0.0,2.4319286738326684,2.4319286738326684,0.0,SOL
2022-07-22 00:00:00+00:00,0.0,-0.05961493852934352,0.0,0.0,-0.0,2.4319286738326684,2.4319286738326684,0.0,SOL
2022-07-23 00:00:00+00:00,0.0,-0.014060187469166263,0.0,0.0,-0.0,2.4319286738326684,2.4319286738326684,0.0,SOL
2022-07-24 00:00:00+00:00,0.0,0.024018013510132663,0.0,0.0,0.0,2.4319286738326684,2.4319286738326684,0.0,SOL
2022-07-25 00:00:00+00:00,0.0,-0.10456877595895431,0.0,0.0,-0.0,2.4319286738326684,2.4319286738326684,0.0,SOL
2022-07-26 00:00:00+00:00,0.0,-0.010914051841746208,0.0,0.0,-0.0,2.4319286738326684,2.4319286738326684,0.0,SOL
2022-07-27 00:00:00+00:00,0.0,0.10979310344827575,0.0,0.0,0.0,2.4319286738326684,2.4319286738326684,0.0,SOL
2022-07-28 00:00:00+00:00,0.0,0.06661695252299271,0.0,0.0,0.0,2.4319286738326684,2.4319286738326684,0.0,SOL
2022-07-29 00:00:00+00:00,0.0,-0.023304591004427833,0.0,0.0,-0.0,2.4319286738326684,2.4319286738326684,0.0,SOL
2022-07-30 00:00:00+00:00,0.0,0.04605106179909346,0.0,0.0,0.0,2.4319286738326684,2.4319286738326684,0.0,SOL
2022-07-31 00:00:00+00:00,0.0,-0.03398722627737227,0.0,0.0,-0.0,2.4319286738326684,2.4319286738326684,0.0,SOL
2022-08-01 00:00:00+00:00,0.0,-0.016528925619834767,0.0,0.0,-0.0,2.4319286738326684,2.4319286738326684,0.0,SOL
2022-08-02 00:00:00+00:00,0.0,-0.0446578631452581,0.0,0.0,-0.0,2.4319286738326684,2.4319286738326684,0.0,SOL
2022-08-03 00:00:00+00:00,0.0,-0.03141492837396331,0.0,0.0,-0.0,2.4319286738326684,2.4319286738326684,0.0,SOL
2022-08-04 00:00:00+00:00,0.0,0.007524649714582221,0.0,0.0,0.0,2.4319286738326684,2.4319286738326684,0.0,SOL
2022-08-05 00:00:00+00:00,0.0,0.0442956476950811,0.0,0.0,0.0,2.4319286738326684,2.4319286738326684,0.0,SOL
2022-08-06 00:00:00+00:00,0.0,-0.011837237977805115,0.0,0.0,-0.0,2.4319286738326684,2.4319286738326684,0.0,SOL
2022-08-07 00:00:00+00:00,0.0,0.013226853007237471,0.0,0.0,0.0,2.4319286738326684,2.4319286738326684,0.0,SOL
2022-08-08 00:00:00+00:00,0.0,0.0389162561576355,0.0,0.0,0.0,2.4319286738326684,2.4319286738326684,0.0,SOL
2022-08-09 00:00:00+00:00,0.0,-0.04385964912280704,0.0,0.0,-0.0,2.4319286738326684,2.4319286738326684,0.0,SOL
2022-08-10 00:00:00+00:00,0.0,0.053062236548475195,0.0,0.0,0.0,2.4319286738326684,2.4319286738326684,0.0,SOL
2022-08-11 00:00:00+00:00,0.0,0.007063809748057537,0.0,0.0,0.0,2.4319286738326684,2.4319286738326684,0.0,SOL
2022-08-12 00:00:00+00:00,0.0,0.0633621697451483,0.0,0.0,0.0,2.4319286738326684,2.4319286738326684,0.0,SOL
2022-08-13 00:00:00+00:00,0.0,0.02462620932277937,0.0,0.0,0.0,2.4319286738326684,2.4319286738326684,0.0,SOL
2022-08-14 00:00:00+00:00,0.0,-0.03712446351931342,0.0,0.0,-0.0,2.4319286738326684,2.4319286738326684,0.0,SOL
2022-08-15 00:00:00+00:00,0.0,-0.025629596612435912,0.0,0.0,-0.0,2.4319286738326684,2.4319286738326684,0.0,SOL
2022-08-16 00:00:00+00:00,0.0,-0.014638609332113472,0.0,0.0,-0.0,2.4319286738326684,2.4319286738326684,0.0,SOL
2022-08-17 00:00:00+00:00,0.0,-0.0589600742804085,0.0,0.0,-0.0,2.4319286738326684,2.4319286738326684,0.0,SOL
2022-08-18 00:00:00+00:00,0.0,-0.025160335471139494,0.0,0.0,-0.0,2.4319286738326684,2.4319286738326684,0.0,SOL
2022-08-19 00:00:00+00:00,0.0,-0.09387651821862353,0.0,0.0,-0.0,2.4319286738326684,2.4319286738326684,0.0,SOL
2022-08-20 00:00:00+00:00,0.0,-0.01480033510192691,0.0,0.0,-0.0,2.4319286738326684,2.4319286738326684,0.0,SOL
2022-08-21 00:00:00+00:00,0.0,0.03373015873015861,0.0,0.0,0.0,2.4319286738326684,2.4319286738326684,0.0,SOL
2022-08-22 00:00:00+00:00,0.0,-0.02906498491911169,0.0,0.0,-0.0,2.4319286738326684,2.4319286738326684,0.0,SOL
2022-08-23 00:00:00+00:00,0.0,0.00762496469923768,0.0,0.0,0.0,2.4319286738326684,2.4319286738326684,0.0,SOL
2022-08-24 00:00:00+00:00,0.0,-0.02214125560538116,0.0,0.0,-0.0,2.4319286738326684,2.4319286738326684,0.0,SOL
2022-08-25 00:00:00+00:00,0.0,0.01089137288621389,0.0,0.0,0.0,2.4319286738326684,2.4319286738326684,0.0,SOL
2022-08-26 00:00:00+00:00,0.0,-0.10065211227672255,0.0,0.0,-0.0,2.4319286738326684,2.4319286738326684,0.0,SOL
2022-08-27 00:00:00+00:00,0.0,-0.005989911727616537,0.0,0.0,-0.0,2.4319286738326684,2.4319286738326684,0.0,SOL
2022-08-28 00:00:00+00:00,0.0,-0.03457025055502694,0.0,0.0,-0.0,2.4319286738326684,2.4319286738326684,0.0,SOL
2022-08-29 00:00:00+00:00,0.0,0.06504599211563744,0.0,0.0,0.0,2.4319286738326684,2.4319286738326684,0.0,SOL
2022-08-30 00:00:00+00:00,0.0,-0.029302899444787256,0.0,0.0,-0.0,2.4319286738326684,2.4319286738326684,0.0,SOL
2022-08-31 00:00:00+00:00,0.0,0.0009532888465204614,0.0,0.0,0.0,2.4319286738326684,2.4319286738326684,0.0,SOL
2022-09-01 00:00:00+00:00,0.0,0.0034920634920634352,0.0,0.0,0.0,2.4319286738326684,2.4319286738326684,0.0,SOL
2022-09-02 00:00:00+00:00,0.0,-0.012021512179689942,0.0,0.0,-0.0,2.4319286738326684,2.4319286738326684,0.0,SOL
2022-09-03 00:00:00+00:00,0.0,-0.0035222542427153503,0.0,0.0,-0.0,2.4319286738326684,2.4319286738326684,0.0,SOL
2022-09-04 00:00:00+00:00,0.0,0.03341902313624656,0.0,0.0,0.0,2.4319286738326684,2.4319286738326684,0.0,SOL
2022-09-05 00:00:00+00:00,0.0,0.0006218905472636926,0.0,0.0,0.0,2.4319286738326684,2.4319286738326684,0.0,SOL
2022-09-06 00:00:00+00:00,0.0,-0.0403977625854568,0.0,0.0,-0.0,2.4319286738326684,2.4319286738326684,0.0,SOL
2022-09-07 00:00:00+00:00,0.0,0.058613989637305686,0.0,0.0,0.0,2.4319286738326684,2.4319286738326684,0.0,SOL
2022-09-08 00:00:00+00:00,0.0,0.02814316304680342,0.0,0.0,0.0,2.4319286738326684,2.4319286738326684,0.0,SOL
2022-09-09 00:00:00+00:00,0.0,0.0315382326688487,0.0,0.0,0.0,2.4319286738326684,2.4319286738326684,0.0,SOL
2022-09-10 00:00:00+00:00,0.0,0.010383616959907638,0.0,0.0,0.0,2.4319286738326684,2.4319286738326684,0.0,SOL
2022-09-11 00:00:00+00:00,0.0,-0.0011418783899515006,0.0,0.0,-0.0,2.4319286738326684,2.4319286738326684,0.0,SOL
2022-09-12 00:00:00+00:00,0.0,0.0700200057159186,0.0,0.0,0.0,2.4319286738326684,2.4319286738326684,0.0,SOL
2022-09-13 00:00:00+00:00,0.0,-0.1185897435897435,0.0,0.0,-0.0,2.4319286738326684,2.4319286738326684,0.0,SOL
2022-09-14 00:00:00+00:00,0.0,0.033939393939393936,0.0,0.0,0.0,2.4319286738326684,2.4319286738326684,0.0,SOL
2022-09-15 00:00:00+00:00,0.0,-0.030773739742086637,0.0,0.0,-0.0,2.4319286738326684,2.4319286738326684,0.0,SOL
2022-09-16 00:00:00+00:00,0.0,-0.024795887511339543,0.0,0.0,-0.0,2.4319286738326684,2.4319286738326684,0.0,SOL
2022-09-17 00:00:00+00:00,0.0,0.04434108527131775,0.0,0.0,0.0,2.4319286738326684,2.4319286738326684,0.0,SOL
2022-09-18 00:00:00+00:00,0.0,-0.07660332541567694,0.0,0.0,-0.0,2.4319286738326684,2.4319286738326684,0.0,SOL
2022-09-19 00:00:00+00:00,0.0,0.04887459807073946,0.0,0.0,0.0,2.4319286738326684,2.4319286738326684,0.0,SOL
2022-09-20 00:00:00+00:00,0.0,-0.037093807480073515,0.0,0.0,-0.0,2.4319286738326684,2.4319286738326684,0.0,SOL
2022-09-21 00:00:00+00:00,0.0,-0.024196115886660374,0.0,0.0,-0.0,2.4319286738326684,2.4319286738326684,0.0,SOL
2022-09-22 00:00:00+00:00,0.0,0.05807504078303438,0.0,0.0,0.0,2.4319286738326684,2.4319286738326684,0.0,SOL
2022-09-23 00:00:00+00:00,0.0,0.03792784458834397,0.0,0.0,0.0,2.4319286738326684,2.4319286738326684,0.0,SOL
2022-09-24 00:00:00+00:00,0.0,-0.008318478906714,0.0,0.0,-0.0,2.4319286738326684,2.4319286738326684,0.0,SOL
2022-09-25 00:00:00+00:00,0.0,-0.031156381066506866,0.0,0.0,-0.0,2.4319286738326684,2.4319286738326684,0.0,SOL
2022-09-26 00:00:00+00:00,0.0,0.04761904761904767,0.0,0.0,0.0,2.4319286738326684,2.4319286738326684,0.0,SOL
2022-09-27 00:00:00+00:00,0.0,-0.03512396694214892,0.0,0.0,-0.0,2.4319286738326684,2.4319286738326684,0.0,SOL
2022-09-28 00:00:00+00:00,0.0,0.016212909146527954,0.0,0.0,0.0,2.4319286738326684,2.4319286738326684,0.0,SOL
2022-09-29 00:00:00+00:00,0.0,0.021372667068031426,0.0,0.0,0.0,2.4319286738326684,2.4319286738326684,0.0,SOL
2022-09-30 00:00:00+00:00,0.0,-0.02004126142057172,0.0,0.0,-0.0,2.4319286738326684,2.4319286738326684,0.0,SOL
2022-10-01 00:00:00+00:00,0.0,-0.02436090225563914,0.0,0.0,-0.0,2.4319286738326684,2.4319286738326684,0.0,SOL
2022-10-02 00:00:00+00:00,0.0,-0.011713933415536282,0.0,0.0,-0.0,2.4319286738326684,2.4319286738326684,0.0,SOL
2022-10-03 00:00:00+00:00,0.0,0.02588895820336856,0.0,0.0,0.0,2.4319286738326684,2.4319286738326684,0.0,SOL
2022-10-04 00:00:00+00:00,0.0,0.03648525387655832,0.0,0.0,0.0,2.4319286738326684,2.4319286738326684,0.0,SOL
2022-10-05 00:00:00+00:00,0.0,-0.0014667057788209092,0.0,0.0,-0.0,2.4319286738326684,2.4319286738326684,0.0,SOL
2022-10-06 00:00:00+00:00,0.0,-0.0199764982373678,0.0,0.0,-0.0,2.4319286738326684,2.4319286738326684,0.0,SOL
2022-10-07 00:00:00+00:00,0.0,-0.011390887290167906,0.0,0.0,-0.0,2.4319286738326684,2.4319286738326684,0.0,SOL
2022-10-08 00:00:00+00:00,0.0,-0.012128562765312267,0.0,0.0,-0.0,2.4319286738326684,2.4319286738326684,0.0,SOL
2022-10-09 00:00:00+00:00,0.0,0.010435850214855824,0.0,0.0,0.0,2.4319286738326684,2.4319286738326684,0.0,SOL
2022-10-10 00:00:00+00:00,0.0,-0.02916160388821387,0.0,0.0,-0.0,2.4319286738326684,2.4319286738326684,0.0,SOL
2022-10-11 00:00:00+00:00,0.0,-0.03629536921151444,0.0,0.0,-0.0,2.4319286738326684,2.4319286738326684,0.0,SOL
2022-10-12 00:00:00+00:00,0.0,0.011688311688311748,0.0,0.0,0.0,2.4319286738326684,2.4319286738326684,0.0,SOL
2022-10-13 00:00:00+00:00,0.0,-0.021501925545571288,0.0,0.0,-0.0,2.4319286738326684,2.4319286738326684,0.0,SOL
2022-10-14 00:00:00+00:00,0.0,-0.016070842899311155,0.0,0.0,-0.0,2.4319286738326684,2.4319286738326684,0.0,SOL
2022-10-15 00:00:00+00:00,0.0,-0.013666666666666716,0.0,0.0,-0.0,2.4319286738326684,2.4319286738326684,0.0,SOL
2022-10-16 00:00:00+00:00,0.0,0.019601216627239015,0.0,0.0,0.0,2.4319286738326684,2.4319286738326684,0.0,SOL
2022-10-17 00:00:00+00:00,0.0,0.03447132913490214,0.0,0.0,0.0,2.4319286738326684,2.4319286738326684,0.0,SOL
2022-10-18 00:00:00+00:00,0.0,-0.03396347324575466,0.0,0.0,-0.0,2.4319286738326684,2.4319286738326684,0.0,SOL
2022-10-19 00:00:00+00:00,0.0,-0.042786069651741254,0.0,0.0,-0.0,2.4319286738326684,2.4319286738326684,0.0,SOL
2022-10-20 00:00:00+00:00,0.0,-0.029452529452529408,0.0,0.0,-0.0,2.4319286738326684,2.4319286738326684,0.0,SOL
2022-10-21 00:00:00+00:00,0.0,0.003213138164941176,0.0,0.0,0.0,2.4319286738326684,2.4319286738326684,0.0,SOL
2022-10-22 00:00:00+00:00,0.0,-0.003202846975088991,0.0,0.0,-0.0,2.4319286738326684,2.4319286738326684,0.0,SOL
2022-10-23 00:00:00+00:00,0.0,0.04534094966083546,0.0,0.0,0.0,2.4319286738326684,2.4319286738326684,0.0,SOL
2022-10-24 00:00:00+00:00,0.0,-0.03346994535519132,0.0,0.0,-0.0,2.4319286738326684,2.4319286738326684,0.0,SOL
2022-10-25 00:00:00+00:00,0.0,0.09045936395759702,0.0,0.0,0.0,2.4319286738326684,2.4319286738326684,0.0,SOL
2022-10-26 00:00:00+00:00,0.0,0.01393389500972142,0.0,0.0,0.0,2.4319286738326684,2.4319286738326684,0.0,SOL
2022-10-27 00:00:00+00:00,0.0,-0.022690955576861627,0.0,0.0,-0.0,2.4319286738326684,2.4319286738326684,0.0,SOL
2022-10-28 00:00:00+00:00,0.0,0.0487246566383257,0.0,0.0,0.0,2.4319286738326684,2.4319286738326684,0.0,SOL
2022-10-29 00:00:00+00:00,0.0,0.02494543186778908,0.0,0.0,0.0,2.4319286738326684,2.4319286738326684,0.0,SOL
2022-10-30 00:00:00+00:00,0.0,0.0021296014602980584,0.0,0.0,0.0,2.4319286738326684,2.4319286738326684,0.0,SOL
2022-10-31 00:00:00+00:00,0.0,-0.011536126290224491,0.0,0.0,-0.0,2.4319286738326684,2.4319286738326684,0.0,SOL
2022-11-01 00:00:00+00:00,0.0,-0.011056511056511065,0.0,0.0,-0.0,2.4319286738326684,2.4319286738326684,0.0,SOL
2022-11-02 00:00:00+00:00,0.0,-0.0434782608695653,0.0,0.0,-0.0,2.4319286738326684,2.4319286738326684,0.0,SOL
2022-11-03 00:00:00+00:00,0.0,0.0016233766233766378,0.0,0.0,0.0,2.4319286738326684,2.4319286738326684,0.0,SOL
2022-11-04 00:00:00+00:00,0.0,0.09367909238249594,0.0,0.0,0.0,2.4319286738326684,2.4319286738326684,0.0,SOL
2022-11-05 00:00:00+00:00,0.0,0.0936573799644338,0.0,0.0,0.0,2.4319286738326684,2.4319286738326684,0.0,SOL
2022-11-06 00:00:00+00:00,0.0,-0.11598915989159897,0.0,0.0,-0.0,2.4319286738326684,2.4319286738326684,0.0,SOL
2022-11-07 00:00:00+00:00,0.0,-0.09196811771919056,0.0,0.0,-0.0,2.4319286738326684,2.4319286738326684,0.0,SOL
2022-11-08 00:00:00+00:00,0.0,-0.17690749493585423,0.0,0.0,-0.0,2.4319286738326684,2.4319286738326684,0.0,SOL
2022-11-09 00:00:00+00:00,0.0,-0.42247744052502045,0.0,0.0,-0.0,2.4319286738326684,2.4319286738326684,0.0,SOL
2022-11-10 00:00:00+00:00,0.0,0.25426136363636354,0.0,0.0,0.0,2.4319286738326684,2.4319286738326684,0.0,SOL
2022-11-11 00:00:00+00:00,0.0,-0.06851642129105329,0.0,0.0,-0.0,2.4319286738326684,2.4319286738326684,0.0,SOL
2022-11-12 00:00:00+00:00,0.0,-0.11367781155015189,0.0,0.0,-0.0,2.4319286738326684,2.4319286738326684,0.0,SOL
2022-11-13 00:00:00+00:00,0.0,-0.0960219478737997,0.0,0.0,-0.0,2.4319286738326684,2.4319286738326684,0.0,SOL
2022-11-14 00:00:00+00:00,0.0,0.06221547799696503,0.0,0.0,0.0,2.4319286738326684,2.4319286738326684,0.0,SOL
2022-11-15 00:00:00+00:00,0.0,0.02285714285714291,0.0,0.0,0.0,2.4319286738326684,2.4319286738326684,0.0,SOL
2022-11-16 00:00:00+00:00,0.0,-0.0034916201117318746,0.0,0.0,-0.0,2.4319286738326684,2.4319286738326684,0.0,SOL
2022-11-17 00:00:00+00:00,0.0,-0.04344779257182896,0.0,0.0,-0.0,2.4319286738326684,2.4319286738326684,0.0,SOL
2022-11-18 00:00:00+00:00,0.0,-0.02783882783882785,0.0,0.0,-0.0,2.4319286738326684,2.4319286738326684,0.0,SOL
2022-11-19 00:00:00+00:00,0.0,-0.03240391861341374,0.0,0.0,-0.0,2.4319286738326684,2.4319286738326684,0.0,SOL
2022-11-20 00:00:00+00:00,0.0,-0.04439252336448596,0.0,0.0,-0.0,2.4319286738326684,2.4319286738326684,0.0,SOL
2022-11-21 00:00:00+00:00,0.0,-0.03585982070089644,0.0,0.0,-0.0,2.4319286738326684,2.4319286738326684,0.0,SOL
2022-11-22 00:00:00+00:00,0.0,0.051563820794589876,0.0,0.0,0.0,2.4319286738326684,2.4319286738326684,0.0,SOL
2022-11-23 00:00:00+00:00,0.0,0.15434083601286175,0.0,0.0,0.0,2.4319286738326684,2.4319286738326684,0.0,SOL
2022-11-24 00:00:00+00:00,0.0,0.016016713091921986,0.0,0.0,0.0,2.4319286738326684,2.4319286738326684,0.0,SOL
2022-11-25 00:00:00+00:00,0.0,-0.03838245373543525,0.0,0.0,-0.0,2.4319286738326684,2.4319286738326684,0.0,SOL
2022-11-26 00:00:00+00:00,0.0,0.009978617248752819,0.0,0.0,0.0,2.4319286738326684,2.4319286738326684,0.0,SOL
2022-11-27 00:00:00+00:00,0.0,-0.003528581510232942,0.0,0.0,-0.0,2.4319286738326684,2.4319286738326684,0.0,SOL
2022-11-28 00:00:00+00:00,0.0,-0.056657223796033884,0.0,0.0,-0.0,2.4319286738326684,2.4319286738326684,0.0,SOL
2022-11-29 00:00:00+00:00,0.0,0.0015015015015014122,0.0,0.0,0.0,2.4319286738326684,2.4319286738326684,0.0,SOL
2022-11-30 00:00:00+00:00,0.0,0.06146926536731634,0.0,0.0,0.0,2.4319286738326684,2.4319286738326684,0.0,SOL
2022-12-01 00:00:00+00:00,0.0,-0.04590395480225995,0.0,0.0,-0.0,2.4319286738326684,2.4319286738326684,0.0,SOL
2022-12-02 00:00:00+00:00,0.0,0.014803849000740277,0.0,0.0,0.0,2.4319286738326684,2.4319286738326684,0.0,SOL
2022-12-03 00:00:00+00:00,0.0,-0.030634573304157642,0.0,0.0,-0.0,2.4319286738326684,2.4319286738326684,0.0,SOL
2022-12-04 00:00:00+00:00,0.0,0.031602708803611934,0.0,0.0,0.0,2.4319286738326684,2.4319286738326684,0.0,SOL
2022-12-05 00:00:00+00:00,0.0,0.008023340627279385,0.0,0.0,0.0,2.4319286738326684,2.4319286738326684,0.0,SOL
2022-12-06 00:00:00+00:00,0.0,0.0347322720694645,0.0,0.0,0.0,2.4319286738326684,2.4319286738326684,0.0,SOL
2022-12-07 00:00:00+00:00,0.0,-0.056643356643356624,0.0,0.0,-0.0,2.4319286738326684,2.4319286738326684,0.0,SOL
2022-12-08 00:00:00+00:00,0.0,0.014825796886582587,0.0,0.0,0.0,2.4319286738326684,2.4319286738326684,0.0,SOL
2022-12-09 00:00:00+00:00,0.0,-0.007304601899196461,0.0,0.0,-0.0,2.4319286738326684,2.4319286738326684,0.0,SOL
2022-12-10 00:00:00+00:00,0.0,-0.0007358351729211954,0.0,0.0,-0.0,2.4319286738326684,2.4319286738326684,0.0,SOL
2022-12-11 00:00:00+00:00,0.0,-0.01178203240058906,0.0,0.0,-0.0,2.4319286738326684,2.4319286738326684,0.0,SOL
2022-12-12 00:00:00+00:00,0.0,-0.008196721311475419,0.0,0.0,-0.0,2.4319286738326684,2.4319286738326684,0.0,SOL
2022-12-13 00:00:00+00:00,0.0,0.043576258452291405,0.0,0.0,0.0,2.4319286738326684,2.4319286738326684,0.0,SOL
2022-12-14 00:00:00+00:00,0.0,0.016558675305975434,0.0,0.0,0.0,2.4319286738326684,2.4319286738326684,0.0,SOL
2022-12-15 00:00:00+00:00,0.0,-0.005665722379603388,0.0,0.0,-0.0,2.4319286738326684,2.4319286738326684,0.0,SOL
2022-12-16 00:00:00+00:00,0.0,-0.1274928774928774,0.0,0.0,-0.0,2.4319286738326684,2.4319286738326684,0.0,SOL
2022-12-17 00:00:00+00:00,0.0,0.0212244897959184,0.0,0.0,0.0,2.4319286738326684,2.4319286738326684,0.0,SOL
2022-12-18 00:00:00+00:00,0.0,-0.010391686650679355,0.0,0.0,-0.0,2.4319286738326684,2.4319286738326684,0.0,SOL
2022-12-19 00:00:00+00:00,0.0,-0.035541195476575194,0.0,0.0,-0.0,2.4319286738326684,2.4319286738326684,0.0,SOL
2022-12-20 00:00:00+00:00,0.0,0.02680067001675046,0.0,0.0,0.0,2.4319286738326684,2.4319286738326684,0.0,SOL
2022-12-21 00:00:00+00:00,0.0,-0.009787928221859588,0.0,0.0,-0.0,2.4319286738326684,2.4319286738326684,0.0,SOL
2022-12-22 00:00:00+00:00,0.0,-0.02635914332784184,0.0,0.0,-0.0,2.4319286738326684,2.4319286738326684,0.0,SOL
2022-12-23 00:00:00+00:00,0.0,-0.0033840947546531774,0.0,0.0,-0.0,2.4319286738326684,2.4319286738326684,0.0,SOL
2022-12-24 00:00:00+00:00,0.0,-0.028013582342954146,0.0,0.0,-0.0,2.4319286738326684,2.4319286738326684,0.0,SOL
2022-12-25 00:00:00+00:00,0.0,-0.006113537117903856,0.0,0.0,-0.0,2.4319286738326684,2.4319286738326684,0.0,SOL
2022-12-26 00:00:00+00:00,0.0,-0.005272407732864748,0.0,0.0,-0.0,2.4319286738326684,2.4319286738326684,0.0,SOL
2022-12-27 00:00:00+00:00,0.0,-0.02031802120141346,0.0,0.0,-0.0,2.4319286738326684,2.4319286738326684,0.0,SOL
2022-12-28 00:00:00+00:00,0.0,-0.11992786293958524,0.0,0.0,-0.0,2.4319286738326684,2.4319286738326684,0.0,SOL
2022-12-29 00:00:00+00:00,0.0,-0.012295081967213073,0.0,0.0,-0.0,2.4319286738326684,2.4319286738326684,0.0,SOL
2022-12-30 00:00:00+00:00,0.0,0.026970954356846377,0.0,0.0,0.0,2.4319286738326684,2.4319286738326684,0.0,SOL
2022-12-31 00:00:00+00:00,0.0,0.007070707070707005,0.0,0.0,0.0,2.4319286738326684,2.4319286738326684,0.0,SOL
2023-01-01 00:00:00+00:00,0.0,0.0020060180541623396,0.0,0.0,0.0,2.4319286738326684,2.4319286738326684,0.0,SOL
2023-01-02 00:00:00+00:00,0.0,0.129129129129129,0.0,0.0,0.0,2.4319286738326684,2.4319286738326684,0.0,SOL
2023-01-03 00:00:00+00:00,0.0,0.18528368794326244,0.0,0.0,0.0,2.4319286738326684,2.4319286738326684,0.0,SOL
2023-01-04 00:00:00+00:00,0.0,0.004487658937920802,0.0,0.0,0.0,2.4319286738326684,2.4319286738326684,0.0,SOL
2023-01-05 00:00:00+00:00,0.0,0.0,0.0,0.0,0.0,2.4319286738326684,2.4319286738326684,0.0,SOL
2023-01-06 00:00:00+00:00,0.0,0.005212211466865346,0.0,0.0,0.0,2.4319286738326684,2.4319286738326684,0.0,SOL
2023-01-07 00:00:00+00:00,0.0,-0.029629629629629672,0.0,0.0,-0.0,2.4319286738326684,2.4319286738326684,0.0,SOL
2023-01-08 00:00:00+00:00,0.0,0.10305343511450382,0.0,0.0,0.0,2.4319286738326684,2.4319286738326684,0.0,SOL
2023-01-09 00:00:00+00:00,0.0,0.12456747404844304,0.0,0.0,0.0,2.4319286738326684,2.4319286738326684,0.0,SOL
2023-01-10 00:00:00+00:00,0.0,-0.003076923076923088,0.0,0.0,-0.0,2.4319286738326684,2.4319286738326684,0.0,SOL
2023-01-11 00:00:00+00:00,0.0,0.009876543209876631,0.0,0.0,0.0,2.4319286738326684,2.4319286738326684,0.0,SOL
2023-01-12 00:00:00+00:00,0.0,0.014058679706601573,0.0,0.0,0.0,2.4319286738326684,2.4319286738326684,0.0,SOL
2023-01-13 00:00:00+00:00,0.0,0.10247136829415315,0.0,0.0,0.0,2.4319286738326684,2.4319286738326684,0.0,SOL
2023-01-14 00:00:00+00:00,0.0,0.3253143794423181,0.0,0.0,0.0,2.4319286738326684,2.4319286738326684,0.0,SOL
2023-01-15 00:00:00+00:00,0.0,-0.05569306930693063,0.0,0.0,-0.0,2.4319286738326684,2.4319286738326684,0.0,SOL
2023-01-16 00:00:00+00:00,0.0,0.03014416775884654,0.0,0.0,0.0,2.4319286738326684,2.4319286738326684,0.0,SOL
2023-01-17 00:00:00+00:00,0.0,-0.030534351145038108,0.0,0.0,-0.0,2.4319286738326684,2.4319286738326684,0.0,SOL
2023-01-18 00:00:00+00:00,0.0,-0.09055118110236227,0.0,0.0,-0.0,2.4319286738326684,2.4319286738326684,0.0,SOL
2023-01-19 00:00:00+00:00,0.0,0.029341029341029223,0.0,0.0,0.0,2.4319286738326684,2.4319286738326684,0.0,SOL
2023-01-20 00:00:00+00:00,0.0,0.19205607476635533,0.0,0.0,0.0,2.4319286738326684,2.4319286738326684,0.0,SOL
2023-01-21 00:00:00+00:00,0.0,-0.036848294786358315,0.0,0.0,-0.0,2.4319286738326684,2.4319286738326684,0.0,SOL
2023-01-22 00:00:00+00:00,0.0,-0.0146520146520146,0.0,0.0,-0.0,2.4319286738326684,2.4319286738326684,0.0,SOL
2023-01-23 00:00:00+00:00,0.0,0.004956629491945419,0.0,0.0,0.0,2.4319286738326684,2.4319286738326684,0.0,SOL
2023-01-24 00:00:00+00:00,0.0,-0.0637073571722152,0.0,0.0,-0.0,2.4319286738326684,2.4319286738326684,0.0,SOL
2023-01-25 00:00:00+00:00,0.0,0.07638279192273911,0.0,0.0,0.0,2.4319286738326684,2.4319286738326684,0.0,SOL
2023-01-26 00:00:00+00:00,0.0,-0.0077487765089723215,0.0,0.0,-0.0,2.4319286738326684,2.4319286738326684,0.0,SOL
2023-01-27 00:00:00+00:00,0.0,0.004110152075626816,0.0,0.0,0.0,2.4319286738326684,2.4319286738326684,0.0,SOL
2023-01-28 00:00:00+00:00,0.0,-0.017601309864920145,0.0,0.0,-0.0,2.4319286738326684,2.4319286738326684,0.0,SOL
2023-01-29 00:00:00+00:00,0.0,0.08624999999999994,0.0,0.0,0.0,2.4319286738326684,2.4319286738326684,0.0,SOL
2023-01-30 00:00:00+00:00,0.0,-0.08093594169543539,0.0,0.0,-0.0,2.4319286738326684,2.4319286738326684,0.0,SOL
2023-01-31 00:00:00+00:00,0.0,-0.0016694490818029983,0.0,0.0,-0.0,2.4319286738326684,2.4319286738326684,0.0,SOL
2023-02-01 00:00:00+00:00,0.0,0.04515050167224066,0.0,0.0,0.0,2.4319286738326684,2.4319286738326684,0.0,SOL
2023-02-02 00:00:00+00:00,0.0,-0.027200000000000002,0.0,0.0,-0.0,2.4319286738326684,2.4319286738326684,0.0,SOL
2023-02-03 00:00:00+00:00,0.0,0.015213815789473673,0.0,0.0,0.0,2.4319286738326684,2.4319286738326684,0.0,SOL
2023-02-04 00:00:00+00:00,0.0,-0.01417577966788175,0.0,0.0,-0.0,2.4319286738326684,2.4319286738326684,0.0,SOL
2023-02-05 00:00:00+00:00,0.0,-0.035743631881676285,0.0,0.0,-0.0,2.4319286738326684,2.4319286738326684,0.0,SOL
2023-02-06 00:00:00+00:00,0.0,-0.034512143161482656,0.0,0.0,-0.0,2.4319286738326684,2.4319286738326684,0.0,SOL
2023-02-07 00:00:00+00:00,0.0,0.05119152691968232,0.0,0.0,0.0,2.4319286738326684,2.4319286738326684,0.0,SOL
2023-02-08 00:00:00+00:00,0.0,-0.02518891687657432,0.0,0.0,-0.0,2.4319286738326684,2.4319286738326684,0.0,SOL
2023-02-09 00:00:00+00:00,0.0,-0.11800172265288533,0.0,0.0,-0.0,2.4319286738326684,2.4319286738326684,0.0,SOL
2023-02-10 00:00:00+00:00,0.0,-0.01806640625,0.0,0.0,-0.0,2.4319286738326684,2.4319286738326684,0.0,SOL
2023-02-11 00:00:00+00:00,0.0,0.03480855295872698,0.0,0.0,0.0,2.4319286738326684,2.4319286738326684,0.0,SOL
2023-02-12 00:00:00+00:00,0.0,0.03267659778952425,0.0,0.0,0.0,2.4319286738326684,2.4319286738326684,0.0,SOL
2023-02-13 00:00:00+00:00,0.0,-0.0335039553280595,0.0,0.0,-0.0,2.4319286738326684,2.4319286738326684,0.0,SOL
2023-02-14 00:00:00+00:00,0.0,0.0515166104959075,0.0,0.0,0.0,2.4319286738326684,2.4319286738326684,0.0,SOL
2023-02-15 00:00:00+00:00,0.0,0.09249084249084238,0.0,0.0,0.0,2.4319286738326684,2.4319286738326684,0.0,SOL
2023-02-16 00:00:00+00:00,0.0,-0.06789606035205364,0.0,0.0,-0.0,2.4319286738326684,2.4319286738326684,0.0,SOL
2023-02-17 00:00:00+00:00,0.0,0.04046762589928066,0.0,0.0,0.0,2.4319286738326684,2.4319286738326684,0.0,SOL
2023-02-18 00:00:00+00:00,0.0,0.013396715643906543,0.0,0.0,0.0,2.4319286738326684,2.4319286738326684,0.0,SOL
2023-02-19 00:00:00+00:00,0.0,0.05927505330490401,0.0,0.0,0.0,2.4319286738326684,2.4319286738326684,0.0,SOL
2023-02-20 00:00:00+00:00,0.0,0.05716586151368763,0.0,0.0,0.0,2.4319286738326684,2.4319286738326684,0.0,SOL
2023-02-21 00:00:00+00:00,0.39466347656626427,-0.04874333587204882,0.39466347656626427,0.0028793802755279563,-0.046783533291137214,2.4319286738326684,2.3822657602660033,-0.04966291356666508,SOL
2023-02-22 00:00:00+00:00,0.3843091851921981,-0.032826261008807034,0.010354291374066182,7.400002143676649e-05,-0.030053315566695826,2.3822657602660033,2.3521384446778706,-0.030127315588132753,SOL
2023-02-23 00:00:00+00:00,0.0,-0.010347682119205337,0.3843091851921981,0.00271184522740019,-0.0,2.3521384446778706,2.3494265994504704,-0.0027118452274002003,SOL
2023-02-24 00:00:00+00:00,0.0,-0.035131744040150514,0.0,0.0,-0.0,2.3494265994504704,2.3494265994504704,0.0,SOL
2023-02-25 00:00:00+00:00,0.0,-0.030342436064152545,0.0,0.0,-0.0,2.3494265994504704,2.3494265994504704,0.0,SOL
2023-02-26 00:00:00+00:00,0.0,0.039338399642378175,0.0,0.0,0.0,2.3494265994504704,2.3494265994504704,0.0,SOL
2023-02-27 00:00:00+00:00,0.0,-0.024516129032258083,0.0,0.0,-0.0,2.3494265994504704,2.3494265994504704,0.0,SOL
2023-02-28 00:00:00+00:00,0.0,-0.03483245149911818,0.0,0.0,-0.0,2.3494265994504704,2.3494265994504704,0.0,SOL
2023-03-01 00:00:00+00:00,0.0,0.02832343535861126,0.0,0.0,0.0,2.3494265994504704,2.3494265994504704,0.0,SOL
2023-03-02 00:00:00+00:00,0.0,-0.022656597067969853,0.0,0.0,-0.0,2.3494265994504704,2.3494265994504704,0.0,SOL
2023-03-03 00:00:00+00:00,0.0,-0.026363636363636256,0.0,0.0,-0.0,2.3494265994504704,2.3494265994504704,0.0,SOL
2023-03-04 00:00:00+00:00,0.0,-0.020541549953314697,0.0,0.0,-0.0,2.3494265994504704,2.3494265994504704,0.0,SOL
2023-03-05 00:00:00+00:00,0.0,-0.00047664442326034173,0.0,0.0,-0.0,2.3494265994504704,2.3494265994504704,0.0,SOL
2023-03-06 00:00:00+00:00,0.0,-0.01621363853123514,0.0,0.0,-0.0,2.3494265994504704,2.3494265994504704,0.0,SOL
2023-03-07 00:00:00+00:00,0.0,-0.01841977702375175,0.0,0.0,-0.0,2.3494265994504704,2.3494265994504704,0.0,SOL
2023-03-08 00:00:00+00:00,0.0,-0.09086419753086417,0.0,0.0,-0.0,2.3494265994504704,2.3494265994504704,0.0,SOL
2023-03-09 00:00:00+00:00,0.0,-0.05866376969038578,0.0,0.0,-0.0,2.3494265994504704,2.3494265994504704,0.0,SOL
2023-03-10 00:00:00+00:00,0.0,0.04847085978072729,0.0,0.0,0.0,2.3494265994504704,2.3494265994504704,0.0,SOL
2023-03-11 00:00:00+00:00,0.0,-0.005503577325261522,0.0,0.0,-0.0,2.3494265994504704,2.3494265994504704,0.0,SOL
2023-03-12 00:00:00+00:00,0.0,0.11787493082457101,0.0,0.0,0.0,2.3494265994504704,2.3494265994504704,0.0,SOL
2023-03-13 00:00:00+00:00,0.0,0.00990099009900991,0.0,0.0,0.0,2.3494265994504704,2.3494265994504704,0.0,SOL
2023-03-14 00:00:00+00:00,0.0,0.02254901960784328,0.0,0.0,0.0,2.3494265994504704,2.3494265994504704,0.0,SOL
2023-03-15 00:00:00+00:00,0.0,-0.07766059443911799,0.0,0.0,-0.0,2.3494265994504704,2.3494265994504704,0.0,SOL
2023-03-16 00:00:00+00:00,0.0,0.02234927234927242,0.0,0.0,0.0,2.3494265994504704,2.3494265994504704,0.0,SOL
2023-03-17 00:00:00+00:00,0.0,0.09811896288764621,0.0,0.0,0.0,2.3494265994504704,2.3494265994504704,0.0,SOL
2023-03-18 00:00:00+00:00,0.0,-0.0185185185185186,0.0,0.0,-0.0,2.3494265994504704,2.3494265994504704,0.0,SOL
2023-03-19 00:00:00+00:00,0.0,0.031132075471698162,0.0,0.0,0.0,2.3494265994504704,2.3494265994504704,0.0,SOL
2023-03-20 00:00:00+00:00,0.0,0.01235132662397076,0.0,0.0,0.0,2.3494265994504704,2.3494265994504704,0.0,SOL
2023-03-21 00:00:00+00:00,0.0,0.01807501129688216,0.0,0.0,0.0,2.3494265994504704,2.3494265994504704,0.0,SOL
2023-03-22 00:00:00+00:00,0.0,-0.04926764314247667,0.0,0.0,-0.0,2.3494265994504704,2.3494265994504704,0.0,SOL
2023-03-23 00:00:00+00:00,0.0,0.034547152194210895,0.0,0.0,0.0,2.3494265994504704,2.3494265994504704,0.0,SOL
2023-03-24 00:00:00+00:00,0.0,-0.06768953068592054,0.0,0.0,-0.0,2.3494265994504704,2.3494265994504704,0.0,SOL
2023-03-25 00:00:00+00:00,0.0,-0.012100677637947754,0.0,0.0,-0.0,2.3494265994504704,2.3494265994504704,0.0,SOL
2023-03-26 00:00:00+00:00,0.0,0.02596766291033803,0.0,0.0,0.0,2.3494265994504704,2.3494265994504704,0.0,SOL
2023-03-27 00:00:00+00:00,0.0,-0.04918815663801346,0.0,0.0,-0.0,2.3494265994504704,2.3494265994504704,0.0,SOL
2023-03-28 00:00:00+00:00,0.0,0.027122049221496747,0.0,0.0,0.0,2.3494265994504704,2.3494265994504704,0.0,SOL
2023-03-29 00:00:00+00:00,0.0,0.03178484107579482,0.0,0.0,0.0,2.3494265994504704,2.3494265994504704,0.0,SOL
2023-03-30 00:00:00+00:00,0.0,-0.026066350710900466,0.0,0.0,-0.0,2.3494265994504704,2.3494265994504704,0.0,SOL
2023-03-31 00:00:00+00:00,0.0,0.029683698296836925,0.0,0.0,0.0,2.3494265994504704,2.3494265994504704,0.0,SOL
2023-04-01 00:00:00+00:00,0.0,-0.003780718336483968,0.0,0.0,-0.0,2.3494265994504704,2.3494265994504704,0.0,SOL
2023-04-02 00:00:00+00:00,0.0,-0.026565464895635604,0.0,0.0,-0.0,2.3494265994504704,2.3494265994504704,0.0,SOL
2023-04-03 00:00:00+00:00,0.0,-0.003411306042884976,0.0,0.0,-0.0,2.3494265994504704,2.3494265994504704,0.0,SOL
2023-04-04 00:00:00+00:00,0.0,0.022982885085574667,0.0,0.0,0.0,2.3494265994504704,2.3494265994504704,0.0,SOL
2023-04-05 00:00:00+00:00,0.0,0.0023900573613764298,0.0,0.0,0.0,2.3494265994504704,2.3494265994504704,0.0,SOL
2023-04-06 00:00:00+00:00,0.0,-0.01669051025274193,0.0,0.0,-0.0,2.3494265994504704,2.3494265994504704,0.0,SOL
2023-04-07 00:00:00+00:00,0.0,-0.008729388942773975,0.0,0.0,-0.0,2.3494265994504704,2.3494265994504704,0.0,SOL
2023-04-08 00:00:00+00:00,0.0,-0.019569471624266255,0.0,0.0,-0.0,2.3494265994504704,2.3494265994504704,0.0,SOL
2023-04-09 00:00:00+00:00,0.0,0.011976047904191711,0.0,0.0,0.0,2.3494265994504704,2.3494265994504704,0.0,SOL
2023-04-10 00:00:00+00:00,0.0,0.030078895463510724,0.0,0.0,0.0,2.3494265994504704,2.3494265994504704,0.0,SOL
2023-04-11 00:00:00+00:00,0.0,0.1000478697941598,0.0,0.0,0.0,2.3494265994504704,2.3494265994504704,0.0,SOL
2023-04-12 00:00:00+00:00,0.5409946932401645,0.035683202785030455,0.5409946932401645,0.00381308196737997,0.045354325692654116,2.3494265994504704,2.3909678431757446,0.041541243725274235,SOL
2023-04-13 00:00:00+00:00,0.5601030754767896,0.026470588235294024,0.019108382236625143,0.00013706258238864398,0.035449105826351544,2.3909678431757446,2.4262798864197075,0.035312043243962865,SOL
2023-04-14 00:00:00+00:00,0.5644947057042126,0.011461318051575908,0.004391630227422949,3.196597226816732e-05,0.01569767507668241,2.4262798864197075,2.4419455955241216,0.015665709104414116,SOL
2023-04-15 00:00:00+00:00,0.6446598497154105,-0.026709834075273164,0.0801651440111979,0.0005872767609981049,-0.042047269332727656,2.4419455955241216,2.3993110494303957,-0.042634546093725856,SOL
2023-04-16 00:00:00+00:00,0.6312247538747473,0.053638253638253586,0.013435095840663158,9.67049217019784e-05,0.08123537793650326,2.3993110494303957,2.480449722445197,0.08113867301480138,SOL
2023-04-17 00:00:00+00:00,0.6071605749391693,-0.029992107340173657,0.024064178935577996,0.000179069957884878,-0.04516905179504825,2.480449722445197,2.435101600692264,-0.045348121752933235,SOL
2023-04-18 00:00:00+00:00,0.6372168786631912,0.009764035801464788,0.030056303724021904,0.00021957045992777576,0.015150735634378135,2.435101600692264,2.4500327658667143,0.014931165174450367,SOL
2023-04-19 00:00:00+00:00,0.6420171836863162,-0.08702659145850122,0.004800305023125007,3.5282713778432524e-05,-0.13688962024040446,2.4500327658667143,2.3131078629125312,-0.13692490295418303,SOL
2023-04-20 00:00:00+00:00,0.5320274304403179,-0.0203000882612534,0.10998975324599836,0.0007632544892193837,-0.024982036320073307,2.3131078629125312,2.2873625721032385,-0.025745290809292776,SOL
2023-04-21 00:00:00+00:00,0.5350530431074716,-0.0427927927927928,0.003025612667153732,2.07620195175867e-05,-0.052372400434651925,2.2873625721032385,2.2349694096490693,-0.05239316245416914,SOL
2023-04-22 00:00:00+00:00,0.5226655591209349,0.025411764705882245,0.012387483986536663,8.305694331728144e-05,0.029684537858856583,2.2349694096490693,2.2645708905646087,0.02960148091553938,SOL
2023-04-23 00:00:00+00:00,0.5177042737610499,-0.014685635612666337,0.004961285359885048,3.3705547217340116e-05,-0.01721711652361873,2.2645708905646087,2.2473200684937726,-0.017250822070836058,SOL
2023-04-24 00:00:00+00:00,0.5225528107773165,-0.004191895668374523,0.004848537016266641,3.268864361847282e-05,-0.004922725089226526,2.2473200684937726,2.2423646547609275,-0.0049554137328451375,SOL
2023-04-25 00:00:00+00:00,0.5224697395233123,0.02572497661365758,8.307125400419668e-05,5.588281314170334e-07,0.030138551094437423,2.2423646547609275,2.272502647027234,0.030137992266306313,SOL
2023-04-26 00:00:00+00:00,0.5214286990916618,-0.029639762881896847,0.0010410404316505417,7.097301409764691e-06,-0.035121580679395664,2.272502647027234,2.2373739690464283,-0.035128677980805545,SOL
2023-04-27 00:00:00+00:00,0.5128282405136353,0.04934210526315774,0.008600458578026493,5.772732643301561e-05,0.05661456690380353,2.2373739690464283,2.293930808623799,0.05655683957737079,SOL
2023-04-28 00:00:00+00:00,0.4987274786322247,0.045230631437528146,0.014100761881410573,9.70385163145074e-05,0.051745937824681995,2.293930808623799,2.3455797079321665,0.05164889930836747,SOL
2023-04-29 00:00:00+00:00,0.488622169540175,-0.006426735218508894,0.010105309092049708,7.110842384608266e-05,-0.007365695666575881,2.3455797079321665,2.3381429038417445,-0.007436804090422022,SOL
2023-04-30 00:00:00+00:00,0.4925010542546668,-0.019404915912031195,0.0038788847144917704,2.720816031002743e-05,-0.02234549505446577,2.3381429038417445,2.3157702006269685,-0.022372703214776024,SOL
2023-05-01 00:00:00+00:00,0.4878419454454135,-0.03430079155672816,0.004659108809253298,3.236827602584216e-05,-0.03875062775308405,2.3157702006269685,2.2769872045978587,-0.03878299602910973,SOL
2023-05-02 00:00:00+00:00,0.4818212907772521,0.013205828779599305,0.006020654668161374,4.1126860928117444e-05,0.014488126824260598,2.2769872045978587,2.2914342045611913,0.01444699996333254,SOL
2023-05-03 00:00:00+00:00,0.5589165533592362,-0.0004494382022472987,0.07709526258198407,0.0005299761650699545,-0.0005756047226351059,2.2914342045611913,2.2903286236734863,-0.00110558088770496,SOL
2023-05-04 00:00:00+00:00,0.5748303493877723,-0.02248201438848918,0.015913796028536153,0.00010934346766637341,-0.029598705102496497,2.2903286236734863,2.2606205751033235,-0.02970804857016285,SOL
2023-05-05 00:00:00+00:00,0.5820234945647053,0.04967801287948492,0.007193145176932925,4.878291596003942e-05,0.06536306485588932,2.2606205751033235,2.3259348570432525,0.06531428193992905,SOL
2023-05-06 00:00:00+00:00,0.5527533757162096,-0.039877300613496924,0.02927011884849562,0.00020424116909854403,-0.05126898304002007,2.3259348570432525,2.274461632834134,-0.051473224209118484,SOL
2023-05-07 00:00:00+00:00,0.5443867170086183,-0.011410314924691911,0.008366658707591346,5.7088932676302414e-05,-0.014128100196949274,2.274461632834134,2.2602764437045084,-0.01418518912962563,SOL
2023-05-08 00:00:00+00:00,0.5817637303622282,-0.048014773776546615,0.03737701335360988,0.0002534471484575798,-0.06313687579690588,2.2602764437045084,2.196886120759145,-0.0633903229453634,SOL
2023-05-09 00:00:00+00:00,0.5675712181465464,0.0014548981571289588,0.01419251221568174,9.353799931600752e-05,0.0018140969908173705,2.196886120759145,2.1986066797506467,0.0017205589915016972,SOL
2023-05-10 00:00:00+00:00,0.5702618463796788,0.012590799031477085,0.002690628233132375,1.774689961827156e-05,0.015786110954523,2.1986066797506467,2.2143750438055516,0.015768364054904893,SOL
2023-05-11 00:00:00+00:00,0.6709577208762237,-0.035389765662362405,0.10069587449654493,0.0006689352944979751,-0.05258041626456949,2.2143750438055516,2.1611256922464843,-0.05324935155906729,SOL
2023-05-12 00:00:00+00:00,0.657279146041387,0.03619236489836375,0.013678574834836699,8.86833585266454e-05,0.051409909773234556,2.1611256922464843,2.2124469186611924,0.05132122641470804,SOL
2023-05-13 00:00:00+00:00,0.6612911390333445,-0.002870813397129135,0.004011992991957425,2.662896459823951e-05,-0.004200205386293531,2.2124469186611924,2.2082200843103004,-0.004226834350891995,SOL
2023-05-14 00:00:00+00:00,0.6743745817653546,0.004318618042226552,0.01308344273201012,8.667336303824512e-05,0.006431145615270506,2.2082200843103004,2.2145645565625327,0.006344472252232336,SOL
2023-05-15 00:00:00+00:00,0.6770079923046648,0.002866698518872335,0.0026334105393102103,1.7495572929703846e-05,0.004297977747541576,2.2145645565625327,2.2188450387371446,0.004280482174611855,SOL
2023-05-16 00:00:00+00:00,0.6769050655249341,-0.015245354930919386,0.0001029267797306721,6.85135723675778e-07,-0.022897721906980955,2.2188450387371446,2.19594663169444,-0.022898407042704516,SOL
2023-05-17 00:00:00+00:00,0.688023220284461,0.01886792452830166,0.011118154759526822,7.32446234845213e-05,0.02850683534172086,2.19594663169444,2.2243802224126763,0.028433590718236257,SOL
2023-05-18 00:00:00+00:00,0.6961927202414204,-0.03418803418803418,0.00816949995695948,5.451622239378564e-05,-0.05294349804761355,2.2243802224126763,2.1713822081426692,-0.052998014270007054,SOL
2023-05-19 00:00:00+00:00,0.7306328249141057,0.000983284169124854,0.03444010467268532,0.00022434789159852037,0.0015599637332384167,2.1713822081426692,2.1727178239843092,0.0013356158416399921,SOL
2023-05-20 00:00:00+00:00,0.7981951652297027,-0.003929273084479323,0.06756234031559694,0.00044038170310137345,-0.006814353094352277,2.1727178239843092,2.1654630891868556,-0.007254734797453644,SOL
2023-05-21 00:00:00+00:00,0.797995348579372,-0.033037475345167766,0.000199816650330642,1.2980867426878853e-06,-0.05708973109976633,2.1654630891868556,2.1083720600003466,-0.05709102918650899,SOL
2023-05-22 00:00:00+00:00,0.7808855064298315,-0.004079551249362434,0.01710984214954059,0.00010822173941732295,-0.006716561688182857,2.1083720600003466,2.101547276572746,-0.0068247834276005115,SOL
2023-05-23 00:00:00+00:00,0.8062380192749888,0.02508960573476693,0.025352512845157382,0.00015983851297204818,0.04251050607791133,2.101547276572746,2.1438979441376853,0.042350667564939215,SOL
2023-05-24 00:00:00+00:00,0.7883243874096458,-0.03996003996004005,0.017913631865343005,0.00011521499558444458,-0.0675359453938519,2.1438979441376853,2.076246783748249,-0.06765116038943653,SOL
2023-05-25 00:00:00+00:00,0.0,0.0015608740894901274,0.7883243874096458,0.004910267921728757,0.0,2.076246783748249,2.0713365158265202,-0.0049102679217285505,SOL
2023-05-26 00:00:00+00:00,0.7600735101932501,0.0051948051948051965,0.7600735101932501,0.0047231040491271595,0.008178535150003741,2.0713365158265202,2.0747919469273968,0.003455431100876538,SOL
2023-05-27 00:00:00+00:00,0.8554122938256405,0.055813953488371926,0.09533878363239046,0.0005934244215310117,0.09905874633667679,2.0747919469273968,2.1732572688425424,0.09846532191514568,SOL
2023-05-28 00:00:00+00:00,0.7758758434998528,0.018600097895252077,0.07953645032578771,0.0005185595064253559,0.03136307245766273,2.1732572688425424,2.20410178179378,0.03084451295123758,SOL
2023-05-29 00:00:00+00:00,0.7654482224786315,-0.011532916866890841,0.0104276210212213,6.895061421823244e-05,-0.019457481492006025,2.20410178179378,2.184575349687556,-0.019526432106224068,SOL
2023-05-30 00:00:00+00:00,0.8361199418671587,0.03305785123966931,0.07067171938852712,0.0004631630882886374,0.06038238064083243,2.184575349687556,2.2444945672400998,0.05991921755254381,SOL
2023-05-31 00:00:00+00:00,0.801276591896649,-0.02070588235294124,0.03484334997050964,0.00023461712913976315,-0.03723872099963419,2.2444945672400998,2.207021229111326,-0.03747333812877374,SOL
2023-06-01 00:00:00+00:00,0.7912063809127783,-0.015377222489187936,0.010070210983870731,6.667550826909827e-05,-0.026851848600216804,2.207021229111326,2.18010270500284,-0.026918524108486164,SOL
2023-06-02 00:00:00+00:00,0.8265240055772298,0.03757930697901424,0.03531762466445154,0.00023098814719573746,0.06771442457968291,2.18010270500284,2.247586141435327,0.06748343643248722,SOL
2023-06-03 00:00:00+00:00,0.8231983841075261,-0.0032925682031984538,0.003325621469703721,2.2423862180897604e-05,-0.006091940243840101,2.247586141435327,2.241471777329306,-0.006114364106021064,SOL
2023-06-04 00:00:00+00:00,0.8230836629839017,0.029731005191127924,0.00011472112362442832,7.714324826029872e-07,0.05485129044852872,2.241471777329306,2.296322296345352,0.05485051901604576,SOL
2023-06-05 00:00:00+00:00,0.7974805207363305,-0.08340971585701196,0.02560314224757121,0.00017637919919879822,-0.1527459022555292,2.296322296345352,2.1434000148906236,-0.1529222814547282,SOL
2023-06-06 00:00:00+00:00,0.6304440498578262,0.018999999999999906,0.16703647087850426,0.00107407792250479,0.025674581931206298,2.1434000148906236,2.168000518899325,0.024600504008701396,SOL
2023-06-07 00:00:00+00:00,0.6270282940554891,-0.08537782139352301,0.003415755802337106,2.2216081055700677e-05,-0.11606241120538434,2.168000518899325,2.051915891612885,-0.11608462728643998,SOL
2023-06-08 00:00:00+00:00,0.0,0.01341201716738194,0.6270282940554891,0.0038598279631901255,0.0,2.051915891612885,2.0480560636496947,-0.0038598279631902876,SOL
2023-06-09 00:00:00+00:00,0.0,-0.07887771307570157,0.0,0.0,-0.0,2.0480560636496947,2.0480560636496947,0.0,SOL
2023-06-10 00:00:00+00:00,0.0,-0.1028735632183908,0.0,0.0,-0.0,2.0480560636496947,2.0480560636496947,0.0,SOL
2023-06-11 00:00:00+00:00,0.0,-0.0038436899423445192,0.0,0.0,-0.0,2.0480560636496947,2.0480560636496947,0.0,SOL
2023-06-12 00:00:00+00:00,0.0,-0.023151125401929318,0.0,0.0,-0.0,2.0480560636496947,2.0480560636496947,0.0,SOL
2023-06-13 00:00:00+00:00,0.0,-0.00987491770901916,0.0,0.0,-0.0,2.0480560636496947,2.0480560636496947,0.0,SOL
2023-06-14 00:00:00+00:00,0.0,-0.037234042553191404,0.0,0.0,-0.0,2.0480560636496947,2.0480560636496947,0.0,SOL
2023-06-15 00:00:00+00:00,0.0,0.0200276243093922,0.0,0.0,0.0,2.0480560636496947,2.0480560636496947,0.0,SOL
2023-06-16 00:00:00+00:00,0.0,0.03656059580230209,0.0,0.0,0.0,2.0480560636496947,2.0480560636496947,0.0,SOL
2023-06-17 00:00:00+00:00,0.0,0.02155453951665587,0.0,0.0,0.0,2.0480560636496947,2.0480560636496947,0.0,SOL
2023-06-18 00:00:00+00:00,0.0,-0.012148337595908054,0.0,0.0,-0.0,2.0480560636496947,2.0480560636496947,0.0,SOL
2023-06-19 00:00:00+00:00,0.0,0.04207119741100329,0.0,0.0,0.0,2.0480560636496947,2.0480560636496947,0.0,SOL
2023-06-20 00:00:00+00:00,0.0,0.03354037267080745,0.0,0.0,0.0,2.0480560636496947,2.0480560636496947,0.0,SOL
2023-06-21 00:00:00+00:00,0.0,0.03545673076923084,0.0,0.0,0.0,2.0480560636496947,2.0480560636496947,0.0,SOL
2023-06-22 00:00:00+00:00,0.0,-0.035403366221706256,0.0,0.0,-0.0,2.0480560636496947,2.0480560636496947,0.0,SOL
2023-06-23 00:00:00+00:00,0.0,0.0306859205776171,0.0,0.0,0.0,2.0480560636496947,2.0480560636496947,0.0,SOL
2023-06-24 00:00:00+00:00,0.0,-0.02860478692352586,0.0,0.0,-0.0,2.0480560636496947,2.0480560636496947,0.0,SOL
2023-06-25 00:00:00+00:00,0.0,0.019230769230769162,0.0,0.0,0.0,2.0480560636496947,2.0480560636496947,0.0,SOL
2023-06-26 00:00:00+00:00,0.0,-0.04068396226415105,0.0,0.0,-0.0,2.0480560636496947,2.0480560636496947,0.0,SOL
2023-06-27 00:00:00+00:00,0.0,0.022126613398893547,0.0,0.0,0.0,2.0480560636496947,2.0480560636496947,0.0,SOL
2023-06-28 00:00:00+00:00,0.0,-0.039687312086590376,0.0,0.0,-0.0,2.0480560636496947,2.0480560636496947,0.0,SOL
2023-06-29 00:00:00+00:00,0.0,0.12648716343143374,0.0,0.0,0.0,2.0480560636496947,2.0480560636496947,0.0,SOL
2023-06-30 00:00:00+00:00,0.0,0.048360200111172924,0.0,0.0,0.0,2.0480560636496947,2.0480560636496947,0.0,SOL
2023-07-01 00:00:00+00:00,0.0,-0.008483563096500557,0.0,0.0,-0.0,2.0480560636496947,2.0480560636496947,0.0,SOL
2023-07-02 00:00:00+00:00,0.0,0.04010695187165769,0.0,0.0,0.0,2.0480560636496947,2.0480560636496947,0.0,SOL
2023-07-03 00:00:00+00:00,0.0,-0.009768637532133528,0.0,0.0,-0.0,2.0480560636496947,2.0480560636496947,0.0,SOL
2023-07-04 00:00:00+00:00,0.0,-0.006749740394600301,0.0,0.0,-0.0,2.0480560636496947,2.0480560636496947,0.0,SOL
2023-07-05 00:00:00+00:00,0.0,-0.006795608991113422,0.0,0.0,-0.0,2.0480560636496947,2.0480560636496947,0.0,SOL
2023-07-06 00:00:00+00:00,0.0,0.03210526315789464,0.0,0.0,0.0,2.0480560636496947,2.0480560636496947,0.0,SOL
2023-07-07 00:00:00+00:00,0.0,0.09637939826619069,0.0,0.0,0.0,2.0480560636496947,2.0480560636496947,0.0,SOL
2023-07-08 00:00:00+00:00,0.4846042200381999,0.014418604651162736,0.4846042200381999,0.0029774898339583987,0.01431041625623411,2.0480560636496947,2.0593889900719704,0.01133292642227568,SOL
2023-07-09 00:00:00+00:00,0.48478567221072766,-0.022466758367721162,0.0001814521725277407,1.1210418189848067e-06,-0.022429964015990386,2.0593889900719704,2.036957905014161,-0.02243108505780933,SOL
2023-07-10 00:00:00+00:00,0.47991652318319034,-0.0009380863039399889,0.004869149027537323,2.9754754807002495e-05,-0.0009170447989164531,2.036957905014161,2.0360111054604375,-0.0009467995537235652,SOL
2023-07-11 00:00:00+00:00,0.48333287972360456,0.036150234741783915,0.0034163565404142227,2.0867219569487272e-05,0.035574401656272334,2.0360111054604375,2.07156463989714,0.035553534436702616,SOL
2023-07-12 00:00:00+00:00,0.4825919601291725,-0.005890348889895702,0.0007409195944320657,4.604588498497192e-06,-0.005888702184562298,2.07156463989714,2.0656713331240795,-0.005893306773060658,SOL
2023-07-13 00:00:00+00:00,0.4837350642628696,0.18550592525068366,0.0011431041336971148,7.083832319261296e-06,0.1853645057499639,2.0656713331240795,2.251028755041724,0.1853574219176446,SOL
2023-07-14 00:00:00+00:00,0.3811236116441004,0.025374855824682907,0.1026114526187692,0.0006929439913243527,0.02176960161337603,2.251028755041724,2.272105412663776,0.021076657622051798,SOL
2023-07-15 00:00:00+00:00,0.38135394913864296,0.029621297337832697,0.00023033749454254293,1.5700532042685741e-06,0.02566615425058514,2.272105412663776,2.2977699968611565,0.025664584197380602,SOL
2023-07-16 00:00:00+00:00,0.39072102060736336,-0.0014566642388929019,0.0093670714687204,6.457012733783971e-05,-0.001307774272825271,2.2977699968611565,2.2963976524609935,-0.0013723444001629836,SOL
2023-07-17 00:00:00+00:00,0.38851224491825254,-0.022611232676878257,0.00220877568911082,1.5216681921861003e-05,-0.020173258076339514,2.2963976524609935,2.276209177702732,-0.020188474758261687,SOL
2023-07-18 00:00:00+00:00,0.39633896076550873,-0.04701492537313434,0.007826715847256194,5.344572732838789e-05,-0.04241453278989828,2.276209177702732,2.233741199185505,-0.04246797851722661,SOL
2023-07-19 00:00:00+00:00,0.3784257352203114,0.030148786217697676,0.01791322554519731,0.00012004052973182837,0.025484924424711376,2.233741199185505,2.2591060830804848,0.025364883894979595,SOL
2023-07-20 00:00:00+00:00,0.39222161380364906,-0.03534777651083243,0.01379587858333764,9.349905968717353e-05,-0.03132061259229595,2.2591060830804848,2.2276919714285017,-0.031414111651983045,SOL
2023-07-21 00:00:00+00:00,0.4200494247168229,0.004728132387706863,0.027827810913173823,0.0001859753728611233,0.004424306056949544,2.2276919714285017,2.23193030211259,0.004238330684088076,SOL
2023-07-22 00:00:00+00:00,0.42428579587513154,-0.03843137254901963,0.0042363711583086605,2.836585547767473e-05,-0.036393599924638045,2.23193030211259,2.195508336332474,-0.036421965780115695,SOL
2023-07-23 00:00:00+00:00,0.41371719247442107,0.00978792822185981,0.010568603400710475,6.961037060895475e-05,0.008890566508597075,2.195508336332474,2.204329292470462,0.008820956137987945,SOL
2023-07-24 00:00:00+00:00,0.4169850499389336,-0.0561389337641357,0.0032678574645125247,2.1610301797929636e-05,-0.05160135624162695,2.204329292470462,2.152706325927037,-0.05162296654342491,SOL
2023-07-25 00:00:00+00:00,0.39902597829274844,-0.004278990158322671,0.017959071646185154,0.00011598182142155901,-0.0036755915604622645,2.152706325927037,2.1489147525451533,-0.0037915733818838504,SOL
2023-07-26 00:00:00+00:00,0.3993183177796983,0.08165019338203705,0.00029233948694984413,1.884637908774004e-06,0.07006411455405182,2.1489147525451533,2.2189769824612964,0.07006222991614308,SOL
2023-07-27 00:00:00+00:00,0.3836710970799538,-0.002781088597536785,0.015647220699744502,0.00010416246771667497,-0.002367700171947839,2.2189769824612964,2.216505119821632,-0.0024718626396644794,SOL
2023-07-28 00:00:00+00:00,0.3841174278795792,-0.011155378486055856,0.0004463307996254162,2.967883507511454e-06,-0.009497669671003456,2.216505119821632,2.207004482267121,-0.009500637554511027,SOL
2023-07-29 00:00:00+00:00,0.4091059780595684,0.014101531023368308,0.02498855017998919,0.00016544952675777902,0.012732254413977072,2.207004482267121,2.2195712871543405,0.012566804887219618,SOL
2023-07-30 00:00:00+00:00,0.4091255888223572,-0.036551450139054475,1.9610762788835334e-05,1.3058245801588107e-07,-0.033191765475049685,2.2195712871543405,2.1863793910968328,-0.03319189605750772,SOL
2023-07-31 00:00:00+00:00,0.4046701977202018,-0.021443298969072155,0.004455391102155426,2.922352585508648e-05,-0.018972228530020424,2.1863793910968328,2.167377939040957,-0.019001452055875667,SOL
2023-08-01 00:00:00+00:00,0.4017902429121567,0.013485040033712536,0.002879954808045093,1.8725851549175606e-05,0.011743195059212293,2.167377939040957,2.17910240824862,0.011724469207663013,SOL
2023-08-02 00:00:00+00:00,0.4053952072083988,-0.037422037422037535,0.0036049642962420747,2.3566759138774192e-05,-0.03305854075211,2.17910240824862,2.1460203007373715,-0.033082107511248626,SOL
2023-08-03 00:00:00+00:00,0.3987576256504515,-0.021598272138228958,0.006637581557947303,4.273315431346471e-05,-0.01848254772612749,2.1460203007373715,2.1274950198569305,-0.01852528088044103,SOL
2023-08-04 00:00:00+00:00,0.6163736638081202,0.0066225165562914245,0.21761603815766872,0.001388931112264308,0.008684317219355977,2.1274950198569305,2.134790405964022,0.007295386107091684,SOL
2023-08-05 00:00:00+00:00,0.6291059855930836,-0.006578947368421129,0.012732321784963418,8.154251517655986e-05,-0.008835588305122833,2.134790405964022,2.125873275143723,-0.008917130820299324,SOL
2023-08-06 00:00:00+00:00,0.6521621126007207,0.02428256070640189,0.02305612700763704,0.000147043212701565,0.03366568227070785,2.125873275143723,2.1593919142017293,0.03351863905800645,SOL
2023-08-07 00:00:00+00:00,0.6353370471831981,-0.0034482758620688614,0.0168250654175226,0.00010899573065554034,-0.004730833387862617,2.1593919142017293,2.154552085083211,-0.004839829118518324,SOL
2023-08-08 00:00:00+00:00,0.638893848732464,0.04757785467128017,0.0035568015492659644,2.2989942582594536e-05,0.06549234780824834,2.154552085083211,2.2200214429488767,0.06546935786566577,SOL
2023-08-09 00:00:00+00:00,0.6270676011755467,0.006606110652353392,0.011826247556917302,7.876356949793453e-05,0.009196389897857773,2.2200214429488767,2.2291390692772364,0.009117626328359663,SOL
2023-08-10 00:00:00+00:00,0.6427588775365245,0.009844134536505456,0.01569127636097778,0.00010493411154924572,0.014104665391712557,2.2291390692772364,2.2431388005573996,0.013999731280163186,SOL
2023-08-11 00:00:00+00:00,0.6594310641531881,0.0,0.016672186616663587,0.00011219408606991566,0.0,2.2431388005573996,2.2430266064713296,-0.00011219408606999437,SOL
2023-08-12 00:00:00+00:00,0.660094596311988,0.011779041429731851,0.0006635321587998844,4.4649608593125e-06,0.017440163496001707,2.2430266064713296,2.260462305006472,0.017435698535142485,SOL
2023-08-13 00:00:00+00:00,0.6858247627422935,-0.027298273785628213,0.025730166430305568,0.00017448621395174603,-0.042319995838333686,2.260462305006472,2.217967822954187,-0.04249448205228523,SOL
2023-08-14 00:00:00+00:00,0.6728791664126712,0.03920759389186945,0.012945596329622333,8.613874832416848e-05,0.058514367430770056,2.217967822954187,2.276396051636633,0.058428228682446015,SOL
2023-08-15 00:00:00+00:00,0.7168638027291339,-0.05083399523431298,0.043984636316462655,0.0003003793573304065,-0.08295426491342708,2.276396051636633,2.193141407365875,-0.0832546442707578,SOL
2023-08-16 00:00:00+00:00,0.6575620099545799,-0.04518828451882839,0.05930179277455394,0.00039017165179471415,-0.06516722132625476,2.193141407365875,2.1275840143878253,-0.06555739297804974,SOL
2023-08-17 00:00:00+00:00,0.7544131704964364,-0.05083260297984227,0.0968511605418565,0.0006181769428312884,-0.08159026231720214,2.1275840143878253,2.045375575127792,-0.0822084392600333,SOL
2023-08-18 00:00:00+00:00,0.7028772118834151,-0.014773776546629702,0.05153595861302129,0.0003162311729636116,-0.021239488554020407,2.045375575127792,2.023819855400808,-0.021555719726984002,SOL
2023-08-19 00:00:00+00:00,0.0,0.026241799437675573,0.7028772118834151,0.0042674905719552484,0.0,2.023819855400808,2.019552364828853,-0.004267490571955079,SOL
2023-08-20 00:00:00+00:00,0.6885080115419663,-0.005936073059360725,0.6885080115419663,0.004171433948739568,-0.008253978894005224,2.019552364828853,2.007126951986108,-0.012425412842744787,SOL
2023-08-21 00:00:00+00:00,0.709482542253081,-0.026182820395039053,0.02097453071111477,0.0001262956376866164,-0.03728490002463371,2.007126951986108,1.9697157563237877,-0.03741119566232043,SOL
2023-08-22 00:00:00+00:00,0.0,-0.0287735849056604,0.709482542253081,0.004192436826937654,-0.0,1.9697157563237877,1.96552331949685,-0.004192436826937707,SOL
2023-08-23 00:00:00+00:00,0.0,0.055852355512384655,0.0,0.0,0.0,1.96552331949685,1.96552331949685,0.0,SOL
2023-08-24 00:00:00+00:00,0.6546776293485275,-0.031278748850046,0.6546776293485275,0.0038603524417123386,-0.040248998165660695,1.96552331949685,1.9214139688894771,-0.044109350607372866,SOL
2023-08-25 00:00:00+00:00,0.0,-0.03038936372269696,0.6546776293485275,0.0037737202264491246,-0.0,1.9214139688894771,1.917640248663028,-0.003773720226449173,SOL
2023-08-26 00:00:00+00:00,0.0,-0.006366307541625926,0.0,0.0,-0.0,1.917640248663028,1.917640248663028,0.0,SOL
2023-08-27 00:00:00+00:00,0.0,0.024642681123706156,0.0,0.0,0.0,1.917640248663028,1.917640248663028,0.0,SOL
2023-08-28 00:00:00+00:00,0.0,-0.011063011063011108,0.0,0.0,-0.0,1.917640248663028,1.917640248663028,0.0,SOL
2023-08-29 00:00:00+00:00,0.0,0.05982490272373542,0.0,0.0,0.0,1.917640248663028,1.917640248663028,0.0,SOL
2023-08-30 00:00:00+00:00,0.6156821918296395,-0.044515832950894896,0.6156821918296395,0.003541970854312764,-0.052557927622508493,1.917640248663028,1.8615403501862067,-0.056099898476821286,SOL
2023-08-31 00:00:00+00:00,0.0,-0.05187319884726238,0.6156821918296395,0.003438351728945875,-0.0,1.8615403501862067,1.8581019984572609,-0.0034383517289457988,SOL
2023-09-01 00:00:00+00:00,0.0,-0.020770010131712313,0.0,0.0,-0.0,1.8581019984572609,1.8581019984572609,0.0,SOL
2023-09-02 00:00:00+00:00,0.0,0.00879461976202811,0.0,0.0,0.0,1.8581019984572609,1.8581019984572609,0.0,SOL
2023-09-03 00:00:00+00:00,0.0,0.0035897435897436214,0.0,0.0,0.0,1.8581019984572609,1.8581019984572609,0.0,SOL
2023-09-04 00:00:00+00:00,0.0,-0.0025549310168625494,0.0,0.0,-0.0,1.8581019984572609,1.8581019984572609,0.0,SOL
2023-09-05 00:00:00+00:00,0.0,0.037909836065573854,0.0,0.0,0.0,1.8581019984572609,1.8581019984572609,0.0,SOL
2023-09-06 00:00:00+00:00,0.0,-0.03060217176702873,0.0,0.0,-0.0,1.8581019984572609,1.8581019984572609,0.0,SOL
2023-09-07 00:00:00+00:00,0.0,0.014256619144602967,0.0,0.0,0.0,1.8581019984572609,1.8581019984572609,0.0,SOL
2023-09-08 00:00:00+00:00,0.0,-0.015562248995984018,0.0,0.0,-0.0,1.8581019984572609,1.8581019984572609,0.0,SOL
2023-09-09 00:00:00+00:00,0.0,-0.008669046404895409,0.0,0.0,-0.0,1.8581019984572609,1.8581019984572609,0.0,SOL
2023-09-10 00:00:00+00:00,0.0,-0.06172839506172856,0.0,0.0,-0.0,1.8581019984572609,1.8581019984572609,0.0,SOL
2023-09-11 00:00:00+00:00,0.0,-0.028508771929824595,0.0,0.0,-0.0,1.8581019984572609,1.8581019984572609,0.0,SOL
2023-09-12 00:00:00+00:00,0.0,0.011286681715575675,0.0,0.0,0.0,1.8581019984572609,1.8581019984572609,0.0,SOL
2023-09-13 00:00:00+00:00,0.0,0.02678571428571419,0.0,0.0,0.0,1.8581019984572609,1.8581019984572609,0.0,SOL
2023-09-14 00:00:00+00:00,0.0,0.0244565217391306,0.0,0.0,0.0,1.8581019984572609,1.8581019984572609,0.0,SOL
2023-09-15 00:00:00+00:00,0.0,0.01538461538461533,0.0,0.0,0.0,1.8581019984572609,1.8581019984572609,0.0,SOL
2023-09-16 00:00:00+00:00,0.0,-0.0010449320794148065,0.0,0.0,-0.0,1.8581019984572609,1.8581019984572609,0.0,SOL
2023-09-17 00:00:00+00:00,0.0,-0.016213389121339072,0.0,0.0,-0.0,1.8581019984572609,1.8581019984572609,0.0,SOL
2023-09-18 00:00:00+00:00,0.0,0.0441254651780969,0.0,0.0,0.0,1.8581019984572609,1.8581019984572609,0.0,SOL
2023-09-19 00:00:00+00:00,0.0,0.01985743380855398,0.0,0.0,0.0,1.8581019984572609,1.8581019984572609,0.0,SOL
2023-09-20 00:00:00+00:00,0.0,0.012980529206190639,0.0,0.0,0.0,1.8581019984572609,1.8581019984572609,0.0,SOL
2023-09-21 00:00:00+00:00,0.0,-0.04090685066535227,0.0,0.0,-0.0,1.8581019984572609,1.8581019984572609,0.0,SOL
2023-09-22 00:00:00+00:00,0.0,-0.0015416238437822027,0.0,0.0,-0.0,1.8581019984572609,1.8581019984572609,0.0,SOL
2023-09-23 00:00:00+00:00,0.0,0.0030880082346884663,0.0,0.0,0.0,1.8581019984572609,1.8581019984572609,0.0,SOL
2023-09-24 00:00:00+00:00,0.0,-0.006670087224217469,0.0,0.0,-0.0,1.8581019984572609,1.8581019984572609,0.0,SOL
2023-09-25 00:00:00+00:00,0.0,0.0015495867768595684,0.0,0.0,0.0,1.8581019984572609,1.8581019984572609,0.0,SOL
2023-09-26 00:00:00+00:00,0.0,-0.018566271273852464,0.0,0.0,-0.0,1.8581019984572609,1.8581019984572609,0.0,SOL
2023-09-27 00:00:00+00:00,0.0,0.005780346820809301,0.0,0.0,0.0,1.8581019984572609,1.8581019984572609,0.0,SOL
2023-09-28 00:00:00+00:00,0.0,0.0428422152560084,0.0,0.0,0.0,1.8581019984572609,1.8581019984572609,0.0,SOL
2023-09-29 00:00:00+00:00,0.0,0.01603206412825653,0.0,0.0,0.0,1.8581019984572609,1.8581019984572609,0.0,SOL
2023-09-30 00:00:00+00:00,0.0,0.05374753451676528,0.0,0.0,0.0,1.8581019984572609,1.8581019984572609,0.0,SOL
2023-10-01 00:00:00+00:00,0.7129567168564368,0.11698642957416938,0.7129567168564368,0.003974238901213418,0.15497733977590927,1.8581019984572609,2.009105099331957,0.15100310087469593,SOL
2023-10-02 00:00:00+00:00,0.6186953665011583,-0.020946795140343477,0.0942613503552785,0.0005681428790061185,-0.026037369412872394,2.009105099331957,1.9824995870400783,-0.026605512291878464,SOL
2023-10-03 00:00:00+00:00,0.6276163796102394,0.009841677364142098,0.00892101310908111,5.3057714414197285e-05,0.012245499318839772,1.9824995870400783,1.9946920286445038,0.012192441604425452,SOL
2023-10-04 00:00:00+00:00,0.6274999141775991,-0.019915254237288238,0.0001164654326403225,6.96938010300854e-07,-0.02492730788512846,1.9946920286445038,1.9697640238213652,-0.024928004823138616,SOL
2023-10-05 00:00:00+00:00,0.6151587015236348,-0.018590575010808408,0.012341212653964262,7.292783008832338e-05,-0.022526524689010993,1.9697640238213652,1.9471645713022658,-0.02259945251909934,SOL
2023-10-06 00:00:00+00:00,0.6063887645421985,0.03127753303964753,0.008769936981436355,5.122953174841922e-05,0.0369305942869668,1.9471645713022658,1.9840439360574842,0.03687936475521836,SOL
2023-10-07 00:00:00+00:00,0.600496494925527,-0.004698846646732147,0.005892269616671442,3.5071565407718193e-05,-0.0055982595998241656,1.9840439360574842,1.9784106048922525,-0.005633331165231681,SOL
2023-10-08 00:00:00+00:00,0.5992723175720979,-0.0034334763948498104,0.0012241773534291678,7.2657763748795895e-06,-0.004070752646533922,1.9784106048922525,1.9743325864693437,-0.00407801842290878,SOL
2023-10-09 00:00:00+00:00,0.6062014805718777,-0.0482342807924202,0.006929162999779859,4.104141692226913e-05,-0.057728877584242035,1.9743325864693437,1.9165626674681795,-0.05776991900116424,SOL
2023-10-10 00:00:00+00:00,0.579786592096089,0.0004524886877828038,0.026414888475788767,0.00015187736735409657,0.0005028042251176296,1.9165626674681795,1.916913594325943,0.0003509268577635005,SOL
2023-10-11 00:00:00+00:00,0.5820913992014616,-0.0045228403437357345,0.0023048071053726193,1.32543482177634e-05,-0.00504667081080714,1.916913594325943,1.911853669166918,-0.0050599251590250915,SOL
2023-10-12 00:00:00+00:00,0.5820451017385737,-0.03316674238982287,4.6297462887867624e-05,2.655419228858668e-07,-0.03690745553235139,1.911853669166918,1.8749459480926436,-0.03690772107427431,SOL
2023-10-13 00:00:00+00:00,0.5905103309781992,0.02631578947368407,0.00846522923962545,4.761554178753331e-05,0.02913618295722143,1.8749459480926436,1.9040345155080776,0.029088567415433975,SOL
2023-10-14 00:00:00+00:00,0.5854041716530605,0.0073260073260073,0.005106159325138693,2.9166910790242513e-05,0.008165785702196619,1.9040345155080776,1.912171134299484,0.00813661879140648,SOL
2023-10-15 00:00:00+00:00,0.5854546051882121,-0.0031818181818181746,5.04335351516616e-05,2.89312650353057e-07,-0.003562011716084174,1.912171134299484,1.9086088332707496,-0.003562301028734449,SOL
2023-10-16 00:00:00+00:00,0.5864058531894828,0.09211126310989504,0.0009512480012706659,5.446681013569014e-06,0.10309271182780734,1.9086088332707496,2.011696098417543,0.10308726514679356,SOL
2023-10-17 00:00:00+00:00,0.5195111733626815,-0.0008350730688935215,0.0668946798268013,0.0004037152992374008,-0.0008727336956476142,2.011696098417543,2.010419649422658,-0.0012764489948851043,SOL
2023-10-18 00:00:00+00:00,0.5259922111588793,-0.021312160468031638,0.006481037796197797,3.9088817202380915e-05,-0.022536865405186342,2.010419649422658,1.9878436952002694,-0.022575954222388672,SOL
2023-10-19 00:00:00+00:00,0.5172023383567254,0.0644748078565327,0.00878987280215393,5.241867969412205e-05,0.06628767229898923,1.9878436952002694,2.0540789488195643,0.06623525361929494,SOL
2023-10-20 00:00:00+00:00,0.5028666968346592,0.08423586040914577,0.014335641522066123,8.833961840489905e-05,0.08700957006273811,2.0540789488195643,2.1410001792638975,0.0869212304443332,SOL
2023-10-21 00:00:00+00:00,0.46914707544244394,0.08472068072512018,0.03371962139221529,0.0002165811463363311,0.08509717711089891,2.1410001792638975,2.22588077522846,0.08488059596456266,SOL
2023-10-22 00:00:00+00:00,0.45067941529406885,-0.009208731241473367,0.018467660148375087,0.00012332042906316264,-0.009237818366284185,2.22588077522846,2.216519636433113,-0.00936113879534739,SOL
2023-10-23 00:00:00+00:00,0.5150298587750198,0.09741824440619617,0.06435044348095098,0.0004279020647661211,0.11121011500060232,2.216519636433113,2.327301849368949,0.11078221293583601,SOL
2023-10-24 00:00:00+00:00,0.4740582966518218,-0.053638644918444056,0.040971562123198024,0.00028605957690256063,-0.0591782698671918,2.327301849368949,2.2678375199248544,-0.05946432944409441,SOL
2023-10-25 00:00:00+00:00,0.44576218057272754,0.07524030493868072,0.02829611607909427,0.0001925129811369568,0.07606164300996389,2.2678375199248544,2.3437066499536816,0.07586913002882723,SOL
2023-10-26 00:00:00+00:00,0.43364331626430475,0.01017262638717642,0.012118864308422794,8.520918860861049e-05,0.010338773086685795,2.3437066499536816,2.353960213851759,0.01025356389807719,SOL
2023-10-27 00:00:00+00:00,0.4399983628724591,-0.031736344217272006,0.0063550466081543355,4.487858061830662e-05,-0.03287055800964749,2.353960213851759,2.321044777261493,-0.032915436590265745,SOL
2023-10-28 00:00:00+00:00,0.42919286417806307,-0.0031515915537346784,0.01080549869439601,7.524013893100122e-05,-0.003139539413294699,2.321044777261493,2.317829997709268,-0.0032147795522252665,SOL
2023-10-29 00:00:00+00:00,0.42947638904585744,0.03793866582358518,0.00028352486779437136,1.971487331011045e-06,0.037766168492128126,2.317829997709268,2.355594194714065,0.03776419700479705,SOL
2023-10-30 00:00:00+00:00,0.42892352132437184,0.06427048431312832,0.0005528677214856059,3.906995985528857e-06,0.06493695360538815,2.355594194714065,2.4205272413234677,0.06493304660940291,SOL
2023-10-31 00:00:00+00:00,0.4436751624808379,0.09902690326273622,0.014751641156466044,0.00010712024782036345,0.10634774605348764,2.4205272413234677,2.526767867129135,0.1062406258056674,SOL
2023-11-01 00:00:00+00:00,0.4214663088175049,0.07161458333333326,0.022208853663332973,0.0001683498534068488,0.07626577336050486,2.526767867129135,2.6028652906362333,0.07609742350709814,SOL
2023-11-02 00:00:00+00:00,0.41854846349244745,-0.02235722964763065,0.0029178453250574554,2.2784274960111744e-05,-0.02435653090225346,2.6028652906362333,2.57848597545902,-0.024379315177213368,SOL
2023-11-03 00:00:00+00:00,0.42461163666835,-0.01938851603281122,0.0060631731759025476,4.690142100253213e-05,-0.021227616632600234,2.57848597545902,2.557211457405417,-0.021274518053602698,SOL
2023-11-04 00:00:00+00:00,0.41369463167869436,0.07503168567807328,0.010917004989655643,8.375127072029856e-05,0.0793763693259257,2.557211457405417,2.6365040754606226,0.07929261805520538,SOL
2023-11-05 00:00:00+00:00,0.4079891732766968,-0.029709974062721023,0.005705458401997543,4.512739298771272e-05,-0.03195798275856292,2.6365040754606226,2.604500965309072,-0.03200311015155055,SOL
2023-11-06 00:00:00+00:00,0.3975746398982407,0.02454434993924659,0.010414533378456103,8.137398671229742e-05,0.025415270200032695,2.604500965309072,2.6298348615223923,0.025333896213320273,SOL
2023-11-07 00:00:00+00:00,0.41226237030426754,0.018263757115749568,0.014687730406026833,0.00011587891637523542,0.01980123586836847,2.6298348615223923,2.6495202184743856,0.01968535695199325,SOL
2023-11-08 00:00:00+00:00,0.4154070738951183,0.004658746797111535,0.003144703590850728,2.499586723520402e-05,0.00512755388391516,2.6495202184743856,2.6546227764910655,0.0051025580166799145,SOL
2023-11-09 00:00:00+00:00,0.4243476090317693,0.050081150011592745,0.008940535136651051,7.120124462331763e-05,0.05641555549882118,2.6546227764910655,2.710967130745263,0.056344354254197704,SOL
2023-11-10 00:00:00+00:00,0.42789224715271806,0.25126959593729303,0.00354463812094874,2.8828192308836064e-05,0.2914731879777276,2.710967130745263,3.002411490530682,0.2914443597854186,SOL
2023-11-11 00:00:00+00:00,0.31969175744477707,-0.0058231868713605195,0.108200489707941,0.0009745871807405065,-0.005589363825188793,3.002411490530682,2.9958475395247524,-0.006563951005929436,SOL
2023-11-12 00:00:00+00:00,0.32132904618400454,-0.0010649627263046302,0.0016372887392274715,1.4715202322718614e-05,-0.0010251893848649963,2.9958475395247524,2.9948076349375645,-0.0010399045871878343,SOL
2023-11-13 00:00:00+00:00,0.32257384682987233,-0.08315565031982941,0.001244800645867794,1.1183815434660245e-05,-0.08033223486860128,2.9948076349375645,2.9144642162535286,-0.08034341868403594,SOL
2023-11-14 00:00:00+00:00,0.30577539310462826,0.1009689922480621,0.016798453725244078,0.00014687547681184395,0.08998068235985429,2.9144642162535286,3.004298023136571,0.08983380688304221,SOL
2023-11-15 00:00:00+00:00,0.3090746170326608,0.15173384967435322,0.0032992239280325575,2.973555577461925e-05,0.14089280917821048,3.004298023136571,3.145161096759007,0.1408630736224361,SOL
2023-11-16 00:00:00+00:00,0.2916169702243957,-0.11661317438483887,0.017457646808265115,0.00016472133474694346,-0.10695554531210964,3.145161096759007,3.03804083011215,-0.1071202666468567,SOL
2023-11-17 00:00:00+00:00,0.2609877016210185,0.012283737024221475,0.030629268603377224,0.0002791589058405965,0.009739668140381758,3.03804083011215,3.0475013393466917,0.009460509234541448,SOL
2023-11-18 00:00:00+00:00,0.2648354759865072,0.0008545547769611694,0.003847774365488721,3.517829259699223e-05,0.0006896995964581844,3.0475013393466917,3.0481558606505526,0.0006545213038608999,SOL
2023-11-19 00:00:00+00:00,0.26511890327061916,0.0433743169398908,0.00028342728411195894,2.591791611402411e-06,0.03505181517221498,3.0481558606505526,3.083205084031156,0.035049223380603234,SOL
2023-11-20 00:00:00+00:00,0.26499254109406223,-0.07414075286415711,0.00012636217655692672,1.168801515568677e-06,-0.060574948693779225,3.083205084031156,3.0226289665358608,-0.06057611749529501,SOL
2023-11-21 00:00:00+00:00,0.2547223910776608,-0.08697189322962706,0.010270150016401414,9.312855879073098e-05,-0.06696238087798019,3.0226289665358608,2.95557345709909,-0.06705550943677085,SOL
2023-11-22 00:00:00+00:00,0.24851687769328748,0.11442400774443384,0.0062055133843733346,5.502255193958091e-05,0.08404556503866227,2.95557345709909,3.0395639995858126,0.08399054248672266,SOL
2023-11-23 00:00:00+00:00,0.24315641442559616,-0.01824183460736628,0.005360463267691323,4.888041350873002e-05,-0.0134823481190798,3.0395639995858126,3.0260327710532238,-0.013531228532588813,SOL
2023-11-24 00:00:00+00:00,0.2434331150844292,0.006193594054149765,0.0002767006588330345,2.5119157842023406e-06,0.0045624279655241745,3.0260327710532238,3.030592687102964,0.004559916049740043,SOL
2023-11-25 00:00:00+00:00,0.24453166723977,0.03447062961660219,0.0010985521553407984,9.98779238513107e-06,0.025545352263521056,3.030592687102964,3.0561280515741,0.025535364471136024,SOL
2023-11-26 00:00:00+00:00,0.24714786086961654,-0.021251275076504594,0.0026161936298465527,2.3986268221570548e-05,-0.01605141768297705,3.0561280515741,3.0400526476229013,-0.016075403951198552,SOL
2023-11-27 00:00:00+00:00,0.247832122516479,-0.04359909675178042,0.0006842616468624441,6.240574293632939e-06,-0.032848549201976454,3.0400526476229013,3.007197857846631,-0.0328547897762701,SOL
2023-11-28 00:00:00+00:00,0.24468263008137825,0.05666545586632754,0.003149492435100737,2.8413440712417322e-05,0.041694957007318505,3.007197857846631,3.0488644014132373,0.04166654356660615,SOL
2023-11-29 00:00:00+00:00,0.24313726577480987,0.01942248195256102,0.0015453643065683753,1.4134818664532916e-05,0.014397741257027788,3.0488644014132373,3.063248007851601,0.014383606438363561,SOL
2023-11-30 00:00:00+00:00,0.24321278740652721,-0.00016860563142817586,7.552163171734017e-05,6.940244637235336e-07,-0.00012561475071783175,3.063248007851601,3.063121699076419,-0.00012630877518171602,SOL
2023-12-01 00:00:00+00:00,0.2441304245385612,0.007588532883642474,0.0009176371320339938,8.432502633034738e-06,0.005674714002764947,3.063121699076419,3.068787980576551,0.00566628150013182,SOL
2023-12-02 00:00:00+00:00,0.30260551734799473,0.06543933054393292,0.058475092809433526,0.0005383429859300637,0.0607690678204228,3.068787980576551,3.1290187054110437,0.060230724834492655,SOL
2023-12-03 00:00:00+00:00,0.29687276394022244,-0.01068174677976752,0.005732753407772295,5.3813677939285243e-05,-0.009922492827793008,3.1290187054110437,3.1190423989053113,-0.009976306505732335,SOL
2023-12-04 00:00:00+00:00,0.2965099448553367,-0.02127659574468077,0.0003628190848857238,3.3949443266717932e-06,-0.019677172121295054,3.1190423989053113,3.0993618318396896,-0.019680567065621712,SOL
2023-12-05 00:00:00+00:00,0.31042990520992125,-0.009896171317326452,0.013919960354584537,0.00012942898147116295,-0.009521448828654128,3.0993618318396896,3.0897109540295644,-0.009650877810125191,SOL
2023-12-06 00:00:00+00:00,0.32633076614555784,0.013436015074553609,0.015900860935636585,0.00014738719263401143,0.013547100591403812,3.0897109540295644,3.103110667428334,0.013399713398769553,SOL
2023-12-07 00:00:00+00:00,0.3798746450242527,0.09523039611964412,0.053543878878694884,0.0004984577451719063,0.11225693035736806,3.103110667428334,3.21486914004053,0.11175847261219607,SOL
2023-12-08 00:00:00+00:00,0.41129975640780786,0.10628875110717462,0.03142511138355514,0.00030308286242798334,0.1405429471229389,3.21486914004053,3.3551090043010405,0.1402398642605105,SOL
2023-12-09 00:00:00+00:00,0.37922965098833217,-0.03522818254603688,0.03207010541947569,0.0003227960983852995,-0.04482281820341988,3.3551090043010405,3.3099633899992353,-0.04514561430180519,SOL
2023-12-10 00:00:00+00:00,0.37231070908682545,0.035546334716459294,0.006918941901506714,6.870433317455676e-05,0.04380498588008121,3.3099633899992353,3.353699671546142,0.043736281546906675,SOL
2023-12-11 00:00:00+00:00,0.3737196149337781,-0.06170695872846277,0.001408905846952635,1.4175141228493473e-05,-0.07734000636201938,3.353699671546142,3.2763454900428943,-0.07735418150324769,SOL
2023-12-12 00:00:00+00:00,0.380916523076186,-0.023487544483985823,0.007196908142407921,7.073867260389352e-05,-0.029312787452879012,3.2763454900428943,3.2469619639174114,-0.029383526125482895,SOL
2023-12-13 00:00:00+00:00,0.4178488284493144,0.029446064139941885,0.036932305373128416,0.0003597533723589918,0.03995063105448421,3.2469619639174114,3.2865528415995366,0.039590877682125214,SOL
2023-12-14 00:00:00+00:00,0.4664486051316995,0.07165109034267925,0.048599776682385076,0.00047917720246978677,0.10984169389122052,3.2865528415995366,3.395915358288287,0.10936251668875041,SOL
2023-12-15 00:00:00+00:00,0.4520590024061913,-0.041886892177589896,0.01438960272550821,0.000146597618685661,-0.0643028346448471,3.395915358288287,3.3314659260247543,-0.06444943226353272,SOL
2023-12-16 00:00:00+00:00,0.43546291852410524,0.016687353468487043,0.016596083882086055,0.00016586786387585495,0.02420884221326048,3.3314659260247543,3.355508900374139,0.02404297434938485,SOL
2023-12-17 00:00:00+00:00,0.4380005421444107,-0.03865979381443296,0.0025376236203054625,2.5545055931203872e-05,-0.0568188679459124,3.355508900374139,3.298664487372296,-0.056844413001843286,SOL
2023-12-18 00:00:00+00:00,0.43051035646888336,0.050091717228728516,0.007490185675527339,7.412282847506011e-05,0.07113570969904201,3.298664487372296,3.369726074242863,0.07106158687056707,SOL
2023-12-19 00:00:00+00:00,0.440118455833498,-0.019080892233270697,0.009608099364614653,9.712998885857484e-05,-0.028298463634187882,3.369726074242863,3.3413304806198165,-0.028395593623046445,SOL
2023-12-20 00:00:00+00:00,0.4444213915619951,0.12616438356164372,0.004302935728497104,4.3132590917326226e-05,0.1873489042819435,3.3413304806198165,3.528636252310843,0.18730577169102647,SOL
2023-12-21 00:00:00+00:00,0.3936447895862524,0.14146697482058146,0.05077660197574274,0.0005375164755022926,0.19650176948099962,3.528636252310843,3.72460050531634,0.19596425300549702,SOL
2023-12-22 00:00:00+00:00,0.35305959308755014,0.043265132139812534,0.040585196498702236,0.0004534909301622879,0.056893905707714555,3.72460050531634,3.7810409200938926,0.05644041477755257,SOL
2023-12-23 00:00:00+00:00,0.352625333362494,0.10194075587334006,0.00043425972505611865,4.925861371157723e-06,0.1359166734704319,3.7810409200938926,3.916952667702953,0.13591174760906055,SOL
2023-12-24 00:00:00+00:00,0.3427342142795498,0.04236188357434201,0.00989111908294421,0.00011622913583551775,0.05686971436646837,3.916952667702953,3.973706152933586,0.05675348523063306,SOL
2023-12-25 00:00:00+00:00,0.34565872532871306,0.075233437083148,0.0029245110491632476,3.486344265114676e-05,0.10333660189339154,3.973706152933586,4.077007891384326,0.1033017384507402,SOL
2023-12-26 00:00:00+00:00,0.34777915284650096,-0.06963857414605912,0.002120427517787904,2.593499916938929e-05,-0.09874041942081774,4.077007891384326,3.978241536964339,-0.09876635441998749,SOL
2023-12-27 00:00:00+00:00,0.32646114796022246,-0.04960440928082499,0.021318004886278497,0.00025442451757140555,-0.06442329494651912,3.978241536964339,3.9135638175002483,-0.06467771946409062,SOL
2023-12-28 00:00:00+00:00,0.31423601840990034,-0.04779721260873626,0.012225129550322122,0.0001435314740171812,-0.058780185738659695,3.9135638175002483,3.8546401002875714,-0.05892371721267686,SOL
2023-12-29 00:00:00+00:00,0.31329848804111854,0.04292730844793713,0.0009375303687818026,1.0841526464231195e-05,0.05184128919582778,3.8546401002875714,3.906470547956935,0.05183044766936362,SOL
2023-12-30 00:00:00+00:00,0.3261883773654589,-0.04021851747197891,0.012889889324340376,0.00015106191903588057,-0.05124825642985212,3.906470547956935,3.855071229608047,-0.05139931834888811,SOL
2023-12-31 00:00:00+00:00,0.3249597250209867,-0.0017664376840039742,0.0012286523444722253,1.4209626913096054e-05,-0.00221289224345202,3.855071229608047,3.852844127737682,-0.0022271018703650114,SOL
2024-01-01 00:00:00+00:00,0.3251350621726443,0.080515139598899,0.00017533715165762853,2.0266401454150364e-06,0.10086088985411486,3.852844127737682,3.9537029909516512,0.10085886321396931,SOL
2024-01-02 00:00:00+00:00,0.3320701501983971,-0.02893276316986615,0.006935088025752767,8.22578348097951e-05,-0.03798601994744441,3.9537029909516512,3.915634713169397,-0.03806827778225408,SOL
2024-01-03 00:00:00+00:00,0.33085483647152547,-0.07692307692307698,0.001215313726871614,1.4276173848989292e-05,-0.09965436020829926,3.915634713169397,3.815966076787249,-0.09966863638214818,SOL
2024-01-04 00:00:00+00:00,0.31107522371155066,0.06485992691839226,0.019779612759974807,0.0002264349939121562,0.07699213846395137,3.815966076787249,3.892731780257288,0.07676570347003908,SOL
2024-01-05 00:00:00+00:00,0.3122859213936626,-0.04737393956724811,0.0012106976821119608,1.4138764030323198e-05,-0.05758990843349649,3.892731780257288,3.8351277330597613,-0.057604047197526764,SOL
2024-01-06 00:00:00+00:00,0.31095903658882446,-0.06173704222533527,0.0013268848048381687,1.526631814083135e-05,-0.07362559782535051,3.8351277330597613,3.76148686891627,-0.07364086414349114,SOL
2024-01-07 00:00:00+00:00,0.30037516555108446,-0.046176815612669286,0.01058387103774,0.00011943327579228669,-0.05217320948486268,3.76148686891627,3.7091942261556152,-0.05229264276065493,SOL
2024-01-08 00:00:00+00:00,0.29893306376736717,0.09436493738819318,0.0014421017837172867,1.604710682907862e-05,0.10463191751433248,3.7091942261556152,3.8138100965631185,0.10461587040750331,SOL
2024-01-09 00:00:00+00:00,0.29131127479028146,0.015120555782590861,0.007621788977085708,8.720416726404887e-05,0.016799026399019295,3.8138100965631185,3.8305219187948736,0.016711822231755047,SOL
2024-01-10 00:00:00+00:00,0.29302002753433976,0.02657004830917864,0.001708752744058295,1.9636244519748558e-05,0.02982274400791733,3.8305219187948736,3.860325026558271,0.029803107763397563,SOL
2024-01-11 00:00:00+00:00,0.3122436259371379,-0.020588235294117574,0.019223598402798137,0.00022262801404448175,-0.02481627407387941,3.860325026558271,3.8352861244703473,-0.02503890208792381,SOL
2024-01-12 00:00:00+00:00,0.3455234673795364,-0.07787787787787792,0.03327984144239848,0.0003829131423258124,-0.10320231212943581,3.8352861244703473,3.731700899198586,-0.1035852252717615,SOL
2024-01-13 00:00:00+00:00,0.33379957070451527,0.040490664350846695,0.011723896675021106,0.00013125022729286272,0.05043679754559297,3.731700899198586,3.782006446516886,0.05030554731830028,SOL
2024-01-14 00:00:00+00:00,0.35504888109327715,-0.021283255086071873,0.021249310388761877,0.000241095086623007,-0.02857909442390906,3.782006446516886,3.753186257006354,-0.028820189510532224,SOL
2024-01-15 00:00:00+00:00,0.3612410073522715,0.005862914401449704,0.006192126258994346,6.972060953071723e-05,0.007948967395202192,3.753186257006354,3.7610655037920253,0.007879246785671423,SOL
2024-01-16 00:00:00+00:00,0.3823788019704278,0.03444256040695204,0.02113779461815629,0.00023850189049376508,0.04953362754117169,3.7610655037920253,3.8103606294427035,0.04929512565067817,SOL
2024-01-17 00:00:00+00:00,0.3899169806930936,0.04599938530888226,0.0075381787226658226,8.616953826764562e-05,0.0683424050897322,3.8103606294427035,3.8786168649941684,0.06825623555146487,SOL
2024-01-18 00:00:00+00:00,0.38884032246994504,-0.07541625857002932,0.0010766582231485633,1.2527834226416019e-05,-0.1137399830599126,3.8786168649941684,3.7648643541000295,-0.11375251089413885,SOL
2024-01-19 00:00:00+00:00,0.37632003444838025,-0.008262711864406747,0.012520288021564796,0.00014141155822636466,-0.011706559630022767,3.7648643541000295,3.75301638291178,-0.011847971188249318,SOL
2024-01-20 00:00:00+00:00,0.38379895408331643,-0.007904293954283381,0.0074789196349361875,8.42055237491883e-05,-0.01138537475101627,3.75301638291178,3.7415468026370147,-0.011469580274765523,SOL
2024-01-21 00:00:00+00:00,0.38839439515783475,-0.01927217915589996,0.004595441074518314,5.1582173577212406e-05,-0.028006249948139692,3.7415468026370147,3.713488970515298,-0.028057832121716864,SOL
2024-01-22 00:00:00+00:00,0.3876477012348447,-0.07959161269074544,0.0007466939229900382,8.318518942122918e-06,-0.11457415310806611,3.713488970515298,3.5989064988882897,-0.11458247162700808,SOL
2024-01-23 00:00:00+00:00,0.39525133576196547,0.006083015267175362,0.007603634527120762,8.209430914447889e-05,0.008652922548827083,3.5989064988882897,3.6074773271279725,0.008570828239682804,SOL
2024-01-24 00:00:00+00:00,0.39514146350754564,0.052400711321873183,0.0001098722544198294,1.1890850000999122e-06,0.07469532078368032,3.6074773271279725,3.6821714588266525,0.07469413169868,SOL
2024-01-25 00:00:00+00:00,0.4017765688036774,-0.020953024670496756,0.00663510529613176,7.329478604317779e-05,-0.03099811872166289,3.6821714588266525,3.6511000453189464,-0.031071413507706147,SOL
2024-01-26 00:00:00+00:00,0.422163149687207,0.061788056610286635,0.02038658088352957,0.00022330033916325952,0.09523763244630194,3.6511000453189464,3.746114377426085,0.09501433210713861,SOL
2024-01-27 00:00:00+00:00,0.41034231125713966,0.02167316861725177,0.011820838430067315,0.00013284663838831787,0.033315761418868994,3.746114377426085,3.7792972922065653,0.0331829147804803,SOL
2024-01-28 00:00:00+00:00,0.42537972277363595,0.018031395842172282,0.01503741151649629,0.00017049254587827076,0.028987928919649696,3.7792972922065653,3.8081147285803367,0.028817436373771432,SOL
2024-01-29 00:00:00+00:00,0.4361237964463097,0.05938737236924352,0.01074407367267377,0.00012274399559358365,0.09863110940372898,3.8081147285803367,3.906623093988472,0.09850836540813512,SOL
2024-01-30 00:00:00+00:00,0.4623426285234321,-0.0027537372147915518,0.02621883207712239,0.0003072812846696762,-0.00497379572363298,3.906623093988472,3.9013420169801694,-0.005281077008302493,SOL
2024-01-31 00:00:00+00:00,0.46338512635216417,-0.043786982248520845,0.0010424978287320585,1.2201421745528929e-05,-0.0791591514187108,3.9013420169801694,3.8221706641397133,-0.07917135284045607,SOL
2024-02-01 00:00:00+00:00,0.45601220700615586,0.008766501650165015,0.007372919346008311,8.454166810014338e-05,0.01527963085903728,3.8221706641397133,3.8373657533306504,0.01519508919093715,SOL
2024-02-02 00:00:00+00:00,0.45753461040126125,0.028320212657192423,0.0015224033951053983,1.75260559533953e-05,0.04972258027216904,3.8373657533306504,3.8870708075468663,0.04970505421621585,SOL
2024-02-03 00:00:00+00:00,0.49940944142680505,-0.026048916285543844,0.04187483102554379,0.0004883112997510472,-0.05056719462370811,3.8870708075468663,3.836015301623407,-0.05105550592345942,SOL
2024-02-04 00:00:00+00:00,0.5036176691564221,-0.025214373213556573,0.004208227729617098,4.8428477890581346e-05,-0.04871127154020335,3.836015301623407,3.787255601605313,-0.04875970001809371,SOL
2024-02-05 00:00:00+00:00,0.5020527634128527,0.0017802911299613644,0.001564905743569489,1.7780094129953627e-05,0.0033850493652871332,3.787255601605313,3.7906228708764704,0.0033672692711572694,SOL
2024-02-06 00:00:00+00:00,0.5022499894070378,0.012753501986201066,0.0001972259941851462,2.2428280928686947e-06,0.024280631005931454,3.7906228708764704,3.814901259054309,0.02427838817783856,SOL
2024-02-07 00:00:00+00:00,0.5101934143360376,0.043971924029727605,0.007943424928999798,9.091014528853414e-05,0.08558420462956384,3.814901259054309,3.900394553538584,0.08549329448427523,SOL
2024-02-08 00:00:00+00:00,0.5116296738127976,0.016017401621514882,0.0014362594767599601,1.6805935921868176e-05,0.03196364742863799,3.900394553538584,3.9323413950313,0.03194684149271598,SOL
2024-02-09 00:00:00+00:00,0.5734536687194429,0.04067730634488109,0.06182399490664536,0.0007293391631328175,0.09172796035896194,3.9323413950313,4.023340016227129,0.09099862119582891,SOL
2024-02-10 00:00:00+00:00,0.5617842057465929,0.01935664858799324,0.011669462972849987,0.00014085065203964445,0.04375084320377597,4.023340016227129,4.066950008778866,0.04360999255173681,SOL
2024-02-11 00:00:00+00:00,0.5626041756357569,-0.014218879001926532,0.0008199698891639962,1.000432964380176e-05,-0.03253397613442227,4.066950008778866,4.0344060283148,-0.032543980464065925,SOL
2024-02-12 00:00:00+00:00,0.5654441754065979,0.038898194677089215,0.0028399997708409286,3.437313658767988e-05,0.08873578270921227,4.0344060283148,4.123107437887424,0.08870140957262418,SOL
2024-02-13 00:00:00+00:00,0.6861058777061619,0.007524184879971418,0.12066170229956408,0.0014925034866584723,0.02128507817933369,4.123107437887424,4.1429000125801,0.01979257469267548,SOL
2024-02-14 00:00:00+00:00,0.686504422300567,0.03991820768136556,0.0003985445944050259,4.953391215522938e-06,0.11353214008922519,4.1429000125801,4.256427199278109,0.11352718669800943,SOL
2024-02-15 00:00:00+00:00,0.702325979414382,-0.02966572625459518,0.015821557113815055,0.0002020299181025234,-0.08868270431170702,4.256427199278109,4.1675424650482995,-0.08888473422980958,SOL
2024-02-16 00:00:00+00:00,0.687856016901469,-0.027929515418502193,0.014469962512912993,0.00018091254972066572,-0.08006468051166916,4.1675424650482995,4.08729687198691,-0.0802455930613899,SOL
2024-02-17 00:00:00+00:00,0.7073466157981393,-0.012779842291307908,0.019490598896670264,0.00023899159171053563,-0.036948257140657956,4.08729687198691,4.050109623254541,-0.03718724873236834,SOL
2024-02-18 00:00:00+00:00,0.7022417667543975,0.03048108703635699,0.005104849043741755,6.202559471196067e-05,0.08669297076856794,4.050109623254541,4.136740568428397,0.08663094517385606,SOL
2024-02-19 00:00:00+00:00,0.69357305586481,-0.00632573057733421,0.008668710889587539,0.00010758062403880137,-0.018149354740992468,4.136740568428397,4.1184836330633665,-0.018256935365030813,SOL
2024-02-20 00:00:00+00:00,0.7531973965623375,-0.028871155742849486,0.059624340697527534,0.0007366856138848834,-0.08955922445682353,4.1184836330633665,4.028187722992659,-0.09029591007070792,SOL
2024-02-21 00:00:00+00:00,0.726611295802113,-0.030283445665220232,0.026586100760224496,0.0003212814140537463,-0.08863742571999064,4.028187722992659,3.939229015858614,-0.08895870713404452,SOL
2024-02-22 00:00:00+00:00,0.7560361225469444,-0.031133961725221315,0.02942482674483138,0.00034773339389955704,-0.09272314709402546,3.939229015858614,3.8461581353706893,-0.09307088048792478,SOL
2024-02-23 00:00:00+00:00,0.7266733542722023,-0.01827830188679247,0.029362768274742157,0.0003388015502307118,-0.051086037518882875,3.8461581353706893,3.7947332963015756,-0.05142483906911366,SOL
2024-02-24 00:00:00+00:00,0.7356417457460409,0.04114114114114109,0.008968391473838655,0.00010209796122012812,0.1148481378565383,3.7947332963015756,3.909479336196894,0.1147460398953184,SOL
2024-02-25 00:00:00+00:00,0.7174306830223095,-0.00519180847995393,0.018211062723731408,0.0002135873202258404,-0.014561882823111896,3.909479336196894,3.8947038660535562,-0.014775470143337799,SOL
2024-02-26 00:00:00+00:00,0.7356616228209306,0.06214361650720024,0.018230939798621115,0.0002130123351464379,0.17805290606596982,3.8947038660535562,4.072543759784379,0.17783989373082276,SOL
2024-02-27 00:00:00+00:00,0.6703380479198214,-0.014012738853503293,0.06532357490110918,0.0007980993519909591,-0.038254511304485664,4.072543759784379,4.033491149127902,-0.03905261065647725,SOL
2024-02-28 00:00:00+00:00,0.6636914363370487,0.098468069398302,0.006646611582772688,8.04271469724139e-05,0.2635983851061316,4.033491149127902,4.297009107087061,0.26351795795915933,SOL
2024-02-29 00:00:00+00:00,0.5718457102622639,0.055868268503738605,0.0918457260747848,0.0011839857641711216,0.1372809745041029,4.297009107087061,4.433106095826993,0.13609698873993192,SOL
2024-03-01 00:00:00+00:00,0.5494433885752614,0.029837683004455773,0.022402321687002513,0.00029793560649398425,0.07267686292185009,4.433106095826993,4.505485023142349,0.07237892731535567,SOL
2024-03-02 00:00:00+00:00,0.5550191898791078,0.004558448582245189,0.005575801303846384,7.536506779949239e-05,0.01139899623007471,4.505485023142349,4.516808654304624,0.011323631162275305,SOL
2024-03-03 00:00:00+00:00,0.5559965126739544,0.0010767574219350262,0.0009773227948466356,1.32431401734374e-05,0.0027040930659069937,4.516808654304624,4.519499504230357,0.0026908499257327634,SOL
2024-03-04 00:00:00+00:00,0.5611557349392311,0.023893669330055323,0.005159222265276653,6.995130741039615e-05,0.06059776378922525,4.519499504230357,4.5800273167121714,0.06052781248181471,SOL
2024-03-05 00:00:00+00:00,0.5683974353767914,-0.05972837097621375,0.007241700437560339,9.95015574704185e-05,-0.1554894215875125,4.5800273167121714,4.424438393567188,-0.1555889231449834,SOL
2024-03-06 00:00:00+00:00,0.521315903589545,0.04373154576649907,0.04708153178724639,0.0006249280106023407,0.10086812658704625,4.424438393567188,4.524681592143631,0.10024319857644315,SOL
2024-03-07 00:00:00+00:00,0.5190143936494604,0.09962535362030733,0.0023015099400846006,3.124079898010915e-05,0.23395767715599827,4.524681592143631,4.75860802850065,0.23392643635701837,SOL
2024-03-08 00:00:00+00:00,0.47314802161423297,0.006744541788346492,0.045866372035227476,0.0006547802586150934,0.01518551102136692,4.75860802850065,4.773138759263402,0.014530730762752242,SOL
2024-03-09 00:00:00+00:00,0.4841526124223993,-0.003453277160024859,0.011004590808166348,0.00015757931674887767,-0.007980273498694603,4.773138759263402,4.765000906447958,-0.008137852815443658,SOL
2024-03-10 00:00:00+00:00,0.4870228469987761,0.0006930487213250291,0.0028702345763768067,4.1030011074461266e-05,0.001608333430875158,4.765000906447958,4.766568209867759,0.0015673034198009361,SOL
2024-03-11 00:00:00+00:00,0.4881562828951624,0.030750051942655565,0.001133435896386259,1.6207798534913126e-05,0.07155015011122093,4.766568209867759,4.838102152180444,0.07153394231268528,SOL
2024-03-12 00:00:00+00:00,0.4886342301857906,0.014916347510582462,0.0004779472906282223,6.937073446251643e-06,0.03526317511209962,4.838102152180444,4.873358390219098,0.03525623803865319,SOL
2024-03-13 00:00:00+00:00,0.5034534085566009,0.08507116848725582,0.014819178370810315,0.0002166575017486255,0.208722868393626,4.873358390219098,5.081864601110975,0.20850621089187715,SOL
2024-03-14 00:00:00+00:00,0.4914671047908962,0.07779133618059797,0.011986303765704698,0.00018273831841529364,0.19428925168519692,5.081864601110975,5.275971114477756,0.19410651336678164,SOL
2024-03-15 00:00:00+00:00,0.49479728292970027,0.041324653269176226,0.003330178138804041,5.270977099918625e-05,0.10787950216525297,5.275971114477756,5.38379790687201,0.10782679239425352,SOL
2024-03-16 00:00:00+00:00,0.5103570766935432,-0.01032889372111978,0.015559793763842977,0.0002513123552914139,-0.028380281524294563,5.38379790687201,5.355166312992424,-0.028631593879586248,SOL
2024-03-17 00:00:00+00:00,0.49982747387493653,0.1088162592694315,0.01052960281860671,0.00016916332291017818,0.2912640469677925,5.355166312992424,5.6462611966373055,0.2910948836448819,SOL
2024-03-18 00:00:00+00:00,0.46932696027946547,-0.0294263350837215,0.030500513595471068,0.0005166415991748507,-0.07797809902857654,5.6462611966373055,5.567766456009554,-0.07849474062775119,SOL
2024-03-19 00:00:00+00:00,0.4533300342044863,-0.13321763985300117,0.015996926074979156,0.0002672014451986006,-0.33624608657806754,5.567766456009554,5.231253167986289,-0.33651328802326574,SOL
2024-03-20 00:00:00+00:00,0.34955468326188105,0.12925450476975642,0.10377535094260526,0.0016286254001321781,0.23635595642533064,5.231253167986289,5.465980499011487,0.23472733102519872,SOL
2024-03-21 00:00:00+00:00,0.3375570256106488,-0.06419147937633629,0.01199765765123223,0.000196736888266354,-0.11843842242522871,5.465980499011487,5.347345339697992,-0.11863515931349511,SOL
2024-03-22 00:00:00+00:00,0.3234981708024319,-0.023682157583862717,0.014058854808216947,0.0002255326552206288,-0.04096673271578705,5.347345339697992,5.306153074326985,-0.04119226537100751,SOL
2024-03-23 00:00:00+00:00,0.32060710889978467,-0.014611038182752112,0.0028910619026472073,4.6021251008403304e-05,-0.024856157839972453,5.306153074326985,5.2812508952360036,-0.024902179090981136,SOL
2024-03-24 00:00:00+00:00,0.3191059431775818,0.06504488850275125,0.0015011657222028796,2.378409844284468e-05,0.10961875525605484,5.2812508952360036,5.390845866393616,0.10959497115761252,SOL
2024-03-25 00:00:00+00:00,0.314896588648848,0.027789862954100686,0.0042093545287337775,6.80759443842292e-05,0.04717493122337407,5.390845866393616,5.437952721672606,0.04710685527899017,SOL
2024-03-26 00:00:00+00:00,0.3147637283977827,0.007778189322186435,0.0001328602510652921,2.1674632916478327e-06,0.013313695444632508,5.437952721672606,5.451264249653947,0.013311527981341165,SOL
2024-03-27 00:00:00+00:00,0.32774225144713204,-0.02168434316916934,0.012978523049349322,0.0002122480761366831,-0.0387414560750462,5.451264249653947,5.4123105455027645,-0.03895370415118293,SOL
2024-03-28 00:00:00+00:00,0.32549968199935,0.017710513604894507,0.0022425694477820612,3.6412446813759484e-05,0.031200706771649687,5.4123105455027645,5.4434748398276,0.03116429432483514,SOL
2024-03-29 00:00:00+00:00,0.34020615758289263,0.012550756736803281,0.014706475583542655,0.0002401629894646601,0.023242792326074103,5.4434748398276,5.466477469164209,0.02300262933660946,SOL
2024-03-30 00:00:00+00:00,0.34031112943932335,0.01140565595541898,0.00010497185643071338,1.7214788642245043e-06,0.021217977377600578,5.466477469164209,5.487693725062945,0.02121625589873588,SOL
2024-03-31 00:00:00+00:00,0.3410318014355681,0.042481977342945454,0.0007206719962447594,1.1864481574862858e-05,0.07950408925579437,5.487693725062945,5.567185949837165,0.0794922247742198,SOL
2024-04-01 00:00:00+00:00,0.33981552636911366,-0.050432205482835224,0.001216275066454442,2.03136883833073e-05,-0.09540846454143542,5.567185949837165,5.471757171607346,-0.09542877822981843,SOL
2024-04-02 00:00:00+00:00,0.3302290862352013,-0.05571161048689144,0.009586440133912355,0.00015736401765875825,-0.10066716813427708,5.471757171607346,5.370932639455411,-0.10082453215193521,SOL
2024-04-03 00:00:00+00:00,0.3203852779420171,0.019390734313887492,0.009843808293184209,0.00015861129377521478,0.03336695018828401,5.370932639455411,5.404140978349919,0.03320833889450814,SOL
2024-04-04 00:00:00+00:00,0.3320732484895048,-0.005674142123750392,0.011687970547487714,0.0001894903217682759,-0.010182648919074421,5.404140978349919,5.393768839109077,-0.010372139240842237,SOL
2024-04-05 00:00:00+00:00,0.34403572820244127,-0.052336956521739086,0.011962479712936458,0.00019356855094233348,-0.09711903099330112,5.393768839109077,5.296456239564833,-0.0973125995442441,SOL
2024-04-06 00:00:00+00:00,0.3410393303741987,0.024717554625222293,0.0029963978282425696,4.761086992084162e-05,0.044647316183242386,5.296456239564833,5.341055944878154,0.04459970531332136,SOL
2024-04-07 00:00:00+00:00,0.33954199377169336,0.004701141705842904,0.0014973366025053392,2.3992075686884396e-05,0.00852558058468149,5.341055944878154,5.349557533387149,0.008501588508994296,SOL
2024-04-08 00:00:00+00:00,0.3710546900181548,0.0064616755793225344,0.031512696246461414,0.0005057369448077957,0.012826286532146038,5.349557533387149,5.361878082974487,0.012320549587338192,SOL
2024-04-09 00:00:00+00:00,0.37268681115326485,-0.04571618330750504,0.0016321211351100762,2.6253703629318477e-05,-0.0913547059988389,5.361878082974487,5.270497123272018,-0.09138095970246862,SOL
2024-04-10 00:00:00+00:00,0.4491911674916164,0.0051618141746898605,0.07650435633835156,0.001209647969997178,0.012220392488671909,5.270497123272018,5.281507867790693,0.011010744518674898,SOL
2024-04-11 00:00:00+00:00,0.5723406791472452,-0.0054238070509491365,0.12314951165562876,0.001951245344171355,-0.016395202192455473,5.281507867790693,5.2631614202540655,-0.018346447536627508,SOL
2024-04-12 00:00:00+00:00,0.6252988088796827,-0.11144630736207006,0.05295812973243752,0.0008361815558897247,-0.36677521014432063,5.2631614202540655,4.895550028553855,-0.3676113917002102,SOL
2024-04-13 00:00:00+00:00,0.4918910862154304,-0.09591277095847484,0.13340772266425233,0.001959312541494856,-0.23096537814669754,4.895550028553855,4.662625337865663,-0.23292469068819255,SOL
2024-04-14 00:00:00+00:00,0.43875304198214043,0.09229435978912393,0.05313804423328994,0.0007432883743402921,0.18881036056052414,4.662625337865663,4.850692410051846,0.18806707218618346,SOL
2024-04-15 00:00:00+00:00,0.4175727855665538,-0.08423140495867776,0.02118025641558663,0.0003082167271141139,-0.1706121546041699,4.850692410051846,4.679772038720563,-0.17092037133128368,SOL
2024-04-16 00:00:00+00:00,0.39963968309035286,-0.016533102303082803,0.017933102476200946,0.000251768494606907,-0.03092058181489191,4.679772038720563,4.648599688411063,-0.031172350309499386,SOL
2024-04-17 00:00:00+00:00,0.4017838491702488,-0.03215386874174131,0.002144166079895926,2.990210931271732e-05,-0.06005481844919252,4.648599688411063,4.588514967852557,-0.060084720558506,SOL
2024-04-18 00:00:00+00:00,0.40082030043888567,0.07759405339805814,0.0009635487313631175,1.3263773328345022e-05,0.1427086511518956,4.588514967852557,4.731210355231124,0.14269538737856724,SOL
2024-04-19 00:00:00+00:00,0.3752930807764685,0.0030266769902160817,0.025527219662417167,0.000362323938021263,0.005374138940712126,4.731210355231124,4.736222170233815,0.005011815002690767,SOL
2024-04-20 00:00:00+00:00,0.37665688822364907,0.061192982456140355,0.001363807447180565,1.9377885201799723e-05,0.10916404030809702,4.736222170233815,4.84536683265671,0.10914466242289489,SOL
2024-04-21 00:00:00+00:00,0.3620146751114054,-0.016003174183308988,0.014642213112243674,0.00021284068131227003,-0.028071070211095662,4.84536683265671,4.817082921764302,-0.028283910892407782,SOL
2024-04-22 00:00:00+00:00,0.3712680739071996,0.05477150537634401,0.009253398795794232,0.00013372316792248427,0.09795495396807641,4.817082921764302,4.914904152564456,0.09782123080015381,SOL
2024-04-23 00:00:00+00:00,0.36285993648527054,-0.01401720293086961,0.008408137421929085,0.0001239755685911156,-0.02499858540291546,4.914904152564456,4.88978159159295,-0.025122560971506225,SOL
2024-04-24 00:00:00+00:00,0.370059116487635,-0.04504038772213248,0.007199180002364469,0.00010560725355037761,-0.08150095341873119,4.88978159159295,4.808175030920669,-0.08160656067228089,SOL
2024-04-25 00:00:00+00:00,0.3682992664211475,-0.019894437677628884,0.0017598500664874894,2.5385001443547676e-05,-0.035230011976823135,4.808175030920669,4.7729196339424025,-0.03525539697826652,SOL
2024-04-26 00:00:00+00:00,0.36813385588050157,-0.03873239436619724,0.0001654105406459494,2.368473651330239e-06,-0.06805565632098833,4.7729196339424025,4.7048616091477635,-0.06805802479463896,SOL
2024-04-27 00:00:00+00:00,0.3713373382747898,0.014939309056956285,0.0032034823942882484,4.521582399740262e-05,0.02610032921594315,4.7048616091477635,4.7309167225397095,0.026055113391945994,SOL
2024-04-28 00:00:00+00:00,0.3732276181509574,-0.02349444483759111,0.0018902798761675776,2.6828270029324453e-05,-0.041484347531524864,4.7309167225397095,4.689405546738155,-0.0415111758015545,SOL
2024-04-29 00:00:00+00:00,0.3736554392674676,-0.0015943184288716994,0.0004278211165101853,6.01868015032372e-06,-0.0027935996498540034,4.689405546738155,4.6866059284081505,-0.0027996183300045274,SOL
2024-04-30 00:00:00+00:00,0.37445156719566447,-0.07984321695579599,0.000796127928196888,1.1193413604176501e-05,-0.14011741512615367,4.6866059284081505,4.5464773198683925,-0.14012860853975795,SOL
2024-05-01 00:00:00+00:00,0.36277836032229177,0.0620809339749151,0.011673206873372699,0.00015921591089976242,0.10239403196655328,4.5464773198683925,4.648712135924046,0.10223481605565343,SOL
2024-05-02 00:00:00+00:00,0.3485341186041759,0.0218360071301249,0.014244241718115891,0.0001986521380261228,0.035379458360072544,4.648712135924046,4.683892942146092,0.035180806222046,SOL
2024-05-03 00:00:00+00:00,0.34578226741927603,0.044410524785579275,0.002751851184899845,3.8668129028366235e-05,0.07192760222934873,4.683892942146092,4.755781876246412,0.07188893410032016,SOL
2024-05-04 00:00:00+00:00,0.37443263853163694,0.016424246642076756,0.028650371112360906,0.00040876474705169925,0.02924698376116069,4.755781876246412,4.784620095260522,0.028838219014109434,SOL
2024-05-05 00:00:00+00:00,0.4116108042139719,-0.0021910304690175852,0.03717816568233495,0.0005336501958858747,-0.004315018309386926,4.784620095260522,4.779771426755249,-0.004848668505272435,SOL
2024-05-06 00:00:00+00:00,0.45003640337447454,0.04865161600219592,0.038425599160502644,0.000550996742769963,0.10465308718664329,4.779771426755249,4.883873517199123,0.10410209044387386,SOL
2024-05-07 00:00:00+00:00,0.48780837227580126,-0.03134406491296948,0.037771968901326725,0.0005534205558289753,-0.07467392443433817,4.883873517199123,4.808646172208956,-0.07522734499016703,SOL
2024-05-08 00:00:00+00:00,0.481635107430215,-0.03951901641559141,0.006173264845586279,8.905513910928172e-05,-0.09152654848417648,4.808646172208956,4.71703056858567,-0.09161560362328558,SOL
2024-05-09 00:00:00+00:00,0.4773946708445384,0.07307638205092126,0.004240436585676577,6.0006806996356385e-05,0.16455962727697765,4.71703056858567,4.881530189055652,0.16449962046998134,SOL
2024-05-10 00:00:00+00:00,0.48139450872079387,-0.0429966572720718,0.003999837876255463,5.8575988032807866e-05,-0.10103964335197,4.881530189055652,4.780431969715649,-0.10109821934000252,SOL
2024-05-11 00:00:00+00:00,0.4671572282742172,-0.0040408191219779566,0.014237280446576683,0.000204181051825868,-0.00902401120379588,4.780431969715649,4.771203777460027,-0.009228192255622325,SOL
2024-05-12 00:00:00+00:00,0.49160885562662787,-0.013684500068766203,0.024451627352410688,0.0003499910903666004,-0.03209789848512657,4.771203777460027,4.738755887884533,-0.032447889575493605,SOL
2024-05-13 00:00:00+00:00,0.49206913553896525,0.028655093076762173,0.0004602799123373802,6.543462433991212e-06,0.0668178174690585,4.738755887884533,4.805567161891157,0.06681127400662401,SOL
2024-05-14 00:00:00+00:00,0.5090125880033712,-0.037345804527585735,0.016943452464405984,0.0002442686963160396,-0.09135135502385296,4.805567161891157,4.713971538170988,-0.0915956237201696,SOL
2024-05-15 00:00:00+00:00,0.5003290835268683,0.11610223192283331,0.008683504476502901,0.0001228013788614451,0.27383141667658323,4.713971538170988,4.98768015346871,0.27370861529772217,SOL
2024-05-16 00:00:00+00:00,0.43635630397106184,0.005362099419631505,0.06397277955580649,0.0009572272888581746,0.01167010361836854,4.98768015346871,4.99839302979822,0.010712876329510124,SOL
2024-05-17 00:00:00+00:00,0.4393786529382519,0.06318629604065995,0.0030223489671900583,4.532066403366191e-05,0.1387689343454041,4.99839302979822,5.13711664347959,0.13872361368137032,SOL
2024-05-18 00:00:00+00:00,0.4352363878515552,0.01746931067044377,0.004142265086696684,6.383789675572189e-05,0.03905893456070151,5.13711664347959,5.176111740143536,0.03899509666394607,SOL
2024-05-19 00:00:00+00:00,0.4350655194877658,-0.014327146171693728,0.0001708683637894337,2.653301231488814e-06,-0.03226398448715839,5.176111740143536,5.143845102355146,-0.03226663778839001,SOL
2024-05-20 00:00:00+00:00,0.43786190259409064,0.09868769493320761,0.002796383106324851,4.3152484637333265e-05,0.2222736837468514,5.143845102355146,5.366075633617361,0.22223053126221437,SOL
2024-05-21 00:00:00+00:00,0.4071972606861614,-0.04579539367969998,0.030664641907929224,0.0004936463632672223,-0.10006528443173009,5.366075633617361,5.265516702822363,-0.10055893079499789,SOL
2024-05-22 00:00:00+00:00,0.4343367235626766,-0.006735896716250411,0.027139462876515197,0.0004287098852457546,-0.015405044777334384,5.265516702822363,5.249682948159783,-0.01583375466258019,SOL
2024-05-23 00:00:00+00:00,0.4429050343993534,-0.004464538005086172,0.008568310836676807,0.00013494274588150474,-0.010380546455636719,5.249682948159783,5.239167458958264,-0.010515489201518236,SOL
2024-05-24 00:00:00+00:00,0.4418248352336202,-0.048024523160763,0.0010801991657332088,1.6978032954909878e-05,-0.11116689243988323,5.239167458958264,5.127983588485426,-0.11118387047283829,SOL
2024-05-25 00:00:00+00:00,0.42989183962897576,0.003875968992248069,0.011932995604644447,0.00018357661686625636,0.008544489528841863,5.127983588485426,5.136344501397402,0.008360912911975937,SOL
2024-05-26 00:00:00+00:00,0.4302645649060196,-0.02934362934362933,0.0003727252770438505,5.743336281828015e-06,-0.06484904032420447,5.136344501397402,5.071489717736916,-0.06485478366048625,SOL
2024-05-27 00:00:00+00:00,0.4243198503564015,0.041245945780552074,0.005944714549618091,9.044567613980757e-05,0.08875854311051617,5.071489717736916,5.160157815171292,0.08866809743437631,SOL
2024-05-28 00:00:00+00:00,0.4269620331859551,-0.008639435791948258,0.0026421828295535854,4.0902241131097e-05,-0.019034331262527824,5.160157815171292,5.141082581667633,-0.019075233503659028,SOL
2024-05-29 00:00:00+00:00,0.43292945037108643,-0.0021342186388428885,0.00596741718513133,9.203695364406833e-05,-0.004750186034513786,5.141082581667633,5.136240358679475,-0.0048422229881577294,SOL
2024-05-30 00:00:00+00:00,0.44434835345031587,-0.008555133079847899,0.011418903079229437,0.00017595069254216272,-0.01952520866610127,5.136240358679475,5.116539199320832,-0.01970115935864314,SOL
2024-05-31 00:00:00+00:00,0.4675848011212236,-0.007370565675934748,0.02323644767090771,0.00035667058608349967,-0.01763345898639939,5.116539199320832,5.0985490697483495,-0.017990129572482694,SOL
2024-06-01 00:00:00+00:00,0.48267695646638553,0.0029580440688197207,0.01509215534516195,0.00023084428378671913,0.0072796049032085005,5.0985490697483495,5.105597830367771,0.007048760619421834,SOL
2024-06-02 00:00:00+00:00,0.48334019111766624,-0.017996870109546093,0.0006632346512807086,1.0158628189810534e-05,-0.044411607601954214,5.105597830367771,5.061176064137627,-0.044421766230144044,SOL
2024-06-03 00:00:00+00:00,0.48197247610281607,0.010665032178976297,0.0013677150148501682,2.0766739487163934e-05,0.02601572021910491,5.061176064137627,5.087171017617245,0.025994953479617777,SOL
2024-06-04 00:00:00+00:00,0.48539543553264114,0.04178543271271762,0.0034229594298250676,5.22395400176572e-05,0.10318033408325367,5.087171017617245,5.190299112160481,0.10312809454323624,SOL
2024-06-05 00:00:00+00:00,0.49200762849888513,0.010245663057399046,0.0066121929662439904,0.00010295777784638989,0.026164009156934266,5.190299112160481,5.216360163539569,0.026061051379087985,SOL
2024-06-06 00:00:00+00:00,0.5973660977458642,-0.019534401290768666,0.10535846924697911,0.001648763165614352,-0.06087069301008847,5.216360163539569,5.153840707363866,-0.06251945617570343,SOL
2024-06-07 00:00:00+00:00,0.590211254480739,-0.044960329121363496,0.007154843265125277,0.00011062476742383255,-0.13676279246574502,5.153840707363866,5.016967290130697,-0.13687341723316848,SOL
2024-06-08 00:00:00+00:00,0.6107285696859549,-0.02873846153846149,0.020517315205215936,0.00030880409779760864,-0.08805479723948911,5.016967290130697,4.928603688793411,-0.08836360133728682,SOL
2024-06-09 00:00:00+00:00,0.6070272067814182,0.027181144269150304,0.003701362904536709,5.472765259458815e-05,0.08132045312057441,4.928603688793411,5.009869414261391,0.08126572546798005,SOL
2024-06-10 00:00:00+00:00,0.5964501832247069,-0.0189365901801134,0.010577023556711307,0.00015896852043207062,-0.05658513580871516,5.009869414261391,4.953125309932243,-0.05674410432914723,SOL
2024-06-11 00:00:00+00:00,0.7881976814849208,-0.061238604212511816,0.19174749826021387,0.0028492481602465625,-0.23907807584864263,4.953125309932243,4.711197985923354,-0.2419273240088895,SOL
2024-06-12 00:00:00+00:00,0.7450612117131681,0.03958207755676102,0.04313646977175267,0.0006096733485255745,0.13893827272704415,4.711197985923354,4.849526585301873,0.13832859937851882,SOL
2024-06-13 00:00:00+00:00,0.6954624537336359,-0.0510887772194305,0.04959875797953217,0.0007215914862590839,-0.17230526228316004,4.849526585301873,4.676499731532453,-0.17302685376941973,SOL
2024-06-14 00:00:00+00:00,0.6564947705351548,-0.028786747233349064,0.038967683198481096,0.0005466970800484156,-0.08837812411568212,4.676499731532453,4.5875749103367225,-0.08892482119573053,SOL
2024-06-15 00:00:00+00:00,0.6797245187349386,0.017266689968542526,0.02322974819978374,0.0003197046300443026,0.05384249741894528,4.5875749103367225,4.641097703125624,0.05352279278890126,SOL
2024-06-16 00:00:00+00:00,0.6706758290369546,0.03971962616822422,0.009048689697984003,0.00012598755892083015,0.1236341701977797,4.641097703125624,4.764605885764483,0.12350818263885888,SOL
2024-06-17 00:00:00+00:00,0.6464301897387869,-0.05307336417713149,0.024245639298167698,0.0003465627471125174,-0.16346517017002737,4.764605885764483,4.600794152847343,-0.16381173291713935,SOL
2024-06-18 00:00:00+00:00,0.6428358760460362,-0.04090179381587222,0.0035943136927506503,4.9610092263319e-05,-0.12096932688597209,4.600794152847343,4.4797752158691075,-0.12101893697823574,SOL
2024-06-19 00:00:00+00:00,0.6257009734921346,-0.013026708390946773,0.0171349025539016,0.00023028153536190199,-0.03651385988891249,4.4797752158691075,4.443031074444833,-0.03674414142427462,SOL
2024-06-20 00:00:00+00:00,0.6265092931669266,-0.015263235510986517,0.0008083196747920018,1.0774168299558018e-05,-0.042486746305825544,4.443031074444833,4.400533553970708,-0.04249752047412514,SOL
2024-06-21 00:00:00+00:00,0.6261884544737754,0.007862223886184738,0.0003208386931512486,4.235584303872544e-06,0.02166485563662954,4.400533553970708,4.4221941740230335,0.02166062005232572,SOL
2024-06-22 00:00:00+00:00,0.6213540972062652,-0.006760772659732517,0.0048343572675101365,6.413539963058772e-05,-0.018576902722812025,4.4221941740230335,4.403553135900591,-0.018641038122442666,SOL
2024-06-23 00:00:00+00:00,0.623762681812883,-0.037399955120053896,0.0024085846066177474,3.181899089266042e-05,-0.10272915377196822,4.403553135900591,4.3007921631377295,-0.10276097276286134,SOL
2024-06-24 00:00:00+00:00,0.0,0.02828502603154881,0.623762681812883,0.00804802096079586,0.0,4.3007921631377295,4.292744142176933,-0.008048020960796265,SOL
2024-06-25 00:00:00+00:00,0.0,0.03211667800196483,0.0,0.0,0.0,4.292744142176933,4.292744142176933,0.0,SOL
2024-06-26 00:00:00+00:00,0.6111567274767925,0.0016839947283642243,0.6111567274767925,0.007870618385484076,0.004418026623373908,4.292744142176933,4.2892915504148235,-0.003452591762109769,SOL
2024-06-27 00:00:00+00:00,0.6153424201560885,0.09429135297127411,0.004185692679296027,5.3860968725812894e-05,0.24887099817042935,4.2892915504148235,4.538108687616527,0.24881713720170318,SOL
2024-06-28 00:00:00+00:00,0.5098858414356401,-0.06465833945628219,0.10545657872044845,0.0014357202481727499,-0.14961405457063434,4.538108687616527,4.38705891279772,-0.15104977481880688,SOL
2024-06-29 00:00:00+00:00,0.49350165791987416,0.0017853317146325764,0.016384183515765927,0.00021563513496526319,0.0038652803807359714,4.38705891279772,4.390708558043491,0.0036496452457708273,SOL
2024-06-30 00:00:00+00:00,0.49694868547554855,0.04512403763900785,0.003447027555674387,4.540468016553379e-05,0.09845870285579081,4.390708558043491,4.489121856219115,0.0984132981756245,SOL
2024-07-01 00:00:00+00:00,0.48648243299030847,0.00040924902803340935,0.01046625248524008,0.00014095284835259663,0.0008937503264181089,4.489121856219115,4.489874653697181,0.000752797478066114,SOL
2024-07-02 00:00:00+00:00,0.48790244910275216,0.05018067771187029,0.0014200161124436894,1.9127083053307584e-05,0.10992683834605425,4.489874653697181,4.599782364960182,0.10990771126300114,SOL
2024-07-03 00:00:00+00:00,0.49785033276921953,-0.08563266896059207,0.009947883666467372,0.00013727429957307617,-0.1960990843225349,4.599782364960182,4.4035460063380745,-0.19623635862210786,SOL
2024-07-04 00:00:00+00:00,0.45655172843065855,-0.09216131780744108,0.041298604338560974,0.0005455809126072193,-0.18528540254629425,4.4035460063380745,4.217715022879172,-0.18583098345890203,SOL
2024-07-05 00:00:00+00:00,0.0,0.05052401063663381,0.45655172843065855,0.005776815251170323,0.0,4.217715022879172,4.211938207628002,-0.005776815251170575,SOL
2024-07-06 00:00:00+00:00,0.0,0.06499404407385367,0.0,0.0,0.0,4.211938207628002,4.211938207628002,0.0,SOL
2024-07-07 00:00:00+00:00,0.39737183812170224,-0.07976232086683,0.39737183812170224,0.005021116882860501,-0.13349864530685884,4.211938207628002,4.073418445438282,-0.13851976218971984,SOL
2024-07-08 00:00:00+00:00,0.0,0.06206320267395937,0.39737183812170224,0.004855985325307972,0.0,4.073418445438282,4.068562460112974,-0.004855985325307621,SOL
2024-07-09 00:00:00+00:00,0.3756469612910548,0.011515628352764429,0.3756469612910548,0.004585029374892892,0.017599831422591448,4.068562460112974,4.081577262160673,0.01301480204769856,SOL
2024-07-10 00:00:00+00:00,0.38114529899926197,0.003959835949653545,0.005498337708207179,6.732567050849715e-05,0.006160213775603912,4.081577262160673,4.087670150265768,0.006092888105095007,SOL
2024-07-11 00:00:00+00:00,0.3818982270129061,-0.04402028454711937,0.0007529280136441274,9.23316410001599e-06,-0.06871892093076834,4.087670150265768,4.018941996170899,-0.06872815409486854,SOL
2024-07-12 00:00:00+00:00,0.0,0.027481028512488237,0.3818982270129061,0.004604480468416128,0.0,4.018941996170899,4.014337515702484,-0.0046044804684157725,SOL
2024-07-13 00:00:00+00:00,0.37346948312273814,0.017496056216836253,0.37346948312273814,0.00449769767120887,0.026230657100601296,4.014337515702484,4.036070475131877,0.021732959429392906,SOL
2024-07-14 00:00:00+00:00,0.37299638691114734,0.04059196617336136,0.0004730962115908066,5.7283489544951934e-06,0.06110875756284245,4.036070475131877,4.097173504345765,0.06110302921388833,SOL
2024-07-15 00:00:00+00:00,0.37496083575295946,0.07937152918867674,0.0019644488418121275,2.4146063235946124e-05,0.1219368612256293,4.097173504345765,4.219086219508158,0.12191271516239333,SOL
2024-07-16 00:00:00+00:00,0.36152237292634193,0.00778014807378602,0.013438462826617537,0.0001700940999694641,0.011867013655761219,4.219086219508158,4.23078313906395,0.011696919555792107,SOL
2024-07-17 00:00:00+00:00,0.3631387039505905,-0.03187647864524967,0.001616331024248574,2.0515038133610496e-05,-0.04897378198092614,4.23078313906395,4.18178884204489,-0.04899429701906044,SOL
2024-07-18 00:00:00+00:00,0.3586802611226936,0.023922829581993543,0.004458442827896925,5.5932799411783276e-05,0.03588245288377883,4.18178884204489,4.217615362129257,0.03582652008436682,SOL
2024-07-19 00:00:00+00:00,0.3806130600108669,0.062240924506971496,0.021932798888173344,0.0002775123285757541,0.09991407948301077,4.217615362129257,4.3172519292836915,0.09963656715443481,SOL
2024-07-20 00:00:00+00:00,0.38893967798334916,0.026429373854431448,0.008326617972482242,0.00010784432251832165,0.04437889830848572,4.3172519292836915,4.3615229832696585,0.04427105398596698,SOL
2024-07-21 00:00:00+00:00,0.38816178885481467,0.06273041474654395,0.0007778891285344924,1.0178343937616383e-05,0.10620112197307527,4.3615229832696585,4.467713926898797,0.10619094362913817,SOL
2024-07-22 00:00:00+00:00,0.3831386211343354,-0.03029974524364465,0.005023167720479282,6.732622914580132e-05,-0.051865702653165036,4.467713926898797,4.415780898016486,-0.05193302888231077,SOL
2024-07-23 00:00:00+00:00,0.3776936992605713,-0.032811626607043065,0.005444921873764108,7.213074600407904e-05,-0.05472364501985248,4.415780898016486,4.3609851222506295,-0.05479577576585637,SOL
2024-07-24 00:00:00+00:00,0.37786074025786015,0.029070103450268725,0.00016704099728886979,2.1853899119480067e-06,0.04790302655454024,4.3609851222506295,4.408885963415258,0.04790084116462889,SOL
2024-07-25 00:00:00+00:00,0.41316968166560675,-0.03487588453330348,0.0353089414077466,0.0004670192884669973,-0.06353053938069408,4.408885963415258,4.344888404746097,-0.06399755866916124,SOL
2024-07-26 00:00:00+00:00,0.46355238049596154,0.06523130637183594,0.05038269883035479,0.0006567216118434697,0.13138128891088083,4.344888404746097,4.475612972045135,0.1307245672990378,SOL
2024-07-27 00:00:00+00:00,0.45647687119475155,0.004697913252485364,0.007075509301209981,9.500172363696421e-05,0.009597901634959324,4.475612972045135,4.485115871956457,0.009502899911321805,SOL
2024-07-28 00:00:00+00:00,0.4713615753671931,0.005328403653762637,0.014884704172441532,0.00020027886879958205,0.01126483828538306,4.485115871956457,4.49618043137304,0.011064559416583464,SOL
2024-07-29 00:00:00+00:00,0.5480355109238968,-0.012601406165494877,0.07667393555670371,0.0010342195459392264,-0.031050703288256244,4.49618043137304,4.464095508538844,-0.03208492283419595,SOL
2024-07-30 00:00:00+00:00,0.562577544794663,-0.018677767431670045,0.014542033870766247,0.00019475108426252204,-0.04690734309057507,4.464095508538844,4.416993414364007,-0.04710209417483746,SOL
2024-07-31 00:00:00+00:00,0.5522860534110727,-0.04158294262112072,0.010291491383590312,0.000136372348995907,-0.10143925408950298,4.416993414364007,4.315417787925508,-0.10157562643849882,SOL
2024-08-01 00:00:00+00:00,0.5255947405056179,-0.02527517325723605,0.02669131290545479,0.00034555249948585583,-0.05732815953115297,4.315417787925508,4.25774407589487,-0.05767371203063831,SOL
2024-08-02 00:00:00+00:00,0.5421425780279616,-0.08723188146023775,0.016547837522343678,0.0002113693715388889,-0.20135773142366192,4.25774407589487,4.056174975099669,-0.20156910079520074,SOL
2024-08-03 00:00:00+00:00,0.46810427120609555,-0.06709432480198996,0.07403830682186607,0.0009009369819888128,-0.12739285536221248,4.056174975099669,3.9278811827554674,-0.12829379234420157,SOL
2024-08-04 00:00:00+00:00,0.0,-0.029399382542800945,0.46810427120609555,0.0055159738753136536,-0.0,3.9278811827554674,3.9223652088801537,-0.005515973875313662,SOL
2024-08-05 00:00:00+00:00,0.0,-0.061808718282368336,0.0,0.0,-0.0,3.9223652088801537,3.9223652088801537,0.0,SOL
2024-08-06 00:00:00+00:00,0.0,0.11265218061334559,0.0,0.0,0.0,3.9223652088801537,3.9223652088801537,0.0,SOL
2024-08-07 00:00:00+00:00,0.0,0.002562326869806064,0.0,0.0,0.0,3.9223652088801537,3.9223652088801537,0.0,SOL
2024-08-08 00:00:00+00:00,0.0,0.1268218553567726,0.0,0.0,0.0,3.9223652088801537,3.9223652088801537,0.0,SOL
2024-08-09 00:00:00+00:00,0.3565369942099692,-0.041991050082756054,0.3565369942099692,0.004195404905303664,-0.05872315249868219,3.9223652088801537,3.859446651476168,-0.06291855740398589,SOL
2024-08-10 00:00:00+00:00,0.36256387390370354,-0.014525211159457485,0.006026879693734333,6.978126195849805e-05,-0.02032506884451255,3.859446651476168,3.839051801369697,-0.02039485010647102,SOL
2024-08-11 00:00:00+00:00,0.3651280419278679,-0.08077397571586264,0.0025641680241643705,2.9531921616548406e-05,-0.11322455431885284,3.839051801369697,3.7257977151292274,-0.1132540862404694,SOL
2024-08-12 00:00:00+00:00,0.0,0.0333403969767605,0.3651280419278679,0.004081179673033377,0.0,3.7257977151292274,3.721716535456194,-0.004081179673033564,SOL
2024-08-13 00:00:00+00:00,0.0,0.0024608654043338785,0.0,0.0,0.0,3.721716535456194,3.721716535456194,0.0,SOL
2024-08-14 00:00:00+00:00,0.0,-0.020047732696897413,0.0,0.0,-0.0,3.721716535456194,3.721716535456194,0.0,SOL
2024-08-15 00:00:00+00:00,0.0,-0.007863057546447672,0.0,0.0,-0.0,3.721716535456194,3.721716535456194,0.0,SOL
2024-08-16 00:00:00+00:00,0.0,-0.02482816664328813,0.0,0.0,-0.0,3.721716535456194,3.721716535456194,0.0,SOL
2024-08-17 00:00:00+00:00,0.0,0.020785385500575515,0.0,0.0,0.0,3.721716535456194,3.721716535456194,0.0,SOL
2024-08-18 00:00:00+00:00,0.0,0.0034524061156906427,0.0,0.0,0.0,3.721716535456194,3.721716535456194,0.0,SOL
2024-08-19 00:00:00+00:00,0.0,0.013130178345738042,0.0,0.0,0.0,3.721716535456194,3.721716535456194,0.0,SOL
2024-08-20 00:00:00+00:00,0.0,-0.013999584170767077,0.0,0.0,-0.0,3.721716535456194,3.721716535456194,0.0,SOL
2024-08-21 00:00:00+00:00,0.0,0.003655022140999442,0.0,0.0,0.0,3.721716535456194,3.721716535456194,0.0,SOL
2024-08-22 00:00:00+00:00,0.0,0.003011415365221648,0.0,0.0,0.0,3.721716535456194,3.721716535456194,0.0,SOL
2024-08-23 00:00:00+00:00,0.0,0.07010194106968304,0.0,0.0,0.0,3.721716535456194,3.721716535456194,0.0,SOL
2024-08-24 00:00:00+00:00,0.391505987724716,0.04834921049197449,0.391505987724716,0.004371222924735556,0.07044839243179458,3.721716535456194,3.787793704963253,0.066077169507059,SOL
2024-08-25 00:00:00+00:00,0.4044106122033773,-0.01089189020974668,0.012904624478661308,0.00014664016609556403,-0.01668445851414391,3.787793704963253,3.770962606283013,-0.016831098680239798,SOL
2024-08-26 00:00:00+00:00,0.4086222002217219,-0.011326453561540273,0.004211588018344592,4.7645222790741105e-05,-0.017452921387111353,3.770962606283013,3.753462039673111,-0.01750056660990218,SOL
2024-08-27 00:00:00+00:00,0.430591116268945,-0.06574592668024448,0.021968916047223064,0.0002473784773080517,-0.10625905384741881,3.753462039673111,3.646955607348384,-0.10650643232472667,SOL
2024-08-28 00:00:00+00:00,0.0,-0.01934736698685202,0.430591116268945,0.004711040057854287,-0.0,3.646955607348384,3.64224456729053,-0.004711040057854277,SOL
2024-08-29 00:00:00+00:00,0.0,-0.027440083362278544,0.0,0.0,-0.0,3.64224456729053,3.64224456729053,0.0,SOL
2024-08-30 00:00:00+00:00,0.0,-0.014357142857142846,0.0,0.0,-0.0,3.64224456729053,3.64224456729053,0.0,SOL
2024-08-31 00:00:00+00:00,0.0,-0.01913182114645995,0.0,0.0,-0.0,3.64224456729053,3.64224456729053,0.0,SOL
2024-09-01 00:00:00+00:00,0.0,-0.050609530845954875,0.0,0.0,-0.0,3.64224456729053,3.64224456729053,0.0,SOL
2024-09-02 00:00:00+00:00,0.0,0.05011673151750973,0.0,0.0,0.0,3.64224456729053,3.64224456729053,0.0,SOL
2024-09-03 00:00:00+00:00,0.0,-0.05483918778716457,0.0,0.0,-0.0,3.64224456729053,3.64224456729053,0.0,SOL
2024-09-04 00:00:00+00:00,0.0,0.04782813235063488,0.0,0.0,0.0,3.64224456729053,3.64224456729053,0.0,SOL
2024-09-05 00:00:00+00:00,0.0,-0.03165219994013757,0.0,0.0,-0.0,3.64224456729053,3.64224456729053,0.0,SOL
2024-09-06 00:00:00+00:00,0.0,-0.03369136851866161,0.0,0.0,-0.0,3.64224456729053,3.64224456729053,0.0,SOL
2024-09-07 00:00:00+00:00,0.0,0.021271491403438647,0.0,0.0,0.0,3.64224456729053,3.64224456729053,0.0,SOL
2024-09-08 00:00:00+00:00,0.0,0.019105786547647163,0.0,0.0,0.0,3.64224456729053,3.64224456729053,0.0,SOL
2024-09-09 00:00:00+00:00,0.0,0.037879369957741105,0.0,0.0,0.0,3.64224456729053,3.64224456729053,0.0,SOL
2024-09-10 00:00:00+00:00,0.0,0.004071661237784907,0.0,0.0,0.0,3.64224456729053,3.64224456729053,0.0,SOL
2024-09-11 00:00:00+00:00,0.0,-0.023667330236673334,0.0,0.0,-0.0,3.64224456729053,3.64224456729053,0.0,SOL
2024-09-12 00:00:00+00:00,0.0,0.027412777526053755,0.0,0.0,0.0,3.64224456729053,3.64224456729053,0.0,SOL
2024-09-13 00:00:00+00:00,0.0,0.021830209481808138,0.0,0.0,0.0,3.64224456729053,3.64224456729053,0.0,SOL
2024-09-14 00:00:00+00:00,0.0,-0.013523234067040923,0.0,0.0,-0.0,3.64224456729053,3.64224456729053,0.0,SOL
2024-09-15 00:00:00+00:00,0.0,-0.042073793204024934,0.0,0.0,-0.0,3.64224456729053,3.64224456729053,0.0,SOL
2024-09-16 00:00:00+00:00,0.0,0.0007612087995736427,0.0,0.0,0.0,3.64224456729053,3.64224456729053,0.0,SOL
2024-09-17 00:00:00+00:00,0.0,0.00053244086103299,0.0,0.0,0.0,3.64224456729053,3.64224456729053,0.0,SOL
2024-09-18 00:00:00+00:00,0.0,0.02128630074502058,0.0,0.0,0.0,3.64224456729053,3.64224456729053,0.0,SOL
2024-09-19 00:00:00+00:00,0.0,0.06364448414470725,0.0,0.0,0.0,3.64224456729053,3.64224456729053,0.0,SOL
2024-09-20 00:00:00+00:00,0.0,0.02638393169570996,0.0,0.0,0.0,3.64224456729053,3.64224456729053,0.0,SOL
2024-09-21 00:00:00+00:00,0.0,0.01875085231146878,0.0,0.0,0.0,3.64224456729053,3.64224456729053,0.0,SOL
2024-09-22 00:00:00+00:00,0.0,-0.03199250384847063,0.0,0.0,-0.0,3.64224456729053,3.64224456729053,0.0,SOL
2024-09-23 00:00:00+00:00,0.0,0.001106271174721618,0.0,0.0,0.0,3.64224456729053,3.64224456729053,0.0,SOL
2024-09-24 00:00:00+00:00,0.0,0.05483804130119485,0.0,0.0,0.0,3.64224456729053,3.64224456729053,0.0,SOL
2024-09-25 00:00:00+00:00,0.0,-0.031100635107706442,0.0,0.0,-0.0,3.64224456729053,3.64224456729053,0.0,SOL
2024-09-26 00:00:00+00:00,0.0,0.05115556156237355,0.0,0.0,0.0,3.64224456729053,3.64224456729053,0.0,SOL
2024-09-27 00:00:00+00:00,0.6623031048946671,0.013436194149790914,0.6623031048946671,0.007236809657106754,0.032411726525989386,3.64224456729053,3.6674194841594123,0.025174916868882402,SOL
2024-09-28 00:00:00+00:00,0.7005871738459686,-0.005645775183963364,0.03828406895130143,0.0004212112212147158,-0.014505955823561319,3.6674194841594123,3.6524923171146364,-0.014927167044775924,SOL
2024-09-29 00:00:00+00:00,0.6975085536957796,0.01090909090909098,0.0030786201501890043,3.373390933763894e-05,0.027792486910861017,3.6524923171146364,3.68025107011616,0.02775875300152375,SOL
2024-09-30 00:00:00+00:00,0.6993392920058068,-0.0376751230594472,0.0018307383100272245,2.021272987374103e-05,-0.09696612862134633,3.68025107011616,3.58326472876494,-0.09698634135121997,SOL
2024-10-01 00:00:00+00:00,0.0,-0.04826546003016596,0.6993392920058068,0.007517753455451558,-0.0,3.58326472876494,3.575746975309489,-0.007517753455451359,SOL
2024-10-02 00:00:00+00:00,0.0,-0.03410735202921511,0.0,0.0,-0.0,3.575746975309489,3.575746975309489,0.0,SOL
2024-10-03 00:00:00+00:00,0.0,-0.02396918247966906,0.0,0.0,-0.0,3.575746975309489,3.575746975309489,0.0,SOL
2024-10-04 00:00:00+00:00,0.0,0.04692296447887756,0.0,0.0,0.0,3.575746975309489,3.575746975309489,0.0,SOL
2024-10-05 00:00:00+00:00,0.0,-0.004537838592571952,0.0,0.0,-0.0,3.575746975309489,3.575746975309489,0.0,SOL
2024-10-06 00:00:00+00:00,0.0,0.027281015498983097,0.0,0.0,0.0,3.575746975309489,3.575746975309489,0.0,SOL
2024-10-07 00:00:00+00:00,0.0,-0.017203713817585897,0.0,0.0,-0.0,3.575746975309489,3.575746975309489,0.0,SOL
2024-10-08 00:00:00+00:00,0.0,-0.0032647957766046565,0.0,0.0,-0.0,3.575746975309489,3.575746975309489,0.0,SOL
2024-10-09 00:00:00+00:00,0.0,-0.028991567356610237,0.0,0.0,-0.0,3.575746975309489,3.575746975309489,0.0,SOL
2024-10-10 00:00:00+00:00,0.0,-0.002153161558889005,0.0,0.0,-0.0,3.575746975309489,3.575746975309489,0.0,SOL
2024-10-11 00:00:00+00:00,0.0,0.04675249946054816,0.0,0.0,0.0,3.575746975309489,3.575746975309489,0.0,SOL
2024-10-12 00:00:00+00:00,0.0,0.005978148835291686,0.0,0.0,0.0,3.575746975309489,3.575746975309489,0.0,SOL
2024-10-13 00:00:00+00:00,0.0,0.009153005464480835,0.0,0.0,0.0,3.575746975309489,3.575746975309489,0.0,SOL
2024-10-14 00:00:00+00:00,0.0,0.06667117909841602,0.0,0.0,0.0,3.575746975309489,3.575746975309489,0.0,SOL
2024-10-15 00:00:00+00:00,0.5970750728349176,-0.01795799225839212,0.5970750728349176,0.006404968157166448,-0.03834012286054771,3.575746975309489,3.5310018842917748,-0.04474509101771407,SOL
2024-10-16 00:00:00+00:00,0.62850709780416,-0.0031015766347892715,0.03143202496924247,0.0003329596181805038,-0.006883204176698433,3.5310018842917748,3.5237857204968956,-0.007216163794879105,SOL
2024-10-17 00:00:00+00:00,0.6456814702426785,-0.024500907441016295,0.017174372438518493,0.00018155642507204075,-0.05574552169730116,3.5237857204968956,3.467858642374522,-0.05592707812237352,SOL
2024-10-18 00:00:00+00:00,0.0,0.029501661129568202,0.6456814702426785,0.006717396200406481,0.0,3.467858642374522,3.461141246174116,-0.006717396200406345,SOL
2024-10-19 00:00:00+00:00,0.6657217314601735,0.031302439654059544,0.6657217314601735,0.0069124708296937655,0.07212573366897866,3.461141246174116,3.5263545090134008,0.06521326283928497,SOL
2024-10-20 00:00:00+00:00,0.6494713358535349,0.04762500782276757,0.016250395606638657,0.00017191396746216536,0.10907394443687601,3.5263545090134008,3.6352565394828145,0.10890203046941371,SOL
2024-10-21 00:00:00+00:00,0.6188837394659722,-0.007347670250896221,0.0305875963875627,0.00033358127938484464,-0.016530797061649727,3.6352565394828145,3.61839216114178,-0.01686437834103449,SOL
2024-10-22 00:00:00+00:00,0.6445186317340104,0.008545465487151738,0.025634892268038167,0.00027827127970315,0.01992906092545086,3.61839216114178,3.6380429507875274,0.019650789645747402,SOL
2024-10-23 00:00:00+00:00,0.7016657801563947,0.019452234620203956,0.05714714842238433,0.0006237113414269917,0.049655529564413915,3.6380429507875274,3.6870747690105143,0.04903181822298697,SOL
2024-10-24 00:00:00+00:00,0.741816901270557,0.03710857477319296,0.0401511211141623,0.0004441205568225395,0.1014969386512586,3.6870747690105143,3.7881275871049502,0.10105281809443589,SOL
2024-10-25 00:00:00+00:00,0.7570777112339393,-0.06936057339578983,0.015260809963382305,0.00017342968567156378,-0.1989196714346629,3.7881275871049502,3.5890344859846155,-0.19909310112033474,SOL
2024-10-26 00:00:00+00:00,0.6444711630658795,0.03626440266828368,0.11260654816805982,0.0012124463541685632,0.08388062336086699,3.5890344859846155,3.671702662991314,0.0826681770066986,SOL
2024-10-27 00:00:00+00:00,0.6341402491745625,0.033649344569288475,0.010330913891317017,0.00011379613213764796,0.07834827387186492,3.671702662991314,3.749937140731041,0.07823447773972703,SOL
2024-10-28 00:00:00+00:00,0.6299970101336972,0.009398176980127904,0.004143239040865221,4.6610657886802045e-05,0.02220271556457425,3.749937140731041,3.7720932456377287,0.022156104906687624,SOL
2024-10-29 00:00:00+00:00,0.64162049275716,0.0063379886701440125,0.0116234826234628,0.00013153458088425462,0.015339531827365199,3.7720932456377287,3.78730124288421,0.015207997246481142,SOL
2024-10-30 00:00:00+00:00,0.6444531669628502,-0.025359491695463032,0.002832674205690111,3.21845716196886e-05,-0.06189588214801417,3.78730124288421,3.725373176164576,-0.0619280667196338,SOL
2024-10-31 00:00:00+00:00,0.6492891256320896,-0.03534053868588094,0.004835958669239471,5.4047252122275795e-05,-0.08548326028379799,3.725373176164576,3.639835868628656,-0.08553730753592026,SOL
2024-11-01 00:00:00+00:00,0.6180419645156827,-0.015353607208488995,0.031247161116406907,0.0003412036134729495,-0.03453903429292396,3.639835868628656,3.6049556307222588,-0.03488023790639705,SOL
2024-11-02 00:00:00+00:00,0.6317668756539631,0.0004214328717639937,0.013724911138280338,0.00014843308706731905,0.0009598098067337624,3.6049556307222588,3.605767007441925,0.0008113767196662458,SOL
2024-11-03 00:00:00+00:00,0.6312484876393355,-0.02190527772762829,0.0005183880146275577,5.607559200592109e-06,-0.049859368668400954,3.605767007441925,3.5559020312143237,-0.04986497622760133,SOL
2024-11-04 00:00:00+00:00,0.6199548011554536,-0.028179413031440448,0.011293686483881848,0.00012047772812379965,-0.06212147479258653,3.5559020312143237,3.4936600786936136,-0.062241952520710075,SOL
2024-11-05 00:00:00+00:00,0.6685413831729244,0.054890788224121634,0.04858658201747079,0.0005092350058638322,0.12820601759714217,3.4936600786936136,3.621356861284892,0.12769678259127826,SOL
2024-11-06 00:00:00+00:00,0.6298320333670339,0.11985355899651906,0.03870934980589058,0.0004205411085463166,0.2733675772005147,3.621356861284892,3.8943038973768602,0.27294703609196835,SOL
2024-11-07 00:00:00+00:00,0.5038802036912179,0.05230719759901392,0.12595182967581597,0.00147148410356483,0.10264045970634328,3.8943038973768602,3.9954728729796387,0.10116897560277849,SOL
2024-11-08 00:00:00+00:00,0.5011983966418985,0.017825311942959,0.002681807049319418,3.214526194836391e-05,0.03569562562858456,3.9954728729796387,4.031136353346275,0.03566348036663625,SOL
2024-11-09 00:00:00+00:00,0.5031810633807008,0.0002001501125843408,0.001982666738802319,2.3977199902069593e-05,0.0004059827824685295,4.031136353346275,4.0315183589288415,0.0003820055825665136,SOL
2024-11-10 00:00:00+00:00,0.5052023527124401,0.050928010405723256,0.0020212893317392844,2.4446595148841802e-05,0.10372673700600667,4.0315183589288415,4.135220649339699,0.10370229041085732,SOL
2024-11-11 00:00:00+00:00,0.5033172934370539,0.057409434950254745,0.0018850592753861806,2.3385408122418792e-05,0.11948786815722166,4.135220649339699,4.254685132088798,0.11946448274909915,SOL
2024-11-12 00:00:00+00:00,0.4917366758066603,-0.04722459820825642,0.011580617630393586,0.000147815644957323,-0.09880258294272622,4.254685132088798,4.155734733501115,-0.09895039858768317,SOL
2024-11-13 00:00:00+00:00,0.4664378663141233,0.016490266490266636,0.02529880949253699,0.00031540542397309106,0.03196460133621042,4.155734733501115,4.187383929413352,0.03164919591223736,SOL
2024-11-14 00:00:00+00:00,0.4666878409356071,-0.025844838004927317,0.000249974621483795,3.1402191382872867e-06,-0.050506012543282096,4.187383929413352,4.136874776650932,-0.050509152762420406,SOL
2024-11-15 00:00:00+00:00,0.46325930055166087,0.04237247697666646,0.0034285403839462436,4.2550326705228955e-05,0.08120455195710224,4.136874776650932,4.218036778281328,0.08116200163039622,SOL
2024-11-16 00:00:00+00:00,0.5046940167489112,-0.012542915999084414,0.041434716197250365,0.0005243194704529533,-0.026701584403413525,4.218036778281328,4.190810874407461,-0.02722590387386692,SOL
2024-11-17 00:00:00+00:00,0.5041192918375872,0.10087617634787449,0.0005747249113240427,7.225690224508986e-06,0.21311793129033663,4.190810874407461,4.403921580007573,0.21311070560011203,SOL
2024-11-18 00:00:00+00:00,0.45863145993002685,0.009769655114330256,0.04548783190756034,0.000600974533696386,0.019732524538183565,4.403921580007573,4.42305313001206,0.019131550004487075,SOL
2024-11-19 00:00:00+00:00,0.4586517162228863,-0.009007881896659575,2.0256292859455183e-05,2.6878397860336257e-07,-0.018273757719229684,4.42305313001206,4.404779103508853,-0.01827402650320753,SOL
2024-11-20 00:00:00+00:00,0.45587653837627207,-0.00904767916508864,0.0027751778466142407,3.667213616186131e-05,-0.018168060503903127,4.404779103508853,4.386574370868788,-0.018204732640064947,SOL
2024-11-21 00:00:00+00:00,0.4621283353970621,0.08871241719041967,0.00625179702079004,8.22719177498143e-05,0.1798342913193208,4.386574370868788,4.566326390270359,0.1797520194015716,SOL
2024-11-22 00:00:00+00:00,0.45138604068334504,0.002067324569957396,0.010742294713717071,0.00014715847152992412,0.004261119766661927,4.566326390270359,4.570440351565491,0.004113961295131752,SOL
2024-11-23 00:00:00+00:00,0.45694127680099966,-0.0078240560529389,0.005555236117654627,7.616962594380819e-05,-0.016339937438973016,4.570440351565491,4.5540242445005745,-0.016416107064916474,SOL
2024-11-24 00:00:00+00:00,0.4545629083253325,-0.008474243791439462,0.0023783684756671364,3.249344310163204e-05,-0.01754245161110598,4.5540242445005745,4.536449299446367,-0.017574945054207092,SOL
2024-11-25 00:00:00+00:00,0.4604438257438992,-0.07339848850551967,0.005880917418566667,8.003545111067609e-05,-0.1533133000120577,4.536449299446367,4.383055963983199,-0.1533933354631687,SOL
2024-11-26 00:00:00+00:00,0.423410944829618,-0.014903066017593392,0.0370328809142812,0.00048695156866445933,-0.027657614636859635,4.383055963983199,4.354911397777675,-0.028144566205523525,SOL
2024-11-27 00:00:00+00:00,0.4247736032186089,0.048853439680957234,0.0013626583889909116,1.780276964848166e-05,0.09037160408819438,4.354911397777675,4.445265199096221,0.09035380131854609,SOL
2024-11-28 00:00:00+00:00,0.47388239804359145,-0.018060836501901156,0.04910879482498254,0.0006549048498151544,-0.03804574687952605,4.445265199096221,4.40656454736688,-0.03870065172934112,SOL
2024-11-29 00:00:00+00:00,0.47917442375666136,0.024159265962372167,0.005292025713069914,6.995895867290346e-05,0.05101260481996835,4.40656454736688,4.457507193228175,0.050942645861295155,SOL
2024-11-30 00:00:00+00:00,0.47819252942896673,-0.023548267784490262,0.0009818943276946324,1.3130403086066302e-05,-0.05019423106625839,4.457507193228175,4.407299831758832,-0.05020736146934368,SOL
2024-12-01 00:00:00+00:00,0.47156144586361987,-0.0033670033670032407,0.0066310835653468625,8.767552044579595e-05,-0.006997685794675438,4.407299831758832,4.400214470443711,-0.007085361315120942,SOL
2024-12-02 00:00:00+00:00,0.48323379552565915,-0.04679054054054055,0.011672349662039283,0.00015408252566095204,-0.09949223954243339,4.400214470443711,4.300568148375616,-0.09964632206809476,SOL
2024-12-03 00:00:00+00:00,0.48428668212440945,0.03632819422293099,0.0010528865987503022,1.3584031711311261e-05,0.0756610163679747,4.300568148375616,4.37621558071188,0.0756474323362637,SOL
2024-12-04 00:00:00+00:00,0.495540718611522,-0.020391586867305023,0.01125403648711254,0.00014775026946240566,-0.044221052817978675,4.37621558071188,4.331846777624438,-0.0443688030874414,SOL
2024-12-05 00:00:00+00:00,0.49219651022639255,0.02919485053458426,0.0033442083851294435,4.345979495048282e-05,0.06224692083252382,4.331846777624438,4.394050238662012,0.06220346103757368,SOL
2024-12-06 00:00:00+00:00,0.49468839376457013,0.004367367706920033,0.002491883538177586,3.284838436694148e-05,0.009493284533264576,4.394050238662012,4.403510674810909,0.009460436148897244,SOL
2024-12-07 00:00:00+00:00,0.5052396731720867,0.00536159074597875,0.0105512794075166,0.00013938801451173562,0.011928618793313079,4.403510674810909,4.41529990558971,0.011789230778800786,SOL
2024-12-08 00:00:00+00:00,0.5075498808197102,-0.004703115814226777,0.0023102076476234634,3.0600778825333515e-05,-0.010539611714827816,4.41529990558971,4.404729693096057,-0.010570212493653308,SOL
2024-12-09 00:00:00+00:00,0.5988630298194433,-0.08602649565437526,0.09131314899973308,0.0012066292163076865,-0.22692325120658727,4.404729693096057,4.176599812673162,-0.22812988042289462,SOL
2024-12-10 00:00:00+00:00,0.5180172789539884,-0.013986982412408255,0.08084575086545487,0.0010129810437602398,-0.030261547970407095,4.176599812673162,4.145325283658995,-0.031274529014167385,SOL
2024-12-11 00:00:00+00:00,0.5174396841715532,0.06409176029962538,0.0005775947824352423,7.182954766014979e-06,0.13747399334355312,4.145325283658995,4.282792094047782,0.13746681038878705,SOL
2024-12-12 00:00:00+00:00,0.4840944690798033,-0.0014518896563860961,0.03334521509174987,0.0004284318707078073,-0.0030101679283408003,4.282792094047782,4.279353494248733,-0.0034385997990487027,SOL
2024-12-13 00:00:00+00:00,0.5518647600880658,-0.009561156150863614,0.06777029100826254,0.0008700390948973854,-0.022579859557081746,4.279353494248733,4.255903595596754,-0.023449898651978884,SOL
2024-12-14 00:00:00+00:00,0.5524319115535359,-0.02162017883357792,0.0005671514654700394,7.241225883425727e-06,-0.05083113670224178,4.255903595596754,4.205065217668628,-0.050838377928125844,SOL
2024-12-15 00:00:00+00:00,0.5500382910607925,0.01973355158459511,0.002393620492743387,3.019599083500218e-05,0.045642656689788785,4.205065217668628,4.250677678367582,0.04561246069895386,SOL
2024-12-16 00:00:00+00:00,0.5432387600748814,-0.03602800196192091,0.006799530985911129,8.670784375554346e-05,-0.08319344362381505,4.250677678367582,4.167397526900012,-0.08328015146757028,SOL
2024-12-17 00:00:00+00:00,0.5895213918074664,0.03219390351080076,0.04628263173258507,0.000578634375062397,0.07909301601508273,4.167397526900012,4.245911908540032,0.07851438164002023,SOL
2024-12-18 00:00:00+00:00,0.5767560931727597,-0.07447904996639032,0.012765298634706768,0.00016260100046751384,-0.18238843593585288,4.245911908540032,4.063360871603711,-0.1825510369363208,SOL
2024-12-19 00:00:00+00:00,0.5481628684743858,-0.061589115382753135,0.028593224698373887,0.0003485537712970359,-0.13718258252571716,4.063360871603711,3.925829735306697,-0.1375311362970142,SOL
2024-12-20 00:00:00+00:00,0.5203071181288753,0.0034569939631596824,0.027855750345510466,0.00032807079901705437,0.00706138431667171,3.925829735306697,3.9325630488243517,0.006733313517654604,SOL
2024-12-21 00:00:00+00:00,0.5290991087786051,-0.06699917729329496,0.008791990649729797,0.00010372517266420981,-0.13940623367267982,3.9325630488243517,3.7930530899790074,-0.13950995884534434,SOL
2024-12-22 00:00:00+00:00,0.5019783442654255,-0.005125378892256727,0.027120764513179574,0.00030861149891792637,-0.009758877785236647,3.7930530899790074,3.7829856006948526,-0.010067489284154796,SOL
2024-12-23 00:00:00+00:00,0.5022193306436813,0.053124307555949546,0.00024098637825575864,2.7349439967154144e-06,0.10093026079497086,3.7829856006948526,3.883913126545827,0.10092752585097431,SOL
2024-12-24 00:00:00+00:00,0.4836241009490495,0.03671558571353417,0.018595229694631787,0.00021666677010634544,0.0689648670666968,3.883913126545827,3.9526613268424176,0.06874820029659068,SOL
2024-12-25 00:00:00+00:00,0.48339155082111335,0.0017758384494392931,0.0002325501279361597,2.757575691736545e-06,0.0033930644935234156,3.9526613268424176,3.956051633760249,0.003390306917831598,SOL
2024-12-26 00:00:00+00:00,0.4839576920227572,-0.04548217179902747,0.0005661412016438327,6.719051477106225e-06,-0.08707842043868128,3.956051633760249,3.868966494270091,-0.08708513949015817,SOL
2024-12-27 00:00:00+00:00,0.4839575532446519,-0.022498142841982482,1.3877810528528656e-07,1.6107835184611823e-09,-0.042125872686865115,3.868966494270091,3.8268406199724425,-0.04212587429764847,SOL
2024-12-28 00:00:00+00:00,0.4847764798634474,0.06123113668439917,0.0008189266187955124,9.401704948750064e-06,0.11359369787843497,3.8268406199724425,3.9404249161459286,0.11358429617348609,SOL
2024-12-29 00:00:00+00:00,0.45466194450968955,-0.02843989769820976,0.030114535353757854,0.00035599219633831465,-0.05095181880002831,3.9404249161459286,3.889117105149562,-0.0513078109963665,SOL
2024-12-30 00:00:00+00:00,0.4527420550407565,0.007581341476255554,0.001919889468933067,2.2400024920872297e-05,0.013348974905183459,3.889117105149562,3.902443680029825,0.013326574880262676,SOL
2024-12-31 00:00:00+00:00,0.4953922373845233,-0.010816177239000857,0.04265018234376683,0.0004993198036186574,-0.02091026979437924,3.902443680029825,3.881034090431827,-0.02140958959799777,SOL
2025-01-01 00:00:00+00:00,0.49571728775260737,0.026253235433944422,0.00032505036808405663,3.784594678924912e-06,0.050508486578267765,3.881034090431827,3.9315387924154157,0.050504701983588696,SOL
2025-01-02 00:00:00+00:00,0.5262331050023497,0.07221535927527278,0.030515817249742283,0.00035992235789886385,0.14940678043218253,3.9315387924154157,4.0805856504897,0.14904685807428386,SOL
2025-01-03 00:00:00+00:00,0.48104620676233867,0.04646920455090964,0.045186898240010986,0.0005531670256449813,0.09121673662252013,4.0805856504897,4.171249220086575,0.0906635695968756,SOL
2025-01-04 00:00:00+00:00,0.4659525082173856,-0.006055323638699095,0.015093698544953071,0.0001888787348515721,-0.011769151466484301,4.171249220086575,4.15929118988524,-0.011958030201335568,SOL
2025-01-05 00:00:00+00:00,0.4685444247826097,-0.015045922370425013,0.002591916565224117,3.2341607203962845e-05,-0.029321684569631995,4.15929118988524,4.129937163708404,-0.029354026176835468,SOL
2025-01-06 00:00:00+00:00,0.4702166659797258,0.022538775127688426,0.0016722411971160644,2.07187531999616e-05,0.04376951883790324,4.129937163708404,4.173685963793107,0.043748800084703277,SOL
2025-01-07 00:00:00+00:00,0.4750763110631407,-0.07354962881495741,0.00485964508341491,6.084789742099499e-05,-0.14583562581797346,4.173685963793107,4.027789490077713,-0.1458964737153945,SOL
2025-01-08 00:00:00+00:00,0.448235952619436,-0.023198298461690636,0.026840358443704693,0.0003243219409484171,-0.04188220941226026,4.027789490077713,3.985582958724504,-0.04220653135320873,SOL
2025-01-09 00:00:00+00:00,0.4798306219460815,-0.06344946323678347,0.03159466932664551,0.0003777695269644424,-0.12134105487278764,3.985582958724504,3.863864134324752,-0.12171882439975201,SOL
2025-01-10 00:00:00+00:00,0.4781303110754659,0.014760746147607584,0.0017003108706156178,1.970931057052254e-05,0.027269453528843808,3.863864134324752,3.8911138785430253,0.027249744218273086,SOL
2025-01-11 00:00:00+00:00,0.47645354380114646,0.0021845694799658144,0.001676767274319424,1.9573477236573214e-05,0.004050049811774756,3.8911138785430253,3.8951443548775635,0.0040304763345382355,SOL
2025-01-12 00:00:00+00:00,0.5126914931512849,0.0022329735764792247,0.036237949350138465,0.00042345613153059274,0.004459264701172763,3.8951443548775635,3.899180163447206,0.004035808569642363,SOL
2025-01-13 00:00:00+00:00,0.5131067200409349,-0.029918837196965642,0.0004152268896500111,4.857133354359616e-06,-0.05985848427704098,3.899180163447206,3.839316822036811,-0.059863341410395066,SOL
2025-01-14 00:00:00+00:00,0.5284514055012952,0.02570131787608676,0.015344685460360274,0.0001767393270504746,0.05214520775753011,3.839316822036811,3.8912852904672905,0.05196846843047975,SOL
2025-01-15 00:00:00+00:00,0.5350392616557981,0.09751026283520825,0.006587856154502858,7.690568324919414e-05,0.20301543197307914,3.8912852904672905,4.09422381675712,0.20293852628982956,SOL
2025-01-16 00:00:00+00:00,0.4673095878926895,0.02564849897988908,0.06772967376310857,0.0008319013302663268,0.04907250478587259,4.09422381675712,4.142464420212726,0.04824060345560621,SOL
2025-01-17 00:00:00+00:00,0.4810112399358112,0.03964194373401542,0.013701652043121682,0.00017027581826029972,0.0789894250151557,4.142464420212726,4.221283569409621,0.07881914919689503,SOL
2025-01-18 00:00:00+00:00,0.48000099345848235,0.19343082319712113,0.0010102464773288355,1.2793610567406488e-05,0.391933461959139,4.221283569409621,4.613204237758193,0.39192066834857187,SOL
2025-01-19 00:00:00+00:00,0.36562468168049345,-0.03645455586517554,0.1143763117779889,0.0015829238585801124,-0.061487947897254036,4.613204237758193,4.55013336600236,-0.06307087175583348,SOL
2025-01-20 00:00:00+00:00,0.3632822514804381,-0.04052769194200134,0.0023424302000553676,3.197510943241053e-05,-0.06699157339725707,4.55013336600236,4.48310981749567,-0.06702354850668968,SOL
2025-01-21 00:00:00+00:00,0.35498817426234935,0.033609975638961176,0.008294077218088725,0.00011154977701044222,0.05348862830307397,4.48310981749567,4.536486896021734,0.0533770785260641,SOL
2025-01-22 00:00:00+00:00,0.3552752754071551,0.02808293053169808,0.0002871011448057348,3.907291743732163e-06,0.04526130495144978,4.536486896021734,4.5817442936814405,0.04525739765970638,SOL
2025-01-23 00:00:00+00:00,0.3551409723725617,-0.016513832763444203,0.000134303034593386,1.8460264871170422e-06,-0.026870732729977333,4.5817442936814405,4.554871714924976,-0.026872578756464982,SOL
2025-01-24 00:00:00+00:00,0.36273121125285873,0.0010272213662043672,0.007590238880297029,0.00010371769315616626,0.0016971691158254156,4.554871714924976,4.556465166347645,0.001593451422669645,SOL
2025-01-25 00:00:00+00:00,0.36677188280758904,0.011998263409243481,0.004040671554730313,5.5233537563341366e-05,0.020051297534617107,4.556465166347645,4.576461230344699,0.01999606399705378,SOL
2025-01-26 00:00:00+00:00,0.3672907604343104,-0.06204906204906213,0.0005188776267213702,7.123870025950858e-06,-0.10429776737638125,4.576461230344699,4.472156339098292,-0.1043048912464073,SOL
2025-01-27 00:00:00+00:00,0.3539794981394977,-0.023326403326403344,0.01331126229481272,0.00017859013815944036,-0.03692690142640884,4.472156339098292,4.435050847533724,-0.037105491564568105,SOL
2025-01-28 00:00:00+00:00,0.35264993183863325,-0.03333475243731099,0.0013295663008644487,1.7690082448503454e-05,-0.052136232143662434,4.435050847533724,4.382896925307612,-0.05215392222611115,SOL
2025-01-29 00:00:00+00:00,0.3674282537919447,0.004844534484277352,0.014778321953311468,0.0001943155855511245,0.007801639127091828,4.382896925307612,4.390504248849153,0.007607323541540367,SOL
2025-01-30 00:00:00+00:00,0.370183096312147,0.04448632538569419,0.0027548425202023052,3.628544336957559e-05,0.07230320012573517,4.390504248849153,4.462771163531518,0.07226691468236535,SOL
2025-01-31 00:00:00+00:00,0.38522241542142577,-0.027443246191934834,0.015039319109278748,0.00020135111892011315,-0.04717931704737556,4.462771163531518,4.415390495365222,-0.04738066816629605,SOL
2025-02-01 00:00:00+00:00,0.3799751046315271,-0.08085602105535661,0.0052473107898986515,6.950677856383765e-05,-0.13565525668905615,4.415390495365222,4.279665731897602,-0.1357247634676204,SOL
2025-02-02 00:00:00+00:00,0.35384462031641095,-0.04468854151997381,0.026130484315116165,0.0003354892148438713,-0.06767349831372158,4.279665731897602,4.211656744369036,-0.06800898752856543,SOL
2025-02-03 00:00:00+00:00,0.3470033068750768,0.06274875927472867,0.006841313441334151,8.643979168661256e-05,0.09170472754296502,4.211656744369036,4.3032750321203155,0.09161828775127923,SOL
2025-02-04 00:00:00+00:00,0.34259829878277875,-0.04457185130386543,0.004405008092298046,5.686788401962238e-05,-0.06571204437819828,4.3032750321203155,4.237506119858097,-0.06576891226221804,SOL
2025-02-05 00:00:00+00:00,0.3368900095064616,-0.05090979481223379,0.005708289276317169,7.256673222694306e-05,-0.07267747279359377,4.237506119858097,4.1647560803322765,-0.07275003952582093,SOL
2025-02-06 00:00:00+00:00,0.3511060473908553,-0.03355088721191113,0.01421603788439374,0.00017761899065178846,-0.04906049092794334,4.1647560803322765,4.1155179704136815,-0.04923810991859501,SOL
2025-02-07 00:00:00+00:00,0.3508884335317717,0.012926031444550068,0.00021761385908364295,2.6867812430094094e-06,0.018666322421838636,4.1155179704136815,4.134181606054278,0.018663635640596254,SOL
2025-02-08 00:00:00+00:00,0.35541989960439907,0.038179071826657474,0.004531466072627388,5.620171105774549e-05,0.05609919847566676,4.134181606054278,4.190224602818887,0.05604299676460922,SOL
2025-02-09 00:00:00+00:00,0.509970223925746,0.00576961669676912,0.1545503243213469,0.001942801714034838,0.012329034948066277,4.190224602818887,4.200610836052918,0.010386233234030762,SOL
2025-02-10 00:00:00+00:00,0.5126196068837092,0.0,0.002649382957963242,3.3387080286222986e-05,0.0,4.200610836052918,4.2005774489726315,-3.338708028621795e-05,SOL
2025-02-11 00:00:00+00:00,0.5202387621325616,-0.012520576644884485,0.007619155248852372,9.601455515565221e-05,-0.027361256361857766,4.2005774489726315,4.173120178055618,-0.027457270917013332,SOL
2025-02-12 00:00:00+00:00,0.5373776461384605,-0.005960800161648905,0.017138884005898913,0.00021456786802311436,-0.013367341725788235,4.173120178055618,4.159538268461807,-0.013581909593811226,SOL
2025-02-13 00:00:00+00:00,0.55294643756382,-0.012856997662364034,0.015568791425359496,0.00019427695118244862,-0.02957111863331903,4.159538268461807,4.1297728728773055,-0.02976539558450142,SOL
2025-02-14 00:00:00+00:00,0.5531115270261758,0.026460746460746476,0.00016508946235582744,2.045345949704986e-06,0.0604422980547779,4.1297728728773055,4.190213125586134,0.0604402527088288,SOL
2025-02-15 00:00:00+00:00,0.5400173584039066,-0.0246251065750539,0.013094168622269198,0.00016460207168901152,-0.05572139130373361,4.190213125586134,4.134327132210712,-0.05588599337542277,SOL
2025-02-16 00:00:00+00:00,0.5442632348983432,-0.031931303990127446,0.004245876494436529,5.266152717289393e-05,-0.07185061512259343,4.134327132210712,4.0624238555609455,-0.07190327664976603,SOL
2025-02-17 00:00:00+00:00,0.5686380767783737,-0.05704573219312692,0.024374841880030584,0.0002970628173868868,-0.13177843023412308,4.0624238555609455,3.9303483625094353,-0.13207549305151023,SOL
2025-02-18 00:00:00+00:00,0.0,-0.04624570495127589,0.5686380767783737,0.006704837201779188,-0.0,3.9303483625094353,3.9236435253076563,-0.006704837201779057,SOL
2025-02-19 00:00:00+00:00,0.0,-0.0023033309709424854,0.0,0.0,-0.0,3.9236435253076563,3.9236435253076563,0.0,SOL
2025-02-20 00:00:00+00:00,0.0,0.04185165453146267,0.0,0.0,0.0,3.9236435253076563,3.9236435253076563,0.0,SOL
2025-02-21 00:00:00+00:00,0.0,-0.04011363636363641,0.0,0.0,-0.0,3.9236435253076563,3.9236435253076563,0.0,SOL
2025-02-22 00:00:00+00:00,0.0,0.018527287794483316,0.0,0.0,0.0,3.9236435253076563,3.9236435253076563,0.0,SOL
2025-02-23 00:00:00+00:00,0.0,-0.02400185970825819,0.0,0.0,-0.0,3.9236435253076563,3.9236435253076563,0.0,SOL
2025-02-24 00:00:00+00:00,0.0,-0.15559128260092892,0.0,0.0,-0.0,3.9236435253076563,3.9236435253076563,0.0,SOL
2025-02-25 00:00:00+00:00,0.0,0.017770255976306437,0.0,0.0,0.0,3.9236435253076563,3.9236435253076563,0.0,SOL
2025-02-26 00:00:00+00:00,0.0,-0.06242638398115441,0.0,0.0,-0.0,3.9236435253076563,3.9236435253076563,0.0,SOL
2025-02-27 00:00:00+00:00,0.0,0.017440141885900262,0.0,0.0,0.0,3.9236435253076563,3.9236435253076563,0.0,SOL
2025-02-28 00:00:00+00:00,0.0,0.07626380011621148,0.0,0.0,0.0,3.9236435253076563,3.9236435253076563,0.0,SOL
2025-03-01 00:00:00+00:00,0.0,-0.03050344176002162,0.0,0.0,-0.0,3.9236435253076563,3.9236435253076563,0.0,SOL
2025-03-02 00:00:00+00:00,0.0,0.2439788389252402,0.0,0.0,0.0,3.9236435253076563,3.9236435253076563,0.0,SOL
2025-03-03 00:00:00+00:00,0.0,-0.20452129147781328,0.0,0.0,-0.0,3.9236435253076563,3.9236435253076563,0.0,SOL
2025-03-04 00:00:00+00:00,0.0,0.01850028137310078,0.0,0.0,0.0,3.9236435253076563,3.9236435253076563,0.0,SOL
2025-03-05 00:00:00+00:00,0.0,0.010290765936874058,0.0,0.0,0.0,3.9236435253076563,3.9236435253076563,0.0,SOL
2025-03-06 00:00:00+00:00,0.0,-0.020303527481542294,0.0,0.0,-0.0,3.9236435253076563,3.9236435253076563,0.0,SOL
2025-03-07 00:00:00+00:00,0.0,-0.02735329007047671,0.0,0.0,-0.0,3.9236435253076563,3.9236435253076563,0.0,SOL
2025-03-08 00:00:00+00:00,0.0,-0.01707439558074464,0.0,0.0,-0.0,3.9236435253076563,3.9236435253076563,0.0,SOL
2025-03-09 00:00:00+00:00,0.0,-0.07663674184366098,0.0,0.0,-0.0,3.9236435253076563,3.9236435253076563,0.0,SOL
2025-03-10 00:00:00+00:00,0.0,-0.06473796537823107,0.0,0.0,-0.0,3.9236435253076563,3.9236435253076563,0.0,SOL
2025-03-11 00:00:00+00:00,0.0,0.05941514536849213,0.0,0.0,0.0,3.9236435253076563,3.9236435253076563,0.0,SOL
2025-03-12 00:00:00+00:00,0.0,0.010131631431990584,0.0,0.0,0.0,3.9236435253076563,3.9236435253076563,0.0,SOL
2025-03-13 00:00:00+00:00,0.0,-0.02566735112936347,0.0,0.0,-0.0,3.9236435253076563,3.9236435253076563,0.0,SOL
2025-03-14 00:00:00+00:00,0.0,0.08243495177109494,0.0,0.0,0.0,3.9236435253076563,3.9236435253076563,0.0,SOL
2025-03-15 00:00:00+00:00,0.0,0.01737307173880498,0.0,0.0,0.0,3.9236435253076563,3.9236435253076563,0.0,SOL
2025-03-16 00:00:00+00:00,0.0,-0.07161784189606957,0.0,0.0,-0.0,3.9236435253076563,3.9236435253076563,0.0,SOL
2025-03-17 00:00:00+00:00,0.0,0.014905256481408058,0.0,0.0,0.0,3.9236435253076563,3.9236435253076563,0.0,SOL
2025-03-18 00:00:00+00:00,0.0,-0.020935864385594805,0.0,0.0,-0.0,3.9236435253076563,3.9236435253076563,0.0,SOL
2025-03-19 00:00:00+00:00,0.0,0.07978935609989635,0.0,0.0,0.0,3.9236435253076563,3.9236435253076563,0.0,SOL
2025-03-20 00:00:00+00:00,0.0,-0.05711963348850968,0.0,0.0,-0.0,3.9236435253076563,3.9236435253076563,0.0,SOL
2025-03-21 00:00:00+00:00,0.0,0.006896551724137945,0.0,0.0,0.0,3.9236435253076563,3.9236435253076563,0.0,SOL
2025-03-22 00:00:00+00:00,0.0,0.00023349937733496695,0.0,0.0,0.0,3.9236435253076563,3.9236435253076563,0.0,SOL
2025-03-23 00:00:00+00:00,0.0,0.03369387596296014,0.0,0.0,0.0,3.9236435253076563,3.9236435253076563,0.0,SOL
2025-03-24 00:00:00+00:00,0.0,0.06150255947003913,0.0,0.0,0.0,3.9236435253076563,3.9236435253076563,0.0,SOL
2025-03-25 00:00:00+00:00,0.0,0.018651159492234504,0.0,0.0,0.0,3.9236435253076563,3.9236435253076563,0.0,SOL
2025-03-26 00:00:00+00:00,0.0,-0.04385964912280693,0.0,0.0,-0.0,3.9236435253076563,3.9236435253076563,0.0,SOL
2025-03-27 00:00:00+00:00,0.0,0.007936507936507908,0.0,0.0,0.0,3.9236435253076563,3.9236435253076563,0.0,SOL
2025-03-28 00:00:00+00:00,0.0,-0.06458137686917576,0.0,0.0,-0.0,3.9236435253076563,3.9236435253076563,0.0,SOL
2025-03-29 00:00:00+00:00,0.0,-0.03791798594486073,0.0,0.0,-0.0,3.9236435253076563,3.9236435253076563,0.0,SOL
2025-03-30 00:00:00+00:00,0.0,0.0019264729491088595,0.0,0.0,0.0,3.9236435253076563,3.9236435253076563,0.0,SOL
2025-03-31 00:00:00+00:00,0.0,-0.002243230251562145,0.0,0.0,-0.0,3.9236435253076563,3.9236435253076563,0.0,SOL
2025-04-01 00:00:00+00:00,0.0,0.017102938814838486,0.0,0.0,0.0,3.9236435253076563,3.9236435253076563,0.0,SOL
2025-04-02 00:00:00+00:00,0.0,-0.07302439409489225,0.0,0.0,-0.0,3.9236435253076563,3.9236435253076563,0.0,SOL
2025-04-03 00:00:00+00:00,0.0,-0.0021291091807187357,0.0,0.0,-0.0,3.9236435253076563,3.9236435253076563,0.0,SOL
2025-04-04 00:00:00+00:00,0.0,0.0479644960314074,0.0,0.0,0.0,3.9236435253076563,3.9236435253076563,0.0,SOL
2025-04-05 00:00:00+00:00,0.0,-0.020115644596465643,0.0,0.0,-0.0,3.9236435253076563,3.9236435253076563,0.0,SOL
2025-04-06 00:00:00+00:00,0.0,-0.11976396276595747,0.0,0.0,-0.0,3.9236435253076563,3.9236435253076563,0.0,SOL
2025-04-07 00:00:00+00:00,0.0,0.010197337361911085,0.0,0.0,0.0,3.9236435253076563,3.9236435253076563,0.0,SOL
2025-04-08 00:00:00+00:00,0.0,-0.014861201981493544,0.0,0.0,-0.0,3.9236435253076563,3.9236435253076563,0.0,SOL
2025-04-09 00:00:00+00:00,0.0,0.1295066413662238,0.0,0.0,0.0,3.9236435253076563,3.9236435253076563,0.0,SOL
2025-04-10 00:00:00+00:00,0.0,-0.052414951700965884,0.0,0.0,-0.0,3.9236435253076563,3.9236435253076563,0.0,SOL
2025-04-11 00:00:00+00:00,0.0,0.07623437638507213,0.0,0.0,0.0,3.9236435253076563,3.9236435253076563,0.0,SOL
2025-04-12 00:00:00+00:00,0.0,0.08920187793427248,0.0,0.0,0.0,3.9236435253076563,3.9236435253076563,0.0,SOL
2025-04-13 00:00:00+00:00,0.0,-0.02918935269207512,0.0,0.0,-0.0,3.9236435253076563,3.9236435253076563,0.0,SOL
2025-04-14 00:00:00+00:00,0.0,0.008100950303785659,0.0,0.0,0.0,3.9236435253076563,3.9236435253076563,0.0,SOL
2025-04-15 00:00:00+00:00,0.0,-0.025575645186215357,0.0,0.0,-0.0,3.9236435253076563,3.9236435253076563,0.0,SOL
2025-04-16 00:00:00+00:00,0.0,0.04139243517564051,0.0,0.0,0.0,3.9236435253076563,3.9236435253076563,0.0,SOL
2025-04-17 00:00:00+00:00,0.0,0.0266504225995583,0.0,0.0,0.0,3.9236435253076563,3.9236435253076563,0.0,SOL
2025-04-18 00:00:00+00:00,0.0,-0.00585923014166001,0.0,0.0,-0.0,3.9236435253076563,3.9236435253076563,0.0,SOL
2025-04-19 00:00:00+00:00,0.0,0.04349447925992256,0.0,0.0,0.0,3.9236435253076563,3.9236435253076563,0.0,SOL
2025-04-20 00:00:00+00:00,0.0,-0.014370486880674882,0.0,0.0,-0.0,3.9236435253076563,3.9236435253076563,0.0,SOL
2025-04-21 00:00:00+00:00,0.0,-0.009429856376033774,0.0,0.0,-0.0,3.9236435253076563,3.9236435253076563,0.0,SOL
2025-04-22 00:00:00+00:00,0.0,0.08955770357352066,0.0,0.0,0.0,3.9236435253076563,3.9236435253076563,0.0,SOL
2025-04-23 00:00:00+00:00,0.0,0.015525236911082763,0.0,0.0,0.0,3.9236435253076563,3.9236435253076563,0.0,SOL
2025-04-24 00:00:00+00:00,0.0,0.009596293845135717,0.0,0.0,0.0,3.9236435253076563,3.9236435253076563,0.0,SOL
2025-04-25 00:00:00+00:00,0.0,-0.011340544083907056,0.0,0.0,-0.0,3.9236435253076563,3.9236435253076563,0.0,SOL
2025-04-26 00:00:00+00:00,0.0,-0.010674976793528579,0.0,0.0,-0.0,3.9236435253076563,3.9236435253076563,0.0,SOL
2025-04-27 00:00:00+00:00,0.0,-0.008243415320689063,0.0,0.0,-0.0,3.9236435253076563,3.9236435253076563,0.0,SOL
2025-04-28 00:00:00+00:00,0.0,-0.000946073793755775,0.0,0.0,-0.0,3.9236435253076563,3.9236435253076563,0.0,SOL
2025-04-29 00:00:00+00:00,0.0,-0.010349025974025983,0.0,0.0,-0.0,3.9236435253076563,3.9236435253076563,0.0,SOL
2025-04-30 00:00:00+00:00,0.0,0.00840680746360456,0.0,0.0,0.0,3.9236435253076563,3.9236435253076563,0.0,SOL
2025-05-01 00:00:00+00:00,0.0,0.02243459400840453,0.0,0.0,0.0,3.9236435253076563,3.9236435253076563,0.0,SOL
2025-05-02 00:00:00+00:00,0.0,-0.01856148491879339,0.0,0.0,-0.0,3.9236435253076563,3.9236435253076563,0.0,SOL
2025-05-03 00:00:00+00:00,0.0,-0.009050996285038915,0.0,0.0,-0.0,3.9236435253076563,3.9236435253076563,0.0,SOL
2025-05-04 00:00:00+00:00,0.0,-0.01881262354304425,0.0,0.0,-0.0,3.9236435253076563,3.9236435253076563,0.0,SOL
2025-05-05 00:00:00+00:00,0.0,0.019242792636332107,0.0,0.0,0.0,3.9236435253076563,3.9236435253076563,0.0,SOL
2025-05-06 00:00:00+00:00,0.0,0.0010905125408942062,0.0,0.0,0.0,3.9236435253076563,3.9236435253076563,0.0,SOL
2025-05-07 00:00:00+00:00,0.0,0.00299564270152497,0.0,0.0,0.0,3.9236435253076563,3.9236435253076563,0.0,SOL
2025-05-08 00:00:00+00:00,0.0,0.11634537062177586,0.0,0.0,0.0,3.9236435253076563,3.9236435253076563,0.0,SOL
2025-05-09 00:00:00+00:00,0.0,0.050589809072114855,0.0,0.0,0.0,3.9236435253076563,3.9236435253076563,0.0,SOL
2025-05-10 00:00:00+00:00,0.0,0.02957518231276768,0.0,0.0,0.0,3.9236435253076563,3.9236435253076563,0.0,SOL
2025-05-11 00:00:00+00:00,0.0,-0.026420821856203203,0.0,0.0,-0.0,3.9236435253076563,3.9236435253076563,0.0,SOL
2025-05-12 00:00:00+00:00,0.0,0.005947225590392069,0.0,0.0,0.0,3.9236435253076563,3.9236435253076563,0.0,SOL
2025-05-13 00:00:00+00:00,0.0,0.054700952818275805,0.0,0.0,0.0,3.9236435253076563,3.9236435253076563,0.0,SOL
2025-05-14 00:00:00+00:00,0.6430308598283934,-0.038693877551020495,0.6430308598283934,0.007569071609216072,-0.09762557667397077,3.9236435253076563,3.8184488770244696,-0.1051946482831867,SOL
2025-05-15 00:00:00+00:00,0.0,-0.04234601449275355,0.6430308598283934,0.007366141393811423,-0.0,3.8184488770244696,3.811082735630658,-0.007366141393811532,SOL
2025-05-16 00:00:00+00:00,0.0,-0.010404350910380611,0.0,0.0,-0.0,3.811082735630658,3.811082735630658,0.0,SOL
2025-05-17 00:00:00+00:00,0.0,-0.008721624850657195,0.0,0.0,-0.0,3.811082735630658,3.811082735630658,0.0,SOL
2025-05-18 00:00:00+00:00,0.0,0.044353380740026704,0.0,0.0,0.0,3.811082735630658,3.811082735630658,0.0,SOL
2025-05-19 00:00:00+00:00,0.0,-0.03716099249855742,0.0,0.0,-0.0,3.811082735630658,3.811082735630658,0.0,SOL
2025-05-20 00:00:00+00:00,0.0,0.010367973151144572,0.0,0.0,0.0,3.811082735630658,3.811082735630658,0.0,SOL
2025-05-21 00:00:00+00:00,0.0,0.029301856575123075,0.0,0.0,0.0,3.811082735630658,3.811082735630658,0.0,SOL
2025-05-22 00:00:00+00:00,0.0,0.03544055782861766,0.0,0.0,0.0,3.811082735630658,3.811082735630658,0.0,SOL
2025-05-23 00:00:00+00:00,0.0,-0.031556099732858556,0.0,0.0,-0.0,3.811082735630658,3.811082735630658,0.0,SOL
2025-05-24 00:00:00+00:00,0.0,0.010689040859720889,0.0,0.0,0.0,3.811082735630658,3.811082735630658,0.0,SOL
2025-05-25 00:00:00+00:00,0.0,-0.0007391823505998874,0.0,0.0,-0.0,3.811082735630658,3.811082735630658,0.0,SOL
2025-05-26 00:00:00+00:00,0.0,-0.004722886081711675,0.0,0.0,-0.0,3.811082735630658,3.811082735630658,0.0,SOL
2025-05-27 00:00:00+00:00,0.0,0.010291006803498925,0.0,0.0,0.0,3.811082735630658,3.811082735630658,0.0,SOL
2025-05-28 00:00:00+00:00,0.0,-0.02546545187029592,0.0,0.0,-0.0,3.811082735630658,3.811082735630658,0.0,SOL
2025-05-29 00:00:00+00:00,0.0,-0.03193775042099767,0.0,0.0,-0.0,3.811082735630658,3.811082735630658,0.0,SOL
2025-05-30 00:00:00+00:00,0.0,-0.06304360866174807,0.0,0.0,-0.0,3.811082735630658,3.811082735630658,0.0,SOL
2025-05-31 00:00:00+00:00,0.0,0.0016005121638924535,0.0,0.0,0.0,3.811082735630658,3.811082735630658,0.0,SOL
2025-06-01 00:00:00+00:00,0.0,0.007861936720997331,0.0,0.0,0.0,3.811082735630658,3.811082735630658,0.0,SOL
2025-06-02 00:00:00+00:00,0.0,-0.005390664637239917,0.0,0.0,-0.0,3.811082735630658,3.811082735630658,0.0,SOL
2025-06-03 00:00:00+00:00,0.0,-0.010457182936938203,0.0,0.0,-0.0,3.811082735630658,3.811082735630658,0.0,SOL
2025-06-04 00:00:00+00:00,0.0,-0.01243636832270123,0.0,0.0,-0.0,3.811082735630658,3.811082735630658,0.0,SOL
2025-06-05 00:00:00+00:00,0.0,-0.05852799164817957,0.0,0.0,-0.0,3.811082735630658,3.811082735630658,0.0,SOL
2025-06-06 00:00:00+00:00,0.0,0.024533924734909007,0.0,0.0,0.0,3.811082735630658,3.811082735630658,0.0,SOL
2025-06-07 00:00:00+00:00,0.0,0.015084894811607796,0.0,0.0,0.0,3.811082735630658,3.811082735630658,0.0,SOL
2025-06-08 00:00:00+00:00,0.0,0.015926962548313828,0.0,0.0,0.0,3.811082735630658,3.811082735630658,0.0,SOL
2025-06-09 00:00:00+00:00,0.0,0.05713348638898008,0.0,0.0,0.0,3.811082735630658,3.811082735630658,0.0,SOL
2025-06-10 00:00:00+00:00,0.0,0.024571854058079046,0.0,0.0,0.0,3.811082735630658,3.811082735630658,0.0,SOL
2025-06-11 00:00:00+00:00,0.0,-0.025133236434108586,0.0,0.0,-0.0,3.811082735630658,3.811082735630658,0.0,SOL
2025-06-12 00:00:00+00:00,0.0,-0.053736721128160525,0.0,0.0,-0.0,3.811082735630658,3.811082735630658,0.0,SOL
2025-06-13 00:00:00+00:00,0.0,-0.02442226890756305,0.0,0.0,-0.0,3.811082735630658,3.811082735630658,0.0,SOL
2025-06-14 00:00:00+00:00,0.0,-0.026648721399730846,0.0,0.0,-0.0,3.811082735630658,3.811082735630658,0.0,SOL
2025-06-15 00:00:00+00:00,0.0,0.0575912610619469,0.0,0.0,0.0,3.811082735630658,3.811082735630658,0.0,SOL
2025-06-16 00:00:00+00:00,0.0,-0.014708766424789133,0.0,0.0,-0.0,3.811082735630658,3.811082735630658,0.0,SOL
2025-06-17 00:00:00+00:00,0.0,-0.020899681528662506,0.0,0.0,-0.0,3.811082735630658,3.811082735630658,0.0,SOL
2025-06-18 00:00:00+00:00,0.0,-0.00833502744460246,0.0,0.0,-0.0,3.811082735630658,3.811082735630658,0.0,SOL
2025-06-19 00:00:00+00:00,0.0,0.00478338116714494,0.0,0.0,0.0,3.811082735630658,3.811082735630658,0.0,SOL
2025-06-20 00:00:00+00:00,0.0,-0.047130032644178366,0.0,0.0,-0.0,3.811082735630658,3.811082735630658,0.0,SOL
2025-06-21 00:00:00+00:00,0.0,-0.03340232674327315,0.0,0.0,-0.0,3.811082735630658,3.811082735630658,0.0,SOL
2025-06-22 00:00:00+00:00,0.0,-0.027468064682862003,0.0,0.0,-0.0,3.811082735630658,3.811082735630658,0.0,SOL
2025-06-23 00:00:00+00:00,0.0,0.09718320552729476,0.0,0.0,0.0,3.811082735630658,3.811082735630658,0.0,SOL
2025-06-24 00:00:00+00:00,0.0,0.00975711023458592,0.0,0.0,0.0,3.811082735630658,3.811082735630658,0.0,SOL
2025-06-25 00:00:00+00:00,0.0,-0.016104714912280715,0.0,0.0,-0.0,3.811082735630658,3.811082735630658,0.0,SOL
2025-06-26 00:00:00+00:00,0.0,-0.03141324789301381,0.0,0.0,-0.0,3.811082735630658,3.811082735630658,0.0,SOL
2025-06-27 00:00:00+00:00,0.0,0.02178915576010354,0.0,0.0,0.0,3.811082735630658,3.811082735630658,0.0,SOL
2025-06-28 00:00:00+00:00,0.0,0.06073615314237446,0.0,0.0,0.0,3.811082735630658,3.811082735630658,0.0,SOL
2025-06-29 00:00:00+00:00,0.0,0.0172505307855626,0.0,0.0,0.0,3.811082735630658,3.811082735630658,0.0,SOL
2025-06-30 00:00:00+00:00,0.0,0.009718236368379873,0.0,0.0,0.0,3.811082735630658,3.811082735630658,0.0,SOL
2025-07-01 00:00:00+00:00,0.0,-0.05122408113170984,0.0,0.0,-0.0,3.811082735630658,3.811082735630658,0.0,SOL
2025-07-02 00:00:00+00:00,0.0,0.036696623093682046,0.0,0.0,0.0,3.811082735630658,3.811082735630658,0.0,SOL
2025-07-03 00:00:00+00:00,0.0,0.0005910553621855108,0.0,0.0,0.0,3.811082735630658,3.811082735630658,0.0,SOL
2025-07-04 00:00:00+00:00,0.0,-0.030585455500131475,0.0,0.0,-0.0,3.811082735630658,3.811082735630658,0.0,SOL
2025-07-05 00:00:00+00:00,0.0,-0.0010155721056193112,0.0,0.0,-0.0,3.811082735630658,3.811082735630658,0.0,SOL
2025-07-06 00:00:00+00:00,0.0,0.02921043713995264,0.0,0.0,0.0,3.811082735630658,3.811082735630658,0.0,SOL
2025-07-07 00:00:00+00:00,0.0,-0.019623337284340958,0.0,0.0,-0.0,3.811082735630658,3.811082735630658,0.0,SOL
2025-07-08 00:00:00+00:00,0.0,0.018739924771628003,0.0,0.0,0.0,3.811082735630658,3.811082735630658,0.0,SOL
2025-07-09 00:00:00+00:00,0.0,0.03547174787367324,0.0,0.0,0.0,3.811082735630658,3.811082735630658,0.0,SOL
2025-07-10 00:00:00+00:00,0.0,0.04641833810888252,0.0,0.0,0.0,3.811082735630658,3.811082735630658,0.0,SOL
2025-07-11 00:00:00+00:00,0.0,-0.00857977364001461,0.0,0.0,-0.0,3.811082735630658,3.811082735630658,0.0,SOL
2025-07-12 00:00:00+00:00,0.0,-0.013748235438531986,0.0,0.0,-0.0,3.811082735630658,3.811082735630658,0.0,SOL
2025-07-13 00:00:00+00:00,0.0,0.0028626548011700947,0.0,0.0,0.0,3.811082735630658,3.811082735630658,0.0,SOL
2025-07-14 00:00:00+00:00,0.0,0.006577722618678283,0.0,0.0,0.0,3.811082735630658,3.811082735630658,0.0,SOL
2025-07-15 00:00:00+00:00,0.0,0.010911781024597556,0.0,0.0,0.0,3.811082735630658,3.811082735630658,0.0,SOL
2025-07-16 00:00:00+00:00,0.7238972235927672,0.058848640078058345,0.7238972235927672,0.008276496633616084,0.16235352383297813,3.811082735630658,3.9651597628300204,0.15407702719936234,SOL
2025-07-17 00:00:00+00:00,0.6819940924648992,0.01290099637159492,0.04190313112786803,0.0004984578284544373,0.034887074791236324,3.9651597628300204,3.9995483797928024,0.03438861696278206,SOL
2025-07-18 00:00:00+00:00,0.7198070906715126,0.00801728549496783,0.037812998206613435,0.0004537047471371067,0.02308098953428459,3.9995483797928024,4.02217566457995,0.022627284787147595,SOL
2025-07-19 00:00:00+00:00,0.7222937198970898,-0.0018050541516244634,0.002486629225577186,3.000497867384953e-05,-0.0052440292831206934,4.02217566457995,4.016901630318155,-0.00527403426179518,SOL
2025-07-20 00:00:00+00:00,0.7855039524289226,0.025259945750452095,0.06321023253183278,0.0007617278583297263,0.07970250745301162,4.016901630318155,4.095842409912836,0.07894077959468149,SOL
2025-07-21 00:00:00+00:00,0.779308419410317,0.07876315934520206,0.006195533018605537,7.612778066885955e-05,0.25140605601257515,4.095842409912836,4.347172338144743,0.2513299282319066,SOL
2025-07-22 00:00:00+00:00,0.6750018479302277,0.05099121193541789,0.10430657148008937,0.0013603159266748857,0.14962603018576687,4.347172338144743,4.495438052403835,0.14826571425909219,SOL
2025-07-23 00:00:00+00:00,0.7432101507786456,-0.07924161400097218,0.06820830284841795,0.0009198786003439888,-0.26475060593929367,4.495438052403835,4.229767567864197,-0.2656704845396378,SOL
2025-07-24 00:00:00+00:00,0.588049687009612,-0.03447729672650479,0.15516046376903359,0.001968878092395078,-0.08575584539847342,4.229767567864197,4.142042844373329,-0.08772472349086868,SOL
2025-07-25 00:00:00+00:00,0.5651651010151192,0.021271941816590978,0.022884585994492834,0.00028436680699480543,0.049796298262789876,4.142042844373329,4.191554775829124,0.04951193145579502,SOL
2025-07-26 00:00:00+00:00,0.5835967359778708,-0.010066395373741654,0.018431634962751575,0.00023177162266338125,-0.024624191740153584,4.191554775829124,4.166698812466307,-0.024855963362816702,SOL
2025-07-27 00:00:00+00:00,0.5798958416138509,0.020337516226741625,0.00370089436401988,4.6261536454874646e-05,0.04914055031869714,4.166698812466307,4.215793101248549,0.04909428878224187,SOL
2025-07-28 00:00:00+00:00,0.5828581820915175,-0.02931509754028827,0.0029623404776666362,3.746584364788901e-05,-0.0720333362593526,4.215793101248549,4.143722299145549,-0.0720708021030001,SOL
2025-07-29 00:00:00+00:00,0.5744665781556935,-0.008901753044618155,0.008391603935824055,0.00010431742906341506,-0.02118999973310435,4.143722299145549,4.122427981983381,-0.021294317162167786,SOL
2025-07-30 00:00:00+00:00,0.5716278515330137,-0.020443024024685785,0.0028387266226798102,3.5107338187609286e-05,-0.048173876753003525,4.122427981983381,4.074218997892189,-0.048208984091191454,SOL
2025-07-31 00:00:00+00:00,0.5714699909196295,-0.031220115880069788,0.00015786061338418644,1.9294761302062995e-06,-0.07268960516511047,4.074218997892189,4.001527463250949,-0.07269153464124045,SOL
2025-08-01 00:00:00+00:00,0.5765028610329933,-0.055220067355707725,0.005032870113363841,6.041750393280098e-05,-0.12738673333782471,4.001527463250949,3.8740803124091916,-0.1274471508417574,SOL
2025-08-02 00:00:00+00:00,0.5410611455910782,-0.025997172884272723,0.0354417154419151,0.00041191215609459635,-0.054493046672748936,3.8740803124091916,3.8191753535803477,-0.05490495882884394,SOL
2025-08-03 00:00:00+00:00,0.0,0.02202170620898536,0.5410611455910782,0.006199222176064182,0.0,3.8191753535803477,3.8129761314042834,-0.0061992221760642785,SOL
2025-08-04 00:00:00+00:00,0.0,0.04679878989936426,0.0,0.0,0.0,3.8129761314042834,3.8129761314042834,0.0,SOL
2025-08-05 00:00:00+00:00,0.5142463560498541,-0.03220289000294907,0.5142463560498541,0.005882427243839168,-0.06314371916123453,3.8129761314042834,3.7439499849992095,-0.06902614640507387,SOL
2025-08-06 00:00:00+00:00,0.5055726957157292,0.024376866353830184,0.008673660334124977,9.742125143350634e-05,0.0461414805665406,3.7439499849992095,3.7899940443143167,0.046044059315107244,SOL
2025-08-07 00:00:00+00:00,0.5292685266701715,0.04325063953834252,0.023695830954442387,0.0002694211745772464,0.08675752025533899,3.7899940443143167,3.8764821433950782,0.0864880990807615,SOL
2025-08-08 00:00:00+00:00,0.514371571243174,0.00809762773722622,0.014896955426997538,0.0001732433451111251,0.016146282730450455,3.8764821433950782,3.892455182780418,0.01597303938533967,SOL
2025-08-09 00:00:00+00:00,0.5143605060575724,0.017931892748048295,1.106518560156644e-05,1.2921221712973366e-07,0.035901894670549016,3.892455182780418,3.92835694823875,0.035901765458332235,SOL
2025-08-10 00:00:00+00:00,0.5118309108345297,0.01505973881633782,0.0025295952230427465,2.981145891201457e-05,0.030279931844287324,3.92835694823875,3.9586070686241253,0.030250120385375112,SOL
2025-08-11 00:00:00+00:00,0.5151111415421619,-0.042811781451877806,0.00328023070763217,3.895543339785188e-05,-0.08729847136319008,3.9586070686241253,3.8712696418275376,-0.08733742679658762,SOL
2025-08-12 00:00:00+00:00,0.5577898515057235,0.09688858384808974,0.0426787099635616,0.0004956623827028954,0.20921684009375408,3.8712696418275376,4.0799908195385886,0.20872117771105092,SOL
2025-08-13 00:00:00+00:00,0.4987261748761387,0.050735217436645996,0.05906367662958478,0.0007229377752507054,0.10323592987560558,4.0799908195385886,4.182503811638943,0.1025129921003547,SOL
2025-08-14 00:00:00+00:00,0.5359785866988236,-0.044861297206094,0.037252411822684905,0.0004674250633233698,-0.10056702712369184,4.182503811638943,4.081469359451928,-0.10103445218701523,SOL
2025-08-15 00:00:00+00:00,0.527210907170942,-0.03507040058190891,0.0087676795278816,0.00010735504603962809,-0.07546431835721222,4.081469359451928,4.005897686048677,-0.07557167340325144,SOL
2025-08-16 00:00:00+00:00,0.5186794941584943,0.020891664871850013,0.008531413012447642,0.00010252790293586874,0.04340822045847276,4.005897686048677,4.049203378604214,0.04330569255553751,SOL
2025-08-17 00:00:00+00:00,0.5161139081006849,0.007331223628691985,0.0025655860578094325,3.116573920014546e-05,0.015321159023164702,4.049203378604214,4.064493371888179,0.01528999328396452,SOL
2025-08-18 00:00:00+00:00,0.5189645866234381,-0.0421488036022829,0.002850678522753225,3.47596918833434e-05,-0.08890565677121332,4.064493371888179,3.9755529554250817,-0.08894041646309692,SOL
2025-08-19 00:00:00+00:00,0.5106397920643064,-0.03673335519842569,0.00832479455913171,9.928698483858813e-05,-0.07457148568838207,3.9755529554250817,3.900882182751861,-0.07467077267322075,SOL
2025-08-20 00:00:00+00:00,0.5003135586205913,0.06650777437294297,0.010326233443715083,0.00012084426016657367,0.12980084536542683,3.900882182751861,4.030562183857121,0.12968000110526035,SOL
2025-08-21 00:00:00+00:00,0.47422460656767257,-0.04070448015324046,0.02608895205291878,0.0003154594306828681,-0.07780220819958136,4.030562183857121,3.952444516226857,-0.07811766763026418,SOL
2025-08-22 00:00:00+00:00,0.46918432431880785,0.11315103444450614,0.005040282248864714,5.9764307804282726e-05,0.2098301081533691,3.952444516226857,4.162214860072422,0.2097703438455647,SOL
2025-08-23 00:00:00+00:00,0.4333023652038173,0.017190692112212913,0.035881959114990536,0.0004480452703107741,0.03100337099296288,4.162214860072422,4.192770185795074,0.03055532572265207,SOL
2025-08-24 00:00:00+00:00,0.44038647413701165,0.009013422161261886,0.007084108933194333,8.910612218406524e-05,0.016642736716664552,4.192770185795074,4.2093238163895546,0.016553630594480673,SOL
2025-08-25 00:00:00+00:00,0.4408833051998959,-0.09117390037867756,0.0004968310628842287,6.273968477162162e-06,-0.1692024022157542,4.2093238163895546,4.040115140205323,-0.16920867618423152,SOL
2025-08-26 00:00:00+00:00,0.39805830267460596,0.04626068376068382,0.042825002525289924,0.000519053823245265,0.07439649524718032,4.040115140205323,4.113992581629258,0.07387744142393515,SOL
2025-08-27 00:00:00+00:00,0.39825937431760977,0.036199326049218605,0.00020107164300381397,2.481621743081092e-06,0.05931028301125421,4.113992581629258,4.17330038301877,0.05930780138951164,SOL
2025-08-28 00:00:00+00:00,0.39635935294636115,0.05656565656565671,0.001900021371248617,2.3788079749127105e-05,0.09356675940403131,4.17330038301877,4.2668433543430515,0.09354297132428169,SOL
2025-08-29 00:00:00+00:00,0.3925257859310474,-0.043603973324628065,0.0038335670153137325,4.907168982816038e-05,-0.07302994209933969,4.2668433543430515,4.193764340553884,-0.07307901378916792,SOL
2025-08-30 00:00:00+00:00,0.38235453331255476,-0.01160522722839874,0.010171252618492665,0.00012796750959059955,-0.018609037650027645,4.193764340553884,4.175027335394265,-0.018737005159618292,SOL
2025-08-31 00:00:00+00:00,0.38167325477721864,-0.010261470152935326,0.0006812785353361162,8.533069524136959e-06,-0.0163516144327492,4.175027335394265,4.158667187891992,-0.016360147502273215,SOL
2025-09-01 00:00:00+00:00,0.38119117712400946,-0.01644900807496763,0.0004820776532091786,6.0144015552509574e-06,-0.02607574466177101,4.158667187891992,4.132585428828666,-0.026081759063326437,SOL
2025-09-02 00:00:00+00:00,0.38800699063794253,0.06248733022501529,0.006815813513933067,8.450079483987989e-05,0.10019668660723857,4.132585428828666,4.232697614641065,0.10011218581239945,SOL
2025-09-03 00:00:00+00:00,0.40580724197809603,0.005342237061769728,0.017800251340153506,0.00022602924416243752,0.009176143413020595,4.232697614641065,4.241647728809923,0.008950114168857937,SOL
2025-09-04 00:00:00+00:00,0.41504783902791453,-0.040091094558049156,0.0092405970498185,0.00011758607246763093,-0.07057983971046115,4.241647728809923,4.170950303026994,-0.07069742578292892,SOL
2025-09-05 00:00:00+00:00,0.41709612225907716,0.0051403716884144135,0.0020482832311626287,2.5629862691108628e-05,0.008942638816869339,4.170950303026994,4.179867311981172,0.00891700895417813,SOL
2025-09-06 00:00:00+00:00,0.42417312432527754,-0.015735641227380137,0.007077002066200377,8.874278881000252e-05,-0.027899093264959356,4.179867311981172,4.151879475927403,-0.027987836053768866,SOL
2025-09-07 00:00:00+00:00,0.42381001965031206,0.030925259792166315,0.0003631046749654754,4.522700542807344e-06,0.05441633831386919,4.151879475927403,4.20629129154073,0.0544118156133262,SOL
2025-09-08 00:00:00+00:00,0.4203826647255474,0.03760600920765689,0.0034273549247646473,4.3249359519170306e-05,0.06649689880289851,4.20629129154073,4.272744940984109,0.06645364944337917,SOL
2025-09-09 00:00:00+00:00,0.42696686161070835,0.014478539068703,0.006584196885160931,8.439778179454409e-05,0.02641349560289827,4.272744940984109,4.299074038805212,0.02632909782110371,SOL
2025-09-10 00:00:00+00:00,0.43755400019868324,0.031582339671285764,0.010587138587974887,0.00013654467794638715,0.05940881411449997,4.299074038805212,4.3583463082417655,0.05927226943655306,SOL
2025-09-11 00:00:00+00:00,0.4516572567549645,0.020797072343464063,0.014103256556281252,0.0001844006284387646,0.040938594711785035,4.3583463082417655,4.399100502325112,0.04075419408334646,SOL
2025-09-12 00:00:00+00:00,0.4669566454803047,0.05880295544965697,0.015299388725340202,0.0002019106458807337,0.12079239681815866,4.399100502325112,4.5196909884973895,0.12059048617227752,SOL
2025-09-13 00:00:00+00:00,0.520946417675223,0.0008258320257659157,0.053989772194918295,0.0007320512605811974,0.00194443540297017,4.5196909884973895,4.520903372639779,0.0012123841423896664,SOL
2025-09-14 00:00:00+00:00,0.5210532630331797,-0.010809472728772973,0.00010684535795668637,1.4491126174118638e-06,-0.025463133962908426,4.520903372639779,4.495438789564253,-0.025464583075526015,SOL
2025-09-15 00:00:00+00:00,0.5180441267902469,-0.022731064397730982,0.003009136242932753,4.058216336869062e-05,-0.0529369134109923,4.495438789564253,4.442461293989893,-0.05297749557436049,SOL
2025-09-16 00:00:00+00:00,0.6340823149407542,0.011309803252101958,0.11603818815050726,0.0015464854784500355,0.03185842804199019,4.442461293989893,4.472773236553433,0.030311942563540306,SOL
2025-09-17 00:00:00+00:00,0.6549412516788388,0.033254557731262624,0.020858936738084588,0.0002798918819551977,0.09741602452712878,4.472773236553433,4.569909369198607,0.09713613264517384,SOL
2025-09-18 00:00:00+00:00,0.6574676368272058,0.01086423786962909,0.0025263851483670052,3.463605347917977e-05,0.03264233616182318,4.569909369198607,4.60251706930695,0.03260770010834335,SOL
2025-09-19 00:00:00+00:00,0.7007093970371373,-0.03624242424242419,0.043241760209931535,0.0005970628184192639,-0.11688279529523309,4.60251706930695,4.485037211193299,-0.11747985811365158,SOL
2025-09-20 00:00:00+00:00,0.7170107079635276,0.003982727539512787,0.01630131092639031,0.00021933595828827734,0.012807733705355305,4.485037211193299,4.497625608940366,0.012588397747067326,SOL
2025-09-21 00:00:00+00:00,0.7253868257295322,-0.013863370636378769,0.008376117766004554,0.00011301792530364736,-0.045229501285200396,4.497625608940366,4.452283089729862,-0.045342519210503696,SOL
2025-09-22 00:00:00+00:00,0.7219342629864648,-0.06681910569105687,0.0034525627430673778,4.61153601515707e-05,-0.21477369207080602,4.452283089729862,4.237463282298904,-0.21481980743095797,SOL
2025-09-23 00:00:00+00:00,0.62405632259328,-0.032126327252926745,0.09787794039318476,0.0012442625356894838,-0.08495536587609837,4.237463282298904,4.151263653887116,-0.08619962841178808,SOL
2025-09-24 00:00:00+00:00,0.6575624658940468,-0.007969995311767564,0.03350614330076673,0.0004172785045992187,-0.021755817066126774,4.151263653887116,4.12909055831639,-0.022173095570725998,SOL
2025-09-25 00:00:00+00:00,0.6566917938659893,-0.08913043478260863,0.000870672028057462,1.078525095132675e-05,-0.24168072894959175,4.12909055831639,3.887399044115847,-0.24169151420054336,SOL
2025-09-26 00:00:00+00:00,0.5603237554553469,0.06449102417764863,0.09636803841064245,0.001123863061202552,0.14047447986775852,3.887399044115847,4.026749660922403,0.13935061680655592,SOL
2025-09-27 00:00:00+00:00,0.5210329827170446,-0.008334551835063486,0.03929077273830228,0.0004746423174040137,-0.01748646805522114,4.026749660922403,4.008788550549777,-0.017961110372625377,SOL
2025-09-28 00:00:00+00:00,0.5227253913475169,0.03622333628231589,0.001692408630472375,2.035352502206786e-05,0.07590584048981512,4.008788550549777,4.084674037514571,0.07588548696479336,SOL
2025-09-29 00:00:00+00:00,0.519810479995568,0.009106863349618077,0.00291491135194899,3.571938816288762e-05,0.019336205636609836,4.084674037514571,4.103974523763018,0.019300486248447157,SOL
2025-09-30 00:00:00+00:00,0.5312427484300101,-0.019130434782608674,0.011432268434442117,0.0001407532152113117,-0.04170830219199418,4.103974523763018,4.062125468355813,-0.04184905540720507,SOL
2025-10-01 00:00:00+00:00,0.5303830313457987,0.06402146827678745,0.0008597170842113977,1.0476835990067154e-05,0.13793312788018378,4.062125468355813,4.200048119400007,0.1379226510441942,SOL
2025-10-02 00:00:00+00:00,0.5047921222070739,0.05719690145919665,0.02559090913872475,0.000322449149405512,0.12126607946883353,4.200048119400007,4.320991749719435,0.12094363031942823,SOL
2025-10-03 00:00:00+00:00,0.4848059063498296,-0.008094061514867579,0.019986215857244305,0.0002590808214817932,-0.016955782614596914,4.320991749719435,4.303776886283357,-0.017214863436078254,SOL
2025-10-04 00:00:00+00:00,0.5096737763100324,-0.02138807764988826,0.024867869960202793,0.000321077291837463,-0.04691522352593524,4.303776886283357,4.256540585465585,-0.0472363008177723,SOL
2025-10-05 00:00:00+00:00,0.5067314269637334,0.003072061792328551,0.0029423493462990002,3.7572688227419484e-05,0.006626200383399365,4.256540585465585,4.263129213160757,0.0065886276951721,SOL
2025-10-06 00:00:00+00:00,0.5070242061473711,0.01658207910395526,0.0002927791836376814,3.7444664723134723e-06,0.035842324912384774,4.263129213160757,4.2989677936066695,0.035838580445912704,SOL
2025-10-07 00:00:00+00:00,0.5082719370521904,-0.053281687109963394,0.001247730904819333,1.6091864924718065e-05,-0.11642286737565849,4.2989677936066695,4.182528834366086,-0.11643895924058345,SOL
2025-10-08 00:00:00+00:00,0.48810872977472836,0.041141973905532536,0.02016320727746207,0.0002529995874938556,0.08399252612232061,4.182528834366086,4.266268360900912,0.08373952653482597,SOL
2025-10-09 00:00:00+00:00,0.4837593283955633,-0.035324425814339366,0.004349401379165063,5.56671404783721e-05,-0.07290421437747599,4.266268360900912,4.193308479382957,-0.07295988151795463,SOL
2025-10-10 00:00:00+00:00,0.4783676969574452,-0.1471054180057032,0.005391631438118105,6.782632148150514e-05,-0.2950851305717782,4.193308479382957,3.8981555224896978,-0.2951529568932596,SOL
2025-10-11 00:00:00+00:00,0.37501959917217587,-0.05736878416388047,0.10334809778526932,0.0012086008743613587,-0.083866549063357,3.8981555224896978,3.8130803725519793,-0.08507514993771848,SOL
2025-10-12 00:00:00+00:00,0.36900484441307146,0.1091093345343992,0.0060147547591044015,6.88042299529638e-05,0.15352175775140503,3.8130803725519793,3.9665333260734315,0.15345295352145216,SOL
2025-10-13 00:00:00+00:00,0.3334062862945393,0.059340101522842525,0.035598558118532186,0.0004236086014119595,0.07847533468703556,3.9665333260734315,4.044585052159055,0.07805172608562394,SOL
2025-10-14 00:00:00+00:00,0.3334888608325554,-0.029948727778044026,8.257453801613357e-05,1.0019392264469804e-06,-0.040395564640882016,4.044585052159055,4.004188485578947,-0.040396566580108484,SOL
2025-10-15 00:00:00+00:00,0.3337912985656612,-0.04248172297964825,0.00030243773310578703,3.6330530655203733e-06,-0.05677951076371443,4.004188485578947,3.947405341762167,-0.05678314381678007,SOL
2025-10-16 00:00:00+00:00,0.33016815824019197,-0.046378456458935235,0.003623140325469232,4.2906010424133486e-05,-0.060445392530637784,3.947405341762167,3.886917043221105,-0.06048829854106197,SOL
2025-10-17 00:00:00+00:00,0.3450078021853412,-0.01563429807952388,0.01483964394514925,0.0001730413948972005,-0.020965854916829483,3.886917043221105,3.865778146909378,-0.021138896311726718,SOL
2025-10-18 00:00:00+00:00,0.35649243417823656,0.030775994724115074,0.011484631992895344,0.00013319111815029337,0.04241303421012645,3.865778146909378,3.9080579900013546,0.04227984309197641,SOL
2025-10-19 00:00:00+00:00,0.3530879153219024,0.0015994881637877434,0.0034045188563341378,3.99151713558207e-05,0.0022071146011625343,3.9080579900013546,3.9102251894311615,0.002167199429806921,SOL
2025-10-20 00:00:00+00:00,0.35752236623800393,0.00984775896944523,0.004434450916101507,5.201910502030861e-05,0.013767097733207676,3.9102251894311615,3.923940268059349,0.013715078628187438,SOL
2025-10-21 00:00:00+00:00,0.3574598788017476,-0.0215065099362185,6.248743625630881e-05,7.355909021217657e-07,-0.030166132241815653,3.923940268059349,3.8937734002266313,-0.030166867832717603,SOL
2025-10-22 00:00:00+00:00,0.35725217532475034,-0.029682702149437024,0.00020770347699727854,2.4262508215997618e-06,-0.041290390487334454,3.8937734002266313,3.852480583488475,-0.0412928167381561,SOL
2025-10-23 00:00:00+00:00,0.3704137613202851,0.06234732400621801,0.013161585995534741,0.00015211426348713428,0.08897036851069069,3.852480583488475,3.941298837735679,0.08881825424720358,SOL
2025-10-24 00:00:00+00:00,0.3683350382683669,0.011706297360857043,0.0020787230519181965,2.4578606245498654e-05,0.016994247956220232,3.941298837735679,3.958268507085654,0.016969669349975014,SOL
2025-10-25 00:00:00+00:00,0.366982296753157,0.001291389018027722,0.0013527415152098654,1.6063542413647616e-05,0.0018758903712690557,3.958268507085654,3.9601283339145095,0.0018598268288556596,SOL
2025-10-26 00:00:00+00:00,0.3672542686485083,0.03193355344614113,0.0002719718953512751,3.231130826427049e-06,0.046443330978182984,3.9601283339145095,4.006568433761866,0.04644009984735664,SOL
2025-10-27 00:00:00+00:00,0.36306339740453386,-0.006649002649602664,0.004190871243974437,5.03730373082049e-05,-0.009671894226710193,4.006568433761866,3.996846166497848,-0.009722267264018036,SOL
2025-10-28 00:00:00+00:00,0.36470449237723024,-0.022898842476094527,0.0016410949726963775,1.967761245144122e-05,-0.033378904241541225,3.996846166497848,3.9634475846438555,-0.03339858185399258,SOL
2025-10-29 00:00:00+00:00,0.3710455539348897,-0.0013906773113572246,0.006341061557659455,7.539739534435012e-05,-0.0020451573176654605,3.9634475846438555,3.9613270299308456,-0.00212055471300987,SOL
2025-10-30 00:00:00+00:00,0.3782838004037042,-0.04740045388900349,0.007238246468814491,8.601918415864903e-05,-0.07102985713836915,3.9613270299308456,3.890211153608318,-0.0711158763225277,SOL
2025-10-31 00:00:00+00:00,0.3754160405193014,0.013644485353836222,0.0028677598844027985,3.3468574464522805e-05,0.019927056817048008,3.890211153608318,3.910104741850901,0.01989358824258325,SOL
2025-11-01 00:00:00+00:00,0.49121980770189777,-0.004593771700229787,0.11580376718259638,0.0013584145775546038,-0.00882335331164059,3.910104741850901,3.899922973961706,-0.010181767889195115,SOL
2025-11-02 00:00:00+00:00,0.5200747201025165,0.007298094982559844,0.02885491240061877,0.000337595807348477,0.014802370994269844,3.899922973961706,3.9143877491486276,0.014464775186921575,SOL
2025-11-03 00:00:00+00:00,0.6505214077529441,-0.11533748867934579,0.13044668765042755,0.0015318567481675536,-0.2936945771631852,3.9143877491486276,3.619161315237275,-0.2952264339113526,SOL
2025-11-04 00:00:00+00:00,0.0,-0.06642177526195348,0.6505214077529441,0.007063025741019447,-0.0,3.619161315237275,3.6120982894962554,-0.00706302574101958,SOL
2025-11-05 00:00:00+00:00,0.0,0.047345675030639356,0.0,0.0,0.0,3.6120982894962554,3.6120982894962554,0.0,SOL
2025-11-06 00:00:00+00:00,0.0,-0.04366570179220297,0.0,0.0,-0.0,3.6120982894962554,3.6120982894962554,0.0,SOL
2025-11-07 00:00:00+00:00,0.0,0.04192426584234932,0.0,0.0,0.0,3.6120982894962554,3.6120982894962554,0.0,SOL
2025-11-08 00:00:00+00:00,0.0,-0.023301810989554195,0.0,0.0,-0.0,3.6120982894962554,3.6120982894962554,0.0,SOL
2025-11-09 00:00:00+00:00,0.0,0.04119731679534233,0.0,0.0,0.0,3.6120982894962554,3.6120982894962554,0.0,SOL
2025-11-10 00:00:00+00:00,0.0,0.016896614599161364,0.0,0.0,0.0,3.6120982894962554,3.6120982894962554,0.0,SOL
2025-11-11 00:00:00+00:00,0.0,-0.07578746040284501,0.0,0.0,-0.0,3.6120982894962554,3.6120982894962554,0.0,SOL
2025-11-12 00:00:00+00:00,0.0,-0.007825130957770265,0.0,0.0,-0.0,3.6120982894962554,3.6120982894962554,0.0,SOL
2025-11-13 00:00:00+00:00,0.0,-0.056641898057619544,0.0,0.0,-0.0,3.6120982894962554,3.6120982894962554,0.0,SOL
2025-11-14 00:00:00+00:00,0.0,-0.04014371588475096,0.0,0.0,-0.0,3.6120982894962554,3.6120982894962554,0.0,SOL
2025-11-15 00:00:00+00:00,0.0,0.004966887417218624,0.0,0.0,0.0,3.6120982894962554,3.6120982894962554,0.0,SOL
2025-11-16 00:00:00+00:00,0.0,-0.017477258076069258,0.0,0.0,-0.0,3.6120982894962554,3.6120982894962554,0.0,SOL
2025-11-17 00:00:00+00:00,0.0,-0.04505358314500241,0.0,0.0,-0.0,3.6120982894962554,3.6120982894962554,0.0,SOL
2025-11-18 00:00:00+00:00,0.0,0.07405145430948923,0.0,0.0,0.0,3.6120982894962554,3.6120982894962554,0.0,SOL
2025-11-19 00:00:00+00:00,0.0,-0.025801407349491767,0.0,0.0,-0.0,3.6120982894962554,3.6120982894962554,0.0,SOL
2025-11-20 00:00:00+00:00,0.0,-0.02473369327301922,0.0,0.0,-0.0,3.6120982894962554,3.6120982894962554,0.0,SOL
2025-11-21 00:00:00+00:00,0.0,-0.03733073988179836,0.0,0.0,-0.0,3.6120982894962554,3.6120982894962554,0.0,SOL
2025-11-22 00:00:00+00:00,0.0,-0.008470624805719695,0.0,0.0,-0.0,3.6120982894962554,3.6120982894962554,0.0,SOL
2025-11-23 00:00:00+00:00,0.0,0.023434438435614213,0.0,0.0,0.0,3.6120982894962554,3.6120982894962554,0.0,SOL
2025-11-24 00:00:00+00:00,0.0,0.060192985143207034,0.0,0.0,0.0,3.6120982894962554,3.6120982894962554,0.0,SOL
2025-11-25 00:00:00+00:00,0.0,0.0037561398439758253,0.0,0.0,0.0,3.6120982894962554,3.6120982894962554,0.0,SOL
2025-11-26 00:00:00+00:00,0.0,0.029217040875072042,0.0,0.0,0.0,3.6120982894962554,3.6120982894962554,0.0,SOL
2025-11-27 00:00:00+00:00,0.0,-0.015172703118445097,0.0,0.0,-0.0,3.6120982894962554,3.6120982894962554,0.0,SOL
2025-11-28 00:00:00+00:00,0.0,-0.024991125310613982,0.0,0.0,-0.0,3.6120982894962554,3.6120982894962554,0.0,SOL
2025-11-29 00:00:00+00:00,0.0,-0.010340056797495167,0.0,0.0,-0.0,3.6120982894962554,3.6120982894962554,0.0,SOL
2025-11-30 00:00:00+00:00,0.0,-0.01787947906702969,0.0,0.0,-0.0,3.6120982894962554,3.6120982894962554,0.0,SOL
2025-12-01 00:00:00+00:00,0.0,-0.05109379682349413,0.0,0.0,-0.0,3.6120982894962554,3.6120982894962554,0.0,SOL
2025-12-02 00:00:00+00:00,0.0,0.09489973156481923,0.0,0.0,0.0,3.6120982894962554,3.6120982894962554,0.0,SOL
2025-12-03 00:00:00+00:00,0.0,0.04319296221517144,0.0,0.0,0.0,3.6120982894962554,3.6120982894962554,0.0,SOL
2025-12-04 00:00:00+00:00,0.0,-0.03912352249948159,0.0,0.0,-0.0,3.6120982894962554,3.6120982894962554,0.0,SOL
2025-12-05 00:00:00+00:00,0.0,-0.04114811884037117,0.0,0.0,-0.0,3.6120982894962554,3.6120982894962554,0.0,SOL
2025-12-06 00:00:00+00:00,0.0,-0.008252682121689503,0.0,0.0,-0.0,3.6120982894962554,3.6120982894962554,0.0,SOL
2025-12-07 00:00:00+00:00,0.0,0.0003782434374763888,0.0,0.0,0.0,3.6120982894962554,3.6120982894962554,0.0,SOL
2025-12-08 00:00:00+00:00,0.0,0.00763762855414396,0.0,0.0,0.0,3.6120982894962554,3.6120982894962554,0.0,SOL
2025-12-09 00:00:00+00:00,0.0,0.034746716697936275,0.0,0.0,0.0,3.6120982894962554,3.6120982894962554,0.0,SOL
2025-12-10 00:00:00+00:00,0.0,-0.011749347258485643,0.0,0.0,-0.0,3.6120982894962554,3.6120982894962554,0.0,SOL
2025-12-11 00:00:00+00:00,0.0,0.0011008366358433719,0.0,0.0,0.0,3.6120982894962554,3.6120982894962554,0.0,SOL
2025-12-12 00:00:00+00:00,0.0,-0.030349681108423066,0.0,0.0,-0.0,3.6120982894962554,3.6120982894962554,0.0,SOL
2025-12-13 00:00:00+00:00,0.0,0.006577455205261762,0.0,0.0,0.0,3.6120982894962554,3.6120982894962554,0.0,SOL
2025-12-14 00:00:00+00:00,0.0,-0.028090731560762916,0.0,0.0,-0.0,3.6120982894962554,3.6120982894962554,0.0,SOL
2025-12-15 00:00:00+00:00,0.0,-0.012287480680061802,0.0,0.0,-0.0,3.6120982894962554,3.6120982894962554,0.0,SOL
2025-12-16 00:00:00+00:00,0.0,0.010484312651592331,0.0,0.0,0.0,3.6120982894962554,3.6120982894962554,0.0,SOL
2025-12-17 00:00:00+00:00,0.0,-0.04552845528455296,0.0,0.0,-0.0,3.6120982894962554,3.6120982894962554,0.0,SOL
2025-12-18 00:00:00+00:00,0.0,-0.029772045104242695,0.0,0.0,-0.0,3.6120982894962554,3.6120982894962554,0.0,SOL
2025-12-19 00:00:00+00:00,0.0,0.05576923076923079,0.0,0.0,0.0,3.6120982894962554,3.6120982894962554,0.0,SOL
2025-12-20 00:00:00+00:00,0.0,-0.0036429872495445936,0.0,0.0,-0.0,3.6120982894962554,3.6120982894962554,0.0,SOL
2025-12-21 00:00:00+00:00,0.0,0.001748668627295169,0.0,0.0,0.0,3.6120982894962554,3.6120982894962554,0.0,SOL
2025-12-22 00:00:00+00:00,0.0,-0.0007934618741568533,0.0,0.0,-0.0,3.6120982894962554,3.6120982894962554,0.0,SOL
2025-12-23 00:00:00+00:00,0.0,-0.01524656555229098,0.0,0.0,-0.0,3.6120982894962554,3.6120982894962554,0.0,SOL
2025-12-24 00:00:00+00:00,0.0,-0.011934521409563748,0.0,0.0,-0.0,3.6120982894962554,3.6120982894962554,0.0,SOL
2025-12-25 00:00:00+00:00,0.0,-0.020158328572594475,0.0,0.0,-0.0,3.6120982894962554,3.6120982894962554,0.0,SOL
2025-12-26 00:00:00+00:00,0.0,0.018324171247709575,0.0,0.0,0.0,3.6120982894962554,3.6120982894962554,0.0,SOL
2025-12-27 00:00:00+00:00,0.0,0.020202846392933127,0.0,0.0,0.0,3.6120982894962554,3.6120982894962554,0.0,SOL
2025-12-28 00:00:00+00:00,0.0,0.004329351399021908,0.0,0.0,0.0,3.6120982894962554,3.6120982894962554,0.0,SOL
2025-12-29 00:00:00+00:00,0.0,-0.0158856869162608,0.0,0.0,-0.0,3.6120982894962554,3.6120982894962554,0.0,SOL
2025-12-30 00:00:00+00:00,0.0,0.014033095392602224,0.0,0.0,0.0,3.6120982894962554,3.6120982894962554,0.0,SOL
2025-12-31 00:00:00+00:00,0.0,-0.0028797696184305055,0.0,0.0,-0.0,3.6120982894962554,3.6120982894962554,0.0,SOL
2026-01-01 00:00:00+00:00,0.0,0.018050541516245522,0.0,0.0,0.0,3.6120982894962554,3.6120982894962554,0.0,SOL
2026-01-02 00:00:00+00:00,0.0,0.042474389282899816,0.0,0.0,0.0,3.6120982894962554,3.6120982894962554,0.0,SOL
2026-01-03 00:00:00+00:00,0.0,0.008163882379620624,0.0,0.0,0.0,3.6120982894962554,3.6120982894962554,0.0,SOL
2026-01-04 00:00:00+00:00,0.0,0.005623453550273716,0.0,0.0,0.0,3.6120982894962554,3.6120982894962554,0.0,SOL
2026-01-05 00:00:00+00:00,0.0,0.028183716075156573,0.0,0.0,0.0,3.6120982894962554,3.6120982894962554,0.0,SOL
2026-01-06 00:00:00+00:00,0.0,0.0230601885424222,0.0,0.0,0.0,3.6120982894962554,3.6120982894962554,0.0,SOL
2026-01-07 00:00:00+00:00,0.0,-0.03324354975900212,0.0,0.0,-0.0,3.6120982894962554,3.6120982894962554,0.0,SOL
2026-01-08 00:00:00+00:00,0.0,0.014517193342620471,0.0,0.0,0.0,3.6120982894962554,3.6120982894962554,0.0,SOL
2026-01-09 00:00:00+00:00,0.0,-0.017344800173448083,0.0,0.0,-0.0,3.6120982894962554,3.6120982894962554,0.0,SOL
2026-01-10 00:00:00+00:00,0.0,-0.0009560932558652091,0.0,0.0,-0.0,3.6120982894962554,3.6120982894962554,0.0,SOL
2026-01-11 00:00:00+00:00,0.0,0.028415783274440498,0.0,0.0,0.0,3.6120982894962554,3.6120982894962554,0.0,SOL
2026-01-12 00:00:00+00:00,0.0,-0.0034359341445955316,0.0,0.0,-0.0,3.6120982894962554,3.6120982894962554,0.0,SOL
2026-01-13 00:00:00+00:00,0.0,0.04518029018819125,0.0,0.0,0.0,3.6120982894962554,3.6120982894962554,0.0,SOL
2026-01-14 00:00:00+00:00,0.0,0.008109408288090147,0.0,0.0,0.0,3.6120982894962554,3.6120982894962554,0.0,SOL
2026-01-15 00:00:00+00:00,0.0,-0.029245347331106397,0.0,0.0,-0.0,3.6120982894962554,3.6120982894962554,0.0,SOL
2026-01-16 00:00:00+00:00,0.0,0.01748595505617967,0.0,0.0,0.0,3.6120982894962554,3.6120982894962554,0.0,SOL
2026-01-17 00:00:00+00:00,0.0,-0.008075091448685123,0.0,0.0,-0.0,3.6120982894962554,3.6120982894962554,0.0,SOL
2026-01-18 00:00:00+00:00,0.0,-0.04070414695240743,0.0,0.0,-0.0,3.6120982894962554,3.6120982894962554,0.0,SOL
2026-01-19 00:00:00+00:00,0.0,-0.03213171828534134,0.0,0.0,-0.0,3.6120982894962554,3.6120982894962554,0.0,SOL
2026-01-20 00:00:00+00:00,0.0,-0.05725419664268583,0.0,0.0,-0.0,3.6120982894962554,3.6120982894962554,0.0,SOL
2026-01-21 00:00:00+00:00,0.0,0.029729729729729648,0.0,0.0,0.0,3.6120982894962554,3.6120982894962554,0.0,SOL
2026-01-22 00:00:00+00:00,0.0,-0.008259996912150624,0.0,0.0,-0.0,3.6120982894962554,3.6120982894962554,0.0,SOL
2026-01-23 00:00:00+00:00,0.0,-0.008095275161516202,0.0,0.0,-0.0,3.6120982894962554,3.6120982894962554,0.0,SOL
2026-01-24 00:00:00+00:00,0.0,-0.0017264380444166338,0.0,0.0,-0.0,3.6120982894962554,3.6120982894962554,0.0,SOL
2026-01-25 00:00:00+00:00,0.0,-0.06571810392264754,0.0,0.0,-0.0,3.6120982894962554,3.6120982894962554,0.0,SOL
2026-01-26 00:00:00+00:00,0.0,0.04535128312999581,0.0,0.0,0.0,3.6120982894962554,3.6120982894962554,0.0,SOL
2026-01-27 00:00:00+00:00,0.0,0.023744365743721962,0.0,0.0,0.0,3.6120982894962554,3.6120982894962554,0.0,SOL
2026-01-28 00:00:00+00:00,0.0,-0.01446654611211573,0.0,0.0,-0.0,3.6120982894962554,3.6120982894962554,0.0,SOL
2026-01-29 00:00:00+00:00,0.0,-0.06007179896290393,0.0,0.0,-0.0,3.6120982894962554,3.6120982894962554,0.0,SOL
2026-01-30 00:00:00+00:00,0.0,-0.0019521303683583957,0.0,0.0,-0.0,3.6120982894962554,3.6120982894962554,0.0,SOL
2026-01-31 00:00:00+00:00,0.0,-0.10213453524959615,0.0,0.0,-0.0,3.6120982894962554,3.6120982894962554,0.0,SOL
2026-02-01 00:00:00+00:00,0.0,-0.04536844099261217,0.0,0.0,-0.0,3.6120982894962554,3.6120982894962554,0.0,SOL
2026-02-02 00:00:00+00:00,0.0,0.0373052882230378,0.0,0.0,0.0,3.6120982894962554,3.6120982894962554,0.0,SOL
2026-02-03 00:00:00+00:00,0.0,-0.06370157819225253,0.0,0.0,-0.0,3.6120982894962554,3.6120982894962554,0.0,SOL
2026-02-04 00:00:00+00:00,0.0,-0.05894371233016649,0.0,0.0,-0.0,3.6120982894962554,3.6120982894962554,0.0,SOL
2026-02-05 00:00:00+00:00,0.0,-0.1494789405123753,0.0,0.0,-0.0,3.6120982894962554,3.6120982894962554,0.0,SOL
2026-02-06 00:00:00+00:00,0.0,0.11627313337587752,0.0,0.0,0.0,3.6120982894962554,3.6120982894962554,0.0,SOL
2026-02-07 00:00:00+00:00,0.0,0.001486393780013806,0.0,0.0,0.0,3.6120982894962554,3.6120982894962554,0.0,SOL
2026-02-08 00:00:00+00:00,0.0,-0.006850097043041514,0.0,0.0,-0.0,3.6120982894962554,3.6120982894962554,0.0,SOL
2026-02-09 00:00:00+00:00,0.0,-0.002529026324864958,0.0,0.0,-0.0,3.6120982894962554,3.6120982894962554,0.0,SOL
2026-02-10 00:00:00+00:00,0.0,-0.043563443586493,0.0,0.0,-0.0,3.6120982894962554,3.6120982894962554,0.0,SOL
2026-02-11 00:00:00+00:00,0.0,-0.04446318833594409,0.0,0.0,-0.0,3.6120982894962554,3.6120982894962554,0.0,SOL
2026-02-12 00:00:00+00:00,0.0,-0.01134930643127352,0.0,0.0,-0.0,3.6120982894962554,3.6120982894962554,0.0,SOL
2026-02-13 00:00:00+00:00,0.0,0.07563775510204063,0.0,0.0,0.0,3.6120982894962554,3.6120982894962554,0.0,SOL
2026-02-14 00:00:00+00:00,0.0,0.04423099727261959,0.0,0.0,0.0,3.6120982894962554,3.6120982894962554,0.0,SOL
2026-02-15 00:00:00+00:00,0.0,-0.021576198046786343,0.0,0.0,-0.0,3.6120982894962554,3.6120982894962554,0.0,SOL
2026-02-16 00:00:00+00:00,0.0,0.0033658310120705526,0.0,0.0,0.0,3.6120982894962554,3.6120982894962554,0.0,SOL
2026-02-17 00:00:00+00:00,0.0,-0.015847310584152785,0.0,0.0,-0.0,3.6120982894962554,3.6120982894962554,0.0,SOL
2026-02-18 00:00:00+00:00,0.0,-0.04078514339445227,0.0,0.0,-0.0,3.6120982894962554,3.6120982894962554,0.0,SOL
2026-02-19 00:00:00+00:00,0.0,0.010905526283543798,0.0,0.0,0.0,3.6120982894962554,3.6120982894962554,0.0,SOL
2026-02-20 00:00:00+00:00,0.0,0.026303030303030273,0.0,0.0,0.0,3.6120982894962554,3.6120982894962554,0.0,SOL
2026-02-21 00:00:00+00:00,0.0,0.005905279319711854,0.0,0.0,0.0,3.6120982894962554,3.6120982894962554,0.0,SOL
2026-02-22 00:00:00+00:00,0.0,-0.027944111776447067,0.0,0.0,-0.0,3.6120982894962554,3.6120982894962554,0.0,SOL
2026-02-23 00:00:00+00:00,0.0,-0.05906510448121749,0.0,0.0,-0.0,3.6120982894962554,3.6120982894962554,0.0,SOL
2026-02-24 00:00:00+00:00,0.0,0.013992297817714938,0.0,0.0,0.0,3.6120982894962554,3.6120982894962554,0.0,SOL
2026-02-25 00:00:00+00:00,0.0,0.11482466134953806,0.0,0.0,0.0,3.6120982894962554,3.6120982894962554,0.0,SOL
2026-02-26 00:00:00+00:00,0.0,-0.02441517147399508,0.0,0.0,-0.0,3.6120982894962554,3.6120982894962554,0.0,SOL
2026-02-27 00:00:00+00:00,0.0,-0.04725875916656974,0.0,0.0,-0.0,3.6120982894962554,3.6120982894962554,0.0,SOL
2026-02-28 00:00:00+00:00,0.0,0.03054367745876596,0.0,0.0,0.0,3.6120982894962554,3.6120982894962554,0.0,SOL
2026-03-01 00:00:00+00:00,0.0,-0.00889152341434496,0.0,0.0,-0.0,3.6120982894962554,3.6120982894962554,0.0,SOL
2026-03-02 00:00:00+00:00,0.0,0.036363636363636376,0.0,0.0,0.0,3.6120982894962554,3.6120982894962554,0.0,SOL
2026-03-03 00:00:00+00:00,0.0,0.0038088642659279692,0.0,0.0,0.0,3.6120982894962554,3.6120982894962554,0.0,SOL
2026-03-04 00:00:00+00:00,0.0,0.044613084971829364,0.0,0.0,0.0,3.6120982894962554,3.6120982894962554,0.0,SOL
2026-03-05 00:00:00+00:00,0.0,-0.022894881673087508,0.0,0.0,-0.0,3.6120982894962554,3.6120982894962554,0.0,SOL
2026-03-06 00:00:00+00:00,0.0,-0.045848822800495626,0.0,0.0,-0.0,3.6120982894962554,3.6120982894962554,0.0,SOL
2026-03-07 00:00:00+00:00,0.0,-0.017473435655253833,0.0,0.0,-0.0,3.6120982894962554,3.6120982894962554,0.0,SOL
2026-03-08 00:00:00+00:00,0.0,-0.019586637827445297,0.0,0.0,-0.0,3.6120982894962554,3.6120982894962554,0.0,SOL
2026-03-09 00:00:00+00:00,0.0,0.041304081382522284,0.0,0.0,0.0,3.6120982894962554,3.6120982894962554,0.0,SOL
2026-03-10 00:00:00+00:00,0.0,0.010828625235404843,0.0,0.0,0.0,3.6120982894962554,3.6120982894962554,0.0,SOL
2026-03-11 00:00:00+00:00,0.0,0.008150908244061617,0.0,0.0,0.0,3.6120982894962554,3.6120982894962554,0.0,SOL
2026-03-12 00:00:00+00:00,0.0,0.0030030030030030463,0.0,0.0,0.0,3.6120982894962554,3.6120982894962554,0.0,SOL
2026-03-13 00:00:00+00:00,0.0,0.01543067710732382,0.0,0.0,0.0,3.6120982894962554,3.6120982894962554,0.0,SOL
2026-03-14 00:00:00+00:00,0.0,-0.0017010660013608847,0.0,0.0,-0.0,3.6120982894962554,3.6120982894962554,0.0,SOL
2026-03-15 00:00:00+00:00,0.0,0.04850619107122567,0.0,0.0,0.0,3.6120982894962554,3.6120982894962554,0.0,SOL
2026-03-16 00:00:00+00:00,0.0,0.04225352112676073,0.0,0.0,0.0,3.6120982894962554,3.6120982894962554,0.0,SOL
2026-03-17 00:00:00+00:00,0.0,-0.016424116424116453,0.0,0.0,-0.0,3.6120982894962554,3.6120982894962554,0.0,SOL
2026-03-18 00:00:00+00:00,0.0,-0.047981399281335935,0.0,0.0,-0.0,3.6120982894962554,3.6120982894962554,0.0,SOL
2026-03-19 00:00:00+00:00,0.0,-0.013210479573712242,0.0,0.0,-0.0,3.6120982894962554,3.6120982894962554,0.0,SOL
2026-03-20 00:00:00+00:00,0.0,0.010687366407919896,0.0,0.0,0.0,3.6120982894962554,3.6120982894962554,0.0,SOL
2026-03-21 00:00:00+00:00,0.0,-0.025378450578806833,0.0,0.0,-0.0,3.6120982894962554,3.6120982894962554,0.0,SOL
2026-03-22 00:00:00+00:00,0.0,-0.015532206486980393,0.0,0.0,-0.0,3.6120982894962554,3.6120982894962554,0.0,SOL
2026-03-23 00:00:00+00:00,0.0,0.06067285382830634,0.0,0.0,0.0,3.6120982894962554,3.6120982894962554,0.0,SOL
2026-03-24 00:00:00+00:00,0.0,-0.0068905173356667015,0.0,0.0,-0.0,3.6120982894962554,3.6120982894962554,0.0,SOL
2026-03-25 00:00:00+00:00,0.0,0.009911894273127775,0.0,0.0,0.0,3.6120982894962554,3.6120982894962554,0.0,SOL
2026-03-26 00:00:00+00:00,0.0,-0.05637949836423117,0.0,0.0,-0.0,3.6120982894962554,3.6120982894962554,0.0,SOL
2026-03-27 00:00:00+00:00,0.0,-0.039523864555645494,0.0,0.0,-0.0,3.6120982894962554,3.6120982894962554,0.0,SOL
2026-03-28 00:00:00+00:00,0.0,-0.012272891348814818,0.0,0.0,-0.0,3.6120982894962554,3.6120982894962554,0.0,SOL
2026-03-29 00:00:00+00:00,0.0,-0.007918138628334792,0.0,0.0,-0.0,3.6120982894962554,3.6120982894962554,0.0,SOL
2026-03-30 00:00:00+00:00,0.0,0.013506876227898035,0.0,0.0,0.0,3.6120982894962554,3.6120982894962554,0.0,SOL
2026-03-31 00:00:00+00:00,0.0,0.007996123091834173,0.0,0.0,0.0,3.6120982894962554,3.6120982894962554,0.0,SOL
2026-04-01 00:00:00+00:00,0.0,-0.024278846153846123,0.0,0.0,-0.0,3.6120982894962554,3.6120982894962554,0.0,SOL
2026-04-02 00:00:00+00:00,0.0,-0.02759300320275937,0.0,0.0,-0.0,3.6120982894962554,3.6120982894962554,0.0,SOL
2026-04-03 00:00:00+00:00,0.0,0.018495059538890413,0.0,0.0,0.0,3.6120982894962554,3.6120982894962554,0.0,SOL
2026-04-04 00:00:00+00:00,0.0,0.00534825870646749,0.0,0.0,0.0,3.6120982894962554,3.6120982894962554,0.0,SOL
2026-04-05 00:00:00+00:00,0.0,0.013113942843003823,0.0,0.0,0.0,3.6120982894962554,3.6120982894962554,0.0,SOL
2026-04-06 00:00:00+00:00,0.0,-0.02271339601904998,0.0,0.0,-0.0,3.6120982894962554,3.6120982894962554,0.0,SOL
2026-04-07 00:00:00+00:00,0.0,0.0690990878420592,0.0,0.0,0.0,3.6120982894962554,3.6120982894962554,0.0,SOL
2026-04-08 00:00:00+00:00,0.0,-0.034946236559139865,0.0,0.0,-0.0,3.6120982894962554,3.6120982894962554,0.0,SOL
2026-04-09 00:00:00+00:00,0.0,0.009204311493278494,0.0,0.0,0.0,3.6120982894962554,3.6120982894962554,0.0,SOL
2026-04-10 00:00:00+00:00,0.0,0.018000720028801043,0.0,0.0,0.0,3.6120982894962554,3.6120982894962554,0.0,SOL
2026-04-11 00:00:00+00:00,0.0,0.0011788282447249276,0.0,0.0,0.0,3.6120982894962554,3.6120982894962554,0.0,SOL
2026-04-12 00:00:00+00:00,0.0,-0.04003296832685743,0.0,0.0,-0.0,3.6120982894962554,3.6120982894962554,0.0,SOL
2026-04-13 00:00:00+00:00,0.0,0.06108181037654847,0.0,0.0,0.0,3.6120982894962554,3.6120982894962554,0.0,SOL
2026-04-14 00:00:00+00:00,0.0,-0.03225060686625836,0.0,0.0,-0.0,3.6120982894962554,3.6120982894962554,0.0,SOL
2026-04-15 00:00:00+00:00,0.0,0.014094601051122924,0.0,0.0,0.0,3.6120982894962554,3.6120982894962554,0.0,SOL
2026-04-16 00:00:00+00:00,0.0,0.04888103651354525,0.0,0.0,0.0,3.6120982894962554,3.6120982894962554,0.0,SOL
2026-04-17 00:00:00+00:00,0.0,-0.0032565974171813172,0.0,0.0,-0.0,3.6120982894962554,3.6120982894962554,0.0,SOL
2026-04-18 00:00:00+00:00,0.0,-0.029292474087426856,0.0,0.0,-0.0,3.6120982894962554,3.6120982894962554,0.0,SOL
2026-04-19 00:00:00+00:00,0.0,-0.031220984215413194,0.0,0.0,-0.0,3.6120982894962554,3.6120982894962554,0.0,SOL
2026-04-20 00:00:00+00:00,0.0,0.021684437522463185,0.0,0.0,0.0,3.6120982894962554,3.6120982894962554,0.0,SOL
2026-04-21 00:00:00+00:00,0.0,0.00879455909943716,0.0,0.0,0.0,3.6120982894962554,3.6120982894962554,0.0,SOL
2026-04-22 00:00:00+00:00,0.0,0.009764035801464566,0.0,0.0,0.0,3.6120982894962554,3.6120982894962554,0.0,SOL
2026-04-23 00:00:00+00:00,0.0,-0.00863359042247036,0.0,0.0,-0.0,3.6120982894962554,3.6120982894962554,0.0,SOL
2026-04-24 00:00:00+00:00,0.0,0.0006967022758941344,0.0,0.0,0.0,3.6120982894962554,3.6120982894962554,0.0,SOL
2026-04-25 00:00:00+00:00,0.0,0.0,0.0,0.0,0.0,3.6120982894962554,3.6120982894962554,0.0,SOL
2026-04-26 00:00:00+00:00,0.0,0.008702715247157045,0.0,0.0,0.0,3.6120982894962554,3.6120982894962554,0.0,SOL
2026-04-27 00:00:00+00:00,0.0,-0.02427240308294043,0.0,0.0,-0.0,3.6120982894962554,3.6120982894962554,0.0,SOL
2026-04-28 00:00:00+00:00,0.0,-0.008960150907804665,0.0,0.0,-0.0,3.6120982894962554,3.6120982894962554,0.0,SOL
2026-04-29 00:00:00+00:00,0.0,-0.012134189864382527,0.0,0.0,-0.0,3.6120982894962554,3.6120982894962554,0.0,SOL
2026-04-30 00:00:00+00:00,0.0,0.0006021194605010383,0.0,0.0,0.0,3.6120982894962554,3.6120982894962554,0.0,SOL
2026-05-01 00:00:00+00:00,0.0,0.008063545553014917,0.0,0.0,0.0,3.6120982894962554,3.6120982894962554,0.0,SOL
2026-05-02 00:00:00+00:00,0.0,0.005969436485195878,0.0,0.0,0.0,3.6120982894962554,3.6120982894962554,0.0,SOL
2026-05-03 00:00:00+00:00,0.0,-0.004153809636838424,0.0,0.0,-0.0,3.6120982894962554,3.6120982894962554,0.0,SOL
2026-05-04 00:00:00+00:00,0.0,0.002264330830651806,0.0,0.0,0.0,3.6120982894962554,3.6120982894962554,0.0,SOL
2026-05-05 00:00:00+00:00,0.0,0.026040428061831378,0.0,0.0,0.0,3.6120982894962554,3.6120982894962554,0.0,SOL
2026-05-06 00:00:00+00:00,0.0,0.033259937420326624,0.0,0.0,0.0,3.6120982894962554,3.6120982894962554,0.0,SOL
2026-05-07 00:00:00+00:00,0.0,-0.008299685957828595,0.0,0.0,-0.0,3.6120982894962554,3.6120982894962554,0.0,SOL
2026-05-08 00:00:00+00:00,0.0,0.04060167382945035,0.0,0.0,0.0,3.6120982894962554,3.6120982894962554,0.0,SOL
2026-05-09 00:00:00+00:00,0.0,0.012172589935876443,0.0,0.0,0.0,3.6120982894962554,3.6120982894962554,0.0,SOL
2026-05-10 00:00:00+00:00,0.0,0.035863846236443786,0.0,0.0,0.0,3.6120982894962554,3.6120982894962554,0.0,SOL
2026-05-11 00:00:00+00:00,0.0,0.00932932517881202,0.0,0.0,0.0,3.6120982894962554,3.6120982894962554,0.0,SOL
2026-05-12 00:00:00+00:00,0.0,-0.031734620519667245,0.0,0.0,-0.0,3.6120982894962554,3.6120982894962554,0.0,SOL
2026-05-13 00:00:00+00:00,0.0,-0.03298684768773863,0.0,0.0,-0.0,3.6120982894962554,3.6120982894962554,0.0,SOL
2026-05-14 00:00:00+00:00,0.0,0.010749149939673242,0.0,0.0,0.0,3.6120982894962554,3.6120982894962554,0.0,SOL
2026-05-15 00:00:00+00:00,0.0,-0.03157894736842115,0.0,0.0,-0.0,3.6120982894962554,3.6120982894962554,0.0,SOL
2026-05-16 00:00:00+00:00,0.0,-0.030255490811295305,0.0,0.0,-0.0,3.6120982894962554,3.6120982894962554,0.0,SOL
2026-05-17 00:00:00+00:00,0.0,-0.01502195516524163,0.0,0.0,-0.0,3.6120982894962554,3.6120982894962554,0.0,SOL
2026-05-18 00:00:00+00:00,0.0,0.0016424213984045366,0.0,0.0,0.0,3.6120982894962554,3.6120982894962554,0.0,SOL
2026-05-19 00:00:00+00:00,0.0,-0.0127664558444599,0.0,0.0,-0.0,3.6120982894962554,3.6120982894962554,0.0,SOL
2026-05-20 00:00:00+00:00,0.0,0.022303950646577198,0.0,0.0,0.0,3.6120982894962554,3.6120982894962554,0.0,SOL
2026-05-21 00:00:00+00:00,0.0,0.01380991064175463,0.0,0.0,0.0,3.6120982894962554,3.6120982894962554,0.0,SOL
2026-05-22 00:00:00+00:00,0.0,-0.03388278388278376,0.0,0.0,-0.0,3.6120982894962554,3.6120982894962554,0.0,SOL
2026-05-23 00:00:00+00:00,0.0,0.015995260663506983,0.0,0.0,0.0,3.6120982894962554,3.6120982894962554,0.0,SOL
2026-05-24 00:00:00+00:00,0.0,-0.005597667638484016,0.0,0.0,-0.0,3.6120982894962554,3.6120982894962554,0.0,SOL
2026-05-25 00:00:00+00:00,0.0,-0.0024627653336459776,0.0,0.0,-0.0,3.6120982894962554,3.6120982894962554,0.0,SOL
2026-05-26 00:00:00+00:00,0.0,-0.015753585704208817,0.0,0.0,-0.0,3.6120982894962554,3.6120982894962554,0.0,SOL
2026-05-27 00:00:00+00:00,0.0,-0.015289058767319674,0.0,0.0,-0.0,3.6120982894962554,3.6120982894962554,0.0,SOL
2026-05-28 00:00:00+00:00,0.0,-0.004002911208151327,0.0,0.0,-0.0,3.6120982894962554,3.6120982894962554,0.0,SOL
2026-05-29 00:00:00+00:00,0.0,-0.0008525149190109493,0.0,0.0,-0.0,3.6120982894962554,3.6120982894962554,0.0,SOL
2026-05-30 00:00:00+00:00,0.0,0.008410531448074021,0.0,0.0,0.0,3.6120982894962554,3.6120982894962554,0.0,SOL
2026-05-31 00:00:00+00:00,0.0,-0.003505378943551407,0.0,0.0,-0.0,3.6120982894962554,3.6120982894962554,0.0,SOL
2026-06-01 00:00:00+00:00,0.0,-0.014070839398350299,0.0,0.0,-0.0,3.6120982894962554,3.6120982894962554,0.0,SOL
2026-06-02 00:00:00+00:00,0.0,-0.08673720472440938,0.0,0.0,-0.0,3.6120982894962554,3.6120982894962554,0.0,SOL
2026-06-03 00:00:00+00:00,0.0,-0.03529570254614045,0.0,0.0,-0.0,3.6120982894962554,3.6120982894962554,0.0,SOL
2026-06-04 00:00:00+00:00,0.0,-0.0381231671554253,0.0,0.0,-0.0,3.6120982894962554,3.6120982894962554,0.0,SOL
2026-06-05 00:00:00+00:00,0.0,-0.07607433217189308,0.0,0.0,-0.0,3.6120982894962554,3.6120982894962554,0.0,SOL
2026-06-06 00:00:00+00:00,0.0,-0.022627278441231913,0.0,0.0,-0.0,3.6120982894962554,3.6120982894962554,0.0,SOL
2026-06-07 00:00:00+00:00,0.0,0.06913183279742752,0.0,0.0,0.0,3.6120982894962554,3.6120982894962554,0.0,SOL
2026-06-08 00:00:00+00:00,0.0,0.004812030075187934,0.0,0.0,0.0,3.6120982894962554,3.6120982894962554,0.0,SOL
2026-06-09 00:00:00+00:00,0.0,-0.027835977252319677,0.0,0.0,-0.0,3.6120982894962554,3.6120982894962554,0.0,SOL
2026-06-10 00:00:00+00:00,0.0,-0.027247536945812723,0.0,0.0,-0.0,3.6120982894962554,3.6120982894962554,0.0,SOL
2026-06-11 00:00:00+00:00,0.0,0.05918658015508793,0.0,0.0,0.0,3.6120982894962554,3.6120982894962554,0.0,SOL
2026-06-12 00:00:00+00:00,0.0,-0.001643508142835981,0.0,0.0,-0.0,3.6120982894962554,3.6120982894962554,0.0,SOL
2026-06-13 00:00:00+00:00,0.0,0.03172702783597736,0.0,0.0,0.0,3.6120982894962554,3.6120982894962554,0.0,SOL
2026-06-14 00:00:00+00:00,0.0,0.03394255874673635,0.0,0.0,0.0,3.6120982894962554,3.6120982894962554,0.0,SOL
2026-06-15 00:00:00+00:00,0.0,0.037878787878787845,0.0,0.0,0.0,3.6120982894962554,3.6120982894962554,0.0,SOL
2026-06-16 00:00:00+00:00,0.0,-0.006217896728845762,0.0,0.0,-0.0,3.6120982894962554,3.6120982894962554,0.0,SOL
2026-06-17 00:00:00+00:00,0.0,-0.019994559303590842,0.0,0.0,-0.0,3.6120982894962554,3.6120982894962554,0.0,SOL
2026-06-18 00:00:00+00:00,0.0,-0.03247744621790427,0.0,0.0,-0.0,3.6120982894962554,3.6120982894962554,0.0,SOL
2026-06-19 00:00:00+00:00,0.0,0.0004303543250609998,0.0,0.0,0.0,3.6120982894962554,3.6120982894962554,0.0,SOL
2026-06-20 00:00:00+00:00,0.0,0.049899627186693385,0.0,0.0,0.0,3.6120982894962554,3.6120982894962554,0.0,SOL
2026-06-21 00:00:00+00:00,0.0,-0.010379677683693078,0.0,0.0,-0.0,3.6120982894962554,3.6120982894962554,0.0,SOL
2026-06-22 00:00:00+00:00,0.0,-0.0070383659950316035,0.0,0.0,-0.0,3.6120982894962554,3.6120982894962554,0.0,SOL
2026-06-23 00:00:00+00:00,0.0,-0.03113273106323844,0.0,0.0,-0.0,3.6120982894962554,3.6120982894962554,0.0,SOL
2026-06-24 00:00:00+00:00,0.0,-0.02295223066991814,0.0,0.0,-0.0,3.6120982894962554,3.6120982894962554,0.0,SOL
2026-06-25 00:00:00+00:00,0.0,-0.005726031419762134,0.0,0.0,-0.0,3.6120982894962554,3.6120982894962554,0.0,SOL
2026-06-26 00:00:00+00:00,0.0,0.061724748966331955,0.0,0.0,0.0,3.6120982894962554,3.6120982894962554,0.0,SOL
2026-06-27 00:00:00+00:00,0.0,-0.01947148817802513,0.0,0.0,-0.0,3.6120982894962554,3.6120982894962554,0.0,SOL
2026-06-28 00:00:00+00:00,0.0,0.012482269503546028,0.0,0.0,0.0,3.6120982894962554,3.6120982894962554,0.0,SOL
2026-06-29 00:00:00+00:00,0.0,0.05295601008685913,0.0,0.0,0.0,3.6120982894962554,3.6120982894962554,0.0,SOL
2026-06-30 00:00:00+00:00,0.0,-0.019824374667376188,0.0,0.0,-0.0,3.6120982894962554,3.6120982894962554,0.0,SOL
2026-07-01 00:00:00+00:00,0.0,0.05144563594407492,0.0,0.0,0.0,3.6120982894962554,3.6120982894962554,0.0,SOL
2026-07-02 00:00:00+00:00,0.0,0.04221533694810242,0.0,0.0,0.0,3.6120982894962554,3.6120982894962554,0.0,SOL
2026-07-03 00:00:00+00:00,0.0,0.019943019943019946,0.0,0.0,0.0,3.6120982894962554,3.6120982894962554,0.0,SOL
2026-07-04 00:00:00+00:00,0.0,-0.006558173427252956,0.0,0.0,-0.0,3.6120982894962554,3.6120982894962554,0.0,SOL
2026-07-05 00:00:00+00:00,0.0,-0.002567237163814129,0.0,0.0,-0.0,3.6120982894962554,3.6120982894962554,0.0,SOL
2026-07-06 00:00:00+00:00,0.0,0.004289741389876145,0.0,0.0,0.0,3.6120982894962554,3.6120982894962554,0.0,SOL
2026-07-07 00:00:00+00:00,0.0,-0.016597510373443924,0.0,0.0,-0.0,3.6120982894962554,3.6120982894962554,0.0,SOL
2026-07-08 00:00:00+00:00,0.0,-0.03412757508066522,0.0,0.0,-0.0,3.6120982894962554,3.6120982894962554,0.0,SOL
2026-07-09 00:00:00+00:00,0.0,0.0026981883592445133,0.0,0.0,0.0,3.6120982894962554,3.6120982894962554,0.0,SOL
2026-07-10 00:00:00+00:00,0.0,0.0011532547411583494,0.0,0.0,0.0,3.6120982894962554,3.6120982894962554,0.0,SOL
2026-07-11 00:00:00+00:00,0.0,-0.01715090234224992,0.0,0.0,-0.0,3.6120982894962554,3.6120982894962554,0.0,SOL
2026-07-12 00:00:00+00:00,0.0,0.0016929287667664106,0.0,0.0,0.0,3.6120982894962554,3.6120982894962554,0.0,SOL
2026-07-13 00:00:00+00:00,0.0,-0.024830993239729593,0.0,0.0,-0.0,3.6120982894962554,3.6120982894962554,0.0,SOL
2026-07-14 00:00:00+00:00,0.0,0.03812824956672434,0.0,0.0,0.0,3.6120982894962554,3.6120982894962554,0.0,SOL
2026-07-15 00:00:00+00:00,0.0,-0.007448311288044129,0.0,0.0,-0.0,3.6120982894962554,3.6120982894962554,0.0,SOL
2026-07-16 00:00:00+00:00,0.0,-0.025488420235476927,0.0,0.0,-0.0,3.6120982894962554,3.6120982894962554,0.0,SOL
2026-07-17 00:00:00+00:00,0.0,-0.0037174721189588977,0.0,0.0,-0.0,3.6120982894962554,3.6120982894962554,0.0,SOL
2026-07-18 00:00:00+00:00,0.0,0.006396588486140553,0.0,0.0,0.0,3.6120982894962554,3.6120982894962554,0.0,SOL
2026-07-19 00:00:00+00:00,0.0,0.011387711864406791,0.0,0.0,0.0,3.6120982894962554,3.6120982894962554,0.0,SOL
2026-07-20 00:00:00+00:00,0.0,0.019245875883739272,0.0,0.0,0.0,3.6120982894962554,3.6120982894962554,0.0,SOL
2026-07-21 00:00:00+00:00,0.0,0.003468208092485714,0.0,0.0,0.0,3.6120982894962554,3.6120982894962554,0.0,SOL
2026-07-22 00:00:00+00:00,0.0,-0.0019201228878649168,0.0,0.0,-0.0,3.6120982894962554,3.6120982894962554,0.0,SOL
2026-07-23 00:00:00+00:00,0.0,-0.026805181480056506,0.0,0.0,-0.0,3.6120982894962554,3.6120982894962554,0.0,SOL
2026-07-24 00:00:00+00:00,0.0,-0.02530311017395892,0.0,0.0,-0.0,3.6120982894962554,3.6120982894962554,0.0,SOL
2026-07-25 00:00:00+00:00,0.0,0.007571660356949783,0.0,0.0,0.0,3.6120982894962554,3.6120982894962554,0.0,SOL
2026-07-26 00:00:00+00:00,0.0,0.03005904455179831,0.0,0.0,0.0,3.6120982894962554,3.6120982894962554,0.0,SOL
2026-07-27 00:00:00+00:00,0.0,-0.03335070349140179,0.0,0.0,-0.0,3.6120982894962554,3.6120982894962554,0.0,SOL
