timestamp,kind,gross_spend_usd,fee_slippage_usd,execution_price,reference_open,btc_bought,cash_after,btc_after,strategy,entry_time,exit_time,entry_open,exit_open,return_pct
2025-03-07 09:00:00+00:00,daily_btc_dca_buy,19.685039370078741,0.029527559055118113,88498.31865500001,88365.770000000004,0.00022243404924808215,0,0.00022243404924808215,daily_btc_dca,,,,,
2025-03-08 09:00:00+00:00,daily_btc_dca_buy,19.685039370078741,0.029527559055118113,86200.677355000007,86071.570000000007,0.00022836293140725448,0,0.00045079698065533661,daily_btc_dca,,,,,
2025-03-09 09:00:00+00:00,daily_btc_dca_buy,19.685039370078741,0.029527559055118113,85920.688000000009,85792,0.00022910709665265643,0,0.00067990407730799307,daily_btc_dca,,,,,
2025-03-10 09:00:00+00:00,daily_btc_dca_buy,19.685039370078741,0.029527559055118113,81472.485690000016,81350.460000000006,0.00024161579462518958,0,0.00092151987193318265,daily_btc_dca,,,,,
2025-03-11 09:00:00+00:00,daily_btc_dca_buy,19.685039370078741,0.029527559055118113,81252.846724999996,81131.149999999994,0.00024226891934879148,0,0.0011637887912819742,daily_btc_dca,,,,,
2025-03-12 09:00:00+00:00,daily_btc_dca_buy,19.685039370078741,0.029527559055118113,82813.694490000009,82689.660000000003,0.00023770270715860607,0,0.0014014914984405802,daily_btc_dca,,,,,
2025-03-13 09:00:00+00:00,daily_btc_dca_buy,19.685039370078741,0.029527559055118113,83097.800010000006,82973.339999999997,0.00023689001836041195,0,0.0016383815168009921,daily_btc_dca,,,,,
2025-03-14 09:00:00+00:00,daily_btc_dca_buy,19.685039370078741,0.029527559055118113,82717.340175000005,82593.449999999997,0.0002379795980919153,0,0.0018763611148929075,daily_btc_dca,,,,,
2025-03-15 09:00:00+00:00,daily_btc_dca_buy,19.685039370078741,0.029527559055118113,84017.207055000006,83891.369999999995,0.00023429771186267076,0,0.0021106588267555781,daily_btc_dca,,,,,
2025-03-16 09:00:00+00:00,daily_btc_dca_buy,19.685039370078741,0.029527559055118113,84394.762540000011,84268.360000000001,0.00023324953797634963,0,0.0023439083647319278,daily_btc_dca,,,,,
2025-03-17 09:00:00+00:00,daily_btc_dca_buy,19.685039370078741,0.029527559055118113,83672.480740000014,83547.160000000003,0.00023526300637896849,0,0.0025791713711108962,daily_btc_dca,,,,,
2025-03-18 09:00:00+00:00,daily_btc_dca_buy,19.685039370078741,0.029527559055118113,83406.211934999999,83281.289999999994,0.0002360140679380051,0,0.0028151854390489014,daily_btc_dca,,,,,
2025-03-19 09:00:00+00:00,daily_btc_dca_buy,19.685039370078741,0.029527559055118113,83538.129514999993,83413.009999999995,0.00023564137100465148,0,0.0030508268100535529,daily_btc_dca,,,,,
2025-03-20 09:00:00+00:00,daily_btc_dca_buy,19.685039370078741,0.029527559055118113,86370.421589999998,86241.059999999998,0.0002279141285603946,0,0.0032787409386139475,daily_btc_dca,,,,,
2025-03-21 09:00:00+00:00,daily_btc_dca_buy,19.685039370078741,0.029527559055118113,84148.343464999998,84022.309999999998,0.00023393258333441087,0,0.0035126735219483582,daily_btc_dca,,,,,
2025-03-22 09:00:00+00:00,daily_btc_dca_buy,19.685039370078741,0.029527559055118113,84348.343015000006,84222.009999999995,0.0002333779024749552,0,0.0037460514244233136,daily_btc_dca,,,,,
2025-03-23 09:00:00+00:00,daily_btc_dca_buy,19.685039370078741,0.029527559055118113,84473.640679999997,84347.119999999995,0.00023303173879587951,0,0.0039790831632191929,daily_btc_dca,,,,,
2025-03-24 09:00:00+00:00,daily_btc_dca_buy,19.685039370078741,0.029527559055118113,87547.464510000005,87416.339999999997,0.00022484990833549772,0,0.004203933071554691,daily_btc_dca,,,,,
2025-03-25 09:00:00+00:00,daily_btc_dca_buy,19.685039370078741,0.029527559055118113,86844.872200000013,86714.800000000003,0.00022666898886954362,0,0.0044306020604242347,daily_btc_dca,,,,,
2025-03-26 09:00:00+00:00,daily_btc_dca_buy,19.685039370078741,0.029527559055118113,88091.669594999999,87959.729999999996,0.00022346085005063912,0,0.0046540629104748739,daily_btc_dca,,,,,
2025-03-27 09:00:00+00:00,daily_btc_dca_buy,19.685039370078741,0.029527559055118113,87565.972230000014,87434.820000000007,0.0002248023846337729,0,0.0048788652951086472,daily_btc_dca,,,,,
2025-03-28 09:00:00+00:00,daily_btc_dca_buy,19.685039370078741,0.029527559055118113,85341.690805000006,85213.869999999995,0.00023066146433702286,0,0.0051095267594456701,daily_btc_dca,,,,,
2025-03-29 09:00:00+00:00,daily_btc_dca_buy,19.685039370078741,0.029527559055118113,84060.842410000012,83934.940000000002,0.00023417608967165164,0,0.0053437028491173221,daily_btc_dca,,,,,
2025-03-30 09:00:00+00:00,daily_btc_dca_buy,19.685039370078741,0.029527559055118113,83503.167150000008,83378.100000000006,0.00023574003288662972,0,0.0055794428820039521,daily_btc_dca,,,,,
2025-03-31 09:00:00+00:00,daily_btc_dca_buy,19.685039370078741,0.029527559055118113,82021.998724999998,81899.149999999994,0.0002399970700065227,0,0.0058194399520104748,daily_btc_dca,,,,,
2025-04-01 09:00:00+00:00,daily_btc_dca_buy,19.685039370078741,0.029527559055118113,84248.122910000006,84121.940000000002,0.00023365552477777737,0,0.0060530954767882526,daily_btc_dca,,,,,
2025-04-02 09:00:00+00:00,daily_btc_dca_buy,19.685039370078741,0.029527559055118113,84804.055559999993,84677.039999999994,0.00023212379691147335,0,0.006285219273699726,daily_btc_dca,,,,,
2025-04-03 09:00:00+00:00,daily_btc_dca_buy,19.685039370078741,0.029527559055118113,83805.520000000004,83680,0.0002348895319792627,0,0.006520108805678989,daily_btc_dca,,,,,
2025-04-04 09:00:00+00:00,daily_btc_dca_buy,19.685039370078741,0.029527559055118113,84542.624000000011,84416,0.00023284159443736615,0,0.0067529504001163547,daily_btc_dca,,,,,
2025-04-05 09:00:00+00:00,daily_btc_dca_buy,19.685039370078741,0.029527559055118113,83645.249955000007,83519.970000000001,0.00023533959645848416,0,0.0069882899965748391,daily_btc_dca,,,,,
2025-04-06 09:00:00+00:00,daily_btc_dca_buy,19.685039370078741,0.029527559055118113,83158.82140500001,83034.270000000004,0.00023671619002641563,0,0.0072250061866012544,daily_btc_dca,,,,,
2025-04-07 09:00:00+00:00,daily_btc_dca_buy,19.685039370078741,0.029527559055118113,76381.280320000005,76266.880000000005,0.0002577207306241543,0,0.0074827269172254088,daily_btc_dca,,,,,
2025-04-08 09:00:00+00:00,daily_btc_dca_buy,19.685039370078741,0.029527559055118113,79272.741014999992,79154.009999999995,0.00024832040772191711,0,0.0077310473249473256,daily_btc_dca,,,,,
2025-04-09 09:00:00+00:00,daily_btc_dca_buy,19.685039370078741,0.029527559055118113,77420.306525000007,77304.350000000006,0.00025426196631916188,0,0.0079853092912664878,daily_btc_dca,,,,,
2025-04-10 09:00:00+00:00,daily_btc_dca_buy,19.685039370078741,0.029527559055118113,81672.325000000012,81550,0.00024102459884763582,0,0.0082263338901141236,daily_btc_dca,,,,,
2025-04-11 09:00:00+00:00,daily_btc_dca_buy,19.685039370078741,0.029527559055118113,81754.337834999998,81631.889999999999,0.00024078281215863929,0,0.0084671167022727627,daily_btc_dca,,,,,
2025-04-12 09:00:00+00:00,daily_btc_dca_buy,19.685039370078741,0.029527559055118113,83730.177155000012,83604.770000000004,0.00023510089240153046,0,0.0087022175946742924,daily_btc_dca,,,,,
2025-04-13 09:00:00+00:00,daily_btc_dca_buy,19.685039370078741,0.029527559055118113,84791.606915000011,84664.610000000001,0.00023215787607153333,0,0.0089343754707458256,daily_btc_dca,,,,,
2025-04-14 09:00:00+00:00,daily_btc_dca_buy,19.685039370078741,0.029527559055118113,84890.324769999992,84763.179999999993,0.00023188790269577787,0,0.0091662633734416032,daily_btc_dca,,,,,
2025-04-15 09:00:00+00:00,daily_btc_dca_buy,19.685039370078741,0.029527559055118113,85978.775000000009,85850,0.0002289523125920175,0,0.0093952156860336207,daily_btc_dca,,,,,
2025-04-16 09:00:00+00:00,daily_btc_dca_buy,19.685039370078741,0.029527559055118113,83862.395185000001,83736.789999999994,0.00023473023071489489,0,0.0096299459167485148,daily_btc_dca,,,,,
2025-04-17 09:00:00+00:00,daily_btc_dca_buy,19.685039370078741,0.029527559055118113,84572.218325000009,84445.550000000003,0.00023276011626455984,0,0.0098627060330130738,daily_btc_dca,,,,,
2025-04-18 09:00:00+00:00,daily_btc_dca_buy,19.685039370078741,0.029527559055118113,84774.290980000005,84647.320000000007,0.00023220529647039861,0,0.010094911329483472,daily_btc_dca,,,,,
2025-04-19 09:00:00+00:00,daily_btc_dca_buy,19.685039370078741,0.029527559055118113,85439.597445000007,85311.630000000005,0.00023039714557118065,0,0.010325308475054652,daily_btc_dca,,,,,
2025-04-20 09:00:00+00:00,daily_btc_dca_buy,19.685039370078741,0.029527559055118113,84774.270950000006,84647.300000000003,0.0002322053513345931,0,0.010557513826389245,daily_btc_dca,,,,,
2025-04-21 09:00:00+00:00,daily_btc_dca_buy,19.685039370078741,0.029527559055118113,87700.633920000007,87569.279999999999,0.00022445720732230186,0,0.010781971033711547,daily_btc_dca,,,,,
2025-04-22 09:00:00+00:00,daily_btc_dca_buy,19.685039370078741,0.029527559055118113,88546.951495000001,88414.330000000002,0.00022231188129825453,0,0.011004282915009801,daily_btc_dca,,,,,
2025-04-23 09:00:00+00:00,daily_btc_dca_buy,19.685039370078741,0.029527559055118113,94427.148580000008,94285.720000000001,0.00020846800592947375,0,0.011212750920939275,daily_btc_dca,,,,,
2025-04-24 09:00:00+00:00,daily_btc_dca_buy,19.685039370078741,0.029527559055118113,92155.776624999999,92017.75,0.0002136061361642151,0,0.01142635705710349,daily_btc_dca,,,,,
2025-04-25 09:00:00+00:00,daily_btc_dca_buy,19.685039370078741,0.029527559055118113,93820.530014999997,93680.009999999995,0.00020981590454596135,0,0.011636172961649451,daily_btc_dca,,,,,
2025-04-26 09:00:00+00:00,daily_btc_dca_buy,19.685039370078741,0.029527559055118113,94459.507045000006,94318.029999999999,0.00020839659221068022,0,0.011844569553860131,daily_btc_dca,,,,,
2025-04-27 09:00:00+00:00,daily_btc_dca_buy,19.685039370078741,0.029527559055118113,94343.803750000006,94202.5,0.00020865216991082722,0,0.012053221723770957,daily_btc_dca,,,,,
2025-04-28 09:00:00+00:00,daily_btc_dca_buy,19.685039370078741,0.029527559055118113,94848.459600000002,94706.399999999994,0.00020754200387750673,0,0.012260763727648465,daily_btc_dca,,,,,
2025-04-29 09:00:00+00:00,daily_btc_dca_buy,19.685039370078741,0.029527559055118113,95172.555015000005,95030.009999999995,0.00020683525168549075,0,0.012467598979333956,daily_btc_dca,,,,,
2025-04-30 09:00:00+00:00,daily_btc_dca_buy,19.685039370078741,0.029527559055118113,94860.267285000009,94718.190000000002,0.00020751617018890142,0,0.012675115149522857,daily_btc_dca,,,,,
2025-05-01 09:00:00+00:00,daily_btc_dca_buy,19.685039370078741,0.029527559055118113,95352.975240000014,95210.160000000003,0.00020644389250080769,0,0.012881559042023665,daily_btc_dca,,,,,
2025-05-02 09:00:00+00:00,daily_btc_dca_buy,19.685039370078741,0.029527559055118113,96781.154300000009,96636.199999999997,0.00020339744356695215,0,0.013084956485590616,daily_btc_dca,,,,,
2025-05-03 09:00:00+00:00,daily_btc_dca_buy,19.685039370078741,0.029527559055118113,96425.421500000011,96281,0.00020414781770052972,0,0.013289104303291147,daily_btc_dca,,,,,
2025-05-04 09:00:00+00:00,daily_btc_dca_buy,19.685039370078741,0.029527559055118113,95790.740905000013,95647.270000000004,0.00020550043964688905,0,0.013494604742938036,daily_btc_dca,,,,,
2025-05-05 09:00:00+00:00,daily_btc_dca_buy,19.685039370078741,0.029527559055118113,94701.038800000009,94559.199999999997,0.00020786508384191808,0,0.013702469826779954,daily_btc_dca,,,,,
2025-05-06 09:00:00+00:00,daily_btc_dca_buy,19.685039370078741,0.029527559055118113,94517.453835000008,94375.889999999999,0.0002082688283630989,0,0.013910738655143053,daily_btc_dca,,,,,
2025-05-07 09:00:00+00:00,daily_btc_dca_buy,19.685039370078741,0.029527559055118113,97169.996690000014,97024.460000000006,0.00020258351384820592,0,0.01411332216899126,daily_btc_dca,,,,,
2025-05-08 09:00:00+00:00,daily_btc_dca_buy,19.685039370078741,0.029527559055118113,99816.170005000007,99666.669999999998,0.00019721293022055119,0,0.014310535099211812,daily_btc_dca,,,,,
2025-05-09 09:00:00+00:00,daily_btc_dca_buy,19.685039370078741,0.029527559055118113,103122.70237500001,102968.25,0.0001908894832729963,0,0.014501424582484808,daily_btc_dca,,,,,
2025-05-10 09:00:00+00:00,daily_btc_dca_buy,19.685039370078741,0.029527559055118113,103790.38239499999,103634.92999999999,0.00018966149768253528,0,0.014691086080167342,daily_btc_dca,,,,,
2025-05-11 09:00:00+00:00,daily_btc_dca_buy,19.685039370078741,0.029527559055118113,103981.128085,103825.39,0.00018931357769062752,0,0.01488039965785797,daily_btc_dca,,,,,
2025-05-12 09:00:00+00:00,daily_btc_dca_buy,19.685039370078741,0.029527559055118113,104770.97107500001,104614.05,0.00018788638845379469,0,0.015068286046311765,daily_btc_dca,,,,,
2025-05-13 09:00:00+00:00,daily_btc_dca_buy,19.685039370078741,0.029527559055118113,102876.083,102722,0.00019134709250233351,0,0.015259633138814099,daily_btc_dca,,,,,
2025-05-14 09:00:00+00:00,daily_btc_dca_buy,19.685039370078741,0.029527559055118113,103354.8,103200,0.00019046081430256496,0,0.015450093953116664,daily_btc_dca,,,,,
2025-05-15 09:00:00+00:00,daily_btc_dca_buy,19.685039370078741,0.029527559055118113,102428.061975,102274.64999999999,0.00019218404595884418,0,0.015642277999075509,daily_btc_dca,,,,,
2025-05-16 09:00:00+00:00,daily_btc_dca_buy,19.685039370078741,0.029527559055118113,103543.68290000001,103388.60000000001,0.00019011337841913617,0,0.015832391377494644,daily_btc_dca,,,,,
2025-05-17 09:00:00+00:00,daily_btc_dca_buy,19.685039370078741,0.029527559055118113,103581.19909000001,103426.06,0.00019004452104261443,0,0.01602243589853726,daily_btc_dca,,,,,
2025-05-18 09:00:00+00:00,daily_btc_dca_buy,19.685039370078741,0.029527559055118113,104068.68923000002,103912.82000000001,0.00018915429333959659,0,0.016211590191876856,daily_btc_dca,,,,,
2025-05-19 09:00:00+00:00,daily_btc_dca_buy,19.685039370078741,0.029527559055118113,103388.75085,103233.89999999999,0.00019039827068457847,0,0.016401988462561433,daily_btc_dca,,,,,
2025-05-20 09:00:00+00:00,daily_btc_dca_buy,19.685039370078741,0.029527559055118113,105380.83450000001,105223,0.0001867990461783517,0,0.016588787508739784,daily_btc_dca,,,,,
2025-05-21 09:00:00+00:00,daily_btc_dca_buy,19.685039370078741,0.029527559055118113,106532.01869000001,106372.46000000001,0.00018478049709506298,0,0.016773568005834846,daily_btc_dca,,,,,
2025-05-22 09:00:00+00:00,daily_btc_dca_buy,19.685039370078741,0.029527559055118113,110574.71365000001,110409.10000000001,0.00017802478270382335,0,0.01695159278853867,daily_btc_dca,,,,,
2025-05-23 09:00:00+00:00,daily_btc_dca_buy,19.685039370078741,0.029527559055118113,111101.64286000001,110935.24000000001,0.00017718045263186613,0,0.017128773241170535,daily_btc_dca,,,,,
2025-05-24 09:00:00+00:00,daily_btc_dca_buy,19.685039370078741,0.029527559055118113,108413.606845,108251.23,0.00018157351224577036,0,0.017310346753416306,daily_btc_dca,,,,,
2025-05-25 09:00:00+00:00,daily_btc_dca_buy,19.685039370078741,0.029527559055118113,107270.0641,107109.39999999999,0.00018350916012996714,0,0.017493855913546272,daily_btc_dca,,,,,
2025-05-26 09:00:00+00:00,daily_btc_dca_buy,19.685039370078741,0.029527559055118113,109830.88958500001,109666.39,0.00017923044641138185,0,0.017673086359957655,daily_btc_dca,,,,,
2025-05-27 09:00:00+00:00,daily_btc_dca_buy,19.685039370078741,0.029527559055118113,109860.20349000001,109695.66,0.00017918262250324855,0,0.017852268982460902,daily_btc_dca,,,,,
2025-05-28 09:00:00+00:00,daily_btc_dca_buy,19.685039370078741,0.029527559055118113,109204.010675,109040.45,0.00018025930777087497,0,0.018032528290231775,daily_btc_dca,,,,,
2025-05-29 09:00:00+00:00,daily_btc_dca_buy,19.685039370078741,0.029527559055118113,108655.23875,108492.5,0.00018116972174136187,0,0.018213698011973138,daily_btc_dca,,,,,
2025-05-30 09:00:00+00:00,daily_btc_dca_buy,19.685039370078741,0.029527559055118113,105335.10601,105177.34,0.00018688014011406548,0,0.018400578152087205,daily_btc_dca,,,,,
2025-05-31 09:00:00+00:00,daily_btc_dca_buy,19.685039370078741,0.029527559055118113,103803.79248000002,103648.32000000001,0.00018963699591102587,0,0.018590215147998232,daily_btc_dca,,,,,
2025-06-01 09:00:00+00:00,daily_btc_dca_buy,19.685039370078741,0.029527559055118113,104543.17990000002,104386.60000000001,0.00018829577777247942,0,0.018778510925770712,daily_btc_dca,,,,,
2025-06-02 09:00:00+00:00,daily_btc_dca_buy,19.685039370078741,0.029527559055118113,105486.422645,105328.42999999999,0.0001866120669986698,0,0.018965122992769382,daily_btc_dca,,,,,
2025-06-03 09:00:00+00:00,daily_btc_dca_buy,19.685039370078741,0.029527559055118113,105252.572395,105094.92999999999,0.00018702668183921627,0,0.019152149674608598,daily_btc_dca,,,,,
2025-06-04 09:00:00+00:00,daily_btc_dca_buy,19.685039370078741,0.029527559055118113,105594.083895,105435.92999999999,0.00018642180171431791,0,0.019338571476322917,daily_btc_dca,,,,,
2025-06-05 09:00:00+00:00,daily_btc_dca_buy,19.685039370078741,0.029527559055118113,104832.37304000001,104675.36,0.00018777634044941143,0,0.01952634781677233,daily_btc_dca,,,,,
2025-06-06 09:00:00+00:00,daily_btc_dca_buy,19.685039370078741,0.029527559055118113,103665.515375,103510.25,0.0001898899484449579,0,0.019716237765217286,daily_btc_dca,,,,,
2025-06-07 09:00:00+00:00,daily_btc_dca_buy,19.685039370078741,0.029527559055118113,104903.55966000001,104746.44,0.00018764891709947089,0,0.019903886682316758,daily_btc_dca,,,,,
2025-06-08 09:00:00+00:00,daily_btc_dca_buy,19.685039370078741,0.029527559055118113,105531.88073000002,105373.82000000001,0.00018653168344874183,0,0.0200904183657655,daily_btc_dca,,,,,
2025-06-09 09:00:00+00:00,daily_btc_dca_buy,19.685039370078741,0.029527559055118113,106085.2896,105926.39999999999,0.00018555861462321672,0,0.020275976980388716,daily_btc_dca,,,,,
2025-06-10 09:00:00+00:00,daily_btc_dca_buy,19.685039370078741,0.029527559055118113,109246.273975,109082.64999999999,0.00018018957218242043,0,0.020456166552571136,daily_btc_dca,,,,,
2025-06-11 09:00:00+00:00,daily_btc_dca_buy,19.685039370078741,0.029527559055118113,109740.39404500001,109576.03,0.00017937824573517313,0,0.020635544798306309,daily_btc_dca,,,,,
2025-06-12 09:00:00+00:00,daily_btc_dca_buy,19.685039370078741,0.029527559055118113,107893.26750500001,107731.67,0.00018244919099485511,0,0.020817993989301165,daily_btc_dca,,,,,
2025-06-13 09:00:00+00:00,daily_btc_dca_buy,19.685039370078741,0.029527559055118113,104896.54916000001,104739.44,0.00018766145814818851,0,0.021005655447449353,daily_btc_dca,,,,,
2025-06-14 09:00:00+00:00,daily_btc_dca_buy,19.685039370078741,0.029527559055118113,105252.68256,105095.03999999999,0.00018702648608368868,0,0.02119268193353304,daily_btc_dca,,,,,
2025-06-15 09:00:00+00:00,daily_btc_dca_buy,19.685039370078741,0.029527559055118113,105354.97577,105197.17999999999,0.00018684489485388015,0,0.021379526828386921,daily_btc_dca,,,,,
2025-06-16 09:00:00+00:00,daily_btc_dca_buy,19.685039370078741,0.029527559055118113,107340.77,107180,0.00018338828173189683,0,0.021562915110118819,daily_btc_dca,,,,,
2025-06-17 09:00:00+00:00,daily_btc_dca_buy,19.685039370078741,0.029527559055118113,106727.91209,106568.06,0.00018444134233113285,0,0.021747356452449951,daily_btc_dca,,,,,
2025-06-18 09:00:00+00:00,daily_btc_dca_buy,19.685039370078741,0.029527559055118113,105107.33486500001,104949.91,0.00018728511569018688,0,0.021934641568140137,daily_btc_dca,,,,,
2025-06-19 09:00:00+00:00,daily_btc_dca_buy,19.685039370078741,0.029527559055118113,104903.22916500001,104746.11,0.00018764950828269137,0,0.022122291076422829,daily_btc_dca,,,,,
2025-06-20 09:00:00+00:00,daily_btc_dca_buy,19.685039370078741,0.029527559055118113,106118.61951999999,105959.67999999999,0.00018550033405182712,0,0.022307791410474655,daily_btc_dca,,,,,
2025-06-21 09:00:00+00:00,daily_btc_dca_buy,19.685039370078741,0.029527559055118113,103981.76904500001,103826.03,0.00018931241073192053,0,0.022497103821206576,daily_btc_dca,,,,,
2025-06-22 09:00:00+00:00,daily_btc_dca_buy,19.685039370078741,0.029527559055118113,102866.40851000001,102712.34,0.00019136508851832899,0,0.022688468909724906,daily_btc_dca,,,,,
2025-06-23 09:00:00+00:00,daily_btc_dca_buy,19.685039370078741,0.029527559055118113,102034.20207000001,101881.38,0.00019292589122786423,0,0.022881394800952772,daily_btc_dca,,,,,
2025-06-24 09:00:00+00:00,daily_btc_dca_buy,19.685039370078741,0.029527559055118113,105154.27517000001,104996.78,0.00018720151261805078,0,0.023068596313570822,daily_btc_dca,,,,,
2025-06-25 09:00:00+00:00,daily_btc_dca_buy,19.685039370078741,0.029527559055118113,106795.71364,106635.75999999999,0.00018432424578794865,0,0.023252920559358771,daily_btc_dca,,,,,
2025-06-26 09:00:00+00:00,daily_btc_dca_buy,19.685039370078741,0.029527559055118113,107914.69960500002,107753.07000000001,0.00018241295617864718,0,0.023435333515537417,daily_btc_dca,,,,,
2025-06-27 09:00:00+00:00,daily_btc_dca_buy,19.685039370078741,0.029527559055118113,107159.03780999999,106998.53999999999,0.00018369929193449468,0,0.023619032807471914,daily_btc_dca,,,,,
2025-06-28 09:00:00+00:00,daily_btc_dca_buy,19.685039370078741,0.029527559055118113,107541.07000000001,107380,0.00018304671294491249,0,0.023802079520416828,daily_btc_dca,,,,,
2025-06-29 09:00:00+00:00,daily_btc_dca_buy,19.685039370078741,0.029527559055118113,107855.39077500001,107693.85000000001,0.00018251326362670386,0,0.023984592784043531,daily_btc_dca,,,,,
2025-06-30 09:00:00+00:00,daily_btc_dca_buy,19.685039370078741,0.029527559055118113,107674.159335,107512.89,0.00018282046028178297,0,0.024167413244325312,daily_btc_dca,,,,,
2025-07-01 09:00:00+00:00,daily_btc_dca_buy,19.685039370078741,0.029527559055118113,106870.18518,106710.12,0.00018419580107326939,0,0.02435160904539858,daily_btc_dca,,,,,
2025-07-02 09:00:00+00:00,daily_btc_dca_buy,19.685039370078741,0.029527559055118113,107890.5935,107729,0.0001824537128909087,0,0.024534062758289489,daily_btc_dca,,,,,
2025-07-03 09:00:00+00:00,daily_btc_dca_buy,19.685039370078741,0.029527559055118113,109541.63635500001,109377.57000000001,0.00017970371837685461,0,0.024713766476666343,daily_btc_dca,,,,,
2025-07-04 09:00:00+00:00,daily_btc_dca_buy,19.685039370078741,0.029527559055118113,108926.434935,108763.28999999999,0.000180718660092249,0,0.024894485136758591,daily_btc_dca,,,,,
2025-07-05 09:00:00+00:00,daily_btc_dca_buy,19.685039370078741,0.029527559055118113,108192.00494000001,108029.96000000001,0.00018194541621624873,0,0.02507643055297484,daily_btc_dca,,,,,
2025-07-06 09:00:00+00:00,daily_btc_dca_buy,19.685039370078741,0.029527559055118113,108167.27790500001,108005.27,0.00018198700893044109,0,0.025258417561905281,daily_btc_dca,,,,,
2025-07-07 09:00:00+00:00,daily_btc_dca_buy,19.685039370078741,0.029527559055118113,109175.21755,109011.7,0.00018030684812753771,0,0.02543872441003282,daily_btc_dca,,,,,
2025-07-08 09:00:00+00:00,daily_btc_dca_buy,19.685039370078741,0.029527559055118113,108424.74352500001,108262.35000000001,0.0001815548622030161,0,0.025620279272235837,daily_btc_dca,,,,,
2025-07-09 09:00:00+00:00,daily_btc_dca_buy,19.685039370078741,0.029527559055118113,108817.131225,108654.14999999999,0.0001809001868407668,0,0.025801179459076604,daily_btc_dca,,,,,
2025-07-10 09:00:00+00:00,daily_btc_dca_buy,19.685039370078741,0.029527559055118113,111400.19001000001,111233.34,0.00017670561754258842,0,0.025977885076619193,daily_btc_dca,,,,,
2025-07-11 09:00:00+00:00,daily_btc_dca_buy,19.685039370078741,0.029527559055118113,118141.69712500001,117964.75,0.00016662228365697975,0,0.026144507360276171,daily_btc_dca,,,,,
2025-07-12 09:00:00+00:00,daily_btc_dca_buy,19.685039370078741,0.029527559055118113,118106.55449000001,117929.66,0.00016667186215939825,0,0.02631117922243557,daily_btc_dca,,,,,
2025-07-13 09:00:00+00:00,daily_btc_dca_buy,19.685039370078741,0.029527559055118113,118072.62367,117895.78,0.00016671975906198426,0,0.026477898981497553,daily_btc_dca,,,,,
2025-07-14 09:00:00+00:00,daily_btc_dca_buy,19.685039370078741,0.029527559055118113,122761.87701500001,122578.00999999999,0.00016035140426920542,0,0.026638250385766758,daily_btc_dca,,,,,
2025-07-15 09:00:00+00:00,daily_btc_dca_buy,19.685039370078741,0.029527559055118113,116952.636205,116777.47,0.00016831633735535375,0,0.026806566723122111,daily_btc_dca,,,,,
2025-07-16 09:00:00+00:00,daily_btc_dca_buy,19.685039370078741,0.029527559055118113,118878.05,118700,0.00016559019406928985,0,0.0269721569171914,daily_btc_dca,,,,,
2025-07-17 09:00:00+00:00,daily_btc_dca_buy,19.685039370078741,0.029527559055118113,118508.426395,118330.92999999999,0.00016610666404823069,0,0.027138263581239632,daily_btc_dca,,,,,
2025-07-18 09:00:00+00:00,daily_btc_dca_buy,19.685039370078741,0.029527559055118113,118819.98303000002,118642.02,0.00016567111750141056,0,0.027303934698741043,daily_btc_dca,,,,,
2025-07-19 09:00:00+00:00,daily_btc_dca_buy,19.685039370078741,0.029527559055118113,118278.98274500002,118101.83,0.00016642888629265695,0,0.0274703635850337,daily_btc_dca,,,,,
2025-07-20 09:00:00+00:00,daily_btc_dca_buy,19.685039370078741,0.029527559055118113,118328.37672499999,118151.14999999999,0.00016635941364958958,0,0.027636722998683288,daily_btc_dca,,,,,
2025-07-21 09:00:00+00:00,daily_btc_dca_buy,19.685039370078741,0.029527559055118113,119195.36526000001,119016.84,0.00016514936908108721,0,0.027801872367764376,daily_btc_dca,,,,,
2025-07-22 09:00:00+00:00,daily_btc_dca_buy,19.685039370078741,0.029527559055118113,118467.43500000001,118290,0.00016616413928501733,0,0.027968036507049394,daily_btc_dca,,,,,
2025-07-23 09:00:00+00:00,daily_btc_dca_buy,19.685039370078741,0.029527559055118113,118600.84481500002,118423.21000000001,0.0001659772272346333,0,0.028134013734284025,daily_btc_dca,,,,,
2025-07-24 09:00:00+00:00,daily_btc_dca_buy,19.685039370078741,0.029527559055118113,118953.45293499999,118775.28999999999,0.00016548522875443794,0,0.028299498963038464,daily_btc_dca,,,,,
2025-07-25 09:00:00+00:00,daily_btc_dca_buy,19.685039370078741,0.029527559055118113,115375.35382500001,115202.55,0.00017061736945948419,0,0.028470116332497949,daily_btc_dca,,,,,
2025-07-26 09:00:00+00:00,daily_btc_dca_buy,19.685039370078741,0.029527559055118113,117733.47571000001,117557.14,0.00016720001895269569,0,0.028637316351450646,daily_btc_dca,,,,,
2025-07-27 09:00:00+00:00,daily_btc_dca_buy,19.685039370078741,0.029527559055118113,118127.395705,117950.47,0.000166642456244767,0,0.028803958807695412,daily_btc_dca,,,,,
2025-07-28 09:00:00+00:00,daily_btc_dca_buy,19.685039370078741,0.029527559055118113,119251.05867500001,119072.45,0.00016507223993480189,0,0.028969031047630215,daily_btc_dca,,,,,
2025-07-29 09:00:00+00:00,daily_btc_dca_buy,19.685039370078741,0.029527559055118113,119102.19571500001,118923.81,0.00016527855974362662,0,0.029134309607373843,daily_btc_dca,,,,,
2025-07-30 09:00:00+00:00,daily_btc_dca_buy,19.685039370078741,0.029527559055118113,118550.289095,118372.73,0.00016604800815208623,0,0.029300357615525928,daily_btc_dca,,,,,
2025-07-31 09:00:00+00:00,daily_btc_dca_buy,19.685039370078741,0.029527559055118113,118771.840925,118593.95,0.00016573826941445753,0,0.029466095884940386,daily_btc_dca,,,,,
2025-08-01 09:00:00+00:00,daily_btc_dca_buy,19.685039370078741,0.029527559055118113,114787.90397,114615.98,0.00017149053767218762,0,0.029637586422612574,daily_btc_dca,,,,,
2025-08-02 09:00:00+00:00,daily_btc_dca_buy,19.685039370078741,0.029527559055118113,113852.53301500001,113682.00999999999,0.00017289944148616567,0,0.029810485864098738,daily_btc_dca,,,,,
2025-08-03 09:00:00+00:00,daily_btc_dca_buy,19.685039370078741,0.029527559055118113,113862.54801500001,113692.00999999999,0.00017288423378234498,0,0.029983370097881084,daily_btc_dca,,,,,
2025-08-04 09:00:00+00:00,daily_btc_dca_buy,19.685039370078741,0.029527559055118113,114718.06937500001,114546.25,0.00017159493249254955,0,0.030154965030373633,daily_btc_dca,,,,,
2025-08-05 09:00:00+00:00,daily_btc_dca_buy,19.685039370078741,0.029527559055118113,114452.511635,114281.09,0.00017199307458499655,0,0.03032695810495863,daily_btc_dca,,,,,
2025-08-06 09:00:00+00:00,daily_btc_dca_buy,19.685039370078741,0.029527559055118113,114119.15234500001,113948.23,0.00017249549234792591,0,0.030499453597306554,daily_btc_dca,,,,,
2025-08-07 09:00:00+00:00,daily_btc_dca_buy,19.685039370078741,0.029527559055118113,115121.16311000001,114948.74000000001,0.00017099409733438314,0,0.030670447694640939,daily_btc_dca,,,,,
2025-08-08 09:00:00+00:00,daily_btc_dca_buy,19.685039370078741,0.029527559055118113,116795.560945,116620.63,0.00016854270154452691,0,0.030838990396185467,daily_btc_dca,,,,,
2025-08-09 09:00:00+00:00,daily_btc_dca_buy,19.685039370078741,0.029527559055118113,117282.31999,117106.66,0.00016784319556227377,0,0.031006833591747739,daily_btc_dca,,,,,
2025-08-10 09:00:00+00:00,daily_btc_dca_buy,19.685039370078741,0.029527559055118113,118486.32329,118308.86,0.00016613765051936687,0,0.031172971242267106,daily_btc_dca,,,,,
2025-08-11 09:00:00+00:00,daily_btc_dca_buy,19.685039370078741,0.029527559055118113,121861.64869500001,121679.13,0.00016153596788557497,0,0.031334507210152684,daily_btc_dca,,,,,
2025-08-12 09:00:00+00:00,daily_btc_dca_buy,19.685039370078741,0.029527559055118113,118992.93206500002,118814.71000000001,0.00016543032454503908,0,0.031499937534697722,daily_btc_dca,,,,,
2025-08-13 09:00:00+00:00,daily_btc_dca_buy,19.685039370078741,0.029527559055118113,120224.56675000001,120044.5,0.00016373558168866298,0,0.031663673116386383,daily_btc_dca,,,,,
2025-08-14 09:00:00+00:00,daily_btc_dca_buy,19.685039370078741,0.029527559055118113,121820.23667000001,121637.78,0.00016159088102417441,0,0.031825263997410556,daily_btc_dca,,,,,
2025-08-15 09:00:00+00:00,daily_btc_dca_buy,19.685039370078741,0.029527559055118113,119057.03808000001,118878.72,0.00016534124893020973,0,0.031990605246340766,daily_btc_dca,,,,,
2025-08-16 09:00:00+00:00,daily_btc_dca_buy,19.685039370078741,0.029527559055118113,117807.536635,117631.09,0.0001670949069334026,0,0.032157700153274169,daily_btc_dca,,,,,
2025-08-17 09:00:00+00:00,daily_btc_dca_buy,19.685039370078741,0.029527559055118113,118543.59907500001,118366.05,0.00016605737908821579,0,0.032323757532362385,daily_btc_dca,,,,,
2025-08-18 09:00:00+00:00,daily_btc_dca_buy,19.685039370078741,0.029527559055118113,115308.133145,115135.42999999999,0.00017071683352400476,0,0.032494474365886393,daily_btc_dca,,,,,
2025-08-19 09:00:00+00:00,daily_btc_dca_buy,19.685039370078741,0.029527559055118113,115359.24970500001,115186.47,0.00017064118759802869,0,0.03266511555348442,daily_btc_dca,,,,,
2025-08-20 09:00:00+00:00,daily_btc_dca_buy,19.685039370078741,0.029527559055118113,114181.015,114010,0.00017240203522519694,0,0.032837517588709619,daily_btc_dca,,,,,
2025-08-21 09:00:00+00:00,daily_btc_dca_buy,19.685039370078741,0.029527559055118113,113758.84269000002,113588.46000000001,0.00017304183925043708,0,0.033010559427960058,daily_btc_dca,,,,,
2025-08-22 09:00:00+00:00,daily_btc_dca_buy,19.685039370078741,0.029527559055118113,113149.81051,112980.34,0.00017397324203507182,0,0.033184532669995132,daily_btc_dca,,,,,
2025-08-23 09:00:00+00:00,daily_btc_dca_buy,19.685039370078741,0.029527559055118113,115919.73918,115746.12,0.00016981611164179587,0,0.033354348781636928,daily_btc_dca,,,,,
2025-08-24 09:00:00+00:00,daily_btc_dca_buy,19.685039370078741,0.029527559055118113,115010.27703000001,114838.02,0.00017115895968969772,0,0.033525507741326628,daily_btc_dca,,,,,
2025-08-25 09:00:00+00:00,daily_btc_dca_buy,19.685039370078741,0.029527559055118113,111581.42145000001,111414.3,0.00017641861086076656,0,0.033701926352187397,daily_btc_dca,,,,,
2025-08-26 09:00:00+00:00,daily_btc_dca_buy,19.685039370078741,0.029527559055118113,110267.17303000001,110102.02,0.00017852130266115648,0,0.033880447654848551,daily_btc_dca,,,,,
2025-08-27 09:00:00+00:00,daily_btc_dca_buy,19.685039370078741,0.029527559055118113,110922.13400000001,110756,0.00017746718946174206,0,0.034057914844310297,daily_btc_dca,,,,,
2025-08-28 09:00:00+00:00,daily_btc_dca_buy,19.685039370078741,0.029527559055118113,113298.18273500001,113128.49000000001,0.00017374541139923905,0,0.034231660255709534,daily_btc_dca,,,,,
2025-08-29 09:00:00+00:00,daily_btc_dca_buy,19.685039370078741,0.029527559055118113,109792.46203000001,109628.02,0.00017929317738316083,0,0.034410953433092695,daily_btc_dca,,,,,
2025-08-30 09:00:00+00:00,daily_btc_dca_buy,19.685039370078741,0.029527559055118113,108730.852,108568,0.00018104373329180516,0,0.034591997166384503,daily_btc_dca,,,,,
2025-08-31 09:00:00+00:00,daily_btc_dca_buy,19.685039370078741,0.029527559055118113,109175.18750500001,109011.67,0.00018030689774796316,0,0.034772304064132467,daily_btc_dca,,,,,
2025-09-01 09:00:00+00:00,daily_btc_dca_buy,19.685039370078741,0.029527559055118113,109754.38500000001,109590,0.00017935537946915504,0,0.034951659443601624,daily_btc_dca,,,,,
2025-09-02 09:00:00+00:00,daily_btc_dca_buy,19.685039370078741,0.029527559055118113,110525.550015,110360.00999999999,0.00017810397113976977,0,0.035129763414741395,daily_btc_dca,,,,,
2025-09-03 09:00:00+00:00,daily_btc_dca_buy,19.685039370078741,0.029527559055118113,111186.51998500001,111019.99000000001,0.00017704519732009255,0,0.035306808612061487,daily_btc_dca,,,,,
2025-09-04 09:00:00+00:00,daily_btc_dca_buy,19.685039370078741,0.029527559055118113,110806.92144000001,110640.96000000001,0.00017765171267516752,0,0.035484460324736657,daily_btc_dca,,,,,
2025-09-05 09:00:00+00:00,daily_btc_dca_buy,19.685039370078741,0.029527559055118113,112787.437765,112618.50999999999,0.00017453219755815189,0,0.035658992522294805,daily_btc_dca,,,,,
2025-09-06 09:00:00+00:00,daily_btc_dca_buy,19.685039370078741,0.029527559055118113,111119.19915500001,110952.77,0.00017715245897893944,0,0.035836144981273743,daily_btc_dca,,,,,
2025-09-07 09:00:00+00:00,daily_btc_dca_buy,19.685039370078741,0.029527559055118113,111237.85687500001,111071.25,0.00017696348997625128,0,0.036013108471249992,daily_btc_dca,,,,,
2025-09-08 09:00:00+00:00,daily_btc_dca_buy,19.685039370078741,0.029527559055118113,111851.78638999999,111684.25999999999,0.00017599217683874797,0,0.036189100648088737,daily_btc_dca,,,,,
2025-09-09 09:00:00+00:00,daily_btc_dca_buy,19.685039370078741,0.029527559055118113,113162.17903500001,112992.69,0.00017395422691525179,0,0.036363054875003992,daily_btc_dca,,,,,
2025-09-10 09:00:00+00:00,daily_btc_dca_buy,19.685039370078741,0.029527559055118113,112538.62510500001,112370.07000000001,0.00017491807236593072,0,0.036537972947369921,daily_btc_dca,,,,,
2025-09-11 09:00:00+00:00,daily_btc_dca_buy,19.685039370078741,0.029527559055118113,114220.464085,114049.39,0.00017234249158215316,0,0.036710315438952076,daily_btc_dca,,,,,
2025-09-12 09:00:00+00:00,daily_btc_dca_buy,19.685039370078741,0.029527559055118113,115220.56198500001,115047.99000000001,0.00017084658355200037,0,0.036881162022504077,daily_btc_dca,,,,,
2025-09-13 09:00:00+00:00,daily_btc_dca_buy,19.685039370078741,0.029527559055118113,116151.977015,115978.00999999999,0.00016947657608562783,0,0.037050638598589702,daily_btc_dca,,,,,
2025-09-14 09:00:00+00:00,daily_btc_dca_buy,19.685039370078741,0.029527559055118113,116107.30010000001,115933.39999999999,0.0001695417889583563,0,0.037220180387548062,daily_btc_dca,,,,,
2025-09-15 09:00:00+00:00,daily_btc_dca_buy,19.685039370078741,0.029527559055118113,114909.38592,114737.28,0.00017130923825303077,0,0.037391489625801091,daily_btc_dca,,,,,
2025-09-16 09:00:00+00:00,daily_btc_dca_buy,19.685039370078741,0.029527559055118113,115832.24814,115658.75999999999,0.00016994437806548077,0,0.037561434003866571,daily_btc_dca,,,,,
2025-09-17 09:00:00+00:00,daily_btc_dca_buy,19.685039370078741,0.029527559055118113,117035.300015,116860.00999999999,0.00016819745296979441,0,0.037729631456836367,daily_btc_dca,,,,,
2025-09-18 09:00:00+00:00,daily_btc_dca_buy,19.685039370078741,0.029527559055118113,117405.42437000001,117229.58,0.00016766720512028367,0,0.037897298661956652,daily_btc_dca,,,,,
2025-09-19 09:00:00+00:00,daily_btc_dca_buy,19.685039370078741,0.029527559055118113,117091.25382000001,116915.88,0.00016811707730399585,0,0.038065415739260651,daily_btc_dca,,,,,
2025-09-20 09:00:00+00:00,daily_btc_dca_buy,19.685039370078741,0.029527559055118113,115874.982145,115701.42999999999,0.00016988170358849241,0,0.038235297442849141,daily_btc_dca,,,,,
2025-09-21 09:00:00+00:00,daily_btc_dca_buy,19.685039370078741,0.029527559055118113,115803.04440000001,115629.60000000001,0.00016998723541398312,0,0.038405284678263124,daily_btc_dca,,,,,
2025-09-22 09:00:00+00:00,daily_btc_dca_buy,19.685039370078741,0.029527559055118113,112798.00359000001,112629.06,0.00017451584907149809,0,0.038579800527334625,daily_btc_dca,,,,,
2025-09-23 09:00:00+00:00,daily_btc_dca_buy,19.685039370078741,0.029527559055118113,113303.54076,113133.84,0.00017373719513122426,0,0.038753537722465849,daily_btc_dca,,,,,
2025-09-24 09:00:00+00:00,daily_btc_dca_buy,19.685039370078741,0.029527559055118113,112791.744215,112622.81,0.00017452553382414011,0,0.038928063256289988,daily_btc_dca,,,,,
2025-09-25 09:00:00+00:00,daily_btc_dca_buy,19.685039370078741,0.029527559055118113,111894.7908,111727.2,0.00017592453794621813,0,0.039103987794236204,daily_btc_dca,,,,,
2025-09-26 09:00:00+00:00,daily_btc_dca_buy,19.685039370078741,0.029527559055118113,109731.5508,109567.2,0.000179392701794193,0,0.039283380496030397,daily_btc_dca,,,,,
2025-09-27 09:00:00+00:00,daily_btc_dca_buy,19.685039370078741,0.029527559055118113,109415.888015,109252.00999999999,0.00017991024637464064,0,0.039463290742405038,daily_btc_dca,,,,,
2025-09-28 09:00:00+00:00,daily_btc_dca_buy,19.685039370078741,0.029527559055118113,109674.17486500001,109509.91,0.00017948655090689695,0,0.039642777293311934,daily_btc_dca,,,,,
2025-09-29 09:00:00+00:00,daily_btc_dca_buy,19.685039370078741,0.029527559055118113,112267.88961000001,112099.74000000001,0.00017533988960210525,0,0.039818117182914038,daily_btc_dca,,,,,
2025-09-30 09:00:00+00:00,daily_btc_dca_buy,19.685039370078741,0.029527559055118113,113622.06783500001,113451.89,0.00017325014185329748,0,0.039991367324767338,daily_btc_dca,,,,,
2025-10-01 09:00:00+00:00,daily_btc_dca_buy,19.685039370078741,0.029527559055118113,116285.43690500001,116111.27,0.00016928206913958225,0,0.040160649393906921,daily_btc_dca,,,,,
2025-10-02 09:00:00+00:00,daily_btc_dca_buy,19.685039370078741,0.029527559055118113,118846.893335,118668.89,0.00016563360486497095,0,0.04032628299877189,daily_btc_dca,,,,,
2025-10-03 09:00:00+00:00,daily_btc_dca_buy,19.685039370078741,0.029527559055118113,120218.65790000001,120038.60000000001,0.00016374362943273832,0,0.040490026628204626,daily_btc_dca,,,,,
2025-10-04 09:00:00+00:00,daily_btc_dca_buy,19.685039370078741,0.029527559055118113,122450.98137000001,122267.58,0.00016075852679855692,0,0.040650785155003186,daily_btc_dca,,,,,
2025-10-05 09:00:00+00:00,daily_btc_dca_buy,19.685039370078741,0.029527559055118113,124782.894,124596,0.00015775431021882488,0,0.040808539465222012,daily_btc_dca,,,,,
2025-10-06 09:00:00+00:00,daily_btc_dca_buy,19.685039370078741,0.029527559055118113,124032.32984000001,123846.56,0.00015870893818952018,0,0.040967248403411531,daily_btc_dca,,,,,
2025-10-07 09:00:00+00:00,daily_btc_dca_buy,19.685039370078741,0.029527559055118113,124047.542625,123861.75,0.00015868947464430869,0,0.041125937878055838,daily_btc_dca,,,,,
2025-10-08 09:00:00+00:00,daily_btc_dca_buy,19.685039370078741,0.029527559055118113,122565.41276000001,122381.84,0.0001606084369709158,0,0.041286546315026755,daily_btc_dca,,,,,
2025-10-09 09:00:00+00:00,daily_btc_dca_buy,19.685039370078741,0.029527559055118113,121443.51243,121261.62,0.00016209214453859929,0,0.041448638459565354,daily_btc_dca,,,,,
2025-10-10 09:00:00+00:00,daily_btc_dca_buy,19.685039370078741,0.029527559055118113,121813.98731,121631.53999999999,0.00016159917103758371,0,0.041610237630602939,daily_btc_dca,,,,,
2025-10-11 09:00:00+00:00,daily_btc_dca_buy,19.685039370078741,0.029527559055118113,111495.37257000001,111328.38,0.00017655476560446404,0,0.041786792396207403,daily_btc_dca,,,,,
2025-10-12 09:00:00+00:00,daily_btc_dca_buy,19.685039370078741,0.029527559055118113,111477.86635,111310.89999999999,0.00017658249134653214,0,0.041963374887553938,daily_btc_dca,,,,,
2025-10-13 09:00:00+00:00,daily_btc_dca_buy,19.685039370078741,0.029527559055118113,115427.111345,115254.23,0.0001705408646261808,0,0.042133915752180118,daily_btc_dca,,,,,
2025-10-14 09:00:00+00:00,daily_btc_dca_buy,19.685039370078741,0.029527559055118113,111971.03499500001,111803.33,0.0001758047460305941,0,0.042309720498210711,daily_btc_dca,,,,,
2025-10-15 09:00:00+00:00,daily_btc_dca_buy,19.685039370078741,0.029527559055118113,113114.25726,112944.84,0.00017402792403818274,0,0.04248374842224889,daily_btc_dca,,,,,
2025-10-16 09:00:00+00:00,daily_btc_dca_buy,19.685039370078741,0.029527559055118113,110983.72625000001,110817.5,0.00017736870111692378,0,0.042661117123365816,daily_btc_dca,,,,,
2025-10-17 09:00:00+00:00,daily_btc_dca_buy,19.685039370078741,0.029527559055118113,105041.70657000001,104884.38,0.00018740212828664002,0,0.042848519251652457,daily_btc_dca,,,,,
2025-10-18 09:00:00+00:00,daily_btc_dca_buy,19.685039370078741,0.029527559055118113,106879.2788,106719.2,0.00018418012912413797,0,0.043032699380776598,daily_btc_dca,,,,,
2025-10-19 09:00:00+00:00,daily_btc_dca_buy,19.685039370078741,0.029527559055118113,106603.62594000001,106443.96000000001,0.00018465637727142715,0,0.043217355758048026,daily_btc_dca,,,,,
2025-10-20 09:00:00+00:00,daily_btc_dca_buy,19.685039370078741,0.029527559055118113,111263.80574000001,111097.16,0.00017692221867799952,0,0.043394277976726028,daily_btc_dca,,,,,
2025-10-21 09:00:00+00:00,daily_btc_dca_buy,19.685039370078741,0.029527559055118113,107857.33368500001,107695.78999999999,0.00018250997588693766,0,0.043576787952612966,daily_btc_dca,,,,,
2025-10-22 09:00:00+00:00,daily_btc_dca_buy,19.685039370078741,0.029527559055118113,108391.64395000001,108229.3,0.00018161030364258755,0,0.043758398256255555,daily_btc_dca,,,,,
2025-10-23 09:00:00+00:00,daily_btc_dca_buy,19.685039370078741,0.029527559055118113,109669.70817500001,109505.45,0.00017949386113681742,0,0.043937892117392373,daily_btc_dca,,,,,
2025-10-24 09:00:00+00:00,daily_btc_dca_buy,19.685039370078741,0.029527559055118113,111264.43668499999,111097.78999999999,0.00017692121540873769,0,0.044114813332801109,daily_btc_dca,,,,,
2025-10-25 09:00:00+00:00,daily_btc_dca_buy,19.685039370078741,0.029527559055118113,111931.455715,111763.81,0.00017586691108709254,0,0.0442906802438882,daily_btc_dca,,,,,
2025-10-26 09:00:00+00:00,daily_btc_dca_buy,19.685039370078741,0.029527559055118113,111944.60541,111776.94,0.0001758462526888346,0,0.044466526496577036,daily_btc_dca,,,,,
2025-10-27 09:00:00+00:00,daily_btc_dca_buy,19.685039370078741,0.029527559055118113,115187.40232000001,115014.88,0.00017089576614803844,0,0.044637422262725074,daily_btc_dca,,,,,
2025-10-28 09:00:00+00:00,daily_btc_dca_buy,19.685039370078741,0.029527559055118113,114598.870845,114427.23,0.00017177341473725009,0,0.044809195677462325,daily_btc_dca,,,,,
2025-10-29 09:00:00+00:00,daily_btc_dca_buy,19.685039370078741,0.029527559055118113,113240.54641000001,113070.94,0.00017383384303716501,0,0.044983029520499491,daily_btc_dca,,,,,
2025-10-30 09:00:00+00:00,daily_btc_dca_buy,19.685039370078741,0.029527559055118113,110880.381465,110714.31,0.00017753401557598747,0,0.045160563536075476,daily_btc_dca,,,,,
2025-10-31 09:00:00+00:00,daily_btc_dca_buy,19.685039370078741,0.029527559055118113,110227.54367500001,110062.45,0.0001785854852043063,0,0.045339149021279786,daily_btc_dca,,,,,
2025-11-01 09:00:00+00:00,daily_btc_dca_buy,19.685039370078741,0.029527559055118113,110414.25332000002,110248.88,0.00017828349853553797,0,0.045517432519815326,daily_btc_dca,,,,,
2025-11-02 09:00:00+00:00,daily_btc_dca_buy,19.685039370078741,0.029527559055118113,111016.445255,110850.17,0.00017731642663267638,0,0.045694748946448004,daily_btc_dca,,,,,
2025-11-03 09:00:00+00:00,daily_btc_dca_buy,19.685039370078741,0.029527559055118113,107748.36047,107586.98,0.0001826945605873936,0,0.045877443507035397,daily_btc_dca,,,,,
2025-11-04 09:00:00+00:00,daily_btc_dca_buy,19.685039370078741,0.029527559055118113,104207.97785,104051.89999999999,0.00018890146202063301,0,0.046066344969056032,daily_btc_dca,,,,,
2025-11-05 09:00:00+00:00,daily_btc_dca_buy,19.685039370078741,0.029527559055118113,101852.28961000001,101699.74000000001,0.00019327046495915036,0,0.046259615434015182,daily_btc_dca,,,,,
2025-11-06 09:00:00+00:00,daily_btc_dca_buy,19.685039370078741,0.029527559055118113,103355.06039,103200.25999999999,0.00019046033446063705,0,0.046450075768475818,daily_btc_dca,,,,,
2025-11-07 09:00:00+00:00,daily_btc_dca_buy,19.685039370078741,0.029527559055118113,101648.42427,101496.17999999999,0.0001936580867972046,0,0.046643733855273026,daily_btc_dca,,,,,
2025-11-08 09:00:00+00:00,daily_btc_dca_buy,19.685039370078741,0.029527559055118113,102585.38761000001,102431.74000000001,0.00019188931122350068,0,0.046835623166496525,daily_btc_dca,,,,,
2025-11-09 09:00:00+00:00,daily_btc_dca_buy,19.685039370078741,0.029527559055118113,102125.89941000001,101972.94,0.00019275266591337566,0,0.047028375832409902,daily_btc_dca,,,,,
2025-11-10 09:00:00+00:00,daily_btc_dca_buy,19.685039370078741,0.029527559055118113,106124.40819000002,105965.46000000001,0.00018549021573656833,0,0.047213866048146473,daily_btc_dca,,,,,
2025-11-11 09:00:00+00:00,daily_btc_dca_buy,19.685039370078741,0.029527559055118113,105315.53670000001,105157.8,0.00018691486543104461,0,0.047400780913577516,daily_btc_dca,,,,,
2025-11-12 09:00:00+00:00,daily_btc_dca_buy,19.685039370078741,0.029527559055118113,104303.470875,104147.25,0.00018872851694139503,0,0.047589509430518907,daily_btc_dca,,,,,
2025-11-13 09:00:00+00:00,daily_btc_dca_buy,19.685039370078741,0.029527559055118113,103839.59610500002,103684.07000000001,0.00018957160956379026,0,0.047779081040082695,daily_btc_dca,,,,,
2025-11-14 09:00:00+00:00,daily_btc_dca_buy,19.685039370078741,0.029527559055118113,97523.476115000012,97377.410000000003,0.00020184923829895149,0,0.047980930278381649,daily_btc_dca,,,,,
2025-11-15 09:00:00+00:00,daily_btc_dca_buy,19.685039370078741,0.029527559055118113,96054.736304999999,95910.869999999995,0.00020493564531345304,0,0.048185865923695101,daily_btc_dca,,,,,
2025-11-16 09:00:00+00:00,daily_btc_dca_buy,19.685039370078741,0.029527559055118113,96261.105394999991,96116.929999999993,0.00020449629462806091,0,0.048390362218323164,daily_btc_dca,,,,,
2025-11-17 09:00:00+00:00,daily_btc_dca_buy,19.685039370078741,0.029527559055118113,95762.498605000015,95619.070000000007,0.00020556104588786213,0,0.048595923264211027,daily_btc_dca,,,,,
2025-11-18 09:00:00+00:00,daily_btc_dca_buy,19.685039370078741,0.029527559055118113,91356.819985000009,91219.990000000005,0.00021547421827194566,0,0.04881139748248297,daily_btc_dca,,,,,
2025-11-19 09:00:00+00:00,daily_btc_dca_buy,19.685039370078741,0.029527559055118113,91607.645660000009,91470.440000000002,0.00021488424059209403,0,0.049026281723075063,daily_btc_dca,,,,,
2025-11-20 09:00:00+00:00,daily_btc_dca_buy,19.685039370078741,0.029527559055118113,92266.412330000006,92128.220000000001,0.00021335000324574494,0,0.049239631726320808,daily_btc_dca,,,,,
2025-11-21 09:00:00+00:00,daily_btc_dca_buy,19.685039370078741,0.029527559055118113,83768.915175000002,83643.449999999997,0.00023499217256132672,0,0.049474623898882138,daily_btc_dca,,,,,
2025-11-22 09:00:00+00:00,daily_btc_dca_buy,19.685039370078741,0.029527559055118113,84142.795155000014,84016.770000000004,0.00023394800866570687,0,0.049708571907547842,daily_btc_dca,,,,,
2025-11-23 09:00:00+00:00,daily_btc_dca_buy,19.685039370078741,0.029527559055118113,86266.385769999993,86137.179999999993,0.0002281889891917138,0,0.049936760896739554,daily_btc_dca,,,,,
2025-11-24 09:00:00+00:00,daily_btc_dca_buy,19.685039370078741,0.029527559055118113,87091.942250000007,86961.5,0.00022602595442839304,0,0.050162786851167949,daily_btc_dca,,,,,
2025-11-25 09:00:00+00:00,daily_btc_dca_buy,19.685039370078741,0.029527559055118113,87140.334730000017,87009.820000000007,0.00022590043326172493,0,0.050388687284429676,daily_btc_dca,,,,,
2025-11-26 09:00:00+00:00,daily_btc_dca_buy,19.685039370078741,0.029527559055118113,87555.937200000015,87424.800000000003,0.0002248281498616491,0,0.050613515434291323,daily_btc_dca,,,,,
2025-11-27 09:00:00+00:00,daily_btc_dca_buy,19.685039370078741,0.029527559055118113,91629.248015000005,91492.009999999995,0.00021483357985057605,0,0.050828349014141898,daily_btc_dca,,,,,
2025-11-28 09:00:00+00:00,daily_btc_dca_buy,19.685039370078741,0.029527559055118113,91827.524985000011,91689.990000000005,0.00021436970421770906,0,0.051042718718359609,daily_btc_dca,,,,,
2025-11-29 09:00:00+00:00,daily_btc_dca_buy,19.685039370078741,0.029527559055118113,90765.614505000005,90629.669999999998,0.00021687771825743934,0,0.051259596436617046,daily_btc_dca,,,,,
2025-11-30 09:00:00+00:00,daily_btc_dca_buy,19.685039370078741,0.029527559055118113,91321.226674999998,91184.449999999997,0.00021555820138219515,0,0.051475154637999239,daily_btc_dca,,,,,
2025-12-01 09:00:00+00:00,daily_btc_dca_buy,19.685039370078741,0.029527559055118113,86999.804250000001,86869.5,0.0002262653294427239,0,0.051701419967441965,daily_btc_dca,,,,,
2025-12-02 09:00:00+00:00,daily_btc_dca_buy,19.685039370078741,0.029527559055118113,86601.587820000015,86471.880000000005,0.00022730575576736275,0,0.051928725723209328,daily_btc_dca,,,,,
2025-12-03 09:00:00+00:00,daily_btc_dca_buy,19.685039370078741,0.029527559055118113,92904.788460000011,92765.639999999999,0.00021188401261528191,0,0.052140609735824607,daily_btc_dca,,,,,
2025-12-04 09:00:00+00:00,daily_btc_dca_buy,19.685039370078741,0.029527559055118113,93400.530960000004,93260.639999999999,0.00021075939470311059,0,0.052351369130527715,daily_btc_dca,,,,,
2025-12-05 09:00:00+00:00,daily_btc_dca_buy,19.685039370078741,0.029527559055118113,92250.208060000004,92112.039999999994,0.0002133874793786426,0,0.052564756609906359,daily_btc_dca,,,,,
2025-12-06 09:00:00+00:00,daily_btc_dca_buy,19.685039370078741,0.029527559055118113,89411.055710000001,89277.139999999999,0.00022016337033225642,0,0.052784919980238612,daily_btc_dca,,,,,
2025-12-07 09:00:00+00:00,daily_btc_dca_buy,19.685039370078741,0.029527559055118113,89450.584914999999,89316.610000000001,0.00022006607769847853,0,0.05300498605793709,daily_btc_dca,,,,,
2025-12-08 09:00:00+00:00,daily_btc_dca_buy,19.685039370078741,0.029527559055118113,91971.640834999998,91833.889999999999,0.00021403379554132688,0,0.053219019853478419,daily_btc_dca,,,,,
2025-12-09 09:00:00+00:00,daily_btc_dca_buy,19.685039370078741,0.029527559055118113,90634.468080000006,90498.720000000001,0.00021719153636675417,0,0.053436211389845174,daily_btc_dca,,,,,
2025-12-10 09:00:00+00:00,daily_btc_dca_buy,19.685039370078741,0.029527559055118113,92743.897485000009,92604.990000000005,0.00021225158639966054,0,0.053648462976244836,daily_btc_dca,,,,,
2025-12-11 09:00:00+00:00,daily_btc_dca_buy,19.685039370078741,0.029527559055118113,90318.98556500001,90183.710000000006,0.00021795018231146956,0,0.053866413158556309,daily_btc_dca,,,,,
2025-12-12 09:00:00+00:00,daily_btc_dca_buy,19.685039370078741,0.029527559055118113,92480.893570000015,92342.380000000005,0.00021285520295258472,0,0.054079268361508892,daily_btc_dca,,,,,
2025-12-13 09:00:00+00:00,daily_btc_dca_buy,19.685039370078741,0.029527559055118113,90593.887300000002,90458.199999999997,0.00021728882551305136,0,0.054296557187021942,daily_btc_dca,,,,,
2025-12-14 09:00:00+00:00,daily_btc_dca_buy,19.685039370078741,0.029527559055118113,90243.442420000007,90108.279999999999,0.00021813262927696214,0,0.054514689816298902,daily_btc_dca,,,,,
2025-12-15 09:00:00+00:00,daily_btc_dca_buy,19.685039370078741,0.029527559055118113,89904.654999999999,89770,0.000218954617756764,0,0.054733644434055664,daily_btc_dca,,,,,
2025-12-16 09:00:00+00:00,daily_btc_dca_buy,19.685039370078741,0.029527559055118113,86410.591755000001,86281.169999999998,0.00022780817687132317,0,0.05496145261092699,daily_btc_dca,,,,,
2025-12-17 09:00:00+00:00,daily_btc_dca_buy,19.685039370078741,0.029527559055118113,86525.26350500001,86395.669999999998,0.00022750626317296575,0,0.055188958874099955,daily_btc_dca,,,,,
2025-12-18 09:00:00+00:00,daily_btc_dca_buy,19.685039370078741,0.029527559055118113,87109.448470000003,86978.979999999996,0.00022598053042269183,0,0.055414939404522648,daily_btc_dca,,,,,
2025-12-19 09:00:00+00:00,daily_btc_dca_buy,19.685039370078741,0.029527559055118113,88234.934170000008,88102.779999999999,0.00022309802296845458,0,0.055638037427491099,daily_btc_dca,,,,,
2025-12-20 09:00:00+00:00,daily_btc_dca_buy,19.685039370078741,0.029527559055118113,88389.595815000008,88257.210000000006,0.00022270765228160624,0,0.055860745079772706,daily_btc_dca,,,,,
2025-12-21 09:00:00+00:00,daily_btc_dca_buy,19.685039370078741,0.029527559055118113,88670.686820000003,88537.880000000005,0.00022200165664712892,0,0.056082746736419838,daily_btc_dca,,,,,
2025-12-22 09:00:00+00:00,daily_btc_dca_buy,19.685039370078741,0.029527559055118113,89468.211315000008,89334.210000000006,0.00022002272182207355,0,0.056302769458241912,daily_btc_dca,,,,,
2025-12-23 09:00:00+00:00,daily_btc_dca_buy,19.685039370078741,0.029527559055118113,87608.355710000003,87477.139999999999,0.00022469362894151206,0,0.056527463087183427,daily_btc_dca,,,,,
2025-12-24 09:00:00+00:00,daily_btc_dca_buy,19.685039370078741,0.029527559055118113,86925.753339999996,86795.559999999998,0.00022645808191138701,0,0.056753921169094813,daily_btc_dca,,,,,
2025-12-25 09:00:00+00:00,daily_btc_dca_buy,19.685039370078741,0.029527559055118113,87716.026975000001,87584.649999999994,0.00022441781791700605,0,0.056978338987011823,daily_btc_dca,,,,,
2025-12-26 09:00:00+00:00,daily_btc_dca_buy,19.685039370078741,0.029527559055118113,88875.393420000008,88742.279999999999,0.00022149032046533739,0,0.057199829307477162,daily_btc_dca,,,,,
2025-12-27 09:00:00+00:00,daily_btc_dca_buy,19.685039370078741,0.029527559055118113,87724.399514999997,87593.009999999995,0.00022439639916500991,0,0.057424225706642171,daily_btc_dca,,,,,
2025-12-28 09:00:00+00:00,daily_btc_dca_buy,19.685039370078741,0.029527559055118113,87936.707500000004,87805,0.0002238546328344024,0,0.057648080339476576,daily_btc_dca,,,,,
2025-12-29 09:00:00+00:00,daily_btc_dca_buy,19.685039370078741,0.029527559055118113,89689.432650000017,89555.100000000006,0.00021948003001531682,0,0.057867560369491894,daily_btc_dca,,,,,
2025-12-30 09:00:00+00:00,daily_btc_dca_buy,19.685039370078741,0.029527559055118113,88004.489019999994,87872.679999999993,0.00022368221881960019,0,0.058091242588311491,daily_btc_dca,,,,,
2025-12-31 09:00:00+00:00,daily_btc_dca_buy,19.685039370078741,0.029527559055118113,88567.311990000002,88434.660000000003,0.00022226077463321172,0,0.058313503362944705,daily_btc_dca,,,,,
2026-01-01 09:00:00+00:00,daily_btc_dca_buy,19.685039370078741,0.029527559055118113,87902.546335000006,87770.889999999999,0.0002239416284376825,0,0.058537444991382387,daily_btc_dca,,,,,
2026-01-02 09:00:00+00:00,daily_btc_dca_buy,19.685039370078741,0.029527559055118113,89311.897195000012,89178.130000000005,0.00022040780666767403,0,0.058757852798050063,daily_btc_dca,,,,,
2026-01-03 09:00:00+00:00,daily_btc_dca_buy,19.685039370078741,0.029527559055118113,89805.015765000004,89670.509999999995,0.00021919754929490982,0,0.058977050347344975,daily_btc_dca,,,,,
2026-01-04 09:00:00+00:00,daily_btc_dca_buy,19.685039370078741,0.029527559055118113,91512.052485000007,91374.990000000005,0.00021510870793008788,0,0.059192159055275063,daily_btc_dca,,,,,
2026-01-05 09:00:00+00:00,daily_btc_dca_buy,19.685039370078741,0.029527559055118113,92606.241309999998,92467.539999999994,0.00021256709150070072,0,0.059404726146775763,daily_btc_dca,,,,,
2026-01-06 09:00:00+00:00,daily_btc_dca_buy,19.685039370078741,0.029527559055118113,93380.040269999998,93240.179999999993,0.00021080564233171475,0,0.05961553178910748,daily_btc_dca,,,,,
2026-01-07 09:00:00+00:00,daily_btc_dca_buy,19.685039370078741,0.029527559055118113,92857.978350000005,92718.899999999994,0.00021199082426586922,0,0.059827522613373346,daily_btc_dca,,,,,
2026-01-08 09:00:00+00:00,daily_btc_dca_buy,19.685039370078741,0.029527559055118113,90362.590875000009,90227.25,0.00021784500842067891,0,0.060045367621794028,daily_btc_dca,,,,,
2026-01-09 09:00:00+00:00,daily_btc_dca_buy,19.685039370078741,0.029527559055118113,90168.570280000014,90033.520000000004,0.00021831375732088117,0,0.060263681379114913,daily_btc_dca,,,,,
2026-01-10 09:00:00+00:00,daily_btc_dca_buy,19.685039370078741,0.029527559055118113,90797.932910000003,90661.940000000002,0.00021680052330696545,0,0.060480481902421876,daily_btc_dca,,,,,
2026-01-11 09:00:00+00:00,daily_btc_dca_buy,19.685039370078741,0.029527559055118113,90926.195015000005,90790.009999999995,0.00021649470063969266,0,0.060696976603061566,daily_btc_dca,,,,,
2026-01-12 09:00:00+00:00,daily_btc_dca_buy,19.685039370078741,0.029527559055118113,90888.408420000007,90752.279999999999,0.0002165847076902608,0,0.060913561310751825,daily_btc_dca,,,,,
2026-01-13 09:00:00+00:00,daily_btc_dca_buy,19.685039370078741,0.029527559055118113,92304.138835000005,92165.889999999999,0.00021326280293094008,0,0.061126824113682768,daily_btc_dca,,,,,
2026-01-14 09:00:00+00:00,daily_btc_dca_buy,19.685039370078741,0.029527559055118113,95042.360014999998,94900.009999999995,0.00020711858761684749,0,0.061333942701299618,daily_btc_dca,,,,,
2026-01-15 09:00:00+00:00,daily_btc_dca_buy,19.685039370078741,0.029527559055118113,96787.974514999994,96643.009999999995,0.00020338311106022779,0,0.061537325812359843,daily_btc_dca,,,,,
2026-01-16 09:00:00+00:00,daily_btc_dca_buy,19.685039370078741,0.029527559055118113,95819.524015000003,95676.009999999995,0.00020543870962036045,0,0.061742764521980201,daily_btc_dca,,,,,
2026-01-17 09:00:00+00:00,daily_btc_dca_buy,19.685039370078741,0.029527559055118113,95390.381265000004,95247.509999999995,0.0002063629383699868,0,0.061949127460350188,daily_btc_dca,,,,,
2026-01-18 09:00:00+00:00,daily_btc_dca_buy,19.685039370078741,0.029527559055118113,95326.705894999992,95183.929999999993,0.00020650078260085191,0,0.062155628242951039,daily_btc_dca,,,,,
2026-01-19 09:00:00+00:00,daily_btc_dca_buy,19.685039370078741,0.029527559055118113,93398.978635000007,93259.089999999997,0.00021076289760091699,0,0.062366391140551959,daily_btc_dca,,,,,
2026-01-20 09:00:00+00:00,daily_btc_dca_buy,19.685039370078741,0.029527559055118113,91252.673999999999,91116,0.00021572013736363211,0,0.062582111277915589,daily_btc_dca,,,,,
2026-01-21 09:00:00+00:00,daily_btc_dca_buy,19.685039370078741,0.029527559055118113,89331.156040000002,89197.360000000001,0.00022036028909403488,0,0.062802471567009618,daily_btc_dca,,,,,
2026-01-22 09:00:00+00:00,daily_btc_dca_buy,19.685039370078741,0.029527559055118113,90055.040240000002,89920.160000000003,0.00021858897977967013,0,0.063021060546789284,daily_btc_dca,,,,,
2026-01-23 09:00:00+00:00,daily_btc_dca_buy,19.685039370078741,0.029527559055118113,89355.292190000007,89221.460000000006,0.00022030076660956569,0,0.063241361313398844,daily_btc_dca,,,,,
2026-01-24 09:00:00+00:00,daily_btc_dca_buy,19.685039370078741,0.029527559055118113,89795.371320000006,89660.880000000005,0.0002192210921421327,0,0.063460582405540977,daily_btc_dca,,,,,
2026-01-25 09:00:00+00:00,daily_btc_dca_buy,19.685039370078741,0.029527559055118113,88432.450000000012,88300,0.00022259972860730126,0,0.063683182134148281,daily_btc_dca,,,,,
2026-01-26 09:00:00+00:00,daily_btc_dca_buy,19.685039370078741,0.029527559055118113,88107.35308500001,87975.389999999999,0.00022342107305264235,0,0.063906603207200929,daily_btc_dca,,,,,
2026-01-27 09:00:00+00:00,daily_btc_dca_buy,19.685039370078741,0.029527559055118113,88303.086245000013,88170.830000000002,0.00022292583653828256,0,0.064129529043739211,daily_btc_dca,,,,,
2026-01-28 09:00:00+00:00,daily_btc_dca_buy,19.685039370078741,0.029527559055118113,89058.858205000011,88925.470000000001,0.00022103404160837947,0,0.06435056308534759,daily_btc_dca,,,,,
2026-01-29 09:00:00+00:00,daily_btc_dca_buy,19.685039370078741,0.029527559055118113,88196.256240000002,88064.160000000003,0.00022319586124508204,0,0.064573758946592674,daily_btc_dca,,,,,
2026-01-30 09:00:00+00:00,daily_btc_dca_buy,19.685039370078741,0.029527559055118113,82795.707550000006,82671.699999999997,0.00023775434684450303,0,0.064811513293437178,daily_btc_dca,,,,,
2026-01-31 09:00:00+00:00,daily_btc_dca_buy,19.685039370078741,0.029527559055118113,83198.691120000003,83074.080000000002,0.00023660275306117988,0,0.065048116046498364,daily_btc_dca,,,,,
2026-02-01 09:00:00+00:00,daily_btc_dca_buy,19.685039370078741,0.029527559055118113,78721.926030000002,78604.020000000004,0.0002500578982604796,0,0.065298173944758842,daily_btc_dca,,,,,
2026-02-02 09:00:00+00:00,daily_btc_dca_buy,19.685039370078741,0.029527559055118113,76996.601920000001,76881.279999999999,0.00025566114450780093,0,0.06555383508926664,daily_btc_dca,,,,,
2026-02-03 09:00:00+00:00,daily_btc_dca_buy,19.685039370078741,0.029527559055118113,78866.081940000004,78747.960000000006,0.0002496008282122445,0,0.065803435917478892,daily_btc_dca,,,,,
2026-02-04 09:00:00+00:00,daily_btc_dca_buy,19.685039370078741,0.029527559055118113,76702.140889999995,76587.259999999995,0.00025664263267839461,0,0.066060078550157289,daily_btc_dca,,,,,
2026-02-05 09:00:00+00:00,daily_btc_dca_buy,19.685039370078741,0.029527559055118113,71161.572485000012,71054.990000000005,0.00027662456973148123,0,0.066336703119888776,daily_btc_dca,,,,,
2026-02-06 09:00:00+00:00,daily_btc_dca_buy,19.685039370078741,0.029527559055118113,64992.382560000005,64895.040000000001,0.00030288225473048018,0,0.066639585374619253,daily_btc_dca,,,,,
2026-02-07 09:00:00+00:00,daily_btc_dca_buy,19.685039370078741,0.029527559055118113,68597.752515,68495.009999999995,0.00028696332821945281,0,0.066926548702838706,daily_btc_dca,,,,,
2026-02-08 09:00:00+00:00,daily_btc_dca_buy,19.685039370078741,0.029527559055118113,70771.588384999995,70665.589999999997,0.00027814889872177824,0,0.06720469760156049,daily_btc_dca,,,,,
2026-02-09 09:00:00+00:00,daily_btc_dca_buy,19.685039370078741,0.029527559055118113,69978.260175000003,69873.449999999997,0.0002813022118705274,0,0.067485999813431022,daily_btc_dca,,,,,
2026-02-10 09:00:00+00:00,daily_btc_dca_buy,19.685039370078741,0.029527559055118113,69245.702985000011,69141.990000000005,0.00028427813599268261,0,0.06777027794942371,daily_btc_dca,,,,,
2026-02-11 09:00:00+00:00,daily_btc_dca_buy,19.685039370078741,0.029527559055118113,67081.551619999998,66981.080000000002,0.00029344937459988257,0,0.06806372732402359,daily_btc_dca,,,,,
2026-02-12 09:00:00+00:00,daily_btc_dca_buy,19.685039370078741,0.029527559055118113,67241.861724999995,67141.149999999994,0.00029274976725934403,0,0.068356477091282938,daily_btc_dca,,,,,
2026-02-13 09:00:00+00:00,daily_btc_dca_buy,19.685039370078741,0.029527559055118113,66800.009940000004,66699.960000000006,0.00029468617426494265,0,0.068651163265547877,daily_btc_dca,,,,,
2026-02-14 09:00:00+00:00,daily_btc_dca_buy,19.685039370078741,0.029527559055118113,69850.819300000003,69746.199999999997,0.00028181543992396291,0,0.06893297870547184,daily_btc_dca,,,,,
2026-02-15 09:00:00+00:00,daily_btc_dca_buy,19.685039370078741,0.029527559055118113,70552.189780000015,70446.520000000004,0.000279013868052314,0,0.069211992573524159,daily_btc_dca,,,,,
2026-02-16 09:00:00+00:00,daily_btc_dca_buy,19.685039370078741,0.029527559055118113,68866.004290000012,68762.860000000001,0.00028584552818228763,0,0.069497838101706441,daily_btc_dca,,,,,
2026-02-17 09:00:00+00:00,daily_btc_dca_buy,19.685039370078741,0.029527559055118113,68279.796295000007,68177.529999999999,0.00028829962065250384,0,0.069786137722358949,daily_btc_dca,,,,,
2026-02-18 09:00:00+00:00,daily_btc_dca_buy,19.685039370078741,0.029527559055118113,68235.029245000012,68132.830000000002,0.00028848876578331913,0,0.070074626488142264,daily_btc_dca,,,,,
2026-02-19 09:00:00+00:00,daily_btc_dca_buy,19.685039370078741,0.029527559055118113,67066.569180000006,66966.119999999995,0.00029351493017700149,0,0.070368141418319263,daily_btc_dca,,,,,
2026-02-20 09:00:00+00:00,daily_btc_dca_buy,19.685039370078741,0.029527559055118113,67981.809985000014,67879.990000000005,0.00028956333134440206,0,0.070657704749663666,daily_btc_dca,,,,,
2026-02-21 09:00:00+00:00,daily_btc_dca_buy,19.685039370078741,0.029527559055118113,68157.122560000003,68055.039999999994,0.0002888185215382241,0,0.070946523271201892,daily_btc_dca,,,,,
2026-02-22 09:00:00+00:00,daily_btc_dca_buy,19.685039370078741,0.029527559055118113,68052.035165000008,67950.110000000001,0.00028926452122041748,0,0.071235787792422303,daily_btc_dca,,,,,
2026-02-23 09:00:00+00:00,daily_btc_dca_buy,19.685039370078741,0.029527559055118113,65774.954660000003,65676.440000000002,0.00029927864598057848,0,0.071535066438402878,daily_btc_dca,,,,,
2026-02-24 09:00:00+00:00,daily_btc_dca_buy,19.685039370078741,0.029527559055118113,63487.238225000008,63392.150000000001,0.00031006293422805033,0,0.071845129372630934,daily_btc_dca,,,,,
2026-02-25 09:00:00+00:00,daily_btc_dca_buy,19.685039370078741,0.029527559055118113,65628.775720000005,65530.480000000003,0.00029994524740280709,0,0.072145074620033736,daily_btc_dca,,,,,
2026-02-26 09:00:00+00:00,daily_btc_dca_buy,19.685039370078741,0.029527559055118113,68055.930999999997,67954,0.00028924796238668371,0,0.072434322582420427,daily_btc_dca,,,,,
2026-02-27 09:00:00+00:00,daily_btc_dca_buy,19.685039370078741,0.029527559055118113,68028.139374999999,67926.25,0.00028936612923611567,0,0.072723688711656548,daily_btc_dca,,,,,
2026-02-28 09:00:00+00:00,daily_btc_dca_buy,19.685039370078741,0.029527559055118113,63568.479905,63473.269999999997,0.00030966666812698798,0,0.073033355379783532,daily_btc_dca,,,,,
2026-03-01 09:00:00+00:00,daily_btc_dca_buy,19.685039370078741,0.029527559055118113,66659.980210000009,66560.139999999999,0.00029530520873340561,0,0.073328660588516933,daily_btc_dca,,,,,
2026-03-02 09:00:00+00:00,daily_btc_dca_buy,19.685039370078741,0.029527559055118113,66381.412985000003,66281.990000000005,0.00029654444647821685,0,0.073625205034995145,daily_btc_dca,,,,,
2026-03-03 09:00:00+00:00,daily_btc_dca_buy,19.685039370078741,0.029527559055118113,67103.804950000005,67003.300000000003,0.00029335205931685008,0,0.073918557094311999,daily_btc_dca,,,,,
2026-03-04 09:00:00+00:00,daily_btc_dca_buy,19.685039370078741,0.029527559055118113,71117.917099999991,71011.399999999994,0.00027679437436840712,0,0.074195351468680407,daily_btc_dca,,,,,
2026-03-05 09:00:00+00:00,daily_btc_dca_buy,19.685039370078741,0.029527559055118113,72442.200549999994,72333.699999999997,0.00027173442027747378,0,0.074467085888957882,daily_btc_dca,,,,,
2026-03-06 09:00:00+00:00,daily_btc_dca_buy,19.685039370078741,0.029527559055118113,70895.674235000013,70789.490000000005,0.00027766206588046756,0,0.074744747954838348,daily_btc_dca,,,,,
2026-03-07 09:00:00+00:00,daily_btc_dca_buy,19.685039370078741,0.029527559055118113,67897.093099999998,67795.399999999994,0.00028992462668595074,0,0.075034672581524298,daily_btc_dca,,,,,
2026-03-08 09:00:00+00:00,daily_btc_dca_buy,19.685039370078741,0.029527559055118113,67640.649009999994,67539.339999999997,0.00029102380976812485,0,0.075325696391292427,daily_btc_dca,,,,,
2026-03-09 09:00:00+00:00,daily_btc_dca_buy,19.685039370078741,0.029527559055118113,67916.412035000001,67814.690000000002,0.00028984215714950116,0,0.075615538548441927,daily_btc_dca,,,,,
2026-03-10 09:00:00+00:00,daily_btc_dca_buy,19.685039370078741,0.029527559055118113,70815.434055000005,70709.369999999995,0.0002779766816763422,0,0.075893515230118266,daily_btc_dca,,,,,
2026-03-11 09:00:00+00:00,daily_btc_dca_buy,19.685039370078741,0.029527559055118113,69766.733360000013,69662.240000000005,0.0002821550963050384,0,0.076175670326423306,daily_btc_dca,,,,,
2026-03-12 09:00:00+00:00,daily_btc_dca_buy,19.685039370078741,0.029527559055118113,70022.236040000003,69917.360000000001,0.00028112554644547081,0,0.076456795872868771,daily_btc_dca,,,,,
2026-03-13 09:00:00+00:00,daily_btc_dca_buy,19.685039370078741,0.029527559055118113,71928.741515000002,71821.009999999995,0.0002736741802437017,0,0.076730470053112468,daily_btc_dca,,,,,
2026-03-14 09:00:00+00:00,daily_btc_dca_buy,19.685039370078741,0.029527559055118113,70691.518460000007,70585.639999999999,0.00027846394870153054,0,0.077008934001813995,daily_btc_dca,,,,,
2026-03-15 09:00:00+00:00,daily_btc_dca_buy,19.685039370078741,0.029527559055118113,71825.076249999998,71717.5,0.00027406917469271385,0,0.077283003176506715,daily_btc_dca,,,,,
2026-03-16 09:00:00+00:00,daily_btc_dca_buy,19.685039370078741,0.029527559055118113,73244.702499999999,73135,0.00026875717557974573,0,0.077551760352086455,daily_btc_dca,,,,,
2026-03-17 09:00:00+00:00,daily_btc_dca_buy,19.685039370078741,0.029527559055118113,74299.662570000015,74188.380000000005,0.00026494116782203224,0,0.077816701519908493,daily_btc_dca,,,,,
2026-03-18 09:00:00+00:00,daily_btc_dca_buy,19.685039370078741,0.029527559055118113,74155.967349999992,74044.899999999994,0.00026545455576312084,0,0.078082156075671608,daily_btc_dca,,,,,
2026-03-19 09:00:00+00:00,daily_btc_dca_buy,19.685039370078741,0.029527559055118113,70090.167785000012,69985.190000000002,0.00028085307814445745,0,0.078363009153816068,daily_btc_dca,,,,,
2026-03-20 09:00:00+00:00,daily_btc_dca_buy,19.685039370078741,0.029527559055118113,71148.793344999998,71042.229999999996,0.00027667425467957162,0,0.078639683408495642,daily_btc_dca,,,,,
2026-03-21 09:00:00+00:00,daily_btc_dca_buy,19.685039370078741,0.029527559055118113,70700.311629999997,70594.419999999998,0.00027842931546182692,0,0.078918112723957462,daily_btc_dca,,,,,
2026-03-22 09:00:00+00:00,daily_btc_dca_buy,19.685039370078741,0.029527559055118113,68907.977155000015,68804.770000000004,0.00028567141545600254,0,0.079203784139413466,daily_btc_dca,,,,,
2026-03-23 09:00:00+00:00,daily_btc_dca_buy,19.685039370078741,0.029527559055118113,68536.921405000001,68434.270000000004,0.00028721802740096014,0,0.079491002166814428,daily_btc_dca,,,,,
2026-03-24 09:00:00+00:00,daily_btc_dca_buy,19.685039370078741,0.029527559055118113,71070.606240000008,70964.160000000003,0.00027697863310190244,0,0.07976798079991633,daily_btc_dca,,,,,
2026-03-25 09:00:00+00:00,daily_btc_dca_buy,19.685039370078741,0.029527559055118113,71355.272599999997,71248.399999999994,0.00027587364819455179,0,0.080043854448110879,daily_btc_dca,,,,,
2026-03-26 09:00:00+00:00,daily_btc_dca_buy,19.685039370078741,0.029527559055118113,70129.817170000009,70024.779999999999,0.00028069429187817084,0,0.080324548739989052,daily_btc_dca,,,,,
2026-03-27 09:00:00+00:00,daily_btc_dca_buy,19.685039370078741,0.029527559055118113,68022.390765000004,67920.509999999995,0.00028939058372831275,0,0.080613939323717368,daily_btc_dca,,,,,
2026-03-28 09:00:00+00:00,daily_btc_dca_buy,19.685039370078741,0.029527559055118113,66508.954010000001,66409.339999999997,0.00029597577744372558,0,0.080909915101161092,daily_btc_dca,,,,,
2026-03-29 09:00:00+00:00,daily_btc_dca_buy,19.685039370078741,0.029527559055118113,66824.08600000001,66724,0.00029458000173887506,0,0.081204495102899968,daily_btc_dca,,,,,
2026-03-30 09:00:00+00:00,daily_btc_dca_buy,19.685039370078741,0.029527559055118113,67767.939660000004,67666.440000000002,0.00029047717060369516,0,0.081494972273503663,daily_btc_dca,,,,,
2026-03-31 09:00:00+00:00,daily_btc_dca_buy,19.685039370078741,0.029527559055118113,66878.507509999996,66778.339999999997,0.0002943402911187176,0,0.08178931256462238,daily_btc_dca,,,,,
2026-04-01 09:00:00+00:00,daily_btc_dca_buy,19.685039370078741,0.029527559055118113,68773.155224999995,68670.149999999994,0.00028623144169664266,0,0.082075544006319029,daily_btc_dca,,,,,
2026-04-02 09:00:00+00:00,daily_btc_dca_buy,19.685039370078741,0.029527559055118113,66538.778680000003,66439.119999999995,0.00029584311225110604,0,0.08237138711857013,daily_btc_dca,,,,,
2026-04-03 09:00:00+00:00,daily_btc_dca_buy,19.685039370078741,0.029527559055118113,67065.83808500001,66965.389999999999,0.00029351812982832923,0,0.082664905248398465,daily_btc_dca,,,,,
2026-04-04 09:00:00+00:00,daily_btc_dca_buy,19.685039370078741,0.029527559055118113,67040.410000000003,66940,0.00029362945975537353,0,0.082958534708153842,daily_btc_dca,,,,,
2026-04-05 09:00:00+00:00,daily_btc_dca_buy,19.685039370078741,0.029527559055118113,67033.579769999997,66933.179999999993,0.00029365937844316834,0,0.083252194086597009,daily_btc_dca,,,,,
2026-04-06 09:00:00+00:00,daily_btc_dca_buy,19.685039370078741,0.029527559055118113,69328.466945000007,69224.630000000005,0.0002839387662458391,0,0.083536132852842851,daily_btc_dca,,,,,
2026-04-07 09:00:00+00:00,daily_btc_dca_buy,19.685039370078741,0.029527559055118113,69040.115065000005,68936.710000000006,0.00028512466051868016,0,0.08382125751336153,daily_btc_dca,,,,,
2026-04-08 09:00:00+00:00,daily_btc_dca_buy,19.685039370078741,0.029527559055118113,71907.689985000005,71799.990000000005,0.00027375430046751683,0,0.084095011813829043,daily_btc_dca,,,,,
2026-04-09 09:00:00+00:00,daily_btc_dca_buy,19.685039370078741,0.029527559055118113,71356.384265000001,71249.509999999995,0.00027586935034394909,0,0.084370881164172989,daily_btc_dca,,,,,
2026-04-10 09:00:00+00:00,daily_btc_dca_buy,19.685039370078741,0.029527559055118113,71713.489120000013,71606.080000000002,0.00027449562992450783,0,0.08464537679409749,daily_btc_dca,,,,,
2026-04-11 09:00:00+00:00,daily_btc_dca_buy,19.685039370078741,0.029527559055118113,72773.156240000011,72664.160000000003,0.00027049863421010716,0,0.084915875428307599,daily_btc_dca,,,,,
2026-04-12 09:00:00+00:00,daily_btc_dca_buy,19.685039370078741,0.029527559055118113,71736.653815000012,71629.210000000006,0.00027440699172899855,0,0.085190282420036595,daily_btc_dca,,,,,
2026-04-13 09:00:00+00:00,daily_btc_dca_buy,19.685039370078741,0.029527559055118113,70786.721050000007,70680.699999999997,0.00027808943652262499,0,0.085468371856559214,daily_btc_dca,,,,,
2026-04-14 09:00:00+00:00,daily_btc_dca_buy,19.685039370078741,0.029527559055118113,74862.125,74750,0.00026295058242173516,0,0.085731322438980948,daily_btc_dca,,,,,
2026-04-15 09:00:00+00:00,daily_btc_dca_buy,19.685039370078741,0.029527559055118113,74221.685780000014,74110.520000000004,0.00026521951318145791,0,0.0859965419521624,daily_btc_dca,,,,,
2026-04-16 09:00:00+00:00,daily_btc_dca_buy,19.685039370078741,0.029527559055118113,74789.926865000001,74677.910000000003,0.00026320442063824099,0,0.086259746372800636,daily_btc_dca,,,,,
2026-04-17 09:00:00+00:00,daily_btc_dca_buy,19.685039370078741,0.029527559055118113,75894.050570000007,75780.380000000005,0.00025937526357118691,0,0.086519121636371821,daily_btc_dca,,,,,
2026-04-18 09:00:00+00:00,daily_btc_dca_buy,19.685039370078741,0.029527559055118113,76853.727929999994,76738.619999999995,0.00025613642825509118,0,0.086775258064626909,daily_btc_dca,,,,,
2026-04-19 09:00:00+00:00,daily_btc_dca_buy,19.685039370078741,0.029527559055118113,75370.476385000002,75257.589999999997,0.00026117705916472615,0,0.087036435123791639,daily_btc_dca,,,,,
2026-04-20 09:00:00+00:00,daily_btc_dca_buy,19.685039370078741,0.029527559055118113,74841.013380000004,74728.919999999998,0.00026302475716261792,0,0.08729945988095425,daily_btc_dca,,,,,
2026-04-21 09:00:00+00:00,daily_btc_dca_buy,19.685039370078741,0.029527559055118113,76621.970815000008,76507.210000000006,0.00025691115956293141,0,0.087556371040517181,daily_btc_dca,,,,,
2026-04-22 09:00:00+00:00,daily_btc_dca_buy,19.685039370078741,0.029527559055118113,78127.936379999999,78010.919999999998,0.00025195903388941835,0,0.087808330074406596,daily_btc_dca,,,,,
2026-04-23 09:00:00+00:00,daily_btc_dca_buy,19.685039370078741,0.029527559055118113,77975.127510000006,77858.339999999997,0.00025245280128018013,0,0.088060782875686777,daily_btc_dca,,,,,
2026-04-24 09:00:00+00:00,daily_btc_dca_buy,19.685039370078741,0.029527559055118113,77902.378550000009,77785.699999999997,0.00025268855375762769,0,0.088313471429444401,daily_btc_dca,,,,,
2026-04-25 09:00:00+00:00,daily_btc_dca_buy,19.685039370078741,0.029527559055118113,77759.84507000001,77643.380000000005,0.00025315173084974792,0,0.08856662316029415,daily_btc_dca,,,,,
2026-04-26 09:00:00+00:00,daily_btc_dca_buy,19.685039370078741,0.029527559055118113,78149.638885000008,78032.589999999997,0.00025188906373637863,0,0.088818512224030532,daily_btc_dca,,,,,
2026-04-27 09:00:00+00:00,daily_btc_dca_buy,19.685039370078741,0.029527559055118113,77921.04651,77804.339999999997,0.00025262801581537361,0,0.0890711402398459,daily_btc_dca,,,,,
2026-04-28 09:00:00+00:00,daily_btc_dca_buy,19.685039370078741,0.029527559055118113,76973.877884999994,76858.589999999997,0.00025573662014909078,0,0.089326876859994991,daily_btc_dca,,,,,
2026-04-29 09:00:00+00:00,daily_btc_dca_buy,19.685039370078741,0.029527559055118113,77161.879465000005,77046.309999999998,0.00025511352894155089,0,0.089581990388936536,daily_btc_dca,,,,,
2026-04-30 09:00:00+00:00,daily_btc_dca_buy,19.685039370078741,0.029527559055118113,76172.257255000004,76058.169999999998,0.00025842793793256797,0,0.089840418326869106,daily_btc_dca,,,,,
2026-05-01 09:00:00+00:00,daily_btc_dca_buy,19.685039370078741,0.029527559055118113,77493.546220000004,77377.479999999996,0.00025402166154835624,0,0.090094439988417457,daily_btc_dca,,,,,
2026-05-02 09:00:00+00:00,daily_btc_dca_buy,19.685039370078741,0.029527559055118113,78432.833040000012,78315.360000000001,0.00025097957841251962,0,0.090345419566829982,daily_btc_dca,,,,,
2026-05-03 09:00:00+00:00,daily_btc_dca_buy,19.685039370078741,0.029527559055118113,78505.451805000004,78387.869999999995,0.00025074741839553366,0,0.090596166985225518,daily_btc_dca,,,,,
2026-05-04 09:00:00+00:00,daily_btc_dca_buy,19.685039370078741,0.029527559055118113,79827.862450000001,79708.300000000003,0.00024659359233636526,0,0.090842760577561882,daily_btc_dca,,,,,
2026-05-05 09:00:00+00:00,daily_btc_dca_buy,19.685039370078741,0.029527559055118113,80936.462860000014,80815.240000000005,0.00024321595822798646,0,0.09108597653578987,daily_btc_dca,,,,,
2026-05-06 09:00:00+00:00,daily_btc_dca_buy,19.685039370078741,0.029527559055118113,82068.578490000014,81945.660000000003,0.0002398608545714892,0,0.091325837390361361,daily_btc_dca,,,,,
2026-05-07 09:00:00+00:00,daily_btc_dca_buy,19.685039370078741,0.029527559055118113,81353.096875000003,81231.25,0.00024197037514533758,0,0.091567807765506701,daily_btc_dca,,,,,
2026-05-08 09:00:00+00:00,daily_btc_dca_buy,19.685039370078741,0.029527559055118113,80005.828999999998,79886,0.00024604506466745994,0,0.091813852830174167,daily_btc_dca,,,,,
2026-05-09 09:00:00+00:00,daily_btc_dca_buy,19.685039370078741,0.029527559055118113,80527.730679999993,80407.119999999995,0.00024445044215020643,0,0.092058303272324379,daily_btc_dca,,,,,
2026-05-10 09:00:00+00:00,daily_btc_dca_buy,19.685039370078741,0.029527559055118113,80951.585510000004,80830.339999999997,0.00024317052280152109,0,0.092301473795125905,daily_btc_dca,,,,,
2026-05-11 09:00:00+00:00,daily_btc_dca_buy,19.685039370078741,0.029527559055118113,80889.12195500001,80767.970000000001,0.00024335830201037244,0,0.092544832097136279,daily_btc_dca,,,,,
2026-05-12 09:00:00+00:00,daily_btc_dca_buy,19.685039370078741,0.029527559055118113,80964.564950000015,80843.300000000003,0.00024313154010319595,0,0.092787963637239471,daily_btc_dca,,,,,
2026-05-13 09:00:00+00:00,daily_btc_dca_buy,19.685039370078741,0.029527559055118113,81318.364855000007,81196.570000000007,0.00024207372350857557,0,0.093030037360748052,daily_btc_dca,,,,,
2026-05-14 09:00:00+00:00,daily_btc_dca_buy,19.685039370078741,0.029527559055118113,79941.282325000007,79821.550000000003,0.00024624372786577936,0,0.093276281088613827,daily_btc_dca,,,,,
2026-05-15 09:00:00+00:00,daily_btc_dca_buy,19.685039370078741,0.029527559055118113,80758.957000000009,80638,0.00024375053989464894,0,0.093520031628508471,daily_btc_dca,,,,,
2026-05-16 09:00:00+00:00,daily_btc_dca_buy,19.685039370078741,0.029527559055118113,78544.189825000009,78426.550000000003,0.00025062374968712385,0,0.093770655378195594,daily_btc_dca,,,,,
2026-05-17 09:00:00+00:00,daily_btc_dca_buy,19.685039370078741,0.029527559055118113,78206.934700000013,78089.800000000003,0.00025170452525201371,0,0.094022359903447608,daily_btc_dca,,,,,
2026-05-18 09:00:00+00:00,daily_btc_dca_buy,19.685039370078741,0.029527559055118113,77155.990644999998,77040.429999999993,0.00025513300011467622,0,0.094277492903562285,daily_btc_dca,,,,,
2026-05-19 09:00:00+00:00,daily_btc_dca_buy,19.685039370078741,0.029527559055118113,77164.293080000003,77048.720000000001,0.00025510554926836814,0,0.094532598452830657,daily_btc_dca,,,,,
2026-05-20 09:00:00+00:00,daily_btc_dca_buy,19.685039370078741,0.029527559055118113,77574.237075000012,77458.050000000003,0.00025375743432767416,0,0.094786355887158336,daily_btc_dca,,,,,
2026-05-21 09:00:00+00:00,daily_btc_dca_buy,19.685039370078741,0.029527559055118113,78041.51694500001,77924.630000000005,0.00025223804124606945,0,0.0950385939284044,daily_btc_dca,,,,,
2026-05-22 09:00:00+00:00,daily_btc_dca_buy,19.685039370078741,0.029527559055118113,77383.291085000004,77267.389999999999,0.00025438358971391041,0,0.095292977518118313,daily_btc_dca,,,,,
2026-05-23 09:00:00+00:00,daily_btc_dca_buy,19.685039370078741,0.029527559055118113,74796.316435000001,74684.289999999994,0.00026318193606747421,0,0.095556159454185788,daily_btc_dca,,,,,
2026-05-24 09:00:00+00:00,daily_btc_dca_buy,19.685039370078741,0.029527559055118113,76945.936035000006,76830.690000000002,0.00025582948735752213,0,0.095811988941543316,daily_btc_dca,,,,,
2026-05-25 09:00:00+00:00,daily_btc_dca_buy,19.685039370078741,0.029527559055118113,77573.125410000008,77456.940000000002,0.00025376107080946785,0,0.096065750012352791,daily_btc_dca,,,,,
2026-05-26 09:00:00+00:00,daily_btc_dca_buy,19.685039370078741,0.029527559055118113,76841.459554999994,76726.369999999995,0.00025617732255578759,0,0.096321927334908575,daily_btc_dca,,,,,
2026-05-27 09:00:00+00:00,daily_btc_dca_buy,19.685039370078741,0.029527559055118113,75987.059875000006,75873.25,0.00025905778434461029,0,0.096580985119253185,daily_btc_dca,,,,,
2026-05-28 09:00:00+00:00,daily_btc_dca_buy,19.685039370078741,0.029527559055118113,73435.868820000003,73325.880000000005,0.00026805755397718654,0,0.096849042673230371,daily_btc_dca,,,,,
2026-05-29 09:00:00+00:00,daily_btc_dca_buy,19.685039370078741,0.029527559055118113,73763.880099999995,73653.399999999994,0.00026686556270348285,0,0.097115908235933857,daily_btc_dca,,,,,
2026-05-30 09:00:00+00:00,daily_btc_dca_buy,19.685039370078741,0.029527559055118113,73640.365105000004,73530.070000000007,0.00026731316910244616,0,0.097383221405036302,daily_btc_dca,,,,,
2026-05-31 09:00:00+00:00,daily_btc_dca_buy,19.685039370078741,0.029527559055118113,74048.526429999998,73937.619999999995,0.0002658397178056949,0,0.097649061122841996,daily_btc_dca,,,,,
2026-06-01 09:00:00+00:00,daily_btc_dca_buy,19.685039370078741,0.029527559055118113,73011.993960000007,72902.639999999999,0.00026961377579775854,0,0.097918674898639757,daily_btc_dca,,,,,
2026-06-02 09:00:00+00:00,daily_btc_dca_buy,19.685039370078741,0.029527559055118113,69926.733000000007,69822,0.00028150949609041136,0,0.098200184394730175,daily_btc_dca,,,,,
2026-06-03 09:00:00+00:00,daily_btc_dca_buy,19.685039370078741,0.029527559055118113,67128.552014999994,67028.009999999995,0.0002932439145369929,0,0.098493428309267161,daily_btc_dca,,,,,
2026-06-04 09:00:00+00:00,daily_btc_dca_buy,19.685039370078741,0.029527559055118113,63725.434985,63629.989999999998,0.00030890396236153272,0,0.098802332271628698,daily_btc_dca,,,,,
2026-06-05 09:00:00+00:00,daily_btc_dca_buy,19.685039370078741,0.029527559055118113,62548.321960000001,62454.639999999999,0.00031471730580825866,0,0.099117049577436958,daily_btc_dca,,,,,
2026-06-06 09:00:00+00:00,daily_btc_dca_buy,19.685039370078741,0.029527559055118113,61355.896000000001,61264,0.00032083370390481689,0,0.099437883281341774,daily_btc_dca,,,,,
2026-06-07 09:00:00+00:00,daily_btc_dca_buy,19.685039370078741,0.029527559055118113,62949.282500000001,62855,0.00031271268850568295,0,0.099750595969847464,daily_btc_dca,,,,,
2026-06-08 09:00:00+00:00,daily_btc_dca_buy,19.685039370078741,0.029527559055118113,63227.539259999998,63132.839999999997,0.00031133647775111504,0,0.10006193244759858,daily_btc_dca,,,,,
2026-06-09 09:00:00+00:00,daily_btc_dca_buy,19.685039370078741,0.029527559055118113,62944.024625000005,62849.75,0.00031273881019454656,0,0.10037467125779312,daily_btc_dca,,,,,
2026-06-10 09:00:00+00:00,daily_btc_dca_buy,19.685039370078741,0.029527559055118113,61353.452340000003,61261.559999999998,0.00032084648246020347,0,0.10069551774025333,daily_btc_dca,,,,,
2026-06-11 09:00:00+00:00,daily_btc_dca_buy,19.685039370078741,0.029527559055118113,63052.437000000005,62958,0.00031220108701078021,0,0.10100771882726411,daily_btc_dca,,,,,
2026-06-12 09:00:00+00:00,daily_btc_dca_buy,19.685039370078741,0.029527559055118113,63566.016215000003,63470.809999999998,0.00030967867017964168,0,0.10131739749744376,daily_btc_dca,,,,,
2026-06-13 09:00:00+00:00,daily_btc_dca_buy,19.685039370078741,0.029527559055118113,63901.709000000003,63806,0.00030805184521870519,0,0.10162544934266246,daily_btc_dca,,,,,
2026-06-14 09:00:00+00:00,daily_btc_dca_buy,19.685039370078741,0.029527559055118113,64553.014495000003,64456.330000000002,0.00030494376636126667,0,0.10193039310902373,daily_btc_dca,,,,,
2026-06-15 09:00:00+00:00,daily_btc_dca_buy,19.685039370078741,0.029527559055118113,65760.493000000002,65662,0.00029934446157632577,0,0.10222973757060005,daily_btc_dca,,,,,
2026-06-16 09:00:00+00:00,daily_btc_dca_buy,19.685039370078741,0.029527559055118113,66999.959415000005,66899.610000000001,0.00029380673573470311,0,0.10252354430633476,daily_btc_dca,,,,,
2026-06-17 09:00:00+00:00,daily_btc_dca_buy,19.685039370078741,0.029527559055118113,65023.409030000003,64926.019999999997,0.00030273773189893211,0,0.10282628203823369,daily_btc_dca,,,,,
2026-06-18 09:00:00+00:00,daily_btc_dca_buy,19.685039370078741,0.029527559055118113,64496.529895000007,64399.93,0.00030521082920470104,0,0.10313149286743839,daily_btc_dca,,,,,
2026-06-19 09:00:00+00:00,daily_btc_dca_buy,19.685039370078741,0.029527559055118113,62697.906000000003,62604,0.00031396645639295738,0,0.10344545932383135,daily_btc_dca,,,,,
2026-06-20 09:00:00+00:00,daily_btc_dca_buy,19.685039370078741,0.029527559055118113,63513.106970000008,63417.980000000003,0.00030993664629533612,0,0.10375539597012669,daily_btc_dca,,,,,
2026-06-21 09:00:00+00:00,daily_btc_dca_buy,19.685039370078741,0.029527559055118113,64110.021000000001,64014,0.00030705089567945612,0,0.10406244686580614,daily_btc_dca,,,,,
2026-06-22 09:00:00+00:00,daily_btc_dca_buy,19.685039370078741,0.029527559055118113,64262.249000000003,64166,0.00030632353639037347,0,0.10436877040219651,daily_btc_dca,,,,,
2026-06-23 09:00:00+00:00,daily_btc_dca_buy,19.685039370078741,0.029527559055118113,62479.579000000005,62386,0.00031506357253269489,0,0.1046838339747292,daily_btc_dca,,,,,
2026-06-24 09:00:00+00:00,daily_btc_dca_buy,19.685039370078741,0.029527559055118113,62894.200000000004,62800,0.00031298656108319587,0,0.1049968205358124,daily_btc_dca,,,,,
2026-06-25 09:00:00+00:00,daily_btc_dca_buy,19.685039370078741,0.029527559055118113,61804.928540000001,61712.360000000001,0.00031850274460456065,0,0.10531532328041696,daily_btc_dca,,,,,
2026-06-26 09:00:00+00:00,daily_btc_dca_buy,19.685039370078741,0.029527559055118113,60336.268850000008,60245.900000000001,0.00032625549682260038,0,0.10564157877723955,daily_btc_dca,,,,,
2026-06-27 09:00:00+00:00,daily_btc_dca_buy,19.685039370078741,0.029527559055118113,60546.684000000001,60456,0.00032512167586384649,0,0.1059667004531034,daily_btc_dca,,,,,
2026-06-28 09:00:00+00:00,daily_btc_dca_buy,19.685039370078741,0.029527559055118113,60460.565015000007,60370.010000000002,0.00032558477356595935,0,0.10629228522666936,daily_btc_dca,,,,,
2026-06-29 09:00:00+00:00,daily_btc_dca_buy,19.685039370078741,0.029527559055118113,59929.770015000002,59840.010000000002,0.00032846846175367788,0,0.10662075368842304,daily_btc_dca,,,,,
2026-06-30 09:00:00+00:00,daily_btc_dca_buy,19.685039370078741,0.029527559055118113,59400.226890000005,59311.260000000002,0.0003313967033582612,0,0.1069521503917813,daily_btc_dca,,,,,
2026-07-01 09:00:00+00:00,daily_btc_dca_buy,19.685039370078741,0.029527559055118113,59062.450985000003,58973.989999999998,0.00033329194846787037,0,0.10728544234024917,daily_btc_dca,,,,,
2026-07-02 09:00:00+00:00,daily_btc_dca_buy,19.685039370078741,0.029527559055118113,60602.768000000004,60512,0.00032482079647052985,0,0.1076102631367197,daily_btc_dca,,,,,
2026-07-03 09:00:00+00:00,daily_btc_dca_buy,19.685039370078741,0.029527559055118113,61676.365985000004,61583.989999999998,0.00031916665412592954,0,0.10792942979084563,daily_btc_dca,,,,,
2026-07-04 09:00:00+00:00,daily_btc_dca_buy,19.685039370078741,0.029527559055118113,62647.610670000002,62553.779999999999,0.0003142185178261762,0,0.10824364830867181,daily_btc_dca,,,,,
2026-07-05 09:00:00+00:00,daily_btc_dca_buy,19.685039370078741,0.029527559055118113,63009.372500000005,62915,0.0003124144645319034,0,0.10855606277320372,daily_btc_dca,,,,,
2026-07-06 09:00:00+00:00,daily_btc_dca_buy,19.685039370078741,0.029527559055118113,62998.366015000007,62904.010000000002,0.00031246904666371354,0,0.10886853181986743,daily_btc_dca,,,,,
2026-07-07 09:00:00+00:00,daily_btc_dca_buy,19.685039370078741,0.029527559055118113,63198.656000000003,63104,0.00031147876578386,0,0.10918001058565129,daily_btc_dca,,,,,
2026-07-08 09:00:00+00:00,daily_btc_dca_buy,19.685039370078741,0.029527559055118113,62111.387540000003,62018.360000000001,0.0003169312448124185,0,0.1094969418304637,daily_btc_dca,,,,,
2026-07-09 09:00:00+00:00,daily_btc_dca_buy,19.685039370078741,0.029527559055118113,62998.015490000005,62903.660000000003,0.00031247078526153648,0,0.10980941261572523,daily_btc_dca,,,,,
2026-07-10 09:00:00+00:00,daily_btc_dca_buy,19.685039370078741,0.029527559055118113,64342.369000000006,64246,0.00030594209812322484,0,0.11011535471384845,daily_btc_dca,,,,,
2026-07-11 09:00:00+00:00,daily_btc_dca_buy,19.685039370078741,0.029527559055118113,64362.378970000005,64265.980000000003,0.00030584698212062904,0,0.11042120169596908,daily_btc_dca,,,,,
2026-07-12 09:00:00+00:00,daily_btc_dca_buy,19.685039370078741,0.029527559055118113,64079.154770000001,63983.18,0.00030719879874718174,0,0.11072840049471627,daily_btc_dca,,,,,
2026-07-13 09:00:00+00:00,daily_btc_dca_buy,19.685039370078741,0.029527559055118113,63301.790470000007,63206.980000000003,0.00031097128886753807,0,0.11103937178358381,daily_btc_dca,,,,,
2026-07-14 09:00:00+00:00,daily_btc_dca_buy,19.685039370078741,0.029527559055118113,62807.920774999999,62713.849999999999,0.00031341651064357718,0,0.11135278829422739,daily_btc_dca,,,,,
2026-07-15 09:00:00+00:00,daily_btc_dca_buy,19.685039370078741,0.029527559055118113,64865.152000000002,64768,0.00030347634690008494,0,0.11165626464112748,daily_btc_dca,,,,,
2026-07-16 09:00:00+00:00,daily_btc_dca_buy,19.685039370078741,0.029527559055118113,64223.050290000006,64126.860000000001,0.0003065105017776436,0,0.11196277514290512,daily_btc_dca,,,,,
2026-07-17 09:00:00+00:00,daily_btc_dca_buy,19.685039370078741,0.029527559055118113,62982.342015000002,62888.010000000002,0.00031254854520002624,0,0.11227532368810514,daily_btc_dca,,,,,
2026-07-18 09:00:00+00:00,daily_btc_dca_buy,19.685039370078741,0.029527559055118113,64102.019015000005,64006.010000000002,0.0003070892254653071,0,0.11258241291357045,daily_btc_dca,,,,,
2026-07-19 09:00:00+00:00,daily_btc_dca_buy,19.685039370078741,0.029527559055118113,64804.541220000006,64707.480000000003,0.00030376018407801854,0,0.11288617309764847,daily_btc_dca,,,,,
2026-07-20 09:00:00+00:00,daily_btc_dca_buy,19.685039370078741,0.029527559055118113,64146.075000000004,64050,0.00030687831437977678,0,0.11319305141202825,daily_btc_dca,,,,,
2026-07-21 09:00:00+00:00,daily_btc_dca_buy,19.685039370078741,0.029527559055118113,66325.769644999993,66226.429999999993,0.00029679322947084277,0,0.1134898446414991,daily_btc_dca,,,,,
2026-07-22 09:00:00+00:00,daily_btc_dca_buy,19.685039370078741,0.029527559055118113,66086.951955000011,65987.970000000001,0.00029786574789351304,0,0.11378771038939262,daily_btc_dca,,,,,
2026-07-23 09:00:00+00:00,daily_btc_dca_buy,19.685039370078741,0.029527559055118113,65731.43948500001,65632.990000000005,0.00029947677282453079,0,0.11408718716221715,daily_btc_dca,,,,,
2026-07-24 09:00:00+00:00,daily_btc_dca_buy,19.685039370078741,0.029527559055118113,65400.133270000006,65302.18,0.00030099387242546422,0,0.11438818103464261,daily_btc_dca,,,,,
2026-07-25 09:00:00+00:00,daily_btc_dca_buy,19.685039370078741,0.029527559055118113,63971.884105000005,63876.07,0.00030771392222509467,0,0.1146958949568677,daily_btc_dca,,,,,
2026-07-26 09:00:00+00:00,daily_btc_dca_buy,19.685039370078741,0.029527559055118113,64576.740030000001,64480.019999999997,0.00030483172982925105,0,0.11500072668669695,daily_btc_dca,,,,,
2026-07-27 09:00:00+00:00,daily_btc_dca_buy,19.685039370078741,0.029527559055118113,65260.724470000008,65162.980000000003,0.00030163685018740245,0,0.11530236353688435,daily_btc_dca,,,,,
2025-03-10 09:00:00+00:00,weekly_btc_dca_buy,78.740157480314963,0.11811023622047245,81472.485690000016,81350.460000000006,0.00096646317850075832,0,0.00096646317850075832,weekly_monday_btc_dca,,,,,
2025-03-17 09:00:00+00:00,weekly_btc_dca_buy,137.79527559055117,0.20669291338582677,83672.480740000014,83547.160000000003,0.0016468410446527791,0,0.0026133042231535376,weekly_monday_btc_dca,,,,,
2025-03-24 09:00:00+00:00,weekly_btc_dca_buy,137.79527559055117,0.20669291338582677,87547.464510000005,87416.339999999997,0.0015739493583484838,0,0.0041872535815020212,weekly_monday_btc_dca,,,,,
2025-03-31 09:00:00+00:00,weekly_btc_dca_buy,137.79527559055117,0.20669291338582677,82021.998724999998,81899.149999999994,0.0016799794900456588,0,0.0058672330715476805,weekly_monday_btc_dca,,,,,
2025-04-07 09:00:00+00:00,weekly_btc_dca_buy,137.79527559055117,0.20669291338582677,76381.280320000005,76266.880000000005,0.00180404511436908,0,0.0076712781859167604,weekly_monday_btc_dca,,,,,
2025-04-14 09:00:00+00:00,weekly_btc_dca_buy,137.79527559055117,0.20669291338582677,84890.324769999992,84763.179999999993,0.0016232153188704449,0,0.009294493504787206,weekly_monday_btc_dca,,,,,
2025-04-21 09:00:00+00:00,weekly_btc_dca_buy,137.79527559055117,0.20669291338582677,87700.633920000007,87569.279999999999,0.0015712004512561128,0,0.010865693956043318,weekly_monday_btc_dca,,,,,
2025-04-28 09:00:00+00:00,weekly_btc_dca_buy,137.79527559055117,0.20669291338582677,94848.459600000002,94706.399999999994,0.001452794027142547,0,0.012318487983185866,weekly_monday_btc_dca,,,,,
2025-05-05 09:00:00+00:00,weekly_btc_dca_buy,137.79527559055117,0.20669291338582677,94701.038800000009,94559.199999999997,0.0014550555868934265,0,0.013773543570079292,weekly_monday_btc_dca,,,,,
2025-05-12 09:00:00+00:00,weekly_btc_dca_buy,137.79527559055117,0.20669291338582677,104770.97107500001,104614.05,0.0013152047191765629,0,0.015088748289255854,weekly_monday_btc_dca,,,,,
2025-05-19 09:00:00+00:00,weekly_btc_dca_buy,137.79527559055117,0.20669291338582677,103388.75085,103233.89999999999,0.001332787894792049,0,0.016421536184047902,weekly_monday_btc_dca,,,,,
2025-05-26 09:00:00+00:00,weekly_btc_dca_buy,137.79527559055117,0.20669291338582677,109830.88958500001,109666.39,0.0012546131248796727,0,0.017676149308927577,weekly_monday_btc_dca,,,,,
2025-06-02 09:00:00+00:00,weekly_btc_dca_buy,137.79527559055117,0.20669291338582677,105486.422645,105328.42999999999,0.0013062844689906885,0,0.018982433777918264,weekly_monday_btc_dca,,,,,
2025-06-09 09:00:00+00:00,weekly_btc_dca_buy,137.79527559055117,0.20669291338582677,106085.2896,105926.39999999999,0.0012989103023625169,0,0.020281344080280782,weekly_monday_btc_dca,,,,,
2025-06-16 09:00:00+00:00,weekly_btc_dca_buy,137.79527559055117,0.20669291338582677,107340.77,107180,0.0012837179721232777,0,0.02156506205240406,weekly_monday_btc_dca,,,,,
2025-06-23 09:00:00+00:00,weekly_btc_dca_buy,137.79527559055117,0.20669291338582677,102034.20207000001,101881.38,0.0013504812385950495,0,0.02291554329099911,weekly_monday_btc_dca,,,,,
2025-06-30 09:00:00+00:00,weekly_btc_dca_buy,137.79527559055117,0.20669291338582677,107674.159335,107512.89,0.0012797432219724808,0,0.024195286512971592,weekly_monday_btc_dca,,,,,
2025-07-07 09:00:00+00:00,weekly_btc_dca_buy,137.79527559055117,0.20669291338582677,109175.21755,109011.7,0.0012621479368927638,0,0.025457434449864355,weekly_monday_btc_dca,,,,,
2025-07-14 09:00:00+00:00,weekly_btc_dca_buy,137.79527559055117,0.20669291338582677,122761.87701500001,122578.00999999999,0.0011224598298844378,0,0.026579894279748793,weekly_monday_btc_dca,,,,,
2025-07-21 09:00:00+00:00,weekly_btc_dca_buy,137.79527559055117,0.20669291338582677,119195.36526000001,119016.84,0.0011560455835676103,0,0.027735939863316402,weekly_monday_btc_dca,,,,,
2025-07-28 09:00:00+00:00,weekly_btc_dca_buy,137.79527559055117,0.20669291338582677,119251.05867500001,119072.45,0.0011555056795436133,0,0.028891445542860016,weekly_monday_btc_dca,,,,,
2025-08-04 09:00:00+00:00,weekly_btc_dca_buy,137.79527559055117,0.20669291338582677,114718.06937500001,114546.25,0.0012011645274478467,0,0.030092610070307863,weekly_monday_btc_dca,,,,,
2025-08-11 09:00:00+00:00,weekly_btc_dca_buy,137.79527559055117,0.20669291338582677,121861.64869500001,121679.13,0.0011307517751990247,0,0.031223361845506888,weekly_monday_btc_dca,,,,,
2025-08-18 09:00:00+00:00,weekly_btc_dca_buy,137.79527559055117,0.20669291338582677,115308.133145,115135.42999999999,0.0011950178346680333,0,0.03241837968017492,weekly_monday_btc_dca,,,,,
2025-08-25 09:00:00+00:00,weekly_btc_dca_buy,137.79527559055117,0.20669291338582677,111581.42145000001,111414.3,0.0012349302760253657,0,0.033653309956200285,weekly_monday_btc_dca,,,,,
2025-09-01 09:00:00+00:00,weekly_btc_dca_buy,137.79527559055117,0.20669291338582677,109754.38500000001,109590,0.0012554876562840852,0,0.034908797612484367,weekly_monday_btc_dca,,,,,
2025-09-08 09:00:00+00:00,weekly_btc_dca_buy,137.79527559055117,0.20669291338582677,111851.78638999999,111684.25999999999,0.0012319452378712356,0,0.036140742850355602,weekly_monday_btc_dca,,,,,
2025-09-15 09:00:00+00:00,weekly_btc_dca_buy,137.79527559055117,0.20669291338582677,114909.38592,114737.28,0.0011991646677712152,0,0.037339907518126818,weekly_monday_btc_dca,,,,,
2025-09-22 09:00:00+00:00,weekly_btc_dca_buy,137.79527559055117,0.20669291338582677,112798.00359000001,112629.06,0.0012216109435004864,0,0.038561518461627302,weekly_monday_btc_dca,,,,,
2025-09-29 09:00:00+00:00,weekly_btc_dca_buy,137.79527559055117,0.20669291338582677,112267.88961000001,112099.74000000001,0.0012273792272147366,0,0.039788897688842036,weekly_monday_btc_dca,,,,,
2025-10-06 09:00:00+00:00,weekly_btc_dca_buy,137.79527559055117,0.20669291338582677,124032.32984000001,123846.56,0.0011109625673266412,0,0.04089986025616868,weekly_monday_btc_dca,,,,,
2025-10-13 09:00:00+00:00,weekly_btc_dca_buy,137.79527559055117,0.20669291338582677,115427.111345,115254.23,0.0011937860523832653,0,0.042093646308551946,weekly_monday_btc_dca,,,,,
2025-10-20 09:00:00+00:00,weekly_btc_dca_buy,137.79527559055117,0.20669291338582677,111263.80574000001,111097.16,0.0012384555307459965,0,0.043332101839297942,weekly_monday_btc_dca,,,,,
2025-10-27 09:00:00+00:00,weekly_btc_dca_buy,137.79527559055117,0.20669291338582677,115187.40232000001,115014.88,0.0011962703630362689,0,0.044528372202334209,weekly_monday_btc_dca,,,,,
2025-11-03 09:00:00+00:00,weekly_btc_dca_buy,137.79527559055117,0.20669291338582677,107748.36047,107586.98,0.0012788619241117551,0,0.045807234126445967,weekly_monday_btc_dca,,,,,
2025-11-10 09:00:00+00:00,weekly_btc_dca_buy,137.79527559055117,0.20669291338582677,106124.40819000002,105965.46000000001,0.0012984315101559781,0,0.047105665636601943,weekly_monday_btc_dca,,,,,
2025-11-17 09:00:00+00:00,weekly_btc_dca_buy,137.79527559055117,0.20669291338582677,95762.498605000015,95619.070000000007,0.0014389273212150348,0,0.048544592957816976,weekly_monday_btc_dca,,,,,
2025-11-24 09:00:00+00:00,weekly_btc_dca_buy,137.79527559055117,0.20669291338582677,87091.942250000007,86961.5,0.0015821816809987511,0,0.050126774638815728,weekly_monday_btc_dca,,,,,
2025-12-01 09:00:00+00:00,weekly_btc_dca_buy,137.79527559055117,0.20669291338582677,86999.804250000001,86869.5,0.001583857306099067,0,0.051710631944914792,weekly_monday_btc_dca,,,,,
2025-12-08 09:00:00+00:00,weekly_btc_dca_buy,137.79527559055117,0.20669291338582677,91971.640834999998,91833.889999999999,0.001498236568789288,0,0.053208868513704079,weekly_monday_btc_dca,,,,,
2025-12-15 09:00:00+00:00,weekly_btc_dca_buy,137.79527559055117,0.20669291338582677,89904.654999999999,89770,0.0015326823242973477,0,0.054741550838001425,weekly_monday_btc_dca,,,,,
2025-12-22 09:00:00+00:00,weekly_btc_dca_buy,137.79527559055117,0.20669291338582677,89468.211315000008,89334.210000000006,0.0015401590527545147,0,0.05628170989075594,weekly_monday_btc_dca,,,,,
2025-12-29 09:00:00+00:00,weekly_btc_dca_buy,137.79527559055117,0.20669291338582677,89689.432650000017,89555.100000000006,0.0015363602101072177,0,0.057818070100863157,weekly_monday_btc_dca,,,,,
2026-01-05 09:00:00+00:00,weekly_btc_dca_buy,137.79527559055117,0.20669291338582677,92606.241309999998,92467.539999999994,0.001487969640504905,0,0.059306039741368062,weekly_monday_btc_dca,,,,,
2026-01-12 09:00:00+00:00,weekly_btc_dca_buy,137.79527559055117,0.20669291338582677,90888.408420000007,90752.279999999999,0.0015160929538318255,0,0.060822132695199885,weekly_monday_btc_dca,,,,,
2026-01-19 09:00:00+00:00,weekly_btc_dca_buy,137.79527559055117,0.20669291338582677,93398.978635000007,93259.089999999997,0.0014753402832064187,0,0.062297472978406307,weekly_monday_btc_dca,,,,,
2026-01-26 09:00:00+00:00,weekly_btc_dca_buy,137.79527559055117,0.20669291338582677,88107.35308500001,87975.389999999999,0.0015639475113684964,0,0.063861420489774806,weekly_monday_btc_dca,,,,,
2026-02-02 09:00:00+00:00,weekly_btc_dca_buy,137.79527559055117,0.20669291338582677,76996.601920000001,76881.279999999999,0.0017896280115546062,0,0.065651048501329412,weekly_monday_btc_dca,,,,,
2026-02-09 09:00:00+00:00,weekly_btc_dca_buy,137.79527559055117,0.20669291338582677,69978.260175000003,69873.449999999997,0.0019691154830936918,0,0.067620163984423109,weekly_monday_btc_dca,,,,,
2026-02-16 09:00:00+00:00,weekly_btc_dca_buy,137.79527559055117,0.20669291338582677,68866.004290000012,68762.860000000001,0.0020009186972760134,0,0.069621082681699129,weekly_monday_btc_dca,,,,,
2026-02-23 09:00:00+00:00,weekly_btc_dca_buy,137.79527559055117,0.20669291338582677,65774.954660000003,65676.440000000002,0.0020949505218640489,0,0.071716033203563179,weekly_monday_btc_dca,,,,,
2026-03-02 09:00:00+00:00,weekly_btc_dca_buy,137.79527559055117,0.20669291338582677,66381.412985000003,66281.990000000005,0.0020758111253475174,0,0.0737918443289107,weekly_monday_btc_dca,,,,,
2026-03-09 09:00:00+00:00,weekly_btc_dca_buy,137.79527559055117,0.20669291338582677,67916.412035000001,67814.690000000002,0.0020288951000465077,0,0.075820739428957201,weekly_monday_btc_dca,,,,,
2026-03-16 09:00:00+00:00,weekly_btc_dca_buy,137.79527559055117,0.20669291338582677,73244.702499999999,73135,0.0018813002290582199,0,0.07770203965801542,weekly_monday_btc_dca,,,,,
2026-03-23 09:00:00+00:00,weekly_btc_dca_buy,137.79527559055117,0.20669291338582677,68536.921405000001,68434.270000000004,0.0020105261918067206,0,0.079712565849822142,weekly_monday_btc_dca,,,,,
2026-03-30 09:00:00+00:00,weekly_btc_dca_buy,137.79527559055117,0.20669291338582677,67767.939660000004,67666.440000000002,0.0020333401942258661,0,0.081745906044048008,weekly_monday_btc_dca,,,,,
2026-04-06 09:00:00+00:00,weekly_btc_dca_buy,137.79527559055117,0.20669291338582677,69328.466945000007,69224.630000000005,0.0019875713637208738,0,0.083733477407768889,weekly_monday_btc_dca,,,,,
2026-04-13 09:00:00+00:00,weekly_btc_dca_buy,137.79527559055117,0.20669291338582677,70786.721050000007,70680.699999999997,0.001946626055658375,0,0.085680103463427262,weekly_monday_btc_dca,,,,,
2026-04-20 09:00:00+00:00,weekly_btc_dca_buy,137.79527559055117,0.20669291338582677,74841.013380000004,74728.919999999998,0.0018411733001383254,0,0.087521276763565581,weekly_monday_btc_dca,,,,,
2026-04-27 09:00:00+00:00,weekly_btc_dca_buy,137.79527559055117,0.20669291338582677,77921.04651,77804.339999999997,0.0017683961107076149,0,0.089289672874273196,weekly_monday_btc_dca,,,,,
2026-05-04 09:00:00+00:00,weekly_btc_dca_buy,137.79527559055117,0.20669291338582677,79827.862450000001,79708.300000000003,0.0017261551463545568,0,0.091015828020627756,weekly_monday_btc_dca,,,,,
2026-05-11 09:00:00+00:00,weekly_btc_dca_buy,137.79527559055117,0.20669291338582677,80889.12195500001,80767.970000000001,0.0017035081140726069,0,0.092719336134700361,weekly_monday_btc_dca,,,,,
2026-05-18 09:00:00+00:00,weekly_btc_dca_buy,137.79527559055117,0.20669291338582677,77155.990644999998,77040.429999999993,0.0017859310008027332,0,0.094505267135503099,weekly_monday_btc_dca,,,,,
2026-05-25 09:00:00+00:00,weekly_btc_dca_buy,137.79527559055117,0.20669291338582677,77573.125410000008,77456.940000000002,0.0017763274956662746,0,0.096281594631169379,weekly_monday_btc_dca,,,,,
2026-06-01 09:00:00+00:00,weekly_btc_dca_buy,137.79527559055117,0.20669291338582677,73011.993960000007,72902.639999999999,0.0018872964305843094,0,0.098168891061753694,weekly_monday_btc_dca,,,,,
2026-06-08 09:00:00+00:00,weekly_btc_dca_buy,137.79527559055117,0.20669291338582677,63227.539259999998,63132.839999999997,0.002179355344257805,0,0.1003482464060115,weekly_monday_btc_dca,,,,,
2026-06-15 09:00:00+00:00,weekly_btc_dca_buy,137.79527559055117,0.20669291338582677,65760.493000000002,65662,0.0020954112310342804,0,0.10244365763704578,weekly_monday_btc_dca,,,,,
2026-06-22 09:00:00+00:00,weekly_btc_dca_buy,137.79527559055117,0.20669291338582677,64262.249000000003,64166,0.002144264754732614,0,0.1045879223917784,weekly_monday_btc_dca,,,,,
2026-06-29 09:00:00+00:00,weekly_btc_dca_buy,137.79527559055117,0.20669291338582677,59929.770015000002,59840.010000000002,0.0022992792322757451,0,0.10688720162405414,weekly_monday_btc_dca,,,,,
2026-07-06 09:00:00+00:00,weekly_btc_dca_buy,137.79527559055117,0.20669291338582677,62998.366015000007,62904.010000000002,0.0021872833266459945,0,0.10907448495070014,weekly_monday_btc_dca,,,,,
2026-07-13 09:00:00+00:00,weekly_btc_dca_buy,137.79527559055117,0.20669291338582677,63301.790470000007,63206.980000000003,0.0021767990220727665,0,0.11125128397277291,weekly_monday_btc_dca,,,,,
2026-07-20 09:00:00+00:00,weekly_btc_dca_buy,137.79527559055117,0.20669291338582677,64146.075000000004,64050,0.0021481482006584372,0,0.11339943217343135,weekly_monday_btc_dca,,,,,
2026-07-27 09:00:00+00:00,weekly_btc_dca_buy,137.79527559055117,0.20669291338582677,65260.724470000008,65162.980000000003,0.0021114579513118168,0,0.11551089012474317,weekly_monday_btc_dca,,,,,
2025-03-09 21:00:00+00:00,btc_reserve_long_trade,59.055118110236222,0.17716535433070868,,,,197.33805473165339,,btc_reserve_odds_btc_swing,2025-03-09 22:00:00+00:00,2025-03-16 22:00:00+00:00,81845.119999999995,82766.509999999995,0.0082577267893307917
