date,eem,sma200_prior,risk_on_signal_close,risk_on_actionable
2004-01-29 00:00:00+00:00,12.046786308288574,9.703802664279937,True,False
2004-01-30 00:00:00+00:00,12.030303955078125,9.728040182590485,True,True
2004-02-02 00:00:00+00:00,12.033171653747559,9.7517675948143,True,True
2004-02-03 00:00:00+00:00,11.96581745147705,9.775088794231415,True,True
2004-02-04 00:00:00+00:00,11.858338356018066,9.797809495925904,True,True
2004-02-05 00:00:00+00:00,11.854758262634277,9.820007042884827,True,True
2004-02-06 00:00:00+00:00,12.124883651733398,9.842061972618103,True,True
2004-02-09 00:00:00+00:00,12.299714088439941,9.865292887687684,True,True
2004-02-10 00:00:00+00:00,12.288965225219727,9.890135705471039,True,True
2004-02-11 00:00:00+00:00,12.479557037353516,9.915530652999879,True,True
2004-02-12 00:00:00+00:00,12.473113059997559,9.941283376216889,True,True
2004-02-13 00:00:00+00:00,12.481705665588379,9.965959618091583,True,True
2004-02-17 00:00:00+00:00,12.732488632202148,9.990785737037658,True,True
2004-02-18 00:00:00+00:00,12.55909538269043,10.017011904716492,True,True
2004-02-19 00:00:00+00:00,12.449471473693848,10.041797306537628,True,True
2004-02-20 00:00:00+00:00,12.309741973876953,10.065624725818633,True,True
2004-02-23 00:00:00+00:00,12.2022705078125,10.088557484149932,True,True
2004-02-24 00:00:00+00:00,12.137778282165527,10.111024165153504,True,True
2004-02-25 00:00:00+00:00,12.270340919494629,10.133506953716278,True,True
2004-02-26 00:00:00+00:00,12.331245422363281,10.156203501224518,True,True
2004-02-27 00:00:00+00:00,12.506074905395508,10.178666405677795,True,True
2004-03-01 00:00:00+00:00,12.791248321533203,10.202224423885346,True,True
2004-03-02 00:00:00+00:00,12.68950080871582,10.227404325008392,True,True
2004-03-03 00:00:00+00:00,12.610679626464844,10.2519970870018,True,True
2004-03-04 00:00:00+00:00,12.69666576385498,10.27616723060608,True,True
2004-03-05 00:00:00+00:00,12.743234634399414,10.301693942546844,True,True
2004-03-08 00:00:00+00:00,12.621427536010742,10.327264602184295,True,True
2004-03-09 00:00:00+00:00,12.539031982421875,10.352194154262543,True,True
2004-03-10 00:00:00+00:00,12.252426147460938,10.376366021633148,True,True
2004-03-11 00:00:00+00:00,11.987316131591797,10.398709263801575,True,True
2004-03-12 00:00:00+00:00,12.087626457214355,10.418333415985108,True,True
2004-03-15 00:00:00+00:00,11.861920356750488,10.438284502029418,True,True
2004-03-16 00:00:00+00:00,12.008810043334961,10.457053589820863,True,True
2004-03-17 00:00:00+00:00,12.173609733581543,10.476086678504943,True,True
2004-03-18 00:00:00+00:00,12.245259284973145,10.495647954940797,True,True
2004-03-19 00:00:00+00:00,12.0840425491333,10.5158811044693,True,True
2004-03-22 00:00:00+00:00,11.890581130981445,10.534780716896057,True,True
2004-03-23 00:00:00+00:00,12.010241508483887,10.552670216560363,True,True
2004-03-24 00:00:00+00:00,12.01955795288086,10.570769572257996,True,True
2004-03-25 00:00:00+00:00,12.137063980102539,10.589275465011596,True,True
2004-03-26 00:00:00+00:00,12.114850997924805,10.607941198349,True,True
2004-03-29 00:00:00+00:00,12.270340919494629,10.62646023273468,True,True
2004-03-30 00:00:00+00:00,12.420804977416992,10.645439519882203,True,True
2004-03-31 00:00:00+00:00,12.57485580444336,10.665185384750366,True,True
2004-04-01 00:00:00+00:00,12.677318572998047,10.685245304107665,True,True
2004-04-02 00:00:00+00:00,12.804143905639648,10.704937224388123,True,True
2004-04-05 00:00:00+00:00,12.893707275390625,10.725423669815063,True,True
2004-04-06 00:00:00+00:00,12.965357780456543,10.74635793209076,True,True
2004-04-07 00:00:00+00:00,12.918783187866211,10.767650446891786,True,True
2004-04-08 00:00:00+00:00,12.929533004760742,10.789779286384583,True,True
2004-04-12 00:00:00+00:00,13.029126167297363,10.812275505065918,True,True
2004-04-13 00:00:00+00:00,12.877223014831543,10.834920406341553,True,True
2004-04-14 00:00:00+00:00,12.687348365783691,10.85634603023529,True,True
2004-04-15 00:00:00+00:00,12.582023620605469,10.877021880149842,True,True
2004-04-16 00:00:00+00:00,12.675167083740234,10.89719964504242,True,True
2004-04-19 00:00:00+00:00,12.69666576385498,10.917379779815674,True,True
2004-04-20 00:00:00+00:00,12.585604667663574,10.936651668548585,True,True
2004-04-21 00:00:00+00:00,12.49245548248291,10.955243515968323,True,True
2004-04-22 00:00:00+00:00,12.488873481750488,10.972271900177002,True,True
2004-04-23 00:00:00+00:00,12.582023620605469,10.989154090881348,True,True
2004-04-26 00:00:00+00:00,12.40289306640625,11.006608939170837,True,True
2004-04-27 00:00:00+00:00,12.3369722366333,11.023966474533081,True,True
2004-04-28 00:00:00+00:00,11.983732223510742,11.040620179176331,True,True
2004-04-29 00:00:00+00:00,11.588932037353516,11.054716482162476,True,True
2004-04-30 00:00:00+00:00,11.342447280883789,11.06741614818573,True,True
2004-05-03 00:00:00+00:00,11.456375122070312,11.078847742080688,True,True
2004-05-04 00:00:00+00:00,11.680644989013672,11.092032232284545,True,True
2004-05-05 00:00:00+00:00,11.709303855895996,11.105750012397767,True,True
2004-05-06 00:00:00+00:00,11.466409683227539,11.120202713012695,True,True
2004-05-07 00:00:00+00:00,11.208463668823242,11.132913465499877,True,True
2004-05-10 00:00:00+00:00,10.667491912841797,11.144619607925415,False,True
2004-05-11 00:00:00+00:00,10.984193801879883,11.153407058715821,False,False
2004-05-12 00:00:00+00:00,10.987771987915039,11.163047385215759,False,False
2004-05-13 00:00:00+00:00,10.959113121032715,11.172456130981445,False,False
2004-05-14 00:00:00+00:00,10.670357704162598,11.181978182792664,False,False
2004-05-17 00:00:00+00:00,10.24331283569336,11.190387926101685,False,False
2004-05-18 00:00:00+00:00,10.547832489013672,11.196448583602905,False,False
2004-05-19 00:00:00+00:00,10.839454650878906,11.203932056427002,False,False
2004-05-20 00:00:00+00:00,10.772821426391602,11.21307321548462,False,False
2004-05-21 00:00:00+00:00,10.949797630310059,11.222365913391114,False,False
2004-05-24 00:00:00+00:00,11.120328903198242,11.232743091583252,False,False
2004-05-25 00:00:00+00:00,11.365378379821777,11.243648576736451,True,False
2004-05-26 00:00:00+00:00,11.320954322814941,11.255479950904846,True,True
2004-05-27 00:00:00+00:00,11.500082015991211,11.266893186569213,True,True
2004-05-28 00:00:00+00:00,11.475007057189941,11.279023866653443,True,True
2004-06-01 00:00:00+00:00,11.395471572875977,11.290387644767762,True,True
2004-06-02 00:00:00+00:00,11.395471572875977,11.300747866630553,True,True
2004-06-03 00:00:00+00:00,11.142541885375977,11.311571397781371,False,True
2004-06-04 00:00:00+00:00,11.306621551513672,11.32014663696289,False,False
2004-06-07 00:00:00+00:00,11.69713020324707,11.329310603141785,True,False
2004-06-08 00:00:00+00:00,11.534473419189453,11.340419988632203,True,True
2004-06-09 00:00:00+00:00,11.273661613464355,11.349846467971801,False,True
2004-06-10 00:00:00+00:00,11.28656005859375,11.35772297859192,False,False
2004-06-14 00:00:00+00:00,10.851638793945312,11.36604175567627,False,False
2004-06-15 00:00:00+00:00,11.061574935913086,11.372773971557617,False,False
2004-06-16 00:00:00+00:00,10.913254737854004,11.380003471374511,False,False
2004-06-17 00:00:00+00:00,10.96771240234375,11.3861563539505,False,False
2004-06-18 00:00:00+00:00,10.905375480651855,11.392232241630554,False,False
2004-06-21 00:00:00+00:00,10.955531120300293,11.397272968292237,False,False
2004-06-22 00:00:00+00:00,11.071606636047363,11.4021724319458,False,False
2004-06-23 00:00:00+00:00,11.268648147583008,11.407474060058593,False,False
2004-06-24 00:00:00+00:00,11.313787460327148,11.41380723953247,False,False
2004-06-25 00:00:00+00:00,11.428430557250977,11.4194180727005,True,False
2004-06-28 00:00:00+00:00,11.33098316192627,11.426485991477966,False,True
2004-06-29 00:00:00+00:00,11.417684555053711,11.433900661468506,False,False
2004-06-30 00:00:00+00:00,11.581047058105469,11.441805868148803,True,False
2004-07-01 00:00:00+00:00,11.436309814453125,11.45017861843109,False,True
2004-07-02 00:00:00+00:00,11.435599327087402,11.458558297157287,False,False
2004-07-06 00:00:00+00:00,11.313070297241211,11.46592936515808,False,False
2004-07-07 00:00:00+00:00,11.460675239562988,11.472901635169983,False,False
2004-07-08 00:00:00+00:00,11.297309875488281,11.480041689872742,False,False
2004-07-09 00:00:00+00:00,11.35749626159668,11.486596574783325,False,False
2004-07-12 00:00:00+00:00,11.328120231628418,11.49426854133606,False,False
2004-07-13 00:00:00+00:00,11.379714965820312,11.501672449111938,False,False
2004-07-14 00:00:00+00:00,11.270796775817871,11.50924524307251,False,False
2004-07-15 00:00:00+00:00,11.212044715881348,11.517004055976868,False,False
2004-07-16 00:00:00+00:00,11.335284233093262,11.524807696342469,False,False
2004-07-19 00:00:00+00:00,11.318090438842773,11.532885389328003,False,False
2004-07-20 00:00:00+00:00,11.366092681884766,11.54103036403656,False,False
2004-07-21 00:00:00+00:00,11.234970092773438,11.548143014907836,False,False
2004-07-22 00:00:00+00:00,11.234970092773438,11.553887252807618,False,False
2004-07-23 00:00:00+00:00,11.041513442993164,11.559132523536682,False,False
2004-07-26 00:00:00+00:00,10.939050674438477,11.56321448802948,False,False
2004-07-27 00:00:00+00:00,11.147558212280273,11.566837592124939,False,False
2004-07-28 00:00:00+00:00,11.143976211547852,11.571121888160706,False,False
2004-07-29 00:00:00+00:00,11.213478088378906,11.574522228240967,False,False
2004-07-30 00:00:00+00:00,11.159738540649414,11.577628560066223,False,False
2004-08-02 00:00:00+00:00,11.103850364685059,11.57966429233551,False,False
2004-08-03 00:00:00+00:00,11.11674690246582,11.582447018623352,False,False
2004-08-04 00:00:00+00:00,11.127492904663086,11.584656248092651,False,False
2004-08-05 00:00:00+00:00,11.055841445922852,11.586933493614197,False,False
2004-08-06 00:00:00+00:00,10.975595474243164,11.58917679309845,False,False
2004-08-09 00:00:00+00:00,11.067307472229004,11.590723052024842,False,False
2004-08-10 00:00:00+00:00,11.191981315612793,11.592460579872132,False,False
2004-08-11 00:00:00+00:00,11.08808708190918,11.595609116554261,False,False
2004-08-12 00:00:00+00:00,10.964127540588379,11.59901515007019,False,False
2004-08-13 00:00:00+00:00,10.981324195861816,11.602075791358947,False,False
2004-08-16 00:00:00+00:00,11.13107681274414,11.604627223014832,False,False
2004-08-17 00:00:00+00:00,11.205596923828125,11.607211065292358,False,False
2004-08-18 00:00:00+00:00,11.33814525604248,11.609725589752196,False,False
2004-08-19 00:00:00+00:00,11.35033130645752,11.613095293045044,False,False
2004-08-20 00:00:00+00:00,11.406938552856445,11.616953601837158,False,False
2004-08-23 00:00:00+00:00,11.46855640411377,11.619833283424377,False,False
2004-08-24 00:00:00+00:00,11.435599327087402,11.62287136554718,False,False
2004-08-25 00:00:00+00:00,11.571733474731445,11.625673384666444,False,False
2004-08-26 00:00:00+00:00,11.587498664855957,11.629544544219971,False,False
2004-08-27 00:00:00+00:00,11.566001892089844,11.633437519073487,False,False
2004-08-30 00:00:00+00:00,11.50366497039795,11.637967886924743,False,False
2004-08-31 00:00:00+00:00,11.553825378417969,11.64287085056305,False,False
2004-09-01 00:00:00+00:00,11.649115562438965,11.64708728313446,True,False
2004-09-02 00:00:00+00:00,11.793854713439941,11.651366748809814,True,True
2004-09-03 00:00:00+00:00,11.668460845947266,11.656644339561462,True,True
2004-09-07 00:00:00+00:00,11.758028984069824,11.662342777252197,True,True
2004-09-08 00:00:00+00:00,11.750863075256348,11.668385691642762,True,True
2004-09-09 00:00:00+00:00,11.786686897277832,11.674734926223755,True,True
2004-09-10 00:00:00+00:00,11.898467063903809,11.68194043636322,True,True
2004-09-13 00:00:00+00:00,12.00737476348877,11.689255800247192,True,True
2004-09-14 00:00:00+00:00,12.003074645996094,11.696549015045166,True,True
2004-09-15 00:00:00+00:00,11.950053215026855,11.70363896369934,True,True
2004-09-16 00:00:00+00:00,12.099807739257812,11.709979100227356,True,True
2004-09-17 00:00:00+00:00,12.180773735046387,11.71659044265747,True,True
2004-09-20 00:00:00+00:00,12.192952156066895,11.722063393592835,True,True
2004-09-21 00:00:00+00:00,12.320497512817383,11.727843165397644,True,True
2004-09-22 00:00:00+00:00,12.134202003479004,11.734453115463257,True,True
2004-09-23 00:00:00+00:00,12.187938690185547,11.740509371757508,True,True
2004-09-24 00:00:00+00:00,12.153545379638672,11.746937661170959,True,True
2004-09-27 00:00:00+00:00,12.081177711486816,11.753087058067322,True,True
2004-09-28 00:00:00+00:00,12.230928421020508,11.759102721214294,True,True
2004-09-29 00:00:00+00:00,12.295416831970215,11.766084518432617,True,True
2004-09-30 00:00:00+00:00,12.359904289245605,11.772401556968688,True,True
2004-10-01 00:00:00+00:00,12.596351623535156,11.77878797531128,True,True
2004-10-04 00:00:00+00:00,12.811307907104492,11.786313872337342,True,True
2004-10-05 00:00:00+00:00,12.716728210449219,11.795146217346192,True,True
2004-10-06 00:00:00+00:00,12.86361312866211,11.80414716720581,True,True
2004-10-07 00:00:00+00:00,12.753986358642578,11.813002252578736,True,True
2004-10-08 00:00:00+00:00,12.66083812713623,11.821173777580261,True,True
2004-10-11 00:00:00+00:00,12.726754188537598,11.828094463348389,True,True
2004-10-12 00:00:00+00:00,12.52613353729248,11.835190811157226,True,True
2004-10-13 00:00:00+00:00,12.356324195861816,11.841101479530334,True,True
2004-10-14 00:00:00+00:00,12.187938690185547,11.846019887924195,True,True
2004-10-15 00:00:00+00:00,12.350587844848633,11.849237203598022,True,True
2004-10-18 00:00:00+00:00,12.481705665588379,11.852992100715637,True,True
2004-10-19 00:00:00+00:00,12.42152214050293,11.856671376228332,True,True
2004-10-20 00:00:00+00:00,12.343422889709473,11.858742113113403,True,True
2004-10-21 00:00:00+00:00,12.5211181640625,11.858315801620483,True,True
2004-10-22 00:00:00+00:00,12.431557655334473,11.859480152130127,True,True
2004-10-25 00:00:00+00:00,12.465227127075195,11.860053372383117,True,True
2004-10-26 00:00:00+00:00,12.51037311553955,11.860562100410462,True,True
2004-10-27 00:00:00+00:00,12.725327491760254,11.861407613754272,True,True
2004-10-28 00:00:00+00:00,12.662272453308105,11.863381643295288,True,True
2004-10-29 00:00:00+00:00,12.711709976196289,11.865391488075256,True,True
2004-11-01 00:00:00+00:00,12.806293487548828,11.867551779747009,True,True
2004-11-02 00:00:00+00:00,12.835667610168457,11.871438899040221,True,True
2004-11-03 00:00:00+00:00,13.022679328918457,11.875214920043945,True,True
2004-11-04 00:00:00+00:00,13.219721794128418,11.878170528411864,True,True
2004-11-05 00:00:00+00:00,13.269880294799805,11.882028965950012,True,True
2004-11-08 00:00:00+00:00,13.12012767791748,11.88629581451416,True,True
2004-11-09 00:00:00+00:00,13.204672813415527,11.889917812347413,True,True
2004-11-10 00:00:00+00:00,13.219721794128418,11.893550543785095,True,True
2004-11-11 00:00:00+00:00,13.370189666748047,11.897573771476745,True,True
2004-11-12 00:00:00+00:00,13.595890998840332,11.903227081298828,True,True
2004-11-15 00:00:00+00:00,13.608786582946777,11.910972604751587,True,True
2004-11-16 00:00:00+00:00,13.453306198120117,11.91886501789093,True,True
2004-11-17 00:00:00+00:00,13.757108688354492,11.925965690612793,True,True
2004-11-18 00:00:00+00:00,13.782190322875977,11.93492214679718,True,True
2004-11-19 00:00:00+00:00,13.585144996643066,11.944541406631469,True,True
2004-11-22 00:00:00+00:00,13.638162612915039,11.953193340301514,True,True
2004-11-23 00:00:00+00:00,13.661811828613281,11.960759735107422,True,True
2004-11-24 00:00:00+00:00,13.807267189025879,11.967570223808288,True,True
2004-11-26 00:00:00+00:00,14.036548614501953,11.975161733627319,True,True
2004-11-29 00:00:00+00:00,13.950566291809082,11.982946691513062,True,True
2004-11-30 00:00:00+00:00,13.976365089416504,11.990333957672119,True,True
2004-12-01 00:00:00+00:00,14.083126068115234,11.99780725479126,True,True
2004-12-02 00:00:00+00:00,14.062344551086426,12.004560441970826,True,True
2004-12-03 00:00:00+00:00,14.126115798950195,12.012076687812804,True,True
2004-12-06 00:00:00+00:00,14.10605525970459,12.020459909439086,True,True
2004-12-07 00:00:00+00:00,13.88966178894043,12.029441475868225,True,True
2004-12-08 00:00:00+00:00,13.816576957702637,12.037878432273864,True,True
2004-12-09 00:00:00+00:00,13.591593742370605,12.04627242565155,True,True
2004-12-10 00:00:00+00:00,13.577978134155273,12.05287868976593,True,True
2004-12-13 00:00:00+00:00,13.78433609008789,12.05911235332489,True,True
2004-12-14 00:00:00+00:00,13.91115665435791,12.065503659248352,True,True
2004-12-15 00:00:00+00:00,14.103904724121094,12.071103200912475,True,True
2004-12-16 00:00:00+00:00,14.032966613769531,12.078175220489502,True,True
2004-12-17 00:00:00+00:00,14.000722885131836,12.085286655426025,True,True
2004-12-20 00:00:00+00:00,14.183436393737793,12.09180694103241,True,True
2004-12-21 00:00:00+00:00,14.31957721710205,12.099007949829101,True,True
2004-12-22 00:00:00+00:00,14.315990447998047,12.107498698234558,True,True
2004-12-23 00:00:00+00:00,14.413392066955566,12.11638349056244,True,True
2004-12-27 00:00:00+00:00,14.40251350402832,12.127188320159911,True,True
2004-12-28 00:00:00+00:00,14.47722053527832,12.139264307022096,True,True
2004-12-29 00:00:00+00:00,14.556994438171387,12.151212277412414,True,True
2004-12-30 00:00:00+00:00,14.520010948181152,12.16468764781952,True,True
2004-12-31 00:00:00+00:00,14.639684677124023,12.17724365234375,True,True
2005-01-03 00:00:00+00:00,14.487372398376465,12.189574027061463,True,True
2005-01-04 00:00:00+00:00,14.041328430175781,12.200784592628478,True,True
2005-01-05 00:00:00+00:00,13.869437217712402,12.210571022033692,True,True
2005-01-06 00:00:00+00:00,13.860010147094727,12.220465302467346,True,True
2005-01-07 00:00:00+00:00,13.886844635009766,12.2297141456604,True,True
2005-01-10 00:00:00+00:00,13.904254913330078,12.239050579071044,True,True
2005-01-11 00:00:00+00:00,13.878145217895508,12.247886533737182,True,True
2005-01-12 00:00:00+00:00,14.048583030700684,12.256703004837036,True,True
2005-01-13 00:00:00+00:00,13.990559577941895,12.265594215393067,True,True
2005-01-14 00:00:00+00:00,14.240777969360352,12.273442988395692,True,True
2005-01-18 00:00:00+00:00,14.215396881103516,12.281772599220275,True,True
2005-01-19 00:00:00+00:00,14.019576072692871,12.289462990760804,True,True
2005-01-20 00:00:00+00:00,13.84550666809082,12.29554015159607,True,True
2005-01-21 00:00:00+00:00,14.034076690673828,12.30029914855957,True,True
2005-01-24 00:00:00+00:00,14.012321472167969,12.305642743110656,True,True
2005-01-25 00:00:00+00:00,14.139245986938477,12.311110434532166,True,True
2005-01-26 00:00:00+00:00,14.345947265625,12.317158999443054,True,True
2005-01-27 00:00:00+00:00,14.35972785949707,12.323743104934692,True,True
2005-01-28 00:00:00+00:00,14.372779846191406,12.33115562915802,True,True
2005-01-31 00:00:00+00:00,14.562077522277832,12.339582786560058,True,True
2005-02-01 00:00:00+00:00,14.686821937561035,12.34948305606842,True,True
2005-02-02 00:00:00+00:00,14.733242988586426,12.359541330337525,True,True
2005-02-03 00:00:00+00:00,14.718009948730469,12.369724216461181,True,True
2005-02-04 00:00:00+00:00,14.947925567626953,12.380386242866516,True,True
2005-02-07 00:00:00+00:00,14.99506664276123,12.392663593292236,True,True
2005-02-08 00:00:00+00:00,15.024075508117676,12.40519455909729,True,True
2005-02-09 00:00:00+00:00,14.975481986999512,12.417404818534852,True,True
2005-02-10 00:00:00+00:00,15.048011779785156,12.430267763137817,True,True
2005-02-11 00:00:00+00:00,15.194515228271484,12.443822960853577,True,True
2005-02-14 00:00:00+00:00,15.30331039428711,12.45987687587738,True,True
2005-02-15 00:00:00+00:00,15.339577674865723,12.478448767662048,True,True
2005-02-16 00:00:00+00:00,15.29243278503418,12.498434419631957,True,True
2005-02-17 00:00:00+00:00,15.267047882080078,12.517614707946777,True,True
2005-02-18 00:00:00+00:00,15.454894065856934,12.535546722412109,True,True
2005-02-22 00:00:00+00:00,15.398324012756348,12.554274673461913,True,True
2005-02-23 00:00:00+00:00,15.469400405883789,12.573934245109559,True,True
2005-02-24 00:00:00+00:00,15.70946216583252,12.595238928794862,True,True
2005-02-25 00:00:00+00:00,15.998845100402832,12.620448780059814,True,True
2005-02-28 00:00:00+00:00,15.972015380859375,12.645522036552428,True,True
2005-03-01 00:00:00+00:00,16.016979217529297,12.670443253517151,True,True
2005-03-02 00:00:00+00:00,15.75298023223877,12.695732583999634,True,True
2005-03-03 00:00:00+00:00,15.796496391296387,12.721145696640015,True,True
2005-03-04 00:00:00+00:00,15.98507022857666,12.748911614418029,True,True
2005-03-07 00:00:00+00:00,16.090238571166992,12.776097803115844,True,True
2005-03-08 00:00:00+00:00,15.967657089233398,12.802351722717285,True,True
2005-03-09 00:00:00+00:00,15.876276016235352,12.828325901031494,True,True
2005-03-10 00:00:00+00:00,15.723965644836426,12.852958292961121,True,True
2005-03-11 00:00:00+00:00,15.635488510131836,12.875976476669312,True,True
2005-03-14 00:00:00+00:00,15.515812873840332,12.897327027320863,True,True
2005-03-15 00:00:00+00:00,15.129240989685059,12.918301320075988,True,True
2005-03-16 00:00:00+00:00,15.000871658325195,12.936447114944459,True,True
2005-03-17 00:00:00+00:00,15.274293899536133,12.954076437950134,True,True
2005-03-18 00:00:00+00:00,15.20539379119873,12.973470549583435,True,True
2005-03-21 00:00:00+00:00,14.985639572143555,12.99252016067505,True,True
2005-03-22 00:00:00+00:00,14.708585739135742,13.011735649108887,True,True
2005-03-23 00:00:00+00:00,14.522185325622559,13.028745470046998,True,True
2005-03-24 00:00:00+00:00,14.506232261657715,13.042870745658874,True,True
2005-03-28 00:00:00+00:00,14.60632038116455,13.057729539871216,True,True
2005-03-29 00:00:00+00:00,14.228452682495117,13.074392833709716,True,True
2005-03-30 00:00:00+00:00,14.552641868591309,13.089102296829223,True,True
2005-03-31 00:00:00+00:00,14.708585739135742,13.107607312202454,True,True
2005-04-01 00:00:00+00:00,14.795614242553711,13.125842366218567,True,True
2005-04-04 00:00:00+00:00,14.828250885009766,13.145254163742065,True,True
2005-04-05 00:00:00+00:00,14.824627876281738,13.164556856155395,True,True
2005-04-06 00:00:00+00:00,15.027705192565918,13.184153118133544,True,True
2005-04-07 00:00:00+00:00,15.179283142089844,13.204513988494874,True,True
2005-04-08 00:00:00+00:00,15.107483863830566,13.225052371025086,True,True
2005-04-11 00:00:00+00:00,14.962430000305176,13.244246549606324,True,True
2005-04-12 00:00:00+00:00,15.151002883911133,13.262489762306213,True,True
2005-04-13 00:00:00+00:00,14.849288940429688,13.281102623939514,True,True
2005-04-14 00:00:00+00:00,14.469244956970215,13.29869415283203,True,True
2005-04-15 00:00:00+00:00,14.164628028869629,13.313951954841613,True,True
2005-04-18 00:00:00+00:00,14.332167625427246,13.326869859695435,True,True
2005-04-19 00:00:00+00:00,14.572226524353027,13.341349148750306,True,True
2005-04-20 00:00:00+00:00,14.228452682495117,13.357032284736633,True,True
2005-04-21 00:00:00+00:00,14.638229370117188,13.371609196662902,True,True
2005-04-22 00:00:00+00:00,14.476493835449219,13.387496967315673,True,True
2005-04-25 00:00:00+00:00,14.75064754486084,13.403392887115478,True,True
2005-04-26 00:00:00+00:00,14.599794387817383,13.420358643531799,True,True
2005-04-27 00:00:00+00:00,14.467790603637695,13.436717014312745,True,True
2005-04-28 00:00:00+00:00,14.237156867980957,13.452157392501832,True,True
2005-04-29 00:00:00+00:00,14.525089263916016,13.466989192962647,True,True
2005-05-02 00:00:00+00:00,14.621552467346191,13.48355441570282,True,True
2005-05-03 00:00:00+00:00,14.607769966125488,13.499985756874084,True,True
2005-05-04 00:00:00+00:00,15.005946159362793,13.516434154510499,True,True
2005-05-05 00:00:00+00:00,15.085004806518555,13.534633421897889,True,True
2005-05-06 00:00:00+00:00,15.125612258911133,13.553883595466614,True,True
2005-05-09 00:00:00+00:00,15.13939380645752,13.573336806297302,True,True
2005-05-10 00:00:00+00:00,14.799245834350586,13.593826208114624,True,True
2005-05-11 00:00:00+00:00,14.868142127990723,13.613127183914184,True,True
2005-05-12 00:00:00+00:00,14.614293098449707,13.631730103492737,True,True
2005-05-13 00:00:00+00:00,14.464168548583984,13.649081687927247,True,True
2005-05-16 00:00:00+00:00,14.636056900024414,13.665335140228272,True,True
2005-05-17 00:00:00+00:00,14.639684677124023,13.682716732025147,True,True
2005-05-18 00:00:00+00:00,14.931241035461426,13.700395903587342,True,True
2005-05-19 00:00:00+00:00,14.985639572143555,13.719468374252319,True,True
2005-05-20 00:00:00+00:00,14.947925567626953,13.738759107589722,True,True
2005-05-23 00:00:00+00:00,14.997241973876953,13.758219528198243,True,True
2005-05-24 00:00:00+00:00,14.95372486114502,13.778327760696412,True,True
2005-05-25 00:00:00+00:00,14.84638500213623,13.797759847640991,True,True
2005-05-26 00:00:00+00:00,15.013202667236328,13.816031866073608,True,True
2005-05-27 00:00:00+00:00,15.114737510681152,13.835657444000244,True,True
2005-05-31 00:00:00+00:00,14.984189987182617,13.856410493850708,True,True
2005-06-01 00:00:00+00:00,15.161152839660645,13.876424822807312,True,True
2005-06-02 00:00:00+00:00,15.276473045349121,13.896575202941895,True,True
2005-06-03 00:00:00+00:00,15.197417259216309,13.9169295835495,True,True
2005-06-06 00:00:00+00:00,15.350452423095703,13.936225943565368,True,True
2005-06-07 00:00:00+00:00,15.274293899536133,13.95622654914856,True,True
2005-06-08 00:00:00+00:00,15.216273307800293,13.975563325881957,True,True
2005-06-09 00:00:00+00:00,15.296056747436523,13.99430191040039,True,True
2005-06-10 00:00:00+00:00,15.339577674865723,14.013604197502136,True,True
2005-06-13 00:00:00+00:00,15.400494575500488,14.032443418502808,True,True
2005-06-14 00:00:00+00:00,15.463598251342773,14.051508398056031,True,True
2005-06-15 00:00:00+00:00,15.578911781311035,14.070996379852295,True,True
2005-06-16 00:00:00+00:00,15.718165397644043,14.091372613906861,True,True
2005-06-17 00:00:00+00:00,15.907461166381836,14.112194314002991,True,True
2005-06-20 00:00:00+00:00,15.76385498046875,14.133486042022705,True,True
2005-06-21 00:00:00+00:00,15.687700271606445,14.153336043357848,True,True
2005-06-22 00:00:00+00:00,15.835660934448242,14.173432240486145,True,True
2005-06-23 00:00:00+00:00,15.55715274810791,14.193820400238037,True,True
2005-06-24 00:00:00+00:00,15.50275707244873,14.212851848602295,True,True
2005-06-27 00:00:00+00:00,15.600669860839844,14.23143219947815,True,True
2005-06-28 00:00:00+00:00,15.718165397644043,14.24994321346283,True,True
2005-06-29 00:00:00+00:00,15.62678337097168,14.268497166633606,True,True
2005-06-30 00:00:00+00:00,15.578911781311035,14.286615710258484,True,True
2005-07-01 00:00:00+00:00,15.635488510131836,14.304760003089905,True,True
2005-07-05 00:00:00+00:00,15.705109596252441,14.322438406944276,True,True
2005-07-06 00:00:00+00:00,15.628959655761719,14.340060086250306,True,True
2005-07-07 00:00:00+00:00,15.674653053283691,14.35724012374878,True,True
2005-07-08 00:00:00+00:00,15.837835311889648,14.374010901451111,True,True
2005-07-11 00:00:00+00:00,16.079347610473633,14.392529067993165,True,True
2005-07-12 00:00:00+00:00,16.27082061767578,14.411986112594604,True,True
2005-07-13 00:00:00+00:00,16.259944915771484,14.43257248878479,True,True
2005-07-14 00:00:00+00:00,16.353504180908203,14.453466324806213,True,True
2005-07-15 00:00:00+00:00,16.264297485351562,14.474079203605651,True,True
2005-07-18 00:00:00+00:00,16.21425437927246,14.493923606872558,True,True
2005-07-19 00:00:00+00:00,16.399202346801758,14.513195357322694,True,True
2005-07-20 00:00:00+00:00,16.4013729095459,14.532209610939026,True,True
2005-07-21 00:00:00+00:00,16.57979393005371,14.550159935951234,True,True
2005-07-22 00:00:00+00:00,16.540626525878906,14.569475264549256,True,True
2005-07-25 00:00:00+00:00,16.397024154663086,14.587860331535339,True,True
2005-07-26 00:00:00+00:00,16.490583419799805,14.606075520515441,True,True
2005-07-27 00:00:00+00:00,16.57979393005371,14.62522424697876,True,True
2005-07-28 00:00:00+00:00,16.7864933013916,14.64448944568634,True,True
2005-07-29 00:00:00+00:00,16.775619506835938,14.665791244506837,True,True
2005-08-01 00:00:00+00:00,17.049776077270508,14.687887721061706,True,True
2005-08-02 00:00:00+00:00,17.352209091186523,14.712196907997132,True,True
2005-08-03 00:00:00+00:00,17.308691024780273,14.73720501422882,True,True
2005-08-04 00:00:00+00:00,17.156387329101562,14.76133994102478,True,True
2005-08-05 00:00:00+00:00,16.84088706970215,14.785014266967773,True,True
2005-08-08 00:00:00+00:00,16.95621109008789,14.807501587867737,True,True
2005-08-09 00:00:00+00:00,17.297819137573242,14.829677052497864,True,True
2005-08-10 00:00:00+00:00,17.482759475708008,14.854008359909058,True,True
2005-08-11 00:00:00+00:00,17.384855270385742,14.879096021652222,True,True
2005-08-12 00:00:00+00:00,17.199901580810547,14.903468432426452,True,True
2005-08-15 00:00:00+00:00,17.31957244873047,14.925841302871705,True,True
2005-08-16 00:00:00+00:00,17.019309997558594,14.949127802848816,True,True
2005-08-17 00:00:00+00:00,17.03018569946289,14.970665802955628,True,True
2005-08-18 00:00:00+00:00,16.716867446899414,14.991785264015197,True,True
2005-08-19 00:00:00+00:00,16.651596069335938,15.011191263198853,True,True
2005-08-22 00:00:00+00:00,16.85829734802246,15.02933584690094,True,True
2005-08-23 00:00:00+00:00,16.6994686126709,15.04752872467041,True,True
2005-08-24 00:00:00+00:00,16.481884002685547,15.064676666259766,True,True
2005-08-25 00:00:00+00:00,16.666828155517578,15.081485447883606,True,True
2005-08-26 00:00:00+00:00,16.645063400268555,15.098796224594116,True,True
2005-08-29 00:00:00+00:00,16.827842712402344,15.115922932624818,True,True
2005-08-30 00:00:00+00:00,16.651596069335938,15.133211197853088,True,True
2005-08-31 00:00:00+00:00,16.997554779052734,15.148489723205566,True,True
2005-09-01 00:00:00+00:00,17.232542037963867,15.165433564186095,True,True
2005-09-02 00:00:00+00:00,17.384855270385742,15.184329743385314,True,True
2005-09-06 00:00:00+00:00,17.602432250976562,15.202468476295472,True,True
2005-09-07 00:00:00+00:00,17.624187469482422,15.221569685935973,True,True
2005-09-08 00:00:00+00:00,17.595903396606445,15.24176489830017,True,True
2005-09-09 00:00:00+00:00,17.854827880859375,15.261553602218628,True,True
2005-09-12 00:00:00+00:00,17.82871437072754,15.282518682479859,True,True
2005-09-13 00:00:00+00:00,17.628541946411133,15.302625918388367,True,True
2005-09-14 00:00:00+00:00,17.56543731689453,15.320585885047912,True,True
2005-09-15 00:00:00+00:00,17.66770362854004,15.33866024017334,True,True
2005-09-16 00:00:00+00:00,17.939685821533203,15.357116932868957,True,True
2005-09-19 00:00:00+00:00,17.913576126098633,15.376399731636047,True,True
2005-09-20 00:00:00+00:00,17.961441040039062,15.395655889511108,True,True
2005-09-21 00:00:00+00:00,18.13115882873535,15.414832515716553,True,True
2005-09-22 00:00:00+00:00,17.950563430786133,15.434958033561706,True,True
2005-09-23 00:00:00+00:00,17.935333251953125,15.455262541770935,True,True
2005-09-26 00:00:00+00:00,18.09417152404785,15.475856323242187,True,True
2005-09-27 00:00:00+00:00,17.974496841430664,15.498369212150573,True,True
2005-09-28 00:00:00+00:00,18.179031372070312,15.52035180568695,True,True
2005-09-29 00:00:00+00:00,18.498876571655273,15.542325282096863,True,True
2005-09-30 00:00:00+00:00,18.468406677246094,15.56526388168335,True,True
2005-10-03 00:00:00+00:00,18.585908889770508,15.587086391448974,True,True
2005-10-04 00:00:00+00:00,18.411840438842773,15.60985110282898,True,True
2005-10-05 00:00:00+00:00,17.852649688720703,15.631906690597534,True,True
2005-10-06 00:00:00+00:00,17.228191375732422,15.65025275707245,True,True
2005-10-07 00:00:00+00:00,17.65464973449707,15.6647958278656,True,True
2005-10-10 00:00:00+00:00,17.595903396606445,15.681489124298096,True,True
2005-10-11 00:00:00+00:00,17.67205810546875,15.69740168094635,True,True
2005-10-12 00:00:00+00:00,17.130279541015625,15.713749403953551,True,True
2005-10-13 00:00:00+00:00,17.023662567138672,15.727014698982238,True,True
2005-10-14 00:00:00+00:00,16.958383560180664,15.739348039627075,True,True
2005-10-17 00:00:00+00:00,17.1455078125,15.751539902687073,True,True
2005-10-18 00:00:00+00:00,16.710342407226562,15.764069018363953,True,True
2005-10-19 00:00:00+00:00,17.036718368530273,15.775183868408202,True,True
2005-10-20 00:00:00+00:00,16.351327896118164,15.790160818099976,True,True
2005-10-21 00:00:00+00:00,16.7864933013916,15.802570271492005,True,True
2005-10-24 00:00:00+00:00,17.23906898498535,15.817202687263489,True,True
2005-10-25 00:00:00+00:00,16.899642944335938,15.833963809013367,True,True
2005-10-26 00:00:00+00:00,16.96056365966797,15.848940749168396,True,True
2005-10-27 00:00:00+00:00,16.558034896850586,15.864352841377258,True,True
2005-10-28 00:00:00+00:00,16.993206024169922,15.876900100708008,True,True
2005-10-31 00:00:00+00:00,17.297819137573242,15.891913332939147,True,True
2005-11-01 00:00:00+00:00,17.602432250976562,15.907198538780213,True,True
2005-11-02 00:00:00+00:00,17.87441062927246,15.924133715629578,True,True
2005-11-03 00:00:00+00:00,17.893991470336914,15.943407888412475,True,True
2005-11-04 00:00:00+00:00,17.85700225830078,15.963650312423706,True,True
2005-11-07 00:00:00+00:00,17.87006187438965,15.982764940261841,True,True
2005-11-08 00:00:00+00:00,17.7025203704834,16.002053642272948,True,True
2005-11-09 00:00:00+00:00,17.96796989440918,16.019870014190673,True,True
2005-11-10 00:00:00+00:00,17.99625587463379,16.037980127334595,True,True
2005-11-11 00:00:00+00:00,18.035417556762695,16.056162767410278,True,True
2005-11-14 00:00:00+00:00,17.987548828125,16.074475955963134,True,True
2005-11-15 00:00:00+00:00,17.885290145874023,16.09160331249237,True,True
2005-11-16 00:00:00+00:00,18.037595748901367,16.107595653533934,True,True
2005-11-17 00:00:00+00:00,18.303050994873047,16.124117417335512,True,True
2005-11-18 00:00:00+00:00,18.35308837890625,16.142042622566223,True,True
2005-11-21 00:00:00+00:00,18.36396598815918,16.15906843662262,True,True
2005-11-22 00:00:00+00:00,18.355262756347656,16.175912933349608,True,True
2005-11-23 00:00:00+00:00,18.548913955688477,16.192568869590758,True,True
2005-11-25 00:00:00+00:00,18.53586196899414,16.210436029434206,True,True
2005-11-28 00:00:00+00:00,18.418367385864258,16.22787528038025,True,True
2005-11-29 00:00:00+00:00,18.255178451538086,16.243994541168213,True,True
2005-11-30 00:00:00+00:00,18.298694610595703,16.258753881454467,True,True
2005-12-01 00:00:00+00:00,18.777376174926758,16.27354946613312,True,True
2005-12-02 00:00:00+00:00,18.755619049072266,16.290974183082582,True,True
2005-12-05 00:00:00+00:00,18.907926559448242,16.30841703891754,True,True
2005-12-06 00:00:00+00:00,19.08199119567871,16.325682201385497,True,True
2005-12-07 00:00:00+00:00,18.90140151977539,16.34410053730011,True,True
2005-12-08 00:00:00+00:00,18.75996971130371,16.36126054286957,True,True
2005-12-09 00:00:00+00:00,18.951444625854492,16.376513080596922,True,True
2005-12-12 00:00:00+00:00,19.060239791870117,16.39127607822418,True,True
2005-12-13 00:00:00+00:00,19.31045150756836,16.406717200279235,True,True
2005-12-14 00:00:00+00:00,19.182079315185547,16.423184561729432,True,True
2005-12-15 00:00:00+00:00,19.103757858276367,16.440330057144166,True,True
2005-12-16 00:00:00+00:00,19.03847312927246,16.456866364479065,True,True
2005-12-19 00:00:00+00:00,18.994956970214844,16.472133378982544,True,True
2005-12-20 00:00:00+00:00,19.15814781188965,16.486656970977783,True,True
2005-12-21 00:00:00+00:00,19.46929359436035,16.502609424591064,True,True
2005-12-22 00:00:00+00:00,19.473644256591797,16.52057451248169,True,True
2005-12-23 00:00:00+00:00,19.58980369567871,16.539322905540466,True,True
2005-12-27 00:00:00+00:00,19.371992111206055,16.5590944814682,True,True
2005-12-28 00:00:00+00:00,19.42479705810547,16.57837537765503,True,True
2005-12-29 00:00:00+00:00,19.427003860473633,16.59985315799713,True,True
2005-12-30 00:00:00+00:00,19.416004180908203,16.621983819007873,True,True
2006-01-03 00:00:00+00:00,20.142032623291016,16.642692370414736,True,True
2006-01-04 00:00:00+00:00,20.324642181396484,16.667375564575195,True,True
2006-01-05 00:00:00+00:00,20.42805290222168,16.69407057762146,True,True
2006-01-06 00:00:00+00:00,20.854873657226562,16.72266791343689,True,True
2006-01-09 00:00:00+00:00,21.059480667114258,16.75433135509491,True,True
2006-01-10 00:00:00+00:00,20.806467056274414,16.78709759712219,True,True
2006-01-11 00:00:00+00:00,21.050682067871094,16.81809833049774,True,True
2006-01-12 00:00:00+00:00,20.75806999206543,16.852209477424623,True,True
2006-01-13 00:00:00+00:00,20.780065536499023,16.88323661804199,True,True
2006-01-17 00:00:00+00:00,20.417051315307617,16.91359401702881,True,True
2006-01-18 00:00:00+00:00,20.40605354309082,16.94170120239258,True,True
2006-01-19 00:00:00+00:00,21.066082000732422,16.969590215682985,True,True
2006-01-20 00:00:00+00:00,20.439054489135742,17.00079748630524,True,True
2006-01-23 00:00:00+00:00,21.033084869384766,17.027854232788087,True,True
2006-01-24 00:00:00+00:00,21.363094329833984,17.05712324142456,True,True
2006-01-25 00:00:00+00:00,21.374095916748047,17.08840129375458,True,True
2006-01-26 00:00:00+00:00,21.880128860473633,17.120459623336792,True,True
2006-01-27 00:00:00+00:00,22.130939483642578,17.154105253219605,True,True
2006-01-30 00:00:00+00:00,22.027530670166016,17.19051350593567,True,True
2006-01-31 00:00:00+00:00,22.17273712158203,17.228304934501647,True,True
2006-02-01 00:00:00+00:00,22.16173553466797,17.26834547996521,True,True
2006-02-02 00:00:00+00:00,21.591907501220703,17.307493319511412,True,True
2006-02-03 00:00:00+00:00,21.297094345092773,17.342591724395753,True,True
2006-02-06 00:00:00+00:00,21.803119659423828,17.37793493270874,True,True
2006-02-07 00:00:00+00:00,21.2310848236084,17.413759384155274,True,True
2006-02-08 00:00:00+00:00,21.297094345092773,17.44753233909607,True,True
2006-02-09 00:00:00+00:00,21.352094650268555,17.48026457309723,True,True
2006-02-10 00:00:00+00:00,21.31909942626953,17.514026074409486,True,True
2006-02-13 00:00:00+00:00,20.793270111083984,17.548282618522645,True,True
2006-02-14 00:00:00+00:00,21.31909942626953,17.58106318473816,True,True
2006-02-15 00:00:00+00:00,21.209083557128906,17.615033235549927,True,True
2006-02-16 00:00:00+00:00,21.75912094116211,17.64797089099884,True,True
2006-02-17 00:00:00+00:00,21.730518341064453,17.683727645874022,True,True
2006-02-21 00:00:00+00:00,21.539108276367188,17.71735050678253,True,True
2006-02-22 00:00:00+00:00,21.655715942382812,17.749621024131773,True,True
2006-02-23 00:00:00+00:00,21.649110794067383,17.782271542549132,True,True
2006-02-24 00:00:00+00:00,21.690914154052734,17.81482012748718,True,True
2006-02-27 00:00:00+00:00,21.888927459716797,17.849278469085693,True,True
2006-02-28 00:00:00+00:00,21.31909942626953,17.884382395744325,True,True
2006-03-01 00:00:00+00:00,21.90872573852539,17.91790642738342,True,True
2006-03-02 00:00:00+00:00,21.92632293701172,17.95512921333313,True,True
2006-03-03 00:00:00+00:00,21.561107635498047,17.991580543518065,True,True
2006-03-06 00:00:00+00:00,21.2310848236084,18.026187658309937,True,True
2006-03-07 00:00:00+00:00,20.48305320739746,18.05768687725067,True,True
2006-03-08 00:00:00+00:00,20.60405731201172,18.08517394542694,True,True
2006-03-09 00:00:00+00:00,20.395050048828125,18.113454604148863,True,True
2006-03-10 00:00:00+00:00,20.824066162109375,18.14044364452362,True,True
2006-03-13 00:00:00+00:00,20.80206871032715,18.16979535102844,True,True
2006-03-14 00:00:00+00:00,21.451101303100586,18.199573769569398,True,True
2006-03-15 00:00:00+00:00,21.69971466064453,18.231763262748718,True,True
2006-03-16 00:00:00+00:00,21.506105422973633,18.264688148498536,True,True
2006-03-17 00:00:00+00:00,21.657915115356445,18.297297725677492,True,True
2006-03-20 00:00:00+00:00,21.781118392944336,18.32978153705597,True,True
2006-03-21 00:00:00+00:00,21.341093063354492,18.362304763793944,True,True
2006-03-22 00:00:00+00:00,21.576507568359375,18.393023142814638,True,True
2006-03-23 00:00:00+00:00,21.376291275024414,18.424153418540953,True,True
2006-03-24 00:00:00+00:00,21.561107635498047,18.454663405418398,True,True
2006-03-27 00:00:00+00:00,21.693117141723633,18.486387577056885,True,True
2006-03-28 00:00:00+00:00,21.297094345092773,18.51837287902832,True,True
2006-03-29 00:00:00+00:00,21.70411491394043,18.548160462379457,True,True
2006-03-30 00:00:00+00:00,21.814115524291992,18.579678564071656,True,True
2006-03-31 00:00:00+00:00,21.781118392944336,18.611431150436403,True,True
2006-04-03 00:00:00+00:00,22.39714813232422,18.642442183494566,True,True
2006-04-04 00:00:00+00:00,22.52916145324707,18.675837097167967,True,True
2006-04-05 00:00:00+00:00,22.760173797607422,18.708945598602295,True,True
2006-04-06 00:00:00+00:00,22.64356231689453,18.743927192687988,True,True
2006-04-07 00:00:00+00:00,22.298152923583984,18.778706502914428,True,True
2006-04-10 00:00:00+00:00,22.221139907836914,18.811018962860107,True,True
2006-04-11 00:00:00+00:00,22.031930923461914,18.84433889865875,True,True
2006-04-12 00:00:00+00:00,22.159542083740234,18.876984767913818,True,True
2006-04-13 00:00:00+00:00,22.26514434814453,18.90977912902832,True,True
2006-04-17 00:00:00+00:00,22.52916145324707,18.942514023780824,True,True
2006-04-18 00:00:00+00:00,23.277202606201172,18.9770259141922,True,True
2006-04-19 00:00:00+00:00,23.42020606994629,19.01551736831665,True,True
2006-04-20 00:00:00+00:00,23.336591720581055,19.054440956115723,True,True
2006-04-21 00:00:00+00:00,23.51921272277832,19.092598366737366,True,True
2006-04-24 00:00:00+00:00,23.211191177368164,19.132049632072448,True,True
2006-04-25 00:00:00+00:00,22.892181396484375,19.16973232269287,True,True
2006-04-26 00:00:00+00:00,23.34319305419922,19.205004053115843,True,True
2006-04-27 00:00:00+00:00,22.97577667236328,19.241323280334473,True,True
2006-04-28 00:00:00+00:00,23.200197219848633,19.27484806060791,True,True
2006-05-01 00:00:00+00:00,23.193588256835938,19.309549322128294,True,True
2006-05-02 00:00:00+00:00,23.602811813354492,19.343749742507935,True,True
2006-05-03 00:00:00+00:00,23.62921142578125,19.38044231414795,True,True
2006-05-04 00:00:00+00:00,23.860227584838867,19.417517099380493,True,True
2006-05-05 00:00:00+00:00,24.24525260925293,19.45482222557068,True,True
2006-05-08 00:00:00+00:00,24.421255111694336,19.494041624069215,True,True
2006-05-09 00:00:00+00:00,24.443260192871094,19.533248929977418,True,True
2006-05-10 00:00:00+00:00,24.179235458374023,19.572762098312378,True,True
2006-05-11 00:00:00+00:00,23.56320571899414,19.61167315483093,True,True
2006-05-12 00:00:00+00:00,22.947181701660156,19.647036266326904,True,True
2006-05-15 00:00:00+00:00,22.39714813232422,19.678873205184935,True,True
2006-05-16 00:00:00+00:00,22.50935935974121,19.7069264793396,True,True
2006-05-17 00:00:00+00:00,21.737117767333984,19.735595178604125,True,True
2006-05-18 00:00:00+00:00,21.31909942626953,19.759031887054444,True,True
2006-05-19 00:00:00+00:00,21.77892303466797,19.77886633872986,True,True
2006-05-22 00:00:00+00:00,20.753673553466797,19.801217498779298,True,True
2006-05-23 00:00:00+00:00,20.527050018310547,19.81920392990112,True,True
2006-05-24 00:00:00+00:00,20.38404655456543,19.837634744644166,True,True
2006-05-25 00:00:00+00:00,21.25089454650879,19.854773921966554,True,True
2006-05-26 00:00:00+00:00,21.187082290649414,19.874539299011232,True,True
2006-05-30 00:00:00+00:00,20.274045944213867,19.893060913085936,True,True
2006-05-31 00:00:00+00:00,20.61505699157715,19.90750686645508,True,True
2006-06-01 00:00:00+00:00,21.0374813079834,19.924582643508913,True,True
2006-06-02 00:00:00+00:00,21.253093719482422,19.943172187805175,True,True
2006-06-05 00:00:00+00:00,20.35104751586914,19.964341106414796,True,True
2006-06-06 00:00:00+00:00,20.20143699645996,19.980945415496826,True,True
2006-06-07 00:00:00+00:00,19.757015228271484,19.99836826324463,False,True
2006-06-08 00:00:00+00:00,19.404998779296875,20.013895359039306,False,False
2006-06-09 00:00:00+00:00,19.1519832611084,20.02662886619568,False,False
2006-06-12 00:00:00+00:00,18.43914794921875,20.038891439437865,False,False
2006-06-13 00:00:00+00:00,18.029926300048828,20.04867775917053,False,False
2006-06-14 00:00:00+00:00,18.546955108642578,20.05549324989319,False,False
2006-06-15 00:00:00+00:00,19.62721061706543,20.06500270843506,False,False
2006-06-16 00:00:00+00:00,19.515005111694336,20.078999547958375,False,False
2006-06-19 00:00:00+00:00,18.788970947265625,20.093316593170165,False,False
2006-06-20 00:00:00+00:00,19.019981384277344,20.10227367401123,False,False
2006-06-21 00:00:00+00:00,19.63601303100586,20.1112108707428,False,False
2006-06-22 00:00:00+00:00,19.283987045288086,20.1224666595459,False,False
2006-06-23 00:00:00+00:00,19.250991821289062,20.130874433517455,False,False
2006-06-26 00:00:00+00:00,19.250991821289062,20.13900845527649,False,False
2006-06-27 00:00:00+00:00,18.887969970703125,20.1472838973999,False,False
2006-06-28 00:00:00+00:00,19.479801177978516,20.15244960784912,False,False
2006-06-29 00:00:00+00:00,20.63705825805664,20.160705041885375,True,False
2006-06-30 00:00:00+00:00,20.659055709838867,20.175747623443602,True,True
2006-07-03 00:00:00+00:00,21.11668586730957,20.191215715408326,True,True
2006-07-05 00:00:00+00:00,20.46105194091797,20.20846062660217,True,True
2006-07-06 00:00:00+00:00,20.87907600402832,20.221067457199098,True,True
2006-07-07 00:00:00+00:00,20.48305320739746,20.235894956588744,True,True
2006-07-10 00:00:00+00:00,20.648061752319336,20.248503017425538,True,True
2006-07-11 00:00:00+00:00,20.7470645904541,20.261087532043458,True,True
2006-07-12 00:00:00+00:00,20.28504180908203,20.275070037841797,True,True
2006-07-13 00:00:00+00:00,19.48200225830078,20.28681858062744,False,True
2006-07-14 00:00:00+00:00,19.58100700378418,20.293757734298705,False,False
2006-07-17 00:00:00+00:00,19.272991180419922,20.301790285110474,False,False
2006-07-18 00:00:00+00:00,19.541400909423828,20.307260084152222,False,False
2006-07-19 00:00:00+00:00,20.7470645904541,20.312472705841063,True,False
2006-07-20 00:00:00+00:00,20.15083885192871,20.323865995407104,False,True
2006-07-21 00:00:00+00:00,19.759214401245117,20.331690645217897,False,False
2006-07-24 00:00:00+00:00,20.648061752319336,20.338427515029906,True,False
2006-07-25 00:00:00+00:00,20.70306396484375,20.3524045753479,True,True
2006-07-26 00:00:00+00:00,20.61505699157715,20.369778938293457,True,True
2006-07-27 00:00:00+00:00,20.898874282836914,20.384580974578856,True,True
2006-07-28 00:00:00+00:00,21.347702026367188,20.40109582901001,True,True
2006-07-31 00:00:00+00:00,21.143085479736328,20.419474048614504,True,True
2006-08-01 00:00:00+00:00,20.80206871032715,20.439538078308104,True,True
2006-08-02 00:00:00+00:00,21.077083587646484,20.458430109024047,True,True
2006-08-03 00:00:00+00:00,21.05508041381836,20.479023609161377,True,True
2006-08-04 00:00:00+00:00,21.09908103942871,20.498571472167967,True,True
2006-08-07 00:00:00+00:00,20.96708106994629,20.52051516532898,True,True
2006-08-08 00:00:00+00:00,20.96708106994629,20.54016697883606,True,True
2006-08-09 00:00:00+00:00,21.046281814575195,20.5632457447052,True,True
2006-08-10 00:00:00+00:00,21.261892318725586,20.58454468727112,True,True
2006-08-11 00:00:00+00:00,21.004478454589844,20.60465880393982,True,True
2006-08-14 00:00:00+00:00,21.088083267211914,20.62518298149109,True,True
2006-08-15 00:00:00+00:00,21.605104446411133,20.64582057952881,True,True
2006-08-16 00:00:00+00:00,21.816322326660156,20.671055927276612,True,True
2006-08-17 00:00:00+00:00,21.847122192382812,20.695171508789063,True,True
2006-08-18 00:00:00+00:00,21.64031410217285,20.71791802406311,True,True
2006-08-21 00:00:00+00:00,21.528106689453125,20.73810743331909,True,True
2006-08-22 00:00:00+00:00,21.521501541137695,20.756375913619994,True,True
2006-08-23 00:00:00+00:00,21.13208770751953,20.774513463974,True,True
2006-08-24 00:00:00+00:00,21.074880599975586,20.790888891220092,True,True
2006-08-25 00:00:00+00:00,21.134288787841797,20.806912984848022,True,True
2006-08-28 00:00:00+00:00,21.374095916748047,20.824071826934816,True,True
2006-08-29 00:00:00+00:00,21.446701049804688,20.84110245704651,True,True
2006-08-30 00:00:00+00:00,21.539108276367188,20.858354682922364,True,True
2006-08-31 00:00:00+00:00,21.47750473022461,20.875873136520386,True,True
2006-09-01 00:00:00+00:00,21.717313766479492,20.893322916030883,True,True
2006-09-05 00:00:00+00:00,21.836124420166016,20.91248303413391,True,True
2006-09-06 00:00:00+00:00,21.209083557128906,20.931475677490234,True,True
2006-09-07 00:00:00+00:00,20.96708106994629,20.946005840301513,True,True
2006-09-08 00:00:00+00:00,21.138689041137695,20.959075803756715,True,True
2006-09-11 00:00:00+00:00,20.683259963989258,20.972949419021607,False,True
2006-09-12 00:00:00+00:00,21.0374813079834,20.984589405059815,True,False
2006-09-13 00:00:00+00:00,21.352094650268555,20.997032241821287,True,True
2006-09-14 00:00:00+00:00,21.176088333129883,21.01111340522766,True,True
2006-09-15 00:00:00+00:00,21.301490783691406,21.024902009963988,True,True
2006-09-18 00:00:00+00:00,21.54130744934082,21.040133571624757,True,True
2006-09-19 00:00:00+00:00,21.209083557128906,21.056346635818482,True,True
2006-09-20 00:00:00+00:00,21.644716262817383,21.06850517272949,True,True
2006-09-21 00:00:00+00:00,21.11668586730957,21.082950658798218,True,True
2006-09-22 00:00:00+00:00,20.8482666015625,21.093994455337523,False,True
2006-09-25 00:00:00+00:00,21.09027862548828,21.102825832366943,False,False
2006-09-26 00:00:00+00:00,21.338899612426758,21.113770217895507,True,False
2006-09-27 00:00:00+00:00,21.29049301147461,21.12666486740112,True,True
2006-09-28 00:00:00+00:00,21.462100982666016,21.138360109329223,True,True
2006-09-29 00:00:00+00:00,21.29049301147461,21.150369415283205,True,True
2006-10-02 00:00:00+00:00,21.25529670715332,21.160269622802733,True,True
2006-10-03 00:00:00+00:00,20.96708106994629,21.170635709762575,False,True
2006-10-04 00:00:00+00:00,21.528106689453125,21.179952325820924,True,False
2006-10-05 00:00:00+00:00,21.814115524291992,21.192400493621825,True,True
2006-10-06 00:00:00+00:00,21.75912094116211,21.206496286392213,True,True
2006-10-09 00:00:00+00:00,21.677717208862305,21.219501152038575,True,True
2006-10-10 00:00:00+00:00,21.873523712158203,21.230543270111085,True,True
2006-10-11 00:00:00+00:00,21.756916046142578,21.242542667388918,True,True
2006-10-12 00:00:00+00:00,22.28714942932129,21.253378229141234,True,True
2006-10-13 00:00:00+00:00,22.419151306152344,21.26795401573181,True,True
2006-10-16 00:00:00+00:00,22.48075294494629,21.282925786972047,True,True
2006-10-17 00:00:00+00:00,22.18593978881836,21.298194532394408,True,True
2006-10-18 00:00:00+00:00,22.403749465942383,21.31204421043396,True,True
2006-10-19 00:00:00+00:00,22.502765655517578,21.323352794647217,True,True
2006-10-20 00:00:00+00:00,22.39714813232422,21.334243412017823,True,True
2006-10-23 00:00:00+00:00,22.377344131469727,21.344088888168336,True,True
2006-10-24 00:00:00+00:00,22.504961013793945,21.35170124053955,True,True
2006-10-25 00:00:00+00:00,22.766767501831055,21.35892864227295,True,True
2006-10-26 00:00:00+00:00,22.82176971435547,21.36873014450073,True,True
2006-10-27 00:00:00+00:00,22.441150665283203,21.377585582733154,True,True
2006-10-30 00:00:00+00:00,22.36414337158203,21.386000986099244,True,True
2006-10-31 00:00:00+00:00,22.79317855834961,21.393921375274658,True,True
2006-11-01 00:00:00+00:00,22.564359664916992,21.405802011489868,True,True
2006-11-02 00:00:00+00:00,22.63475799560547,21.416593542098997,True,True
2006-11-03 00:00:00+00:00,22.705167770385742,21.424436922073365,True,True
2006-11-06 00:00:00+00:00,23.244192123413086,21.435767488479613,True,True
2006-11-07 00:00:00+00:00,23.145185470581055,21.446823024749754,True,True
2006-11-08 00:00:00+00:00,23.204591751098633,21.455733480453492,True,True
2006-11-09 00:00:00+00:00,23.283794403076172,21.464885959625246,True,True
2006-11-10 00:00:00+00:00,23.31679344177246,21.47190428733826,True,True
2006-11-13 00:00:00+00:00,23.396005630493164,21.477833557128907,True,True
2006-11-14 00:00:00+00:00,23.76121711730957,21.484675931930543,True,True
2006-11-15 00:00:00+00:00,23.805219650268555,21.49261833190918,True,True
2006-11-16 00:00:00+00:00,23.56540870666504,21.500835752487184,True,True
2006-11-17 00:00:00+00:00,23.53900909423828,21.510703258514404,True,True
2006-11-20 00:00:00+00:00,23.44660758972168,21.52191283226013,True,True
2006-11-21 00:00:00+00:00,23.820621490478516,21.53013027191162,True,True
2006-11-22 00:00:00+00:00,23.987838745117188,21.543077955245973,True,True
2006-11-24 00:00:00+00:00,23.98342514038086,21.556531677246095,True,True
2006-11-27 00:00:00+00:00,23.53020477294922,21.569688329696657,True,True
2006-11-28 00:00:00+00:00,23.66661834716797,21.580743856430054,True,True
2006-11-29 00:00:00+00:00,24.0494327545166,21.595110597610475,True,True
2006-11-30 00:00:00+00:00,24.157243728637695,21.60876226425171,True,True
2006-12-01 00:00:00+00:00,24.0582332611084,21.623503065109254,True,True
2006-12-04 00:00:00+00:00,24.559864044189453,21.634998626708985,True,True
2006-12-05 00:00:00+00:00,24.9888858795166,21.649145355224608,True,True
2006-12-06 00:00:00+00:00,24.817272186279297,21.666394243240358,True,True
2006-12-07 00:00:00+00:00,24.729280471801758,21.68220202445984,True,True
2006-12-08 00:00:00+00:00,24.61927032470703,21.69760287284851,True,True
2006-12-11 00:00:00+00:00,24.630264282226562,21.71224465370178,True,True
2006-12-12 00:00:00+00:00,24.333248138427734,21.72595133781433,True,True
2006-12-13 00:00:00+00:00,24.465261459350586,21.74102208137512,True,True
2006-12-14 00:00:00+00:00,24.883275985717773,21.753804759979246,True,True
2006-12-15 00:00:00+00:00,24.993289947509766,21.76858952522278,True,True
2006-12-18 00:00:00+00:00,24.819467544555664,21.785750436782838,True,True
2006-12-19 00:00:00+00:00,24.66326904296875,21.803692350387575,True,True
2006-12-20 00:00:00+00:00,24.936176300048828,21.82459342956543,True,True
2006-12-21 00:00:00+00:00,24.891542434692383,21.846254024505615,True,True
2006-12-22 00:00:00+00:00,24.980798721313477,21.868736486434937,True,True
2006-12-26 00:00:00+00:00,25.21286964416504,21.889520149230957,True,True
2006-12-27 00:00:00+00:00,25.572126388549805,21.911574153900148,True,True
2006-12-28 00:00:00+00:00,25.52303123474121,21.932179279327393,True,True
2006-12-29 00:00:00+00:00,25.476171493530273,21.951295862197878,True,True
2007-01-03 00:00:00+00:00,25.692625045776367,21.97114619255066,True,True
2007-01-04 00:00:00+00:00,25.337833404541016,21.99131974220276,True,True
2007-01-05 00:00:00+00:00,24.596996307373047,22.00910331726074,True,True
2007-01-08 00:00:00+00:00,24.775508880615234,22.025382833480833,True,True
2007-01-09 00:00:00+00:00,24.22210693359375,22.041377840042113,True,True
2007-01-10 00:00:00+00:00,24.16632843017578,22.05560691833496,True,True
2007-01-11 00:00:00+00:00,24.47203254699707,22.06863302230835,True,True
2007-01-12 00:00:00+00:00,24.969646453857422,22.082527599334718,True,True
2007-01-16 00:00:00+00:00,25.058902740478516,22.10089035987854,True,True
2007-01-17 00:00:00+00:00,24.95401954650879,22.11766429901123,True,True
2007-01-18 00:00:00+00:00,24.69072151184082,22.133363819122316,True,True
2007-01-19 00:00:00+00:00,25.134761810302734,22.147911834716798,True,True
2007-01-22 00:00:00+00:00,25.10575294494629,22.16159990310669,True,True
2007-01-23 00:00:00+00:00,25.6770076751709,22.174482860565185,True,True
2007-01-24 00:00:00+00:00,25.900146484375,22.189067029953,True,True
2007-01-25 00:00:00+00:00,25.1035213470459,22.205349950790406,True,True
2007-01-26 00:00:00+00:00,25.257495880126953,22.219376792907713,True,True
2007-01-29 00:00:00+00:00,24.922779083251953,22.234558572769163,True,True
2007-01-30 00:00:00+00:00,25.308813095092773,22.249012813568115,True,True
2007-01-31 00:00:00+00:00,25.50518798828125,22.264759168624877,True,True
2007-02-01 00:00:00+00:00,25.817584991455078,22.28095938682556,True,True
2007-02-02 00:00:00+00:00,25.739486694335938,22.2974015045166,True,True
2007-02-05 00:00:00+00:00,25.764028549194336,22.309712924957275,True,True
2007-02-06 00:00:00+00:00,26.018415451049805,22.321432037353517,True,True
2007-02-07 00:00:00+00:00,25.918001174926758,22.334841156005858,True,True
2007-02-08 00:00:00+00:00,25.7796573638916,22.346835098266602,True,True
2007-02-09 00:00:00+00:00,25.471710205078125,22.35967742919922,True,True
2007-02-12 00:00:00+00:00,25.297657012939453,22.37257507324219,True,True
2007-02-13 00:00:00+00:00,25.69931983947754,22.38234739303589,True,True
2007-02-14 00:00:00+00:00,26.25271224975586,22.39596510887146,True,True
2007-02-15 00:00:00+00:00,26.268329620361328,22.411227684020997,True,True
2007-02-16 00:00:00+00:00,26.32857894897461,22.426601390838623,True,True
2007-02-20 00:00:00+00:00,26.397748947143555,22.440230226516725,True,True
2007-02-21 00:00:00+00:00,26.475849151611328,22.454072914123536,True,True
2007-02-22 00:00:00+00:00,26.408912658691406,22.4671510219574,True,True
2007-02-23 00:00:00+00:00,26.219236373901367,22.47796932220459,True,True
2007-02-26 00:00:00+00:00,26.208078384399414,22.486959228515627,True,True
2007-02-27 00:00:00+00:00,24.07707405090332,22.495783319473265,True,True
2007-02-28 00:00:00+00:00,24.6795597076416,22.495272512435914,True,True
2007-03-01 00:00:00+00:00,24.32475471496582,22.50085428237915,True,True
2007-03-02 00:00:00+00:00,24.099382400512695,22.50774214744568,True,True
2007-03-05 00:00:00+00:00,23.48128318786621,22.51625331878662,True,True
2007-03-06 00:00:00+00:00,24.5122013092041,22.521112937927246,True,True
2007-03-07 00:00:00+00:00,24.362703323364258,22.534988355636596,True,True
2007-03-08 00:00:00+00:00,24.991952896118164,22.55020637512207,True,True
2007-03-09 00:00:00+00:00,25.036579132080078,22.56627152442932,True,True
2007-03-12 00:00:00+00:00,25.15931510925293,22.587686052322386,True,True
2007-03-13 00:00:00+00:00,24.427412033081055,22.610847377777098,True,True
2007-03-14 00:00:00+00:00,24.62824249267578,22.63106420516968,True,True
2007-03-15 00:00:00+00:00,24.829065322875977,22.64795094490051,True,True
2007-03-16 00:00:00+00:00,24.61707878112793,22.666160860061645,True,True
2007-03-19 00:00:00+00:00,25.15708351135254,22.687876024246215,True,True
2007-03-20 00:00:00+00:00,25.322208404541016,22.710586156845093,True,True
2007-03-21 00:00:00+00:00,26.080890655517578,22.73200979232788,True,True
2007-03-22 00:00:00+00:00,25.96931266784668,22.756148777008057,True,True
2007-03-23 00:00:00+00:00,26.089815139770508,22.784240102767946,True,True
2007-03-26 00:00:00+00:00,26.074201583862305,22.813681993484497,True,True
2007-03-27 00:00:00+00:00,25.95816421508789,22.84526792526245,True,True
2007-03-28 00:00:00+00:00,25.4940185546875,22.878033752441407,True,True
2007-03-29 00:00:00+00:00,26.00056266784668,22.9097439289093,True,True
2007-03-30 00:00:00+00:00,25.996095657348633,22.94755100250244,True,True
2007-04-02 00:00:00+00:00,26.17461585998535,22.98738184928894,True,True
2007-04-03 00:00:00+00:00,26.603050231933594,23.025520153045655,True,True
2007-04-04 00:00:00+00:00,26.770397186279297,23.060399351119994,True,True
2007-04-05 00:00:00+00:00,26.794950485229492,23.09667631149292,True,True
2007-04-09 00:00:00+00:00,26.948915481567383,23.13670620918274,True,True
2007-04-10 00:00:00+00:00,27.07609748840332,23.17635087966919,True,True
2007-04-11 00:00:00+00:00,26.826183319091797,23.213551301956176,True,True
2007-04-12 00:00:00+00:00,27.274700164794922,23.251262283325197,True,True
2007-04-13 00:00:00+00:00,27.408580780029297,23.291380825042726,True,True
2007-04-16 00:00:00+00:00,27.73438262939453,23.332168769836425,True,True
2007-04-17 00:00:00+00:00,27.584869384765625,23.376400833129882,True,True
2007-04-18 00:00:00+00:00,27.37958526611328,23.41692617416382,True,True
2007-04-19 00:00:00+00:00,27.15866470336914,23.4506388092041,True,True
2007-04-20 00:00:00+00:00,27.482219696044922,23.483136854171754,True,True
2007-04-23 00:00:00+00:00,27.372880935668945,23.51496452331543,True,True
2007-04-24 00:00:00+00:00,27.368425369262695,23.549523668289183,True,True
2007-04-25 00:00:00+00:00,27.707603454589844,23.581970415115357,True,True
2007-04-26 00:00:00+00:00,27.63396453857422,23.61809316635132,True,True
2007-04-27 00:00:00+00:00,27.495620727539062,23.653022680282593,True,True
2007-04-30 00:00:00+00:00,26.96453094482422,23.68676546096802,True,True
2007-05-01 00:00:00+00:00,27.071653366088867,23.720162906646728,True,True
2007-05-02 00:00:00+00:00,27.609420776367188,23.75811116218567,True,True
2007-05-03 00:00:00+00:00,27.841487884521484,23.798253231048584,True,True
2007-05-04 00:00:00+00:00,27.832561492919922,23.841095714569093,True,True
2007-05-07 00:00:00+00:00,28.013296127319336,23.882551517486572,True,True
2007-05-08 00:00:00+00:00,27.649587631225586,23.9188826751709,True,True
2007-05-09 00:00:00+00:00,28.09586524963379,23.956376419067382,True,True
2007-05-10 00:00:00+00:00,27.408580780029297,23.998059673309328,True,True
2007-05-11 00:00:00+00:00,28.10478973388672,24.031862268447878,True,True
2007-05-14 00:00:00+00:00,27.825862884521484,24.068870897293092,True,True
2007-05-15 00:00:00+00:00,27.859338760375977,24.104924926757814,True,True
2007-05-16 00:00:00+00:00,28.26322364807129,24.13972724914551,True,True
2007-05-17 00:00:00+00:00,28.16058349609375,24.17430485725403,True,True
2007-05-18 00:00:00+00:00,28.305625915527344,24.209392347335815,True,True
2007-05-21 00:00:00+00:00,28.35695457458496,24.246910133361816,True,True
2007-05-22 00:00:00+00:00,28.361413955688477,24.28330948829651,True,True
2007-05-23 00:00:00+00:00,28.316781997680664,24.31984115600586,True,True
2007-05-24 00:00:00+00:00,27.63619613647461,24.35592966079712,True,True
2007-05-25 00:00:00+00:00,28.060169219970703,24.389275236129762,True,True
2007-05-29 00:00:00+00:00,27.964218139648438,24.424740676879882,True,True
2007-05-30 00:00:00+00:00,28.24984359741211,24.459330358505248,True,True
2007-05-31 00:00:00+00:00,28.330163955688477,24.494270114898683,True,True
2007-06-01 00:00:00+00:00,29.037525177001953,24.530898542404174,True,True
2007-06-04 00:00:00+00:00,28.908105850219727,24.570645751953126,True,True
2007-06-05 00:00:00+00:00,28.80769920349121,24.607160758972167,True,True
2007-06-06 00:00:00+00:00,28.082475662231445,24.642117643356322,True,True
2007-06-07 00:00:00+00:00,27.649587631225586,24.673294410705566,True,True
2007-06-08 00:00:00+00:00,28.138267517089844,24.70334077835083,True,True
2007-06-11 00:00:00+00:00,28.37926483154297,24.736391582489013,True,True
2007-06-12 00:00:00+00:00,27.88611602783203,24.77068039894104,True,True
2007-06-13 00:00:00+00:00,28.4439754486084,24.804450540542604,True,True
2007-06-14 00:00:00+00:00,28.89025115966797,24.841296014785765,True,True
2007-06-15 00:00:00+00:00,29.54853057861328,24.880075826644898,True,True
2007-06-18 00:00:00+00:00,29.5753116607666,24.920947999954222,True,True
2007-06-19 00:00:00+00:00,29.6087703704834,24.961591053009034,True,True
2007-06-20 00:00:00+00:00,29.356624603271484,25.001939363479615,True,True
2007-06-21 00:00:00+00:00,29.722579956054688,25.04133496284485,True,True
2007-06-22 00:00:00+00:00,29.32984733581543,25.081361293792725,True,True
2007-06-25 00:00:00+00:00,29.106708526611328,25.118829908370973,True,True
2007-06-26 00:00:00+00:00,28.852325439453125,25.158318033218382,True,True
2007-06-27 00:00:00+00:00,29.26291275024414,25.197744255065917,True,True
2007-06-28 00:00:00+00:00,29.269590377807617,25.23836537361145,True,True
2007-06-29 00:00:00+00:00,29.372243881225586,25.28129702568054,True,True
2007-07-02 00:00:00+00:00,29.968034744262695,25.322970838546752,True,True
2007-07-03 00:00:00+00:00,30.20680046081543,25.366050539016722,True,True
2007-07-05 00:00:00+00:00,30.34068489074707,25.41120409965515,True,True
2007-07-06 00:00:00+00:00,30.860597610473633,25.45640007019043,True,True
2007-07-09 00:00:00+00:00,31.159616470336914,25.502996520996092,True,True
2007-07-10 00:00:00+00:00,30.545976638793945,25.552749185562135,True,True
2007-07-11 00:00:00+00:00,30.798126220703125,25.597255487442016,True,True
2007-07-12 00:00:00+00:00,31.4742488861084,25.645662689208983,True,True
2007-07-13 00:00:00+00:00,31.864748001098633,25.698792600631712,True,True
2007-07-16 00:00:00+00:00,31.552339553833008,25.752664947509764,True,True
2007-07-17 00:00:00+00:00,31.527799606323242,25.803732147216795,True,True
2007-07-18 00:00:00+00:00,31.14175796508789,25.85491868019104,True,True
2007-07-19 00:00:00+00:00,31.451929092407227,25.903316965103148,True,True
2007-07-20 00:00:00+00:00,31.235483169555664,25.954124145507812,True,True
2007-07-23 00:00:00+00:00,32.13920974731445,26.004025077819826,True,True
2007-07-24 00:00:00+00:00,31.03911781311035,26.059885721206665,True,True
2007-07-25 00:00:00+00:00,31.21762466430664,26.10744077682495,True,True
2007-07-26 00:00:00+00:00,29.62662124633789,26.154458322525024,True,True
2007-07-27 00:00:00+00:00,29.242809295654297,26.193795824050902,True,True
2007-07-30 00:00:00+00:00,30.200105667114258,26.231621284484863,True,True
2007-07-31 00:00:00+00:00,29.581998825073242,26.273254194259643,True,True
2007-08-01 00:00:00+00:00,29.465957641601562,26.3123796081543,True,True
2007-08-02 00:00:00+00:00,29.791749954223633,26.3482736492157,True,True
2007-08-03 00:00:00+00:00,28.506452560424805,26.385136642456054,True,True
2007-08-06 00:00:00+00:00,29.015214920043945,26.415265140533446,True,True
2007-08-07 00:00:00+00:00,29.231666564941406,26.449411516189574,True,True
2007-08-08 00:00:00+00:00,30.213491439819336,26.48355110168457,True,True
2007-08-09 00:00:00+00:00,28.963895797729492,26.522104730606078,True,True
2007-08-10 00:00:00+00:00,28.461820602416992,26.554938468933106,True,True
2007-08-13 00:00:00+00:00,28.742979049682617,26.58536085128784,True,True
2007-08-14 00:00:00+00:00,27.99991226196289,26.616550941467285,True,True
2007-08-15 00:00:00+00:00,26.899831771850586,26.642716665267944,True,True
2007-08-16 00:00:00+00:00,26.442378997802734,26.66310697555542,False,True
2007-08-17 00:00:00+00:00,27.279170989990234,26.683113117218017,True,False
2007-08-20 00:00:00+00:00,27.33493995666504,26.70768825531006,True,True
2007-08-21 00:00:00+00:00,27.23453712463379,26.730397062301634,True,True
2007-08-22 00:00:00+00:00,28.406036376953125,26.75374794960022,True,True
2007-08-23 00:00:00+00:00,28.551084518432617,26.782604341506957,True,True
2007-08-24 00:00:00+00:00,29.231666564941406,26.811833925247193,True,True
2007-08-27 00:00:00+00:00,29.36554718017578,26.841771297454834,True,True
2007-08-28 00:00:00+00:00,28.171724319458008,26.872873106002807,True,True
2007-08-29 00:00:00+00:00,29.287445068359375,26.897708768844605,True,True
2007-08-30 00:00:00+00:00,29.137943267822266,26.92772702217102,True,True
2007-08-31 00:00:00+00:00,29.889938354492188,26.95683277130127,True,True
2007-09-04 00:00:00+00:00,30.39423370361328,26.989302434921264,True,True
2007-09-05 00:00:00+00:00,29.9345645904541,27.022467517852782,True,True
2007-09-06 00:00:00+00:00,30.168861389160156,27.05311424255371,True,True
2007-09-07 00:00:00+00:00,29.488279342651367,27.086131505966186,True,True
2007-09-10 00:00:00+00:00,29.510589599609375,27.11587785720825,True,True
2007-09-11 00:00:00+00:00,30.10637664794922,27.14619776725769,True,True
2007-09-12 00:00:00+00:00,30.213491439819336,27.177626543045044,True,True
2007-09-13 00:00:00+00:00,30.548200607299805,27.208754806518556,True,True
2007-09-14 00:00:00+00:00,30.60845184326172,27.24157868385315,True,True
2007-09-17 00:00:00+00:00,30.41431427001953,27.276969919204713,True,True
2007-09-18 00:00:00+00:00,31.887052536010742,27.31070839881897,True,True
2007-09-19 00:00:00+00:00,32.032100677490234,27.34989649772644,True,True
2007-09-20 00:00:00+00:00,31.931686401367188,27.389270782470703,True,True
2007-09-21 00:00:00+00:00,32.355655670166016,27.428638048171997,True,True
2007-09-24 00:00:00+00:00,32.75730514526367,27.46761700630188,True,True
2007-09-25 00:00:00+00:00,32.63458251953125,27.506459102630615,True,True
2007-09-26 00:00:00+00:00,33.069725036621094,27.545545654296873,True,True
2007-09-27 00:00:00+00:00,33.56061935424805,27.587247877120973,True,True
2007-09-28 00:00:00+00:00,33.348636627197266,27.631954622268676,True,True
2007-10-01 00:00:00+00:00,34.39739990234375,27.67554648399353,True,True
2007-10-02 00:00:00+00:00,34.631710052490234,27.72586724281311,True,True
2007-10-03 00:00:00+00:00,33.58294677734375,27.77669948577881,True,True
2007-10-04 00:00:00+00:00,33.91765213012695,27.820197839736938,True,True
2007-10-05 00:00:00+00:00,35.048980712890625,27.864819650650023,True,True
2007-10-08 00:00:00+00:00,34.67634201049805,27.915967216491698,True,True
2007-10-09 00:00:00+00:00,35.21635437011719,27.966032581329344,True,True
2007-10-10 00:00:00+00:00,35.26319885253906,28.017433471679688,True,True
2007-10-11 00:00:00+00:00,34.953033447265625,28.069291753768923,True,True
2007-10-12 00:00:00+00:00,35.59122848510742,28.11915292739868,True,True
2007-10-15 00:00:00+00:00,35.156089782714844,28.171044721603394,True,True
2007-10-16 00:00:00+00:00,34.504520416259766,28.21896453857422,True,True
2007-10-17 00:00:00+00:00,35.30113983154297,28.26387198448181,True,True
2007-10-18 00:00:00+00:00,35.479652404785156,28.312996826171876,True,True
2007-10-19 00:00:00+00:00,33.96229553222656,28.36193196296692,True,True
2007-10-22 00:00:00+00:00,34.20773696899414,28.405054273605348,True,True
2007-10-23 00:00:00+00:00,35.156089782714844,28.45310797691345,True,True
2007-10-24 00:00:00+00:00,34.92625045776367,28.50501088142395,True,True
2007-10-25 00:00:00+00:00,35.37030792236328,28.558531599044798,True,True
2007-10-26 00:00:00+00:00,36.37221908569336,28.614551496505737,True,True
2007-10-29 00:00:00+00:00,37.20899963378906,28.674052429199218,True,True
2007-10-30 00:00:00+00:00,36.506099700927734,28.735249195098877,True,True
2007-10-31 00:00:00+00:00,37.307186126708984,28.792485179901124,True,True
2007-11-01 00:00:00+00:00,35.80097579956055,28.854251012802123,True,True
2007-11-02 00:00:00+00:00,36.004032135009766,28.909802284240723,True,True
2007-11-05 00:00:00+00:00,34.75220489501953,28.96414863586426,True,True
2007-11-06 00:00:00+00:00,36.070980072021484,29.012380895614623,True,True
2007-11-07 00:00:00+00:00,34.92180252075195,29.064350757598877,True,True
2007-11-08 00:00:00+00:00,35.100318908691406,29.109459037780763,True,True
2007-11-09 00:00:00+00:00,34.27467727661133,29.15944302558899,True,True
2007-11-12 00:00:00+00:00,32.37797927856445,29.20452893257141,True,True
2007-11-13 00:00:00+00:00,34.6651725769043,29.241804933547975,True,True
2007-11-14 00:00:00+00:00,34.69865798950195,29.288586730957032,True,True
2007-11-15 00:00:00+00:00,33.89980697631836,29.334554080963134,True,True
2007-11-16 00:00:00+00:00,34.31930923461914,29.37496519088745,True,True
2007-11-19 00:00:00+00:00,32.73722457885742,29.417864303588868,True,True
2007-11-20 00:00:00+00:00,33.636497497558594,29.452730283737182,True,True
2007-11-21 00:00:00+00:00,31.942852020263672,29.490820693969727,True,True
2007-11-23 00:00:00+00:00,32.88674545288086,29.520944948196412,True,True
2007-11-26 00:00:00+00:00,31.581348419189453,29.556480388641358,True,True
2007-11-27 00:00:00+00:00,32.790775299072266,29.587028579711912,True,True
2007-11-28 00:00:00+00:00,34.58707809448242,29.62449417114258,True,True
2007-11-29 00:00:00+00:00,34.16311264038086,29.668932962417603,True,True
2007-11-30 00:00:00+00:00,34.45319366455078,29.708484964370726,True,True
2007-12-03 00:00:00+00:00,34.15418243408203,29.749409284591675,True,True
2007-12-04 00:00:00+00:00,34.06492614746094,29.78853730201721,True,True
2007-12-05 00:00:00+00:00,35.57783508300781,29.826873188018798,True,True
2007-12-06 00:00:00+00:00,36.13792037963867,29.87238311767578,True,True
2007-12-07 00:00:00+00:00,35.70948791503906,29.921028156280517,True,True
2007-12-10 00:00:00+00:00,35.72064208984375,29.968479413986206,True,True
2007-12-11 00:00:00+00:00,34.20773696899414,30.016042232513428,True,True
2007-12-12 00:00:00+00:00,35.23419952392578,30.066695547103883,True,True
2007-12-13 00:00:00+00:00,34.2657585144043,30.1194687461853,True,True
2007-12-14 00:00:00+00:00,33.44905090332031,30.169173765182496,True,True
2007-12-17 00:00:00+00:00,32.02317810058594,30.21592210769653,True,True
2007-12-18 00:00:00+00:00,32.90235137939453,30.258631582260133,True,True
2007-12-19 00:00:00+00:00,33.1165771484375,30.300582332611086,True,True
2007-12-20 00:00:00+00:00,33.29732131958008,30.34435170173645,True,True
2007-12-21 00:00:00+00:00,34.30146789550781,30.38587854385376,True,True
2007-12-24 00:00:00+00:00,34.881629943847656,30.432202987670898,True,True
2007-12-26 00:00:00+00:00,35.06241989135742,30.48081456184387,True,True
2007-12-27 00:00:00+00:00,34.25331115722656,30.533989601135254,True,True
2007-12-28 00:00:00+00:00,34.382137298583984,30.58211494445801,True,True
2007-12-31 00:00:00+00:00,33.96855163574219,30.62988030433655,True,True
2008-01-02 00:00:00+00:00,33.4080696105957,30.67663766860962,True,True
2008-01-03 00:00:00+00:00,33.70864486694336,30.717892599105834,True,True
2008-01-04 00:00:00+00:00,32.696136474609375,30.759824781417848,True,True
2008-01-07 00:00:00+00:00,32.93571472167969,30.792901010513305,True,True
2008-01-08 00:00:00+00:00,32.68032455444336,30.82773302078247,True,True
2008-01-09 00:00:00+00:00,33.7515869140625,30.860685567855835,True,True
2008-01-10 00:00:00+00:00,34.14936065673828,30.899072494506836,True,True
2008-01-11 00:00:00+00:00,33.188846588134766,30.94002847671509,True,True
2008-01-14 00:00:00+00:00,33.67700958251953,30.978502616882324,True,True
2008-01-15 00:00:00+00:00,32.15373992919922,31.01688485145569,True,True
2008-01-16 00:00:00+00:00,30.8157901763916,31.04767307281494,False,True
2008-01-17 00:00:00+00:00,29.918540954589844,31.070878944396974,False,False
2008-01-18 00:00:00+00:00,30.60108757019043,31.087456398010254,False,False
2008-01-22 00:00:00+00:00,29.832670211791992,31.10660984992981,False,False
2008-01-23 00:00:00+00:00,30.022497177124023,31.121798448562622,False,False
2008-01-24 00:00:00+00:00,30.60560417175293,31.137166357040407,False,False
2008-01-25 00:00:00+00:00,30.14002799987793,31.154813890457152,False,False
2008-01-28 00:00:00+00:00,30.885841369628906,31.171383113861083,False,False
2008-01-29 00:00:00+00:00,30.734426498413086,31.189438819885254,False,False
2008-01-30 00:00:00+00:00,30.329885482788086,31.206068048477174,False,False
2008-01-31 00:00:00+00:00,30.937843322753906,31.219045562744142,False,False
2008-02-01 00:00:00+00:00,31.55482292175293,31.235810432434082,True,False
2008-02-04 00:00:00+00:00,31.65200424194336,31.25668662071228,True,True
2008-02-05 00:00:00+00:00,29.94792366027832,31.27915331840515,False,True
2008-02-06 00:00:00+00:00,29.457496643066406,31.291481838226318,False,False
2008-02-07 00:00:00+00:00,29.95696258544922,31.301904916763306,False,False
2008-02-08 00:00:00+00:00,29.900474548339844,31.31484760284424,False,False
2008-02-11 00:00:00+00:00,30.27111053466797,31.32581195831299,False,False
2008-02-12 00:00:00+00:00,30.759288787841797,31.338997688293457,False,False
2008-02-13 00:00:00+00:00,31.45085334777832,31.35531602859497,True,False
2008-02-14 00:00:00+00:00,31.04631233215332,31.37774764060974,False,True
2008-02-15 00:00:00+00:00,31.267793655395508,31.397620935440063,False,False
2008-02-19 00:00:00+00:00,31.67686653137207,31.415912799835205,True,False
2008-02-20 00:00:00+00:00,31.9412899017334,31.435089693069457,True,True
2008-02-21 00:00:00+00:00,31.493804931640625,31.455633335113525,True,True
2008-02-22 00:00:00+00:00,31.91642951965332,31.473035879135132,True,True
2008-02-25 00:00:00+00:00,32.51082992553711,31.49437008857727,True,True
2008-02-26 00:00:00+00:00,32.94022750854492,31.516444911956786,True,True
2008-02-27 00:00:00+00:00,33.218223571777344,31.544103145599365,True,True
2008-02-28 00:00:00+00:00,32.86112594604492,31.56967031478882,True,True
2008-02-29 00:00:00+00:00,31.55482292175293,31.594846630096434,False,True
2008-03-03 00:00:00+00:00,31.726593017578125,31.61332405090332,True,False
2008-03-04 00:00:00+00:00,30.989809036254883,31.630640897750855,False,True
2008-03-05 00:00:00+00:00,31.640705108642578,31.64478702545166,False,False
2008-03-06 00:00:00+00:00,30.555879592895508,31.661462421417237,False,False
2008-03-07 00:00:00+00:00,30.133249282836914,31.67245704650879,False,False
2008-03-10 00:00:00+00:00,29.604400634765625,31.68131622314453,False,False
2008-03-11 00:00:00+00:00,31.595497131347656,31.687754316329958,False,False
2008-03-12 00:00:00+00:00,31.01015281677246,31.70755082130432,False,False
2008-03-13 00:00:00+00:00,30.727643966674805,31.72230073928833,False,False
2008-03-14 00:00:00+00:00,29.6383056640625,31.736117868423463,False,False
2008-03-17 00:00:00+00:00,28.90604591369629,31.743060178756714,False,False
2008-03-18 00:00:00+00:00,30.408979415893555,31.745939588546754,False,False
2008-03-19 00:00:00+00:00,28.582849502563477,31.75279685974121,False,False
2008-03-20 00:00:00+00:00,29.06424903869629,31.75117057800293,False,False
2008-03-24 00:00:00+00:00,30.17844581604004,31.752453327178955,False,False
2008-03-25 00:00:00+00:00,30.641759872436523,31.762933177948,False,False
2008-03-26 00:00:00+00:00,30.393157958984375,31.777894039154052,False,False
2008-03-27 00:00:00+00:00,30.24625587463379,31.789168491363526,False,False
2008-03-28 00:00:00+00:00,30.1920108795166,31.79850344657898,False,False
2008-03-31 00:00:00+00:00,30.370548248291016,31.8100329208374,False,False
2008-04-01 00:00:00+00:00,31.536739349365234,31.819665784835816,False,False
2008-04-02 00:00:00+00:00,31.55933952331543,31.8328982257843,False,False
2008-04-03 00:00:00+00:00,31.94354820251465,31.842952270507812,True,False
2008-04-04 00:00:00+00:00,31.81473159790039,31.85479345321655,False,True
2008-04-07 00:00:00+00:00,32.237361907958984,31.865823259353636,True,False
2008-04-08 00:00:00+00:00,32.06107711791992,31.880226945877077,True,True
2008-04-09 00:00:00+00:00,31.561599731445312,31.8919194316864,False,True
2008-04-10 00:00:00+00:00,32.01362228393555,31.90307819366455,True,False
2008-04-11 00:00:00+00:00,31.491540908813477,31.91761276245117,False,True
2008-04-14 00:00:00+00:00,31.41695785522461,31.930808839797972,False,False
2008-04-15 00:00:00+00:00,31.78533935546875,31.941579065322877,False,False
2008-04-16 00:00:00+00:00,32.72551727294922,31.954157810211182,True,False
2008-04-17 00:00:00+00:00,32.48821258544922,31.9709241771698,True,True
2008-04-18 00:00:00+00:00,32.97865295410156,31.983525066375734,True,True
2008-04-21 00:00:00+00:00,33.1458854675293,31.997384328842163,True,True
2008-04-22 00:00:00+00:00,32.838531494140625,32.011410331726076,True,True
2008-04-23 00:00:00+00:00,33.310882568359375,32.02130000114441,True,True
2008-04-24 00:00:00+00:00,32.88373565673828,32.03205633163452,True,True
2008-04-25 00:00:00+00:00,33.12556076049805,32.04374512672425,True,True
2008-04-28 00:00:00+00:00,33.06227493286133,32.055382299423215,True,True
2008-04-29 00:00:00+00:00,32.47692108154297,32.063322429656985,True,True
2008-04-30 00:00:00+00:00,33.1458854675293,32.066383295059204,True,True
2008-05-01 00:00:00+00:00,33.49846267700195,32.07435102462769,True,True
2008-05-02 00:00:00+00:00,33.819393157958984,32.08420433998108,True,True
2008-05-05 00:00:00+00:00,33.79452896118164,32.097592515945436,True,True
2008-05-06 00:00:00+00:00,34.171958923339844,32.10930551528931,True,True
2008-05-07 00:00:00+00:00,33.15493392944336,32.123987894058224,True,True
2008-05-08 00:00:00+00:00,33.4962043762207,32.12906651496887,True,True
2008-05-09 00:00:00+00:00,33.22273635864258,32.14135194778442,True,True
2008-05-12 00:00:00+00:00,33.649898529052734,32.151377506256104,True,True
2008-05-13 00:00:00+00:00,33.81035614013672,32.17149389266968,True,True
2008-05-14 00:00:00+00:00,33.89170837402344,32.19433162689209,True,True
2008-05-15 00:00:00+00:00,34.612667083740234,32.212789640426635,True,True
2008-05-16 00:00:00+00:00,35.053382873535156,32.23794298171997,True,True
2008-05-19 00:00:00+00:00,35.06016159057617,32.26588010787964,True,True
2008-05-20 00:00:00+00:00,34.45220184326172,32.2922221660614,True,True
2008-05-21 00:00:00+00:00,34.10190200805664,32.321950912475586,True,True
2008-05-22 00:00:00+00:00,34.20133590698242,32.34738434791565,True,True
2008-05-23 00:00:00+00:00,33.60470199584961,32.37223269462586,True,True
2008-05-27 00:00:00+00:00,33.55044937133789,32.389188747406,True,True
2008-05-28 00:00:00+00:00,34.002445220947266,32.412121515274045,True,True
2008-05-29 00:00:00+00:00,34.07704544067383,32.4398246383667,True,True
2008-05-30 00:00:00+00:00,34.194549560546875,32.466494970321655,True,True
2008-06-02 00:00:00+00:00,33.78774642944336,32.49746815681458,True,True
2008-06-03 00:00:00+00:00,33.177528381347656,32.53190773010254,True,True
2008-06-04 00:00:00+00:00,32.88826370239258,32.56558347702026,True,True
2008-06-05 00:00:00+00:00,33.93464660644531,32.59362894058228,True,True
2008-06-06 00:00:00+00:00,32.70519256591797,32.62662747383118,True,True
2008-06-09 00:00:00+00:00,32.62156677246094,32.6539807510376,False,True
2008-06-10 00:00:00+00:00,31.868961334228516,32.675058403015136,False,False
2008-06-11 00:00:00+00:00,31.392093658447266,32.69164778709412,False,False
2008-06-12 00:00:00+00:00,31.575157165527344,32.70244992256165,False,False
2008-06-13 00:00:00+00:00,31.91642951965332,32.713497972488405,False,False
2008-06-16 00:00:00+00:00,32.02491760253906,32.73222149848938,False,False
2008-06-17 00:00:00+00:00,32.16050720214844,32.74590886116028,False,False
2008-06-18 00:00:00+00:00,32.004573822021484,32.76102168083191,False,False
2008-06-19 00:00:00+00:00,32.054290771484375,32.77159485816956,False,False
2008-06-20 00:00:00+00:00,31.00788116455078,32.77989514350891,False,False
2008-06-23 00:00:00+00:00,31.098291397094727,32.785261726379396,False,False
2008-06-24 00:00:00+00:00,30.960432052612305,32.78990887641907,False,False
2008-06-25 00:00:00+00:00,31.580379486083984,32.797269639968874,False,False
2008-06-26 00:00:00+00:00,30.496835708618164,32.807618589401244,False,False
2008-06-27 00:00:00+00:00,30.79172706604004,32.80957088470459,False,False
2008-06-30 00:00:00+00:00,31.024879455566406,32.81246206283569,False,False
2008-07-01 00:00:00+00:00,30.47169303894043,32.81484545707703,False,False
2008-07-02 00:00:00+00:00,29.603031158447266,32.81416166305542,False,False
2008-07-03 00:00:00+00:00,29.518455505371094,32.81010524749756,False,False
2008-07-07 00:00:00+00:00,29.41330337524414,32.79826226234436,False,False
2008-07-08 00:00:00+00:00,29.77448081970215,32.78516827583313,False,False
2008-07-09 00:00:00+00:00,29.17327880859375,32.774382247924805,False,False
2008-07-10 00:00:00+00:00,29.701324462890625,32.758470363616944,False,False
2008-07-11 00:00:00+00:00,29.50246238708496,32.74319046020508,False,False
2008-07-14 00:00:00+00:00,29.465871810913086,32.72752985954285,False,False
2008-07-15 00:00:00+00:00,28.974393844604492,32.70951059341431,False,False
2008-07-16 00:00:00+00:00,29.81105613708496,32.68657946586609,False,False
2008-07-17 00:00:00+00:00,29.95049476623535,32.66889156341553,False,False
2008-07-18 00:00:00+00:00,29.692184448242188,32.64665703773498,False,False
2008-07-21 00:00:00+00:00,30.060222625732422,32.621959409713746,False,False
2008-07-22 00:00:00+00:00,30.078516006469727,32.60434578895569,False,False
2008-07-23 00:00:00+00:00,30.12194061279297,32.5851501083374,False,False
2008-07-24 00:00:00+00:00,29.008682250976562,32.56051490783691,False,False
2008-07-25 00:00:00+00:00,29.20755386352539,32.532176609039304,False,False
2008-07-28 00:00:00+00:00,28.71380043029785,32.50213260650635,False,False
2008-07-29 00:00:00+00:00,30.304821014404297,32.469385614395144,False,False
2008-07-30 00:00:00+00:00,29.98935317993164,32.446144552230834,False,False
2008-07-31 00:00:00+00:00,29.31728172302246,32.418135175704954,False,False
2008-08-01 00:00:00+00:00,29.1184024810791,32.3889411354065,False,False
2008-08-04 00:00:00+00:00,28.22688865661621,32.36201054573059,False,False
2008-08-05 00:00:00+00:00,28.590356826782227,32.326639289855954,False,False
2008-08-06 00:00:00+00:00,29.159549713134766,32.29219281196594,False,False
2008-08-07 00:00:00+00:00,28.15831756591797,32.26817908287048,False,False
2008-08-08 00:00:00+00:00,28.22688865661621,32.237931985855106,False,False
2008-08-11 00:00:00+00:00,27.932003021240234,32.20328598022461,False,False
2008-08-12 00:00:00+00:00,27.698835372924805,32.16831474304199,False,False
2008-08-13 00:00:00+00:00,27.691972732543945,32.1299573802948,False,False
2008-08-14 00:00:00+00:00,28.055438995361328,32.086556148529056,False,False
2008-08-15 00:00:00+00:00,27.616540908813477,32.040788345336914,False,False
2008-08-18 00:00:00+00:00,27.150203704833984,31.996340551376342,False,False
2008-08-19 00:00:00+00:00,26.92389678955078,31.945555639266967,False,False
2008-08-20 00:00:00+00:00,27.609682083129883,31.901170244216917,False,False
2008-08-21 00:00:00+00:00,27.56853675842285,31.85919849395752,False,False
2008-08-22 00:00:00+00:00,27.54796028137207,31.823280153274535,False,False
2008-08-25 00:00:00+00:00,26.978763580322266,31.78066505432129,False,False
2008-08-26 00:00:00+00:00,27.026771545410156,31.74094985961914,False,False
2008-08-27 00:00:00+00:00,27.60283088684082,31.700582122802736,False,False
2008-08-28 00:00:00+00:00,27.794837951660156,31.667222890853882,False,False
2008-08-29 00:00:00+00:00,27.46568489074707,31.64430718421936,False,False
2008-09-02 00:00:00+00:00,26.63587188720703,31.608309745788574,False,False
2008-09-03 00:00:00+00:00,26.196969985961914,31.5679958152771,False,False
2008-09-04 00:00:00+00:00,24.989978790283203,31.529481630325318,False,False
2008-09-05 00:00:00+00:00,25.34659194946289,31.48283497810364,False,False
2008-09-08 00:00:00+00:00,25.66205406188965,31.445881814956664,False,False
2008-09-09 00:00:00+00:00,24.22191619873047,31.406009597778322,False,False
2008-09-10 00:00:00+00:00,24.612812042236328,31.367404918670655,False,False
2008-09-11 00:00:00+00:00,24.24934196472168,31.32603525161743,False,False
2008-09-12 00:00:00+00:00,25.05856704711914,31.289375219345093,False,False
2008-09-15 00:00:00+00:00,23.090364456176758,31.250714178085328,False,False
2008-09-16 00:00:00+00:00,23.28923797607422,31.1932306098938,False,False
2008-09-17 00:00:00+00:00,21.63650131225586,31.138861236572264,False,False
2008-09-18 00:00:00+00:00,23.460689544677734,31.07477777481079,False,False
2008-09-19 00:00:00+00:00,26.38212776184082,31.02131031036377,False,False
2008-09-22 00:00:00+00:00,24.66080665588379,30.982896318435667,False,False
2008-09-23 00:00:00+00:00,23.892736434936523,30.92831117630005,False,False
2008-09-24 00:00:00+00:00,24.16704559326172,30.867085256576537,False,False
2008-09-25 00:00:00+00:00,25.4083194732666,30.80937304496765,False,False
2008-09-26 00:00:00+00:00,24.544227600097656,30.757811431884765,False,False
2008-09-29 00:00:00+00:00,21.677654266357422,30.709493885040285,False,False
2008-09-30 00:00:00+00:00,23.43325424194336,30.641711158752443,False,False
2008-10-01 00:00:00+00:00,23.714435577392578,30.587548637390135,False,False
2008-10-02 00:00:00+00:00,21.63650131225586,30.5388755607605,False,False
2008-10-03 00:00:00+00:00,21.06729507446289,30.486942176818847,False,False
2008-10-06 00:00:00+00:00,19.48314094543457,30.42776689529419,False,False
2008-10-07 00:00:00+00:00,17.967552185058594,30.359599714279174,False,False
2008-10-08 00:00:00+00:00,17.967552185058594,30.282950868606566,False,False
2008-10-09 00:00:00+00:00,16.643993377685547,30.20128129005432,False,False
2008-10-10 00:00:00+00:00,16.83600616455078,30.11009310722351,False,False
2008-10-13 00:00:00+00:00,20.669540405273438,30.018961038589477,False,False
2008-10-14 00:00:00+00:00,19.640867233276367,29.951042184829713,False,False
2008-10-15 00:00:00+00:00,16.465686798095703,29.877335834503175,False,False
2008-10-16 00:00:00+00:00,17.274913787841797,29.78982151031494,False,False
2008-10-17 00:00:00+00:00,16.733142852783203,29.70915573120117,False,False
2008-10-20 00:00:00+00:00,17.905838012695312,29.62427822113037,False,False
2008-10-21 00:00:00+00:00,16.47940444946289,29.5503267288208,False,False
2008-10-22 00:00:00+00:00,14.744364738464355,29.468045177459718,False,False
2008-10-23 00:00:00+00:00,15.15583324432373,29.378365378379822,False,False
2008-10-24 00:00:00+00:00,13.592247009277344,29.28538661003113,False,False
2008-10-27 00:00:00+00:00,13.235641479492188,29.182601041793824,False,False
2008-10-28 00:00:00+00:00,16.006210327148438,29.08283501625061,False,False
2008-10-29 00:00:00+00:00,15.49872875213623,28.994481019973755,False,False
2008-10-30 00:00:00+00:00,17.590373992919922,28.91120596408844,False,False
2008-10-31 00:00:00+00:00,17.439502716064453,28.84507888317108,False,False
2008-11-03 00:00:00+00:00,17.281766891479492,28.782683691978455,False,False
2008-11-04 00:00:00+00:00,18.859073638916016,28.7160870885849,False,False
2008-11-05 00:00:00+00:00,16.45882797241211,28.66121910572052,False,False
2008-11-06 00:00:00+00:00,15.629033088684082,28.593400759696962,False,False
2008-11-07 00:00:00+00:00,16.89773178100586,28.518517904281616,False,False
2008-11-10 00:00:00+00:00,17.055461883544922,28.452306423187256,False,False
2008-11-11 00:00:00+00:00,15.992501258850098,28.383154525756837,False,False
2008-11-12 00:00:00+00:00,14.8060884475708,28.309444899559022,False,False
2008-11-13 00:00:00+00:00,16.856582641601562,28.231825914382934,False,False
2008-11-14 00:00:00+00:00,15.238130569458008,28.161419610977173,False,False
2008-11-17 00:00:00+00:00,14.984395027160645,28.079836149215698,False,False
2008-11-18 00:00:00+00:00,14.76494312286377,27.996498103141786,False,False
2008-11-19 00:00:00+00:00,13.489381790161133,27.92058320045471,False,False
2008-11-20 00:00:00+00:00,12.522428512573242,27.840742626190185,False,False
2008-11-21 00:00:00+00:00,14.326040267944336,27.753569955825807,False,False
2008-11-24 00:00:00+00:00,15.196986198425293,27.67569778442383,False,False
2008-11-25 00:00:00+00:00,14.908957481384277,27.600327162742616,False,False
2008-11-26 00:00:00+00:00,16.047351837158203,27.521075506210327,False,False
2008-11-28 00:00:00+00:00,15.73875617980957,27.444057998657225,False,False
2008-12-01 00:00:00+00:00,14.22317123413086,27.367520217895507,False,False
2008-12-02 00:00:00+00:00,15.121553421020508,27.282297105789183,False,False
2008-12-03 00:00:00+00:00,15.244990348815918,27.199520540237426,False,False
2008-12-04 00:00:00+00:00,14.593496322631836,27.11603904247284,False,False
2008-12-05 00:00:00+00:00,15.457582473754883,27.031537499427795,False,False
2008-12-08 00:00:00+00:00,16.44510841369629,26.9492432641983,False,False
2008-12-09 00:00:00+00:00,16.218807220458984,26.8689146566391,False,False
2008-12-10 00:00:00+00:00,17.185754776000977,26.78530755519867,False,False
2008-12-11 00:00:00+00:00,16.746858596801758,26.705145211219786,False,False
2008-12-12 00:00:00+00:00,16.980016708374023,26.624573874473572,False,False
2008-12-15 00:00:00+00:00,16.753707885742188,26.551699843406677,False,False
2008-12-16 00:00:00+00:00,18.090999603271484,26.4768354177475,False,False
2008-12-17 00:00:00+00:00,17.775535583496094,26.41234137058258,False,False
2008-12-18 00:00:00+00:00,17.384641647338867,26.343015522956847,False,False
2008-12-19 00:00:00+00:00,17.44635581970215,26.277159333229065,False,False
2008-12-22 00:00:00+00:00,16.794864654541016,26.21372486591339,False,False
2008-12-23 00:00:00+00:00,16.655778884887695,26.14967718601227,False,False
2008-12-24 00:00:00+00:00,16.773998260498047,26.074978594779967,False,False
2008-12-26 00:00:00+00:00,16.71837043762207,26.003797821998596,False,False
2008-12-29 00:00:00+00:00,16.6905460357666,25.93375145435333,False,False
2008-12-30 00:00:00+00:00,17.135631561279297,25.869012656211854,False,False
2008-12-31 00:00:00+00:00,17.36512565612793,25.81016058444977,False,False
2009-01-02 00:00:00+00:00,18.19269371032715,25.74494131565094,False,False
2009-01-05 00:00:00+00:00,18.429149627685547,25.69299053668976,False,False
2009-01-06 00:00:00+00:00,18.846406936645508,25.639815039634705,False,False
2009-01-07 00:00:00+00:00,17.761524200439453,25.583154845237733,False,False
2009-01-08 00:00:00+00:00,17.685028076171875,25.518753666877746,False,False
2009-01-09 00:00:00+00:00,17.30253028869629,25.455213017463684,False,False
2009-01-12 00:00:00+00:00,16.572322845458984,25.390494389534,False,False
2009-01-13 00:00:00+00:00,16.620996475219727,25.32239594936371,False,False
2009-01-14 00:00:00+00:00,15.814290046691895,25.253648190498353,False,False
2009-01-15 00:00:00+00:00,15.995108604431152,25.175035943984984,False,False
2009-01-16 00:00:00+00:00,16.168970108032227,25.097214789390563,False,False
2009-01-20 00:00:00+00:00,14.965859413146973,25.018341898918152,False,False
2009-01-21 00:00:00+00:00,15.779523849487305,24.934097537994386,False,False
2009-01-22 00:00:00+00:00,15.257936477661133,24.851808347702026,False,False
2009-01-23 00:00:00+00:00,15.452665328979492,24.767792644500734,False,False
2009-01-26 00:00:00+00:00,15.633478164672852,24.687247972488404,False,False
2009-01-27 00:00:00+00:00,15.911652565002441,24.60534725189209,False,False
2009-01-28 00:00:00+00:00,16.71837043762207,24.527447810173033,False,False
2009-01-29 00:00:00+00:00,15.869924545288086,24.45395487308502,False,False
2009-01-30 00:00:00+00:00,15.751702308654785,24.374377799034118,False,False
2009-02-02 00:00:00+00:00,15.591748237609863,24.289508724212645,False,False
2009-02-03 00:00:00+00:00,16.057701110839844,24.20502640247345,False,False
2009-02-04 00:00:00+00:00,16.175918579101562,24.120421643257142,False,False
2009-02-05 00:00:00+00:00,16.516685485839844,24.035571808815003,False,False
2009-02-06 00:00:00+00:00,17.344263076782227,23.9539625787735,False,False
2009-02-09 00:00:00+00:00,17.25385093688965,23.874129481315613,False,False
2009-02-10 00:00:00+00:00,16.210697174072266,23.79598005771637,False,False
2009-02-11 00:00:00+00:00,16.697500228881836,23.71140573978424,False,False
2009-02-12 00:00:00+00:00,16.593185424804688,23.629581866264342,False,False
2009-02-13 00:00:00+00:00,16.6766414642334,23.55016318798065,False,False
2009-02-17 00:00:00+00:00,15.612617492675781,23.467816967964172,False,False
2009-02-18 00:00:00+00:00,15.50134563446045,23.37838774204254,False,False
2009-02-19 00:00:00+00:00,15.355303764343262,23.28679750442505,False,False
2009-02-20 00:00:00+00:00,14.965859413146973,23.194601378440858,False,False
2009-02-23 00:00:00+00:00,14.597272872924805,23.09857088088989,False,False
2009-02-24 00:00:00+00:00,15.397024154663086,23.0057825756073,False,False
2009-02-25 00:00:00+00:00,15.13276481628418,22.915286674499512,False,False
2009-02-26 00:00:00+00:00,15.000633239746094,22.82483681678772,False,False
2009-02-27 00:00:00+00:00,14.764179229736328,22.731590490341187,False,False
2009-03-02 00:00:00+00:00,13.867067337036133,22.636359605789185,False,False
2009-03-03 00:00:00+00:00,14.061788558959961,22.53623640060425,False,False
2009-03-04 00:00:00+00:00,15.049308776855469,22.433482007980345,False,False
2009-03-05 00:00:00+00:00,14.430368423461914,22.33346163749695,False,False
2009-03-06 00:00:00+00:00,14.673778533935547,22.230312671661377,False,False
2009-03-09 00:00:00+00:00,14.388642311096191,22.131420555114747,False,False
2009-03-10 00:00:00+00:00,15.556985855102539,22.032854256629943,False,False
2009-03-11 00:00:00+00:00,15.556985855102539,21.939632506370543,False,False
2009-03-12 00:00:00+00:00,16.155059814453125,21.84939392566681,False,False
2009-03-13 00:00:00+00:00,16.24546241760254,21.762416977882385,False,False
2009-03-16 00:00:00+00:00,16.259376525878906,21.67363206386566,False,False
2009-03-17 00:00:00+00:00,16.614049911499023,21.584543719291688,False,False
2009-03-18 00:00:00+00:00,16.961769104003906,21.49664122104645,False,False
2009-03-19 00:00:00+00:00,16.850494384765625,21.41251133441925,False,False
2009-03-20 00:00:00+00:00,16.620996475219727,21.33087616443634,False,False
2009-03-23 00:00:00+00:00,18.157926559448242,21.249539828300477,False,False
2009-03-24 00:00:00+00:00,17.594621658325195,21.17065622806549,False,False
2009-03-25 00:00:00+00:00,17.85887908935547,21.095103373527525,False,False
2009-03-26 00:00:00+00:00,18.3456974029541,21.021289935111998,False,False
2009-03-27 00:00:00+00:00,17.803251266479492,20.953673615455628,False,False
2009-03-30 00:00:00+00:00,16.885271072387695,20.885729403495787,False,False
2009-03-31 00:00:00+00:00,17.25385093688965,20.81227997303009,False,False
2009-04-01 00:00:00+00:00,17.824115753173828,20.73896708011627,False,False
2009-04-02 00:00:00+00:00,18.790775299072266,20.667963070869448,False,False
2009-04-03 00:00:00+00:00,19.020265579223633,20.601114411354065,False,False
2009-04-06 00:00:00+00:00,18.783817291259766,20.536192870140077,False,False
2009-04-07 00:00:00+00:00,18.35264015197754,20.469840502738954,False,False
2009-04-08 00:00:00+00:00,18.62387466430664,20.406564297676088,False,False
2009-04-09 00:00:00+00:00,19.437530517578125,20.344192214012146,False,False
2009-04-13 00:00:00+00:00,19.555755615234375,20.286577706336974,False,False
2009-04-14 00:00:00+00:00,19.242809295654297,20.226454586982726,False,False
2009-04-15 00:00:00+00:00,19.52098846435547,20.17018445491791,False,False
2009-04-16 00:00:00+00:00,19.687891006469727,20.113830761909483,False,False
2009-04-17 00:00:00+00:00,19.54880714416504,20.057145819664,False,False
2009-04-20 00:00:00+00:00,18.59604835510254,20.002531390190125,False,False
2009-04-21 00:00:00+00:00,18.992446899414062,19.947496476173402,False,False
2009-04-22 00:00:00+00:00,18.832502365112305,19.894866433143616,False,False
2009-04-23 00:00:00+00:00,19.124584197998047,19.841962428092955,False,False
2009-04-24 00:00:00+00:00,19.48621368408203,19.788712944984436,False,False
2009-04-27 00:00:00+00:00,18.832502365112305,19.740277619361876,False,False
2009-04-28 00:00:00+00:00,18.769916534423828,19.685933508872985,False,False
2009-04-29 00:00:00+00:00,19.757436752319336,19.63227077960968,True,False
2009-04-30 00:00:00+00:00,19.938249588012695,19.58372860431671,True,True
2009-05-01 00:00:00+00:00,20.2303409576416,19.538547883033754,True,True
2009-05-04 00:00:00+00:00,21.6281681060791,19.490644307136535,True,True
2009-05-05 00:00:00+00:00,21.433446884155273,19.449032673835756,True,True
2009-05-06 00:00:00+00:00,21.802030563354492,19.40773898601532,True,True
2009-05-07 00:00:00+00:00,21.259580612182617,19.36644802570343,True,True
2009-05-08 00:00:00+00:00,21.968931198120117,19.322353348731994,True,True
2009-05-11 00:00:00+00:00,21.454309463500977,19.28158830165863,True,True
2009-05-12 00:00:00+00:00,21.607303619384766,19.243816437721254,True,True
2009-05-13 00:00:00+00:00,20.814504623413086,19.205815186500548,True,True
2009-05-14 00:00:00+00:00,21.11354637145996,19.166318707466125,True,True
2009-05-15 00:00:00+00:00,20.9188232421875,19.120362334251404,True,True
2009-05-18 00:00:00+00:00,22.080198287963867,19.075009684562684,True,True
2009-05-19 00:00:00+00:00,22.330562591552734,19.03882426738739,True,True
2009-05-20 00:00:00+00:00,22.40010643005371,19.004885067939757,True,True
2009-05-21 00:00:00+00:00,21.98284149169922,18.975751156806947,True,True
2009-05-22 00:00:00+00:00,22.080198287963867,18.94271358013153,True,True
2009-05-26 00:00:00+00:00,22.34446907043457,18.907316823005676,True,True
2009-05-27 00:00:00+00:00,22.087158203125,18.87824758052826,True,True
2009-05-28 00:00:00+00:00,22.768686294555664,18.847548928260803,True,True
2009-05-29 00:00:00+00:00,23.116411209106445,18.82173234462738,True,True
2009-06-01 00:00:00+00:00,24.09002113342285,18.79882022380829,True,True
2009-06-02 00:00:00+00:00,23.742300033569336,18.78081046581268,True,True
2009-06-03 00:00:00+00:00,22.90082550048828,18.759244771003722,True,True
2009-06-04 00:00:00+00:00,23.325035095214844,18.735666193962096,True,True
2009-06-05 00:00:00+00:00,23.37372398376465,18.716540350914002,True,True
2009-06-08 00:00:00+00:00,23.012094497680664,18.698789486885072,True,True
2009-06-09 00:00:00+00:00,23.053821563720703,18.675801548957825,True,True
2009-06-10 00:00:00+00:00,23.345903396606445,18.653227972984315,True,True
2009-06-11 00:00:00+00:00,23.846616744995117,18.632217688560488,True,True
2009-06-12 00:00:00+00:00,23.464128494262695,18.61655695438385,True,True
2009-06-15 00:00:00+00:00,22.62264633178711,18.598743739128114,True,True
2009-06-16 00:00:00+00:00,22.281885147094727,18.573842816352844,True,True
2009-06-17 00:00:00+00:00,22.031524658203125,18.546278052330017,True,True
2009-06-18 00:00:00+00:00,21.968931198120117,18.5191072511673,True,True
2009-06-19 00:00:00+00:00,22.080198287963867,18.495772547721863,True,True
2009-06-22 00:00:00+00:00,21.280452728271484,18.47518868923187,True,True
2009-06-23 00:00:00+00:00,21.418563842773438,18.456641058921814,True,True
2009-06-24 00:00:00+00:00,21.888294219970703,18.437000918388367,True,True
2009-06-25 00:00:00+00:00,22.540327072143555,18.41813211917877,True,True
2009-06-26 00:00:00+00:00,22.65951156616211,18.409724173545836,True,True
2009-06-29 00:00:00+00:00,22.827774047851562,18.399957671165467,True,True
2009-06-30 00:00:00+00:00,22.596416473388672,18.392849831581117,True,True
2009-07-01 00:00:00+00:00,23.01005744934082,18.380539078712463,True,True
2009-07-02 00:00:00+00:00,22.379072189331055,18.380137543678284,True,True
2009-07-06 00:00:00+00:00,22.32999610900879,18.375586714744568,True,True
2009-07-07 00:00:00+00:00,21.804170608520508,18.379054188728333,True,True
2009-07-08 00:00:00+00:00,21.551773071289062,18.370771594047547,True,True
2009-07-09 00:00:00+00:00,21.937374114990234,18.34661982059479,True,True
2009-07-10 00:00:00+00:00,21.67797088623047,18.33300265789032,True,True
2009-07-13 00:00:00+00:00,21.83221435546875,18.32192883014679,True,True
2009-07-14 00:00:00+00:00,22.070585250854492,18.310254673957825,True,True
2009-07-15 00:00:00+00:00,23.255441665649414,18.293566002845765,True,True
2009-07-16 00:00:00+00:00,23.297508239746094,18.287122073173524,True,True
2009-07-17 00:00:00+00:00,23.53588104248047,18.295221343040467,True,True
2009-07-20 00:00:00+00:00,24.377199172973633,18.29573447704315,True,True
2009-07-21 00:00:00+00:00,24.30708885192871,18.299048295021056,True,True
2009-07-22 00:00:00+00:00,24.25100326538086,18.31240123271942,True,True
2009-07-23 00:00:00+00:00,24.938074111938477,18.32831977367401,True,True
2009-07-24 00:00:00+00:00,24.818893432617188,18.355594439506532,True,True
2009-07-27 00:00:00+00:00,25.03622817993164,18.389851145744323,True,True
2009-07-28 00:00:00+00:00,24.924055099487305,18.425194525718688,True,True
2009-07-29 00:00:00+00:00,24.363182067871094,18.466594834327697,True,True
2009-07-30 00:00:00+00:00,24.966123580932617,18.5042307138443,True,True
2009-07-31 00:00:00+00:00,25.085311889648438,18.525713629722595,True,True
2009-08-03 00:00:00+00:00,26.024791717529297,18.552935853004456,True,True
2009-08-04 00:00:00+00:00,25.786405563354492,18.600731377601623,True,True
2009-08-05 00:00:00+00:00,25.569068908691406,18.643288836479186,True,True
2009-08-06 00:00:00+00:00,25.35873794555664,18.687468466758727,True,True
2009-08-07 00:00:00+00:00,25.611133575439453,18.724732966423034,True,True
2009-08-10 00:00:00+00:00,25.323680877685547,18.77039161205292,True,True
2009-08-11 00:00:00+00:00,24.846935272216797,18.823288192749022,True,True
2009-08-12 00:00:00+00:00,25.071290969848633,18.871743702888487,True,True
2009-08-13 00:00:00+00:00,25.505971908569336,18.929138922691344,True,True
2009-08-14 00:00:00+00:00,25.04324722290039,18.99049057483673,True,True
2009-08-17 00:00:00+00:00,24.061702728271484,19.03567575931549,True,True
2009-08-18 00:00:00+00:00,24.587533950805664,19.078490629196168,True,True
2009-08-19 00:00:00+00:00,24.650636672973633,19.113476428985596,True,True
2009-08-20 00:00:00+00:00,25.078296661376953,19.14953209877014,True,True
2009-08-21 00:00:00+00:00,25.456890106201172,19.188514747619628,True,True
2009-08-24 00:00:00+00:00,25.569068908691406,19.221503829956056,True,True
2009-08-25 00:00:00+00:00,25.51297378540039,19.26705503463745,True,True
2009-08-26 00:00:00+00:00,25.435853958129883,19.316474738121034,True,True
2009-08-27 00:00:00+00:00,25.386775970458984,19.359165349006652,True,True
2009-08-28 00:00:00+00:00,25.253576278686523,19.400821919441224,True,True
2009-08-31 00:00:00+00:00,24.755786895751953,19.447127294540405,True,True
2009-09-01 00:00:00+00:00,24.286054611206055,19.49687578678131,True,True
2009-09-02 00:00:00+00:00,24.545461654663086,19.534023146629334,True,True
2009-09-03 00:00:00+00:00,25.03622817993164,19.580559802055358,True,True
2009-09-04 00:00:00+00:00,25.519990921020508,19.630818967819213,True,True
2009-09-08 00:00:00+00:00,26.045818328857422,19.684594206809997,True,True
2009-09-09 00:00:00+00:00,26.186033248901367,19.74737638950348,True,True
2009-09-10 00:00:00+00:00,26.529565811157227,19.81569441318512,True,True
2009-09-11 00:00:00+00:00,26.543596267700195,19.876712040901182,True,True
2009-09-14 00:00:00+00:00,26.44544219970703,19.93344509124756,True,True
2009-09-15 00:00:00+00:00,26.76093101501465,19.99112751483917,True,True
2009-09-16 00:00:00+00:00,27.433992385864258,20.044695410728455,True,True
2009-09-17 00:00:00+00:00,27.286760330200195,20.103171591758727,True,True
2009-09-18 00:00:00+00:00,27.36388397216797,20.168489537239076,True,True
2009-09-21 00:00:00+00:00,27.12550926208496,20.229701189994813,True,True
2009-09-22 00:00:00+00:00,27.539159774780273,20.289103784561156,True,True
2009-09-23 00:00:00+00:00,27.12550926208496,20.3538321018219,True,True
2009-09-24 00:00:00+00:00,26.59267807006836,20.41217173576355,True,True
2009-09-25 00:00:00+00:00,26.704858779907227,20.46290958404541,True,True
2009-09-28 00:00:00+00:00,27.04839324951172,20.51533984184265,True,True
2009-09-29 00:00:00+00:00,27.111478805541992,20.564653034210206,True,True
2009-09-30 00:00:00+00:00,27.279754638671875,20.616476135253905,True,True
2009-10-01 00:00:00+00:00,26.53658676147461,20.667974824905397,True,True
2009-10-02 00:00:00+00:00,26.543596267700195,20.716889219284056,True,True
2009-10-05 00:00:00+00:00,27.160558700561523,20.759152202606202,True,True
2009-10-06 00:00:00+00:00,27.6092586517334,20.806077318191527,True,True
2009-10-07 00:00:00+00:00,27.581218719482422,20.8572004032135,True,True
2009-10-08 00:00:00+00:00,27.91774559020996,20.907874717712403,True,True
2009-10-09 00:00:00+00:00,27.938785552978516,20.963489122390747,True,True
2009-10-12 00:00:00+00:00,28.170146942138672,21.0199041557312,True,True
2009-10-13 00:00:00+00:00,28.219226837158203,21.076884899139404,True,True
2009-10-14 00:00:00+00:00,29.130643844604492,21.134389181137085,True,True
2009-10-15 00:00:00+00:00,28.969392776489258,21.196589670181275,True,True
2009-10-16 00:00:00+00:00,28.56977081298828,21.255758476257324,True,True
2009-10-19 00:00:00+00:00,29.116626739501953,21.311781702041625,True,True
2009-10-20 00:00:00+00:00,28.731019973754883,21.3664013671875,True,True
2009-10-21 00:00:00+00:00,28.576780319213867,21.417910718917845,True,True
2009-10-22 00:00:00+00:00,28.81515884399414,21.466562585830687,True,True
2009-10-23 00:00:00+00:00,28.576780319213867,21.521830759048463,True,True
2009-10-26 00:00:00+00:00,28.219226837158203,21.57628952026367,True,True
2009-10-27 00:00:00+00:00,27.72844696044922,21.63087300300598,True,True
2009-10-28 00:00:00+00:00,26.459468841552734,21.686653623580934,True,True
2009-10-29 00:00:00+00:00,27.630298614501953,21.7358459854126,True,True
2009-10-30 00:00:00+00:00,26.34027862548828,21.79492602825165,True,True
2009-11-02 00:00:00+00:00,26.732900619506836,21.846651878356933,True,True
2009-11-03 00:00:00+00:00,26.774951934814453,21.899471530914308,True,True
2009-11-04 00:00:00+00:00,27.272741317749023,21.958516993522643,True,True
2009-11-05 00:00:00+00:00,27.8336124420166,22.015983080863954,True,True
2009-11-06 00:00:00+00:00,27.79856300354004,22.07886146068573,True,True
2009-11-09 00:00:00+00:00,28.822172164916992,22.140590949058534,True,True
2009-11-10 00:00:00+00:00,28.688953399658203,22.206534419059754,True,True
2009-11-11 00:00:00+00:00,28.9343318939209,22.270420923233033,True,True
2009-11-12 00:00:00+00:00,28.289331436157227,22.331500730514527,True,True
2009-11-13 00:00:00+00:00,28.773088455200195,22.393597764968874,True,True
2009-11-16 00:00:00+00:00,29.49521827697754,22.4587046957016,True,True
2009-11-17 00:00:00+00:00,29.390052795410156,22.52822204589844,True,True
2009-11-18 00:00:00+00:00,29.15869140625,22.594883804321288,True,True
2009-11-19 00:00:00+00:00,28.61884117126465,22.65979766845703,True,True
2009-11-20 00:00:00+00:00,28.499666213989258,22.720308446884154,True,True
2009-11-23 00:00:00+00:00,29.095590591430664,22.77608546257019,True,True
2009-11-24 00:00:00+00:00,28.9343318939209,22.835294160842896,True,True
2009-11-25 00:00:00+00:00,29.2708797454834,22.898912334442137,True,True
2009-11-27 00:00:00+00:00,28.135093688964844,22.961779232025147,True,True
2009-11-30 00:00:00+00:00,28.40852165222168,23.019488773345948,True,True
2009-12-01 00:00:00+00:00,29.221792221069336,23.07814817428589,True,True
2009-12-02 00:00:00+00:00,29.34097671508789,23.146194047927857,True,True
2009-12-03 00:00:00+00:00,29.067546844482422,23.215392203330993,True,True
2009-12-04 00:00:00+00:00,29.333965301513672,23.283953418731688,True,True
2009-12-07 00:00:00+00:00,29.081573486328125,23.355793948173524,True,True
2009-12-08 00:00:00+00:00,28.541725158691406,23.42821545124054,True,True
2009-12-09 00:00:00+00:00,28.716997146606445,23.49393895626068,True,True
2009-12-10 00:00:00+00:00,28.88525390625,23.561860117912293,True,True
2009-12-11 00:00:00+00:00,28.990432739257812,23.63128322124481,True,True
2009-12-14 00:00:00+00:00,29.186737060546875,23.70241448879242,True,True
2009-12-15 00:00:00+00:00,28.88525390625,23.779012837409972,True,True
2009-12-16 00:00:00+00:00,29.053537368774414,23.853130164146425,True,True
2009-12-17 00:00:00+00:00,28.219226837158203,23.923151307106018,True,True
2009-12-18 00:00:00+00:00,28.296342849731445,23.9920955991745,True,True
2009-12-21 00:00:00+00:00,28.26128578186035,24.06020842075348,True,True
2009-12-22 00:00:00+00:00,28.546110153198242,24.1295716381073,True,True
2009-12-23 00:00:00+00:00,28.828815460205078,24.194517259597777,True,True
2009-12-24 00:00:00+00:00,29.11857795715332,24.26087640762329,True,True
2009-12-28 00:00:00+00:00,29.2175350189209,24.325693998336792,True,True
2009-12-29 00:00:00+00:00,29.112897872924805,24.390554361343384,True,True
2009-12-30 00:00:00+00:00,29.240158081054688,24.454821968078612,True,True
2009-12-31 00:00:00+00:00,29.339136123657227,24.517952508926392,True,True
2010-01-04 00:00:00+00:00,30.194562911987305,24.57983934402466,True,True
2010-01-05 00:00:00+00:00,30.413724899291992,24.646559686660765,True,True
2010-01-06 00:00:00+00:00,30.477346420288086,24.715523328781128,True,True
2010-01-07 00:00:00+00:00,30.300621032714844,24.777120428085325,True,True
2010-01-08 00:00:00+00:00,30.54098129272461,24.840650424957275,True,True
2010-01-11 00:00:00+00:00,30.477346420288086,24.904060935974123,True,True
2010-01-12 00:00:00+00:00,29.989543914794922,24.96471918106079,True,True
2010-01-13 00:00:00+00:00,30.081451416015625,25.025650644302367,True,True
2010-01-14 00:00:00+00:00,30.003677368164062,25.09163154602051,True,True
2010-01-15 00:00:00+00:00,29.657264709472656,25.15538067817688,True,True
2010-01-19 00:00:00+00:00,30.258197784423828,25.214546422958374,True,True
2010-01-20 00:00:00+00:00,29.530025482177734,25.271883535385133,True,True
2010-01-21 00:00:00+00:00,28.639230728149414,25.324432334899903,True,True
2010-01-22 00:00:00+00:00,28.002965927124023,25.37370940208435,True,True
2010-01-25 00:00:00+00:00,28.207990646362305,25.421961030960084,True,True
2010-01-26 00:00:00+00:00,27.621213912963867,25.46988161087036,True,True
2010-01-27 00:00:00+00:00,27.550514221191406,25.51080002784729,True,True
2010-01-28 00:00:00+00:00,27.359628677368164,25.550773820877076,True,True
2010-01-29 00:00:00+00:00,27.06270408630371,25.591357917785643,True,True
2010-02-01 00:00:00+00:00,27.790874481201172,25.629066495895387,True,True
2010-02-02 00:00:00+00:00,28.01710319519043,25.669581413269043,True,True
2010-02-03 00:00:00+00:00,27.85450553894043,25.71192289352417,True,True
2010-02-04 00:00:00+00:00,26.596094131469727,25.758215179443358,True,True
2010-02-05 00:00:00+00:00,26.299179077148438,25.796233415603638,True,True
2010-02-08 00:00:00+00:00,26.03759765625,25.83356679916382,True,True
2010-02-09 00:00:00+00:00,26.885953903198242,25.868131866455077,True,True
2010-02-10 00:00:00+00:00,26.815265655517578,25.90513056755066,True,True
2010-02-11 00:00:00+00:00,27.52223014831543,25.945044384002685,True,True
2010-02-12 00:00:00+00:00,27.175817489624023,25.988805952072145,True,True
2010-02-16 00:00:00+00:00,27.875713348388672,26.025897855758668,True,True
2010-02-17 00:00:00+00:00,27.97469139099121,26.065585174560546,True,True
2010-02-18 00:00:00+00:00,28.08072853088379,26.104306926727293,True,True
2010-02-19 00:00:00+00:00,27.84035873413086,26.136569728851317,True,True
2010-02-22 00:00:00+00:00,27.875713348388672,26.168604288101196,True,True
2010-02-23 00:00:00+00:00,27.232378005981445,26.198972702026367,True,True
2010-02-24 00:00:00+00:00,27.493947982788086,26.22883668899536,True,True
2010-02-25 00:00:00+00:00,27.267724990844727,26.2564617729187,True,True
2010-02-26 00:00:00+00:00,27.543437957763672,26.28552885055542,True,True
2010-03-01 00:00:00+00:00,28.010032653808594,26.315209522247315,True,True
2010-03-02 00:00:00+00:00,28.328174591064453,26.35118716239929,True,True
2010-03-03 00:00:00+00:00,28.3635196685791,26.387260303497314,True,True
2010-03-04 00:00:00+00:00,28.21505355834961,26.424483785629274,True,True
2010-03-05 00:00:00+00:00,28.95029640197754,26.4551580619812,True,True
2010-03-08 00:00:00+00:00,28.97150993347168,26.488256731033324,True,True
2010-03-09 00:00:00+00:00,29.134117126464844,26.521113748550416,True,True
2010-03-10 00:00:00+00:00,29.339136123657227,26.55687012672424,True,True
2010-03-11 00:00:00+00:00,29.346195220947266,26.59316481590271,True,True
2010-03-12 00:00:00+00:00,29.24722671508789,26.628173446655275,True,True
2010-03-15 00:00:00+00:00,29.035139083862305,26.66397378921509,True,True
2010-03-16 00:00:00+00:00,29.409832000732422,26.69530605316162,True,True
2010-03-17 00:00:00+00:00,29.72797203063965,26.72677315711975,True,True
2010-03-18 00:00:00+00:00,29.501741409301758,26.754962911605833,True,True
2010-03-19 00:00:00+00:00,29.11996841430664,26.783760118484498,True,True
2010-03-22 00:00:00+00:00,29.226011276245117,26.81485583305359,True,True
2010-03-23 00:00:00+00:00,29.431041717529297,26.84436071395874,True,True
2010-03-24 00:00:00+00:00,28.99271583557129,26.874647302627565,True,True
2010-03-25 00:00:00+00:00,28.914953231811523,26.904550409317018,True,True
2010-03-26 00:00:00+00:00,29.056350708007812,26.93385606765747,True,True
2010-03-29 00:00:00+00:00,29.579496383666992,26.962408304214478,True,True
2010-03-30 00:00:00+00:00,29.692609786987305,26.991072702407838,True,True
2010-03-31 00:00:00+00:00,29.777450561523438,27.02221510887146,True,True
2010-04-01 00:00:00+00:00,30.555110931396484,27.057989130020143,True,True
2010-04-05 00:00:00+00:00,30.83083724975586,27.09935525894165,True,True
2010-04-06 00:00:00+00:00,30.9227352142334,27.143351821899415,True,True
2010-04-07 00:00:00+00:00,30.654098510742188,27.18812084197998,True,True
2010-04-08 00:00:00+00:00,30.760141372680664,27.230990343093872,True,True
2010-04-09 00:00:00+00:00,30.95102310180664,27.27838878631592,True,True
2010-04-12 00:00:00+00:00,30.70357894897461,27.326051082611084,True,True
2010-04-13 00:00:00+00:00,30.639955520629883,27.370127506256104,True,True
2010-04-14 00:00:00+00:00,31.092411041259766,27.410625648498534,True,True
2010-04-15 00:00:00+00:00,30.9227352142334,27.452790145874022,True,True
2010-04-16 00:00:00+00:00,30.0178165435791,27.49326495170593,True,True
2010-04-19 00:00:00+00:00,29.897640228271484,27.530371952056885,True,True
2010-04-20 00:00:00+00:00,30.251117706298828,27.56480986595154,True,True
2010-04-21 00:00:00+00:00,30.152143478393555,27.60417009353638,True,True
2010-04-22 00:00:00+00:00,30.279403686523438,27.6432808303833,True,True
2010-04-23 00:00:00+00:00,30.442005157470703,27.685656995773314,True,True
2010-04-26 00:00:00+00:00,30.442005157470703,27.730108156204224,True,True
2010-04-27 00:00:00+00:00,29.353271484375,27.772631311416625,True,True
2010-04-28 00:00:00+00:00,29.600711822509766,27.811007814407347,True,True
2010-04-29 00:00:00+00:00,30.088516235351562,27.849850301742553,True,True
2010-04-30 00:00:00+00:00,29.72797203063965,27.88993995666504,True,True
2010-05-03 00:00:00+00:00,29.890579223632812,27.92230260848999,True,True
2010-05-04 00:00:00+00:00,28.519052505493164,27.955267963409423,True,True
2010-05-05 00:00:00+00:00,28.002965927124023,27.980183820724488,True,True
2010-05-06 00:00:00+00:00,26.857681274414062,27.99831265449524,False,True
2010-05-07 00:00:00+00:00,26.999069213867188,28.011065616607667,False,False
2010-05-10 00:00:00+00:00,28.943233489990234,28.0248059463501,True,False
2010-05-11 00:00:00+00:00,28.420076370239258,28.044831743240355,True,True
2010-05-12 00:00:00+00:00,28.773555755615234,28.062837657928466,True,True
2010-05-13 00:00:00+00:00,28.50491714477539,28.081524295806886,True,True
2010-05-14 00:00:00+00:00,27.918134689331055,28.099428606033324,False,True
2010-05-17 00:00:00+00:00,27.748451232910156,28.117203369140626,False,False
2010-05-18 00:00:00+00:00,27.168746948242188,28.131115007400513,False,False
2010-05-19 00:00:00+00:00,26.907154083251953,28.14153218269348,False,False
2010-05-20 00:00:00+00:00,25.57100486755371,28.145943994522096,False,False
2010-05-21 00:00:00+00:00,26.398151397705078,28.14486699104309,False,False
2010-05-24 00:00:00+00:00,26.122434616088867,28.149012403488157,False,False
2010-05-25 00:00:00+00:00,25.839649200439453,28.15283088684082,False,False
2010-05-26 00:00:00+00:00,25.825510025024414,28.15397346496582,False,False
2010-05-27 00:00:00+00:00,27.387901306152344,28.156482610702515,False,False
2010-05-28 00:00:00+00:00,26.935449600219727,28.169187440872193,False,False
2010-06-01 00:00:00+00:00,26.440570831298828,28.178508234024047,False,False
2010-06-02 00:00:00+00:00,27.366680145263672,28.183181228637697,False,False
2010-06-03 00:00:00+00:00,27.267724990844727,28.194798393249513,False,False
2010-06-04 00:00:00+00:00,26.299179077148438,28.21082850456238,False,False
2010-06-07 00:00:00+00:00,25.889135360717773,28.219386730194092,False,False
2010-06-08 00:00:00+00:00,26.482982635498047,28.225579223632813,False,False
2010-06-09 00:00:00+00:00,26.341594696044922,28.232602653503417,False,False
2010-06-10 00:00:00+00:00,27.26066017150879,28.237026176452638,False,False
2010-06-11 00:00:00+00:00,27.402040481567383,28.245484132766723,False,False
2010-06-14 00:00:00+00:00,27.40911865234375,28.25492946624756,False,False
2010-06-15 00:00:00+00:00,28.23626136779785,28.26479578971863,False,False
2010-06-16 00:00:00+00:00,28.23626136779785,28.279043216705322,False,False
2010-06-17 00:00:00+00:00,28.094871520996094,28.293956642150878,False,False
2010-06-18 00:00:00+00:00,28.22212028503418,28.3106520652771,False,False
2010-06-21 00:00:00+00:00,28.70993423461914,28.33033239364624,True,False
2010-06-22 00:00:00+00:00,28.158496856689453,28.35115475654602,False,True
2010-06-23 00:00:00+00:00,28.2310848236084,28.36676609992981,False,False
2010-06-24 00:00:00+00:00,27.732940673828125,28.38032156944275,False,False
2010-06-25 00:00:00+00:00,28.060293197631836,28.388757181167602,False,False
2010-06-28 00:00:00+00:00,27.868146896362305,28.398128480911254,False,False
2010-06-29 00:00:00+00:00,26.73663330078125,28.40482138633728,False,False
2010-06-30 00:00:00+00:00,26.5587100982666,28.405786571502684,False,False
2010-07-01 00:00:00+00:00,26.750858306884766,28.406352910995484,False,False
2010-07-02 00:00:00+00:00,26.86472511291504,28.406302547454835,False,False
2010-07-06 00:00:00+00:00,27.362876892089844,28.403456211090088,False,False
2010-07-07 00:00:00+00:00,27.9677677154541,28.403836793899536,False,False
2010-07-08 00:00:00+00:00,28.102994918823242,28.406856212615967,False,False
2010-07-09 00:00:00+00:00,28.44458770751953,28.411743640899658,True,False
2010-07-12 00:00:00+00:00,28.216856002807617,28.416270780563355,False,True
2010-07-13 00:00:00+00:00,28.544212341308594,28.42172751426697,True,False
2010-07-14 00:00:00+00:00,28.48727798461914,28.43148518562317,True,True
2010-07-15 00:00:00+00:00,28.35207748413086,28.440397281646728,False,True
2010-07-16 00:00:00+00:00,27.505210876464844,28.446915702819823,False,False
2010-07-19 00:00:00+00:00,27.868146896362305,28.44888436317444,False,False
2010-07-20 00:00:00+00:00,28.522865295410156,28.45182632446289,True,False
2010-07-21 00:00:00+00:00,28.2310848236084,28.461757717132567,False,True
2010-07-22 00:00:00+00:00,29.085067749023438,28.47019515991211,True,False
2010-07-23 00:00:00+00:00,29.28432846069336,28.479817705154417,True,True
2010-07-26 00:00:00+00:00,29.48358917236328,28.48819305419922,True,True
2010-07-27 00:00:00+00:00,29.433773040771484,28.497704906463625,True,True
2010-07-28 00:00:00+00:00,29.270092010498047,28.50528504371643,True,True
2010-07-29 00:00:00+00:00,29.319904327392578,28.511941576004027,True,True
2010-07-30 00:00:00+00:00,29.462242126464844,28.5176903629303,True,True
2010-08-02 00:00:00+00:00,30.22369956970215,28.523905439376833,True,True
2010-08-03 00:00:00+00:00,30.08137321472168,28.52937071800232,True,True
2010-08-04 00:00:00+00:00,30.124074935913086,28.53493062019348,True,True
2010-08-05 00:00:00+00:00,29.988855361938477,28.542702140808107,True,True
2010-08-06 00:00:00+00:00,29.9461612701416,28.547063283920288,True,True
2010-08-09 00:00:00+00:00,30.102725982666016,28.55313899040222,True,True
2010-08-10 00:00:00+00:00,29.689977645874023,28.560768718719483,True,True
2010-08-11 00:00:00+00:00,28.743471145629883,28.565142812728883,True,True
2010-08-12 00:00:00+00:00,28.793292999267578,28.56597626686096,True,True
2010-08-13 00:00:00+00:00,28.949846267700195,28.56884659767151,True,True
2010-08-16 00:00:00+00:00,29.220277786254883,28.574953594207763,True,True
2010-08-17 00:00:00+00:00,29.52629280090332,28.588757638931273,True,True
2010-08-18 00:00:00+00:00,29.504928588867188,28.598237609863283,True,True
2010-08-19 00:00:00+00:00,29.277210235595703,28.614060859680176,True,True
2010-08-20 00:00:00+00:00,29.191814422607422,28.62678240776062,True,True
2010-08-23 00:00:00+00:00,28.928503036499023,28.638866720199584,True,True
2010-08-24 00:00:00+00:00,28.558452606201172,28.647145528793335,False,True
2010-08-25 00:00:00+00:00,28.373414993286133,28.650769729614257,False,False
2010-08-26 00:00:00+00:00,28.19550132751465,28.653643989562987,False,False
2010-08-27 00:00:00+00:00,28.814647674560547,28.650510635375976,True,False
2010-08-30 00:00:00+00:00,28.33783531188965,28.651139106750488,False,True
2010-08-31 00:00:00+00:00,28.50862693786621,28.648156623840332,False,False
2010-09-01 00:00:00+00:00,29.51206398010254,28.649253101348876,True,False
2010-09-02 00:00:00+00:00,29.561866760253906,28.652947978973387,True,True
2010-09-03 00:00:00+00:00,29.91057777404785,28.653281221389772,True,True
2010-09-07 00:00:00+00:00,29.476469039916992,28.655883846282958,True,True
2010-09-08 00:00:00+00:00,29.79671287536621,28.657472734451293,True,True
2010-09-09 00:00:00+00:00,29.967512130737305,28.663362092971802,True,True
2010-09-10 00:00:00+00:00,30.07424545288086,28.67070132255554,True,True
2010-09-13 00:00:00+00:00,30.79300880432129,28.675594596862794,True,True
2010-09-14 00:00:00+00:00,30.778791427612305,28.684887981414796,True,True
2010-09-15 00:00:00+00:00,30.82149314880371,28.692427539825438,True,True
2010-09-16 00:00:00+00:00,30.6649227142334,28.705859537124635,True,True
2010-09-17 00:00:00+00:00,30.615110397338867,28.717141542434693,True,True
2010-09-20 00:00:00+00:00,31.09903907775879,28.72410813331604,True,True
2010-09-21 00:00:00+00:00,31.00650978088379,28.732898445129393,True,True
2010-09-22 00:00:00+00:00,31.027870178222656,28.7425932598114,True,True
2010-09-23 00:00:00+00:00,30.82860565185547,28.751062784194946,True,True
2010-09-24 00:00:00+00:00,31.39792251586914,28.759797945022584,True,True
2010-09-27 00:00:00+00:00,31.34099006652832,28.77407893180847,True,True
2010-09-28 00:00:00+00:00,31.56871223449707,28.787198896408082,True,True
2010-09-29 00:00:00+00:00,31.675464630126953,28.800616188049318,True,True
2010-09-30 00:00:00+00:00,31.86049461364746,28.81404134750366,True,True
2010-10-01 00:00:00+00:00,32.33017349243164,28.827410135269165,True,True
2010-10-04 00:00:00+00:00,32.23054885864258,28.844634733200074,True,True
2010-10-05 00:00:00+00:00,32.814109802246094,28.860519790649413,True,True
2010-10-06 00:00:00+00:00,32.799869537353516,28.883494205474854,True,True
2010-10-07 00:00:00+00:00,32.508094787597656,28.906011838912963,True,True
2010-10-08 00:00:00+00:00,32.899497985839844,28.92724588394165,True,True
2010-10-11 00:00:00+00:00,32.8781623840332,28.94901282310486,True,True
2010-10-12 00:00:00+00:00,32.742942810058594,28.969259557723998,True,True
2010-10-13 00:00:00+00:00,33.347835540771484,28.987381381988527,True,True
2010-10-14 00:00:00+00:00,33.29091262817383,29.008032884597778,True,True
2010-10-15 00:00:00+00:00,33.248207092285156,29.028922958374025,True,True
2010-10-18 00:00:00+00:00,33.262447357177734,29.048963203430176,True,True
2010-10-19 00:00:00+00:00,32.209190368652344,29.068579759597778,True,True
2010-10-20 00:00:00+00:00,32.72159194946289,29.078652896881103,True,True
2010-10-21 00:00:00+00:00,32.72159194946289,29.090192232131958,True,True
2010-10-22 00:00:00+00:00,32.757171630859375,29.10141345977783,True,True
2010-10-25 00:00:00+00:00,33.11299133300781,29.113696212768556,True,True
2010-10-26 00:00:00+00:00,33.084529876708984,29.12655626296997,True,True
2010-10-27 00:00:00+00:00,32.52233123779297,29.139592180252077,True,True
2010-10-28 00:00:00+00:00,32.72870635986328,29.152256116867065,True,True
2010-10-29 00:00:00+00:00,32.82122039794922,29.165492391586305,True,True
2010-11-01 00:00:00+00:00,33.18416213989258,29.17958010673523,True,True
2010-11-02 00:00:00+00:00,33.596920013427734,29.197214593887328,True,True
2010-11-03 00:00:00+00:00,33.80329132080078,29.21390820503235,True,True
2010-11-04 00:00:00+00:00,34.57187271118164,29.235274534225464,True,True
2010-11-05 00:00:00+00:00,34.5078239440918,29.264937744140624,True,True
2010-11-08 00:00:00+00:00,34.3654899597168,29.297462034225465,True,True
2010-11-09 00:00:00+00:00,33.9313850402832,29.328249530792235,True,True
2010-11-10 00:00:00+00:00,34.18046188354492,29.359800386428834,True,True
2010-11-11 00:00:00+00:00,33.84599304199219,29.3929501247406,True,True
2010-11-12 00:00:00+00:00,33.02759552001953,29.42538194656372,True,True
2010-11-15 00:00:00+00:00,33.013362884521484,29.4552064037323,True,True
2010-11-16 00:00:00+00:00,32.145145416259766,29.481318845748902,True,True
2010-11-17 00:00:00+00:00,32.30883026123047,29.501959056854247,True,True
2010-11-18 00:00:00+00:00,33.07741165161133,29.5242306804657,True,True
2010-11-19 00:00:00+00:00,33.0987548828125,29.556637268066407,True,True
2010-11-22 00:00:00+00:00,32.999141693115234,29.590635147094726,True,True
2010-11-23 00:00:00+00:00,31.9530086517334,29.62544286727905,True,True
2010-11-24 00:00:00+00:00,32.693119049072266,29.65077814102173,True,True
2010-11-26 00:00:00+00:00,31.88184356689453,29.6801674079895,True,True
2010-11-29 00:00:00+00:00,32.13090896606445,29.701965475082396,True,True
2010-11-30 00:00:00+00:00,31.867616653442383,29.7267409324646,True,True
2010-12-01 00:00:00+00:00,32.77852249145508,29.74670044898987,True,True
2010-12-02 00:00:00+00:00,33.426116943359375,29.770719604492186,True,True
2010-12-03 00:00:00+00:00,33.547088623046875,29.797446546554564,True,True
2010-12-06 00:00:00+00:00,33.49015808105469,29.825980195999147,True,True
2010-12-07 00:00:00+00:00,33.33360290527344,29.854052419662477,True,True
2010-12-08 00:00:00+00:00,33.120113372802734,29.884558544158935,True,True
2010-12-09 00:00:00+00:00,33.00624084472656,29.91268937110901,True,True
2010-12-10 00:00:00+00:00,33.15569305419922,29.941381950378418,True,True
2010-12-13 00:00:00+00:00,33.36918640136719,29.969443225860594,True,True
2010-12-14 00:00:00+00:00,33.41899490356445,29.99623899459839,True,True
2010-12-15 00:00:00+00:00,32.8781623840332,30.021693096160888,True,True
2010-12-16 00:00:00+00:00,32.97066879272461,30.04426630973816,True,True
2010-12-17 00:00:00+00:00,33.02048110961914,30.068044385910035,True,True
2010-12-20 00:00:00+00:00,32.871036529541016,30.08839530944824,True,True
2010-12-21 00:00:00+00:00,33.35086441040039,30.107892942428588,True,True
2010-12-22 00:00:00+00:00,33.46561813354492,30.128976678848268,True,True
2010-12-23 00:00:00+00:00,33.429752349853516,30.149609088897705,True,True
2010-12-27 00:00:00+00:00,33.322174072265625,30.170026874542238,True,True
2010-12-28 00:00:00+00:00,33.35086441040039,30.190401611328124,True,True
2010-12-29 00:00:00+00:00,33.77782440185547,30.211980237960816,True,True
2010-12-30 00:00:00+00:00,33.95005798339844,30.23382019996643,True,True
2010-12-31 00:00:00+00:00,34.186866760253906,30.254930629730225,True,True
2011-01-03 00:00:00+00:00,34.516971588134766,30.278356256484987,True,True
2011-01-04 00:00:00+00:00,34.67483901977539,30.305341272354127,True,True
2011-01-05 00:00:00+00:00,34.5887336730957,30.332585411071776,True,True
2011-01-06 00:00:00+00:00,34.222747802734375,30.358373870849608,True,True
2011-01-07 00:00:00+00:00,33.90700912475586,30.384524030685427,True,True
2011-01-10 00:00:00+00:00,33.55537414550781,30.409484310150148,True,True
2011-01-11 00:00:00+00:00,33.9141845703125,30.431979427337648,True,True
2011-01-12 00:00:00+00:00,34.59590530395508,30.453652868270876,True,True
2011-01-13 00:00:00+00:00,34.294517517089844,30.47816934585571,True,True
2011-01-14 00:00:00+00:00,34.39497756958008,30.500754680633545,True,True
2011-01-18 00:00:00+00:00,34.344749450683594,30.519954013824464,True,True
2011-01-19 00:00:00+00:00,34.07923126220703,30.537523574829102,True,True
2011-01-20 00:00:00+00:00,33.70607376098633,30.55330605506897,True,True
2011-01-21 00:00:00+00:00,33.354434967041016,30.56856593132019,True,True
2011-01-24 00:00:00+00:00,33.612789154052734,30.581537399291992,True,True
2011-01-25 00:00:00+00:00,33.4118537902832,30.594846229553223,True,True
2011-01-26 00:00:00+00:00,33.70607376098633,30.608387603759766,True,True
2011-01-27 00:00:00+00:00,33.59125900268555,30.623718194961548,True,True
2011-01-28 00:00:00+00:00,32.529197692871094,30.636212434768677,True,True
2011-01-31 00:00:00+00:00,32.87364196777344,30.644244747161864,True,True
2011-02-01 00:00:00+00:00,33.67020034790039,30.658523874282835,True,True
2011-02-02 00:00:00+00:00,33.419029235839844,30.67738667488098,True,True
2011-02-03 00:00:00+00:00,33.37596893310547,30.693226232528687,True,True
2011-02-04 00:00:00+00:00,33.368804931640625,30.709345359802246,True,True
2011-02-07 00:00:00+00:00,33.4118537902832,30.72479236602783,True,True
2011-02-08 00:00:00+00:00,33.42620849609375,30.739641609191896,True,True
2011-02-09 00:00:00+00:00,32.65836715698242,30.75456262588501,True,True
2011-02-10 00:00:00+00:00,32.34978485107422,30.771088104248047,True,True
2011-02-11 00:00:00+00:00,32.74449157714844,30.78483346939087,True,True
2011-02-14 00:00:00+00:00,32.579429626464844,30.798113346099854,True,True
2011-02-15 00:00:00+00:00,32.64401626586914,30.81237063407898,True,True
2011-02-16 00:00:00+00:00,32.91669464111328,30.82613781929016,True,True
2011-02-17 00:00:00+00:00,33.031517028808594,30.848126029968263,True,True
2011-02-18 00:00:00+00:00,33.232452392578125,30.873268785476686,True,True
2011-02-22 00:00:00+00:00,32.170379638671875,30.905142641067506,True,True
2011-02-23 00:00:00+00:00,32.1990966796875,30.93099919319153,True,True
2011-02-24 00:00:00+00:00,32.27802276611328,30.947278509140016,True,True
2011-02-25 00:00:00+00:00,32.66554641723633,30.966568241119386,True,True
2011-02-28 00:00:00+00:00,32.85929870605469,30.98602819442749,True,True
2011-03-01 00:00:00+00:00,32.52202606201172,31.007800102233887,True,True
2011-03-02 00:00:00+00:00,32.9669303894043,31.03081955909729,True,True
2011-03-03 00:00:00+00:00,33.61994934082031,31.056911954879762,True,True
2011-03-04 00:00:00+00:00,33.65583419799805,31.089167966842652,True,True
2011-03-07 00:00:00+00:00,33.182220458984375,31.122911367416382,True,True
2011-03-08 00:00:00+00:00,33.627132415771484,31.160967445373537,True,True
2011-03-09 00:00:00+00:00,33.69172668457031,31.19711235046387,True,True
2011-03-10 00:00:00+00:00,32.694244384765625,31.234958810806276,True,True
2011-03-11 00:00:00+00:00,33.031517028808594,31.269231786727904,True,True
2011-03-14 00:00:00+00:00,33.225276947021484,31.305261821746825,True,True
2011-03-15 00:00:00+00:00,32.672706604003906,31.33444869995117,True,True
2011-03-16 00:00:00+00:00,32.005340576171875,31.363134984970092,True,True
2011-03-17 00:00:00+00:00,32.4000129699707,31.39095883369446,True,True
2011-03-18 00:00:00+00:00,32.45743179321289,31.416125497817994,True,True
2011-03-21 00:00:00+00:00,33.081756591796875,31.442074031829833,True,True
2011-03-22 00:00:00+00:00,33.182220458984375,31.475986919403077,True,True
2011-03-23 00:00:00+00:00,33.61994934082031,31.51245234489441,True,True
2011-03-24 00:00:00+00:00,34.007469177246094,31.54813717842102,True,True
2011-03-25 00:00:00+00:00,33.971595764160156,31.586466550827026,True,True
2011-03-28 00:00:00+00:00,33.79936599731445,31.620021228790282,True,True
2011-03-29 00:00:00+00:00,34.186866760253906,31.652007856369018,True,True
2011-03-30 00:00:00+00:00,34.624610900878906,31.68589659690857,True,True
2011-03-31 00:00:00+00:00,34.92601013183594,31.717838344573973,True,True
2011-04-01 00:00:00+00:00,35.48573684692383,31.751287088394164,True,True
2011-04-04 00:00:00+00:00,35.787139892578125,31.788241415023805,True,True
2011-04-05 00:00:00+00:00,35.71537780761719,31.826066513061523,True,True
2011-04-06 00:00:00+00:00,35.90913391113281,31.861093730926513,True,True
2011-04-07 00:00:00+00:00,35.873252868652344,31.89984691619873,True,True
2011-04-08 00:00:00+00:00,35.90913391113281,31.93805775642395,True,True
2011-04-11 00:00:00+00:00,35.48573684692383,31.978938722610472,True,True
2011-04-12 00:00:00+00:00,34.818363189697266,32.01606594085693,True,True
2011-04-13 00:00:00+00:00,35.105411529541016,32.050817022323606,True,True
2011-04-14 00:00:00+00:00,35.213043212890625,32.092660913467405,True,True
2011-04-15 00:00:00+00:00,35.2561149597168,32.13593257904053,True,True
2011-04-18 00:00:00+00:00,34.373451232910156,32.17845886230469,True,True
2011-04-19 00:00:00+00:00,34.86860275268555,32.216002492904664,True,True
2011-04-20 00:00:00+00:00,35.69385528564453,32.25353112220764,True,True
2011-04-21 00:00:00+00:00,36.00959396362305,32.292161560058595,True,True
2011-04-25 00:00:00+00:00,35.71537780761719,32.331694555282596,True,True
2011-04-26 00:00:00+00:00,36.02394485473633,32.36804850578308,True,True
2011-04-27 00:00:00+00:00,35.95936584472656,32.407083950042725,True,True
2011-04-28 00:00:00+00:00,35.66514205932617,32.44415971755981,True,True
2011-04-29 00:00:00+00:00,35.880428314208984,32.48004903793335,True,True
2011-05-02 00:00:00+00:00,35.88759994506836,32.51769079208374,True,True
2011-05-03 00:00:00+00:00,35.09105682373047,32.55960273742676,True,True
2011-05-04 00:00:00+00:00,34.50979995727539,32.5957172870636,True,True
2011-05-05 00:00:00+00:00,34.17969512939453,32.62565196037293,True,True
2011-05-06 00:00:00+00:00,34.624610900878906,32.65539501190185,True,True
2011-05-09 00:00:00+00:00,34.68919372558594,32.68309272766113,True,True
2011-05-10 00:00:00+00:00,35.09822463989258,32.7101170539856,True,True
2011-05-11 00:00:00+00:00,34.32322311401367,32.738190231323244,True,True
2011-05-12 00:00:00+00:00,34.423683166503906,32.76263748168945,True,True
2011-05-13 00:00:00+00:00,33.67020034790039,32.788405437469486,True,True
2011-05-16 00:00:00+00:00,33.61994934082031,32.81015691757202,True,True
2011-05-17 00:00:00+00:00,33.727603912353516,32.8309454536438,True,True
2011-05-18 00:00:00+00:00,34.272987365722656,32.848464975357054,True,True
2011-05-19 00:00:00+00:00,34.05052185058594,32.86942304611206,True,True
2011-05-20 00:00:00+00:00,33.77782440185547,32.889055280685426,True,True
2011-05-23 00:00:00+00:00,33.0745735168457,32.90800012588501,True,True
2011-05-24 00:00:00+00:00,33.40467834472656,32.92364218711853,True,True
2011-05-25 00:00:00+00:00,33.4764404296875,32.940151948928836,True,True
2011-05-26 00:00:00+00:00,33.90700912475586,32.9590842628479,True,True
2011-05-27 00:00:00+00:00,34.26580047607422,32.98490195274353,True,True
2011-05-31 00:00:00+00:00,34.825531005859375,33.01226449012756,True,True
2011-06-01 00:00:00+00:00,34.201229095458984,33.04164291381836,True,True
2011-06-02 00:00:00+00:00,34.524147033691406,33.06654767036438,True,True
2011-06-03 00:00:00+00:00,34.351924896240234,33.09153694152832,True,True
2011-06-06 00:00:00+00:00,33.79936599731445,33.11577192306518,True,True
2011-06-07 00:00:00+00:00,34.06488800048828,33.13838270187378,True,True
2011-06-08 00:00:00+00:00,33.820892333984375,33.16274806976318,True,True
2011-06-09 00:00:00+00:00,34.08640670776367,33.18721001625061,True,True
2011-06-10 00:00:00+00:00,33.34727096557617,33.21484978675842,True,True
2011-06-13 00:00:00+00:00,33.28986358642578,33.23971906661987,True,True
2011-06-14 00:00:00+00:00,33.79218292236328,33.26519087791443,True,True
2011-06-15 00:00:00+00:00,33.067405700683594,33.29007855415344,False,True
2011-06-16 00:00:00+00:00,32.81623840332031,33.31372640609741,False,False
2011-06-17 00:00:00+00:00,32.85929870605469,33.335264463424686,False,False
2011-06-20 00:00:00+00:00,32.80906295776367,33.352000637054445,False,False
2011-06-21 00:00:00+00:00,33.4118537902832,33.36823661804199,True,False
2011-06-22 00:00:00+00:00,33.079166412353516,33.38574299812317,False,True
2011-06-23 00:00:00+00:00,33.03569030761719,33.40375648498535,False,False
2011-06-24 00:00:00+00:00,32.97771072387695,33.419951372146606,False,False
2011-06-27 00:00:00+00:00,33.36184310913086,33.435002365112304,False,False
2011-06-28 00:00:00+00:00,33.818458557128906,33.45144035339356,True,False
2011-06-29 00:00:00+00:00,34.13011932373047,33.466567602157596,True,True
2011-06-30 00:00:00+00:00,34.4997673034668,33.483324241638186,True,True
2011-07-01 00:00:00+00:00,34.90564727783203,33.5017156124115,True,True
2011-07-05 00:00:00+00:00,34.891143798828125,33.522919235229494,True,True
2011-07-06 00:00:00+00:00,34.659217834472656,33.54429940223694,True,True
2011-07-07 00:00:00+00:00,35.13756561279297,33.56210029602051,True,True
2011-07-08 00:00:00+00:00,34.73893737792969,33.58275557518005,True,True
2011-07-11 00:00:00+00:00,33.767730712890625,33.60131091117859,True,True
2011-07-12 00:00:00+00:00,33.42707824707031,33.616006536483766,False,True
2011-07-13 00:00:00+00:00,33.970664978027344,33.62615231513977,True,False
2011-07-14 00:00:00+00:00,33.60826873779297,33.639300689697265,False,True
2011-07-15 00:00:00+00:00,33.818458557128906,33.64949847221374,True,False
2011-07-18 00:00:00+00:00,33.42707824707031,33.660213441848754,False,True
2011-07-19 00:00:00+00:00,33.91267395019531,33.66804636001587,True,False
2011-07-20 00:00:00+00:00,34.0141487121582,33.67595886230469,True,True
2011-07-21 00:00:00+00:00,34.55774688720703,33.68487686157226,True,True
2011-07-22 00:00:00+00:00,34.53599548339844,33.69359504699707,True,True
2011-07-25 00:00:00+00:00,34.46351623535156,33.7022756767273,True,True
2011-07-26 00:00:00+00:00,34.57948303222656,33.712052783966065,True,True
2011-07-27 00:00:00+00:00,33.970664978027344,33.720452709198,True,True
2011-07-28 00:00:00+00:00,33.99966049194336,33.72591522216797,True,True
2011-07-29 00:00:00+00:00,34.144615173339844,33.732198810577394,True,True
2011-08-01 00:00:00+00:00,34.115623474121094,33.73618270874024,True,True
2011-08-02 00:00:00+00:00,33.0646858215332,33.74030626296997,False,True
2011-08-03 00:00:00+00:00,32.94872283935547,33.739388656616214,False,False
2011-08-04 00:00:00+00:00,31.06427764892578,33.7378200340271,False,False
2011-08-05 00:00:00+00:00,30.8613338470459,33.73209547042847,False,False
2011-08-08 00:00:00+00:00,28.288349151611328,33.722794179916384,False,False
2011-08-09 00:00:00+00:00,29.94809913635254,33.700627965927126,False,False
2011-08-10 00:00:00+00:00,28.360837936401367,33.68658260345459,False,False
2011-08-11 00:00:00+00:00,29.92636489868164,33.66282183647156,False,False
2011-08-12 00:00:00+00:00,29.9118709564209,33.64703101158142,False,False
2011-08-15 00:00:00+00:00,30.60765838623047,33.63397871017456,False,False
2011-08-16 00:00:00+00:00,30.346738815307617,33.6233734703064,False,False
2011-08-17 00:00:00+00:00,30.564170837402344,33.611001062393186,False,False
2011-08-18 00:00:00+00:00,29.12185287475586,33.59790110588074,False,False
2011-08-19 00:00:00+00:00,28.75946044921875,33.575525770187376,False,False
2011-08-22 00:00:00+00:00,28.730470657348633,33.55030661582947,False,False
2011-08-23 00:00:00+00:00,29.73792266845703,33.5210996055603,False,False
2011-08-24 00:00:00+00:00,29.448009490966797,33.49725009918213,False,False
2011-08-25 00:00:00+00:00,28.875425338745117,33.47266269683838,False,False
2011-08-26 00:00:00+00:00,29.36827850341797,33.44738289833069,False,False
2011-08-29 00:00:00+00:00,30.3177490234375,33.42332198143006,False,False
2011-08-30 00:00:00+00:00,30.36124038696289,33.40568076133728,False,False
2011-08-31 00:00:00+00:00,30.98455238342285,33.392348985671994,False,False
2011-09-01 00:00:00+00:00,30.817848205566406,33.382204933166506,False,False
2011-09-02 00:00:00+00:00,30.12205696105957,33.37556844711304,False,False
2011-09-06 00:00:00+00:00,29.81039810180664,33.36463458061218,False,False
2011-09-07 00:00:00+00:00,30.694629669189453,33.34829951286316,False,False
2011-09-08 00:00:00+00:00,30.013343811035156,33.33627888679504,False,False
2011-09-09 00:00:00+00:00,28.998632431030273,33.32134989738464,False,False
2011-09-12 00:00:00+00:00,28.94064712524414,33.30657801628113,False,False
2011-09-13 00:00:00+00:00,28.984142303466797,33.28781565666199,False,False
2011-09-14 00:00:00+00:00,28.904420852661133,33.27332715034485,False,False
2011-09-15 00:00:00+00:00,29.324792861938477,33.257194709777835,False,False
2011-09-16 00:00:00+00:00,29.37552833557129,33.24448059082031,False,False
2011-09-19 00:00:00+00:00,28.505786895751953,33.227465620040896,False,False
2011-09-20 00:00:00+00:00,28.29560661315918,33.202863969802856,False,False
2011-09-21 00:00:00+00:00,27.244661331176758,33.17660655975342,False,False
2011-09-22 00:00:00+00:00,25.331220626831055,33.145379076004026,False,False
2011-09-23 00:00:00+00:00,26.005279541015625,33.10536716461181,False,False
2011-09-26 00:00:00+00:00,26.396663665771484,33.06979299545288,False,False
2011-09-27 00:00:00+00:00,27.2374210357666,33.036745109558105,False,False
2011-09-28 00:00:00+00:00,26.41840362548828,33.00715374946594,False,False
2011-09-29 00:00:00+00:00,26.78079605102539,32.97239983558655,False,False
2011-09-30 00:00:00+00:00,25.43994903564453,32.939208841323854,False,False
2011-10-03 00:00:00+00:00,24.903606414794922,32.90201777458191,False,False
2011-10-04 00:00:00+00:00,25.287742614746094,32.86168246269226,False,False
2011-10-05 00:00:00+00:00,25.874814987182617,32.82301877021789,False,False
2011-10-06 00:00:00+00:00,26.730070114135742,32.788037662506106,False,False
2011-10-07 00:00:00+00:00,26.411157608032227,32.75493369102478,False,False
2011-10-10 00:00:00+00:00,27.592559814453125,32.71966138839721,False,False
2011-10-11 00:00:00+00:00,27.607059478759766,32.690475425720216,False,False
2011-10-12 00:00:00+00:00,28.382572174072266,32.66189985275268,False,False
2011-10-13 00:00:00+00:00,28.128896713256836,32.637058391571045,False,False
2011-10-14 00:00:00+00:00,28.69423484802246,32.608813753128054,False,False
2011-10-17 00:00:00+00:00,27.7230167388916,32.582534637451175,False,False
2011-10-18 00:00:00+00:00,28.46230697631836,32.55021538734436,False,False
2011-10-19 00:00:00+00:00,27.91870880126953,32.51994206428528,False,False
2011-10-20 00:00:00+00:00,27.382368087768555,32.48616141319275,False,False
2011-10-21 00:00:00+00:00,28.165143966674805,32.45012958526611,False,False
2011-10-24 00:00:00+00:00,29.266807556152344,32.419841566085815,False,False
2011-10-25 00:00:00+00:00,28.686983108520508,32.3966405582428,False,False
2011-10-26 00:00:00+00:00,29.216079711914062,32.372298603057864,False,False
2011-10-27 00:00:00+00:00,30.99179458618164,32.34880807876587,False,False
2011-10-28 00:00:00+00:00,30.730873107910156,32.330787525177,False,False
2011-10-31 00:00:00+00:00,29.57847023010254,32.312969303131105,False,False
2011-11-01 00:00:00+00:00,28.860931396484375,32.28888676643371,False,False
2011-11-02 00:00:00+00:00,29.74516487121582,32.26146767616272,False,False
2011-11-03 00:00:00+00:00,30.049570083618164,32.239797344207766,False,False
2011-11-04 00:00:00+00:00,29.8538818359375,32.221514825820925,False,False
2011-11-07 00:00:00+00:00,30.10756492614746,32.204012060165404,False,False
2011-11-08 00:00:00+00:00,30.46270179748535,32.18648593902588,False,False
2011-11-09 00:00:00+00:00,28.67973518371582,32.17174017906189,False,False
2011-11-10 00:00:00+00:00,28.868181228637695,32.14660848617554,False,False
2011-11-11 00:00:00+00:00,29.5639705657959,32.1229930973053,False,False
2011-11-14 00:00:00+00:00,29.158098220825195,32.10816696166992,False,False
2011-11-15 00:00:00+00:00,29.33928871154785,32.08958924293518,False,False
2011-11-16 00:00:00+00:00,28.549274444580078,32.06793468475342,False,False
2011-11-17 00:00:00+00:00,27.824491500854492,32.04358591079712,False,False
2011-11-18 00:00:00+00:00,27.933204650878906,32.01582852363586,False,False
2011-11-21 00:00:00+00:00,27.034481048583984,31.988650522232057,False,False
2011-11-22 00:00:00+00:00,27.128694534301758,31.95676365852356,False,False
2011-11-23 00:00:00+00:00,26.2517032623291,31.9252760887146,False,False
2011-11-25 00:00:00+00:00,26.16472816467285,31.893242769241333,False,False
2011-11-28 00:00:00+00:00,27.418611526489258,31.862317485809328,False,False
2011-11-29 00:00:00+00:00,27.295398712158203,31.83568808555603,False,False
2011-11-30 00:00:00+00:00,28.998632431030273,31.809267930984497,False,False
2011-12-01 00:00:00+00:00,28.911670684814453,31.791041011810304,False,False
2011-12-02 00:00:00+00:00,28.824689865112305,31.77101589202881,False,False
2011-12-05 00:00:00+00:00,29.295801162719727,31.749981756210328,False,False
2011-12-06 00:00:00+00:00,28.897172927856445,31.730298500061036,False,False
2011-12-07 00:00:00+00:00,29.01313018798828,31.713932466506957,False,False
2011-12-08 00:00:00+00:00,27.96944808959961,31.69800263404846,False,False
2011-12-09 00:00:00+00:00,28.53478240966797,31.676459760665892,False,False
2011-12-12 00:00:00+00:00,27.46209144592285,31.655805940628053,False,False
2011-12-13 00:00:00+00:00,27.208415985107422,31.628819904327393,False,False
2011-12-14 00:00:00+00:00,26.817031860351562,31.60225185394287,False,False
2011-12-15 00:00:00+00:00,26.99098777770996,31.571502361297608,False,False
2011-12-16 00:00:00+00:00,27.193927764892578,31.538357553482054,False,False
2011-12-19 00:00:00+00:00,26.490888595581055,31.506048021316527,False,False
2011-12-20 00:00:00+00:00,27.600921630859375,31.472591361999513,False,False
2011-12-21 00:00:00+00:00,27.688732147216797,31.442460308074953,False,False
2011-12-22 00:00:00+00:00,28.054594039916992,31.412445335388185,False,False
2011-12-23 00:00:00+00:00,28.164363861083984,31.38924708366394,False,False
2011-12-27 00:00:00+00:00,27.893613815307617,31.364911317825317,False,False
2011-12-28 00:00:00+00:00,27.425304412841797,31.33825300216675,False,False
2011-12-29 00:00:00+00:00,27.739946365356445,31.312015991210938,False,False
2011-12-30 00:00:00+00:00,27.761892318725586,31.29068902015686,False,False
2012-01-03 00:00:00+00:00,28.610715866088867,31.267498416900636,False,False
2012-01-04 00:00:00+00:00,28.449722290039062,31.248264837265015,False,False
2012-01-05 00:00:00+00:00,28.325336456298828,31.225104665756227,False,False
2012-01-06 00:00:00+00:00,27.96678924560547,31.200820245742797,False,False
2012-01-09 00:00:00+00:00,28.25947380065918,31.172554445266723,False,False
2012-01-10 00:00:00+00:00,28.874143600463867,31.143814468383788,False,False
2012-01-11 00:00:00+00:00,28.896081924438477,31.118327207565308,False,False
2012-01-12 00:00:00+00:00,29.013160705566406,31.093810787200926,False,False
2012-01-13 00:00:00+00:00,28.74973487854004,31.06794225692749,False,False
2012-01-17 00:00:00+00:00,29.298534393310547,31.038567876815797,False,False
2012-01-18 00:00:00+00:00,30.037588119506836,31.01043049812317,False,False
2012-01-19 00:00:00+00:00,30.30100440979004,30.983189754486084,False,False
2012-01-20 00:00:00+00:00,30.279064178466797,30.955759077072145,False,False
2012-01-23 00:00:00+00:00,30.571752548217773,30.92857750892639,False,False
2012-01-24 00:00:00+00:00,30.615650177001953,30.901890602111816,False,False
2012-01-25 00:00:00+00:00,30.959575653076172,30.875602588653564,True,False
2012-01-26 00:00:00+00:00,30.835174560546875,30.850854797363283,False,True
2012-01-27 00:00:00+00:00,30.99616050720215,30.827601985931395,True,False
2012-01-30 00:00:00+00:00,30.549806594848633,30.80849097251892,False,True
2012-01-31 00:00:00+00:00,30.81322479248047,30.785712947845457,True,False
2012-02-01 00:00:00+00:00,31.493724822998047,30.763713855743408,True,True
2012-02-02 00:00:00+00:00,31.581544876098633,30.744901905059816,True,True
2012-02-03 00:00:00+00:00,32.1083869934082,30.730942373275756,True,True
2012-02-06 00:00:00+00:00,31.837648391723633,30.71714129447937,True,True
2012-02-07 00:00:00+00:00,31.90350341796875,30.697860260009765,True,True
2012-02-08 00:00:00+00:00,32.13034439086914,30.677329807281495,True,True
2012-02-09 00:00:00+00:00,32.11570358276367,30.659404640197753,True,True
2012-02-10 00:00:00+00:00,31.40591812133789,30.639863433837892,True,True
2012-02-13 00:00:00+00:00,31.91813087463379,30.61709619522095,True,True
2012-02-14 00:00:00+00:00,31.65471649169922,30.598361139297484,True,True
2012-02-15 00:00:00+00:00,31.742509841918945,30.577232580184937,True,True
2012-02-16 00:00:00+00:00,32.086429595947266,30.55650712966919,True,True
2012-02-17 00:00:00+00:00,32.144981384277344,30.541483993530274,True,True
2012-02-21 00:00:00+00:00,32.01325988769531,30.529659900665283,True,True
2012-02-22 00:00:00+00:00,32.071807861328125,30.518827724456788,True,True
2012-02-23 00:00:00+00:00,32.01325988769531,30.506063709259035,True,True
2012-02-24 00:00:00+00:00,32.33522033691406,30.49268404006958,True,True
2012-02-27 00:00:00+00:00,32.01325988769531,30.478869018554686,True,True
2012-02-28 00:00:00+00:00,32.45961380004883,30.467319202423095,True,True
2012-02-29 00:00:00+00:00,32.437660217285156,30.45749885559082,True,True
2012-03-01 00:00:00+00:00,32.744991302490234,30.451336154937746,True,True
2012-03-02 00:00:00+00:00,32.66450119018555,30.446961364746095,True,True
2012-03-05 00:00:00+00:00,32.101078033447266,30.441645851135252,True,True
2012-03-06 00:00:00+00:00,31.025426864624023,30.430786304473877,True,True
2012-03-07 00:00:00+00:00,31.398609161376953,30.415660829544066,True,True
2012-03-08 00:00:00+00:00,32.05717086791992,30.403764753341676,True,True
2012-03-09 00:00:00+00:00,32.04253387451172,30.398677740097046,True,True
2012-03-12 00:00:00+00:00,31.69130516052246,30.391867017745973,True,True
2012-03-13 00:00:00+00:00,32.554752349853516,30.382941341400148,True,True
2012-03-14 00:00:00+00:00,32.04253387451172,30.376180057525634,True,True
2012-03-15 00:00:00+00:00,32.29863357543945,30.36506372451782,True,True
2012-03-16 00:00:00+00:00,32.262054443359375,30.352429237365723,True,True
2012-03-19 00:00:00+00:00,32.13764572143555,30.342733364105225,True,True
2012-03-20 00:00:00+00:00,31.581544876098633,30.330800857543945,True,True
2012-03-21 00:00:00+00:00,31.64008331298828,30.316948957443238,True,True
2012-03-22 00:00:00+00:00,31.157140731811523,30.306152544021607,True,True
2012-03-23 00:00:00+00:00,31.391286849975586,30.29161380767822,True,True
2012-03-26 00:00:00+00:00,31.94009017944336,30.279465780258178,True,True
2012-03-27 00:00:00+00:00,31.771785736083984,30.268734197616578,True,True
2012-03-28 00:00:00+00:00,31.237632751464844,30.260856771469115,True,True
2012-03-29 00:00:00+00:00,31.201047897338867,30.250595617294312,True,True
2012-03-30 00:00:00+00:00,31.427881240844727,30.23763994216919,True,True
2012-04-02 00:00:00+00:00,31.85960578918457,30.229442319869996,True,True
2012-04-03 00:00:00+00:00,31.676666259765625,30.224659156799316,True,True
2012-04-04 00:00:00+00:00,31.105924606323242,30.218745994567872,True,True
2012-04-05 00:00:00+00:00,31.274213790893555,30.21023030281067,True,True
2012-04-09 00:00:00+00:00,30.81322479248047,30.19954210281372,True,True
2012-04-10 00:00:00+00:00,30.21320152282715,30.188212394714355,True,True
2012-04-11 00:00:00+00:00,30.542482376098633,30.174099950790406,True,True
2012-04-12 00:00:00+00:00,31.325439453125,30.161923809051515,True,True
2012-04-13 00:00:00+00:00,30.84981346130371,30.151741790771485,True,True
2012-04-16 00:00:00+00:00,30.69615364074707,30.13689856529236,True,True
2012-04-17 00:00:00+00:00,31.047374725341797,30.11972873687744,True,True
2012-04-18 00:00:00+00:00,30.90103530883789,30.102466773986816,True,True
2012-04-19 00:00:00+00:00,30.761999130249023,30.082443714141846,True,True
2012-04-20 00:00:00+00:00,30.974206924438477,30.06179799079895,True,True
2012-04-23 00:00:00+00:00,30.38150405883789,30.04337293624878,True,True
2012-04-24 00:00:00+00:00,30.447349548339844,30.019592628479003,True,True
2012-04-25 00:00:00+00:00,30.725419998168945,29.998134689331053,True,True
2012-04-26 00:00:00+00:00,30.915668487548828,29.982923135757446,True,True
2012-04-27 00:00:00+00:00,30.959575653076172,29.97036608695984,True,True
2012-04-30 00:00:00+00:00,30.89371109008789,29.95531064033508,True,True
2012-05-01 00:00:00+00:00,31.09859848022461,29.94173785209656,True,True
2012-05-02 00:00:00+00:00,31.04006004333496,29.928138551712035,True,True
2012-05-03 00:00:00+00:00,30.805904388427734,29.91620346069336,True,True
2012-05-04 00:00:00+00:00,30.264432907104492,29.90066961288452,True,True
2012-05-07 00:00:00+00:00,30.374181747436523,29.881921033859253,True,True
2012-05-08 00:00:00+00:00,29.89124870300293,29.8610032081604,True,True
2012-05-09 00:00:00+00:00,29.50343132019043,29.837779474258422,False,True
2012-05-10 00:00:00+00:00,29.62781524658203,29.812979049682617,False,False
2012-05-11 00:00:00+00:00,29.2473201751709,29.788220710754395,False,False
2012-05-14 00:00:00+00:00,28.581443786621094,29.764603986740113,False,False
2012-05-15 00:00:00+00:00,28.332651138305664,29.7375129032135,False,False
2012-05-16 00:00:00+00:00,27.930198669433594,29.70845308303833,False,False
2012-05-17 00:00:00+00:00,27.549701690673828,29.677525959014893,False,False
2012-05-18 00:00:00+00:00,27.286283493041992,29.649951038360594,False,False
2012-05-21 00:00:00+00:00,27.93752670288086,29.62163884162903,False,False
2012-05-22 00:00:00+00:00,27.64482307434082,29.606005086898804,False,False
2012-05-23 00:00:00+00:00,27.454572677612305,29.589922533035278,False,False
2012-05-24 00:00:00+00:00,27.31554412841797,29.585753650665282,False,False
2012-05-25 00:00:00+00:00,27.183839797973633,29.57259087562561,False,False
2012-05-29 00:00:00+00:00,27.952152252197266,29.566705884933473,False,False
2012-05-30 00:00:00+00:00,27.469209671020508,29.55683482170105,False,False
2012-05-31 00:00:00+00:00,27.586284637451172,29.54462151527405,False,False
2012-06-01 00:00:00+00:00,26.84723663330078,29.529514646530153,False,False
2012-06-04 00:00:00+00:00,26.964311599731445,29.512017135620116,False,False
2012-06-05 00:00:00+00:00,27.03748893737793,29.494017839431763,False,False
2012-06-06 00:00:00+00:00,27.827760696411133,29.483596019744873,False,False
2012-06-07 00:00:00+00:00,27.996055603027344,29.478937520980836,False,False
2012-06-08 00:00:00+00:00,27.754587173461914,29.47526544570923,False,False
2012-06-11 00:00:00+00:00,27.352130889892578,29.465348768234254,False,False
2012-06-12 00:00:00+00:00,27.92288589477539,29.45486937522888,False,False
2012-06-13 00:00:00+00:00,27.820446014404297,29.450106678009032,False,False
2012-06-14 00:00:00+00:00,28.018009185791016,29.442367515563966,False,False
2012-06-15 00:00:00+00:00,28.530223846435547,29.43086881637573,False,False
2012-06-18 00:00:00+00:00,28.588760375976562,29.421713733673094,False,False
2012-06-19 00:00:00+00:00,29.049755096435547,29.409734773635865,False,False
2012-06-20 00:00:00+00:00,28.954618453979492,29.40089430809021,False,False
2012-06-21 00:00:00+00:00,27.89424705505371,29.39505711555481,False,False
2012-06-22 00:00:00+00:00,27.983102798461914,29.385476360321046,False,False
2012-06-25 00:00:00+00:00,27.46476173400879,29.371918725967408,False,False
2012-06-26 00:00:00+00:00,27.70171356201172,29.359175815582276,False,False
2012-06-27 00:00:00+00:00,27.87943458557129,29.352691221237183,False,False
2012-06-28 00:00:00+00:00,27.74614906311035,29.347385158538817,False,False
2012-06-29 00:00:00+00:00,28.975357055664062,29.341195192337036,False,False
2012-07-02 00:00:00+00:00,28.975357055664062,29.34154987335205,False,False
2012-07-03 00:00:00+00:00,29.552936553955078,29.339802694320678,True,False
2012-07-05 00:00:00+00:00,29.241931915283203,29.340689735412596,False,True
2012-07-06 00:00:00+00:00,28.708786010742188,29.344370460510255,False,False
2012-07-09 00:00:00+00:00,28.605113983154297,29.34643635749817,False,False
2012-07-10 00:00:00+00:00,28.28670310974121,29.353238620758056,False,False
2012-07-11 00:00:00+00:00,28.434810638427734,29.36801603317261,False,False
2012-07-12 00:00:00+00:00,27.960893630981445,29.380163688659668,False,False
2012-07-13 00:00:00+00:00,28.50145149230957,29.387984838485718,False,False
2012-07-16 00:00:00+00:00,28.434810638427734,29.394304990768433,False,False
2012-07-17 00:00:00+00:00,28.812456130981445,29.40438702583313,False,False
2012-07-18 00:00:00+00:00,28.738401412963867,29.41454532623291,False,False
2012-07-19 00:00:00+00:00,29.004980087280273,29.43103758811951,False,False
2012-07-20 00:00:00+00:00,28.57549285888672,29.451544456481933,False,False
2012-07-23 00:00:00+00:00,27.82759666442871,29.467983207702638,False,False
2012-07-24 00:00:00+00:00,27.709123611450195,29.477747116088867,False,False
2012-07-25 00:00:00+00:00,27.842405319213867,29.48264238357544,False,False
2012-07-26 00:00:00+00:00,28.471830368041992,29.489798622131346,False,False
2012-07-27 00:00:00+00:00,29.271554946899414,29.49419497489929,False,False
2012-07-30 00:00:00+00:00,29.10124397277832,29.50251745223999,False,False
2012-07-31 00:00:00+00:00,28.967954635620117,29.50611081123352,False,False
2012-08-01 00:00:00+00:00,29.019790649414062,29.510306100845337,False,False
2012-08-02 00:00:00+00:00,28.679166793823242,29.511933879852293,False,False
2012-08-03 00:00:00+00:00,29.5677433013916,29.516714630126952,True,False
2012-08-06 00:00:00+00:00,29.752866744995117,29.52224181175232,True,True
2012-08-07 00:00:00+00:00,29.834321975708008,29.531412601470947,True,True
2012-08-08 00:00:00+00:00,29.893569946289062,29.543672370910645,True,True
2012-08-09 00:00:00+00:00,30.019437789916992,29.552314500808716,True,True
2012-08-10 00:00:00+00:00,30.16014862060547,29.55607765197754,True,True
2012-08-13 00:00:00+00:00,29.893569946289062,29.563443479537963,True,True
2012-08-14 00:00:00+00:00,29.886173248291016,29.566830930709838,True,True
2012-08-15 00:00:00+00:00,29.841724395751953,29.561302824020387,True,True
2012-08-16 00:00:00+00:00,30.1157169342041,29.556857080459594,True,True
2012-08-17 00:00:00+00:00,29.967622756958008,29.559543313980104,True,True
2012-08-20 00:00:00+00:00,29.95281219482422,29.565076770782472,True,True
2012-08-21 00:00:00+00:00,29.908376693725586,29.566115007400512,True,True
2012-08-22 00:00:00+00:00,29.923187255859375,29.56540904045105,True,True
2012-08-23 00:00:00+00:00,29.64920425415039,29.56575556755066,True,True
2012-08-24 00:00:00+00:00,29.656604766845703,29.563463764190672,True,True
2012-08-27 00:00:00+00:00,29.353008270263672,29.559433279037474,False,True
2012-08-28 00:00:00+00:00,29.293764114379883,29.562799644470214,False,False
2012-08-29 00:00:00+00:00,29.1530704498291,29.564927558898926,False,False
2012-08-30 00:00:00+00:00,28.812456130981445,29.56287305831909,False,False
2012-08-31 00:00:00+00:00,29.086437225341797,29.561144847869873,False,False
2012-09-04 00:00:00+00:00,28.923524856567383,29.559880590438844,False,False
2012-09-05 00:00:00+00:00,28.775428771972656,29.56175184249878,False,False
2012-09-06 00:00:00+00:00,29.412256240844727,29.56650652885437,False,False
2012-09-07 00:00:00+00:00,30.0935001373291,29.5739017868042,True,False
2012-09-10 00:00:00+00:00,29.708446502685547,29.589196882247926,True,True
2012-09-11 00:00:00+00:00,30.063888549804688,29.602095642089843,True,True
2012-09-12 00:00:00+00:00,30.197162628173828,29.621156568527223,True,True
2012-09-13 00:00:00+00:00,31.011703491210938,29.641318740844728,True,True
2012-09-14 00:00:00+00:00,31.374542236328125,29.659284200668335,True,True
2012-09-17 00:00:00+00:00,31.033924102783203,29.679679918289185,True,True
2012-09-18 00:00:00+00:00,31.048721313476562,29.68985637664795,True,True
2012-09-19 00:00:00+00:00,31.048721313476562,29.70054162979126,True,True
2012-09-20 00:00:00+00:00,30.863605499267578,29.71166178703308,True,True
2012-09-21 00:00:00+00:00,30.93766212463379,29.71950080871582,True,True
2012-09-24 00:00:00+00:00,30.908044815063477,29.729703254699707,True,True
2012-09-25 00:00:00+00:00,30.448932647705078,29.739177827835082,True,True
2012-09-26 00:00:00+00:00,30.30824851989746,29.75157525062561,True,True
2012-09-27 00:00:00+00:00,30.789562225341797,29.760442581176758,True,True
2012-09-28 00:00:00+00:00,30.604440689086914,29.777079935073854,True,True
2012-10-01 00:00:00+00:00,30.908044815063477,29.79406005859375,True,True
2012-10-02 00:00:00+00:00,30.952465057373047,29.81451512336731,True,True
2012-10-03 00:00:00+00:00,30.745136260986328,29.834322509765624,True,True
2012-10-04 00:00:00+00:00,31.063547134399414,29.852078552246095,True,True
2012-10-05 00:00:00+00:00,31.063547134399414,29.874941844940185,True,True
2012-10-08 00:00:00+00:00,30.789562225341797,29.892254972457884,True,True
2012-10-09 00:00:00+00:00,30.56000328063965,29.90775912284851,True,True
2012-10-10 00:00:00+00:00,30.374881744384766,29.920286169052122,True,True
2012-10-11 00:00:00+00:00,30.656280517578125,29.931338758468627,True,True
2012-10-12 00:00:00+00:00,30.56000328063965,29.94515209197998,True,True
2012-10-15 00:00:00+00:00,30.73771858215332,29.96082558631897,True,True
2012-10-16 00:00:00+00:00,31.05613136291504,29.975814447402954,True,True
2012-10-17 00:00:00+00:00,31.300500869750977,29.9922856426239,True,True
2012-10-18 00:00:00+00:00,31.21163558959961,30.00573456764221,True,True
2012-10-19 00:00:00+00:00,30.730318069458008,30.019544134140016,True,True
2012-10-22 00:00:00+00:00,31.026521682739258,30.03156904220581,True,True
2012-10-23 00:00:00+00:00,30.38970184326172,30.04686770439148,True,True
2012-10-24 00:00:00+00:00,30.419321060180664,30.05751884460449,True,True
2012-10-25 00:00:00+00:00,30.752538681030273,30.065244731903075,True,True
2012-10-26 00:00:00+00:00,30.515575408935547,30.074527015686034,True,True
2012-10-31 00:00:00+00:00,30.47114372253418,30.08203908920288,True,True
2012-11-01 00:00:00+00:00,30.9672794342041,30.09064613342285,True,True
2012-11-02 00:00:00+00:00,30.80436897277832,30.09898985862732,True,True
2012-11-05 00:00:00+00:00,30.952465057373047,30.102823762893678,True,True
2012-11-06 00:00:00+00:00,31.19683265686035,30.10608106613159,True,True
2012-11-07 00:00:00+00:00,30.685888290405273,30.11066990852356,True,True
2012-11-08 00:00:00+00:00,30.300832748413086,30.111240587234498,True,True
2012-11-09 00:00:00+00:00,30.36007308959961,30.109666500091553,True,True
2012-11-12 00:00:00+00:00,30.47114372253418,30.10666898727417,True,True
2012-11-13 00:00:00+00:00,30.197162628173828,30.104848833084105,True,True
2012-11-14 00:00:00+00:00,29.730661392211914,30.100853843688967,False,True
2012-11-15 00:00:00+00:00,29.834321975708008,30.09675811767578,False,False
2012-11-16 00:00:00+00:00,29.923187255859375,30.091863603591918,False,False
2012-11-19 00:00:00+00:00,30.448932647705078,30.084010915756224,True,False
2012-11-20 00:00:00+00:00,30.38970184326172,30.078347854614258,True,True
2012-11-21 00:00:00+00:00,30.33045196533203,30.069754428863526,True,True
2012-11-23 00:00:00+00:00,30.826580047607422,30.062218446731567,True,True
2012-11-26 00:00:00+00:00,30.826580047607422,30.05683382987976,True,True
2012-11-27 00:00:00+00:00,30.567419052124023,30.05031500816345,True,True
2012-11-28 00:00:00+00:00,30.73771858215332,30.042573585510254,True,True
2012-11-29 00:00:00+00:00,30.959869384765625,30.039232587814332,True,True
2012-11-30 00:00:00+00:00,30.94505500793457,30.03444128036499,True,True
2012-12-03 00:00:00+00:00,30.930248260498047,30.030892972946166,True,True
2012-12-04 00:00:00+00:00,31.019113540649414,30.02683166503906,True,True
2012-12-05 00:00:00+00:00,31.352325439453125,30.021495084762574,True,True
2012-12-06 00:00:00+00:00,31.589284896850586,30.017531805038452,True,True
2012-12-07 00:00:00+00:00,31.685558319091797,30.015411930084227,True,True
2012-12-10 00:00:00+00:00,31.86326789855957,30.013480682373046,True,True
2012-12-11 00:00:00+00:00,32.026180267333984,30.012730722427367,True,True
2012-12-12 00:00:00+00:00,32.122432708740234,30.01118552207947,True,True
2012-12-13 00:00:00+00:00,31.98174476623535,30.011731386184692,True,True
2012-12-14 00:00:00+00:00,32.122432708740234,30.009342041015625,True,True
2012-12-17 00:00:00+00:00,32.20389938354492,30.0077659034729,True,True
2012-12-18 00:00:00+00:00,32.428863525390625,30.005060443878175,True,True
2012-12-19 00:00:00+00:00,32.41398620605469,30.0038822555542,True,True
2012-12-20 00:00:00+00:00,32.607666015625,30.005446796417235,True,True
2012-12-21 00:00:00+00:00,32.23517990112305,30.013357992172242,True,True
2012-12-24 00:00:00+00:00,32.16814041137695,30.017540845870972,True,True
2012-12-26 00:00:00+00:00,32.264984130859375,30.018095693588258,True,True
2012-12-27 00:00:00+00:00,32.44681930541992,30.019207944869994,True,True
2012-12-28 00:00:00+00:00,32.56605529785156,30.02298551559448,True,True
2012-12-31 00:00:00+00:00,33.05043411254883,30.023042030334473,True,True
2013-01-02 00:00:00+00:00,33.698787689208984,30.02808153152466,True,True
2013-01-03 00:00:00+00:00,33.4603157043457,30.035082302093507,True,True
2013-01-04 00:00:00+00:00,33.527374267578125,30.041073608398438,True,True
2013-01-07 00:00:00+00:00,33.27400207519531,30.04802225112915,True,True
2013-01-08 00:00:00+00:00,32.97591781616211,30.056484537124632,True,True
2013-01-09 00:00:00+00:00,33.11751174926758,30.063163709640502,True,True
2013-01-10 00:00:00+00:00,33.40814971923828,30.072965564727784,True,True
2013-01-11 00:00:00+00:00,33.139862060546875,30.083049879074096,True,True
2013-01-14 00:00:00+00:00,33.281463623046875,30.089048738479615,True,True
2013-01-15 00:00:00+00:00,33.139862060546875,30.09659712791443,True,True
2013-01-16 00:00:00+00:00,33.11005401611328,30.10610827445984,True,True
2013-01-17 00:00:00+00:00,33.296363830566406,30.115653305053712,True,True
2013-01-18 00:00:00+00:00,33.370887756347656,30.12499571800232,True,True
2013-01-22 00:00:00+00:00,33.31871795654297,30.132552127838135,True,True
2013-01-23 00:00:00+00:00,33.139862060546875,30.14076238632202,True,True
2013-01-24 00:00:00+00:00,33.020633697509766,30.15093207359314,True,True
2013-01-25 00:00:00+00:00,32.90885543823242,30.15966417312622,True,True
2013-01-28 00:00:00+00:00,32.67783737182617,30.17014232635498,True,True
2013-01-29 00:00:00+00:00,33.04298400878906,30.182465505599975,True,True
2013-01-30 00:00:00+00:00,32.886497497558594,30.19496801376343,True,True
2013-01-31 00:00:00+00:00,32.95357131958008,30.202773303985595,True,True
2013-02-01 00:00:00+00:00,33.1696662902832,30.213292093276976,True,True
2013-02-04 00:00:00+00:00,32.72999572753906,30.22565965652466,True,True
2013-02-05 00:00:00+00:00,32.76725387573242,30.234072761535643,True,True
2013-02-06 00:00:00+00:00,32.72999572753906,30.24340385437012,True,True
2013-02-07 00:00:00+00:00,32.43936538696289,30.253243837356568,True,True
2013-02-08 00:00:00+00:00,32.67783737182617,30.260569629669188,True,True
2013-02-11 00:00:00+00:00,32.662933349609375,30.27205129623413,True,True
2013-02-12 00:00:00+00:00,32.75235366821289,30.28312921524048,True,True
2013-02-13 00:00:00+00:00,32.91630935668945,30.293263883590697,True,True
2013-02-14 00:00:00+00:00,32.901390075683594,30.3032670879364,True,True
2013-02-15 00:00:00+00:00,32.782169342041016,30.312976160049438,True,True
2013-02-19 00:00:00+00:00,32.84923553466797,30.322418451309204,True,True
2013-02-20 00:00:00+00:00,32.5586051940918,30.33117163658142,True,True
2013-02-21 00:00:00+00:00,32.1114616394043,30.338764362335205,True,True
2013-02-22 00:00:00+00:00,32.253055572509766,30.345292148590087,True,True
2013-02-25 00:00:00+00:00,31.820819854736328,30.355235261917116,True,True
2013-02-26 00:00:00+00:00,31.99968147277832,30.362468452453612,True,True
2013-02-27 00:00:00+00:00,32.349945068359375,30.37301061630249,True,True
2013-02-28 00:00:00+00:00,32.200889587402344,30.387243185043335,True,True
2013-03-01 00:00:00+00:00,32.27541732788086,30.400108556747437,True,True
2013-03-04 00:00:00+00:00,31.969867706298828,30.415249042510986,True,True
2013-03-05 00:00:00+00:00,32.35739517211914,30.432191162109376,True,True
2013-03-06 00:00:00+00:00,32.51388931274414,30.452314882278444,True,True
2013-03-07 00:00:00+00:00,32.603309631347656,30.475233335494995,True,True
2013-03-08 00:00:00+00:00,32.886497497558594,30.500501375198365,True,True
2013-03-11 00:00:00+00:00,32.7076416015625,30.528502445220948,True,True
2013-03-12 00:00:00+00:00,32.33502960205078,30.552353019714356,True,True
2013-03-13 00:00:00+00:00,32.02949523925781,30.575804052352904,True,True
2013-03-14 00:00:00+00:00,32.163631439208984,30.59867866516113,True,True
2013-03-15 00:00:00+00:00,31.873001098632812,30.622919101715087,True,True
2013-03-18 00:00:00+00:00,31.515289306640625,30.646364908218384,True,True
2013-03-19 00:00:00+00:00,31.291728973388672,30.6641805934906,True,True
2013-03-20 00:00:00+00:00,31.470584869384766,30.68329319000244,True,True
2013-03-21 00:00:00+00:00,31.150129318237305,30.70271469116211,True,True
2013-03-22 00:00:00+00:00,31.269363403320312,30.72422915458679,True,True
2013-03-25 00:00:00+00:00,31.23956298828125,30.745754413604736,True,True
2013-03-26 00:00:00+00:00,31.686695098876953,30.76676478385925,True,True
2013-03-27 00:00:00+00:00,31.805927276611328,30.78605945587158,True,True
2013-03-28 00:00:00+00:00,31.873001098632812,30.805108814239503,True,True
2013-04-01 00:00:00+00:00,31.530202865600586,30.825700883865355,True,True
2013-04-02 00:00:00+00:00,31.54510498046875,30.846591243743898,True,True
2013-04-03 00:00:00+00:00,31.172483444213867,30.864702339172364,True,True
2013-04-04 00:00:00+00:00,31.08306312561035,30.88146252632141,True,True
2013-04-05 00:00:00+00:00,31.00853729248047,30.896787796020508,True,True
2013-04-08 00:00:00+00:00,31.06070327758789,30.909179363250733,True,True
2013-04-09 00:00:00+00:00,31.36625099182129,30.92153907775879,True,True
2013-04-10 00:00:00+00:00,31.664329528808594,30.93312155723572,True,True
2013-04-11 00:00:00+00:00,31.694141387939453,30.946670112609862,True,True
2013-04-12 00:00:00+00:00,31.209747314453125,30.96566958427429,True,True
2013-04-15 00:00:00+00:00,30.449626922607422,30.981802806854247,False,True
2013-04-16 00:00:00+00:00,31.07561683654785,30.99672713279724,True,False
2013-04-17 00:00:00+00:00,30.58377456665039,31.013596649169923,False,True
2013-04-18 00:00:00+00:00,30.58377456665039,31.027118349075316,False,False
2013-04-19 00:00:00+00:00,31.030899047851562,31.041306476593018,False,False
2013-04-22 00:00:00+00:00,31.179941177368164,31.051584186553956,True,False
2013-04-23 00:00:00+00:00,31.328990936279297,31.062607107162474,True,True
2013-04-24 00:00:00+00:00,31.515289306640625,31.071487379074096,True,True
2013-04-25 00:00:00+00:00,31.79846954345703,31.082854166030884,True,True
2013-04-26 00:00:00+00:00,31.478025436401367,31.09830258369446,True,True
2013-04-29 00:00:00+00:00,31.805927276611328,31.112667140960692,True,True
2013-04-30 00:00:00+00:00,32.260501861572266,31.130263261795044,True,True
2013-05-01 00:00:00+00:00,31.91025733947754,31.149391717910767,True,True
2013-05-02 00:00:00+00:00,32.163631439208984,31.169138536453247,True,True
2013-05-03 00:00:00+00:00,32.43191146850586,31.187449436187745,True,True
2013-05-06 00:00:00+00:00,32.476619720458984,31.207434940338135,True,True
2013-05-07 00:00:00+00:00,32.7076416015625,31.225755758285523,True,True
2013-05-08 00:00:00+00:00,32.96101760864258,31.245601959228516,True,True
2013-05-09 00:00:00+00:00,32.72255325317383,31.26538214683533,True,True
2013-05-10 00:00:00+00:00,32.46916961669922,31.286117448806763,True,True
2013-05-13 00:00:00+00:00,32.17108917236328,31.309325313568117,True,True
2013-05-14 00:00:00+00:00,32.320125579833984,31.33163514137268,True,True
2013-05-15 00:00:00+00:00,32.32757568359375,31.354023742675782,True,True
2013-05-16 00:00:00+00:00,32.215789794921875,31.37330246925354,True,True
2013-05-17 00:00:00+00:00,32.35739517211914,31.388023643493653,True,True
2013-05-20 00:00:00+00:00,32.43936538696289,31.404304399490357,True,True
2013-05-21 00:00:00+00:00,32.372291564941406,31.42166145324707,True,True
2013-05-22 00:00:00+00:00,32.01458740234375,31.438423957824707,True,True
2013-05-23 00:00:00+00:00,31.776121139526367,31.45510106086731,True,True
2013-05-24 00:00:00+00:00,31.500385284423828,31.466142950057982,True,True
2013-05-28 00:00:00+00:00,31.67177391052246,31.474880542755127,True,True
2013-05-29 00:00:00+00:00,31.269363403320312,31.4840678024292,False,True
2013-05-30 00:00:00+00:00,31.269363403320312,31.490946769714355,False,False
2013-05-31 00:00:00+00:00,30.703006744384766,31.497196397781373,False,False
2013-06-03 00:00:00+00:00,31.157581329345703,31.49991068840027,False,False
2013-06-04 00:00:00+00:00,30.777517318725586,31.506230745315552,False,False
2013-06-05 00:00:00+00:00,30.226064682006836,31.510687465667726,False,False
2013-06-06 00:00:00+00:00,30.479442596435547,31.512609167099,False,False
2013-06-07 00:00:00+00:00,30.322940826416016,31.514427795410157,False,False
2013-06-10 00:00:00+00:00,29.91307830810547,31.516204385757447,False,False
2013-06-11 00:00:00+00:00,29.346710205078125,31.516005716323853,False,False
2013-06-12 00:00:00+00:00,29.14550018310547,31.513197383880616,False,False
2013-06-13 00:00:00+00:00,29.76403045654297,31.509308948516846,False,False
2013-06-14 00:00:00+00:00,29.29454231262207,31.50988307952881,False,False
2013-06-17 00:00:00+00:00,29.56281852722168,31.50807276725769,False,False
2013-06-18 00:00:00+00:00,29.689504623413086,31.509121818542482,False,False
2013-06-19 00:00:00+00:00,28.77288055419922,31.511100521087645,False,False
2013-06-20 00:00:00+00:00,27.483661651611328,31.509199571609496,False,False
2013-06-21 00:00:00+00:00,27.878623962402344,31.502555599212645,False,False
2013-06-24 00:00:00+00:00,27.312257766723633,31.49651653289795,False,False
2013-06-25 00:00:00+00:00,27.893524169921875,31.48846019744873,False,False
2013-06-26 00:00:00+00:00,28.333208084106445,31.48405067443848,False,False
2013-06-27 00:00:00+00:00,28.901718139648438,31.478655433654787,False,False
2013-06-28 00:00:00+00:00,29.067834854125977,31.472696523666382,False,False
2013-07-01 00:00:00+00:00,29.15843391418457,31.469493465423582,False,False
2013-07-02 00:00:00+00:00,28.637474060058594,31.464966192245484,False,False
2013-07-03 00:00:00+00:00,28.373228073120117,31.457167749404906,False,False
2013-07-05 00:00:00+00:00,28.192026138305664,31.443975372314455,False,False
2013-07-08 00:00:00+00:00,28.22977638244629,31.428062791824342,False,False
2013-07-09 00:00:00+00:00,28.5997314453125,31.414042053222655,False,False
2013-07-10 00:00:00+00:00,28.327922821044922,31.401797103881837,False,False
2013-07-11 00:00:00+00:00,29.71713638305664,31.388193111419678,False,False
2013-07-12 00:00:00+00:00,29.400039672851562,31.382460765838623,False,False
2013-07-15 00:00:00+00:00,29.702045440673828,31.37477265357971,False,False
2013-07-16 00:00:00+00:00,29.822839736938477,31.368742656707763,False,False
2013-07-17 00:00:00+00:00,30.094640731811523,31.365612192153932,False,False
2013-07-18 00:00:00+00:00,29.739784240722656,31.3645441532135,False,False
2013-07-19 00:00:00+00:00,29.656728744506836,31.359295263290406,False,False
2013-07-22 00:00:00+00:00,29.951189041137695,31.354556703567503,False,False
2013-07-23 00:00:00+00:00,30.275848388671875,31.349772424697875,False,False
2013-07-24 00:00:00+00:00,29.966293334960938,31.34638934135437,False,False
2013-07-25 00:00:00+00:00,30.13994789123535,31.342495126724245,False,False
2013-07-26 00:00:00+00:00,30.071992874145508,31.337877130508424,False,False
2013-07-29 00:00:00+00:00,29.694490432739258,31.332919359207153,False,False
2013-07-30 00:00:00+00:00,29.626535415649414,31.327444000244142,False,False
2013-07-31 00:00:00+00:00,29.452880859375,31.32277666091919,False,False
2013-08-01 00:00:00+00:00,29.988954544067383,31.318166656494142,False,False
2013-08-02 00:00:00+00:00,29.98139190673828,31.314830026626588,False,False
2013-08-05 00:00:00+00:00,29.792638778686523,31.31193696975708,False,False
2013-08-06 00:00:00+00:00,29.415130615234375,31.307211570739746,False,False
2013-08-07 00:00:00+00:00,29.098037719726562,31.299006567001342,False,False
2013-08-08 00:00:00+00:00,29.656728744506836,31.28799425125122,False,False
2013-08-09 00:00:00+00:00,29.71713638305664,31.28021971702576,False,False
2013-08-12 00:00:00+00:00,29.996488571166992,31.27515380859375,False,False
2013-08-13 00:00:00+00:00,30.177709579467773,31.27000364303589,False,False
2013-08-14 00:00:00+00:00,30.275848388671875,31.26894368171692,False,False
2013-08-15 00:00:00+00:00,29.928550720214844,31.268226318359375,False,False
2013-08-16 00:00:00+00:00,29.67184829711914,31.264106378555297,False,False
2013-08-19 00:00:00+00:00,29.11313247680664,31.259887742996217,False,False
2013-08-20 00:00:00+00:00,29.060291290283203,31.25309768676758,False,False
2013-08-21 00:00:00+00:00,28.380775451660156,31.243562746047974,False,False
2013-08-22 00:00:00+00:00,28.84132957458496,31.231444778442384,False,False
2013-08-23 00:00:00+00:00,29.18108558654785,31.220889101028444,False,False
2013-08-26 00:00:00+00:00,28.863971710205078,31.21081036567688,False,False
2013-08-27 00:00:00+00:00,28.199575424194336,31.20170078277588,False,False
2013-08-28 00:00:00+00:00,28.259967803955078,31.191194496154786,False,False
2013-08-29 00:00:00+00:00,28.486478805541992,31.180693969726562,False,False
2013-08-30 00:00:00+00:00,28.705429077148438,31.1707706451416,False,False
2013-09-03 00:00:00+00:00,28.886632919311523,31.163311977386474,False,False
2013-09-04 00:00:00+00:00,29.400039672851562,31.15909183502197,False,False
2013-09-05 00:00:00+00:00,29.747333526611328,31.15692042350769,False,False
2013-09-06 00:00:00+00:00,30.185239791870117,31.15604115486145,False,False
2013-09-09 00:00:00+00:00,30.977994918823242,31.154722690582275,False,False
2013-09-10 00:00:00+00:00,31.212055206298828,31.157664155960084,True,False
2013-09-11 00:00:00+00:00,31.234710693359375,31.162072172164915,True,True
2013-09-12 00:00:00+00:00,30.87230110168457,31.164112825393676,False,True
2013-09-13 00:00:00+00:00,31.076154708862305,31.164341430664063,False,False
2013-09-16 00:00:00+00:00,31.423458099365234,31.166885108947753,True,False
2013-09-17 00:00:00+00:00,31.355510711669922,31.170313806533812,True,True
2013-09-18 00:00:00+00:00,32.669219970703125,31.172292013168335,True,True
2013-09-19 00:00:00+00:00,32.49557113647461,31.180912837982177,True,True
2013-09-20 00:00:00+00:00,31.770767211914062,31.18873945236206,True,True
2013-09-23 00:00:00+00:00,31.88402557373047,31.192497720718382,True,True
2013-09-24 00:00:00+00:00,31.61220932006836,31.19515622138977,True,True
2013-09-25 00:00:00+00:00,31.370603561401367,31.19527084350586,True,True
2013-09-26 00:00:00+00:00,31.49897003173828,31.193696069717408,True,True
2013-09-27 00:00:00+00:00,31.129011154174805,31.1918745803833,False,True
2013-09-30 00:00:00+00:00,30.774145126342773,31.187388734817503,False,False
2013-10-01 00:00:00+00:00,31.38570785522461,31.18064729690552,True,False
2013-10-02 00:00:00+00:00,31.506515502929688,31.177667112350463,True,True
2013-10-03 00:00:00+00:00,31.38570785522461,31.17458752632141,True,True
2013-10-04 00:00:00+00:00,31.793415069580078,31.17049656867981,True,True
2013-10-07 00:00:00+00:00,31.521604537963867,31.167319326400758,True,True
2013-10-08 00:00:00+00:00,31.2196044921875,31.1628574180603,True,True
2013-10-09 00:00:00+00:00,31.453655242919922,31.155917110443117,True,True
2013-10-10 00:00:00+00:00,32.19356918334961,31.1520094871521,True,True
2013-10-11 00:00:00+00:00,32.33701705932617,31.152136631011963,True,True
2013-10-14 00:00:00+00:00,32.525779724121094,31.152496795654297,True,True
2013-10-15 00:00:00+00:00,32.20866775512695,31.152891597747804,True,True
2013-10-16 00:00:00+00:00,32.465370178222656,31.15110466003418,True,True
2013-10-17 00:00:00+00:00,32.669219970703125,31.14817934036255,True,True
2013-10-18 00:00:00+00:00,32.69942855834961,31.143031501770018,True,True
2013-10-21 00:00:00+00:00,32.646575927734375,31.13922706604004,True,True
2013-10-22 00:00:00+00:00,32.96366500854492,31.13482307434082,True,True
2013-10-23 00:00:00+00:00,32.19356918334961,31.133271389007568,True,True
2013-10-24 00:00:00+00:00,32.125614166259766,31.129359645843508,True,True
2013-10-25 00:00:00+00:00,32.27663040161133,31.124400157928466,True,True
2013-10-28 00:00:00+00:00,32.465370178222656,31.118742561340333,True,True
2013-10-29 00:00:00+00:00,32.57107162475586,31.11537010192871,True,True
2013-10-30 00:00:00+00:00,32.389869689941406,31.111818141937256,True,True
2013-10-31 00:00:00+00:00,32.05767059326172,31.108068180084228,True,True
2013-11-01 00:00:00+00:00,32.0727653503418,31.10280626296997,True,True
2013-11-04 00:00:00+00:00,32.26907730102539,31.096688270568848,True,True
2013-11-05 00:00:00+00:00,31.619760513305664,31.091179218292236,True,True
2013-11-06 00:00:00+00:00,31.717914581298828,31.08268443107605,True,True
2013-11-07 00:00:00+00:00,31.144100189208984,31.07557469367981,True,True
2013-11-08 00:00:00+00:00,31.076154708862305,31.066192026138307,True,True
2013-11-11 00:00:00+00:00,30.917606353759766,31.057028522491454,False,True
2013-11-12 00:00:00+00:00,30.751506805419922,31.04822736740112,False,False
2013-11-13 00:00:00+00:00,30.80435562133789,31.03676998138428,False,False
2013-11-14 00:00:00+00:00,31.30265235900879,31.026359272003173,True,False
2013-11-15 00:00:00+00:00,31.899110794067383,31.018104677200316,True,True
2013-11-18 00:00:00+00:00,32.18601608276367,31.01175189971924,True,True
2013-11-19 00:00:00+00:00,31.989709854125977,31.00903200149536,True,True
2013-11-20 00:00:00+00:00,31.551807403564453,31.00514428138733,True,True
2013-11-21 00:00:00+00:00,31.521604537963867,30.999253339767456,True,True
2013-11-22 00:00:00+00:00,31.748109817504883,30.99466453552246,True,True
2013-11-25 00:00:00+00:00,31.34040641784668,30.990015897750855,True,True
2013-11-26 00:00:00+00:00,31.446109771728516,30.98340326309204,True,True
2013-11-27 00:00:00+00:00,31.64996337890625,30.976872043609617,True,True
2013-11-29 00:00:00+00:00,31.974613189697266,30.970540313720704,True,True
2013-12-02 00:00:00+00:00,31.30265235900879,30.965906429290772,True,True
2013-12-03 00:00:00+00:00,31.19694709777832,30.95850884437561,True,True
2013-12-04 00:00:00+00:00,31.15920639038086,30.950247402191163,True,True
2013-12-05 00:00:00+00:00,30.977994918823242,30.943250408172606,True,True
2013-12-06 00:00:00+00:00,31.665069580078125,30.9375830745697,True,True
2013-12-09 00:00:00+00:00,31.710369110107422,30.934643144607545,True,True
2013-12-10 00:00:00+00:00,31.725465774536133,30.9340908908844,True,True
2013-12-11 00:00:00+00:00,31.02330780029297,30.932719812393188,True,True
2013-12-12 00:00:00+00:00,30.842105865478516,30.926086626052857,False,True
2013-12-13 00:00:00+00:00,30.917606353759766,30.919292707443237,False,False
2013-12-16 00:00:00+00:00,31.121456146240234,30.91250365257263,True,False
2013-12-17 00:00:00+00:00,30.84964942932129,30.908261594772338,False,True
2013-12-18 00:00:00+00:00,31.46367835998535,30.90072286605835,True,False
2013-12-19 00:00:00+00:00,30.884693145751953,30.895471811294556,False,True
2013-12-20 00:00:00+00:00,30.838993072509766,30.886878728866577,False,False
2013-12-23 00:00:00+00:00,31.06753158569336,30.876641206741333,True,False
2013-12-24 00:00:00+00:00,31.250368118286133,30.86844065666199,True,True
2013-12-26 00:00:00+00:00,30.983734130859375,30.863017349243165,True,True
2013-12-27 00:00:00+00:00,31.46367835998535,30.857788543701172,True,True
2013-12-30 00:00:00+00:00,31.60082244873047,30.854288778305055,True,True
2013-12-31 00:00:00+00:00,31.844602584838867,30.852927885055543,True,True
2014-01-02 00:00:00+00:00,30.618057250976562,30.854574451446535,False,True
2014-01-03 00:00:00+00:00,30.564725875854492,30.851206092834474,False,False
2014-01-06 00:00:00+00:00,30.275230407714844,30.84667679786682,False,False
2014-01-07 00:00:00+00:00,30.40473747253418,30.84230230331421,False,False
2014-01-08 00:00:00+00:00,30.305702209472656,30.83797917366028,False,False
2014-01-09 00:00:00+00:00,30.145713806152344,30.833309869766236,False,False
2014-01-10 00:00:00+00:00,30.678997039794922,30.825604963302613,False,False
2014-01-13 00:00:00+00:00,30.313322067260742,30.81997031211853,False,False
2014-01-14 00:00:00+00:00,30.640907287597656,30.81217191696167,False,False
2014-01-15 00:00:00+00:00,30.633285522460938,30.807725439071657,False,False
2014-01-16 00:00:00+00:00,30.465688705444336,30.803166341781616,False,False
2014-01-17 00:00:00+00:00,30.313322067260742,30.799632368087767,False,False
2014-01-21 00:00:00+00:00,30.267606735229492,30.79578366279602,False,False
2014-01-22 00:00:00+00:00,30.671375274658203,30.792079010009765,False,False
2014-01-23 00:00:00+00:00,29.917163848876953,30.790132369995117,False,False
2014-01-24 00:00:00+00:00,29.13248062133789,30.782886934280395,False,False
2014-01-27 00:00:00+00:00,29.018207550048828,30.77022768974304,False,False
2014-01-28 00:00:00+00:00,29.2010440826416,30.75684802055359,False,False
2014-01-29 00:00:00+00:00,28.78203582763672,30.746804504394532,False,False
2014-01-30 00:00:00+00:00,29.048683166503906,30.73846654891968,False,False
2014-01-31 00:00:00+00:00,29.09439468383789,30.728331880569456,False,False
2014-02-03 00:00:00+00:00,28.2716121673584,30.720884981155397,False,False
2014-02-04 00:00:00+00:00,28.842985153198242,30.709324169158936,False,False
2014-02-05 00:00:00+00:00,28.736324310302734,30.698384599685667,False,False
2014-02-06 00:00:00+00:00,29.33816909790039,30.68616651535034,False,False
2014-02-07 00:00:00+00:00,29.505779266357422,30.67621240615845,False,False
2014-02-10 00:00:00+00:00,29.178190231323242,30.66616485595703,False,False
2014-02-11 00:00:00+00:00,29.810508728027344,30.653063459396364,False,False
2014-02-12 00:00:00+00:00,29.818130493164062,30.64472587585449,False,False
2014-02-13 00:00:00+00:00,29.848602294921875,30.634786891937257,False,False
2014-02-14 00:00:00+00:00,30.214284896850586,30.622727394104004,False,False
2014-02-18 00:00:00+00:00,29.932405471801758,30.614247531890868,False,False
2014-02-19 00:00:00+00:00,29.726713180541992,30.603091402053835,False,False
2014-02-20 00:00:00+00:00,29.833364486694336,30.589565410614014,False,False
2014-02-21 00:00:00+00:00,30.0390682220459,30.57634913444519,False,False
2014-02-24 00:00:00+00:00,30.0390682220459,30.563006267547607,False,False
2014-02-25 00:00:00+00:00,29.696231842041016,30.548396520614624,False,False
2014-02-26 00:00:00+00:00,29.719085693359375,30.53326491355896,False,False
2014-02-27 00:00:00+00:00,30.28285026550293,30.51951449394226,False,False
2014-02-28 00:00:00+00:00,30.07716178894043,30.51007329940796,False,False
2014-03-03 00:00:00+00:00,29.543867111206055,30.498858480453492,False,False
2014-03-04 00:00:00+00:00,30.046682357788086,30.48493993759155,False,False
2014-03-05 00:00:00+00:00,30.069530487060547,30.474094400405885,False,False
2014-03-06 00:00:00+00:00,30.49615478515625,30.462655076980592,True,False
2014-03-07 00:00:00+00:00,30.107629776000977,30.452939023971556,False,True
2014-03-10 00:00:00+00:00,29.901939392089844,30.441615715026856,False,False
2014-03-11 00:00:00+00:00,29.566720962524414,30.431052474975587,False,False
2014-03-12 00:00:00+00:00,29.627676010131836,30.420005474090576,False,False
2014-03-13 00:00:00+00:00,29.09439468383789,30.410641927719116,False,False
2014-03-14 00:00:00+00:00,29.254377365112305,30.397755031585692,False,False
2014-03-17 00:00:00+00:00,29.61243438720703,30.387680101394654,False,False
2014-03-18 00:00:00+00:00,30.023822784423828,30.379395456314086,False,False
2014-03-19 00:00:00+00:00,29.383880615234375,30.375999536514282,False,False
2014-03-20 00:00:00+00:00,29.513399124145508,30.367131032943725,False,False
2014-03-21 00:00:00+00:00,29.696231842041016,30.360810441970827,False,False
2014-03-24 00:00:00+00:00,29.985729217529297,30.358161277770996,False,False
2014-03-25 00:00:00+00:00,30.328561782836914,30.355692710876465,False,False
2014-03-26 00:00:00+00:00,30.39712142944336,30.355720815658568,True,False
2014-03-27 00:00:00+00:00,30.79327392578125,30.35814103126526,True,True
2014-03-28 00:00:00+00:00,31.037057876586914,30.365373849868774,True,True
2014-03-31 00:00:00+00:00,31.242761611938477,30.374831638336182,True,True
2014-04-01 00:00:00+00:00,31.608440399169922,30.38222529411316,True,True
2014-04-02 00:00:00+00:00,31.669384002685547,30.3937947845459,True,True
2014-04-03 00:00:00+00:00,31.547496795654297,30.404327611923218,True,True
2014-04-04 00:00:00+00:00,31.46367835998535,30.413617572784425,True,True
2014-04-07 00:00:00+00:00,31.60082244873047,30.427071561813353,True,True
2014-04-08 00:00:00+00:00,31.96649169921875,30.44765736579895,True,True
2014-04-09 00:00:00+00:00,32.21028137207031,30.46809670448303,True,True
2014-04-10 00:00:00+00:00,31.867450714111328,30.492586822509764,True,True
2014-04-11 00:00:00+00:00,31.867450714111328,30.512456455230712,True,True
2014-04-14 00:00:00+00:00,31.79889678955078,30.530127668380736,True,True
2014-04-15 00:00:00+00:00,31.318939208984375,30.54461356163025,True,True
2014-04-16 00:00:00+00:00,31.715087890625,30.55586908340454,True,True
2014-04-17 00:00:00+00:00,32.00458908081055,30.568652353286744,True,True
2014-04-21 00:00:00+00:00,31.80651092529297,30.585487928390503,True,True
2014-04-22 00:00:00+00:00,31.72271156311035,30.602654342651366,True,True
2014-04-23 00:00:00+00:00,31.494159698486328,30.62030776977539,True,True
2014-04-24 00:00:00+00:00,31.524635314941406,30.63662968635559,True,True
2014-04-25 00:00:00+00:00,31.09800910949707,30.651254205703736,True,True
2014-04-28 00:00:00+00:00,31.250368118286133,30.665104637145998,True,True
2014-04-29 00:00:00+00:00,31.547496795654297,30.672770795822142,True,True
2014-04-30 00:00:00+00:00,31.486549377441406,30.68350808143616,True,True
2014-05-01 00:00:00+00:00,31.524635314941406,30.692430601119995,True,True
2014-05-02 00:00:00+00:00,31.699853897094727,30.70093957901001,True,True
2014-05-05 00:00:00+00:00,31.524635314941406,30.708965644836425,True,True
2014-05-06 00:00:00+00:00,31.669384002685547,30.71788990020752,True,True
2014-05-07 00:00:00+00:00,31.83698272705078,30.727953176498414,True,True
2014-05-08 00:00:00+00:00,31.76080322265625,30.737382144927977,True,True
2014-05-09 00:00:00+00:00,31.707473754882812,30.7448069190979,True,True
2014-05-12 00:00:00+00:00,32.24075698852539,30.75351282119751,True,True
2014-05-13 00:00:00+00:00,32.36265182495117,30.76401686668396,True,True
2014-05-14 00:00:00+00:00,32.5911979675293,30.775470161437987,True,True
2014-05-15 00:00:00+00:00,32.28647232055664,30.789953699111937,True,True
2014-05-16 00:00:00+00:00,32.713096618652344,30.803253383636473,True,True
2014-05-19 00:00:00+00:00,32.713096618652344,30.819554462432862,True,True
2014-05-20 00:00:00+00:00,32.44646072387695,30.833175172805785,True,True
2014-05-21 00:00:00+00:00,32.69786071777344,30.84550051689148,True,True
2014-05-22 00:00:00+00:00,32.9264030456543,30.860026626586915,True,True
2014-05-23 00:00:00+00:00,32.865455627441406,30.877582988739015,True,True
2014-05-27 00:00:00+00:00,32.583587646484375,30.896420078277586,True,True
2014-05-28 00:00:00+00:00,32.77404022216797,30.911054372787476,True,True
2014-05-29 00:00:00+00:00,32.865455627441406,30.926338891983033,True,True
2014-05-30 00:00:00+00:00,32.415977478027344,30.940683727264403,True,True
2014-06-02 00:00:00+00:00,32.51502227783203,30.951875066757204,True,True
2014-06-03 00:00:00+00:00,32.69786071777344,30.963070936203003,True,True
2014-06-04 00:00:00+00:00,32.51502227783203,30.976917486190796,True,True
2014-06-05 00:00:00+00:00,32.85783767700195,30.99113335609436,True,True
2014-06-06 00:00:00+00:00,33.18544006347656,31.009856882095338,True,True
2014-06-09 00:00:00+00:00,33.307315826416016,31.030482625961305,True,True
2014-06-10 00:00:00+00:00,33.4825439453125,31.055115327835082,True,True
2014-06-11 00:00:00+00:00,33.36826705932617,31.078321399688722,True,True
2014-06-12 00:00:00+00:00,33.208290100097656,31.09925730705261,True,True
2014-06-13 00:00:00+00:00,33.2235221862793,31.120978899002075,True,True
2014-06-16 00:00:00+00:00,33.071163177490234,31.1460986328125,True,True
2014-06-17 00:00:00+00:00,33.078773498535156,31.170154609680175,True,True
2014-06-18 00:00:00+00:00,33.44445037841797,31.193116083145142,True,True
2014-06-19 00:00:00+00:00,33.253997802734375,31.21681118965149,True,True
2014-06-20 00:00:00+00:00,33.18544006347656,31.238648014068602,True,True
2014-06-23 00:00:00+00:00,33.11687088012695,31.25757501602173,True,True
2014-06-24 00:00:00+00:00,33.10163116455078,31.274422702789305,True,True
2014-06-25 00:00:00+00:00,33.171504974365234,31.28900465965271,True,True
2014-06-26 00:00:00+00:00,33.20989227294922,31.29997220993042,True,True
2014-06-27 00:00:00+00:00,33.28668975830078,31.30996139526367,True,True
2014-06-30 00:00:00+00:00,33.19453811645508,31.32022129058838,True,True
2014-07-01 00:00:00+00:00,33.509376525878906,31.33183247566223,True,True
2014-07-02 00:00:00+00:00,33.70899963378906,31.343998584747315,True,True
2014-07-03 00:00:00+00:00,33.90864944458008,31.355426292419434,True,True
2014-07-07 00:00:00+00:00,33.8856086730957,31.368191986083986,True,True
2014-07-08 00:00:00+00:00,33.73204040527344,31.374273929595947,True,True
2014-07-09 00:00:00+00:00,33.924007415771484,31.38045627593994,True,True
2014-07-10 00:00:00+00:00,33.73971939086914,31.39122247695923,True,True
2014-07-11 00:00:00+00:00,33.701324462890625,31.40050094604492,True,True
2014-07-14 00:00:00+00:00,33.962398529052734,31.410946521759033,True,True
2014-07-15 00:00:00+00:00,33.93936538696289,31.42390549659729,True,True
2014-07-16 00:00:00+00:00,34.023826599121094,31.43610747337341,True,True
2014-07-17 00:00:00+00:00,33.38650131225586,31.450581550598145,True,True
2014-07-18 00:00:00+00:00,33.90864944458008,31.46364333152771,True,True
2014-07-21 00:00:00+00:00,34.023826599121094,31.476258039474487,True,True
2014-07-22 00:00:00+00:00,34.33865737915039,31.488844594955445,True,True
2014-07-23 00:00:00+00:00,34.36935043334961,31.503609342575075,True,True
2014-07-24 00:00:00+00:00,34.52293014526367,31.51648901939392,True,True
2014-07-25 00:00:00+00:00,34.384727478027344,31.531495647430418,True,True
2014-07-28 00:00:00+00:00,34.62275695800781,31.54732126235962,True,True
2014-07-29 00:00:00+00:00,34.415435791015625,31.56316677093506,True,True
2014-07-30 00:00:00+00:00,34.24650192260742,31.57427610397339,True,True
2014-07-31 00:00:00+00:00,33.64756774902344,31.583823528289795,True,True
2014-08-01 00:00:00+00:00,33.83186721801758,31.589432468414305,True,True
2014-08-04 00:00:00+00:00,34.14667892456055,31.59754846572876,True,True
2014-08-05 00:00:00+00:00,33.624542236328125,31.60595500946045,True,True
2014-08-06 00:00:00+00:00,33.39418029785156,31.610731620788574,True,True
2014-08-07 00:00:00+00:00,33.26365280151367,31.614205379486084,True,True
2014-08-08 00:00:00+00:00,33.563106536865234,31.61729076385498,True,True
2014-08-11 00:00:00+00:00,33.99310302734375,31.62028797149658,True,True
2014-08-12 00:00:00+00:00,34.03150177001953,31.629285640716553,True,True
2014-08-13 00:00:00+00:00,34.21577835083008,31.63881507873535,True,True
2014-08-14 00:00:00+00:00,34.2695426940918,31.648510818481444,True,True
2014-08-15 00:00:00+00:00,34.17739486694336,31.657531681060792,True,True
2014-08-18 00:00:00+00:00,34.50757598876953,31.665563297271728,True,True
2014-08-19 00:00:00+00:00,34.6688346862793,31.676151828765867,True,True
2014-08-20 00:00:00+00:00,34.59972381591797,31.68920764923096,True,True
2014-08-21 00:00:00+00:00,34.453826904296875,31.70184244155884,True,True
2014-08-22 00:00:00+00:00,34.36168670654297,31.712766189575195,True,True
2014-08-25 00:00:00+00:00,34.615081787109375,31.72647582054138,True,True
2014-08-26 00:00:00+00:00,34.8223991394043,31.740961656570434,True,True
2014-08-27 00:00:00+00:00,34.99900817871094,31.75935315132141,True,True
2014-08-28 00:00:00+00:00,34.653465270996094,31.778967418670653,True,True
2014-08-29 00:00:00+00:00,34.59972381591797,31.797646713256835,True,True
2014-09-02 00:00:00+00:00,34.54597854614258,31.816887798309327,True,True
2014-09-03 00:00:00+00:00,34.99900817871094,31.83559591293335,True,True
2014-09-04 00:00:00+00:00,34.906864166259766,31.85407769203186,True,True
2014-09-05 00:00:00+00:00,35.206329345703125,31.869116458892822,True,True
2014-09-08 00:00:00+00:00,34.79168701171875,31.88421802520752,True,True
2014-09-09 00:00:00+00:00,34.36168670654297,31.898227910995484,True,True
2014-09-10 00:00:00+00:00,34.21577835083008,31.912277307510376,True,True
2014-09-11 00:00:00+00:00,33.98543167114258,31.925748176574707,True,True
2014-09-12 00:00:00+00:00,33.624542236328125,31.936934785842894,True,True
2014-09-15 00:00:00+00:00,33.455604553222656,31.948355464935304,True,True
2014-09-16 00:00:00+00:00,33.8932991027832,31.958402938842774,True,True
2014-09-17 00:00:00+00:00,33.57847213745117,31.969619617462158,True,True
2014-09-18 00:00:00+00:00,33.624542236328125,31.977638912200927,True,True
2014-09-19 00:00:00+00:00,33.37114715576172,31.989248361587524,True,True
2014-09-22 00:00:00+00:00,32.86436080932617,32.00011936187744,True,True
2014-09-23 00:00:00+00:00,32.680076599121094,32.008645133972166,True,True
2014-09-24 00:00:00+00:00,33.14847183227539,32.01715554237366,True,True
2014-09-25 00:00:00+00:00,32.42668533325195,32.02457255363464,True,True
2014-09-26 00:00:00+00:00,32.57258224487305,32.028154134750366,True,True
2014-09-29 00:00:00+00:00,31.91221809387207,32.03238971710205,False,True
2014-09-30 00:00:00+00:00,31.91221809387207,32.03683426856995,False,False
2014-10-01 00:00:00+00:00,31.259536743164062,32.042184829711914,False,False
2014-10-02 00:00:00+00:00,31.42845916748047,32.04389448165894,False,False
2014-10-03 00:00:00+00:00,31.697206497192383,32.04542949676514,False,False
2014-10-06 00:00:00+00:00,32.11186218261719,32.049667282104494,True,False
2014-10-07 00:00:00+00:00,31.827749252319336,32.052908201217654,False,True
2014-10-08 00:00:00+00:00,32.3038330078125,32.05762348175049,True,False
2014-10-09 00:00:00+00:00,31.79703712463379,32.064947681427,False,True
2014-10-10 00:00:00+00:00,31.105960845947266,32.0685952091217,False,False
2014-10-13 00:00:00+00:00,31.4207820892334,32.06787317276001,False,False
2014-10-14 00:00:00+00:00,31.605072021484375,32.07005841255188,False,False
2014-10-15 00:00:00+00:00,31.205785751342773,32.07076538085938,False,False
2014-10-16 00:00:00+00:00,30.921676635742188,32.06879019737244,False,False
2014-10-17 00:00:00+00:00,31.267213821411133,32.064175567626954,False,False
2014-10-20 00:00:00+00:00,31.359357833862305,32.06742135047912,False,False
2014-10-21 00:00:00+00:00,31.48988914489746,32.071394510269165,False,False
2014-10-22 00:00:00+00:00,31.282562255859375,32.07746780395508,False,False
2014-10-23 00:00:00+00:00,31.2748966217041,32.081856927871705,False,False
2014-10-24 00:00:00+00:00,31.497570037841797,32.08670289993286,False,False
2014-10-27 00:00:00+00:00,31.25185775756836,32.09346218109131,False,False
2014-10-28 00:00:00+00:00,31.881511688232422,32.096326484680176,False,False
2014-10-29 00:00:00+00:00,31.927574157714844,32.10416743278503,False,False
2014-10-30 00:00:00+00:00,32.2270393371582,32.11060076713562,True,False
2014-10-31 00:00:00+00:00,32.36525344848633,32.11856953620911,True,True
2014-11-03 00:00:00+00:00,32.09650421142578,32.128067359924316,False,True
2014-11-04 00:00:00+00:00,32.12721252441406,32.13698327064514,False,False
2014-11-05 00:00:00+00:00,31.843107223510742,32.14628129959107,False,False
2014-11-06 00:00:00+00:00,31.45149803161621,32.15213995933533,False,False
2014-11-07 00:00:00+00:00,31.65114402770996,32.159811630249024,False,False
2014-11-10 00:00:00+00:00,31.73560333251953,32.17240494728088,False,False
2014-11-11 00:00:00+00:00,31.70489501953125,32.18599192619324,False,False
2014-11-12 00:00:00+00:00,31.643468856811523,32.19851118087769,False,False
2014-11-13 00:00:00+00:00,31.55899429321289,32.21281834602356,False,False
2014-11-14 00:00:00+00:00,31.820066452026367,32.2253699016571,False,False
2014-11-17 00:00:00+00:00,31.482221603393555,32.23899826049805,False,False
2014-11-18 00:00:00+00:00,31.65114402770996,32.25505130767822,False,False
2014-11-19 00:00:00+00:00,31.635786056518555,32.269092102050784,False,False
2014-11-20 00:00:00+00:00,31.582040786743164,32.28358941078186,False,False
2014-11-21 00:00:00+00:00,32.58791732788086,32.29480876922607,True,False
2014-11-24 00:00:00+00:00,32.31917953491211,32.31021945953369,True,True
2014-11-25 00:00:00+00:00,32.11186218261719,32.325924406051634,False,True
2014-11-26 00:00:00+00:00,32.518821716308594,32.33743117332458,True,False
2014-11-28 00:00:00+00:00,31.866140365600586,32.35093462944031,False,True
2014-12-01 00:00:00+00:00,31.320955276489258,32.361022319793705,False,False
2014-12-02 00:00:00+00:00,31.313278198242188,32.36655567169189,False,False
2014-12-03 00:00:00+00:00,31.397756576538086,32.373460035324094,False,False
2014-12-04 00:00:00+00:00,31.45149803161621,32.38181525230408,False,False
2014-12-05 00:00:00+00:00,31.39007568359375,32.38990592002869,False,False
2014-12-08 00:00:00+00:00,30.92936134338379,32.39666095733642,False,False
2014-12-09 00:00:00+00:00,30.6375675201416,32.401112422943115,False,False
2014-12-10 00:00:00+00:00,30.184532165527344,32.40581910133362,False,False
2014-12-11 00:00:00+00:00,29.931135177612305,32.40814633369446,False,False
2014-12-12 00:00:00+00:00,29.439716339111328,32.40638775825501,False,False
2014-12-15 00:00:00+00:00,29.017385482788086,32.40320053100586,False,False
2014-12-16 00:00:00+00:00,28.971317291259766,32.40056812286377,False,False
2014-12-17 00:00:00+00:00,29.637283325195312,32.39519129753113,False,False
2014-12-18 00:00:00+00:00,30.042306900024414,32.3930300617218,False,False
2014-12-19 00:00:00+00:00,30.252607345581055,32.390760822296144,False,False
2014-12-22 00:00:00+00:00,30.6732177734375,32.391485710144046,False,False
2014-12-23 00:00:00+00:00,30.392822265625,32.39534210205078,False,False
2014-12-24 00:00:00+00:00,30.462921142578125,32.399472608566285,False,False
2014-12-26 00:00:00+00:00,30.704376220703125,32.40364883422851,False,False
2014-12-29 00:00:00+00:00,30.51744270324707,32.41169874191284,False,False
2014-12-30 00:00:00+00:00,30.579750061035156,32.41801406860352,False,False
2014-12-31 00:00:00+00:00,30.603124618530273,32.422850646972655,False,False
2015-01-02 00:00:00+00:00,30.198091506958008,32.42574715614319,False,False
2015-01-05 00:00:00+00:00,29.660646438598633,32.42981821060181,False,False
2015-01-06 00:00:00+00:00,29.536022186279297,32.430554447174075,False,False
2015-01-07 00:00:00+00:00,30.17472267150879,32.429753398895265,False,False
2015-01-08 00:00:00+00:00,30.688796997070312,32.43069836616516,False,False
2015-01-09 00:00:00+00:00,30.587541580200195,32.43249954223633,False,False
2015-01-12 00:00:00+00:00,30.338293075561523,32.433451642990114,False,False
2015-01-13 00:00:00+00:00,30.603124618530273,32.43117673873901,False,False
2015-01-14 00:00:00+00:00,30.431758880615234,32.429007072448734,False,False
2015-01-15 00:00:00+00:00,30.501863479614258,32.424952058792115,False,False
2015-01-16 00:00:00+00:00,30.758899688720703,32.41941917419434,False,False
2015-01-20 00:00:00+00:00,30.712160110473633,32.41486675262451,False,False
2015-01-21 00:00:00+00:00,31.38981056213379,32.41069006919861,False,False
2015-01-22 00:00:00+00:00,31.989574432373047,32.41032073020935,False,False
2015-01-23 00:00:00+00:00,31.748109817504883,32.41226449012756,False,False
2015-01-26 00:00:00+00:00,31.763673782348633,32.411172580719,False,False
2015-01-27 00:00:00+00:00,31.592334747314453,32.40893954277038,False,False
2015-01-28 00:00:00+00:00,31.249610900878906,32.4075639629364,False,False
2015-01-29 00:00:00+00:00,31.249610900878906,32.40447476387024,False,False
2015-01-30 00:00:00+00:00,30.392822265625,32.40172833442688,False,False
2015-02-02 00:00:00+00:00,30.938045501708984,32.397097749710085,False,False
2015-02-03 00:00:00+00:00,31.522220611572266,32.3932125377655,False,False
2015-02-04 00:00:00+00:00,31.3664493560791,32.39080069541931,False,False
2015-02-05 00:00:00+00:00,31.553375244140625,32.38860038757324,False,False
2015-02-06 00:00:00+00:00,31.015933990478516,32.38775370597839,False,False
2015-02-09 00:00:00+00:00,30.969205856323242,32.38536257743836,False,False
2015-02-10 00:00:00+00:00,30.891311645507812,32.38258543014526,False,False
2015-02-11 00:00:00+00:00,30.665422439575195,32.38155194282532,False,False
2015-02-12 00:00:00+00:00,31.319704055786133,32.37862721443176,False,False
2015-02-13 00:00:00+00:00,31.677997589111328,32.37748825073242,False,False
2015-02-17 00:00:00+00:00,31.6079044342041,32.37844549179077,False,False
2015-02-18 00:00:00+00:00,31.60012435913086,32.378861837387085,False,False
2015-02-19 00:00:00+00:00,31.46769142150879,32.37836318969727,False,False
2015-02-20 00:00:00+00:00,31.677997589111328,32.3780784702301,False,False
2015-02-23 00:00:00+00:00,31.35865020751953,32.37812153816223,False,False
2015-02-24 00:00:00+00:00,31.81041717529297,32.37572987556457,False,False
2015-02-25 00:00:00+00:00,31.748109817504883,32.37597794532776,False,False
2015-02-26 00:00:00+00:00,31.755895614624023,32.37618112564087,False,False
2015-02-27 00:00:00+00:00,31.73253059387207,32.37375681877136,False,False
2015-03-02 00:00:00+00:00,31.685802459716797,32.37060621261597,False,False
2015-03-03 00:00:00+00:00,31.4443359375,32.3660792350769,False,False
2015-03-04 00:00:00+00:00,31.101619720458984,32.36186855316162,False,False
2015-03-05 00:00:00+00:00,31.054882049560547,32.35381116867065,False,False
2015-03-06 00:00:00+00:00,30.579750061035156,32.345520095825194,False,False
2015-03-09 00:00:00+00:00,30.462921142578125,32.33618654251099,False,False
2015-03-10 00:00:00+00:00,29.78526496887207,32.32501184463501,False,False
2015-03-11 00:00:00+00:00,30.011144638061523,32.3093061542511,False,False
2015-03-12 00:00:00+00:00,30.198091506958008,32.2950345993042,False,False
2015-03-13 00:00:00+00:00,29.832002639770508,32.283107118606566,False,False
2015-03-16 00:00:00+00:00,30.19029998779297,32.26839693069458,False,False
2015-03-17 00:00:00+00:00,30.540802001953125,32.25502115249634,False,False
2015-03-18 00:00:00+00:00,31.288555145263672,32.24564527511597,False,False
2015-03-19 00:00:00+00:00,30.758899688720703,32.23951293945313,False,False
2015-03-20 00:00:00+00:00,31.218456268310547,32.22981813430786,False,False
2015-03-23 00:00:00+00:00,31.311920166015625,32.22333530426025,False,False
2015-03-24 00:00:00+00:00,31.436540603637695,32.21560571670532,False,False
2015-03-25 00:00:00+00:00,30.938045501708984,32.20686121940613,False,False
2015-03-26 00:00:00+00:00,30.64984703063965,32.19501486778259,False,False
2015-03-27 00:00:00+00:00,30.73553466796875,32.18085138320923,False,False
2015-03-30 00:00:00+00:00,31.32750129699707,32.16768772125244,False,False
2015-03-31 00:00:00+00:00,31.257400512695312,32.15828377723694,False,False
2015-04-01 00:00:00+00:00,31.646848678588867,32.14845316886902,False,False
2015-04-02 00:00:00+00:00,32.121978759765625,32.14133159637451,False,False
2015-04-06 00:00:00+00:00,32.5347900390625,32.136547622680666,True,False
2015-04-07 00:00:00+00:00,32.37123107910156,32.13199932098389,True,True
2015-04-08 00:00:00+00:00,33.048885345458984,32.12758548736572,True,True
2015-04-09 00:00:00+00:00,33.37601852416992,32.126902713775635,True,True
2015-04-10 00:00:00+00:00,33.39937973022461,32.12819845199585,True,True
2015-04-13 00:00:00+00:00,33.20465850830078,32.12968719482422,True,True
2015-04-14 00:00:00+00:00,33.35264587402344,32.1298529624939,True,True
2015-04-15 00:00:00+00:00,33.586307525634766,32.13056673049927,True,True
2015-04-16 00:00:00+00:00,33.85114288330078,32.13206481933594,True,True
2015-04-17 00:00:00+00:00,33.259178161621094,32.135347843170166,True,True
2015-04-20 00:00:00+00:00,33.22802734375,32.13409685134888,True,True
2015-04-21 00:00:00+00:00,33.4227409362793,32.131691989898684,True,True
2015-04-22 00:00:00+00:00,33.78104782104492,32.12926244735718,True,True
2015-04-23 00:00:00+00:00,34.03028869628906,32.12873964309692,True,True
2015-04-24 00:00:00+00:00,34.15492248535156,32.130230884552,True,True
2015-04-27 00:00:00+00:00,34.28732681274414,32.1313854598999,True,True
2015-04-28 00:00:00+00:00,34.34185791015625,32.13412349700928,True,True
2015-04-29 00:00:00+00:00,33.91346740722656,32.13732616424561,True,True
2015-04-30 00:00:00+00:00,33.39937973022461,32.13708150863648,True,True
2015-05-01 00:00:00+00:00,33.601890563964844,32.13438158035278,True,True
2015-05-04 00:00:00+00:00,33.7966194152832,32.132271900177,True,True
2015-05-05 00:00:00+00:00,33.430538177490234,32.13432249069214,True,True
2015-05-06 00:00:00+00:00,33.01772689819336,32.131931934356686,True,True
2015-05-07 00:00:00+00:00,32.97098159790039,32.12690143585205,True,True
2015-05-08 00:00:00+00:00,33.391597747802734,32.1200630569458,True,True
2015-05-11 00:00:00+00:00,33.072242736816406,32.115174293518066,True,True
2015-05-12 00:00:00+00:00,32.963199615478516,32.10792085647583,True,True
2015-05-13 00:00:00+00:00,33.02550506591797,32.100813217163086,True,True
2015-05-14 00:00:00+00:00,33.35264587402344,32.092826957702634,True,True
2015-05-15 00:00:00+00:00,33.609683990478516,32.087513008117675,True,True
2015-05-18 00:00:00+00:00,33.266963958740234,32.08432891845703,True,True
2015-05-19 00:00:00+00:00,33.321495056152344,32.082425899505616,True,True
2015-05-20 00:00:00+00:00,33.298118591308594,32.07987403869629,True,True
2015-05-21 00:00:00+00:00,33.18128204345703,32.07563123703003,True,True
2015-05-22 00:00:00+00:00,33.29033660888672,32.073414936065674,True,True
2015-05-26 00:00:00+00:00,32.760684967041016,32.07289571762085,True,True
2015-05-27 00:00:00+00:00,32.76846694946289,32.07038087844849,True,True
2015-05-28 00:00:00+00:00,32.3400764465332,32.066407680511475,True,True
2015-05-29 00:00:00+00:00,32.02851486206055,32.058142547607424,False,True
2015-06-01 00:00:00+00:00,31.903888702392578,32.04812761306763,False,False
2015-06-02 00:00:00+00:00,32.02851486206055,32.03656816482544,False,False
2015-06-03 00:00:00+00:00,31.864952087402344,32.025363025665285,False,False
2015-06-04 00:00:00+00:00,31.38202667236328,32.01380081176758,False,False
2015-06-05 00:00:00+00:00,31.241819381713867,31.998173065185547,False,False
2015-06-08 00:00:00+00:00,31.234024047851562,31.98103798866272,False,False
2015-06-09 00:00:00+00:00,31.047096252441406,31.964209489822387,False,False
2015-06-10 00:00:00+00:00,31.498859405517578,31.94717583656311,False,False
2015-06-11 00:00:00+00:00,31.343076705932617,31.932861700057984,False,False
2015-06-12 00:00:00+00:00,31.343076705932617,31.9165016746521,False,False
2015-06-15 00:00:00+00:00,30.992570877075195,31.89910506248474,False,False
2015-06-16 00:00:00+00:00,31.00035858154297,31.87907287597656,False,False
2015-06-17 00:00:00+00:00,31.187294006347656,31.8608073425293,False,False
2015-06-18 00:00:00+00:00,31.47549057006836,31.843745193481446,False,False
2015-06-19 00:00:00+00:00,31.2028751373291,31.828392753601076,False,False
2015-06-22 00:00:00+00:00,31.654638290405273,31.809412088394165,False,False
2015-06-23 00:00:00+00:00,31.96619987487793,31.79315095901489,True,False
2015-06-24 00:00:00+00:00,31.74031639099121,31.776950311660766,False,True
2015-06-25 00:00:00+00:00,31.63124656677246,31.76169345855713,False,False
2015-06-26 00:00:00+00:00,31.33306121826172,31.748041257858276,False,False
2015-06-29 00:00:00+00:00,30.634679794311523,31.733627672195436,False,False
2015-06-30 00:00:00+00:00,31.08979606628418,31.71687391281128,False,False
2015-07-01 00:00:00+00:00,31.066261291503906,31.70420018196106,False,False
2015-07-02 00:00:00+00:00,31.215356826782227,31.692253465652467,False,False
2015-07-06 00:00:00+00:00,30.344337463378906,31.67886375427246,False,False
2015-07-07 00:00:00+00:00,29.889204025268555,31.6626930809021,False,False
2015-07-08 00:00:00+00:00,28.861255645751953,31.6440163898468,False,False
2015-07-09 00:00:00+00:00,29.418386459350586,31.62146693229675,False,False
2015-07-10 00:00:00+00:00,30.16385841369629,31.604237060546875,False,False
2015-07-13 00:00:00+00:00,30.367881774902344,31.59165596961975,False,False
2015-07-14 00:00:00+00:00,30.422809600830078,31.577753019332885,False,False
2015-07-15 00:00:00+00:00,30.077531814575195,31.567733640670777,False,False
2015-07-16 00:00:00+00:00,30.454198837280273,31.555258388519288,False,False
2015-07-17 00:00:00+00:00,30.414958953857422,31.547968292236327,False,False
2015-07-20 00:00:00+00:00,30.21878433227539,31.540481996536254,False,False
2015-07-21 00:00:00+00:00,30.226627349853516,31.53527823448181,False,False
2015-07-22 00:00:00+00:00,29.7950439453125,31.529269075393678,False,False
2015-07-23 00:00:00+00:00,29.50470733642578,31.519758262634276,False,False
2015-07-24 00:00:00+00:00,29.08097267150879,31.50672248840332,False,False
2015-07-27 00:00:00+00:00,28.53168296813965,31.492988605499267,False,False
2015-07-28 00:00:00+00:00,28.822017669677734,31.474127855300903,False,False
2015-07-29 00:00:00+00:00,29.10451316833496,31.459252758026125,False,False
2015-07-30 00:00:00+00:00,28.81416893005371,31.449245519638062,False,False
2015-07-31 00:00:00+00:00,29.128055572509766,31.436212453842163,False,False
2015-08-03 00:00:00+00:00,28.64153289794922,31.42382737159729,False,False
2015-08-04 00:00:00+00:00,28.743553161621094,31.411006107330323,False,False
2015-08-05 00:00:00+00:00,28.751399993896484,31.400115489959717,False,False
2015-08-06 00:00:00+00:00,28.500289916992188,31.387536420822144,False,False
2015-08-07 00:00:00+00:00,28.48459815979004,31.373241081237794,False,False
2015-08-10 00:00:00+00:00,28.963272094726562,31.358214626312257,False,False
2015-08-11 00:00:00+00:00,28.32766342163086,31.346618175506592,False,False
2015-08-12 00:00:00+00:00,27.888225555419922,31.331882009506227,False,False
2015-08-13 00:00:00+00:00,27.84114646911621,31.313835287094115,False,False
2015-08-14 00:00:00+00:00,27.88037872314453,31.296781730651855,False,False
2015-08-17 00:00:00+00:00,27.5743465423584,31.276776065826414,False,False
2015-08-18 00:00:00+00:00,27.27616310119629,31.255009927749633,False,False
2015-08-19 00:00:00+00:00,26.93874168395996,31.230255546569825,False,False
2015-08-20 00:00:00+00:00,26.514999389648438,31.203122987747193,False,False
2015-08-21 00:00:00+00:00,25.698915481567383,31.175215463638306,False,False
2015-08-24 00:00:00+00:00,24.576791763305664,31.143073978424074,False,False
2015-08-25 00:00:00+00:00,24.890676498413086,31.106742401123046,False,False
2015-08-26 00:00:00+00:00,25.71460723876953,31.073938293457033,False,False
2015-08-27 00:00:00+00:00,26.8524227142334,31.04425560951233,False,False
2015-08-28 00:00:00+00:00,26.507158279418945,31.0198397064209,False,False
2015-08-31 00:00:00+00:00,26.554237365722656,30.993851022720335,False,False
2015-09-01 00:00:00+00:00,25.526281356811523,30.968404865264894,False,False
2015-09-02 00:00:00+00:00,25.89508628845215,30.938241300582884,False,False
2015-09-03 00:00:00+00:00,25.997095108032227,30.908616399765016,False,False
2015-09-04 00:00:00+00:00,25.220245361328125,30.881190767288206,False,False
2015-09-08 00:00:00+00:00,26.02064323425293,30.849036273956298,False,False
2015-09-09 00:00:00+00:00,25.887248992919922,30.82096055984497,False,False
2015-09-10 00:00:00+00:00,26.15404510498047,30.792486600875854,False,False
2015-09-11 00:00:00+00:00,26.25604820251465,30.760317239761353,False,False
2015-09-14 00:00:00+00:00,26.216815948486328,30.730001583099366,False,False
2015-09-15 00:00:00+00:00,26.46792221069336,30.700526351928712,False,False
2015-09-16 00:00:00+00:00,27.111373901367188,30.670271854400635,False,False
2015-09-17 00:00:00+00:00,27.04859733581543,30.646498022079466,False,False
2015-09-18 00:00:00+00:00,26.54639434814453,30.6251362323761,False,False
2015-09-21 00:00:00+00:00,26.49930763244629,30.60130181312561,False,False
2015-09-22 00:00:00+00:00,26.004945755004883,30.576809568405153,False,False
2015-09-23 00:00:00+00:00,25.589059829711914,30.549576807022095,False,False
2015-09-24 00:00:00+00:00,25.479198455810547,30.520571727752685,False,False
2015-09-25 00:00:00+00:00,25.424274444580078,30.493320913314818,False,False
2015-09-28 00:00:00+00:00,24.88282585144043,30.467254447937012,False,False
2015-09-29 00:00:00+00:00,25.000530242919922,30.440745916366577,False,False
2015-09-30 00:00:00+00:00,25.722450256347656,30.416092891693115,False,False
2015-10-01 00:00:00+00:00,25.86370277404785,30.397506561279297,False,False
2015-10-02 00:00:00+00:00,26.554237365722656,30.381738147735597,False,False
2015-10-05 00:00:00+00:00,27.12706756591797,30.36965274810791,False,False
2015-10-06 00:00:00+00:00,27.079984664916992,30.357101669311522,False,False
2015-10-07 00:00:00+00:00,27.801910400390625,30.342290058135987,False,False
2015-10-08 00:00:00+00:00,28.100101470947266,30.330036573410034,False,False
2015-10-09 00:00:00+00:00,28.202104568481445,30.317170991897584,False,False
2015-10-12 00:00:00+00:00,27.990238189697266,30.306217403411864,False,False
2015-10-13 00:00:00+00:00,27.535110473632812,30.29385398864746,False,False
2015-10-14 00:00:00+00:00,27.746984481811523,30.27800765991211,False,False
2015-10-15 00:00:00+00:00,28.421825408935547,30.264155368804932,False,False
2015-10-16 00:00:00+00:00,28.44536781311035,30.253365745544432,False,False
2015-10-19 00:00:00+00:00,28.15502166748047,30.242576961517333,False,False
2015-10-20 00:00:00+00:00,28.14717674255371,30.232361612319945,False,False
2015-10-21 00:00:00+00:00,27.7391300201416,30.224794263839723,False,False
2015-10-22 00:00:00+00:00,28.311967849731445,30.215809803009034,False,False
2015-10-23 00:00:00+00:00,28.476755142211914,30.206496028900148,False,False
2015-10-26 00:00:00+00:00,28.217796325683594,30.195435819625853,False,False
2015-10-27 00:00:00+00:00,27.89607810974121,30.18358709335327,False,False
2015-10-28 00:00:00+00:00,27.5743465423584,30.17137601852417,False,False
2015-10-29 00:00:00+00:00,27.315401077270508,30.156232128143312,False,False
2015-10-30 00:00:00+00:00,27.362476348876953,30.140650339126587,False,False
2015-11-02 00:00:00+00:00,27.903926849365234,30.1249534034729,False,False
2015-11-03 00:00:00+00:00,28.272727966308594,30.110678539276122,False,False
2015-11-04 00:00:00+00:00,28.045169830322266,30.0984813785553,False,False
2015-11-05 00:00:00+00:00,28.092248916625977,30.08175817489624,False,False
2015-11-06 00:00:00+00:00,27.69989585876465,30.062271547317504,False,False
2015-11-09 00:00:00+00:00,27.00936508178711,30.042030477523802,False,False
2015-11-10 00:00:00+00:00,26.891660690307617,30.018258934020995,False,False
2015-11-11 00:00:00+00:00,26.94658088684082,29.99475556373596,False,False
2015-11-12 00:00:00+00:00,26.687633514404297,29.97324041366577,False,False
2015-11-13 00:00:00+00:00,26.318828582763672,29.9504305267334,False,False
2015-11-16 00:00:00+00:00,26.82888412475586,29.93006055831909,False,False
2015-11-17 00:00:00+00:00,26.75041389465332,29.909514751434326,False,False
2015-11-18 00:00:00+00:00,27.040752410888672,29.88565571784973,False,False
2015-11-19 00:00:00+00:00,27.284008026123047,29.864027233123778,False,False
2015-11-20 00:00:00+00:00,27.558652877807617,29.842680397033693,False,False
2015-11-23 00:00:00+00:00,27.29970932006836,29.825393991470335,False,False
2015-11-24 00:00:00+00:00,27.440948486328125,29.807046508789064,False,False
2015-11-25 00:00:00+00:00,27.229074478149414,29.789794692993166,False,False
2015-11-27 00:00:00+00:00,26.632705688476562,29.772612953186034,False,False
2015-11-30 00:00:00+00:00,26.671939849853516,29.74917796134949,False,False
2015-12-01 00:00:00+00:00,26.875961303710938,29.7241476726532,False,False
2015-12-02 00:00:00+00:00,26.554237365722656,29.700487957000732,False,False
2015-12-03 00:00:00+00:00,26.40514373779297,29.67525852203369,False,False
2015-12-04 00:00:00+00:00,26.585630416870117,29.649945783615113,False,False
2015-12-07 00:00:00+00:00,26.146196365356445,29.624483947753905,False,False
2015-12-08 00:00:00+00:00,25.85585594177246,29.59842167854309,False,False
2015-12-09 00:00:00+00:00,25.64398193359375,29.568648872375487,False,False
2015-12-10 00:00:00+00:00,25.471349716186523,29.538128232955934,False,False
2015-12-11 00:00:00+00:00,24.75727653503418,29.506705503463746,False,False
2015-12-14 00:00:00+00:00,25.157470703125,29.471829233169554,False,False
2015-12-15 00:00:00+00:00,25.541973114013672,29.439187574386597,False,False
2015-12-16 00:00:00+00:00,26.0441837310791,29.409675760269167,False,False
2015-12-17 00:00:00+00:00,25.706758499145508,29.384388580322266,False,False
2015-12-18 00:00:00+00:00,25.62044334411621,29.35764796257019,False,False
2015-12-21 00:00:00+00:00,25.820476531982422,29.332851428985595,False,False
2015-12-22 00:00:00+00:00,26.027671813964844,29.309639205932616,False,False
2015-12-23 00:00:00+00:00,26.394262313842773,29.29085124015808,False,False
2015-12-24 00:00:00+00:00,26.298629760742188,29.272766828536987,False,False
2015-12-28 00:00:00+00:00,26.115341186523438,29.253269519805908,False,False
2015-12-29 00:00:00+00:00,26.139245986938477,29.23468621253967,False,False
2015-12-30 00:00:00+00:00,25.732810974121094,29.2144309425354,False,False
2015-12-31 00:00:00+00:00,25.65311622619629,29.190390987396242,False,False
2016-01-04 00:00:00+00:00,24.95182228088379,29.1622137928009,False,False
2016-01-05 00:00:00+00:00,25.00760269165039,29.13317840576172,False,False
2016-01-06 00:00:00+00:00,24.529455184936523,29.10212413787842,False,False
2016-01-07 00:00:00+00:00,23.772371292114258,29.068211812973022,False,False
2016-01-08 00:00:00+00:00,23.517349243164062,29.029890966415405,False,False
2016-01-11 00:00:00+00:00,23.509380340576172,28.99278748512268,False,False
2016-01-12 00:00:00+00:00,23.55719757080078,28.957085151672363,False,False
2016-01-13 00:00:00+00:00,23.310148239135742,28.921193466186523,False,False
2016-01-14 00:00:00+00:00,23.612979888916016,28.881106700897217,False,False
2016-01-15 00:00:00+00:00,22.680574417114258,28.84288459777832,False,False
2016-01-19 00:00:00+00:00,23.015287399291992,28.798053226470948,False,False
2016-01-20 00:00:00+00:00,22.513221740722656,28.75251976966858,False,False
2016-01-21 00:00:00+00:00,22.600881576538086,28.70241192817688,False,False
2016-01-22 00:00:00+00:00,23.373899459838867,28.653560180664062,False,False
2016-01-25 00:00:00+00:00,22.97544288635254,28.605185251235962,False,False
2016-01-26 00:00:00+00:00,23.310148239135742,28.553182373046877,False,False
2016-01-27 00:00:00+00:00,23.23045539855957,28.50273621559143,False,False
2016-01-28 00:00:00+00:00,23.597043991088867,28.452865200042723,False,False
2016-01-29 00:00:00+00:00,24.362096786499023,28.40408719062805,False,False
2016-02-01 00:00:00+00:00,24.130983352661133,28.357966136932372,False,False
2016-02-02 00:00:00+00:00,23.34999656677246,28.309365339279175,False,False
2016-02-03 00:00:00+00:00,24.011445999145508,28.259819431304933,False,False
2016-02-04 00:00:00+00:00,24.194740295410156,28.213736524581908,False,False
2016-02-05 00:00:00+00:00,23.915817260742188,28.167596521377565,False,False
2016-02-08 00:00:00+00:00,23.589075088500977,28.11827036857605,False,False
2016-02-09 00:00:00+00:00,23.2623348236084,28.06606430053711,False,False
2016-02-10 00:00:00+00:00,23.357967376708984,28.011601362228394,False,False
2016-02-11 00:00:00+00:00,22.967470169067383,27.956954565048218,False,False
2016-02-12 00:00:00+00:00,23.365936279296875,27.900082626342773,False,False
2016-02-16 00:00:00+00:00,23.88393783569336,27.847344970703126,False,False
2016-02-17 00:00:00+00:00,24.354122161865234,27.79976776123047,False,False
2016-02-18 00:00:00+00:00,24.21068000793457,27.75352891921997,False,False
2016-02-19 00:00:00+00:00,24.099111557006836,27.705599222183228,False,False
2016-02-22 00:00:00+00:00,24.696807861328125,27.65894208908081,False,False
2016-02-23 00:00:00+00:00,24.170833587646484,27.617337493896486,False,False
2016-02-24 00:00:00+00:00,24.115049362182617,27.573336753845215,False,False
2016-02-25 00:00:00+00:00,24.194740295410156,27.526954011917113,False,False
2016-02-26 00:00:00+00:00,23.95566177368164,27.48256649971008,False,False
2016-02-29 00:00:00+00:00,24.162860870361328,27.4375288105011,False,False
2016-03-01 00:00:00+00:00,25.02354621887207,27.393215589523315,False,False
2016-03-02 00:00:00+00:00,25.358257293701172,27.35157009124756,False,False
2016-03-03 00:00:00+00:00,25.64514923095703,27.31031295776367,False,False
2016-03-04 00:00:00+00:00,26.155183792114258,27.272203884124757,False,False
2016-03-07 00:00:00+00:00,26.115341186523438,27.236372327804567,False,False
2016-03-08 00:00:00+00:00,25.66905975341797,27.20045844078064,False,False
2016-03-09 00:00:00+00:00,25.828447341918945,27.162897329330445,False,False
2016-03-10 00:00:00+00:00,25.868289947509766,27.125587882995607,False,False
2016-03-11 00:00:00+00:00,26.410200119018555,27.09112590789795,False,False
2016-03-14 00:00:00+00:00,26.25081443786621,27.059334573745726,False,False
2016-03-15 00:00:00+00:00,25.876253128051758,27.02888826370239,False,False
2016-03-16 00:00:00+00:00,26.394262313842773,26.998126955032347,False,False
2016-03-17 00:00:00+00:00,26.976016998291016,26.9705788230896,True,False
2016-03-18 00:00:00+00:00,27.119462966918945,26.94531633377075,True,True
2016-03-21 00:00:00+00:00,27.175249099731445,26.921588888168333,True,True
2016-03-22 00:00:00+00:00,27.11150360107422,26.900555000305175,True,True
2016-03-23 00:00:00+00:00,26.649280548095703,26.879903421401977,False,True
2016-03-24 00:00:00+00:00,26.585527420043945,26.8569797039032,False,False
2016-03-28 00:00:00+00:00,26.673189163208008,26.83467185974121,False,False
2016-03-29 00:00:00+00:00,27.039775848388672,26.810543508529662,True,False
2016-03-30 00:00:00+00:00,27.31869888305664,26.789027004241944,True,True
2016-03-31 00:00:00+00:00,27.29479217529297,26.768905115127563,True,True
2016-04-01 00:00:00+00:00,27.21510124206543,26.750416221618654,True,True
2016-04-04 00:00:00+00:00,26.888362884521484,26.731489934921264,True,True
2016-04-05 00:00:00+00:00,26.36238670349121,26.709995279312135,False,True
2016-04-06 00:00:00+00:00,26.6811580657959,26.68442975997925,False,False
2016-04-07 00:00:00+00:00,26.147216796875,26.661821174621583,False,False
2016-04-08 00:00:00+00:00,26.601469039916992,26.63428406715393,False,False
2016-04-11 00:00:00+00:00,26.94414520263672,26.607460412979126,True,False
2016-04-12 00:00:00+00:00,27.35854721069336,26.583479557037354,True,True
2016-04-13 00:00:00+00:00,27.844669342041016,26.562116060256958,True,True
2016-04-14 00:00:00+00:00,27.709192276000977,26.544674100875856,True,True
2016-04-15 00:00:00+00:00,27.549806594848633,26.530046663284303,True,True
2016-04-18 00:00:00+00:00,27.67732048034668,26.512346715927123,True,True
2016-04-19 00:00:00+00:00,28.099685668945312,26.495402011871338,True,True
2016-04-20 00:00:00+00:00,27.972179412841797,26.479823656082154,True,True
2016-04-21 00:00:00+00:00,27.693260192871094,26.467962865829467,True,True
2016-04-22 00:00:00+00:00,27.52589988708496,26.45698314666748,True,True
2016-04-25 00:00:00+00:00,27.350574493408203,26.450306367874145,True,True
2016-04-26 00:00:00+00:00,27.645437240600586,26.439967308044434,True,True
2016-04-27 00:00:00+00:00,27.81279754638672,26.427375202178954,True,True
2016-04-28 00:00:00+00:00,27.52589988708496,26.414599781036376,True,True
2016-04-29 00:00:00+00:00,27.406356811523438,26.400115232467652,True,True
2016-05-02 00:00:00+00:00,27.334630966186523,26.38675935745239,True,True
2016-05-03 00:00:00+00:00,26.561620712280273,26.371161518096923,True,True
2016-05-04 00:00:00+00:00,26.131282806396484,26.351894826889037,False,True
2016-05-05 00:00:00+00:00,26.12330436706543,26.331457319259645,False,False
2016-05-06 00:00:00+00:00,26.163148880004883,26.310940704345704,False,False
2016-05-09 00:00:00+00:00,25.828447341918945,26.292781229019166,False,False
2016-05-10 00:00:00+00:00,26.322534561157227,26.27439992904663,True,False
2016-05-11 00:00:00+00:00,26.25878143310547,26.260607738494873,False,True
2016-05-12 00:00:00+00:00,26.187061309814453,26.2492432308197,False,False
2016-05-13 00:00:00+00:00,25.716875076293945,26.236068449020387,False,False
2016-05-16 00:00:00+00:00,26.027671813964844,26.21913025856018,False,False
2016-05-17 00:00:00+00:00,25.90813446044922,26.205197772979737,False,False
2016-05-18 00:00:00+00:00,25.65311622619629,26.189098167419434,False,False
2016-05-19 00:00:00+00:00,25.414037704467773,26.17415608406067,False,False
2016-05-20 00:00:00+00:00,25.66905975341797,26.157508506774903,False,False
2016-05-23 00:00:00+00:00,25.62124252319336,26.14209680557251,False,False
2016-05-24 00:00:00+00:00,25.88422966003418,26.127701568603516,False,False
2016-05-25 00:00:00+00:00,26.195030212402344,26.114699726104735,True,False
2016-05-26 00:00:00+00:00,26.370359420776367,26.100858516693116,True,True
2016-05-27 00:00:00+00:00,26.36238670349121,26.091071996688843,True,True
2016-05-31 00:00:00+00:00,26.394262313842773,26.0834428024292,True,True
2016-06-01 00:00:00+00:00,26.378324508666992,26.076208381652833,True,True
2016-06-02 00:00:00+00:00,26.593490600585938,26.068698110580446,True,True
2016-06-03 00:00:00+00:00,26.999929428100586,26.06379383087158,True,True
2016-06-06 00:00:00+00:00,27.28682518005371,26.062412662506105,True,True
2016-06-07 00:00:00+00:00,27.533863067626953,26.06415307998657,True,True
2016-06-08 00:00:00+00:00,27.733097076416016,26.069247398376465,True,True
2016-06-09 00:00:00+00:00,27.41433334350586,26.079418306350707,True,True
2016-06-10 00:00:00+00:00,26.721006393432617,26.09360601425171,True,True
2016-06-13 00:00:00+00:00,26.346446990966797,26.102757663726806,True,True
2016-06-14 00:00:00+00:00,26.25878143310547,26.105916862487792,True,True
2016-06-15 00:00:00+00:00,26.53770637512207,26.10294865608215,True,True
2016-06-16 00:00:00+00:00,26.44207763671875,26.103101396560668,True,True
2016-06-17 00:00:00+00:00,26.513803482055664,26.10254059791565,True,True
2016-06-20 00:00:00+00:00,26.983993530273438,26.10747820854187,True,True
2016-06-21 00:00:00+00:00,27.191194534301758,26.112922744750975,True,True
2016-06-22 00:00:00+00:00,27.260263442993164,26.118893241882326,True,True
2016-06-23 00:00:00+00:00,27.91887664794922,26.12909333229065,True,True
2016-06-24 00:00:00+00:00,26.22415542602539,26.13858449935913,True,True
2016-06-27 00:00:00+00:00,25.886812210083008,26.140269031524657,False,True
2016-06-28 00:00:00+00:00,26.649839401245117,26.138932867050173,True,False
2016-06-29 00:00:00+00:00,27.32452392578125,26.140901823043823,True,True
2016-06-30 00:00:00+00:00,27.59760856628418,26.1464403629303,True,True
2016-07-01 00:00:00+00:00,27.862651824951172,26.152088794708252,True,True
2016-07-05 00:00:00+00:00,27.268295288085938,26.15584518432617,True,True
2016-07-06 00:00:00+00:00,27.19601058959961,26.156943674087525,True,True
2016-07-07 00:00:00+00:00,27.123720169067383,26.1601917552948,True,True
2016-07-08 00:00:00+00:00,27.71004867553711,26.163313817977905,True,True
2016-07-11 00:00:00+00:00,27.97510528564453,26.171839332580568,True,True
2016-07-12 00:00:00+00:00,28.368663787841797,26.18376955986023,True,True
2016-07-13 00:00:00+00:00,28.320466995239258,26.198216886520385,True,True
2016-07-14 00:00:00+00:00,28.73009490966797,26.21269784927368,True,True
2016-07-15 00:00:00+00:00,28.665842056274414,26.23193419456482,True,True
2016-07-18 00:00:00+00:00,28.922866821289062,26.250260753631594,True,True
2016-07-19 00:00:00+00:00,28.625682830810547,26.2662628364563,True,True
2016-07-20 00:00:00+00:00,28.7702579498291,26.280072736740113,True,True
2016-07-21 00:00:00+00:00,28.68190574645996,26.291152839660644,True,True
2016-07-22 00:00:00+00:00,28.89073371887207,26.298927030563355,True,True
2016-07-25 00:00:00+00:00,28.601591110229492,26.30798077583313,True,True
2016-07-26 00:00:00+00:00,28.826478958129883,26.311979179382323,True,True
2016-07-27 00:00:00+00:00,28.922866821289062,26.31561106681824,True,True
2016-07-28 00:00:00+00:00,28.93090057373047,26.319214878082274,True,True
2016-07-29 00:00:00+00:00,29.083507537841797,26.32391819000244,True,True
2016-08-01 00:00:00+00:00,29.027286529541016,26.331660175323485,True,True
2016-08-02 00:00:00+00:00,28.818452835083008,26.338061685562135,True,True
2016-08-03 00:00:00+00:00,28.914836883544922,26.34004482269287,True,True
2016-08-04 00:00:00+00:00,29.07547378540039,26.342392168045045,True,True
2016-08-05 00:00:00+00:00,29.412813186645508,26.346994428634645,True,True
2016-08-08 00:00:00+00:00,29.621646881103516,26.353322610855102,True,True
2016-08-09 00:00:00+00:00,29.822439193725586,26.362735195159914,True,True
2016-08-10 00:00:00+00:00,29.830474853515625,26.370287551879883,True,True
2016-08-11 00:00:00+00:00,30.21600341796875,26.377056150436403,True,True
2016-08-12 00:00:00+00:00,30.103557586669922,26.387047185897828,True,True
2016-08-15 00:00:00+00:00,30.416805267333984,26.398084583282472,True,True
2016-08-16 00:00:00+00:00,30.280256271362305,26.412296876907348,True,True
2016-08-17 00:00:00+00:00,30.08748435974121,26.427121152877806,True,True
2016-08-18 00:00:00+00:00,30.368608474731445,26.440746192932128,True,True
2016-08-19 00:00:00+00:00,30.19993782043457,26.45306960105896,True,True
2016-08-22 00:00:00+00:00,29.798349380493164,26.46270565032959,True,True
2016-08-23 00:00:00+00:00,29.677867889404297,26.471471548080444,True,True
2016-08-24 00:00:00+00:00,29.758190155029297,26.479399642944337,True,True
2016-08-25 00:00:00+00:00,29.78227996826172,26.48969111442566,True,True
2016-08-26 00:00:00+00:00,29.525264739990234,26.503555688858032,True,True
2016-08-29 00:00:00+00:00,29.750152587890625,26.516723709106444,True,True
2016-08-30 00:00:00+00:00,29.66983413696289,26.530741567611695,True,True
2016-08-31 00:00:00+00:00,29.340526580810547,26.54565257072449,True,True
2016-09-01 00:00:00+00:00,29.56542205810547,26.56076106071472,True,True
2016-09-02 00:00:00+00:00,30.04734230041504,26.57444375038147,True,True
2016-09-06 00:00:00+00:00,30.68988037109375,26.590928392410277,True,True
2016-09-07 00:00:00+00:00,30.593502044677734,26.609174032211303,True,True
2016-09-08 00:00:00+00:00,30.51319122314453,26.625721502304078,True,True
2016-09-09 00:00:00+00:00,29.485092163085938,26.64049419403076,True,True
2016-09-12 00:00:00+00:00,29.685894012451172,26.65142110824585,True,True
2016-09-13 00:00:00+00:00,28.938928604125977,26.662645835876464,True,True
2016-09-14 00:00:00+00:00,29.027286529541016,26.671195106506346,True,True
2016-09-15 00:00:00+00:00,29.525264739990234,26.683168010711668,True,True
2016-09-16 00:00:00+00:00,29.3244571685791,26.697434635162352,True,True
2016-09-19 00:00:00+00:00,29.557384490966797,26.709677114486695,True,True
2016-09-20 00:00:00+00:00,29.57344627380371,26.724692850112916,True,True
2016-09-21 00:00:00+00:00,30.400728225708008,26.740534362792967,True,True
2016-09-22 00:00:00+00:00,30.61759376525879,26.75960985183716,True,True
2016-09-23 00:00:00+00:00,30.22403907775879,26.78196683883667,True,True
2016-09-26 00:00:00+00:00,29.78227996826172,26.8038077545166,True,True
2016-09-27 00:00:00+00:00,30.20797348022461,26.824499244689942,True,True
2016-09-28 00:00:00+00:00,30.481056213378906,26.848182363510134,True,True
2016-09-29 00:00:00+00:00,29.950956344604492,26.876801261901857,True,True
2016-09-30 00:00:00+00:00,30.0794620513916,26.900768690109253,True,True
2016-10-03 00:00:00+00:00,30.288293838500977,26.923456134796144,True,True
2016-10-04 00:00:00+00:00,29.950956344604492,26.944676685333253,True,True
2016-10-05 00:00:00+00:00,30.384672164916992,26.965897674560548,True,True
2016-10-06 00:00:00+00:00,30.408767700195312,26.98971881866455,True,True
2016-10-07 00:00:00+00:00,30.2722225189209,27.012660274505617,True,True
2016-10-10 00:00:00+00:00,30.601531982421875,27.033883028030395,True,True
2016-10-11 00:00:00+00:00,29.894737243652344,27.05491937637329,True,True
2016-10-12 00:00:00+00:00,29.838504791259766,27.072899913787843,True,True
2016-10-13 00:00:00+00:00,29.57344627380371,27.091515731811523,True,True
2016-10-14 00:00:00+00:00,29.621646881103516,27.10868673324585,True,True
2016-10-17 00:00:00+00:00,29.589515686035156,27.12813091278076,True,True
2016-10-18 00:00:00+00:00,30.11158561706543,27.147812910079956,True,True
2016-10-19 00:00:00+00:00,30.296327590942383,27.173611726760864,True,True
2016-10-20 00:00:00+00:00,30.20797348022461,27.200055351257323,True,True
2016-10-21 00:00:00+00:00,30.19993782043457,27.228447942733766,True,True
2016-10-24 00:00:00+00:00,30.32845115661621,27.260585775375365,True,True
2016-10-25 00:00:00+00:00,30.36057472229004,27.294641284942628,True,True
2016-10-26 00:00:00+00:00,30.039304733276367,27.328897256851196,True,True
2016-10-27 00:00:00+00:00,29.78227996826172,27.361307792663574,True,True
2016-10-28 00:00:00+00:00,29.661802291870117,27.393668451309203,True,True
2016-10-31 00:00:00+00:00,29.830474853515625,27.423912563323974,True,True
2016-11-01 00:00:00+00:00,29.589515686035156,27.45966206550598,True,True
2016-11-02 00:00:00+00:00,29.236116409301758,27.492533206939697,True,True
2016-11-03 00:00:00+00:00,29.15578842163086,27.52614768028259,True,True
2016-11-04 00:00:00+00:00,28.858604431152344,27.55892221450806,True,True
2016-11-07 00:00:00+00:00,29.902751922607422,27.586345739364624,True,True
2016-11-08 00:00:00+00:00,30.095521926879883,27.6209822845459,True,True
2016-11-09 00:00:00+00:00,29.115633010864258,27.65490915298462,True,True
2016-11-10 00:00:00+00:00,28.288347244262695,27.684335041046143,True,True
2016-11-11 00:00:00+00:00,27.75020980834961,27.70779155731201,True,True
2016-11-14 00:00:00+00:00,27.549409866333008,27.724732122421266,False,True
2016-11-15 00:00:00+00:00,28.103614807128906,27.741824254989623,True,False
2016-11-16 00:00:00+00:00,27.87068748474121,27.765592346191408,True,True
2016-11-17 00:00:00+00:00,27.910846710205078,27.784888553619385,True,True
2016-11-18 00:00:00+00:00,27.782337188720703,27.803469085693358,False,True
2016-11-21 00:00:00+00:00,28.055419921875,27.822801685333253,True,False
2016-11-22 00:00:00+00:00,28.48111343383789,27.84513340950012,True,True
2016-11-23 00:00:00+00:00,28.175901412963867,27.87122730255127,True,True
2016-11-25 00:00:00+00:00,28.312454223632812,27.895316972732545,True,True
2016-11-28 00:00:00+00:00,28.424888610839844,27.92204189300537,True,True
2016-11-29 00:00:00+00:00,28.465049743652344,27.947336654663086,True,True
2016-11-30 00:00:00+00:00,28.51323699951172,27.97024221420288,True,True
2016-12-01 00:00:00+00:00,28.175901412963867,27.991037788391115,True,True
2016-12-02 00:00:00+00:00,28.208030700683594,28.01086389541626,True,True
2016-12-05 00:00:00+00:00,28.440950393676758,28.031408491134645,True,True
2016-12-06 00:00:00+00:00,28.59355926513672,28.050129203796388,True,True
2016-12-07 00:00:00+00:00,29.07547378540039,28.07224283218384,True,True
2016-12-08 00:00:00+00:00,29.2039852142334,28.09704495429993,True,True
2016-12-09 00:00:00+00:00,29.05136489868164,28.122091178894042,True,True
2016-12-12 00:00:00+00:00,28.858604431152344,28.147569694519042,True,True
2016-12-13 00:00:00+00:00,29.179893493652344,28.171048412323,True,True
2016-12-14 00:00:00+00:00,28.312454223632812,28.191830148696898,True,True
2016-12-15 00:00:00+00:00,28.360631942749023,28.206601133346556,True,True
2016-12-16 00:00:00+00:00,28.23212242126465,28.22017854690552,True,True
2016-12-19 00:00:00+00:00,28.03936195373535,28.230563240051268,False,True
2016-12-20 00:00:00+00:00,28.1357364654541,28.240183343887328,False,False
2016-12-21 00:00:00+00:00,28.018762588500977,28.25251672744751,False,False
2016-12-22 00:00:00+00:00,27.685686111450195,28.26346830368042,False,False
2016-12-23 00:00:00+00:00,27.848161697387695,28.272555284500122,False,False
2016-12-27 00:00:00+00:00,27.97002410888672,28.279745092391966,False,False
2016-12-28 00:00:00+00:00,28.181228637695312,28.28834114074707,False,False
2016-12-29 00:00:00+00:00,28.644285202026367,28.299866018295287,True,False
2016-12-30 00:00:00+00:00,28.441200256347656,28.311116132736206,True,True
2017-01-03 00:00:00+00:00,28.782386779785156,28.31844204902649,True,True
2017-01-04 00:00:00+00:00,29.001731872558594,28.32675666809082,True,True
2017-01-05 00:00:00+00:00,29.318559646606445,28.335889081954956,True,True
2017-01-06 00:00:00+00:00,29.196704864501953,28.346924362182616,True,True
2017-01-09 00:00:00+00:00,29.17232894897461,28.359661483764647,True,True
2017-01-10 00:00:00+00:00,29.342924118041992,28.372595491409303,True,True
2017-01-11 00:00:00+00:00,29.692249298095703,28.38594416618347,True,True
2017-01-12 00:00:00+00:00,29.822223663330078,28.399206533432007,True,True
2017-01-13 00:00:00+00:00,29.797863006591797,28.411724157333374,True,True
2017-01-17 00:00:00+00:00,29.78160858154297,28.42423951148987,True,True
2017-01-18 00:00:00+00:00,29.619129180908203,28.437072048187257,True,True
2017-01-19 00:00:00+00:00,29.52977752685547,28.45072587966919,True,True
2017-01-20 00:00:00+00:00,29.586637496948242,28.46656283378601,True,True
2017-01-23 00:00:00+00:00,30.025314331054688,28.481090230941774,True,True
2017-01-24 00:00:00+00:00,30.212158203125,28.50048071861267,True,True
2017-01-25 00:00:00+00:00,30.545236587524414,28.51853416442871,True,True
2017-01-26 00:00:00+00:00,30.415260314941406,28.53653962135315,True,True
2017-01-27 00:00:00+00:00,30.439632415771484,28.55182318687439,True,True
2017-01-30 00:00:00+00:00,30.277156829833984,28.56479800224304,True,True
2017-01-31 00:00:00+00:00,30.334020614624023,28.577637825012207,True,True
2017-02-01 00:00:00+00:00,30.35027313232422,28.591558895111085,True,True
2017-02-02 00:00:00+00:00,30.480257034301758,28.60492365837097,True,True
2017-02-03 00:00:00+00:00,30.667097091674805,28.616826515197754,True,True
2017-02-06 00:00:00+00:00,30.59398651123047,28.63030110359192,True,True
2017-02-07 00:00:00+00:00,30.439632415771484,28.644804735183715,True,True
2017-02-08 00:00:00+00:00,30.62647819519043,28.65937339782715,True,True
2017-02-09 00:00:00+00:00,30.76458168029785,28.67575291633606,True,True
2017-02-10 00:00:00+00:00,31.04891014099121,28.691348638534546,True,True
2017-02-13 00:00:00+00:00,31.146390914916992,28.70752920150757,True,True
2017-02-14 00:00:00+00:00,31.17889404296875,28.72563165664673,True,True
2017-02-15 00:00:00+00:00,31.430736541748047,28.744494342803954,True,True
2017-02-16 00:00:00+00:00,31.316991806030273,28.764974870681762,True,True
2017-02-17 00:00:00+00:00,31.1870174407959,28.78875172615051,True,True
2017-02-21 00:00:00+00:00,31.528217315673828,28.814030399322508,True,True
2017-02-22 00:00:00+00:00,31.625694274902344,28.841054964065552,True,True
2017-02-23 00:00:00+00:00,31.633821487426758,28.86836769104004,True,True
2017-02-24 00:00:00+00:00,31.260133743286133,28.897394561767577,True,True
2017-02-27 00:00:00+00:00,31.162635803222656,28.922082557678223,True,True
2017-02-28 00:00:00+00:00,30.862070083618164,28.94660182952881,True,True
2017-03-01 00:00:00+00:00,31.341360092163086,28.969976873397826,True,True
2017-03-02 00:00:00+00:00,30.788955688476562,28.99809929847717,True,True
2017-03-03 00:00:00+00:00,31.0245361328125,29.02190571784973,True,True
2017-03-06 00:00:00+00:00,31.040786743164062,29.047487726211546,True,True
2017-03-07 00:00:00+00:00,31.073287963867188,29.074426078796385,True,True
2017-03-08 00:00:00+00:00,30.78083038330078,29.102722330093385,True,True
2017-03-09 00:00:00+00:00,30.537118911743164,29.128281183242798,True,True
2017-03-10 00:00:00+00:00,30.878313064575195,29.15286056518555,True,True
2017-03-13 00:00:00+00:00,31.30886459350586,29.177830982208253,True,True
2017-03-14 00:00:00+00:00,31.130155563354492,29.20340015411377,True,True
2017-03-15 00:00:00+00:00,31.942523956298828,29.22719913482666,True,True
2017-03-16 00:00:00+00:00,32.13749694824219,29.2550998210907,True,True
2017-03-17 00:00:00+00:00,32.080631256103516,29.283815994262696,True,True
2017-03-20 00:00:00+00:00,32.454315185546875,29.312327527999877,True,True
2017-03-21 00:00:00+00:00,32.096866607666016,29.341631650924683,True,True
2017-03-22 00:00:00+00:00,32.2512321472168,29.36711633682251,True,True
2017-03-23 00:00:00+00:00,32.25934982299805,29.391938371658327,True,True
2017-03-24 00:00:00+00:00,32.3405876159668,29.41556580543518,True,True
2017-03-27 00:00:00+00:00,32.2512321472168,29.438603258132936,True,True
2017-03-28 00:00:00+00:00,32.3405876159668,29.46278775215149,True,True
2017-03-29 00:00:00+00:00,32.39745330810547,29.490885658264162,True,True
2017-03-30 00:00:00+00:00,32.22684860229492,29.521140689849855,True,True
2017-03-31 00:00:00+00:00,31.9993896484375,29.5509810256958,True,True
2017-04-03 00:00:00+00:00,32.1781120300293,29.578289442062378,True,True
2017-04-04 00:00:00+00:00,32.194358825683594,29.60696961402893,True,True
2017-04-05 00:00:00+00:00,32.096866607666016,29.63537239074707,True,True
2017-04-06 00:00:00+00:00,32.040008544921875,29.660936756134035,True,True
2017-04-07 00:00:00+00:00,31.983137130737305,29.685180826187135,True,True
2017-04-10 00:00:00+00:00,31.85316276550293,29.708795194625853,True,True
2017-04-11 00:00:00+00:00,31.78004264831543,29.728466625213624,True,True
2017-04-12 00:00:00+00:00,31.93439483642578,29.756246061325072,True,True
2017-04-13 00:00:00+00:00,31.796295166015625,29.786483974456786,True,True
2017-04-17 00:00:00+00:00,32.129364013671875,29.81221625328064,True,True
2017-04-18 00:00:00+00:00,31.723188400268555,29.836240453720094,True,True
2017-04-19 00:00:00+00:00,31.528217315673828,29.856868352890015,True,True
2017-04-20 00:00:00+00:00,31.918161392211914,29.87519618034363,True,True
2017-04-21 00:00:00+00:00,31.918161392211914,29.898445510864256,True,True
2017-04-24 00:00:00+00:00,32.373077392578125,29.92205626487732,True,True
2017-04-25 00:00:00+00:00,32.657405853271484,29.948303050994873,True,True
2017-04-26 00:00:00+00:00,32.53555679321289,29.973039836883544,True,True
2017-04-27 00:00:00+00:00,32.494937896728516,29.995842094421388,True,True
2017-04-28 00:00:00+00:00,32.54368209838867,30.01647346496582,True,True
2017-05-01 00:00:00+00:00,32.73052215576172,30.037589540481566,True,True
2017-05-02 00:00:00+00:00,32.96611785888672,30.057591676712036,True,True
2017-05-03 00:00:00+00:00,32.74677276611328,30.079093055725096,True,True
2017-05-04 00:00:00+00:00,32.38120651245117,30.098212585449218,True,True
2017-05-05 00:00:00+00:00,32.6492805480957,30.116990203857423,True,True
2017-05-08 00:00:00+00:00,32.64116668701172,30.136385316848756,True,True
2017-05-09 00:00:00+00:00,33.05546569824219,30.156181621551514,True,True
2017-05-10 00:00:00+00:00,33.274810791015625,30.177005281448363,True,True
2017-05-11 00:00:00+00:00,33.347923278808594,30.200371379852296,True,True
2017-05-12 00:00:00+00:00,33.48603057861328,30.22297860145569,True,True
2017-05-15 00:00:00+00:00,33.82722091674805,30.24579442024231,True,True
2017-05-16 00:00:00+00:00,33.85972213745117,30.270276021957397,True,True
2017-05-17 00:00:00+00:00,33.2829475402832,30.294157094955445,True,True
2017-05-18 00:00:00+00:00,32.73052215576172,30.315435400009154,True,True
2017-05-19 00:00:00+00:00,33.42916488647461,30.33499574661255,True,True
2017-05-22 00:00:00+00:00,33.461666107177734,30.357567386627196,True,True
2017-05-23 00:00:00+00:00,33.49415588378906,30.379498348236083,True,True
2017-05-24 00:00:00+00:00,33.6241455078125,30.399905061721803,True,True
2017-05-25 00:00:00+00:00,33.7866096496582,30.419917554855346,True,True
2017-05-26 00:00:00+00:00,33.908470153808594,30.43973840713501,True,True
2017-05-30 00:00:00+00:00,33.729740142822266,30.460128383636473,True,True
2017-05-31 00:00:00+00:00,33.469791412353516,30.477697067260742,True,True
2017-06-01 00:00:00+00:00,33.754119873046875,30.49452823638916,True,True
2017-06-02 00:00:00+00:00,33.92470169067383,30.511214809417723,True,True
2017-06-05 00:00:00+00:00,33.88409423828125,30.52943703651428,True,True
2017-06-06 00:00:00+00:00,33.90034866333008,30.548420085906983,True,True
2017-06-07 00:00:00+00:00,33.85972213745117,30.566078786849975,True,True
2017-06-08 00:00:00+00:00,34.06282424926758,30.58437770843506,True,True
2017-06-09 00:00:00+00:00,33.8028564453125,30.60570008277893,True,True
2017-06-12 00:00:00+00:00,33.6241455078125,30.626325025558472,True,True
2017-06-13 00:00:00+00:00,33.7866096496582,30.645654802322387,True,True
2017-06-14 00:00:00+00:00,33.77848815917969,30.66567645072937,True,True
2017-06-15 00:00:00+00:00,33.42916488647461,30.686942567825316,True,True
2017-06-16 00:00:00+00:00,33.48603057861328,30.705337629318237,True,True
2017-06-19 00:00:00+00:00,33.81910705566406,30.724418611526488,True,True
2017-06-20 00:00:00+00:00,33.44530487060547,30.746811513900756,True,True
2017-06-21 00:00:00+00:00,33.51877212524414,30.766210927963257,True,True
2017-06-22 00:00:00+00:00,33.69015121459961,30.783568077087402,True,True
2017-06-23 00:00:00+00:00,33.86970901489258,30.79856943130493,True,True
2017-06-26 00:00:00+00:00,34.196163177490234,30.814950466156006,True,True
2017-06-27 00:00:00+00:00,33.79624938964844,30.833365325927733,True,True
2017-06-28 00:00:00+00:00,34.05742263793945,30.85492111206055,True,True
2017-06-29 00:00:00+00:00,33.62487030029297,30.87677875518799,True,True
2017-06-30 00:00:00+00:00,33.77993392944336,30.90020846366882,True,True
2017-07-03 00:00:00+00:00,33.97581100463867,30.923971700668336,True,True
2017-07-05 00:00:00+00:00,33.910518646240234,30.946224431991578,True,True
2017-07-06 00:00:00+00:00,33.502437591552734,30.96915473937988,True,True
2017-07-07 00:00:00+00:00,33.56774139404297,30.988880004882812,True,True
2017-07-10 00:00:00+00:00,33.88602066040039,31.008851480484008,True,True
2017-07-11 00:00:00+00:00,34.163516998291016,31.026277942657472,True,True
2017-07-12 00:00:00+00:00,34.824581146240234,31.04400755882263,True,True
2017-07-13 00:00:00+00:00,34.9959831237793,31.06701026916504,True,True
2017-07-14 00:00:00+00:00,35.43669128417969,31.093078784942627,True,True
2017-07-17 00:00:00+00:00,35.273468017578125,31.1192223739624,True,True
2017-07-18 00:00:00+00:00,35.37956237792969,31.1431844329834,True,True
2017-07-19 00:00:00+00:00,35.673370361328125,31.170327463150024,True,True
2017-07-20 00:00:00+00:00,35.632568359375,31.198297004699707,True,True
2017-07-21 00:00:00+00:00,35.60807418823242,31.225018377304078,True,True
2017-07-24 00:00:00+00:00,35.71417999267578,31.253303966522218,True,True
2017-07-25 00:00:00+00:00,35.6244010925293,31.27995150566101,True,True
2017-07-26 00:00:00+00:00,35.918209075927734,31.30602967262268,True,True
2017-07-27 00:00:00+00:00,35.72233963012695,31.334259605407716,True,True
2017-07-28 00:00:00+00:00,35.70601272583008,31.35986364364624,True,True
2017-07-31 00:00:00+00:00,35.746826171875,31.388920021057128,True,True
2017-08-01 00:00:00+00:00,35.85292053222656,31.418461627960205,True,True
2017-08-02 00:00:00+00:00,35.88556671142578,31.44985899925232,True,True
2017-08-03 00:00:00+00:00,35.73866271972656,31.48117859840393,True,True
2017-08-04 00:00:00+00:00,35.86924362182617,31.511924333572388,True,True
2017-08-07 00:00:00+00:00,36.11408233642578,31.540712623596193,True,True
2017-08-08 00:00:00+00:00,36.12225341796875,31.56980139732361,True,True
2017-08-09 00:00:00+00:00,35.79579544067383,31.59937279701233,True,True
2017-08-10 00:00:00+00:00,34.9470100402832,31.627352085113525,True,True
2017-08-11 00:00:00+00:00,35.028621673583984,31.65044487953186,True,True
2017-08-14 00:00:00+00:00,35.38772201538086,31.67378511428833,True,True
2017-08-15 00:00:00+00:00,35.428524017333984,31.700527200698854,True,True
2017-08-16 00:00:00+00:00,35.79579544067383,31.728758420944214,True,True
2017-08-17 00:00:00+00:00,35.3387565612793,31.75942838668823,True,True
2017-08-18 00:00:00+00:00,35.640724182128906,31.78696979522705,True,True
2017-08-21 00:00:00+00:00,35.771305084228516,31.817225837707518,True,True
2017-08-22 00:00:00+00:00,36.17121505737305,31.849901781082153,True,True
2017-08-23 00:00:00+00:00,36.34260177612305,31.884978914260863,True,True
2017-08-24 00:00:00+00:00,36.45686721801758,31.92239890098572,True,True
2017-08-25 00:00:00+00:00,36.669063568115234,31.955169477462768,True,True
2017-08-28 00:00:00+00:00,36.538475036621094,31.988037185668944,True,True
2017-08-29 00:00:00+00:00,36.47319030761719,32.02515139579773,True,True
2017-08-30 00:00:00+00:00,36.53032302856445,32.0660756111145,True,True
2017-08-31 00:00:00+00:00,36.58744430541992,32.10997617721558,True,True
2017-09-01 00:00:00+00:00,36.856773376464844,32.15516634941101,True,True
2017-09-05 00:00:00+00:00,36.3752555847168,32.19893214225769,True,True
2017-09-06 00:00:00+00:00,36.61193084716797,32.24145498275757,True,True
2017-09-07 00:00:00+00:00,36.881256103515625,32.28496040344238,True,True
2017-09-08 00:00:00+00:00,36.63641357421875,32.33045499801636,True,True
2017-09-11 00:00:00+00:00,37.1260986328125,32.37335996627807,True,True
2017-09-12 00:00:00+00:00,37.08530044555664,32.41658489227295,True,True
2017-09-13 00:00:00+00:00,36.8894157409668,32.46113188743591,True,True
2017-09-14 00:00:00+00:00,36.98735046386719,32.504016695022585,True,True
2017-09-15 00:00:00+00:00,37.20771026611328,32.54682900428772,True,True
2017-09-18 00:00:00+00:00,37.338294982910156,32.590542306900026,True,True
2017-09-19 00:00:00+00:00,37.41990280151367,32.63466759681702,True,True
2017-09-20 00:00:00+00:00,37.24851989746094,32.680887603759764,True,True
2017-09-21 00:00:00+00:00,37.24851989746094,32.726090049743654,True,True
2017-09-22 00:00:00+00:00,37.036319732666016,32.770127897262576,True,True
2017-09-25 00:00:00+00:00,36.40789794921875,32.81234169960022,True,True
2017-09-26 00:00:00+00:00,36.30995178222656,32.84900382041931,True,True
2017-09-27 00:00:00+00:00,36.17937469482422,32.884533653259275,True,True
2017-09-28 00:00:00+00:00,36.154884338378906,32.92017370223999,True,True
2017-09-29 00:00:00+00:00,36.571128845214844,32.95665510177612,True,True
2017-10-02 00:00:00+00:00,36.579288482666016,32.99361127853393,True,True
2017-10-03 00:00:00+00:00,37.15874099731445,33.0349454498291,True,True
2017-10-04 00:00:00+00:00,37.150577545166016,33.07893599510193,True,True
2017-10-05 00:00:00+00:00,37.428062438964844,33.12352827072144,True,True
2017-10-06 00:00:00+00:00,37.24036407470703,33.17047177314758,True,True
2017-10-09 00:00:00+00:00,37.21586990356445,33.215994911193846,True,True
2017-10-10 00:00:00+00:00,37.58313751220703,33.26198044776916,True,True
2017-10-11 00:00:00+00:00,37.75452423095703,33.31146770477295,True,True
2017-10-12 00:00:00+00:00,37.73820877075195,33.360999517440796,True,True
2017-10-13 00:00:00+00:00,38.08097457885742,33.40984044075012,True,True
2017-10-16 00:00:00+00:00,38.05649185180664,33.459339170455934,True,True
2017-10-17 00:00:00+00:00,37.86061096191406,33.506400203704835,True,True
2017-10-18 00:00:00+00:00,37.950401306152344,33.553497257232664,True,True
2017-10-19 00:00:00+00:00,37.615779876708984,33.599337329864504,True,True
2017-10-20 00:00:00+00:00,37.75452423095703,33.64240756988525,True,True
2017-10-23 00:00:00+00:00,37.452552795410156,33.684587392807,True,True
2017-10-24 00:00:00+00:00,37.452552795410156,33.725866632461546,True,True
2017-10-25 00:00:00+00:00,37.37092971801758,33.76726775169372,True,True
2017-10-26 00:00:00+00:00,37.11794662475586,33.807407779693605,True,True
2017-10-27 00:00:00+00:00,37.65658187866211,33.844536266326905,True,True
2017-10-30 00:00:00+00:00,37.41990280151367,33.88370805740357,True,True
2017-10-31 00:00:00+00:00,37.77084732055664,33.921818256378174,True,True
2017-11-01 00:00:00+00:00,37.96672058105469,33.96176445007324,True,True
2017-11-02 00:00:00+00:00,38.01568603515625,34.003502407073974,True,True
2017-11-03 00:00:00+00:00,37.81980514526367,34.04593194961548,True,True
2017-11-06 00:00:00+00:00,38.24420166015625,34.087097787857054,True,True
2017-11-07 00:00:00+00:00,37.999366760253906,34.12819222450256,True,True
2017-11-08 00:00:00+00:00,38.178916931152344,34.167128267288206,True,True
2017-11-09 00:00:00+00:00,37.94223403930664,34.205296669006344,True,True
2017-11-10 00:00:00+00:00,37.77901077270508,34.24293153762817,True,True
2017-11-13 00:00:00+00:00,37.69739532470703,34.27962842941284,True,True
2017-11-14 00:00:00+00:00,37.444400787353516,34.316729621887205,True,True
2017-11-15 00:00:00+00:00,37.24851989746094,34.35228152275086,True,True
2017-11-16 00:00:00+00:00,38.02384567260742,34.38677275657654,True,True
2017-11-17 00:00:00+00:00,38.21156311035156,34.424490699768064,True,True
2017-11-20 00:00:00+00:00,38.40743637084961,34.46221302986145,True,True
2017-11-21 00:00:00+00:00,38.921592712402344,34.501280279159545,True,True
2017-11-22 00:00:00+00:00,39.01953125,34.5436900806427,True,True
2017-11-24 00:00:00+00:00,38.93792724609375,34.58565534591675,True,True
2017-11-27 00:00:00+00:00,38.36663055419922,34.626522073745726,True,True
2017-11-28 00:00:00+00:00,38.65226745605469,34.663110675811765,True,True
2017-11-29 00:00:00+00:00,38.04016876220703,34.70064005851746,True,True
2017-11-30 00:00:00+00:00,37.623931884765625,34.734946432113645,True,True
2017-12-01 00:00:00+00:00,37.411746978759766,34.76591240882873,True,True
2017-12-04 00:00:00+00:00,37.485198974609375,34.79638618469238,True,True
2017-12-05 00:00:00+00:00,37.46071243286133,34.82787709236145,True,True
2017-12-06 00:00:00+00:00,36.95470428466797,34.857539567947384,True,True
2017-12-07 00:00:00+00:00,37.06081008911133,34.88418461799622,True,True
2017-12-08 00:00:00+00:00,37.49335861206055,34.91131956100464,True,True
2017-12-11 00:00:00+00:00,37.68107223510742,34.94248568534851,True,True
2017-12-12 00:00:00+00:00,37.428062438964844,34.975077867507935,True,True
2017-12-13 00:00:00+00:00,37.87693405151367,35.00790782928467,True,True
2017-12-14 00:00:00+00:00,37.599456787109375,35.04058569908142,True,True
2017-12-15 00:00:00+00:00,37.68107223510742,35.07463820457458,True,True
2017-12-18 00:00:00+00:00,38.10546112060547,35.10792088508606,True,True
2017-12-19 00:00:00+00:00,37.904136657714844,35.14324425697327,True,True
2017-12-20 00:00:00+00:00,37.9538459777832,35.17739850044251,True,True
2017-12-21 00:00:00+00:00,38.202392578125,35.21326357841492,True,True
2017-12-22 00:00:00+00:00,38.5255126953125,35.251589946746826,True,True
2017-12-26 00:00:00+00:00,38.49236297607422,35.289825944900514,True,True
2017-12-27 00:00:00+00:00,38.591796875,35.325743436813354,True,True
2017-12-28 00:00:00+00:00,38.85691833496094,35.363051643371584,True,True
2017-12-29 00:00:00+00:00,39.039180755615234,35.39762361526489,True,True
2018-01-02 00:00:00+00:00,39.776554107666016,35.43213203430176,True,True
2018-01-03 00:00:00+00:00,40.15766906738281,35.47061164855957,True,True
2018-01-04 00:00:00+00:00,40.35651397705078,35.50912841796875,True,True
2018-01-05 00:00:00+00:00,40.70449447631836,35.55042665481567,True,True
2018-01-08 00:00:00+00:00,40.70449447631836,35.59269296646118,True,True
2018-01-09 00:00:00+00:00,40.63819885253906,35.63491868972778,True,True
2018-01-10 00:00:00+00:00,40.38136291503906,35.67640674591065,True,True
2018-01-11 00:00:00+00:00,40.629913330078125,35.717057399749756,True,True
2018-01-12 00:00:00+00:00,41.01931381225586,35.75850402832031,True,True
2018-01-16 00:00:00+00:00,40.86190414428711,35.801613330841064,True,True
2018-01-17 00:00:00+00:00,41.40042495727539,35.84478860855103,True,True
2018-01-18 00:00:00+00:00,41.450130462646484,35.89179378509522,True,True
2018-01-19 00:00:00+00:00,41.789825439453125,35.9381538772583,True,True
2018-01-22 00:00:00+00:00,42.030086517333984,35.98613121032715,True,True
2018-01-23 00:00:00+00:00,42.22893142700195,36.03579730987549,True,True
2018-01-24 00:00:00+00:00,42.58518600463867,36.08674192428589,True,True
2018-01-25 00:00:00+00:00,42.56033706665039,36.1397521686554,True,True
2018-01-26 00:00:00+00:00,43.148582458496094,36.193288040161136,True,True
2018-01-29 00:00:00+00:00,42.494056701660156,36.25013073921204,True,True
2018-01-30 00:00:00+00:00,41.914100646972656,36.30292904853821,True,True
2018-01-31 00:00:00+00:00,42.27864456176758,36.35351807594299,True,True
2018-02-01 00:00:00+00:00,41.706974029541016,36.40426447868347,True,True
2018-02-02 00:00:00+00:00,40.63819885253906,36.454183406829834,True,True
2018-02-05 00:00:00+00:00,39.21318054199219,36.49973331451416,True,True
2018-02-06 00:00:00+00:00,40.489070892333984,36.536208410263065,True,True
2018-02-07 00:00:00+00:00,39.21318054199219,36.579062957763675,True,True
2018-02-08 00:00:00+00:00,37.854427337646484,36.61326347351074,True,True
2018-02-09 00:00:00+00:00,38.459228515625,36.639248580932616,True,True
2018-02-12 00:00:00+00:00,39.06404113769531,36.66886693954468,True,True
2018-02-13 00:00:00+00:00,39.3623046875,36.701712455749515,True,True
2018-02-14 00:00:00+00:00,40.348228454589844,36.73580556869507,True,True
2018-02-15 00:00:00+00:00,41.176734924316406,36.77389410018921,True,True
2018-02-16 00:00:00+00:00,41.044166564941406,36.81494718551636,True,True
2018-02-20 00:00:00+00:00,40.48078536987305,36.856434154510495,True,True
2018-02-21 00:00:00+00:00,40.4476432800293,36.89693204879761,True,True
2018-02-22 00:00:00+00:00,40.472503662109375,36.93592386245727,True,True
2018-02-23 00:00:00+00:00,41.19330596923828,36.975080547332766,True,True
2018-02-26 00:00:00+00:00,41.574405670166016,37.015769748687745,True,True
2018-02-27 00:00:00+00:00,40.36479949951172,37.0572677230835,True,True
2018-02-28 00:00:00+00:00,39.784847259521484,37.092352104187015,True,True
2018-03-01 00:00:00+00:00,39.710269927978516,37.12384618759155,True,True
2018-03-02 00:00:00+00:00,39.875980377197266,37.1532614326477,True,True
2018-03-05 00:00:00+00:00,39.93396759033203,37.18334272384644,True,True
2018-03-06 00:00:00+00:00,40.306800842285156,37.21659782409668,True,True
2018-03-07 00:00:00+00:00,40.348228454589844,37.254479217529294,True,True
2018-03-08 00:00:00+00:00,40.35651397705078,37.28907453536987,True,True
2018-03-09 00:00:00+00:00,41.21815872192383,37.323548774719235,True,True
2018-03-12 00:00:00+00:00,41.31758499145508,37.36216878890991,True,True
2018-03-13 00:00:00+00:00,40.94474792480469,37.400635986328126,True,True
2018-03-14 00:00:00+00:00,41.01102828979492,37.43642667770386,True,True
2018-03-15 00:00:00+00:00,40.86190414428711,37.47193946838379,True,True
2018-03-16 00:00:00+00:00,40.77075958251953,37.50760028839111,True,True
2018-03-19 00:00:00+00:00,40.3316535949707,37.54410512924194,True,True
2018-03-20 00:00:00+00:00,40.779048919677734,37.57699279785156,True,True
2018-03-21 00:00:00+00:00,41.01931381225586,37.61126453399658,True,True
2018-03-22 00:00:00+00:00,39.652278900146484,37.64694063186646,True,True
2018-03-23 00:00:00+00:00,38.848628997802734,37.67570028305054,True,True
2018-03-26 00:00:00+00:00,40.10795974731445,37.7006448173523,True,True
2018-03-27 00:00:00+00:00,39.37887191772461,37.73087049484253,True,True
2018-03-28 00:00:00+00:00,39.180023193359375,37.75875057220459,True,True
2018-03-29 00:00:00+00:00,40.0002555847168,37.78652996063232,True,True
2018-04-02 00:00:00+00:00,39.27945327758789,37.81759819030762,True,True
2018-04-03 00:00:00+00:00,39.66884994506836,37.84510301589966,True,True
2018-04-04 00:00:00+00:00,39.685428619384766,37.87630144119262,True,True
2018-04-05 00:00:00+00:00,39.784847259521484,37.907298431396484,True,True
2018-04-06 00:00:00+00:00,39.006046295166016,37.937127132415775,True,True
2018-04-09 00:00:00+00:00,39.0474739074707,37.964930839538575,True,True
2018-04-10 00:00:00+00:00,39.809688568115234,37.99257434844971,True,True
2018-04-11 00:00:00+00:00,39.82626724243164,38.023172035217286,True,True
2018-04-12 00:00:00+00:00,39.809688568115234,38.05295482635498,True,True
2018-04-13 00:00:00+00:00,39.41201400756836,38.08102245330811,True,True
2018-04-16 00:00:00+00:00,39.46171951293945,38.1091012763977,True,True
2018-04-17 00:00:00+00:00,39.54457473754883,38.13612276077271,True,True
2018-04-18 00:00:00+00:00,39.88426971435547,38.165721282958984,True,True
2018-04-19 00:00:00+00:00,39.652278900146484,38.19624296188354,True,True
2018-04-20 00:00:00+00:00,39.15517807006836,38.22462530136109,True,True
2018-04-23 00:00:00+00:00,38.84033966064453,38.250848598480225,True,True
2018-04-24 00:00:00+00:00,38.6580696105957,38.27753810882568,True,True
2018-04-25 00:00:00+00:00,38.35980987548828,38.30298974990845,True,True
2018-04-26 00:00:00+00:00,38.914913177490234,38.32535869598389,True,True
2018-04-27 00:00:00+00:00,39.15517807006836,38.34911567687988,True,True
2018-04-30 00:00:00+00:00,38.873477935791016,38.37076866149902,True,True
2018-05-01 00:00:00+00:00,38.682926177978516,38.39015613555908,True,True
2018-05-02 00:00:00+00:00,38.376380920410156,38.40638731002807,False,True
2018-05-03 00:00:00+00:00,38.29352951049805,38.421901874542236,False,False
2018-05-04 00:00:00+00:00,38.46751403808594,38.436471710205076,True,False
2018-05-07 00:00:00+00:00,38.24381637573242,38.450442428588865,False,True
2018-05-08 00:00:00+00:00,38.459228515625,38.46349866867065,False,False
2018-05-09 00:00:00+00:00,38.533790588378906,38.47775444030762,True,False
2018-05-10 00:00:00+00:00,39.33744430541992,38.49185249328613,True,True
2018-05-11 00:00:00+00:00,39.27116775512695,38.510417709350584,True,True
2018-05-14 00:00:00+00:00,39.32087707519531,38.527182502746584,True,True
2018-05-15 00:00:00+00:00,38.50893783569336,38.54517518997192,False,True
2018-05-16 00:00:00+00:00,39.088897705078125,38.55918981552124,True,False
2018-05-17 00:00:00+00:00,38.49236297607422,38.57590017318726,False,True
2018-05-18 00:00:00+00:00,38.169254302978516,38.5890973854065,False,False
2018-05-21 00:00:00+00:00,38.4012336730957,38.600515823364255,False,False
2018-05-22 00:00:00+00:00,38.533790588378906,38.61382867813111,False,False
2018-05-23 00:00:00+00:00,38.51723098754883,38.62715141296387,False,False
2018-05-24 00:00:00+00:00,38.31011199951172,38.639167156219486,False,False
2018-05-25 00:00:00+00:00,38.46751403808594,38.6501064491272,False,False
2018-05-29 00:00:00+00:00,37.572731018066406,38.66346504211426,False,False
2018-05-30 00:00:00+00:00,37.870994567871094,38.67659364700317,False,False
2018-05-31 00:00:00+00:00,37.854427337646484,38.69080551147461,False,False
2018-06-01 00:00:00+00:00,38.384674072265625,38.703139038085936,False,False
2018-06-04 00:00:00+00:00,38.7740592956543,38.7179197883606,True,False
2018-06-05 00:00:00+00:00,38.475807189941406,38.7328111076355,False,True
2018-06-06 00:00:00+00:00,39.05575180053711,38.74849636077881,True,False
2018-06-07 00:00:00+00:00,38.459228515625,38.76557149887085,False,True
2018-06-08 00:00:00+00:00,38.384674072265625,38.77901111602783,False,False
2018-06-11 00:00:00+00:00,38.384674072265625,38.79007841110229,False,False
2018-06-12 00:00:00+00:00,38.28524398803711,38.80028877258301,False,False
2018-06-13 00:00:00+00:00,38.02841567993164,38.80943065643311,False,False
2018-06-14 00:00:00+00:00,37.77157211303711,38.816227416992184,False,False
2018-06-15 00:00:00+00:00,37.47331237792969,38.82239290237427,False,False
2018-06-18 00:00:00+00:00,37.017642974853516,38.82739351272583,False,False
2018-06-19 00:00:00+00:00,36.6090087890625,38.82983011245727,False,False
2018-06-20 00:00:00+00:00,36.767452239990234,38.82993793487549,False,False
2018-06-21 00:00:00+00:00,36.250423431396484,38.82949132919312,False,False
2018-06-22 00:00:00+00:00,36.625694274902344,38.82886716842651,False,False
2018-06-25 00:00:00+00:00,36.13368225097656,38.82893598556519,False,False
2018-06-26 00:00:00+00:00,35.991912841796875,38.82519811630249,False,False
2018-06-27 00:00:00+00:00,35.29975891113281,38.82197561264038,False,False
2018-06-28 00:00:00+00:00,35.599971771240234,38.81284391403198,False,False
2018-06-29 00:00:00+00:00,36.13368225097656,38.8054172706604,False,False
2018-07-02 00:00:00+00:00,35.77509307861328,38.80163860321045,False,False
2018-07-03 00:00:00+00:00,35.800113677978516,38.79557731628418,False,False
2018-07-05 00:00:00+00:00,35.70838165283203,38.78853933334351,False,False
2018-07-06 00:00:00+00:00,36.20038604736328,38.78038976669311,False,False
2018-07-09 00:00:00+00:00,36.85084533691406,38.774292182922366,False,False
2018-07-10 00:00:00+00:00,36.767452239990234,38.77230381011963,False,False
2018-07-11 00:00:00+00:00,36.050289154052734,38.76989847183228,False,False
2018-07-12 00:00:00+00:00,36.542301177978516,38.76496831893921,False,False
2018-07-13 00:00:00+00:00,36.567317962646484,38.765640335083006,False,False
2018-07-16 00:00:00+00:00,36.36717987060547,38.76692716598511,False,False
2018-07-17 00:00:00+00:00,36.634033203125,38.767866191864016,False,False
2018-07-18 00:00:00+00:00,36.59233474731445,38.770261936187744,False,False
2018-07-19 00:00:00+00:00,36.14201736450195,38.77036796569824,False,False
2018-07-20 00:00:00+00:00,36.65904998779297,38.76818161010742,False,False
2018-07-23 00:00:00+00:00,36.41720962524414,38.76568315505981,False,False
2018-07-24 00:00:00+00:00,36.95092010498047,38.76201631546021,False,False
2018-07-25 00:00:00+00:00,37.55133056640625,38.759630603790285,False,False
2018-07-26 00:00:00+00:00,37.13438034057617,38.76118543624878,False,False
2018-07-27 00:00:00+00:00,37.26780700683594,38.76077798843384,False,False
2018-07-30 00:00:00+00:00,37.20943069458008,38.75920133590698,False,False
2018-07-31 00:00:00+00:00,37.409576416015625,38.756475868225095,False,False
2018-08-01 00:00:00+00:00,37.07600402832031,38.75483270645142,False,False
2018-08-02 00:00:00+00:00,36.58399200439453,38.749807853698734,False,False
2018-08-03 00:00:00+00:00,36.86752700805664,38.74244535446167,False,False
2018-08-06 00:00:00+00:00,36.58399200439453,38.73747993469238,False,False
2018-08-07 00:00:00+00:00,36.95926284790039,38.7306478881836,False,False
2018-08-08 00:00:00+00:00,36.90922164916992,38.72736530303955,False,False
2018-08-09 00:00:00+00:00,36.800811767578125,38.72313879013061,False,False
2018-08-10 00:00:00+00:00,36.01692581176758,38.71988008499145,False,False
2018-08-13 00:00:00+00:00,35.42485427856445,38.71270195007324,False,False
2018-08-14 00:00:00+00:00,35.641666412353516,38.702971572875974,False,False
2018-08-15 00:00:00+00:00,34.61594772338867,38.69559017181396,False,False
2018-08-16 00:00:00+00:00,34.832759857177734,38.680387001037595,False,False
2018-08-17 00:00:00+00:00,35.199684143066406,38.66745128631592,False,False
2018-08-20 00:00:00+00:00,35.35812759399414,38.65459547042847,False,False
2018-08-21 00:00:00+00:00,35.808448791503906,38.641552505493166,False,False
2018-08-22 00:00:00+00:00,36.09198760986328,38.6305163192749,False,False
2018-08-23 00:00:00+00:00,35.50824737548828,38.6218772315979,False,False
2018-08-24 00:00:00+00:00,36.16703414916992,38.60819746017456,False,False
2018-08-27 00:00:00+00:00,36.68406677246094,38.59903579711914,False,False
2018-08-28 00:00:00+00:00,36.550636291503906,38.591561546325686,False,False
2018-08-29 00:00:00+00:00,36.77579116821289,38.58460355758667,False,False
2018-08-30 00:00:00+00:00,35.8167839050293,38.57958745956421,False,False
2018-08-31 00:00:00+00:00,36.000247955322266,38.57018440246582,False,False
2018-09-04 00:00:00+00:00,35.29975891113281,38.56296363830566,False,False
2018-09-05 00:00:00+00:00,34.79107666015625,38.55321983337402,False,False
2018-09-06 00:00:00+00:00,34.82442855834961,38.53705598831177,False,False
2018-09-07 00:00:00+00:00,34.64930725097656,38.52012031555176,False,False
2018-09-10 00:00:00+00:00,34.30739974975586,38.50132966995239,False,False
2018-09-11 00:00:00+00:00,34.382450103759766,38.47825870513916,False,False
2018-09-12 00:00:00+00:00,34.55757141113281,38.45507329940796,False,False
2018-09-13 00:00:00+00:00,35.02457046508789,38.43317152023315,False,False
2018-09-14 00:00:00+00:00,34.9912109375,38.4164612197876,False,False
2018-09-17 00:00:00+00:00,34.67432403564453,38.39815593719482,False,False
2018-09-18 00:00:00+00:00,35.00789260864258,38.38132671356201,False,False
2018-09-19 00:00:00+00:00,35.49156188964844,38.3682465171814,False,False
2018-09-20 00:00:00+00:00,35.88350296020508,38.358645591735836,False,False
2018-09-21 00:00:00+00:00,36.050289154052734,38.350637111663815,False,False
2018-09-24 00:00:00+00:00,35.641666412353516,38.34358499526977,False,False
2018-09-25 00:00:00+00:00,35.783424377441406,38.337019805908206,False,False
2018-09-26 00:00:00+00:00,35.85848617553711,38.330632877349856,False,False
2018-09-27 00:00:00+00:00,36.033599853515625,38.322458515167234,False,False
2018-09-28 00:00:00+00:00,35.791770935058594,38.314221153259275,False,False
2018-10-01 00:00:00+00:00,35.800113677978516,38.30603969573975,False,False
2018-10-02 00:00:00+00:00,35.34980010986328,38.29565559387207,False,False
2018-10-03 00:00:00+00:00,35.05792999267578,38.28440731048584,False,False
2018-10-04 00:00:00+00:00,34.182308197021484,38.27129159927368,False,False
2018-10-05 00:00:00+00:00,34.05722427368164,38.251675834655764,False,False
2018-10-08 00:00:00+00:00,34.107261657714844,38.2324412727356,False,False
2018-10-09 00:00:00+00:00,33.9821662902832,38.21320835113525,False,False
2018-10-10 00:00:00+00:00,32.97312927246094,38.19210721969605,False,False
2018-10-11 00:00:00+00:00,32.63956069946289,38.164345302581786,False,False
2018-10-12 00:00:00+00:00,33.598567962646484,38.13508129119873,False,False
2018-10-15 00:00:00+00:00,33.23998260498047,38.110115146636964,False,False
2018-10-16 00:00:00+00:00,34.07390213012695,38.08203046798706,False,False
2018-10-17 00:00:00+00:00,33.65693283081055,38.05720407485962,False,False
2018-10-18 00:00:00+00:00,32.77299499511719,38.026605968475344,False,False
2018-10-19 00:00:00+00:00,33.08152770996094,37.989682598114015,False,False
2018-10-22 00:00:00+00:00,33.440128326416016,37.953307666778564,False,False
2018-10-23 00:00:00+00:00,33.07320022583008,37.916985836029056,False,False
2018-10-24 00:00:00+00:00,32.00577926635742,37.878829364776614,False,False
2018-10-25 00:00:00+00:00,32.62287902832031,37.835667266845704,False,False
2018-10-26 00:00:00+00:00,32.247615814208984,37.79687484741211,False,False
2018-10-29 00:00:00+00:00,31.688888549804688,37.754963359832765,False,False
2018-10-30 00:00:00+00:00,32.305992126464844,37.708311233520504,False,False
2018-10-31 00:00:00+00:00,32.6562385559082,37.665531673431396,False,False
2018-11-01 00:00:00+00:00,33.823726654052734,37.62181074142456,False,False
2018-11-02 00:00:00+00:00,34.04053497314453,37.58367872238159,False,False
2018-11-05 00:00:00+00:00,34.13227462768555,37.54493227005005,False,False
2018-11-06 00:00:00+00:00,34.07390213012695,37.505443210601804,False,False
2018-11-07 00:00:00+00:00,34.71601486206055,37.46466806411743,False,False
2018-11-08 00:00:00+00:00,33.81538391113281,37.42532220840454,False,False
2018-11-09 00:00:00+00:00,33.189945220947266,37.381597442626955,False,False
2018-11-12 00:00:00+00:00,32.722957611083984,37.331804256439206,False,False
2018-11-13 00:00:00+00:00,33.09821701049805,37.28294876098633,False,False
2018-11-14 00:00:00+00:00,33.29835510253906,37.23886934280395,False,False
2018-11-15 00:00:00+00:00,34.04053497314453,37.19396789550781,False,False
2018-11-16 00:00:00+00:00,34.107261657714844,37.15563570022583,False,False
2018-11-19 00:00:00+00:00,33.64860153198242,37.12298101425171,False,False
2018-11-20 00:00:00+00:00,32.923095703125,37.09515811920166,False,False
2018-11-21 00:00:00+00:00,33.53184127807617,37.05732824325562,False,False
2018-11-23 00:00:00+00:00,33.139915466308594,37.02892154693603,False,False
2018-11-26 00:00:00+00:00,33.54853057861328,37.005348987579346,False,False
2018-11-27 00:00:00+00:00,33.78202819824219,36.980795497894285,False,False
2018-11-28 00:00:00+00:00,34.59092330932617,36.95438543319702,False,False
2018-11-29 00:00:00+00:00,34.29071807861328,36.930528526306155,False,False
2018-11-30 00:00:00+00:00,34.25735855102539,36.90024097442627,False,False
2018-12-03 00:00:00+00:00,34.949520111083984,36.86564409255981,False,False
2018-12-04 00:00:00+00:00,34.20732879638672,36.835170860290525,False,False
2018-12-06 00:00:00+00:00,33.890438079833984,36.803803577423096,False,False
2018-12-07 00:00:00+00:00,33.256656646728516,36.77101755142212,False,False
2018-12-10 00:00:00+00:00,32.90641403198242,36.734938316345215,False,False
2018-12-11 00:00:00+00:00,33.15658950805664,36.693503856658936,False,False
2018-12-12 00:00:00+00:00,33.69863510131836,36.65141477584839,False,False
2018-12-13 00:00:00+00:00,33.690303802490234,36.61808395385742,False,False
2018-12-14 00:00:00+00:00,33.21497344970703,36.587611236572265,False,False
2018-12-17 00:00:00+00:00,32.90641403198242,36.555134754180905,False,False
2018-12-18 00:00:00+00:00,33.1298713684082,36.52028692245484,False,False
2018-12-19 00:00:00+00:00,32.57968521118164,36.486266441345215,False,False
2018-12-20 00:00:00+00:00,32.833621978759766,36.447630863189694,False,False
2018-12-21 00:00:00+00:00,32.60508346557617,36.410057830810544,False,False
2018-12-24 00:00:00+00:00,32.30036163330078,36.37130067825317,False,False
2018-12-26 00:00:00+00:00,32.94365692138672,36.32671169281006,False,False
2018-12-27 00:00:00+00:00,32.901329040527344,36.284842052459716,False,False
2018-12-28 00:00:00+00:00,33.21452713012695,36.24462495803833,False,False
2018-12-31 00:00:00+00:00,33.06216812133789,36.20564245223999,False,False
2019-01-02 00:00:00+00:00,33.146812438964844,36.16664377212524,False,False
2019-01-03 00:00:00+00:00,32.545833587646484,36.12852403640747,False,False
2019-01-04 00:00:00+00:00,33.59541702270508,36.08959493637085,False,False
2019-01-07 00:00:00+00:00,33.671600341796875,36.053676776885986,False,False
2019-01-08 00:00:00+00:00,33.79856491088867,36.01693820953369,False,False
2019-01-09 00:00:00+00:00,34.39954376220703,35.9876696395874,False,False
2019-01-10 00:00:00+00:00,34.64501190185547,35.96542421340942,False,False
2019-01-11 00:00:00+00:00,34.47572326660156,35.93810947418213,False,False
2019-01-14 00:00:00+00:00,34.18793869018555,35.913593730926515,False,False
2019-01-15 00:00:00+00:00,34.4249382019043,35.88863330841065,False,False
2019-01-16 00:00:00+00:00,34.84815216064453,35.860756721496585,False,False
2019-01-17 00:00:00+00:00,35.00052261352539,35.83860021591187,False,False
2019-01-18 00:00:00+00:00,35.16981506347656,35.81525857925415,False,False
2019-01-22 00:00:00+00:00,34.560367584228516,35.79268051147461,False,False
2019-01-23 00:00:00+00:00,34.91587448120117,35.76655811309814,False,False
2019-01-24 00:00:00+00:00,35.25445556640625,35.74610725402832,False,False
2019-01-25 00:00:00+00:00,35.72000503540039,35.727142162323,False,False
2019-01-28 00:00:00+00:00,35.347564697265625,35.706693744659425,False,False
2019-01-29 00:00:00+00:00,35.40681838989258,35.68430023193359,False,False
2019-01-30 00:00:00+00:00,36.17708206176758,35.66228588104248,True,False
2019-01-31 00:00:00+00:00,36.4818000793457,35.646111221313475,True,True
2019-02-01 00:00:00+00:00,36.19400405883789,35.63121162414551,True,True
2019-02-04 00:00:00+00:00,36.25326156616211,35.61445877075195,True,True
2019-02-05 00:00:00+00:00,36.752662658691406,35.59630373001099,True,True
2019-02-06 00:00:00+00:00,36.25326156616211,35.58180564880371,True,True
2019-02-07 00:00:00+00:00,35.889286041259766,35.56729606628418,True,True
2019-02-08 00:00:00+00:00,35.68614196777344,35.55254079818726,True,True
2019-02-11 00:00:00+00:00,35.5676383972168,35.53768115997315,True,True
2019-02-12 00:00:00+00:00,35.8638916015625,35.523720302581786,True,True
2019-02-13 00:00:00+00:00,35.609962463378906,35.50846519470215,True,True
2019-02-14 00:00:00+00:00,35.67767333984375,35.4907391166687,True,True
2019-02-15 00:00:00+00:00,35.62689208984375,35.474760093688964,True,True
2019-02-19 00:00:00+00:00,35.906211853027344,35.45947992324829,True,True
2019-02-20 00:00:00+00:00,36.1093635559082,35.44712907791138,True,True
2019-02-21 00:00:00+00:00,36.03318786621094,35.43620824813843,True,True
2019-02-22 00:00:00+00:00,36.43101501464844,35.42403661727905,True,True
2019-02-25 00:00:00+00:00,36.837303161621094,35.41497261047363,True,True
2019-02-26 00:00:00+00:00,36.7103385925293,35.40686298370361,True,True
2019-02-27 00:00:00+00:00,36.397151947021484,35.39774572372436,True,True
2019-02-28 00:00:00+00:00,35.923152923583984,35.383044261932376,True,True
2019-03-01 00:00:00+00:00,35.96547317504883,35.36630418777466,True,True
2019-03-04 00:00:00+00:00,36.016258239746094,35.34952716827392,True,True
2019-03-05 00:00:00+00:00,36.371761322021484,35.337063770294186,True,True
2019-03-06 00:00:00+00:00,36.168617248535156,35.323478088378906,True,True
2019-03-07 00:00:00+00:00,35.49992752075195,35.31185935974121,True,True
2019-03-08 00:00:00+00:00,35.24598693847656,35.29851272583008,False,True
2019-03-11 00:00:00+00:00,35.906211853027344,35.282736492156985,True,False
2019-03-12 00:00:00+00:00,36.092430114746094,35.26959859848022,True,True
2019-03-13 00:00:00+00:00,36.13475799560547,35.25747459411621,True,True
2019-03-14 00:00:00+00:00,35.94007110595703,35.24659782409668,True,True
2019-03-15 00:00:00+00:00,36.464874267578125,35.23396060943603,True,True
2019-03-18 00:00:00+00:00,36.87116241455078,35.22842132568359,True,True
2019-03-19 00:00:00+00:00,36.888092041015625,35.22342216491699,True,True
2019-03-20 00:00:00+00:00,36.94734573364258,35.21859048843384,True,True
2019-03-21 00:00:00+00:00,36.99812316894531,35.21140384674072,True,True
2019-03-22 00:00:00+00:00,35.91468048095703,35.202524166107175,True,True
2019-03-25 00:00:00+00:00,35.99932098388672,35.18971853256225,True,True
2019-03-26 00:00:00+00:00,36.1093635559082,35.174436378479,True,True
2019-03-27 00:00:00+00:00,35.72000503540039,35.16268705368042,True,True
2019-03-28 00:00:00+00:00,35.957008361816406,35.1493637084961,True,True
2019-03-29 00:00:00+00:00,36.329444885253906,35.13722537994385,True,True
2019-04-01 00:00:00+00:00,36.93041229248047,35.12744638442993,True,True
2019-04-02 00:00:00+00:00,36.81191635131836,35.12195636749268,True,True
2019-04-03 00:00:00+00:00,37.06584930419922,35.11715808868408,True,True
2019-04-04 00:00:00+00:00,37.29438400268555,35.11512077331543,True,True
2019-04-05 00:00:00+00:00,37.582176208496094,35.11650447845459,True,True
2019-04-08 00:00:00+00:00,37.582176208496094,35.12137031555176,True,True
2019-04-09 00:00:00+00:00,37.50600051879883,35.12544393539429,True,True
2019-04-10 00:00:00+00:00,37.68376159667969,35.1317218208313,True,True
2019-04-11 00:00:00+00:00,37.27745819091797,35.13701215744018,True,True
2019-04-12 00:00:00+00:00,37.54832077026367,35.142731037139896,True,True
2019-04-15 00:00:00+00:00,37.353641510009766,35.150513076782225,True,True
2019-04-16 00:00:00+00:00,37.63296890258789,35.16078248977661,True,True
2019-04-17 00:00:00+00:00,37.74300003051758,35.17094747543335,True,True
2019-04-18 00:00:00+00:00,37.71760940551758,35.17899406433106,True,True
2019-04-22 00:00:00+00:00,37.47214126586914,35.188706645965574,True,True
2019-04-23 00:00:00+00:00,37.55678176879883,35.19706678390503,True,True
2019-04-24 00:00:00+00:00,37.04892349243164,35.20630878448486,True,True
2019-04-25 00:00:00+00:00,36.99812316894531,35.210551471710204,True,True
2019-04-26 00:00:00+00:00,37.14202117919922,35.211287860870364,True,True
2019-04-29 00:00:00+00:00,37.218204498291016,35.21316070556641,True,True
2019-04-30 00:00:00+00:00,37.184349060058594,35.219000282287595,True,True
2019-05-01 00:00:00+00:00,36.90502166748047,35.222210521697995,True,True
2019-05-02 00:00:00+00:00,36.98966598510742,35.223899040222165,True,True
2019-05-03 00:00:00+00:00,37.4298210144043,35.22701147079468,True,True
2019-05-06 00:00:00+00:00,36.65955352783203,35.230990409851074,True,True
2019-05-07 00:00:00+00:00,35.94007110595703,35.231326503753664,True,True
2019-05-08 00:00:00+00:00,35.889286041259766,35.23031677246094,True,True
2019-05-09 00:00:00+00:00,35.322166442871094,35.22646795272827,True,True
2019-05-10 00:00:00+00:00,35.533782958984375,35.220992736816406,True,True
2019-05-13 00:00:00+00:00,34.34876251220703,35.21390705108642,False,True
2019-05-14 00:00:00+00:00,34.83123016357422,35.19789421081543,False,False
2019-05-15 00:00:00+00:00,34.89895248413086,35.18637845993042,False,False
2019-05-16 00:00:00+00:00,34.729652404785156,35.174534187316894,False,False
2019-05-17 00:00:00+00:00,34.10329055786133,35.16213529586792,False,False
2019-05-20 00:00:00+00:00,33.95939254760742,35.14560386657715,False,False
2019-05-21 00:00:00+00:00,34.391082763671875,35.13002080917359,False,False
2019-05-22 00:00:00+00:00,34.22179412841797,35.11905626296997,False,False
2019-05-23 00:00:00+00:00,33.781646728515625,35.10582759857178,False,False
2019-05-24 00:00:00+00:00,33.81550216674805,35.091815872192385,False,False
2019-05-28 00:00:00+00:00,33.93399429321289,35.07609706878662,False,False
2019-05-29 00:00:00+00:00,34.154075622558594,35.06122093200683,False,False
2019-05-30 00:00:00+00:00,34.340293884277344,35.04798725128174,False,False
2019-05-31 00:00:00+00:00,34.458797454833984,35.039604091644286,False,False
2019-06-03 00:00:00+00:00,34.77198791503906,35.03477380752563,False,False
2019-06-04 00:00:00+00:00,34.84815216064453,35.03042541503906,False,False
2019-06-05 00:00:00+00:00,34.56883239746094,35.03158643722534,False,False
2019-06-06 00:00:00+00:00,34.58576583862305,35.03026679992676,False,False
2019-06-07 00:00:00+00:00,34.85661697387695,35.027197208404544,False,False
2019-06-10 00:00:00+00:00,35.220603942871094,35.02468965530395,True,False
2019-06-11 00:00:00+00:00,35.61842346191406,35.02175043106079,True,True
2019-06-12 00:00:00+00:00,35.23752975463867,35.019382610321045,True,True
2019-06-13 00:00:00+00:00,35.17827224731445,35.018029022216794,True,True
2019-06-14 00:00:00+00:00,34.78890609741211,35.01308521270752,False,True
2019-06-17 00:00:00+00:00,34.92622375488281,35.00360940933228,False,False
2019-06-18 00:00:00+00:00,35.770599365234375,34.99548734664917,True,False
2019-06-19 00:00:00+00:00,36.06911087036133,34.99046138763428,True,True
2019-06-20 00:00:00+00:00,36.5979118347168,34.99172302246094,True,True
2019-06-21 00:00:00+00:00,36.4785041809082,34.99471134185791,True,True
2019-06-24 00:00:00+00:00,36.42733383178711,35.00060506820679,True,True
2019-06-25 00:00:00+00:00,36.05205535888672,35.00878635406494,True,True
2019-06-26 00:00:00+00:00,36.39320755004883,35.01492448806763,True,True
2019-06-27 00:00:00+00:00,36.64908218383789,35.02364398956299,True,True
2019-06-28 00:00:00+00:00,36.5979118347168,35.0353524017334,True,True
2019-07-01 00:00:00+00:00,37.03288650512695,35.04642971038818,True,True
2019-07-02 00:00:00+00:00,36.93906784057617,35.058806285858154,True,True
2019-07-03 00:00:00+00:00,36.8708381652832,35.0683787727356,True,True
2019-07-05 00:00:00+00:00,36.614967346191406,35.07777690887451,True,True
2019-07-08 00:00:00+00:00,36.39320755004883,35.08748012542725,True,True
2019-07-09 00:00:00+00:00,36.2823371887207,35.09440670013428,True,True
2019-07-10 00:00:00+00:00,36.58937454223633,35.09836057662964,True,True
2019-07-11 00:00:00+00:00,36.52115249633789,35.1018899345398,True,True
2019-07-12 00:00:00+00:00,36.54673767089844,35.104244251251224,True,True
2019-07-15 00:00:00+00:00,36.68320083618164,35.10876960754395,True,True
2019-07-16 00:00:00+00:00,36.63202667236328,35.113268489837644,True,True
2019-07-17 00:00:00+00:00,36.52115249633789,35.11713619232178,True,True
2019-07-18 00:00:00+00:00,36.74290466308594,35.11957395553589,True,True
2019-07-19 00:00:00+00:00,36.55526351928711,35.12432962417603,True,True
2019-07-22 00:00:00+00:00,36.56379699707031,35.12810537338257,True,True
2019-07-23 00:00:00+00:00,36.606441497802734,35.134175357818606,True,True
2019-07-24 00:00:00+00:00,36.666141510009766,35.14191791534424,True,True
2019-07-25 00:00:00+00:00,36.342037200927734,35.154337081909176,True,True
2019-07-26 00:00:00+00:00,36.41880416870117,35.16576114654541,True,True
2019-07-29 00:00:00+00:00,36.35056686401367,35.17731885910034,True,True
2019-07-30 00:00:00+00:00,36.06911087036133,35.18916086196899,True,True
2019-07-31 00:00:00+00:00,35.625606536865234,35.204640769958495,True,True
2019-08-01 00:00:00+00:00,34.92622375488281,35.21957099914551,False,True
2019-08-02 00:00:00+00:00,34.58507537841797,35.22620927810669,False,False
2019-08-05 00:00:00+00:00,33.30572509765625,35.23293474197388,False,False
2019-08-06 00:00:00+00:00,33.78334426879883,35.229093856811524,False,False
2019-08-07 00:00:00+00:00,33.93686294555664,35.22972591400146,False,False
2019-08-08 00:00:00+00:00,34.35478973388672,35.23554525375366,False,False
2019-08-09 00:00:00+00:00,34.00509262084961,35.24191156387329,False,False
2019-08-12 00:00:00+00:00,33.595706939697266,35.24473638534546,False,False
2019-08-13 00:00:00+00:00,34.02215576171875,35.247348918914795,False,False
2019-08-14 00:00:00+00:00,33.04132843017578,35.2574308013916,False,False
2019-08-15 00:00:00+00:00,33.26307678222656,35.25952304840088,False,False
2019-08-16 00:00:00+00:00,33.723636627197266,35.264600353240965,False,False
2019-08-19 00:00:00+00:00,33.860103607177734,35.27477409362793,False,False
2019-08-20 00:00:00+00:00,33.9283332824707,35.28254465103149,False,False
2019-08-21 00:00:00+00:00,34.252437591552734,35.2889051246643,False,False
2019-08-22 00:00:00+00:00,33.808937072753906,35.2910486793518,False,False
2019-08-23 00:00:00+00:00,33.30572509765625,35.289890689849855,False,False
2019-08-26 00:00:00+00:00,33.484825134277344,35.28575794219971,False,False
2019-08-27 00:00:00+00:00,33.54453659057617,35.28281255722046,False,False
2019-08-28 00:00:00+00:00,33.638343811035156,35.276955165863036,False,False
2019-08-29 00:00:00+00:00,34.01362991333008,35.27606996536255,False,False
2019-08-30 00:00:00+00:00,34.27802276611328,35.28018838882446,False,False
2019-09-03 00:00:00+00:00,34.0648078918457,35.28796371459961,False,False
2019-09-04 00:00:00+00:00,34.6362419128418,35.29279666900635,False,False
2019-09-05 00:00:00+00:00,35.02857208251953,35.29948610305786,False,False
2019-09-06 00:00:00+00:00,35.18209457397461,35.30442628860474,False,False
2019-09-09 00:00:00+00:00,35.2929801940918,35.309800453186035,False,False
2019-09-10 00:00:00+00:00,35.31855773925781,35.31802234649658,True,False
2019-09-11 00:00:00+00:00,35.56589889526367,35.329999656677245,True,True
2019-09-12 00:00:00+00:00,35.8217658996582,35.34016994476318,True,True
2019-09-13 00:00:00+00:00,36.026466369628906,35.35357919692993,True,True
2019-09-16 00:00:00+00:00,35.74501037597656,35.36596887588501,True,True
2019-09-17 00:00:00+00:00,35.74501037597656,35.37578378677368,True,True
2019-09-18 00:00:00+00:00,35.60002136230469,35.381554222106935,True,True
2019-09-19 00:00:00+00:00,35.45502471923828,35.38810073852539,True,True
2019-09-20 00:00:00+00:00,35.4891471862793,35.39408906936646,True,True
2019-09-23 00:00:00+00:00,35.523258209228516,35.39678720474243,True,True
2019-09-24 00:00:00+00:00,35.147987365722656,35.40336685180664,False,True
2019-09-25 00:00:00+00:00,35.12238693237305,35.40965459823608,False,False
2019-09-26 00:00:00+00:00,35.11385726928711,35.41898324966431,False,False
2019-09-27 00:00:00+00:00,34.661827087402344,35.43002046585083,False,False
2019-09-30 00:00:00+00:00,34.857994079589844,35.43754665374756,False,False
2019-10-01 00:00:00+00:00,34.610660552978516,35.44334344863891,False,False
2019-10-02 00:00:00+00:00,34.346256256103516,35.447945232391355,False,False
2019-10-03 00:00:00+00:00,34.78976058959961,35.45360164642334,False,False
2019-10-04 00:00:00+00:00,34.94329071044922,35.46301837921143,False,False
2019-10-07 00:00:00+00:00,34.65330123901367,35.47208547592163,False,False
2019-10-08 00:00:00+00:00,34.40596008300781,35.48245355606079,False,False
2019-10-09 00:00:00+00:00,34.67036056518555,35.49031524658203,False,False
2019-10-10 00:00:00+00:00,35.02857208251953,35.500641632080075,False,False
2019-10-11 00:00:00+00:00,35.59148406982422,35.51428268432617,True,False
2019-10-14 00:00:00+00:00,35.43797302246094,35.52752182006836,False,True
2019-10-15 00:00:00+00:00,35.753536224365234,35.54020503997803,True,False
2019-10-16 00:00:00+00:00,35.85588836669922,35.55290008544922,True,True
2019-10-17 00:00:00+00:00,35.99235534667969,35.566868686676024,True,True
2019-10-18 00:00:00+00:00,35.80471420288086,35.5810964012146,True,True
2019-10-21 00:00:00+00:00,36.12881851196289,35.59739080429077,True,True
2019-10-22 00:00:00+00:00,36.15440368652344,35.61005781173706,True,True
2019-10-23 00:00:00+00:00,36.16292953491211,35.6224718284607,True,True
2019-10-24 00:00:00+00:00,36.16292953491211,35.63429365158081,True,True
2019-10-25 00:00:00+00:00,36.41880416870117,35.643110580444336,True,True
2019-10-28 00:00:00+00:00,36.63202667236328,35.651979541778566,True,True
2019-10-29 00:00:00+00:00,36.44438934326172,35.66276105880738,True,True
2019-10-30 00:00:00+00:00,36.606441497802734,35.674043312072754,True,True
2019-10-31 00:00:00+00:00,36.31645584106445,35.684950828552246,True,True
2019-11-01 00:00:00+00:00,36.862308502197266,35.692292346954346,True,True
2019-11-04 00:00:00+00:00,37.22905349731445,35.7016012763977,True,True
2019-11-05 00:00:00+00:00,37.44227981567383,35.711897468566896,True,True
2019-11-06 00:00:00+00:00,37.322872161865234,35.72630702972412,True,True
2019-11-07 00:00:00+00:00,37.59579849243164,35.73834201812744,True,True
2019-11-08 00:00:00+00:00,37.254638671875,35.75004873275757,True,True
2019-11-11 00:00:00+00:00,36.99024200439453,35.75772190093994,True,True
2019-11-12 00:00:00+00:00,36.75143051147461,35.765935287475585,True,True
2019-11-13 00:00:00+00:00,36.469970703125,35.772658348083496,True,True
2019-11-14 00:00:00+00:00,36.49556350708008,35.77412279129028,True,True
2019-11-15 00:00:00+00:00,36.78554916381836,35.77419160842896,True,True
2019-11-18 00:00:00+00:00,36.72584533691406,35.77714933395386,True,True
2019-11-19 00:00:00+00:00,36.802608489990234,35.77951225280762,True,True
2019-11-20 00:00:00+00:00,36.64055633544922,35.779761981964114,True,True
2019-11-21 00:00:00+00:00,36.56379699707031,35.78169845581055,True,True
2019-11-22 00:00:00+00:00,36.56379699707031,35.7850710105896,True,True
2019-11-25 00:00:00+00:00,36.93053436279297,35.789459285736086,True,True
2019-11-26 00:00:00+00:00,36.81965637207031,35.79627376556397,True,True
2019-11-27 00:00:00+00:00,36.862308502197266,35.80105258941651,True,True
2019-11-29 00:00:00+00:00,36.2823371887207,35.8073143196106,True,True
2019-12-02 00:00:00+00:00,36.2738037109375,35.81033763885498,True,True
2019-12-03 00:00:00+00:00,36.08617401123047,35.81357219696045,True,True
2019-12-04 00:00:00+00:00,36.35910415649414,35.81447200775146,True,True
2019-12-05 00:00:00+00:00,36.52115249633789,35.81572071075439,True,True
2019-12-06 00:00:00+00:00,36.73436737060547,35.81816053390503,True,True
2019-12-09 00:00:00+00:00,36.58937454223633,35.81967729568481,True,True
2019-12-10 00:00:00+00:00,36.71731185913086,35.81843765258789,True,True
2019-12-11 00:00:00+00:00,37.254638671875,35.8184725189209,True,True
2019-12-12 00:00:00+00:00,37.90284729003906,35.82275995254517,True,True
2019-12-13 00:00:00+00:00,37.885780334472656,35.83265842437744,True,True
2019-12-16 00:00:00+00:00,38.20723342895508,35.84225996017456,True,True
2019-12-17 00:00:00+00:00,38.55567169189453,35.85321483612061,True,True
2019-12-18 00:00:00+00:00,38.76474380493164,35.86413438796997,True,True
2019-12-19 00:00:00+00:00,38.78217697143555,35.87711502075195,True,True
2019-12-20 00:00:00+00:00,38.86056137084961,35.893526268005374,True,True
2019-12-23 00:00:00+00:00,38.91283416748047,35.91159914016723,True,True
2019-12-24 00:00:00+00:00,38.825721740722656,35.926632251739505,True,True
2019-12-26 00:00:00+00:00,39.10448455810547,35.94029870986938,True,True
2019-12-27 00:00:00+00:00,39.26129150390625,35.95514734268188,True,True
2019-12-30 00:00:00+00:00,38.99995040893555,35.971753444671634,True,True
2019-12-31 00:00:00+00:00,39.08705520629883,35.984428825378416,True,True
2020-01-02 00:00:00+00:00,39.87977600097656,35.99550828933716,True,True
2020-01-03 00:00:00+00:00,39.13932418823242,36.01046670913696,True,True
2020-01-06 00:00:00+00:00,39.04349899291992,36.021426601409914,True,True
2020-01-07 00:00:00+00:00,39.01736831665039,36.03165348052978,True,True
2020-01-08 00:00:00+00:00,39.243858337402344,36.04716691970825,True,True
2020-01-09 00:00:00+00:00,39.50519561767578,36.06338960647583,True,True
2020-01-10 00:00:00+00:00,39.71426773071289,36.080368766784666,True,True
2020-01-13 00:00:00+00:00,40.33275604248047,36.10034008026123,True,True
2020-01-14 00:00:00+00:00,40.10627365112305,36.12221881866455,True,True
2020-01-15 00:00:00+00:00,39.79267120361328,36.141102962493896,True,True
2020-01-16 00:00:00+00:00,40.045284271240234,36.15541425704956,True,True
2020-01-17 00:00:00+00:00,40.27178192138672,36.17158109664917,True,True
2020-01-21 00:00:00+00:00,39.25257110595703,36.18761075973511,True,True
2020-01-22 00:00:00+00:00,39.574893951416016,36.197401695251465,True,True
2020-01-23 00:00:00+00:00,39.165462493896484,36.20736528396606,True,True
2020-01-24 00:00:00+00:00,38.85185241699219,36.21528171539307,True,True
2020-01-27 00:00:00+00:00,37.510337829589844,36.222010974884036,True,True
2020-01-28 00:00:00+00:00,37.82393264770508,36.221143856048585,True,True
2020-01-29 00:00:00+00:00,38.006874084472656,36.22387622833252,True,True
2020-01-30 00:00:00+00:00,37.44063949584961,36.22616899490357,True,True
2020-01-31 00:00:00+00:00,36.682769775390625,36.226603984832764,True,True
2020-02-03 00:00:00+00:00,37.09220504760742,36.221852989196776,True,True
2020-02-04 00:00:00+00:00,38.05043029785156,36.218599014282226,True,True
2020-02-05 00:00:00+00:00,38.268211364746094,36.220263118743894,True,True
2020-02-06 00:00:00+00:00,38.30305099487305,36.22424346923828,True,True
2020-02-07 00:00:00+00:00,37.77166748046875,36.227974815368654,True,True
2020-02-10 00:00:00+00:00,37.98073959350586,36.23158853530884,True,True
2020-02-11 00:00:00+00:00,38.47727584838867,36.23650161743164,True,True
2020-02-12 00:00:00+00:00,38.99995040893555,36.24317789077759,True,True
2020-02-13 00:00:00+00:00,38.48598861694336,36.25208662033081,True,True
2020-02-14 00:00:00+00:00,38.5034065246582,36.258594818115235,True,True
2020-02-18 00:00:00+00:00,38.250789642333984,36.266586742401124,True,True
2020-02-19 00:00:00+00:00,38.529537200927734,36.27289236068726,True,True
2020-02-20 00:00:00+00:00,37.928466796875,36.278390941619875,True,True
2020-02-21 00:00:00+00:00,37.710689544677734,36.28473550796509,True,True
2020-02-24 00:00:00+00:00,36.299476623535156,36.29358860015869,True,True
2020-02-25 00:00:00+00:00,36.01200866699219,36.29563955307007,False,True
2020-02-26 00:00:00+00:00,36.299476623535156,36.29908876419067,True,False
2020-02-27 00:00:00+00:00,35.42836380004883,36.30291723251343,False,True
2020-02-28 00:00:00+00:00,35.29769515991211,36.30831523895264,False,False
2020-03-02 00:00:00+00:00,36.064273834228516,36.310647563934324,False,False
2020-03-03 00:00:00+00:00,35.82036209106445,36.31647417068481,False,False
2020-03-04 00:00:00+00:00,36.45628356933594,36.32192771911621,True,False
2020-03-05 00:00:00+00:00,35.68970489501953,36.333692684173585,False,True
2020-03-06 00:00:00+00:00,34.95796585083008,36.342344245910645,False,False
2020-03-09 00:00:00+00:00,32.571102142333984,36.34517866134644,False,False
2020-03-10 00:00:00+00:00,34.226226806640625,36.336925201416015,False,False
2020-03-11 00:00:00+00:00,32.632076263427734,36.33914810180664,False,False
2020-03-12 00:00:00+00:00,29.365381240844727,36.33323097229004,False,False
2020-03-13 00:00:00+00:00,31.482192993164062,36.3103879070282,False,False
2020-03-16 00:00:00+00:00,27.55345916748047,36.29702849388123,False,False
2020-03-17 00:00:00+00:00,29.452495574951172,36.26309432029724,False,False
2020-03-18 00:00:00+00:00,26.908832550048828,36.23806281089783,False,False
2020-03-19 00:00:00+00:00,27.117897033691406,36.19874703407287,False,False
2020-03-20 00:00:00+00:00,27.318256378173828,36.16009575843811,False,False
2020-03-23 00:00:00+00:00,26.6649169921875,36.12384287834168,False,False
2020-03-24 00:00:00+00:00,28.668489456176758,36.0842386341095,False,False
2020-03-25 00:00:00+00:00,29.67898178100586,36.053297996520996,False,False
2020-03-26 00:00:00+00:00,30.802724838256836,36.02558988571167,False,False
2020-03-27 00:00:00+00:00,29.051773071289062,36.001511392593386,False,False
2020-03-30 00:00:00+00:00,29.530899047851562,35.97058260917664,False,False
2020-03-31 00:00:00+00:00,29.73125648498535,35.942345743179324,False,False
2020-04-01 00:00:00+00:00,28.45941925048828,35.917057495117184,False,False
2020-04-02 00:00:00+00:00,29.417654037475586,35.88472347259521,False,False
2020-04-03 00:00:00+00:00,28.860137939453125,35.85295874595642,False,False
2020-04-06 00:00:00+00:00,30.436853408813477,35.81691388130188,False,False
2020-04-07 00:00:00+00:00,30.593656539916992,35.786108589172365,False,False
2020-04-08 00:00:00+00:00,30.907262802124023,35.756684350967404,False,False
2020-04-09 00:00:00+00:00,30.794021606445312,35.72908399581909,False,False
2020-04-13 00:00:00+00:00,30.83757972717285,35.70279382705689,False,False
2020-04-14 00:00:00+00:00,31.543170928955078,35.675015687942505,False,False
2020-04-15 00:00:00+00:00,30.733036041259766,35.64948613166809,False,False
2020-04-16 00:00:00+00:00,30.89855194091797,35.6201617527008,False,False
2020-04-17 00:00:00+00:00,31.586732864379883,35.58949007987976,False,False
2020-04-20 00:00:00+00:00,31.18601417541504,35.56272840499878,False,False
2020-04-21 00:00:00+00:00,30.3236141204834,35.53430428504944,False,False
2020-04-22 00:00:00+00:00,31.15117835998535,35.5028475189209,False,False
2020-04-23 00:00:00+00:00,31.03792953491211,35.47663737297058,False,False
2020-04-24 00:00:00+00:00,30.9943790435791,35.45041533470154,False,False
2020-04-27 00:00:00+00:00,31.621580123901367,35.42244035720825,False,False
2020-04-28 00:00:00+00:00,31.68256187438965,35.39794249534607,False,False
2020-04-29 00:00:00+00:00,32.60593032836914,35.37362161636352,False,False
2020-04-30 00:00:00+00:00,31.917760848999023,35.353235263824466,False,False
2020-05-01 00:00:00+00:00,30.767879486083984,35.32966393470764,False,False
2020-05-04 00:00:00+00:00,31.09891128540039,35.30089756965637,False,False
2020-05-05 00:00:00+00:00,31.27312469482422,35.27267760276794,False,False
2020-05-06 00:00:00+00:00,31.177310943603516,35.24626690864563,False,False
2020-05-07 00:00:00+00:00,31.429933547973633,35.21933447837829,False,False
2020-05-08 00:00:00+00:00,32.091983795166016,35.19345193862915,False,False
2020-05-11 00:00:00+00:00,31.882911682128906,35.17058115005493,False,False
2020-05-12 00:00:00+00:00,31.76095199584961,35.14828552246094,False,False
2020-05-13 00:00:00+00:00,31.699979782104492,35.12499626159668,False,False
2020-05-14 00:00:00+00:00,31.821929931640625,35.10174332618713,False,False
2020-05-15 00:00:00+00:00,31.38637924194336,35.08050742149353,False,False
2020-05-18 00:00:00+00:00,32.614654541015625,35.05931128501892,False,False
2020-05-19 00:00:00+00:00,32.35331726074219,35.047753438949584,False,False
2020-05-20 00:00:00+00:00,32.7801628112793,35.03659464836121,False,False
2020-05-21 00:00:00+00:00,32.40558624267578,35.033966836929324,False,False
2020-05-22 00:00:00+00:00,31.734825134277344,35.02707804679871,False,False
2020-05-26 00:00:00+00:00,32.431724548339844,35.01606785774231,False,False
2020-05-27 00:00:00+00:00,32.536251068115234,35.006452531814574,False,False
2020-05-28 00:00:00+00:00,32.30976486206055,34.9991083240509,False,False
2020-05-29 00:00:00+00:00,32.867279052734375,34.99267861366272,False,False
2020-06-01 00:00:00+00:00,33.62514877319336,34.9869042301178,False,False
2020-06-02 00:00:00+00:00,34.426578521728516,34.98982333183289,False,False
2020-06-03 00:00:00+00:00,35.22800064086914,34.9956408405304,True,False
2020-06-04 00:00:00+00:00,34.73146438598633,35.003162660598754,False,True
2020-06-05 00:00:00+00:00,35.64614486694336,35.007519464492795,True,False
2020-06-08 00:00:00+00:00,35.86391830444336,35.01610852241516,True,True
2020-06-09 00:00:00+00:00,35.62001419067383,35.02416592597962,True,True
2020-06-10 00:00:00+00:00,35.88134765625,35.033221311569214,True,True
2020-06-11 00:00:00+00:00,34.00844192504883,35.04609942436218,False,True
2020-06-12 00:00:00+00:00,34.73146438598633,35.04871750831604,False,False
2020-06-15 00:00:00+00:00,34.41604995727539,35.05465214729309,False,False
2020-06-16 00:00:00+00:00,34.63508987426758,35.05854067802429,False,False
2020-06-17 00:00:00+00:00,34.96803665161133,35.06164797782898,False,False
2020-06-18 00:00:00+00:00,34.98556137084961,35.06509804725647,False,False
2020-06-19 00:00:00+00:00,34.97679901123047,35.06970181465149,False,False
2020-06-22 00:00:00+00:00,35.4061164855957,35.07140460014343,True,False
2020-06-23 00:00:00+00:00,35.74782943725586,35.073292322158814,True,True
2020-06-24 00:00:00+00:00,35.27470016479492,35.07612099647522,True,True
2020-06-25 00:00:00+00:00,35.423648834228516,35.07602959632874,True,True
2020-06-26 00:00:00+00:00,34.994319915771484,35.07655505180359,False,True
2020-06-29 00:00:00+00:00,35.15203094482422,35.07369715690613,True,False
2020-06-30 00:00:00+00:00,35.03813552856445,35.070348482131955,False,True
2020-07-01 00:00:00+00:00,35.43240737915039,35.06540682792664,True,False
2020-07-02 00:00:00+00:00,36.238487243652344,35.06384381294251,True,True
2020-07-06 00:00:00+00:00,37.79807662963867,35.06631119728088,True,True
2020-07-07 00:00:00+00:00,37.1672248840332,35.07730147361755,True,True
2020-07-08 00:00:00+00:00,38.131019592285156,35.08586247444153,True,True
2020-07-09 00:00:00+00:00,38.131019592285156,35.09907183647156,True,True
2020-07-10 00:00:00+00:00,37.88569641113281,35.11211064338684,True,True
2020-07-13 00:00:00+00:00,37.63160705566406,35.12579918861389,True,True
2020-07-14 00:00:00+00:00,37.68416976928711,35.138345289230344,True,True
2020-07-15 00:00:00+00:00,37.79807662963867,35.15119685173035,True,True
2020-07-16 00:00:00+00:00,37.26361083984375,35.166878099441526,True,True
2020-07-17 00:00:00+00:00,37.4738883972168,35.178906183242795,True,True
2020-07-20 00:00:00+00:00,37.955780029296875,35.19322232246399,True,True
2020-07-21 00:00:00+00:00,38.306251525878906,35.21126994132996,True,True
2020-07-22 00:00:00+00:00,38.1397819519043,35.228852396011355,True,True
2020-07-23 00:00:00+00:00,37.83312225341797,35.24483485221863,True,True
2020-07-24 00:00:00+00:00,37.79807662963867,35.26073395729065,True,True
2020-07-27 00:00:00+00:00,38.38511276245117,35.2776945400238,True,True
2020-07-28 00:00:00+00:00,38.06968688964844,35.29626830101013,True,True
2020-07-29 00:00:00+00:00,38.68301010131836,35.31147387504578,True,True
2020-07-30 00:00:00+00:00,38.192352294921875,35.32693150520325,True,True
2020-07-31 00:00:00+00:00,37.929500579833984,35.34070340156555,True,True
2020-08-03 00:00:00+00:00,38.192352294921875,35.35158322334289,True,True
2020-08-04 00:00:00+00:00,38.70051956176758,35.36326554298401,True,True
2020-08-05 00:00:00+00:00,39.12109375,35.37680636405945,True,True
2020-08-06 00:00:00+00:00,39.24375534057617,35.393388261795046,True,True
2020-08-07 00:00:00+00:00,38.437679290771484,35.40896294593811,True,True
2020-08-10 00:00:00+00:00,38.5340576171875,35.42037932395935,True,True
2020-08-11 00:00:00+00:00,38.42892074584961,35.43223496437073,True,True
2020-08-12 00:00:00+00:00,38.945865631103516,35.443564920425416,True,True
2020-08-13 00:00:00+00:00,38.83195877075195,35.456200227737426,True,True
2020-08-14 00:00:00+00:00,38.76186752319336,35.46719988822937,True,True
2020-08-17 00:00:00+00:00,39.25251388549805,35.47878727912903,True,True
2020-08-18 00:00:00+00:00,39.20870590209961,35.492017641067505,True,True
2020-08-19 00:00:00+00:00,38.72682189941406,35.50647889137268,True,True
2020-08-20 00:00:00+00:00,38.60415267944336,35.515801458358766,True,True
2020-08-21 00:00:00+00:00,38.796913146972656,35.52267695426941,True,True
2020-08-24 00:00:00+00:00,39.22623825073242,35.5294501209259,True,True
2020-08-25 00:00:00+00:00,39.62051010131836,35.53896695137024,True,True
2020-08-26 00:00:00+00:00,39.725650787353516,35.549090509414675,True,True
2020-08-27 00:00:00+00:00,39.39270782470703,35.56144556999207,True,True
2020-08-28 00:00:00+00:00,39.909645080566406,35.573457899093626,True,True
2020-08-31 00:00:00+00:00,39.024723052978516,35.589248971939085,True,True
2020-09-01 00:00:00+00:00,39.690608978271484,35.60202273368836,True,True
2020-09-02 00:00:00+00:00,39.58546829223633,35.61799796104431,True,True
2020-09-03 00:00:00+00:00,38.83195877075195,35.6319975566864,True,True
2020-09-04 00:00:00+00:00,38.8494873046875,35.64252812385559,True,True
2020-09-08 00:00:00+00:00,38.174827575683594,35.65276251792908,True,True
2020-09-09 00:00:00+00:00,38.74433898925781,35.66043387413025,True,True
2020-09-10 00:00:00+00:00,38.12226104736328,35.671336584091186,True,True
2020-09-11 00:00:00+00:00,38.4902458190918,35.679128904342654,True,True
2020-09-14 00:00:00+00:00,39.112327575683594,35.686927461624144,True,True
2020-09-15 00:00:00+00:00,39.52413558959961,35.69839081764221,True,True
2020-09-16 00:00:00+00:00,39.471561431884766,35.711699953079226,True,True
2020-09-17 00:00:00+00:00,39.31385040283203,35.727646074295045,True,True
2020-09-18 00:00:00+00:00,39.00719451904297,35.74284630775452,True,True
2020-09-21 00:00:00+00:00,38.64796447753906,35.75745141029358,True,True
2020-09-22 00:00:00+00:00,38.35882568359375,35.76889571189881,True,True
2020-09-23 00:00:00+00:00,37.763023376464844,35.77808407783508,True,True
2020-09-24 00:00:00+00:00,37.587799072265625,35.78322735786438,True,True
2020-09-25 00:00:00+00:00,37.62283706665039,35.78821948051453,True,True
2020-09-28 00:00:00+00:00,38.04339599609375,35.79274710655213,True,True
2020-09-29 00:00:00+00:00,38.01710891723633,35.79669089317322,True,True
2020-09-30 00:00:00+00:00,38.63043975830078,35.7972622013092,True,True
2020-10-01 00:00:00+00:00,38.98966979980469,35.800985498428346,True,True
2020-10-02 00:00:00+00:00,38.542816162109375,35.80489768028259,True,True
2020-10-05 00:00:00+00:00,39.05976104736328,35.80483340263367,True,True
2020-10-06 00:00:00+00:00,39.12984848022461,35.80630848884582,True,True
2020-10-07 00:00:00+00:00,39.559181213378906,35.80804684638977,True,True
2020-10-08 00:00:00+00:00,39.88336181640625,35.81153994560242,True,True
2020-10-09 00:00:00+00:00,40.15497589111328,35.81639258384705,True,True
2020-10-12 00:00:00+00:00,40.50544357299805,35.823038854599,True,True
2020-10-13 00:00:00+00:00,40.33897399902344,35.83004364967346,True,True
2020-10-14 00:00:00+00:00,40.067359924316406,35.835432062149046,True,True
2020-10-15 00:00:00+00:00,39.778228759765625,35.840769109725954,True,True
2020-10-16 00:00:00+00:00,39.91840744018555,35.84422497749328,True,True
2020-10-19 00:00:00+00:00,39.804508209228516,35.844418134689334,True,True
2020-10-20 00:00:00+00:00,40.24259567260742,35.84774405479431,True,True
2020-10-21 00:00:00+00:00,40.35649490356445,35.85373953819275,True,True
2020-10-22 00:00:00+00:00,40.34773635864258,35.86043517112732,True,True
2020-10-23 00:00:00+00:00,40.58430099487305,35.86595456123352,True,True
2020-10-26 00:00:00+00:00,40.05860137939453,35.871350088119506,True,True
2020-10-27 00:00:00+00:00,40.23382568359375,35.87307175636292,True,True
2020-10-28 00:00:00+00:00,39.22623825073242,35.87257710456848,True,True
2020-10-29 00:00:00+00:00,39.62051010131836,35.86817692756653,True,True
2020-10-30 00:00:00+00:00,39.17365264892578,35.86731612205505,True,True
2020-11-02 00:00:00+00:00,39.67307662963867,35.86295796394348,True,True
2020-11-03 00:00:00+00:00,39.848323822021484,35.85996443748474,True,True
2020-11-04 00:00:00+00:00,41.10124206542969,35.862943201065065,True,True
2020-11-05 00:00:00+00:00,41.80217742919922,35.870574941635134,True,True
2020-11-06 00:00:00+00:00,41.99493408203125,35.883758516311644,True,True
2020-11-09 00:00:00+00:00,42.28407287597656,35.899473924636844,True,True
2020-11-10 00:00:00+00:00,41.80217742919922,35.923342599868775,True,True
2020-11-11 00:00:00+00:00,42.07379150390625,35.94323382377625,True,True
2020-11-12 00:00:00+00:00,41.758365631103516,35.963568410873414,True,True
2020-11-13 00:00:00+00:00,42.34540939331055,35.985157041549684,True,True
2020-11-16 00:00:00+00:00,42.87110900878906,36.01347023963928,True,True
2020-11-17 00:00:00+00:00,42.827301025390625,36.04236475944519,True,True
2020-11-18 00:00:00+00:00,42.678348541259766,36.06624911308288,True,True
2020-11-19 00:00:00+00:00,42.74844741821289,36.08829979896545,True,True
2020-11-20 00:00:00+00:00,42.98501968383789,36.11052678108215,True,True
2020-11-23 00:00:00+00:00,43.09891128540039,36.136593542099,True,True
2020-11-24 00:00:00+00:00,43.677181243896484,36.16218440055847,True,True
2020-11-25 00:00:00+00:00,43.43185806274414,36.18818392753601,True,True
2020-11-27 00:00:00+00:00,43.84366226196289,36.21034346580505,True,True
2020-11-30 00:00:00+00:00,42.69587326049805,36.23713183403015,True,True
2020-12-01 00:00:00+00:00,43.53699493408203,36.25809416770935,True,True
2020-12-02 00:00:00+00:00,43.59832763671875,36.28452519416809,True,True
2020-12-03 00:00:00+00:00,44.097755432128906,36.30986914634705,True,True
2020-12-04 00:00:00+00:00,44.5533561706543,36.34071558952331,True,True
2020-12-07 00:00:00+00:00,44.5533561706543,36.3749289226532,True,True
2020-12-08 00:00:00+00:00,44.570892333984375,36.416198320388794,True,True
2020-12-09 00:00:00+00:00,44.18537139892578,36.45899273872376,True,True
2020-12-10 00:00:00+00:00,44.754886627197266,36.49842221260071,True,True
2020-12-11 00:00:00+00:00,44.4394645690918,36.54505482673645,True,True
2020-12-14 00:00:00+00:00,44.20841598510742,36.59076367378235,True,True
2020-12-15 00:00:00+00:00,44.68643569946289,36.63148438453674,True,True
2020-12-16 00:00:00+00:00,44.898895263671875,36.67581475257874,True,True
2020-12-17 00:00:00+00:00,45.191017150878906,36.71802781105041,True,True
2020-12-18 00:00:00+00:00,45.13790512084961,36.76553437232971,True,True
2020-12-21 00:00:00+00:00,44.47399139404297,36.81643406867981,True,True
2020-12-22 00:00:00+00:00,44.11989212036133,36.87594851493836,True,True
2020-12-23 00:00:00+00:00,44.57136154174805,36.92541684150696,True,True
2020-12-24 00:00:00+00:00,44.37661361694336,36.98511326789856,True,True
2020-12-28 00:00:00+00:00,44.500545501708984,37.06016942977905,True,True
2020-12-29 00:00:00+00:00,45.164466857910156,37.12526119232178,True,True
2020-12-30 00:00:00+00:00,45.766422271728516,37.21331623077393,True,True
2020-12-31 00:00:00+00:00,45.739864349365234,37.294885864257814,True,True
2021-01-04 00:00:00+00:00,46.031986236572266,37.38904102325439,True,True
2021-01-05 00:00:00+00:00,47.138526916503906,37.4836114692688,True,True
2021-01-06 00:00:00+00:00,46.740169525146484,37.58271282196045,True,True
2021-01-07 00:00:00+00:00,47.18278503417969,37.683089084625244,True,True
2021-01-08 00:00:00+00:00,48.43095779418945,37.775660562515256,True,True
2021-01-11 00:00:00+00:00,47.77589797973633,37.86942044258117,True,True
2021-01-12 00:00:00+00:00,48.24506759643555,37.95428630828857,True,True
2021-01-13 00:00:00+00:00,48.351287841796875,38.050252780914306,True,True
2021-01-14 00:00:00+00:00,48.80276107788086,38.14435472488403,True,True
2021-01-15 00:00:00+00:00,48.112274169921875,38.23971224784851,True,True
2021-01-19 00:00:00+00:00,48.90898895263672,38.33797652244568,True,True
2021-01-20 00:00:00+00:00,49.767662048339844,38.43543319702148,True,True
2021-01-21 00:00:00+00:00,49.85618591308594,38.539970817565916,True,True
2021-01-22 00:00:00+00:00,49.422420501708984,38.63706748008728,True,True
2021-01-25 00:00:00+00:00,49.79421615600586,38.73121129989624,True,True
2021-01-26 00:00:00+00:00,49.4312744140625,38.82564606666565,True,True
2021-01-27 00:00:00+00:00,48.059165954589844,38.91883233070374,True,True
2021-01-28 00:00:00+00:00,48.39555358886719,39.00494026184082,True,True
2021-01-29 00:00:00+00:00,47.19164276123047,39.08920217514038,True,True
2021-02-01 00:00:00+00:00,48.46636962890625,39.17149520874023,True,True
2021-02-02 00:00:00+00:00,49.094886779785156,39.259334297180175,True,True
2021-02-03 00:00:00+00:00,49.34275817871094,39.3468750667572,True,True
2021-02-04 00:00:00+00:00,49.360450744628906,39.43765878677368,True,True
2021-02-05 00:00:00+00:00,49.78536605834961,39.53284296989441,True,True
2021-02-08 00:00:00+00:00,49.87388229370117,39.62601390838623,True,True
2021-02-09 00:00:00+00:00,50.405025482177734,39.72019367218017,True,True
2021-02-10 00:00:00+00:00,50.58207321166992,39.81724690437317,True,True
2021-02-11 00:00:00+00:00,51.12206268310547,39.91204936981201,True,True
2021-02-12 00:00:00+00:00,51.166324615478516,40.00924687385559,True,True
2021-02-16 00:00:00+00:00,51.29025650024414,40.10204884529114,True,True
2021-02-17 00:00:00+00:00,51.307960510253906,40.198911323547364,True,True
2021-02-18 00:00:00+00:00,50.599769592285156,40.30161172866821,True,True
2021-02-19 00:00:00+00:00,50.927310943603516,40.399116020202634,True,True
2021-02-22 00:00:00+00:00,49.4312744140625,40.497386951446536,True,True
2021-02-23 00:00:00+00:00,49.652587890625,40.58865676879883,True,True
2021-02-24 00:00:00+00:00,49.333900451660156,40.67977004051208,True,True
2021-02-25 00:00:00+00:00,48.20965576171875,40.76597962379456,True,True
2021-02-26 00:00:00+00:00,47.56343460083008,40.8476133441925,True,True
2021-03-01 00:00:00+00:00,48.83816909790039,40.92662575721741,True,True
2021-03-02 00:00:00+00:00,48.360145568847656,41.01231670379639,True,True
2021-03-03 00:00:00+00:00,48.26277542114258,41.095007781982424,True,True
2021-03-04 00:00:00+00:00,47.138526916503906,41.179389762878415,True,True
2021-03-05 00:00:00+00:00,47.65196228027344,41.25200912475586,True,True
2021-03-08 00:00:00+00:00,46.368377685546875,41.328502349853515,True,True
2021-03-09 00:00:00+00:00,47.386383056640625,41.396443424224856,True,True
2021-03-10 00:00:00+00:00,47.1739387512207,41.471347408294676,True,True
2021-03-11 00:00:00+00:00,48.6611213684082,41.548542976379395,True,True
2021-03-12 00:00:00+00:00,47.79359817504883,41.62968996047974,True,True
2021-03-15 00:00:00+00:00,47.90867233276367,41.7059766960144,True,True
2021-03-16 00:00:00+00:00,48.112274169921875,41.78397123336792,True,True
2021-03-17 00:00:00+00:00,48.17424392700195,41.86019620895386,True,True
2021-03-18 00:00:00+00:00,47.28900909423828,41.9329416847229,True,True
2021-03-19 00:00:00+00:00,47.873268127441406,41.99725383758545,True,True
2021-03-22 00:00:00+00:00,47.73162841796875,42.06048017501831,True,True
2021-03-23 00:00:00+00:00,46.81983947753906,42.12548099517822,True,True
2021-03-24 00:00:00+00:00,45.748714447021484,42.181349468231204,True,True
2021-03-25 00:00:00+00:00,45.9611701965332,42.23077344894409,True,True
2021-03-26 00:00:00+00:00,47.1562385559082,42.282479228973386,True,True
2021-03-29 00:00:00+00:00,46.82869338989258,42.33885368347168,True,True
2021-03-30 00:00:00+00:00,46.97918701171875,42.4029549407959,True,True
2021-03-31 00:00:00+00:00,47.218196868896484,42.46419355392456,True,True
2021-04-01 00:00:00+00:00,47.67851638793945,42.52820428848267,True,True
2021-04-05 00:00:00+00:00,47.86441421508789,42.593421421051026,True,True
2021-04-06 00:00:00+00:00,48.12998580932617,42.657903308868406,True,True
2021-04-07 00:00:00+00:00,47.42180252075195,42.72362543106079,True,True
2021-04-08 00:00:00+00:00,47.811302185058594,42.7858504486084,True,True
2021-04-09 00:00:00+00:00,47.40409469604492,42.84787637710571,True,True
2021-04-12 00:00:00+00:00,47.12082290649414,42.90615770339966,True,True
2021-04-13 00:00:00+00:00,47.31557083129883,42.96538831710816,True,True
2021-04-14 00:00:00+00:00,47.55458068847656,43.024847927093504,True,True
2021-04-15 00:00:00+00:00,47.98835372924805,43.087649230957034,True,True
2021-04-16 00:00:00+00:00,48.112274169921875,43.15183084487915,True,True
2021-04-19 00:00:00+00:00,47.93523406982422,43.21720153808594,True,True
2021-04-20 00:00:00+00:00,47.54572677612305,43.27971567153931,True,True
2021-04-21 00:00:00+00:00,47.83785629272461,43.33625186920166,True,True
2021-04-22 00:00:00+00:00,47.66966247558594,43.38645076751709,True,True
2021-04-23 00:00:00+00:00,48.360145568847656,43.43896295547486,True,True
2021-04-26 00:00:00+00:00,48.4221076965332,43.49010858535767,True,True
2021-04-27 00:00:00+00:00,48.39555358886719,43.541564025878905,True,True
2021-04-28 00:00:00+00:00,48.75849914550781,43.59411331176758,True,True
2021-04-29 00:00:00+00:00,48.64341735839844,43.6497477722168,True,True
2021-04-30 00:00:00+00:00,47.78474426269531,43.70454401016235,True,True
2021-05-03 00:00:00+00:00,47.78474426269531,43.75447734832764,True,True
2021-05-04 00:00:00+00:00,47.244754791259766,43.8070830154419,True,True
2021-05-05 00:00:00+00:00,47.466060638427734,43.85593734741211,True,True
2021-05-06 00:00:00+00:00,47.91753387451172,43.90348875045776,True,True
2021-05-07 00:00:00+00:00,48.41325759887695,43.95154516220093,True,True
2021-05-10 00:00:00+00:00,47.54572677612305,44.002912540435794,True,True
2021-05-11 00:00:00+00:00,47.4129524230957,44.051475563049316,True,True
2021-05-12 00:00:00+00:00,46.102806091308594,44.0995499420166,True,True
2021-05-13 00:00:00+00:00,46.040836334228516,44.138138408660886,True,True
2021-05-14 00:00:00+00:00,46.87295913696289,44.17799415588379,True,True
2021-05-17 00:00:00+00:00,46.82869338989258,44.21894390106201,True,True
2021-05-18 00:00:00+00:00,47.45720672607422,44.26212560653686,True,True
2021-05-19 00:00:00+00:00,47.31557083129883,44.30976413726807,True,True
2021-05-20 00:00:00+00:00,47.58999252319336,44.35538022994995,True,True
2021-05-21 00:00:00+00:00,47.04115295410156,44.39982759475708,True,True
2021-05-24 00:00:00+00:00,47.4306526184082,44.43942789077759,True,True
2021-05-25 00:00:00+00:00,47.89983367919922,44.48036237716675,True,True
2021-05-26 00:00:00+00:00,48.2539176940918,44.527673149108885,True,True
2021-05-27 00:00:00+00:00,48.26277542114258,44.57627244949341,True,True
2021-05-28 00:00:00+00:00,48.57259750366211,44.62544172286987,True,True
2021-06-01 00:00:00+00:00,49.572906494140625,44.67357538223266,True,True
2021-06-02 00:00:00+00:00,49.652587890625,44.727280120849606,True,True
2021-06-03 00:00:00+00:00,49.12145233154297,44.781733722686766,True,True
2021-06-04 00:00:00+00:00,49.564064025878906,44.831078414916995,True,True
2021-06-07 00:00:00+00:00,49.316192626953125,44.88285520553589,True,True
2021-06-08 00:00:00+00:00,49.077178955078125,44.93580205917358,True,True
2021-06-09 00:00:00+00:00,48.935546875,44.988167190551756,True,True
2021-06-10 00:00:00+00:00,49.327640533447266,45.038860359191894,True,True
2021-06-11 00:00:00+00:00,49.158714294433594,45.089367370605466,True,True
2021-06-14 00:00:00+00:00,49.292076110839844,45.137058391571045,True,True
2021-06-15 00:00:00+00:00,48.9542121887207,45.184890518188475,True,True
2021-06-16 00:00:00+00:00,48.287391662597656,45.23269804000854,True,True
2021-06-17 00:00:00+00:00,48.554115295410156,45.2745867729187,True,True
2021-06-18 00:00:00+00:00,48.21625518798828,45.32223373413086,True,True
2021-06-21 00:00:00+00:00,48.420753479003906,45.36486196517944,True,True
2021-06-22 00:00:00+00:00,48.19847869873047,45.409038391113285,True,True
2021-06-23 00:00:00+00:00,48.491878509521484,45.455870990753176,True,True
2021-06-24 00:00:00+00:00,48.936431884765625,45.504082946777345,True,True
2021-06-25 00:00:00+00:00,49.34542465209961,45.55789096832275,True,True
2021-06-28 00:00:00+00:00,49.3898811340332,45.61089639663696,True,True
2021-06-29 00:00:00+00:00,49.35431671142578,45.66723449707031,True,True
2021-06-30 00:00:00+00:00,49.034236907958984,45.721554851531984,True,True
2021-07-01 00:00:00+00:00,48.758609771728516,45.771164398193356,True,True
2021-07-02 00:00:00+00:00,48.705265045166016,45.817336769104,True,True
2021-07-06 00:00:00+00:00,47.85171890258789,45.86350528717041,True,True
2021-07-07 00:00:00+00:00,47.79837417602539,45.90619462966919,True,True
2021-07-08 00:00:00+00:00,46.802574157714844,45.9501505279541,True,True
2021-07-09 00:00:00+00:00,47.611663818359375,45.99092357635498,True,True
2021-07-12 00:00:00+00:00,47.65612030029297,46.03718776702881,True,True
2021-07-13 00:00:00+00:00,47.70057678222656,46.08665325164795,True,True
2021-07-14 00:00:00+00:00,47.905067443847656,46.137217140197755,True,True
2021-07-15 00:00:00+00:00,48.020652770996094,46.18862829208374,True,True
2021-07-16 00:00:00+00:00,47.64722442626953,46.23851457595825,True,True
2021-07-19 00:00:00+00:00,46.84702682495117,46.28666515350342,True,True
2021-07-20 00:00:00+00:00,46.99818801879883,46.32774808883667,True,True
2021-07-21 00:00:00+00:00,47.30047607421875,46.36779067993164,True,True
2021-07-22 00:00:00+00:00,47.38938522338867,46.41157897949219,True,True
2021-07-23 00:00:00+00:00,46.68699645996094,46.45322710037232,True,True
2021-07-26 00:00:00+00:00,45.797882080078125,46.491012840271,False,True
2021-07-27 00:00:00+00:00,44.87322235107422,46.52220634460449,False,False
2021-07-28 00:00:00+00:00,46.09128952026367,46.54715564727783,False,False
2021-07-29 00:00:00+00:00,46.322452545166016,46.57683721542358,False,False
2021-07-30 00:00:00+00:00,45.877899169921875,46.60592226028442,False,False
2021-08-02 00:00:00+00:00,46.20688247680664,46.63361688613892,False,False
2021-08-03 00:00:00+00:00,46.40247344970703,46.66431449890137,False,False
2021-08-04 00:00:00+00:00,46.64253616333008,46.697435722351074,False,False
2021-08-05 00:00:00+00:00,46.571407318115234,46.73105636596679,False,False
2021-08-06 00:00:00+00:00,46.18020248413086,46.76489086151123,False,False
2021-08-09 00:00:00+00:00,46.33134841918945,46.79457889556885,False,False
2021-08-10 00:00:00+00:00,46.39358901977539,46.82445316314697,False,False
2021-08-11 00:00:00+00:00,46.51805877685547,46.854682426452634,False,False
2021-08-12 00:00:00+00:00,46.10907745361328,46.88435121536255,False,False
2021-08-13 00:00:00+00:00,45.993492126464844,46.914603595733645,False,False
2021-08-16 00:00:00+00:00,45.57561111450195,46.943401927947995,False,False
2021-08-17 00:00:00+00:00,44.73985290527344,46.97514879226684,False,False
2021-08-18 00:00:00+00:00,44.810977935791016,47.00074550628662,False,False
2021-08-19 00:00:00+00:00,44.046348571777344,47.028932132720946,False,False
2021-08-20 00:00:00+00:00,44.01078414916992,47.05079849243164,False,False
2021-08-23 00:00:00+00:00,44.677608489990234,47.07161079406738,False,False
2021-08-24 00:00:00+00:00,45.69119644165039,47.089492626190186,False,False
2021-08-25 00:00:00+00:00,45.744537353515625,47.10893772125244,False,False
2021-08-26 00:00:00+00:00,45.30887985229492,47.127685737609866,False,False
2021-08-27 00:00:00+00:00,45.869014739990234,47.142809772491454,False,False
2021-08-30 00:00:00+00:00,45.96681594848633,47.163143959045414,False,False
2021-08-31 00:00:00+00:00,46.598079681396484,47.18260908126831,False,False
2021-09-01 00:00:00+00:00,47.193790435791016,47.206807651519775,False,False
2021-09-02 00:00:00+00:00,46.98039627075195,47.23104955673218,False,False
2021-09-03 00:00:00+00:00,47.229347229003906,47.251595993041995,False,False
2021-09-07 00:00:00+00:00,47.50496292114258,47.27360622406006,True,False
2021-09-08 00:00:00+00:00,46.81147003173828,47.297739295959474,False,True
2021-09-09 00:00:00+00:00,46.722557067871094,47.3180544090271,False,False
2021-09-10 00:00:00+00:00,46.66920852661133,47.336742095947265,False,False
2021-09-13 00:00:00+00:00,46.79368209838867,47.35459358215332,False,False
2021-09-14 00:00:00+00:00,46.40247344970703,47.37017608642578,False,False
2021-09-15 00:00:00+00:00,46.39358901977539,47.3850291633606,False,False
2021-09-16 00:00:00+00:00,45.869014739990234,47.397778797149655,False,False
2021-09-17 00:00:00+00:00,45.673404693603516,47.41364450454712,False,False
2021-09-20 00:00:00+00:00,44.44644546508789,47.42432655334473,False,False
2021-09-21 00:00:00+00:00,44.775413513183594,47.42856714248657,False,False
2021-09-22 00:00:00+00:00,45.33555221557617,47.43195543289185,False,False
2021-09-23 00:00:00+00:00,45.69119644165039,47.43586641311646,False,False
2021-09-24 00:00:00+00:00,45.148841857910156,47.44155561447143,False,False
2021-09-27 00:00:00+00:00,45.44224166870117,47.444445362091066,False,False
2021-09-28 00:00:00+00:00,44.85543441772461,47.45072971343994,False,False
2021-09-29 00:00:00+00:00,44.43755340576172,47.45123245239258,False,False
2021-09-30 00:00:00+00:00,44.79319763183594,47.45122289657593,False,False
2021-10-01 00:00:00+00:00,44.74874496459961,47.45414680480957,False,False
2021-10-04 00:00:00+00:00,44.09080123901367,47.45445835113525,False,False
2021-10-05 00:00:00+00:00,44.4019889831543,47.450417881011965,False,False
2021-10-06 00:00:00+00:00,44.15303421020508,47.44647274017334,False,False
2021-10-07 00:00:00+00:00,45.015480041503906,47.441548385620116,False,False
2021-10-08 00:00:00+00:00,45.18439865112305,47.44425582885742,False,False
2021-10-11 00:00:00+00:00,45.09549331665039,47.44957836151123,False,False
2021-10-12 00:00:00+00:00,44.86431884765625,47.45219902038574,False,False
2021-10-13 00:00:00+00:00,45.48670196533203,47.45463754653931,False,False
2021-10-14 00:00:00+00:00,45.62895584106445,47.45956832885742,False,False
2021-10-15 00:00:00+00:00,46.18020248413086,47.46189077377319,False,False
2021-10-18 00:00:00+00:00,46.06461715698242,47.4639596748352,False,False
2021-10-19 00:00:00+00:00,46.678104400634766,47.46558343887329,False,False
2021-10-20 00:00:00+00:00,46.66920852661133,47.468814029693604,False,False
2021-10-21 00:00:00+00:00,46.366912841796875,47.46646743774414,False,False
2021-10-22 00:00:00+00:00,46.26911926269531,47.46460115432739,False,False
2021-10-25 00:00:00+00:00,46.50917053222656,47.46003282546997,False,False
2021-10-26 00:00:00+00:00,46.26911926269531,47.450423889160156,False,False
2021-10-27 00:00:00+00:00,45.89569091796875,47.44288999557495,False,False
2021-10-28 00:00:00+00:00,45.940147399902344,47.43114311218262,False,False
2021-10-29 00:00:00+00:00,45.273311614990234,47.419087409973145,False,False
2021-11-01 00:00:00+00:00,45.62895584106445,47.401440162658695,False,False
2021-11-02 00:00:00+00:00,45.219966888427734,47.389023571014405,False,False
2021-11-03 00:00:00+00:00,45.433349609375,47.37057846069336,False,False
2021-11-04 00:00:00+00:00,45.32666015625,47.348906898498534,False,False
2021-11-05 00:00:00+00:00,45.273311614990234,47.326259269714356,False,False
2021-11-08 00:00:00+00:00,45.69119644165039,47.30551372528076,False,False
2021-11-09 00:00:00+00:00,45.51336669921875,47.28499862670898,False,False
2021-11-10 00:00:00+00:00,45.32666015625,47.26540908813477,False,False
2021-11-11 00:00:00+00:00,46.10907745361328,47.251746559143065,False,False
2021-11-12 00:00:00+00:00,46.23354721069336,47.2403141784668,False,False
2021-11-15 00:00:00+00:00,46.0823974609375,47.23552370071411,False,False
2021-11-16 00:00:00+00:00,46.14463806152344,47.223603839874265,False,False
2021-11-17 00:00:00+00:00,45.90458297729492,47.20885259628296,False,False
2021-11-18 00:00:00+00:00,45.34443664550781,47.19166172027588,False,False
2021-11-19 00:00:00+00:00,45.273311614990234,47.17158164978027,False,False
2021-11-22 00:00:00+00:00,44.90877151489258,47.14902137756348,False,False
2021-11-23 00:00:00+00:00,44.86431884765625,47.12419582366943,False,False
2021-11-24 00:00:00+00:00,44.80208206176758,47.096492290496826,False,False
2021-11-26 00:00:00+00:00,43.299495697021484,47.06759233474732,False,False
2021-11-29 00:00:00+00:00,43.46842575073242,47.028479499816896,False,False
2021-11-30 00:00:00+00:00,43.42396545410156,46.98999000549316,False,False
2021-12-01 00:00:00+00:00,43.58401107788086,46.95065855026245,False,False
2021-12-02 00:00:00+00:00,44.11747360229492,46.912038803100586,False,False
2021-12-03 00:00:00+00:00,43.49509811401367,46.879627323150636,False,False
2021-12-06 00:00:00+00:00,43.83296585083008,46.842466259002684,False,False
2021-12-07 00:00:00+00:00,44.52646255493164,46.814474716186524,False,False
2021-12-08 00:00:00+00:00,44.704280853271484,46.78884408950805,False,False
2021-12-09 00:00:00+00:00,44.490901947021484,46.76569599151611,False,False
2021-12-10 00:00:00+00:00,44.52646255493164,46.74710222244263,False,False
2021-12-13 00:00:00+00:00,43.8203239440918,46.73191736221313,False,False
2021-12-14 00:00:00+00:00,43.72112274169922,46.706828136444095,False,False
2021-12-15 00:00:00+00:00,43.59486389160156,46.68363302230835,False,False
2021-12-16 00:00:00+00:00,43.64897155761719,46.66029346466065,False,False
2021-12-17 00:00:00+00:00,43.432533264160156,46.64284568786621,False,False
2021-12-20 00:00:00+00:00,42.783206939697266,46.621748542785646,False,False
2021-12-21 00:00:00+00:00,43.50468063354492,46.60382268905639,False,False
2021-12-22 00:00:00+00:00,43.71210479736328,46.58441417694092,False,False
2021-12-23 00:00:00+00:00,43.937564849853516,46.567105007171634,False,False
2021-12-27 00:00:00+00:00,44.13597106933594,46.543487224578854,False,False
2021-12-28 00:00:00+00:00,43.99166488647461,46.52519908905029,False,False
2021-12-29 00:00:00+00:00,43.79328155517578,46.505614051818846,False,False
2021-12-30 00:00:00+00:00,44.29495620727539,46.484019088745114,False,False
2021-12-31 00:00:00+00:00,44.07840347290039,46.46462265014648,False,False
2022-01-03 00:00:00+00:00,44.39421844482422,46.4485696220398,False,False
2022-01-04 00:00:00+00:00,44.24081802368164,46.43117437362671,False,False
2022-01-05 00:00:00+00:00,43.51896286010742,46.413720321655276,False,False
2022-01-06 00:00:00+00:00,43.71747589111328,46.39721593856812,False,False
2022-01-07 00:00:00+00:00,44.114498138427734,46.38705974578858,False,False
2022-01-10 00:00:00+00:00,44.114498138427734,46.37782638549805,False,False
2022-01-11 00:00:00+00:00,45.134117126464844,46.36261768341065,False,False
2022-01-12 00:00:00+00:00,45.8830451965332,46.35414480209351,False,False
2022-01-13 00:00:00+00:00,45.233375549316406,46.348664093017575,False,False
2022-01-14 00:00:00+00:00,45.215328216552734,46.338739986419675,False,False
2022-01-18 00:00:00+00:00,44.412261962890625,46.326424045562746,False,False
2022-01-19 00:00:00+00:00,44.60175323486328,46.30916328430176,False,False
2022-01-20 00:00:00+00:00,44.863426208496094,46.291522121429445,False,False
2022-01-21 00:00:00+00:00,44.2137565612793,46.27873023986817,False,False
2022-01-24 00:00:00+00:00,43.591156005859375,46.26074251174927,False,False
2022-01-25 00:00:00+00:00,43.50993728637695,46.24167781829834,False,False
2022-01-26 00:00:00+00:00,42.95952224731445,46.22362339019775,False,False
2022-01-27 00:00:00+00:00,42.46324920654297,46.201843147277835,False,False
2022-01-28 00:00:00+00:00,42.670780181884766,46.176386489868165,False,False
2022-01-31 00:00:00+00:00,44.06938171386719,46.14979862213135,False,False
2022-02-01 00:00:00+00:00,44.3400764465332,46.12958415985108,False,False
2022-02-02 00:00:00+00:00,44.267887115478516,46.11160837173462,False,False
2022-02-03 00:00:00+00:00,43.79867935180664,46.095219173431396,False,False
2022-02-04 00:00:00+00:00,43.90695571899414,46.075023288726804,False,False
2022-02-07 00:00:00+00:00,43.81672668457031,46.05620975494385,False,False
2022-02-08 00:00:00+00:00,44.24081802368164,46.03349266052246,False,False
2022-02-09 00:00:00+00:00,44.93560791015625,46.012586212158205,False,False
2022-02-10 00:00:00+00:00,44.63784408569336,45.99528648376465,False,False
2022-02-11 00:00:00+00:00,43.96110153198242,45.97468320846558,False,False
2022-02-14 00:00:00+00:00,43.65431213378906,45.9512716293335,False,False
2022-02-15 00:00:00+00:00,44.60175323486328,45.93061946868897,False,False
2022-02-16 00:00:00+00:00,44.92658996582031,45.91470451354981,False,False
2022-02-17 00:00:00+00:00,44.403236389160156,45.90311368942261,False,False
2022-02-18 00:00:00+00:00,43.96110153198242,45.88779956817627,False,False
2022-02-22 00:00:00+00:00,43.3385009765625,45.86801740646362,False,False
2022-02-23 00:00:00+00:00,42.83319854736328,45.84264362335205,False,False
2022-02-24 00:00:00+00:00,41.94892501831055,45.81908098220825,False,False
2022-02-25 00:00:00+00:00,42.72491455078125,45.79176084518433,False,False
2022-02-28 00:00:00+00:00,42.16548156738281,45.77487138748169,False,False
2022-03-01 00:00:00+00:00,41.606048583984375,45.755494613647464,False,False
2022-03-02 00:00:00+00:00,41.67822265625,45.72916006088257,False,False
2022-03-03 00:00:00+00:00,41.09172439575195,45.70340770721435,False,False
2022-03-04 00:00:00+00:00,40.26158142089844,45.67158029556274,False,False
2022-03-07 00:00:00+00:00,38.75470733642578,45.63631034851074,False,False
2022-03-08 00:00:00+00:00,38.88103103637695,45.592133922576906,False,False
2022-03-09 00:00:00+00:00,39.981868743896484,45.551333312988284,False,False
2022-03-10 00:00:00+00:00,39.23293685913086,45.51408939361572,False,False
2022-03-11 00:00:00+00:00,38.41182327270508,45.47075490951538,False,False
2022-03-14 00:00:00+00:00,37.4824333190918,45.42154443740845,False,False
2022-03-15 00:00:00+00:00,37.53656768798828,45.3676427268982,False,False
2022-03-16 00:00:00+00:00,40.55935287475586,45.31246257781982,False,False
2022-03-17 00:00:00+00:00,40.3518180847168,45.2673948097229,False,False
2022-03-18 00:00:00+00:00,40.92930221557617,45.22089096069336,False,False
2022-03-21 00:00:00+00:00,40.297672271728516,45.179930210113525,False,False
2022-03-22 00:00:00+00:00,41.02855682373047,45.133598251342775,False,False
2022-03-23 00:00:00+00:00,40.75785827636719,45.092160072326664,False,False
2022-03-24 00:00:00+00:00,40.97441864013672,45.050563468933106,False,False
2022-03-25 00:00:00+00:00,40.64958190917969,45.01075782775879,False,False
2022-03-28 00:00:00+00:00,40.78492736816406,44.967367534637454,False,False
2022-03-29 00:00:00+00:00,41.47971725463867,44.9254986000061,False,False
2022-03-30 00:00:00+00:00,41.3624153137207,44.8864368057251,False,False
2022-03-31 00:00:00+00:00,40.73981857299805,44.848477821350095,False,False
2022-04-01 00:00:00+00:00,41.41655349731445,44.8107399559021,False,False
2022-04-04 00:00:00+00:00,42.147430419921875,44.77505214691162,False,False
2022-04-05 00:00:00+00:00,41.371437072753906,44.74470802307129,False,False
2022-04-06 00:00:00+00:00,40.83005142211914,44.70946144104004,False,False
2022-04-07 00:00:00+00:00,40.50520706176758,44.67261930465698,False,False
2022-04-08 00:00:00+00:00,40.54130554199219,44.63268594741821,False,False
2022-04-11 00:00:00+00:00,40.03600311279297,44.59071031570434,False,False
2022-04-12 00:00:00+00:00,39.90968322753906,44.54416320800781,False,False
2022-04-13 00:00:00+00:00,40.43302917480469,44.49676221847534,False,False
2022-04-14 00:00:00+00:00,39.90968322753906,44.45215578079224,False,False
2022-04-18 00:00:00+00:00,39.774330139160156,44.406533012390135,False,False
2022-04-19 00:00:00+00:00,39.57582092285156,44.36161161422729,False,False
2022-04-20 00:00:00+00:00,39.341209411621094,44.31596439361572,False,False
2022-04-21 00:00:00+00:00,38.58325958251953,44.27341184616089,False,False
2022-04-22 00:00:00+00:00,38.24038314819336,44.22733627319336,False,False
2022-04-25 00:00:00+00:00,37.960662841796875,44.18452531814575,False,False
2022-04-26 00:00:00+00:00,37.130531311035156,44.13627031326294,False,False
2022-04-27 00:00:00+00:00,37.56364059448242,44.08364236831665,False,False
2022-04-28 00:00:00+00:00,38.10503387451172,44.03295768737793,False,False
2022-04-29 00:00:00+00:00,38.24038314819336,43.98395751953125,False,False
2022-05-02 00:00:00+00:00,38.18624496459961,43.93505617141724,False,False
2022-05-03 00:00:00+00:00,38.465965270996094,43.887751274108886,False,False
2022-05-04 00:00:00+00:00,38.88103103637695,43.84584596633911,False,False
2022-05-05 00:00:00+00:00,37.44633865356445,43.805260181427,False,False
2022-05-06 00:00:00+00:00,36.93201446533203,43.75598949432373,False,False
2022-05-09 00:00:00+00:00,35.867279052734375,43.70370264053345,False,False
2022-05-10 00:00:00+00:00,36.03871536254883,43.64960405349731,False,False
2022-05-11 00:00:00+00:00,35.786067962646484,43.600808219909666,False,False
2022-05-12 00:00:00+00:00,35.551475524902344,43.55537244796753,False,False
2022-05-13 00:00:00+00:00,36.53499984741211,43.502673377990725,False,False
2022-05-16 00:00:00+00:00,36.390628814697266,43.45373611450195,False,False
2022-05-17 00:00:00+00:00,37.2839241027832,43.40629976272583,False,False
2022-05-18 00:00:00+00:00,36.390628814697266,43.36168497085571,False,False
2022-05-19 00:00:00+00:00,36.96811294555664,43.311625747680665,False,False
2022-05-20 00:00:00+00:00,37.121498107910156,43.263253631591795,False,False
2022-05-23 00:00:00+00:00,37.40122604370117,43.216004085540774,False,False
2022-05-24 00:00:00+00:00,36.751556396484375,43.17210920333862,False,False
2022-05-25 00:00:00+00:00,36.93201446533203,43.1242102432251,False,False
2022-05-26 00:00:00+00:00,37.50950241088867,43.07690237045288,False,False
2022-05-27 00:00:00+00:00,37.9426155090332,43.03185958862305,False,False
2022-05-31 00:00:00+00:00,38.4749870300293,42.99102727890015,False,False
2022-06-01 00:00:00+00:00,38.204288482666016,42.953434753417966,False,False
2022-06-02 00:00:00+00:00,38.86298370361328,42.91657814025879,False,False
2022-06-03 00:00:00+00:00,38.23135757446289,42.887193794250486,False,False
2022-06-06 00:00:00+00:00,38.43889236450195,42.85429569244385,False,False
2022-06-07 00:00:00+00:00,38.55619430541992,42.82625841140747,False,False
2022-06-08 00:00:00+00:00,38.76372146606445,42.79898546218872,False,False
2022-06-09 00:00:00+00:00,37.846458435058594,42.76941602706909,False,False
2022-06-10 00:00:00+00:00,37.42786407470703,42.73019233703613,False,False
2022-06-13 00:00:00+00:00,36.11748123168945,42.68860897064209,False,False
2022-06-14 00:00:00+00:00,36.61797332763672,42.64265197753906,False,False
2022-06-15 00:00:00+00:00,37.10026931762695,42.5963967704773,False,False
2022-06-16 00:00:00+00:00,35.96278381347656,42.552064037323,False,False
2022-06-17 00:00:00+00:00,36.099281311035156,42.4988875579834,False,False
2022-06-21 00:00:00+00:00,36.681678771972656,42.44341501235962,False,False
2022-06-22 00:00:00+00:00,36.02648162841797,42.39192142486572,False,False
2022-06-23 00:00:00+00:00,36.13567352294922,42.33590709686279,False,False
2022-06-24 00:00:00+00:00,36.99106979370117,42.27906064987182,False,False
2022-06-27 00:00:00+00:00,37.03656768798828,42.22995864868164,False,False
2022-06-28 00:00:00+00:00,36.8090705871582,42.18152870178223,False,False
2022-06-29 00:00:00+00:00,36.663475036621094,42.13222801208496,False,False
2022-06-30 00:00:00+00:00,36.490570068359375,42.08157697677612,False,False
2022-07-01 00:00:00+00:00,36.2630729675293,42.03201745986939,False,False
2022-07-05 00:00:00+00:00,35.98098373413086,41.98136487960815,False,False
2022-07-06 00:00:00+00:00,35.7625846862793,41.931924724578856,False,False
2022-07-07 00:00:00+00:00,36.481475830078125,41.88237062454223,False,False
2022-07-08 00:00:00+00:00,36.481475830078125,41.84254577636719,False,False
2022-07-11 00:00:00+00:00,35.50779342651367,41.80107608795166,False,False
2022-07-12 00:00:00+00:00,35.37128448486328,41.751937294006346,False,False
2022-07-13 00:00:00+00:00,35.289390563964844,41.700337734222416,False,False
2022-07-14 00:00:00+00:00,34.97089385986328,41.65104047775269,False,False
2022-07-15 00:00:00+00:00,35.15290069580078,41.598683738708495,False,False
2022-07-18 00:00:00+00:00,35.398590087890625,41.55017107009888,False,False
2022-07-19 00:00:00+00:00,35.98098373413086,41.50497625350952,False,False
2022-07-20 00:00:00+00:00,35.82628631591797,41.460915184021,False,False
2022-07-21 00:00:00+00:00,36.23577880859375,41.41630289077759,False,False
2022-07-22 00:00:00+00:00,35.87178039550781,41.37702777862549,False,False
2022-07-25 00:00:00+00:00,35.999183654785156,41.33437673568726,False,False
2022-07-26 00:00:00+00:00,35.71708679199219,41.293607482910154,False,False
2022-07-27 00:00:00+00:00,36.381378173828125,41.247115516662596,False,False
2022-07-28 00:00:00+00:00,36.536075592041016,41.20310041427612,False,False
2022-07-29 00:00:00+00:00,36.36317825317383,41.160303325653075,False,False
2022-08-01 00:00:00+00:00,36.05377960205078,41.11779762268066,False,False
2022-08-02 00:00:00+00:00,35.880882263183594,41.070633010864256,False,False
2022-08-03 00:00:00+00:00,36.1629753112793,41.021892642974855,False,False
2022-08-04 00:00:00+00:00,36.41777801513672,40.97180650711059,False,False
2022-08-05 00:00:00+00:00,36.45417785644531,40.923572311401365,False,False
2022-08-08 00:00:00+00:00,36.49968338012695,40.87245267868042,False,False
2022-08-09 00:00:00+00:00,36.36317825317383,40.821605052948,False,False
2022-08-10 00:00:00+00:00,36.818172454833984,40.771586380004884,False,False
2022-08-11 00:00:00+00:00,36.96377182006836,40.72433164596558,False,False
2022-08-12 00:00:00+00:00,37.35506820678711,40.676604652404784,False,False
2022-08-15 00:00:00+00:00,37.18216323852539,40.632034397125246,False,False
2022-08-16 00:00:00+00:00,37.17306900024414,40.588466758728025,False,False
2022-08-17 00:00:00+00:00,37.01837158203125,40.54463136672974,False,False
2022-08-18 00:00:00+00:00,36.8090705871582,40.50335666656494,False,False
2022-08-19 00:00:00+00:00,36.30857849121094,40.45925724029541,False,False
2022-08-22 00:00:00+00:00,35.990081787109375,40.41470029830933,False,False
2022-08-23 00:00:00+00:00,36.181175231933594,40.367483959198,False,False
2022-08-24 00:00:00+00:00,36.172080993652344,40.321756534576416,False,False
2022-08-25 00:00:00+00:00,36.95466995239258,40.27625038146973,False,False
2022-08-26 00:00:00+00:00,36.4086799621582,40.23256774902344,False,False
2022-08-29 00:00:00+00:00,36.181175231933594,40.187044315338134,False,False
2022-08-30 00:00:00+00:00,35.753482818603516,40.14131689071655,False,False
2022-08-31 00:00:00+00:00,35.880882263183594,40.0895389175415,False,False
2022-09-01 00:00:00+00:00,35.598785400390625,40.03777559280395,False,False
2022-09-02 00:00:00+00:00,35.27119064331055,39.98535753250122,False,False
2022-09-06 00:00:00+00:00,34.85259246826172,39.930990295410155,False,False
2022-09-07 00:00:00+00:00,35.161991119384766,39.87573034286499,False,False
2022-09-08 00:00:00+00:00,34.97089385986328,39.82481811523437,False,False
2022-09-09 00:00:00+00:00,35.489585876464844,39.77330602645874,False,False
2022-09-12 00:00:00+00:00,36.01738357543945,39.7262100982666,False,False
2022-09-13 00:00:00+00:00,34.90719223022461,39.68197542190552,False,False
2022-09-14 00:00:00+00:00,35.0800895690918,39.632500972747806,False,False
2022-09-15 00:00:00+00:00,34.70699691772461,39.59140394210815,False,False
2022-09-16 00:00:00+00:00,34.38850021362305,39.547596797943115,False,False
2022-09-19 00:00:00+00:00,34.49769592285156,39.50241947174072,False,False
2022-09-20 00:00:00+00:00,34.306602478027344,39.456987895965575,False,False
2022-09-21 00:00:00+00:00,33.733306884765625,39.40793354034424,False,False
2022-09-22 00:00:00+00:00,33.56949996948242,39.359124584198,False,False
2022-09-23 00:00:00+00:00,32.741416931152344,39.30780725479126,False,False
2022-09-26 00:00:00+00:00,32.34102249145508,39.24888202667236,False,False
2022-09-27 00:00:00+00:00,32.30462646484375,39.18706573486328,False,False
2022-09-28 00:00:00+00:00,32.58672332763672,39.12613435745239,False,False
2022-09-29 00:00:00+00:00,31.858722686767578,39.06643566131592,False,False
2022-09-30 00:00:00+00:00,31.740432739257812,39.0066276550293,False,False
2022-10-03 00:00:00+00:00,32.259124755859375,38.94672420501709,False,False
2022-10-04 00:00:00+00:00,33.314720153808594,38.89004550933838,False,False
2022-10-05 00:00:00+00:00,33.332908630371094,38.83837425231933,False,False
2022-10-06 00:00:00+00:00,33.132713317871094,38.78787612915039,False,False
2022-10-07 00:00:00+00:00,32.441123962402344,38.73962366104126,False,False
2022-10-10 00:00:00+00:00,31.986125946044922,38.684305877685546,False,False
2022-10-11 00:00:00+00:00,31.47653579711914,38.625675983428955,False,False
2022-10-12 00:00:00+00:00,31.512935638427734,38.563370838165284,False,False
2022-10-13 00:00:00+00:00,31.60393524169922,38.50025566101074,False,False
2022-10-14 00:00:00+00:00,31.1307373046875,38.43831701278687,False,False
2022-10-17 00:00:00+00:00,31.986125946044922,38.375004291534424,False,False
2022-10-18 00:00:00+00:00,31.995229721069336,38.31346014022827,False,False
2022-10-19 00:00:00+00:00,31.412841796875,38.253044271469115,False,False
2022-10-20 00:00:00+00:00,31.613033294677734,38.18813738822937,False,False
2022-10-21 00:00:00+00:00,32.095333099365234,38.12499846458435,False,False
2022-10-24 00:00:00+00:00,30.875938415527344,38.06788031578064,False,False
2022-10-25 00:00:00+00:00,31.1307373046875,38.00367262840271,False,False
2022-10-26 00:00:00+00:00,31.64033317565918,37.938753824234006,False,False
2022-10-27 00:00:00+00:00,31.394634246826172,37.876382999420166,False,False
2022-10-28 00:00:00+00:00,31.203536987304688,37.80768558502197,False,False
2022-10-31 00:00:00+00:00,31.112537384033203,37.73428804397583,False,False
2022-11-01 00:00:00+00:00,31.685829162597656,37.663683853149415,False,False
2022-11-02 00:00:00+00:00,31.421932220458984,37.59603635787964,False,False
2022-11-03 00:00:00+00:00,31.60393524169922,37.53108470916748,False,False
2022-11-04 00:00:00+00:00,32.941619873046875,37.46609561920166,False,False
2022-11-07 00:00:00+00:00,32.959815979003906,37.40648658752441,False,False
2022-11-08 00:00:00+00:00,33.196414947509766,37.35021688461304,False,False
2022-11-09 00:00:00+00:00,32.62311553955078,37.29824317932129,False,False
2022-11-10 00:00:00+00:00,33.80611038208008,37.24380907058716,False,False
2022-11-11 00:00:00+00:00,34.72520065307617,37.19804201126099,False,False
2022-11-14 00:00:00+00:00,34.51589584350586,37.15935176849365,False,False
2022-11-15 00:00:00+00:00,35.30759048461914,37.11857734680176,False,False
2022-11-16 00:00:00+00:00,34.743404388427734,37.07476839065552,False,False
2022-11-17 00:00:00+00:00,34.80709457397461,37.02678503036499,False,False
2022-11-18 00:00:00+00:00,34.606895446777344,36.979481067657474,False,False
2022-11-21 00:00:00+00:00,34.17010498046875,36.933522148132326,False,False
2022-11-22 00:00:00+00:00,34.25200271606445,36.8848378944397,False,False
2022-11-23 00:00:00+00:00,34.53409957885742,36.837014274597166,False,False
2022-11-25 00:00:00+00:00,34.370304107666016,36.78848068237305,False,False
2022-11-28 00:00:00+00:00,34.21560287475586,36.73565416336059,False,False
2022-11-29 00:00:00+00:00,34.952693939208984,36.68354295730591,False,False
2022-11-30 00:00:00+00:00,35.96278381347656,36.63850091934204,False,False
2022-12-01 00:00:00+00:00,35.844482421875,36.600043277740475,False,False
2022-12-02 00:00:00+00:00,35.98098373413086,36.556256923675534,False,False
2022-12-05 00:00:00+00:00,35.57148742675781,36.51152889251709,False,False
2022-12-06 00:00:00+00:00,35.52598571777344,36.467370147705076,False,False
2022-12-07 00:00:00+00:00,35.31668472290039,36.42519456863403,False,False
2022-12-08 00:00:00+00:00,35.744384765625,36.38508548736572,False,False
2022-12-09 00:00:00+00:00,35.50779342651367,36.34964141845703,False,False
2022-12-12 00:00:00+00:00,35.398590087890625,36.31743576049805,False,False
2022-12-13 00:00:00+00:00,35.651729583740234,36.28080413818359,False,False
2022-12-14 00:00:00+00:00,35.670204162597656,36.24823537826538,False,False
2022-12-15 00:00:00+00:00,34.84796905517578,36.21855615615845,False,False
2022-12-16 00:00:00+00:00,34.9495964050293,36.184404888153075,False,False
2022-12-19 00:00:00+00:00,34.97731018066406,36.153694248199464,False,False
2022-12-20 00:00:00+00:00,34.96807098388672,36.12727289199829,False,False
2022-12-21 00:00:00+00:00,35.28218078613281,36.1083397102356,False,False
2022-12-22 00:00:00+00:00,34.96807098388672,36.09034545898437,False,False
2022-12-23 00:00:00+00:00,34.921878814697266,36.06527647018433,False,False
2022-12-27 00:00:00+00:00,35.43923568725586,36.043721179962155,False,False
2022-12-28 00:00:00+00:00,34.921878814697266,36.028858242034914,False,False
2022-12-29 00:00:00+00:00,35.503910064697266,36.01605546951294,False,False
2022-12-30 00:00:00+00:00,35.01426696777344,36.00589218139648,False,False
2023-01-03 00:00:00+00:00,35.309898376464844,35.97816675186157,False,False
2023-01-04 00:00:00+00:00,36.372337341308594,35.95295715332031,True,False
2023-01-05 00:00:00+00:00,36.261474609375,35.93017232894898,True,True
2023-01-06 00:00:00+00:00,37.01903533935547,35.909991340637205,True,True
2023-01-09 00:00:00+00:00,37.29619216918945,35.88994373321533,True,True
2023-01-10 00:00:00+00:00,37.564117431640625,35.87263540267944,True,True
2023-01-11 00:00:00+00:00,37.72117233276367,35.855583896636965,True,True
2023-01-12 00:00:00+00:00,37.90594482421875,35.84094184875488,True,True
2023-01-13 00:00:00+00:00,38.1553840637207,35.82654693603516,True,True
2023-01-17 00:00:00+00:00,37.94289779663086,35.80992527008057,True,True
2023-01-18 00:00:00+00:00,37.6842155456543,35.792827682495115,True,True
2023-01-19 00:00:00+00:00,37.970611572265625,35.7775496673584,True,True
2023-01-20 00:00:00+00:00,38.552642822265625,35.76031995773315,True,True
2023-01-23 00:00:00+00:00,38.829795837402344,35.74234601974487,True,True
2023-01-24 00:00:00+00:00,38.85751724243164,35.72963781356812,True,True
2023-01-25 00:00:00+00:00,38.89447021484375,35.719775142669675,True,True
2023-01-26 00:00:00+00:00,39.264015197753906,35.71172145843506,True,True
2023-01-27 00:00:00+00:00,39.079246520996094,35.70533500671387,True,True
2023-01-30 00:00:00+00:00,38.29396057128906,35.700551223754886,True,True
2023-01-31 00:00:00+00:00,38.2108154296875,35.69247261047363,True,True
2023-02-01 00:00:00+00:00,38.681983947753906,35.681361541748046,True,True
2023-02-02 00:00:00+00:00,38.45101547241211,35.67522304534912,True,True
2023-02-03 00:00:00+00:00,37.767364501953125,35.668606472015384,True,True
2023-02-06 00:00:00+00:00,37.213050842285156,35.65956418991089,True,True
2023-02-07 00:00:00+00:00,37.360862731933594,35.64892339706421,True,True
2023-02-08 00:00:00+00:00,37.31467056274414,35.64281141281128,True,True
2023-02-09 00:00:00+00:00,37.490203857421875,35.63818284988403,True,True
2023-02-10 00:00:00+00:00,37.1298942565918,35.635830554962155,True,True
2023-02-13 00:00:00+00:00,37.43477249145508,35.63582736968994,True,True
2023-02-14 00:00:00+00:00,37.3701057434082,35.635183029174804,True,True
2023-02-15 00:00:00+00:00,37.055992126464844,35.631508388519286,True,True
2023-02-16 00:00:00+00:00,37.06522750854492,35.625586433410646,True,True
2023-02-17 00:00:00+00:00,36.658729553222656,35.61998134613037,True,True
2023-02-21 00:00:00+00:00,36.19680404663086,35.6109451675415,True,True
2023-02-22 00:00:00+00:00,36.021270751953125,35.59752403259277,True,True
2023-02-23 00:00:00+00:00,36.19680404663086,35.590398693084715,True,True
2023-02-24 00:00:00+00:00,35.38380813598633,35.58672264099121,False,True
2023-02-27 00:00:00+00:00,35.56857681274414,35.58430528640747,False,False
2023-02-28 00:00:00+00:00,35.31913375854492,35.581954593658445,False,False
2023-03-01 00:00:00+00:00,36.076698303222656,35.57961992263794,True,False
2023-03-02 00:00:00+00:00,36.2060432434082,35.58224603652954,True,True
2023-03-03 00:00:00+00:00,36.52939224243164,35.58060125350952,True,True
2023-03-06 00:00:00+00:00,36.400054931640625,35.581295070648196,True,True
2023-03-07 00:00:00+00:00,35.790306091308594,35.57687572479248,True,True
2023-03-08 00:00:00+00:00,35.9381217956543,35.573874111175535,True,True
2023-03-09 00:00:00+00:00,35.143611907958984,35.568724155426025,False,True
2023-03-10 00:00:00+00:00,34.95882797241211,35.55883472442627,False,False
2023-03-13 00:00:00+00:00,35.01426696777344,35.54662273406982,False,False
2023-03-14 00:00:00+00:00,35.032737731933594,35.53793628692627,False,False
2023-03-15 00:00:00+00:00,34.432228088378906,35.528439903259276,False,False
2023-03-16 00:00:00+00:00,34.95882797241211,35.513053531646726,False,False
2023-03-17 00:00:00+00:00,34.746341705322266,35.49813459396362,False,False
2023-03-20 00:00:00+00:00,34.87568283081055,35.47949136734009,False,False
2023-03-21 00:00:00+00:00,35.18980026245117,35.46284833908081,False,False
2023-03-22 00:00:00+00:00,35.32837677001953,35.444482421875,False,False
2023-03-23 00:00:00+00:00,35.818023681640625,35.42996751785278,True,False
2023-03-24 00:00:00+00:00,35.72562789916992,35.416863174438475,True,True
2023-03-27 00:00:00+00:00,35.53162384033203,35.402710342407225,True,True
2023-03-28 00:00:00+00:00,36.03974151611328,35.38654985427856,True,True
2023-03-29 00:00:00+00:00,36.1413688659668,35.37751626968384,True,True
2023-03-30 00:00:00+00:00,36.50167465209961,35.37108379364014,True,True
2023-03-31 00:00:00+00:00,36.455482482910156,35.37300476074219,True,True
2023-04-03 00:00:00+00:00,36.52939224243164,35.372192306518556,True,True
2023-04-04 00:00:00+00:00,36.52939224243164,35.36933792114258,True,True
2023-04-05 00:00:00+00:00,36.24300003051758,35.37217096328735,True,True
2023-04-06 00:00:00+00:00,36.390811920166016,35.372889556884765,True,True
2023-04-10 00:00:00+00:00,36.42776870727539,35.371435222625735,True,True
2023-04-11 00:00:00+00:00,36.64949035644531,35.37344165802002,True,True
2023-04-12 00:00:00+00:00,36.390811920166016,35.3760107421875,True,True
2023-04-13 00:00:00+00:00,36.88969802856445,35.37300945281982,True,True
2023-04-14 00:00:00+00:00,36.6956901550293,35.37227510452271,True,True
2023-04-17 00:00:00+00:00,36.852745056152344,35.37170820236206,True,True
2023-04-18 00:00:00+00:00,36.80655288696289,35.372654552459714,True,True
2023-04-19 00:00:00+00:00,36.437007904052734,35.374234466552736,True,True
2023-04-20 00:00:00+00:00,36.38157272338867,35.375104141235354,True,True
2023-04-21 00:00:00+00:00,36.03974151611328,35.37710708618164,True,True
2023-04-24 00:00:00+00:00,35.95659637451172,35.37849287033081,True,True
2023-04-25 00:00:00+00:00,35.28218078613281,35.375868473052975,False,True
2023-04-26 00:00:00+00:00,35.48543167114258,35.36987199783325,True,False
2023-04-27 00:00:00+00:00,35.9658317565918,35.36976018905639,True,True
2023-04-28 00:00:00+00:00,36.150611877441406,35.372732925415036,True,True
2023-05-01 00:00:00+00:00,36.0305061340332,35.37703903198242,True,True
2023-05-02 00:00:00+00:00,35.679439544677734,35.38233709335327,True,True
2023-05-03 00:00:00+00:00,35.6240119934082,35.384969787597655,True,True
2023-05-04 00:00:00+00:00,35.910404205322266,35.38609689712524,True,True
2023-05-05 00:00:00+00:00,36.390811920166016,35.3857439994812,True,True
2023-05-08 00:00:00+00:00,36.40929412841797,35.38856662750244,True,True
2023-05-09 00:00:00+00:00,36.187564849853516,35.38943420410156,True,True
2023-05-10 00:00:00+00:00,36.16908645629883,35.39101312637329,True,True
2023-05-11 00:00:00+00:00,36.03974151611328,35.39186264038086,True,True
2023-05-12 00:00:00+00:00,35.61476516723633,35.39347591400146,True,True
2023-05-15 00:00:00+00:00,36.27070999145508,35.389642848968506,True,True
2023-05-16 00:00:00+00:00,36.012027740478516,35.388316020965576,True,True
2023-05-17 00:00:00+00:00,36.17832565307617,35.3865602684021,True,True
2023-05-18 00:00:00+00:00,35.98431396484375,35.387182998657224,True,True
2023-05-19 00:00:00+00:00,36.012027740478516,35.387700157165526,True,True
2023-05-22 00:00:00+00:00,36.30767059326172,35.38694541931152,True,True
2023-05-23 00:00:00+00:00,35.74410629272461,35.38639488220215,True,True
2023-05-24 00:00:00+00:00,35.476192474365234,35.38284452438354,True,True
2023-05-25 00:00:00+00:00,35.40228271484375,35.377727069854735,True,True
2023-05-26 00:00:00+00:00,36.0305061340332,35.372922592163086,True,True
2023-05-30 00:00:00+00:00,35.61476516723633,35.36898426055908,True,True
2023-05-31 00:00:00+00:00,35.28218078613281,35.36223922729492,False,True
2023-06-01 00:00:00+00:00,35.910404205322266,35.35187479019165,True,False
2023-06-02 00:00:00+00:00,36.52939224243164,35.345515995025636,True,True
2023-06-05 00:00:00+00:00,36.5201530456543,35.342297611236575,True,True
2023-06-06 00:00:00+00:00,36.843505859375,35.33980651855469,True,True
2023-06-07 00:00:00+00:00,36.68522262573242,35.33997869491577,True,True
2023-06-08 00:00:00+00:00,36.9459228515625,35.34186191558838,True,True
2023-06-09 00:00:00+00:00,37.113525390625,35.34664112091065,True,True
2023-06-12 00:00:00+00:00,37.18800735473633,35.3513028717041,True,True
2023-06-13 00:00:00+00:00,37.560447692871094,35.35638250350952,True,True
2023-06-14 00:00:00+00:00,37.83977508544922,35.35941139221191,True,True
2023-06-15 00:00:00+00:00,38.1935920715332,35.36656686782837,True,True
2023-06-16 00:00:00+00:00,38.0632438659668,35.376628952026365,True,True
2023-06-20 00:00:00+00:00,37.318363189697266,35.388177757263186,True,True
2023-06-21 00:00:00+00:00,37.141456604003906,35.395365161895754,True,True
2023-06-22 00:00:00+00:00,37.011104583740234,35.40307851791382,True,True
2023-06-23 00:00:00+00:00,36.471065521240234,35.411778087615964,True,True
2023-06-26 00:00:00+00:00,36.59211349487305,35.41987045288086,True,True
2023-06-27 00:00:00+00:00,36.96455001831055,35.4270210647583,True,True
2023-06-28 00:00:00+00:00,36.741085052490234,35.436989345550536,True,True
2023-06-29 00:00:00+00:00,36.545555114746094,35.443246841430664,True,True
2023-06-30 00:00:00+00:00,36.834197998046875,35.4458876991272,True,True
2023-07-03 00:00:00+00:00,37.24387741088867,35.45552272796631,True,True
2023-07-05 00:00:00+00:00,37.020408630371094,35.46634166717529,True,True
2023-07-06 00:00:00+00:00,36.2662239074707,35.47790872573852,True,True
2023-07-07 00:00:00+00:00,36.675907135009766,35.48729734420776,True,True
2023-07-10 00:00:00+00:00,36.70384216308594,35.49818840026855,True,True
2023-07-11 00:00:00+00:00,37.07627868652344,35.51017459869385,True,True
2023-07-12 00:00:00+00:00,37.90496063232422,35.52688945770264,True,True
2023-07-13 00:00:00+00:00,38.3984375,35.54856676101684,True,True
2023-07-14 00:00:00+00:00,38.18428421020508,35.57685186386109,True,True
2023-07-17 00:00:00+00:00,38.23084259033203,35.60606817245483,True,True
2023-07-18 00:00:00+00:00,37.951507568359375,35.63569925308227,True,True
2023-07-19 00:00:00+00:00,37.87702560424805,35.66252317428589,True,True
2023-07-20 00:00:00+00:00,37.597686767578125,35.69261468887329,True,True
2023-07-21 00:00:00+00:00,37.54182434082031,35.721900959014896,True,True
2023-07-24 00:00:00+00:00,38.053932189941406,35.748314456939696,True,True
2023-07-25 00:00:00+00:00,38.370506286621094,35.772010517120364,True,True
2023-07-26 00:00:00+00:00,38.593963623046875,35.79719850540161,True,True
2023-07-27 00:00:00+00:00,38.11910629272461,35.82450475692749,True,True
2023-07-28 00:00:00+00:00,39.0408935546875,35.852894668579104,True,True
2023-07-31 00:00:00+00:00,39.05950927734375,35.888168506622314,True,True
2023-08-01 00:00:00+00:00,38.56603240966797,35.926083374023435,True,True
2023-08-02 00:00:00+00:00,37.644248962402344,35.96134885787964,True,True
2023-08-03 00:00:00+00:00,37.79322814941406,35.99155042648315,True,True
2023-08-04 00:00:00+00:00,37.74666976928711,36.024862880706785,True,True
2023-08-07 00:00:00+00:00,37.69080352783203,36.053665599823,True,True
2023-08-08 00:00:00+00:00,37.23456954956055,36.08214346885681,True,True
2023-08-09 00:00:00+00:00,37.327674865722656,36.11125210762024,True,True
2023-08-10 00:00:00+00:00,37.383541107177734,36.13982531547546,True,True
2023-08-11 00:00:00+00:00,36.834197998046875,36.16626635551452,True,True
2023-08-14 00:00:00+00:00,36.65728759765625,36.196057653427125,True,True
2023-08-15 00:00:00+00:00,36.23828887939453,36.22369040489197,True,True
2023-08-16 00:00:00+00:00,35.912410736083984,36.246680183410646,False,True
2023-08-17 00:00:00+00:00,35.99620819091797,36.26926906585693,False,False
2023-08-18 00:00:00+00:00,35.754119873046875,36.293232421875,False,False
2023-08-21 00:00:00+00:00,35.837921142578125,36.31644033432007,False,False
2023-08-22 00:00:00+00:00,35.763431549072266,36.33720079421997,False,False
2023-08-23 00:00:00+00:00,36.33140563964844,36.358908290863035,False,False
2023-08-24 00:00:00+00:00,36.191734313964844,36.38254564285278,False,False
2023-08-25 00:00:00+00:00,36.228981018066406,36.398796215057374,False,False
2023-08-28 00:00:00+00:00,36.582801818847656,36.41514204025268,True,False
2023-08-29 00:00:00+00:00,37.048343658447266,36.432073974609374,True,True
2023-08-30 00:00:00+00:00,36.927303314208984,36.45420011520386,True,True
2023-08-31 00:00:00+00:00,36.471065521240234,36.469806079864505,True,True
2023-09-01 00:00:00+00:00,36.89937210083008,36.478535404205324,True,True
2023-09-05 00:00:00+00:00,36.60142517089844,36.49045278549195,True,True
2023-09-06 00:00:00+00:00,36.396575927734375,36.49692195892334,False,True
2023-09-07 00:00:00+00:00,35.96827697753906,36.50518781661987,False,False
2023-09-08 00:00:00+00:00,36.04276657104492,36.51099372863769,False,False
2023-09-11 00:00:00+00:00,36.489688873291016,36.51817308425903,False,False
2023-09-12 00:00:00+00:00,36.37794876098633,36.52977100372314,False,False
2023-09-13 00:00:00+00:00,36.33140563964844,36.540400733947756,False,False
2023-09-14 00:00:00+00:00,36.573490142822266,36.549387264251706,True,False
2023-09-15 00:00:00+00:00,36.43382263183594,36.560403194427494,False,True
2023-09-18 00:00:00+00:00,36.38726806640625,36.57149429321289,False,False
2023-09-19 00:00:00+00:00,36.173118591308594,36.57866716384888,False,False
2023-09-20 00:00:00+00:00,36.02413558959961,36.579718837738035,False,False
2023-09-21 00:00:00+00:00,35.40031051635742,36.58061710357666,False,False
2023-09-22 00:00:00+00:00,35.81930160522461,36.57771373748779,False,False
2023-09-25 00:00:00+00:00,35.661014556884766,36.57895280838013,False,False
2023-09-26 00:00:00+00:00,35.15821838378906,36.579627952575684,False,False
2023-09-27 00:00:00+00:00,35.21408462524414,36.57883562088013,False,False
2023-09-28 00:00:00+00:00,35.307193756103516,36.576184120178226,False,False
2023-09-29 00:00:00+00:00,35.33513259887695,36.57518112182617,False,False
2023-10-02 00:00:00+00:00,35.15821838378906,36.574863834381105,False,False
2023-10-03 00:00:00+00:00,34.69266891479492,36.57239627838135,False,False
2023-10-04 00:00:00+00:00,34.59025192260742,36.56750860214233,False,False
2023-10-05 00:00:00+00:00,34.720603942871094,36.56622001647949,False,False
2023-10-06 00:00:00+00:00,35.2234001159668,36.5650750541687,False,False
2023-10-09 00:00:00+00:00,35.0557975769043,36.566305503845214,False,False
2023-10-10 00:00:00+00:00,35.558589935302734,36.5667441368103,False,False
2023-10-11 00:00:00+00:00,35.78205490112305,36.56812618255615,False,False
2023-10-12 00:00:00+00:00,35.381683349609375,36.572196102142335,False,False
2023-10-13 00:00:00+00:00,35.2513313293457,36.57449512481689,False,False
2023-10-16 00:00:00+00:00,35.51203918457031,36.573555603027344,False,False
2023-10-17 00:00:00+00:00,35.4189338684082,36.57650640487671,False,False
2023-10-18 00:00:00+00:00,34.87889099121094,36.57608152389526,False,False
2023-10-19 00:00:00+00:00,34.67404556274414,36.57540464401245,False,False
2023-10-20 00:00:00+00:00,34.25505828857422,36.572225379943845,False,False
2023-10-23 00:00:00+00:00,34.22712707519531,36.56163898468017,False,False
2023-10-24 00:00:00+00:00,34.664737701416016,36.55146724700928,False,False
2023-10-25 00:00:00+00:00,34.20850372314453,36.53969575881958,False,False
2023-10-26 00:00:00+00:00,34.0409049987793,36.524257316589356,False,False
2023-10-27 00:00:00+00:00,34.012969970703125,36.50664125442505,False,False
2023-10-30 00:00:00+00:00,34.36678695678711,36.48810024261475,False,False
2023-10-31 00:00:00+00:00,34.17125701904297,36.47040445327759,False,False
2023-11-01 00:00:00+00:00,34.487831115722656,36.4504838180542,False,False
2023-11-02 00:00:00+00:00,35.09303665161133,36.43320848464966,False,False
2023-11-03 00:00:00+00:00,35.80998611450195,36.420252590179444,False,False
2023-11-06 00:00:00+00:00,36.098628997802734,36.40944946289063,False,False
2023-11-07 00:00:00+00:00,36.03345489501953,36.39717939376831,False,False
2023-11-08 00:00:00+00:00,35.79136657714844,36.383197689056395,False,False
2023-11-09 00:00:00+00:00,35.456172943115234,36.36786693572998,False,False
2023-11-10 00:00:00+00:00,35.70756530761719,36.35067544937134,False,False
2023-11-13 00:00:00+00:00,35.6982536315918,36.332893199920655,False,False
2023-11-14 00:00:00+00:00,36.64797592163086,36.31598823547363,True,False
2023-11-15 00:00:00+00:00,36.955238342285156,36.30775831222534,True,True
2023-11-16 00:00:00+00:00,36.60142517089844,36.30148042678833,True,True
2023-11-17 00:00:00+00:00,36.64797592163086,36.291077632904056,True,True
2023-11-20 00:00:00+00:00,37.10421371459961,36.282062435150145,True,True
2023-11-21 00:00:00+00:00,36.87143325805664,36.27874668121338,True,True
2023-11-22 00:00:00+00:00,36.79695129394531,36.27703859329224,True,True
2023-11-24 00:00:00+00:00,36.81557083129883,36.274219036102295,True,True
2023-11-27 00:00:00+00:00,36.666595458984375,36.27172353744507,True,True
2023-11-28 00:00:00+00:00,36.97385787963867,36.267605495452884,True,True
2023-11-29 00:00:00+00:00,36.75970458984375,36.26682531356811,True,True
2023-11-30 00:00:00+00:00,36.834197998046875,36.26344997406006,True,True
2023-12-01 00:00:00+00:00,36.99248123168945,36.26077043533325,True,True
2023-12-04 00:00:00+00:00,36.573490142822266,36.260452880859376,True,True
2023-12-05 00:00:00+00:00,36.35002136230469,36.257994194030765,True,True
2023-12-06 00:00:00+00:00,36.303470611572266,36.25645065307617,True,True
2023-12-07 00:00:00+00:00,36.480377197265625,36.25698398590088,True,True
2023-12-08 00:00:00+00:00,36.322086334228516,36.25927951812744,True,True
2023-12-11 00:00:00+00:00,36.5362434387207,36.25990592956543,True,True
2023-12-12 00:00:00+00:00,36.545555114746094,36.265668106079104,True,True
2023-12-13 00:00:00+00:00,36.90868377685547,36.270552997589114,True,True
2023-12-14 00:00:00+00:00,37.44871520996094,36.27850074768067,True,True
2023-12-15 00:00:00+00:00,37.225257873535156,36.28536083221436,True,True
2023-12-18 00:00:00+00:00,37.20663070678711,36.29045690536499,True,True
2023-12-19 00:00:00+00:00,37.5232048034668,36.29384309768677,True,True
2023-12-20 00:00:00+00:00,36.84772491455078,36.2994588470459,True,True
2023-12-21 00:00:00+00:00,37.540279388427734,36.30474594116211,True,True
2023-12-22 00:00:00+00:00,37.36003112792969,36.31275672912598,True,True
2023-12-26 00:00:00+00:00,37.65412521362305,36.32383882522583,True,True
2023-12-27 00:00:00+00:00,37.8723258972168,36.33731531143189,True,True
2023-12-28 00:00:00+00:00,38.16642761230469,36.351605606079104,True,True
2023-12-29 00:00:00+00:00,38.14745330810547,36.367274055480955,True,True
2024-01-02 00:00:00+00:00,37.701560974121094,36.38585018157959,True,True
2024-01-03 00:00:00+00:00,37.49285125732422,36.39956384658814,True,True
2024-01-04 00:00:00+00:00,37.36951446533203,36.413296394348144,True,True
2024-01-05 00:00:00+00:00,37.41695022583008,36.42576555252075,True,True
2024-01-08 00:00:00+00:00,37.521305084228516,36.436901302337645,True,True
2024-01-09 00:00:00+00:00,36.99003601074219,36.44786594390869,True,True
2024-01-10 00:00:00+00:00,36.90464782714844,36.4537260055542,True,True
2024-01-11 00:00:00+00:00,37.05644607543945,36.45962110519409,True,True
2024-01-12 00:00:00+00:00,37.18926239013672,36.467245216369626,True,True
2024-01-16 00:00:00+00:00,36.28799057006836,36.47299282073975,False,True
2024-01-17 00:00:00+00:00,35.74722671508789,36.473725929260254,False,False
2024-01-18 00:00:00+00:00,36.041324615478516,36.46995368957519,False,False
2024-01-19 00:00:00+00:00,36.420806884765625,36.46788290023804,False,False
2024-01-22 00:00:00+00:00,36.09824752807617,36.467339973449704,False,False
2024-01-23 00:00:00+00:00,36.411319732666016,36.46518424987793,False,False
2024-01-24 00:00:00+00:00,36.819271087646484,36.466025848388675,True,False
2024-01-25 00:00:00+00:00,36.86669921875,36.46816814422608,True,True
2024-01-26 00:00:00+00:00,36.89516067504883,36.47036279678345,True,True
2024-01-29 00:00:00+00:00,36.91413497924805,36.47159114837646,True,True
2024-01-30 00:00:00+00:00,36.62004089355469,36.47420776367188,True,True
2024-01-31 00:00:00+00:00,36.420806884765625,36.47285947799683,False,True
2024-02-01 00:00:00+00:00,36.77183151245117,36.47148506164551,True,False
2024-02-02 00:00:00+00:00,36.66747283935547,36.471080493927005,True,True
2024-02-05 00:00:00+00:00,36.71490478515625,36.47038509368897,True,True
2024-02-06 00:00:00+00:00,37.54977035522461,36.47177457809448,True,True
2024-02-07 00:00:00+00:00,37.597206115722656,36.47761556625366,True,True
2024-02-08 00:00:00+00:00,37.38848876953125,36.48540288925171,True,True
2024-02-09 00:00:00+00:00,37.54977035522461,36.49256235122681,True,True
2024-02-12 00:00:00+00:00,37.843868255615234,36.503900299072264,True,True
2024-02-13 00:00:00+00:00,37.13233947753906,36.51569248199463,True,True
2024-02-14 00:00:00+00:00,37.663612365722656,36.52152502059936,True,True
2024-02-15 00:00:00+00:00,37.843868255615234,36.52909002304077,True,True
2024-02-16 00:00:00+00:00,38.02412414550781,36.538156833648685,True,True
2024-02-20 00:00:00+00:00,38.08103942871094,36.549880256652834,True,True
2024-02-21 00:00:00+00:00,38.14745330810547,36.562165393829346,True,True
2024-02-22 00:00:00+00:00,38.53641891479492,36.57335063934326,True,True
2024-02-23 00:00:00+00:00,38.5174446105957,36.58407867431641,True,True
2024-02-26 00:00:00+00:00,38.3466796875,36.59461942672729,True,True
2024-02-27 00:00:00+00:00,38.422576904296875,36.60541500091553,True,True
2024-02-28 00:00:00+00:00,37.91976547241211,36.61668245315552,True,True
2024-02-29 00:00:00+00:00,37.93873977661133,36.62608257293701,True,True
2024-03-01 00:00:00+00:00,38.40360641479492,36.637702445983884,True,True
2024-03-04 00:00:00+00:00,38.31821823120117,36.648366928100586,True,True
2024-03-05 00:00:00+00:00,37.9766845703125,36.6598978805542,True,True
2024-03-06 00:00:00+00:00,38.52693557739258,36.66888967514038,True,True
2024-03-07 00:00:00+00:00,38.76411437988281,36.681602783203125,True,True
2024-03-08 00:00:00+00:00,38.726165771484375,36.695363216400146,True,True
2024-03-11 00:00:00+00:00,38.811546325683594,36.70745569229126,True,True
2024-03-12 00:00:00+00:00,39.23846435546875,36.722792892456056,True,True
2024-03-13 00:00:00+00:00,39.115135192871094,36.741604251861574,True,True
2024-03-14 00:00:00+00:00,38.9159049987793,36.76016851425171,True,True
2024-03-15 00:00:00+00:00,38.67873001098633,36.77459550857544,True,True
2024-03-18 00:00:00+00:00,38.745140075683594,36.78991533279419,True,True
2024-03-19 00:00:00+00:00,38.55540084838867,36.807230129241944,True,True
2024-03-20 00:00:00+00:00,38.991798400878906,36.820455112457275,True,True
2024-03-21 00:00:00+00:00,39.03923797607422,36.83276714324951,True,True
2024-03-22 00:00:00+00:00,38.76411437988281,36.84536256790161,True,True
2024-03-25 00:00:00+00:00,38.79257583618164,36.85496561050415,True,True
2024-03-26 00:00:00+00:00,38.76411437988281,36.8655023765564,True,True
2024-03-27 00:00:00+00:00,38.83052062988281,36.874593334197996,True,True
2024-03-28 00:00:00+00:00,38.97282791137695,36.883178310394285,True,True
2024-04-01 00:00:00+00:00,39.03923797607422,36.89210241317749,True,True
2024-04-02 00:00:00+00:00,39.16257095336914,36.8994963645935,True,True
2024-04-03 00:00:00+00:00,39.1910285949707,36.90611034393311,True,True
2024-04-04 00:00:00+00:00,39.04872512817383,36.91109752655029,True,True
2024-04-05 00:00:00+00:00,39.13410949707031,36.916024932861326,True,True
2024-04-08 00:00:00+00:00,39.390262603759766,36.92510366439819,True,True
2024-04-09 00:00:00+00:00,39.65589141845703,36.93634769439697,True,True
2024-04-10 00:00:00+00:00,39.115135192871094,36.94957162857056,True,True
2024-04-11 00:00:00+00:00,39.35231018066406,36.96279197692871,True,True
2024-04-12 00:00:00+00:00,38.4510383605957,36.976592960357664,True,True
2024-04-15 00:00:00+00:00,38.204376220703125,36.98402540206909,True,True
2024-04-16 00:00:00+00:00,37.701560974121094,36.99134185791016,True,True
2024-04-17 00:00:00+00:00,37.673095703125,36.99712188720703,True,True
2024-04-18 00:00:00+00:00,37.82489013671875,37.00131637573242,True,True
2024-04-19 00:00:00+00:00,37.673095703125,37.00422143936157,True,True
2024-04-22 00:00:00+00:00,38.08103942871094,37.00748487472534,True,True
2024-04-23 00:00:00+00:00,38.39411926269531,37.01655895233154,True,True
2024-04-24 00:00:00+00:00,38.52693557739258,37.02515001296997,True,True
2024-04-25 00:00:00+00:00,38.61231994628906,37.034265480041505,True,True
2024-04-26 00:00:00+00:00,39.058204650878906,37.041945686340334,True,True
2024-04-29 00:00:00+00:00,39.43769454956055,37.04771190643311,True,True
2024-04-30 00:00:00+00:00,38.88744354248047,37.052908191680906,True,True
2024-05-01 00:00:00+00:00,38.92538833618164,37.05642398834229,True,True
2024-05-02 00:00:00+00:00,39.9310188293457,37.05989671707153,True,True
2024-05-03 00:00:00+00:00,40.29153060913086,37.069794273376466,True,True
2024-05-06 00:00:00+00:00,40.32947540283203,37.08186679840088,True,True
2024-05-07 00:00:00+00:00,40.101783752441406,37.09552574157715,True,True
2024-05-08 00:00:00+00:00,40.11127471923828,37.108325538635256,True,True
2024-05-09 00:00:00+00:00,40.2346076965332,37.11861225128174,True,True
2024-05-10 00:00:00+00:00,40.31999206542969,37.1279327583313,True,True
2024-05-13 00:00:00+00:00,40.62357711791992,37.13656290054321,True,True
2024-05-14 00:00:00+00:00,40.84177017211914,37.14908525466919,True,True
2024-05-15 00:00:00+00:00,41.278175354003906,37.15808963775635,True,True
2024-05-16 00:00:00+00:00,41.363563537597656,37.16918296813965,True,True
2024-05-17 00:00:00+00:00,41.5438232421875,37.1831706237793,True,True
2024-05-20 00:00:00+00:00,41.392032623291016,37.20266849517822,True,True
2024-05-21 00:00:00+00:00,41.13587951660156,37.22066251754761,True,True
2024-05-22 00:00:00+00:00,41.00305938720703,37.23760856628418,True,True
2024-05-23 00:00:00+00:00,40.6994743347168,37.25416984558105,True,True
2024-05-24 00:00:00+00:00,40.81331253051758,37.27149436950683,True,True
2024-05-28 00:00:00+00:00,40.75639343261719,37.28892255783081,True,True
2024-05-29 00:00:00+00:00,40.14922332763672,37.30578681945801,True,True
2024-05-30 00:00:00+00:00,40.035377502441406,37.32236194610596,True,True
2024-05-31 00:00:00+00:00,39.64640808105469,37.339252395629885,True,True
2024-06-03 00:00:00+00:00,40.063838958740234,37.356292991638185,True,True
2024-06-04 00:00:00+00:00,39.50410461425781,37.377050132751464,True,True
2024-06-05 00:00:00+00:00,40.13973617553711,37.39458961486817,True,True
2024-06-06 00:00:00+00:00,40.33896255493164,37.416517696380616,True,True
2024-06-07 00:00:00+00:00,39.883583068847656,37.439022903442385,True,True
2024-06-10 00:00:00+00:00,40.120758056640625,37.45962366104126,True,True
2024-06-11 00:00:00+00:00,39.98702621459961,37.47857042312622,True,True
2024-06-12 00:00:00+00:00,40.38822937011719,37.49754688262939,True,True
2024-06-13 00:00:00+00:00,40.29270553588867,37.518343124389645,True,True
2024-06-14 00:00:00+00:00,40.3404655456543,37.536892642974856,True,True
2024-06-17 00:00:00+00:00,40.598384857177734,37.553353252410886,True,True
2024-06-18 00:00:00+00:00,40.9709358215332,37.57170866012573,True,True
2024-06-20 00:00:00+00:00,40.90407180786133,37.594208011627195,True,True
2024-06-21 00:00:00+00:00,40.760780334472656,37.614231510162355,True,True
2024-06-24 00:00:00+00:00,40.760780334472656,37.635028285980226,True,True
2024-06-25 00:00:00+00:00,40.665260314941406,37.65684930801392,True,True
2024-06-26 00:00:00+00:00,40.579280853271484,37.68033422470093,True,True
2024-06-27 00:00:00+00:00,40.607940673828125,37.70301679611206,True,True
2024-06-28 00:00:00+00:00,40.684364318847656,37.723608055114745,True,True
2024-07-01 00:00:00+00:00,40.77988815307617,37.745140132904055,True,True
2024-07-02 00:00:00+00:00,40.90407180786133,37.76738254547119,True,True
2024-07-03 00:00:00+00:00,41.505882263183594,37.78903545379639,True,True
2024-07-05 00:00:00+00:00,41.67782974243164,37.81439575195313,True,True
2024-07-08 00:00:00+00:00,41.6873779296875,37.84084856033325,True,True
2024-07-09 00:00:00+00:00,41.85932540893555,37.868419857025145,True,True
2024-07-10 00:00:00+00:00,42.098140716552734,37.89759580612183,True,True
2024-07-11 00:00:00+00:00,42.34650802612305,37.931084957122806,True,True
2024-07-12 00:00:00+00:00,42.51845169067383,37.9637209892273,True,True
2024-07-15 00:00:00+00:00,42.06948471069336,37.99800817489624,True,True
2024-07-16 00:00:00+00:00,42.30830001831055,38.03256450653076,True,True
2024-07-17 00:00:00+00:00,41.620513916015625,38.06803558349609,True,True
2024-07-18 00:00:00+00:00,41.22885513305664,38.099602184295655,True,True
2024-07-19 00:00:00+00:00,40.82765197753906,38.12907079696655,True,True
2024-07-22 00:00:00+00:00,41.171539306640625,38.157417964935306,True,True
2024-07-23 00:00:00+00:00,40.80854797363281,38.18981231689453,True,True
2024-07-24 00:00:00+00:00,40.21628189086914,38.22090379714966,True,True
2024-07-25 00:00:00+00:00,40.05389404296875,38.24838218688965,True,True
2024-07-26 00:00:00+00:00,40.464656829833984,38.272534656524655,True,True
2024-07-29 00:00:00+00:00,40.33091735839844,38.299578952789304,True,True
2024-07-30 00:00:00+00:00,40.14942169189453,38.323440589904784,True,True
2024-07-31 00:00:00+00:00,41.028255462646484,38.34527742385864,True,True
2024-08-01 00:00:00+00:00,40.31181335449219,38.37351028442383,True,True
2024-08-02 00:00:00+00:00,39.7386589050293,38.39881269454956,True,True
2024-08-05 00:00:00+00:00,38.611454010009766,38.419945793151854,True,True
2024-08-06 00:00:00+00:00,38.8311653137207,38.43590839385986,True,True
2024-08-07 00:00:00+00:00,39.06998062133789,38.455669765472415,True,True
2024-08-08 00:00:00+00:00,39.95836639404297,38.47764944076538,True,True
2024-08-09 00:00:00+00:00,40.178077697753906,38.506165981292725,True,True
2024-08-12 00:00:00+00:00,40.31181335449219,38.535920734405515,True,True
2024-08-13 00:00:00+00:00,40.760780334472656,38.5641561126709,True,True
2024-08-14 00:00:00+00:00,40.54106903076172,38.59691749572754,True,True
2024-08-15 00:00:00+00:00,40.99003982543945,38.62941831588745,True,True
2024-08-16 00:00:00+00:00,41.46767044067383,38.664303665161135,True,True
2024-08-19 00:00:00+00:00,41.86887741088867,38.69980808258057,True,True
2024-08-20 00:00:00+00:00,41.54409408569336,38.73829618453979,True,True
2024-08-21 00:00:00+00:00,41.706485748291016,38.773577499389646,True,True
2024-08-22 00:00:00+00:00,41.19064712524414,38.80664474487305,True,True
2024-08-23 00:00:00+00:00,41.87843322753906,38.833548049926755,True,True
2024-08-26 00:00:00+00:00,41.524986267089844,38.86244707107544,True,True
2024-08-27 00:00:00+00:00,41.58230209350586,38.88990472793579,True,True
2024-08-28 00:00:00+00:00,41.32438278198242,38.91885940551758,True,True
2024-08-29 00:00:00+00:00,41.34348678588867,38.948200454711916,True,True
2024-08-30 00:00:00+00:00,41.42945861816406,38.976380062103274,True,True
2024-09-03 00:00:00+00:00,40.607940673828125,39.00503608703613,True,True
2024-09-04 00:00:00+00:00,40.598384857177734,39.02483591079712,True,True
2024-09-05 00:00:00+00:00,40.65570068359375,39.043051643371584,True,True
2024-09-06 00:00:00+00:00,39.910606384277344,39.06332302093506,True,True
2024-09-09 00:00:00+00:00,40.24494171142578,39.07963617324829,True,True
2024-09-10 00:00:00+00:00,40.092105865478516,39.09533981323242,True,True
2024-09-11 00:00:00+00:00,40.38822937011719,39.11144317626953,True,True
2024-09-12 00:00:00+00:00,40.72257614135742,39.12939956665039,True,True
2024-09-13 00:00:00+00:00,40.91362380981445,39.148934593200686,True,True
2024-09-16 00:00:00+00:00,41.047359466552734,39.17016973495483,True,True
2024-09-17 00:00:00+00:00,41.095123291015625,39.190537242889405,True,True
2024-09-18 00:00:00+00:00,40.95183563232422,39.21221433639526,True,True
2024-09-19 00:00:00+00:00,41.82111358642578,39.23280252456665,True,True
2024-09-20 00:00:00+00:00,41.73514175415039,39.25694568634033,True,True
2024-09-23 00:00:00+00:00,42.059932708740234,39.28275394439697,True,True
2024-09-24 00:00:00+00:00,43.4928092956543,39.31130350112915,True,True
2024-09-25 00:00:00+00:00,43.0342903137207,39.34725019454956,True,True
2024-09-26 00:00:00+00:00,44.6104621887207,39.38001976013184,True,True
2024-09-27 00:00:00+00:00,44.52449035644531,39.4214616394043,True,True
2024-09-30 00:00:00+00:00,43.808048248291016,39.46140287399292,True,True
2024-10-01 00:00:00+00:00,44.1232795715332,39.497715339660644,True,True
2024-10-02 00:00:00+00:00,44.9925651550293,39.53378831863403,True,True
2024-10-03 00:00:00+00:00,44.45762634277344,39.57150756835937,True,True
2024-10-04 00:00:00+00:00,44.86838150024414,39.60766941070557,True,True
2024-10-07 00:00:00+00:00,45.240936279296875,39.645978164672854,True,True
2024-10-08 00:00:00+00:00,44.1232795715332,39.684566822052005,True,True
2024-10-09 00:00:00+00:00,43.88446807861328,39.72094459533692,True,True
2024-10-10 00:00:00+00:00,43.970436096191406,39.752665538787845,True,True
2024-10-11 00:00:00+00:00,44.28567886352539,39.78571756362915,True,True
2024-10-14 00:00:00+00:00,44.10417938232422,39.818875331878665,True,True
2024-10-15 00:00:00+00:00,43.168025970458984,39.8500345993042,True,True
2024-10-16 00:00:00+00:00,43.50236892700195,39.87504259109497,True,True
2024-10-17 00:00:00+00:00,43.43550109863281,39.90181716918946,True,True
2024-10-18 00:00:00+00:00,43.86536407470703,39.930486869812015,True,True
2024-10-21 00:00:00+00:00,43.5596809387207,39.96234943389893,True,True
2024-10-22 00:00:00+00:00,43.46415710449219,39.99330026626587,True,True
2024-10-23 00:00:00+00:00,43.20623779296875,40.02353630065918,True,True
2024-10-24 00:00:00+00:00,43.13936996459961,40.051960964202884,True,True
2024-10-25 00:00:00+00:00,43.101158142089844,40.08270763397217,True,True
2024-10-28 00:00:00+00:00,43.29220962524414,40.11369018554687,True,True
2024-10-29 00:00:00+00:00,43.158477783203125,40.144869003295895,True,True
2024-10-30 00:00:00+00:00,42.738162994384766,40.17471508026123,True,True
2024-10-31 00:00:00+00:00,42.46113967895508,40.206965942382816,True,True
2024-11-01 00:00:00+00:00,42.49934768676758,40.24053550720215,True,True
2024-11-04 00:00:00+00:00,42.738162994384766,40.27282562255859,True,True
2024-11-05 00:00:00+00:00,43.320865631103516,40.30441240310669,True,True
2024-11-06 00:00:00+00:00,42.78592300415039,40.340525493621826,True,True
2024-11-07 00:00:00+00:00,43.731624603271484,40.37239850997925,True,True
2024-11-08 00:00:00+00:00,42.652191162109375,40.406960277557374,True,True
2024-11-11 00:00:00+00:00,42.32740020751953,40.43588773727417,True,True
2024-11-12 00:00:00+00:00,41.524986267089844,40.46304893493652,True,True
2024-11-13 00:00:00+00:00,41.257511138916016,40.48610319137573,True,True
2024-11-14 00:00:00+00:00,41.028255462646484,40.50929054260254,True,True
2024-11-15 00:00:00+00:00,41.028255462646484,40.532327785491944,True,True
2024-11-18 00:00:00+00:00,41.4963264465332,40.55360990524292,True,True
2024-11-19 00:00:00+00:00,41.46767044067383,40.577754173278805,True,True
2024-11-20 00:00:00+00:00,41.41991424560547,40.6015180015564,True,True
2024-11-21 00:00:00+00:00,41.33393478393555,40.6208687210083,True,True
2024-11-22 00:00:00+00:00,41.34348678588867,40.63955236434936,True,True
2024-11-25 00:00:00+00:00,41.37214660644531,40.659327354431156,True,True
2024-11-26 00:00:00+00:00,41.20020294189453,40.67843923568726,True,True
2024-11-27 00:00:00+00:00,41.257511138916016,40.69522090911865,True,True
2024-11-29 00:00:00+00:00,41.32438278198242,40.71584676742554,True,True
2024-12-02 00:00:00+00:00,41.486778259277344,40.734150619506835,True,True
2024-12-03 00:00:00+00:00,41.57274627685547,40.75236516952515,True,True
2024-12-04 00:00:00+00:00,41.67782974243164,40.77010828018189,True,True
2024-12-05 00:00:00+00:00,41.95484924316406,40.78809223175049,True,True
2024-12-06 00:00:00+00:00,41.88798141479492,40.80712921142578,True,True
2024-12-09 00:00:00+00:00,42.74771499633789,40.82388702392578,True,True
2024-12-10 00:00:00+00:00,42.059932708740234,40.84503837585449,True,True
2024-12-11 00:00:00+00:00,42.231876373291016,40.863604640960695,True,True
2024-12-12 00:00:00+00:00,42.021724700927734,40.88265113830566,True,True
2024-12-13 00:00:00+00:00,42.059932708740234,40.903160934448245,True,True
2024-12-16 00:00:00+00:00,41.83066940307617,40.923766899108884,True,True
2024-12-17 00:00:00+00:00,41.73061752319336,40.94090221405029,True,True
2024-12-18 00:00:00+00:00,40.75923538208008,40.957964210510255,False,True
2024-12-19 00:00:00+00:00,40.895225524902344,40.97187696456909,False,False
2024-12-20 00:00:00+00:00,41.060359954833984,40.983718414306644,True,False
2024-12-23 00:00:00+00:00,41.293495178222656,40.9951996421814,True,True
2024-12-24 00:00:00+00:00,41.41977310180664,41.008036289215084,True,True
2024-12-26 00:00:00+00:00,41.274070739746094,41.021077423095704,True,True
2024-12-27 00:00:00+00:00,41.08950424194336,41.03125545501709,True,True
2024-12-30 00:00:00+00:00,40.75923538208008,41.04112730026245,False,True
2024-12-31 00:00:00+00:00,40.62323760986328,41.050343952178956,False,False
2025-01-02 00:00:00+00:00,40.56495666503906,41.06006649017334,False,False
2025-01-03 00:00:00+00:00,40.94379806518555,41.06916557312012,False,False
2025-01-06 00:00:00+00:00,41.08950424194336,41.0811075592041,True,False
2025-01-07 00:00:00+00:00,40.79808807373047,41.091596088409425,False,True
2025-01-08 00:00:00+00:00,40.60380935668945,41.100390338897704,False,False
2025-01-10 00:00:00+00:00,39.91413116455078,41.10958881378174,False,False
2025-01-13 00:00:00+00:00,39.64214324951172,41.11519659042359,False,False
2025-01-14 00:00:00+00:00,40.0889778137207,41.11958673477173,False,False
2025-01-15 00:00:00+00:00,40.613529205322266,41.12587902069092,False,False
2025-01-16 00:00:00+00:00,40.56495666503906,41.13408252716064,False,False
2025-01-17 00:00:00+00:00,40.8855094909668,41.14171112060547,False,False
2025-01-21 00:00:00+00:00,41.322635650634766,41.150325813293456,True,False
2025-01-22 00:00:00+00:00,41.351776123046875,41.160983848571775,True,True
2025-01-23 00:00:00+00:00,41.44891357421875,41.172499103546144,True,True
2025-01-24 00:00:00+00:00,41.72090530395508,41.18407312393188,True,True
2025-01-27 00:00:00+00:00,40.96322250366211,41.19572633743286,False,True
2025-01-28 00:00:00+00:00,41.26435470581055,41.202262992858884,True,False
2025-01-29 00:00:00+00:00,41.274070739746094,41.21300909042358,True,True
2025-01-30 00:00:00+00:00,41.97346115112305,41.222617893218995,True,True
2025-01-31 00:00:00+00:00,41.49748611450195,41.24023000717163,True,True
2025-02-03 00:00:00+00:00,41.19635772705078,41.25669555664062,False,True
2025-02-04 00:00:00+00:00,41.93460464477539,41.274169540405275,True,False
2025-02-05 00:00:00+00:00,41.827754974365234,41.295477085113525,True,True
2025-02-06 00:00:00+00:00,42.00260925292969,41.31549140930176,True,True
2025-02-07 00:00:00+00:00,41.963748931884766,41.337138977050785,True,True
2025-02-10 00:00:00+00:00,42.468868255615234,41.35655252456665,True,True
2025-02-11 00:00:00+00:00,42.30373001098633,41.37692626953125,True,True
2025-02-12 00:00:00+00:00,42.536865234375,41.395810241699216,True,True
2025-02-13 00:00:00+00:00,42.8088493347168,41.41543296813965,True,True
2025-02-14 00:00:00+00:00,43.139122009277344,41.43418619155884,True,True
2025-02-18 00:00:00+00:00,43.411109924316406,41.45269332885742,True,True
2025-02-19 00:00:00+00:00,43.34311294555664,41.4753116607666,True,True
2025-02-20 00:00:00+00:00,43.74137878417969,41.49740028381348,True,True
2025-02-21 00:00:00+00:00,43.61509704589844,41.516452083587644,True,True
2025-02-24 00:00:00+00:00,42.944847106933594,41.533069915771485,True,True
2025-02-25 00:00:00+00:00,42.9739875793457,41.54614677429199,True,True
2025-02-26 00:00:00+00:00,43.401397705078125,41.56050779342652,True,True
2025-02-27 00:00:00+00:00,42.55629348754883,41.576958408355715,True,True
2025-02-28 00:00:00+00:00,41.97346115112305,41.58856683731079,True,True
2025-03-03 00:00:00+00:00,41.604339599609375,41.59683418273926,True,True
2025-03-04 00:00:00+00:00,41.95403289794922,41.60173799514771,True,True
2025-03-05 00:00:00+00:00,43.20711898803711,41.60729930877685,True,True
2025-03-06 00:00:00+00:00,42.93513107299805,41.616944026947024,True,True
2025-03-07 00:00:00+00:00,43.148834228515625,41.624801864624025,True,True
2025-03-10 00:00:00+00:00,42.119171142578125,41.63282691955566,True,True
2025-03-11 00:00:00+00:00,42.468868255615234,41.6364626121521,True,True
2025-03-12 00:00:00+00:00,42.70199966430664,41.643127555847165,True,True
2025-03-13 00:00:00+00:00,42.52715301513672,41.65162225723267,True,True
2025-03-14 00:00:00+00:00,43.30426025390625,41.660760650634764,True,True
2025-03-17 00:00:00+00:00,44.04250717163086,41.67321538925171,True,True
2025-03-18 00:00:00+00:00,43.819091796875,41.68964595794678,True,True
2025-03-19 00:00:00+00:00,43.92594528198242,41.70799530029297,True,True
2025-03-20 00:00:00+00:00,43.51796340942383,41.72744813919067,True,True
2025-03-21 00:00:00+00:00,43.30426025390625,41.74680591583252,True,True
2025-03-24 00:00:00+00:00,43.49853515625,41.76300802230835,True,True
2025-03-25 00:00:00+00:00,43.37225341796875,41.78298017501831,True,True
2025-03-26 00:00:00+00:00,43.109981536865234,41.79914276123047,True,True
2025-03-27 00:00:00+00:00,43.32368469238281,41.812997856140136,True,True
2025-03-28 00:00:00+00:00,42.51743698120117,41.83019836425781,True,True
2025-03-31 00:00:00+00:00,42.449440002441406,41.84218175888061,True,True
2025-04-01 00:00:00+00:00,42.58543395996094,41.85449382781982,True,True
2025-04-02 00:00:00+00:00,42.64371871948242,41.86547985076904,True,True
2025-04-03 00:00:00+00:00,41.74032974243164,41.87723491668701,False,True
2025-04-04 00:00:00+00:00,39.41872787475586,41.884234237670896,False,False
2025-04-07 00:00:00+00:00,37.951934814453125,41.87833595275879,False,False
2025-04-08 00:00:00+00:00,37.41767883300781,41.86324094772339,False,False
2025-04-09 00:00:00+00:00,40.01126480102539,41.84580898284912,False,False
2025-04-10 00:00:00+00:00,39.32158660888672,41.84206140518189,False,False
2025-04-11 00:00:00+00:00,40.555240631103516,41.834865436553955,False,False
2025-04-14 00:00:00+00:00,40.92436981201172,41.834315338134765,False,False
2025-04-15 00:00:00+00:00,40.8855094909668,41.836040782928464,False,False
2025-04-16 00:00:00+00:00,40.40953826904297,41.83742862701416,False,False
2025-04-17 00:00:00+00:00,40.72037887573242,41.836054496765136,False,False
2025-04-21 00:00:00+00:00,40.710662841796875,41.83575695037842,False,False
2025-04-22 00:00:00+00:00,41.322635650634766,41.83478990554809,False,False
2025-04-23 00:00:00+00:00,41.79861068725586,41.83387367248535,False,False
2025-04-24 00:00:00+00:00,42.2843017578125,41.83447757720947,True,False
2025-04-25 00:00:00+00:00,42.20659637451172,41.837462196350096,True,True
2025-04-28 00:00:00+00:00,42.2843017578125,41.83919855117798,True,True
2025-04-29 00:00:00+00:00,42.400875091552734,41.840129356384274,True,True
2025-04-30 00:00:00+00:00,42.50772476196289,41.84040119171143,True,True
2025-05-01 00:00:00+00:00,42.498008728027344,41.84034755706787,True,True
2025-05-02 00:00:00+00:00,43.71223831176758,41.84249017715454,True,True
2025-05-05 00:00:00+00:00,44.04250717163086,41.84950986862182,True,True
2025-05-06 00:00:00+00:00,43.86766052246094,41.861619834899905,True,True
2025-05-07 00:00:00+00:00,43.36254119873047,41.874813861846924,True,True
2025-05-08 00:00:00+00:00,43.333396911621094,41.88748830795288,True,True
2025-05-09 00:00:00+00:00,43.624813079833984,41.89829759597778,True,True
2025-05-12 00:00:00+00:00,44.567054748535156,41.91237892150879,True,True
2025-05-13 00:00:00+00:00,44.64476776123047,41.93413278579712,True,True
2025-05-14 00:00:00+00:00,44.98474884033203,41.957087154388425,True,True
2025-05-15 00:00:00+00:00,44.9653205871582,41.97968761444092,True,True
2025-05-16 00:00:00+00:00,44.936180114746094,42.002859630584716,True,True
2025-05-19 00:00:00+00:00,45.03331756591797,42.02679342269897,True,True
2025-05-20 00:00:00+00:00,44.98474884033203,42.04681873321533,True,True
2025-05-21 00:00:00+00:00,44.868186950683594,42.07018341064453,True,True
2025-05-22 00:00:00+00:00,44.722476959228516,42.0958310508728,True,True
2025-05-23 00:00:00+00:00,44.90704345703125,42.1263861656189,True,True
2025-05-27 00:00:00+00:00,44.80018997192383,42.15676555633545,True,True
2025-05-28 00:00:00+00:00,44.596195220947266,42.18541660308838,True,True
2025-05-29 00:00:00+00:00,44.76133346557617,42.2086057472229,True,True
2025-05-30 00:00:00+00:00,44.21735763549805,42.23152202606201,True,True
2025-06-02 00:00:00+00:00,44.53791427612305,42.25104974746704,True,True
2025-06-03 00:00:00+00:00,44.64476776123047,42.26993541717529,True,True
2025-06-04 00:00:00+00:00,45.198455810546875,42.29045391082764,True,True
2025-06-05 00:00:00+00:00,45.43158721923828,42.31149599075317,True,True
2025-06-06 00:00:00+00:00,45.57728958129883,42.331315574646,True,True
2025-06-09 00:00:00+00:00,45.96584701538086,42.34985763549805,True,True
2025-06-10 00:00:00+00:00,46.22812271118164,42.37196640014648,True,True
2025-06-11 00:00:00+00:00,46.42239761352539,42.394574584960935,True,True
2025-06-12 00:00:00+00:00,46.50010299682617,42.420733337402346,True,True
2025-06-13 00:00:00+00:00,45.76185989379883,42.44384168624878,True,True
2025-06-16 00:00:00+00:00,46.32286834716797,42.46502605438232,True,True
2025-06-17 00:00:00+00:00,45.714778900146484,42.48872888565064,True,True
2025-06-18 00:00:00+00:00,45.7049674987793,42.51068086624146,True,True
2025-06-20 00:00:00+00:00,45.44015884399414,42.53248826980591,True,True
2025-06-23 00:00:00+00:00,45.81285858154297,42.55254177093506,True,True
2025-06-24 00:00:00+00:00,46.99961853027344,42.57856636047363,True,True
2025-06-25 00:00:00+00:00,47.03884506225586,42.610572528839114,True,True
2025-06-26 00:00:00+00:00,47.35270309448242,42.64248825073242,True,True
2025-06-27 00:00:00+00:00,47.166351318359375,42.67969873428345,True,True
2025-06-30 00:00:00+00:00,47.313472747802734,42.714305782318114,True,True
2025-07-01 00:00:00+00:00,47.4017448425293,42.75041261672973,True,True
2025-07-02 00:00:00+00:00,47.60770797729492,42.7854801940918,True,True
2025-07-03 00:00:00+00:00,47.823482513427734,42.819905853271486,True,True
2025-07-07 00:00:00+00:00,47.14673614501953,42.85445514678955,True,True
2025-07-08 00:00:00+00:00,47.440975189208984,42.884952030181886,True,True
2025-07-09 00:00:00+00:00,47.362510681152344,42.91668128967285,True,True
2025-07-10 00:00:00+00:00,47.490013122558594,42.94873466491699,True,True
2025-07-11 00:00:00+00:00,47.33308792114258,42.977079162597654,True,True
2025-07-14 00:00:00+00:00,47.4017448425293,43.005068893432615,True,True
2025-07-15 00:00:00+00:00,47.745018005371094,43.031777954101564,True,True
2025-07-16 00:00:00+00:00,47.970603942871094,43.05303899765015,True,True
2025-07-17 00:00:00+00:00,48.24522399902344,43.0777205657959,True,True
2025-07-18 00:00:00+00:00,48.13733673095703,43.09589437484741,True,True
2025-07-21 00:00:00+00:00,48.451194763183594,43.11395860671997,True,True
2025-07-22 00:00:00+00:00,48.48061752319336,43.13717433929443,True,True
2025-07-23 00:00:00+00:00,48.971012115478516,43.15896102905273,True,True
2025-07-24 00:00:00+00:00,48.70619583129883,43.17885326385498,True,True
2025-07-25 00:00:00+00:00,48.55907440185547,43.200096111297604,True,True
2025-07-28 00:00:00+00:00,48.23542022705078,43.21854957580567,True,True
2025-07-29 00:00:00+00:00,48.255035400390625,43.233521995544436,True,True
2025-07-30 00:00:00+00:00,47.90195083618164,43.25418077468872,True,True
2025-07-31 00:00:00+00:00,47.62732696533203,43.27426818847656,True,True
2025-08-01 00:00:00+00:00,47.27423858642578,43.292552642822265,True,True
2025-08-04 00:00:00+00:00,47.7646369934082,43.30749544143677,True,True
2025-08-05 00:00:00+00:00,47.90195083618164,43.32579772949219,True,True
2025-08-06 00:00:00+00:00,48.12752914428711,43.3494673538208,True,True
2025-08-07 00:00:00+00:00,48.52965545654297,43.37259315490723,True,True
2025-08-08 00:00:00+00:00,48.490421295166016,43.39806392669678,True,True
2025-08-11 00:00:00+00:00,48.353111267089844,43.42118921279907,True,True
2025-08-12 00:00:00+00:00,48.94158935546875,43.44515636444092,True,True
2025-08-13 00:00:00+00:00,49.53006362915039,43.4725435256958,True,True
2025-08-14 00:00:00+00:00,48.921974182128906,43.50416265487671,True,True
2025-08-15 00:00:00+00:00,48.98081970214844,43.533075675964355,True,True
2025-08-18 00:00:00+00:00,49.2652473449707,43.56247398376465,True,True
2025-08-19 00:00:00+00:00,48.86312484741211,43.59233917236328,True,True
2025-08-20 00:00:00+00:00,48.79446792602539,43.62086240768433,True,True
2025-08-21 00:00:00+00:00,48.686580657958984,43.65114393234253,True,True
2025-08-22 00:00:00+00:00,49.65756607055664,43.68227113723755,True,True
2025-08-25 00:00:00+00:00,49.37313461303711,43.718062229156494,True,True
2025-08-26 00:00:00+00:00,49.245635986328125,43.751237087249756,True,True
2025-08-27 00:00:00+00:00,48.95139694213867,43.78086093902588,True,True
2025-08-28 00:00:00+00:00,49.13774871826172,43.81168830871582,True,True
2025-08-29 00:00:00+00:00,48.90235900878906,43.83871892929077,True,True
2025-09-02 00:00:00+00:00,48.86312484741211,43.86996976852417,True,True
2025-09-03 00:00:00+00:00,49.049476623535156,43.90264839172363,True,True
2025-09-04 00:00:00+00:00,48.892547607421875,43.94027084350586,True,True
2025-09-05 00:00:00+00:00,49.48102569580078,43.97844602584839,True,True
2025-09-08 00:00:00+00:00,49.93218994140625,44.02070987701416,True,True
2025-09-09 00:00:00+00:00,50.206809997558594,44.06522954940796,True,True
2025-09-10 00:00:00+00:00,50.55009078979492,44.10878196716308,True,True
2025-09-11 00:00:00+00:00,51.28568649291992,44.154194068908694,True,True
2025-09-12 00:00:00+00:00,51.25625991821289,44.20352293014526,True,True
2025-09-15 00:00:00+00:00,51.628963470458984,44.25313455581665,True,True
2025-09-16 00:00:00+00:00,52.011470794677734,44.304561939239505,True,True
2025-09-17 00:00:00+00:00,52.23705291748047,44.35775856018066,True,True
2025-09-18 00:00:00+00:00,52.10955047607422,44.412942810058595,True,True
2025-09-19 00:00:00+00:00,51.991851806640625,44.467203006744384,True,True
2025-09-22 00:00:00+00:00,52.246864318847656,44.52054035186767,True,True
2025-09-23 00:00:00+00:00,52.276283264160156,44.57434078216553,True,True
2025-09-24 00:00:00+00:00,52.0997428894043,44.62785846710205,True,True
2025-09-25 00:00:00+00:00,51.79569625854492,44.67996803283691,True,True
2025-09-26 00:00:00+00:00,51.69761657714844,44.72917226791382,True,True
2025-09-29 00:00:00+00:00,52.16839599609375,44.77822044372559,True,True
2025-09-30 00:00:00+00:00,52.374366760253906,44.825323848724366,True,True
2025-10-01 00:00:00+00:00,52.78629684448242,44.87689601898193,True,True
2025-10-02 00:00:00+00:00,53.031494140625,44.92966812133789,True,True
2025-10-03 00:00:00+00:00,53.18842315673828,44.984716968536375,True,True
2025-10-06 00:00:00+00:00,53.433624267578125,45.04035942077637,True,True
2025-10-07 00:00:00+00:00,53.021690368652344,45.09837419509888,True,True
2025-10-08 00:00:00+00:00,53.44343185424805,45.154829559326174,True,True
2025-10-09 00:00:00+00:00,52.89418411254883,45.21825054168701,True,True
2025-10-10 00:00:00+00:00,50.942405700683594,45.27824533462525,True,True
2025-10-13 00:00:00+00:00,52.42340850830078,45.32765556335449,True,True
2025-10-14 00:00:00+00:00,51.9526252746582,45.383305130004885,True,True
2025-10-15 00:00:00+00:00,52.80591583251953,45.43596939086914,True,True
2025-10-16 00:00:00+00:00,53.149192810058594,45.493628616333005,True,True
2025-10-17 00:00:00+00:00,53.13938522338867,45.55392705917358,True,True
2025-10-20 00:00:00+00:00,53.865169525146484,45.615827808380125,True,True
2025-10-21 00:00:00+00:00,53.26688766479492,45.68203746795654,True,True
2025-10-22 00:00:00+00:00,53.21784591674805,45.74554712295532,True,True
2025-10-23 00:00:00+00:00,53.688629150390625,45.806917362213134,True,True
2025-10-24 00:00:00+00:00,54.04171371459961,45.869912986755374,True,True
2025-10-27 00:00:00+00:00,54.63999557495117,45.936131114959714,True,True
2025-10-28 00:00:00+00:00,54.62038040161133,46.00631204605102,True,True
2025-10-29 00:00:00+00:00,54.934234619140625,46.079843292236326,True,True
2025-10-30 00:00:00+00:00,54.36537551879883,46.15630374908447,True,True
2025-10-31 00:00:00+00:00,54.23787307739258,46.22768573760986,True,True
2025-11-03 00:00:00+00:00,54.581153869628906,46.295807456970216,True,True
2025-11-04 00:00:00+00:00,53.58074188232422,46.36588844299317,True,True
2025-11-05 00:00:00+00:00,54.06132888793945,46.42936460494995,True,True
2025-11-06 00:00:00+00:00,53.65920639038086,46.493058071136474,True,True
2025-11-07 00:00:00+00:00,53.50227737426758,46.55459522247315,True,True
2025-11-10 00:00:00+00:00,54.4438362121582,46.61486204147339,True,True
2025-11-11 00:00:00+00:00,54.502685546875,46.67847669601441,True,True
2025-11-12 00:00:00+00:00,54.51249313354492,46.746174011230465,True,True
2025-11-13 00:00:00+00:00,53.87498092651367,46.81241470336914,True,True
2025-11-14 00:00:00+00:00,53.90440368652344,46.875419254302976,True,True
2025-11-17 00:00:00+00:00,53.26688766479492,46.93507396697998,True,True
2025-11-18 00:00:00+00:00,53.0020751953125,46.993920974731445,True,True
2025-11-19 00:00:00+00:00,52.81571960449219,47.052949562072754,True,True
2025-11-20 00:00:00+00:00,52.08993911743164,47.10735513687134,True,True
2025-11-21 00:00:00+00:00,52.08012390136719,47.15866605758667,True,True
2025-11-24 00:00:00+00:00,52.629371643066406,47.209053630828855,True,True
2025-11-25 00:00:00+00:00,52.81571960449219,47.26238174438477,True,True
2025-11-26 00:00:00+00:00,53.19823455810547,47.31411600112915,True,True
2025-11-28 00:00:00+00:00,53.27669143676758,47.368588523864744,True,True
2025-12-01 00:00:00+00:00,53.237464904785156,47.42228765487671,True,True
2025-12-02 00:00:00+00:00,53.257080078125,47.47443073272705,True,True
2025-12-03 00:00:00+00:00,53.29631042480469,47.52502052307129,True,True
2025-12-04 00:00:00+00:00,53.28650665283203,47.574446525573734,True,True
2025-12-05 00:00:00+00:00,53.688629150390625,47.62416349411011,True,True
2025-12-08 00:00:00+00:00,53.5709342956543,47.67389974594116,True,True
2025-12-09 00:00:00+00:00,53.482662200927734,47.72367893218994,True,True
2025-12-10 00:00:00+00:00,54.0809440612793,47.77636800765991,True,True
2025-12-11 00:00:00+00:00,53.8259391784668,47.83190279006958,True,True
2025-12-12 00:00:00+00:00,53.19823455810547,47.884025497436525,True,True
2025-12-15 00:00:00+00:00,53.04130935668945,47.93723520278931,True,True
2025-12-16 00:00:00+00:00,52.70604705810547,47.99257444381714,True,True
2025-12-17 00:00:00+00:00,52.32801055908203,48.048082981109616,True,True
2025-12-18 00:00:00+00:00,52.92491149902344,48.09995286941528,True,True
2025-12-19 00:00:00+00:00,53.442222595214844,48.14854183197021,True,True
2025-12-22 00:00:00+00:00,53.73072052001953,48.2010772895813,True,True
2025-12-23 00:00:00+00:00,54.029170989990234,48.25398672103882,True,True
2025-12-24 00:00:00+00:00,54.13859939575195,48.31353672027588,True,True
2025-12-26 00:00:00+00:00,54.51663589477539,48.37188537597656,True,True
2025-12-29 00:00:00+00:00,54.37736129760742,48.4309585571289,True,True
2025-12-30 00:00:00+00:00,54.596221923828125,48.49020959854126,True,True
2025-12-31 00:00:00+00:00,54.427101135253906,48.54666940689087,True,True
2026-01-02 00:00:00+00:00,55.94919204711914,48.598592376708986,True,True
2026-01-05 00:00:00+00:00,56.565982818603516,48.6592428779602,True,True
2026-01-06 00:00:00+00:00,56.98381042480469,48.72244306564331,True,True
2026-01-07 00:00:00+00:00,56.556034088134766,48.789772300720216,True,True
2026-01-08 00:00:00+00:00,56.575931549072266,48.85603116989136,True,True
2026-01-09 00:00:00+00:00,56.84453582763672,48.92141815185547,True,True
2026-01-12 00:00:00+00:00,57.64039611816406,48.98877956390381,True,True
2026-01-13 00:00:00+00:00,57.21261978149414,49.061431636810305,True,True
2026-01-14 00:00:00+00:00,57.45138168334961,49.13087631225586,True,True
2026-01-15 00:00:00+00:00,57.78962326049805,49.2055460357666,True,True
2026-01-16 00:00:00+00:00,57.57075881958008,49.28224695205689,True,True
2026-01-20 00:00:00+00:00,57.01365661621094,49.35717357635498,True,True
2026-01-21 00:00:00+00:00,57.958744049072266,49.42902326583862,True,True
2026-01-22 00:00:00+00:00,58.39646911621094,49.51011533737183,True,True
2026-01-23 00:00:00+00:00,58.764556884765625,49.6050040435791,True,True
2026-01-26 00:00:00+00:00,58.864036560058594,49.70906715393066,True,True
2026-01-27 00:00:00+00:00,60.02798843383789,49.816298942565915,True,True
2026-01-28 00:00:00+00:00,60.43586730957031,49.91638256072998,True,True
2026-01-29 00:00:00+00:00,60.127471923828125,50.0219539642334,True,True
2026-01-30 00:00:00+00:00,58.79439926147461,50.11981512069702,True,True
2026-02-02 00:00:00+00:00,58.97346878051758,50.209165267944336,True,True
2026-02-03 00:00:00+00:00,59.291812896728516,50.29960506439209,True,True
2026-02-04 00:00:00+00:00,58.49595260620117,50.39401643753052,True,True
2026-02-05 00:00:00+00:00,58.22734832763672,50.482894306182864,True,True
2026-02-06 00:00:00+00:00,59.75938415527344,50.57047773361206,True,True
2026-02-09 00:00:00+00:00,60.19710922241211,50.662661476135256,True,True
2026-02-10 00:00:00+00:00,60.286643981933594,50.754653968811034,True,True
2026-02-11 00:00:00+00:00,61.24168014526367,50.84466567993164,True,True
2026-02-12 00:00:00+00:00,60.5452995300293,50.9398410987854,True,True
2026-02-13 00:00:00+00:00,60.803955078125,51.03114608764648,True,True
2026-02-17 00:00:00+00:00,60.55524826049805,51.123161487579345,True,True
2026-02-18 00:00:00+00:00,60.873592376708984,51.21339910507202,True,True
2026-02-19 00:00:00+00:00,60.724369049072266,51.305277023315426,True,True
2026-02-20 00:00:00+00:00,62.01764678955078,51.39033767700195,True,True
2026-02-23 00:00:00+00:00,61.331214904785156,51.48021337509155,True,True
2026-02-24 00:00:00+00:00,62.296199798583984,51.56753114700317,True,True
2026-02-25 00:00:00+00:00,62.98263168334961,51.66219944000244,True,True
2026-02-26 00:00:00+00:00,62.38573455810547,51.76044561386109,True,True
2026-02-27 00:00:00+00:00,62.25640869140625,51.85425022125244,True,True
2026-03-02 00:00:00+00:00,61.18199157714844,51.942696990966795,True,True
2026-03-03 00:00:00+00:00,58.117916107177734,52.025383110046384,True,True
2026-03-04 00:00:00+00:00,58.744659423828125,52.09104894638062,True,True
2026-03-05 00:00:00+00:00,57.33200454711914,52.15994564056396,True,True
2026-03-06 00:00:00+00:00,57.02360534667969,52.22192476272583,True,True
2026-03-09 00:00:00+00:00,58.147762298583984,52.281876201629636,True,True
2026-03-10 00:00:00+00:00,58.37657165527344,52.3476912689209,True,True
2026-03-11 00:00:00+00:00,58.52579879760742,52.41523319244385,True,True
2026-03-12 00:00:00+00:00,56.655517578125,52.48424980163574,True,True
2026-03-13 00:00:00+00:00,56.50629425048828,52.54299217224121,True,True
2026-03-16 00:00:00+00:00,58.078125,52.60152269363403,True,True
2026-03-17 00:00:00+00:00,58.44620895385742,52.668932342529295,True,True
2026-03-18 00:00:00+00:00,57.262367248535156,52.737356719970705,True,True
2026-03-19 00:00:00+00:00,57.322052001953125,52.802581768035886,True,True
2026-03-20 00:00:00+00:00,55.352291107177734,52.86650245666504,True,True
2026-03-23 00:00:00+00:00,57.01365661621094,52.92004007339477,True,True
2026-03-24 00:00:00+00:00,56.22774124145508,52.97911607742309,True,True
2026-03-25 00:00:00+00:00,57.123085021972656,53.03309684753418,True,True
2026-03-26 00:00:00+00:00,55.18317413330078,53.09082582473755,True,True
2026-03-27 00:00:00+00:00,54.91456985473633,53.136912460327146,True,True
2026-03-30 00:00:00+00:00,54.466896057128906,53.18034469604492,True,True
2026-03-31 00:00:00+00:00,56.49634552001953,53.22056718826294,True,True
2026-04-01 00:00:00+00:00,56.9340705871582,53.27054840087891,True,True
2026-04-02 00:00:00+00:00,56.29737854003906,53.3264094543457,True,True
2026-04-06 00:00:00+00:00,56.814693450927734,53.37628200531006,True,True
2026-04-07 00:00:00+00:00,57.01365661621094,53.43178157806396,True,True
2026-04-08 00:00:00+00:00,60.127471923828125,53.48832502365112,True,True
2026-04-09 00:00:00+00:00,59.968299865722656,53.56176158905029,True,True
2026-04-10 00:00:00+00:00,60.24685287475586,53.63253879547119,True,True
2026-04-13 00:00:00+00:00,60.754215240478516,53.6987749671936,True,True
2026-04-14 00:00:00+00:00,61.91816711425781,53.76735181808472,True,True
2026-04-15 00:00:00+00:00,61.87837219238281,53.84017913818359,True,True
2026-04-16 00:00:00+00:00,62.127079010009766,53.91373924255371,True,True
2026-04-17 00:00:00+00:00,63.3109245300293,53.987807273864746,True,True
2026-04-20 00:00:00+00:00,62.85330581665039,54.06735317230225,True,True
2026-04-21 00:00:00+00:00,61.9281120300293,54.14358116149902,True,True
2026-04-22 00:00:00+00:00,63.052268981933594,54.21410430908203,True,True
2026-04-23 00:00:00+00:00,62.02759552001953,54.2936319732666,True,True
2026-04-24 00:00:00+00:00,63.41040802001953,54.36656507492066,True,True
2026-04-27 00:00:00+00:00,63.3109245300293,54.44680456161499,True,True
2026-04-28 00:00:00+00:00,62.66428756713867,54.52590911865234,True,True
2026-04-29 00:00:00+00:00,62.36583709716797,54.602565116882325,True,True
2026-04-30 00:00:00+00:00,63.65911865234375,54.677385578155516,True,True
2026-05-01 00:00:00+00:00,63.79838943481445,54.75695608139038,True,True
2026-05-04 00:00:00+00:00,63.7685432434082,54.836095008850094,True,True
2026-05-05 00:00:00+00:00,65.06182861328125,54.913711605072024,True,True
2026-05-06 00:00:00+00:00,67.1410140991211,54.99833406448364,True,True
2026-05-07 00:00:00+00:00,66.24566650390625,55.09178316116333,True,True
2026-05-08 00:00:00+00:00,67.58869171142578,55.180608406066895,True,True
2026-05-11 00:00:00+00:00,67.53894805908203,55.27369680404663,True,True
2026-05-12 00:00:00+00:00,65.47965240478516,55.367860565185545,True,True
2026-05-13 00:00:00+00:00,66.86246490478516,55.452463455200196,True,True
2026-05-14 00:00:00+00:00,67.03158569335938,55.54559867858887,True,True
2026-05-15 00:00:00+00:00,64.73352813720703,55.63948143005371,True,True
2026-05-18 00:00:00+00:00,64.63404846191406,55.72363931655884,True,True
2026-05-19 00:00:00+00:00,63.9277229309082,55.80867292404175,True,True
2026-05-20 00:00:00+00:00,65.12151336669922,55.89194034576416,True,True
2026-05-21 00:00:00+00:00,65.68856811523438,55.97872472763061,True,True
2026-05-22 00:00:00+00:00,65.53933715820312,56.06765781402588,True,True
2026-05-26 00:00:00+00:00,68.04631042480469,56.15471685409546,True,True
2026-05-27 00:00:00+00:00,68.03636169433594,56.25230012893677,True,True
2026-05-28 00:00:00+00:00,68.2552261352539,56.35002983093262,True,True
2026-05-29 00:00:00+00:00,68.24527740478516,56.44954040527344,True,True
2026-06-01 00:00:00+00:00,69.7176284790039,56.54605884552002,True,True
2026-06-02 00:00:00+00:00,70.43390655517578,56.64699666976929,True,True
2026-06-03 00:00:00+00:00,69.5584487915039,56.75455633163452,True,True
2026-06-04 00:00:00+00:00,68.74269104003906,56.8574444770813,True,True
2026-06-05 00:00:00+00:00,64.25601196289062,56.95483169555664,True,True
2026-06-08 00:00:00+00:00,65.4100112915039,57.03179613113403,True,True
2026-06-09 00:00:00+00:00,65.47965240478516,57.11487384796143,True,True
2026-06-10 00:00:00+00:00,64.32565307617188,57.19883920669556,True,True
2026-06-11 00:00:00+00:00,67.15096282958984,57.27217964172363,True,True
2026-06-12 00:00:00+00:00,67.52899932861328,57.3610687828064,True,True
2026-06-15 00:00:00+00:00,69.75,57.45248559951782,True,True
2026-06-16 00:00:00+00:00,68.63999938964844,57.556478614807126,True,True
2026-06-17 00:00:00+00:00,68.55999755859375,57.65398986816406,True,True
2026-06-18 00:00:00+00:00,70.79000091552734,57.752278060913085,True,True
2026-06-22 00:00:00+00:00,71.20999908447266,57.861912441253665,True,True
2026-06-23 00:00:00+00:00,67.16999816894531,57.972715053558346,True,True
2026-06-24 00:00:00+00:00,67.25,58.06410230636597,True,True
2026-06-25 00:00:00+00:00,67.95999908447266,58.152947177886965,True,True
2026-06-26 00:00:00+00:00,67.19000244140625,58.2430862236023,True,True
2026-06-29 00:00:00+00:00,67.43000030517578,58.32800218582153,True,True
2026-06-30 00:00:00+00:00,68.41000366210938,58.41240173339844,True,True
2026-07-01 00:00:00+00:00,66.4800033569336,58.49802331924438,True,True
2026-07-02 00:00:00+00:00,65.69999694824219,58.57414203643799,True,True
2026-07-06 00:00:00+00:00,67.56999969482422,58.6444972038269,True,True
2026-07-07 00:00:00+00:00,65.72000122070312,58.722289848327634,True,True
2026-07-08 00:00:00+00:00,66.2300033569336,58.78970458984375,True,True
2026-07-09 00:00:00+00:00,66.77999877929688,58.860306854248044,True,True
2026-07-10 00:00:00+00:00,66.9000015258789,58.93424758911133,True,True
2026-07-13 00:00:00+00:00,64.5,59.007513275146486,True,True
2026-07-14 00:00:00+00:00,65.66999816894531,59.06863185882568,True,True
2026-07-15 00:00:00+00:00,65.56999969482422,59.136483135223386,True,True
2026-07-16 00:00:00+00:00,64.19000244140625,59.205354652404786,True,True
2026-07-17 00:00:00+00:00,63.290000915527344,59.26781658172607,True,True
2026-07-20 00:00:00+00:00,63.560001373291016,59.32342460632324,True,True
2026-07-21 00:00:00+00:00,65.33999633789062,59.37935277938843,True,True
2026-07-22 00:00:00+00:00,64.98999786376953,59.44212127685547,True,True
2026-07-23 00:00:00+00:00,64.5999984741211,59.50191379547119,True,True
2026-07-24 00:00:00+00:00,63.33000183105469,59.55897167205811,True,True
2026-07-27 00:00:00+00:00,63.619998931884766,59.608453559875485,True,True
